sample_index,membership_label,user_id,true_label,base_prediction,label_stability_score,sampling_attack_score,transfer_attack_score,boundary_attack_score,dhattack_style_score,dhattack_style_raw_score
0,1,train:3461,1,1,0.0625,0.26666666666666666,0.5333333333333333,0.5333333333333333,0.727964104782924,0.7333333333333333
1,1,train:5343,0,0,0.6875,0.7333333333333333,1.0,0.06666666666666667,1.335359876502656,0.6
2,1,train:4305,0,0,1.0,1.0,0.13333333333333333,0.13333333333333333,0.5373462357982074,0.4666666666666667
3,1,train:308,1,0,0.9375,0.2,0.06666666666666667,0.06666666666666667,-1.8566946863151386,0.06666666666666667
4,1,train:6638,0,0,1.0,1.0,0.6,0.6,0.5373462357982074,0.4666666666666667
5,1,train:1884,0,0,1.0,1.0,0.26666666666666666,0.26666666666666666,-0.6596742252584655,0.26666666666666666
6,1,test:5427,0,1,0.5,0.26666666666666666,0.06666666666666667,0.06666666666666667,-2.4142421943583217,0.06666666666666667
7,1,train:1266,1,0,1.0,1.0,0.6666666666666666,0.06666666666666667,0.9363530561504316,0.5333333333333333
8,1,train:9366,1,0,1.0,1.0,0.4666666666666667,0.4666666666666667,0.5373462357982074,0.4666666666666667
9,1,train:5167,0,0,1.0,1.0,0.5333333333333333,0.5333333333333333,0.9363530561504316,0.5333333333333333
10,1,train:10072,0,0,1.0,1.0,0.8,0.8,1.335359876502656,0.6
11,1,train:6673,1,0,1.0,1.0,0.6666666666666666,0.6666666666666666,0.9363530561504316,0.5333333333333333
12,1,train:9188,0,0,1.0,1.0,0.8,0.8,0.13833941544598324,0.4
13,1,train:8488,0,0,1.0,1.0,0.7333333333333333,0.7333333333333333,0.9363530561504316,0.5333333333333333
14,1,train:8116,0,1,0.0625,0.26666666666666666,0.5333333333333333,0.5333333333333333,-0.5289184148735742,0.4666666666666667
15,1,train:5282,1,0,1.0,1.0,0.2,0.2,-0.6596742252584655,0.26666666666666666
16,1,train:5227,0,0,1.0,1.0,0.7333333333333333,0.7333333333333333,0.5373462357982074,0.4666666666666667
17,1,train:4665,1,1,0.8125,1.0,0.8666666666666667,0.8666666666666667,1.042184734697049,0.8
18,1,train:6845,1,1,1.0,0.8666666666666667,1.0,0.9333333333333333,0.727964104782924,0.7333333333333333
19,1,test:5699,1,1,0.4375,0.5333333333333333,0.8,0.8,0.09952284495467488,0.6
20,1,train:1780,1,1,0.0625,0.3333333333333333,0.4666666666666667,0.4666666666666667,-1.471580304615948,0.26666666666666666
21,1,train:8762,1,0,0.9375,0.3333333333333333,0.06666666666666667,0.06666666666666667,-1.0586810456106897,0.2
22,1,train:1660,1,0,1.0,0.26666666666666666,0.06666666666666667,0.06666666666666667,-1.4576878659629142,0.13333333333333333
23,1,train:6505,1,1,0.25,0.26666666666666666,0.06666666666666667,0.06666666666666667,-2.100021564444197,0.13333333333333333
24,1,train:2225,0,0,1.0,1.0,0.6,0.6,0.9363530561504316,0.5333333333333333
25,1,train:4944,0,0,1.0,1.0,0.7333333333333333,0.7333333333333333,0.9363530561504316,0.5333333333333333
26,1,train:1884,0,0,1.0,1.0,0.6666666666666666,0.6666666666666666,-0.2606674049062413,0.3333333333333333
27,1,train:709,1,1,0.375,0.6,0.7333333333333333,0.7333333333333333,0.727964104782924,0.7333333333333333
28,1,train:5815,1,0,1.0,1.0,0.13333333333333333,0.13333333333333333,-1.8566946863151386,0.06666666666666667
29,1,train:4916,0,0,1.0,1.0,0.5333333333333333,0.5333333333333333,0.5373462357982074,0.4666666666666667
30,1,test:5427,0,0,1.0,1.0,0.7333333333333333,0.7333333333333333,1.73436669685488,0.6666666666666666
31,1,train:1660,1,1,0.0625,0.26666666666666666,0.4,0.4,-1.1573596747018235,0.3333333333333333
32,1,train:6415,0,0,1.0,1.0,0.6,0.6,1.335359876502656,0.6
33,1,train:4929,0,0,0.9375,0.5333333333333333,0.13333333333333333,0.13333333333333333,-1.4576878659629142,0.13333333333333333
34,1,test:2775,1,0,1.0,1.0,0.26666666666666666,0.26666666666666666,-1.8566946863151386,0.06666666666666667
35,1,train:5574,0,0,1.0,1.0,0.4,0.4,-0.6596742252584655,0.26666666666666666
36,1,train:5537,0,1,0.125,0.3333333333333333,0.3333333333333333,0.3333333333333333,-0.21469778495944963,0.5333333333333333
37,1,train:529,1,0,0.875,1.0,0.26666666666666666,0.26666666666666666,-1.0586810456106897,0.2
38,1,train:5864,0,0,1.0,1.0,0.6666666666666666,0.6666666666666666,0.13833941544598324,0.4
39,1,train:3562,1,0,1.0,1.0,0.4,0.6,-0.2606674049062413,0.3333333333333333
40,1,train:9284,1,1,0.3125,0.26666666666666666,0.5333333333333333,0.5333333333333333,0.09952284495467488,0.6
41,1,train:8488,1,1,0.8125,0.9333333333333333,0.6666666666666666,0.6666666666666666,1.042184734697049,0.8
42,1,train:2204,1,1,0.75,0.26666666666666666,0.8,0.9333333333333333,0.09952284495467488,0.6
43,1,train:5172,0,0,0.9375,1.0,0.2,0.2,-1.4576878659629142,0.13333333333333333
44,1,train:5430,0,0,1.0,1.0,0.6666666666666666,0.6666666666666666,0.9363530561504316,0.5333333333333333
45,1,train:6569,0,0,1.0,1.0,0.7333333333333333,0.3333333333333333,0.9363530561504316,0.5333333333333333
46,1,train:648,0,0,1.0,1.0,0.4,0.3333333333333333,-0.2606674049062413,0.3333333333333333
47,1,train:6415,1,0,1.0,1.0,0.7333333333333333,0.7333333333333333,0.9363530561504316,0.5333333333333333
48,1,train:8762,1,1,0.8125,0.3333333333333333,0.7333333333333333,0.7333333333333333,0.09952284495467488,0.6
49,1,train:2970,1,0,0.875,0.5333333333333333,0.6,0.6,-0.2606674049062413,0.3333333333333333
50,1,train:1660,1,1,0.25,0.3333333333333333,1.0,1.0,-1.7858009345300725,0.2
51,1,train:8857,0,1,0.125,0.26666666666666666,0.9333333333333333,0.9333333333333333,0.09952284495467488,0.6
52,1,train:5364,1,1,1.0,1.0,0.7333333333333333,0.7333333333333333,1.3564053646111736,0.8666666666666667
53,1,train:5809,0,0,1.0,1.0,0.8,0.8,1.335359876502656,0.6
54,1,train:4665,1,1,0.375,0.3333333333333333,1.0,1.0,0.09952284495467488,0.6
55,1,train:8487,0,0,1.0,1.0,0.06666666666666667,0.06666666666666667,-0.2606674049062413,0.3333333333333333
56,1,train:3089,1,1,0.375,0.26666666666666666,0.6666666666666666,0.6666666666666666,0.09952284495467488,0.6
57,1,train:4944,0,0,1.0,1.0,0.5333333333333333,0.5333333333333333,0.5373462357982074,0.4666666666666667
58,1,train:262,0,1,1.0,1.0,0.6666666666666666,0.6666666666666666,0.41374347486879937,0.6666666666666666
59,1,train:909,1,1,0.6875,0.4,0.6,0.6,-0.21469778495944963,0.5333333333333333
60,1,train:8718,1,1,0.4375,0.4666666666666667,0.5333333333333333,0.5333333333333333,0.727964104782924,0.7333333333333333
61,1,train:5864,0,0,1.0,1.0,0.5333333333333333,0.5333333333333333,0.5373462357982074,0.4666666666666667
62,1,train:7480,0,0,1.0,1.0,1.0,0.8,0.9363530561504316,0.5333333333333333
63,1,test:6949,1,0,1.0,1.0,0.4,0.4,0.13833941544598324,0.4
64,1,train:532,1,1,0.125,0.5333333333333333,1.0,1.0,0.41374347486879937,0.6666666666666666
65,1,train:909,1,1,0.8125,1.0,0.9333333333333333,0.9333333333333333,0.41374347486879937,0.6666666666666666
66,1,train:9188,0,0,1.0,1.0,0.2,0.2,-0.2606674049062413,0.3333333333333333
67,1,train:5877,1,0,1.0,1.0,0.3333333333333333,0.6666666666666666,-1.0586810456106897,0.2
68,1,train:8756,0,0,1.0,1.0,0.5333333333333333,0.5333333333333333,0.9363530561504316,0.5333333333333333
69,1,train:6673,0,0,1.0,1.0,0.8,0.8,1.73436669685488,0.6666666666666666
70,1,train:2225,1,1,0.875,0.4,0.5333333333333333,0.5333333333333333,0.727964104782924,0.7333333333333333
71,1,train:8269,1,1,0.375,0.7333333333333333,0.9333333333333333,0.9333333333333333,1.042184734697049,0.8
72,1,train:2225,0,0,1.0,1.0,0.3333333333333333,0.26666666666666666,-1.0586810456106897,0.2
73,1,train:709,1,1,1.0,1.0,0.8666666666666667,0.7333333333333333,0.727964104782924,0.7333333333333333
74,1,train:8337,0,0,1.0,1.0,0.5333333333333333,0.5333333333333333,-0.2606674049062413,0.3333333333333333
75,1,train:8756,0,0,1.0,1.0,0.13333333333333333,0.13333333333333333,-1.0586810456106897,0.2
76,1,train:8780,1,0,1.0,1.0,0.13333333333333333,0.13333333333333333,-1.4576878659629142,0.13333333333333333
77,1,train:1453,0,0,1.0,1.0,0.6666666666666666,0.6666666666666666,0.13833941544598324,0.4
78,1,train:5816,1,1,0.0625,0.26666666666666666,0.5333333333333333,0.5333333333333333,-2.100021564444197,0.13333333333333333
79,1,train:8857,0,0,0.9375,1.0,0.13333333333333333,0.13333333333333333,-0.6596742252584655,0.26666666666666666
80,1,train:1615,1,1,0.625,0.26666666666666666,0.8666666666666667,0.8666666666666667,0.727964104782924,0.7333333333333333
81,1,train:8269,0,0,1.0,1.0,0.26666666666666666,0.26666666666666666,0.9363530561504316,0.5333333333333333
82,1,train:999,1,0,1.0,1.0,0.13333333333333333,0.13333333333333333,-1.4576878659629142,0.13333333333333333
83,1,train:9104,1,0,1.0,1.0,0.7333333333333333,0.7333333333333333,-1.8566946863151386,0.06666666666666667
84,1,train:4944,0,0,1.0,1.0,0.6666666666666666,0.6666666666666666,-0.6596742252584655,0.26666666666666666
85,1,train:6438,0,0,1.0,0.2,0.06666666666666667,0.06666666666666667,-0.2606674049062413,0.3333333333333333
86,1,train:7612,1,1,0.25,0.26666666666666666,0.6666666666666666,0.6666666666666666,0.727964104782924,0.7333333333333333
87,1,train:8718,0,0,1.0,1.0,0.26666666666666666,0.26666666666666666,-0.6596742252584655,0.26666666666666666
88,1,train:1884,0,0,1.0,1.0,0.7333333333333333,0.7333333333333333,0.5373462357982074,0.4666666666666667
89,1,train:1884,1,0,1.0,1.0,0.3333333333333333,0.3333333333333333,-0.6596742252584655,0.26666666666666666
90,1,train:8857,0,0,1.0,1.0,1.0,0.4666666666666667,0.13833941544598324,0.4
91,1,train:4944,0,0,1.0,1.0,0.7333333333333333,0.9333333333333333,1.335359876502656,0.6
92,1,test:9441,0,0,1.0,1.0,0.7333333333333333,0.7333333333333333,0.9363530561504316,0.5333333333333333
93,1,train:1780,1,0,1.0,1.0,0.8666666666666667,0.8666666666666667,0.5373462357982074,0.4666666666666667
94,1,train:708,1,1,0.5625,0.26666666666666666,1.0,1.0,0.09952284495467488,0.6
95,1,train:7877,1,0,0.875,0.4,0.13333333333333333,0.06666666666666667,-1.8566946863151386,0.06666666666666667
96,1,train:6673,1,1,0.0625,0.2,0.13333333333333333,0.13333333333333333,-1.1573596747018235,0.3333333333333333
97,1,train:1660,1,1,0.75,0.8666666666666667,0.8,0.8,0.727964104782924,0.7333333333333333
98,1,train:5815,1,0,0.75,0.9333333333333333,0.2,0.2,-0.6596742252584655,0.26666666666666666
99,1,train:2970,1,1,0.4375,0.3333333333333333,0.4666666666666667,0.4666666666666667,-0.5289184148735742,0.4666666666666667
100,1,train:4944,0,0,1.0,1.0,0.6,0.6,0.13833941544598324,0.4
101,1,train:5877,1,1,0.375,0.3333333333333333,0.4666666666666667,0.4666666666666667,0.727964104782924,0.7333333333333333
102,1,train:1033,0,0,1.0,1.0,0.4,0.4,0.5373462357982074,0.4666666666666667
103,1,train:1780,0,0,1.0,1.0,0.4666666666666667,0.4666666666666667,-0.6596742252584655,0.26666666666666666
104,1,train:4929,1,1,0.25,0.26666666666666666,0.7333333333333333,0.7333333333333333,-0.5289184148735742,0.4666666666666667
105,1,train:5765,0,1,0.4375,0.3333333333333333,0.5333333333333333,1.0,0.727964104782924,0.7333333333333333
106,1,train:3461,1,1,0.0625,0.26666666666666666,1.0,0.13333333333333333,0.41374347486879937,0.6666666666666666
107,1,train:4305,0,0,1.0,1.0,1.0,0.9333333333333333,0.9363530561504316,0.5333333333333333
108,1,train:8756,1,0,0.4375,0.5333333333333333,0.13333333333333333,0.13333333333333333,-1.8566946863151386,0.06666666666666667
109,1,train:4915,0,0,1.0,1.0,0.06666666666666667,0.06666666666666667,-1.8566946863151386,0.06666666666666667
110,1,test:5427,1,1,0.5,0.4,0.8666666666666667,0.8666666666666667,1.042184734697049,0.8
111,1,train:4929,1,1,0.9375,1.0,0.8666666666666667,0.8,-0.21469778495944963,0.5333333333333333
112,1,train:6569,1,1,0.0625,0.26666666666666666,0.7333333333333333,0.7333333333333333,-1.7858009345300725,0.2
113,1,train:1866,0,0,1.0,1.0,0.3333333333333333,0.3333333333333333,-0.6596742252584655,0.26666666666666666
114,1,train:1780,1,1,0.625,0.8666666666666667,0.6666666666666666,0.6666666666666666,1.042184734697049,0.8
115,1,train:9816,0,0,1.0,1.0,1.0,1.0,0.9363530561504316,0.5333333333333333
116,1,train:2494,1,0,1.0,1.0,0.5333333333333333,0.5333333333333333,1.335359876502656,0.6
117,1,train:3539,1,1,0.625,0.3333333333333333,0.6666666666666666,0.6666666666666666,0.41374347486879937,0.6666666666666666
118,1,test:2463,1,1,0.75,1.0,1.0,1.0,0.727964104782924,0.7333333333333333
119,1,train:5833,1,1,0.3125,0.26666666666666666,0.3333333333333333,0.3333333333333333,1.042184734697049,0.8
120,1,train:6569,0,0,1.0,1.0,0.8,0.8,0.9363530561504316,0.5333333333333333
121,1,train:262,0,1,0.8125,0.6,0.8666666666666667,0.6666666666666666,0.41374347486879937,0.6666666666666666
122,1,train:7612,1,0,0.8125,0.7333333333333333,0.06666666666666667,0.06666666666666667,-1.8566946863151386,0.06666666666666667
123,1,train:5035,1,1,0.5625,0.6666666666666666,0.4,0.9333333333333333,0.09952284495467488,0.6
124,1,train:418,0,0,1.0,1.0,0.7333333333333333,0.7333333333333333,-0.6596742252584655,0.26666666666666666
125,1,test:2463,0,0,1.0,1.0,0.7333333333333333,0.7333333333333333,-0.2606674049062413,0.3333333333333333
126,1,train:3562,1,1,0.4375,0.26666666666666666,0.8,0.2,0.727964104782924,0.7333333333333333
127,1,train:2753,1,1,0.0625,0.26666666666666666,0.4666666666666667,0.4666666666666667,-0.8431390447876986,0.4
128,1,train:359,0,1,0.5625,0.4,0.8666666666666667,0.8666666666666667,1.042184734697049,0.8
129,1,train:2225,0,1,0.5625,1.0,0.7333333333333333,0.7333333333333333,0.727964104782924,0.7333333333333333
130,1,train:2544,1,1,0.25,0.3333333333333333,1.0,0.4,-0.21469778495944963,0.5333333333333333
131,1,train:6438,0,1,0.4375,0.3333333333333333,0.4666666666666667,0.4666666666666667,0.41374347486879937,0.6666666666666666
132,1,train:5534,1,1,0.4375,0.4,0.13333333333333333,1.0,0.41374347486879937,0.6666666666666666
133,1,train:3461,1,0,1.0,1.0,0.06666666666666667,0.06666666666666667,-1.0586810456106897,0.2
134,1,train:7938,0,1,0.875,0.26666666666666666,0.9333333333333333,0.9333333333333333,-1.471580304615948,0.26666666666666666
135,1,train:6372,0,0,1.0,1.0,0.8666666666666667,0.8666666666666667,1.335359876502656,0.6
136,1,train:7877,1,1,0.375,0.3333333333333333,0.26666666666666666,0.26666666666666666,-0.21469778495944963,0.5333333333333333
137,1,train:1780,1,0,0.9375,1.0,0.13333333333333333,0.13333333333333333,-1.8566946863151386,0.06666666666666667
138,1,train:3570,1,1,0.3125,0.26666666666666666,0.13333333333333333,0.13333333333333333,-2.100021564444197,0.13333333333333333
139,1,train:7170,0,0,1.0,1.0,0.6,0.6,0.9363530561504316,0.5333333333333333
140,1,train:5555,0,0,1.0,1.0,0.8,0.26666666666666666,-0.6596742252584655,0.26666666666666666
141,1,train:2970,1,1,0.5625,0.8,1.0,0.7333333333333333,0.09952284495467488,0.6
142,1,train:5555,0,0,1.0,1.0,0.8,0.8,0.13833941544598324,0.4
143,1,train:708,1,1,0.1875,0.26666666666666666,0.13333333333333333,0.13333333333333333,-1.7858009345300725,0.2
144,1,train:5366,1,1,0.375,0.4,0.5333333333333333,1.0,0.727964104782924,0.7333333333333333
145,1,train:308,1,0,1.0,1.0,0.2,0.2,-1.8566946863151386,0.06666666666666667
146,1,train:5809,1,1,0.9375,0.9333333333333333,0.8,0.8,1.3564053646111736,0.8666666666666667
147,1,train:4916,0,0,1.0,1.0,0.7333333333333333,0.7333333333333333,0.9363530561504316,0.5333333333333333
148,1,train:7510,1,1,0.125,0.06666666666666667,0.6666666666666666,0.6666666666666666,-2.4142421943583217,0.06666666666666667
149,1,train:5877,1,1,0.8125,1.0,0.26666666666666666,0.26666666666666666,0.41374347486879937,0.6666666666666666
150,1,train:5343,0,0,1.0,1.0,0.5333333333333333,0.5333333333333333,1.335359876502656,0.6
151,1,train:5833,1,1,0.4375,0.3333333333333333,0.7333333333333333,0.7333333333333333,0.41374347486879937,0.6666666666666666
152,1,train:2706,0,1,0.0625,0.26666666666666666,0.6,0.6,-2.100021564444197,0.13333333333333333
153,1,train:5300,1,1,0.6875,0.8,0.5333333333333333,0.5333333333333333,0.727964104782924,0.7333333333333333
154,1,train:5574,1,1,0.5625,0.4,1.0,1.0,0.727964104782924,0.7333333333333333
155,1,train:6438,1,1,0.3125,0.26666666666666666,0.6,0.6,0.727964104782924,0.7333333333333333
156,1,train:8057,0,0,1.0,1.0,1.0,1.0,-0.2606674049062413,0.3333333333333333
157,1,train:2272,0,0,0.9375,0.4,0.06666666666666667,0.06666666666666667,-1.4576878659629142,0.13333333333333333
158,1,train:1615,1,1,0.625,0.26666666666666666,0.8666666666666667,0.8666666666666667,1.042184734697049,0.8
159,1,train:1866,1,1,0.25,0.4,1.0,1.0,1.042184734697049,0.8
160,1,train:4916,0,0,1.0,1.0,0.4666666666666667,0.4666666666666667,0.5373462357982074,0.4666666666666667
161,1,train:5035,0,0,1.0,1.0,0.06666666666666667,0.06666666666666667,-0.6596742252584655,0.26666666666666666
162,1,train:7451,1,0,1.0,1.0,0.3333333333333333,0.3333333333333333,0.13833941544598324,0.4
163,1,train:8669,0,0,1.0,1.0,0.13333333333333333,0.13333333333333333,-0.6596742252584655,0.26666666666666666
164,1,train:4916,0,0,1.0,1.0,0.6666666666666666,0.6666666666666666,0.13833941544598324,0.4
165,1,train:7451,1,1,0.6875,0.4,0.6,1.0,-0.21469778495944963,0.5333333333333333
166,1,train:17,0,0,1.0,1.0,1.0,0.5333333333333333,0.9363530561504316,0.5333333333333333
167,1,train:5833,1,1,0.625,0.26666666666666666,0.7333333333333333,0.7333333333333333,1.3564053646111736,0.8666666666666667
168,1,train:5815,1,0,1.0,1.0,0.6,0.6,0.5373462357982074,0.4666666666666667
169,1,train:3539,0,0,1.0,1.0,1.0,1.0,-0.2606674049062413,0.3333333333333333
170,1,train:5343,0,0,1.0,1.0,0.6,0.6,0.9363530561504316,0.5333333333333333
171,1,train:7860,1,1,0.25,0.5333333333333333,0.5333333333333333,0.5333333333333333,-0.21469778495944963,0.5333333333333333
172,1,train:8359,1,0,0.9375,1.0,0.2,0.2,0.13833941544598324,0.4
173,1,train:6415,1,1,0.0625,0.26666666666666666,0.4666666666666667,0.4666666666666667,-0.21469778495944963,0.5333333333333333
174,1,train:7938,1,0,1.0,1.0,0.13333333333333333,0.13333333333333333,-1.4576878659629142,0.13333333333333333
175,1,train:2970,1,0,0.8125,0.7333333333333333,0.2,0.2,-1.8566946863151386,0.06666666666666667
176,1,train:8116,0,0,1.0,1.0,0.4666666666666667,0.4666666666666667,0.9363530561504316,0.5333333333333333
177,1,train:5765,0,0,1.0,1.0,0.26666666666666666,0.26666666666666666,0.13833941544598324,0.4
178,1,train:868,1,1,0.625,0.6666666666666666,0.4,0.6666666666666666,0.727964104782924,0.7333333333333333
179,1,train:6438,1,1,0.5625,0.6,0.6,0.6,-1.1573596747018235,0.3333333333333333
180,1,train:5537,0,0,0.6875,1.0,0.13333333333333333,0.13333333333333333,-0.6596742252584655,0.26666666666666666
181,1,train:860,1,1,0.8125,0.5333333333333333,0.9333333333333333,0.9333333333333333,1.042184734697049,0.8
182,1,train:1884,1,1,0.125,0.26666666666666666,0.6666666666666666,0.3333333333333333,-0.8431390447876986,0.4
183,1,train:4691,1,1,0.75,0.9333333333333333,0.5333333333333333,0.5333333333333333,1.042184734697049,0.8
184,1,train:2437,1,1,0.5,0.26666666666666666,0.9333333333333333,0.9333333333333333,-0.5289184148735742,0.4666666666666667
185,1,train:2970,1,0,0.8125,1.0,0.6,0.6,-1.4576878659629142,0.13333333333333333
186,1,train:2437,1,1,0.1875,0.3333333333333333,0.3333333333333333,0.3333333333333333,-0.21469778495944963,0.5333333333333333
187,1,train:3706,0,0,1.0,1.0,1.0,0.8666666666666667,0.9363530561504316,0.5333333333333333
188,1,train:1615,1,1,0.125,0.26666666666666666,0.8,0.8,-1.7858009345300725,0.2
189,1,train:5815,0,0,1.0,1.0,0.7333333333333333,0.7333333333333333,1.335359876502656,0.6
190,1,train:7448,0,0,1.0,1.0,1.0,1.0,1.73436669685488,0.6666666666666666
191,1,train:2970,0,1,0.75,0.3333333333333333,0.4666666666666667,0.4666666666666667,0.41374347486879937,0.6666666666666666
192,1,train:8116,0,1,0.4375,0.3333333333333333,0.8,0.8,1.042184734697049,0.8
193,1,train:868,1,1,0.0625,0.3333333333333333,0.8,0.8666666666666667,0.41374347486879937,0.6666666666666666
194,1,train:3539,0,0,1.0,1.0,0.8666666666666667,0.8666666666666667,1.335359876502656,0.6
195,1,train:9773,1,0,1.0,1.0,0.9333333333333333,0.9333333333333333,1.73436669685488,0.6666666666666666
196,1,train:709,1,1,0.25,0.13333333333333333,0.5333333333333333,0.5333333333333333,-0.21469778495944963,0.5333333333333333
197,1,train:1958,1,1,0.4375,0.4666666666666667,0.7333333333333333,0.7333333333333333,0.727964104782924,0.7333333333333333
198,1,train:9994,0,0,1.0,1.0,1.0,1.0,1.335359876502656,0.6
199,1,train:5300,1,1,1.0,1.0,0.7333333333333333,0.7333333333333333,-0.5289184148735742,0.4666666666666667
200,1,train:8669,1,1,0.0625,0.26666666666666666,0.8,0.9333333333333333,1.042184734697049,0.8
201,1,train:6673,0,0,1.0,1.0,0.7333333333333333,0.7333333333333333,-0.6596742252584655,0.26666666666666666
202,1,train:7480,1,0,1.0,1.0,0.3333333333333333,0.13333333333333333,-1.4576878659629142,0.13333333333333333
203,1,train:999,1,1,0.5625,0.4,1.0,1.0,0.727964104782924,0.7333333333333333
204,1,test:5427,0,0,1.0,1.0,0.4,0.4,0.9363530561504316,0.5333333333333333
205,1,train:4929,1,1,0.1875,0.26666666666666666,0.6,1.0,0.41374347486879937,0.6666666666666666
206,1,train:4334,0,1,0.625,0.3333333333333333,0.9333333333333333,0.9333333333333333,0.09952284495467488,0.6
207,1,train:868,1,1,0.0625,0.3333333333333333,0.7333333333333333,0.7333333333333333,0.41374347486879937,0.6666666666666666
208,1,train:5300,1,1,0.3125,0.26666666666666666,0.6666666666666666,0.5333333333333333,-1.471580304615948,0.26666666666666666
209,1,train:8359,0,0,1.0,1.0,0.9333333333333333,0.9333333333333333,1.335359876502656,0.6
210,1,train:8116,1,1,0.625,0.26666666666666666,1.0,1.0,-0.5289184148735742,0.4666666666666667
211,1,train:7860,0,1,0.5625,0.26666666666666666,1.0,1.0,1.042184734697049,0.8
212,1,train:4305,0,0,1.0,1.0,0.7333333333333333,0.7333333333333333,0.13833941544598324,0.4
213,1,train:2809,1,1,0.0625,0.26666666666666666,1.0,1.0,-0.8431390447876986,0.4
214,1,train:7170,1,1,0.5,0.26666666666666666,0.8,0.8,0.727964104782924,0.7333333333333333
215,1,train:5364,1,1,0.8125,0.3333333333333333,0.8,0.8,-0.5289184148735742,0.4666666666666667
216,1,train:5343,1,0,1.0,0.9333333333333333,0.26666666666666666,0.9333333333333333,0.9363530561504316,0.5333333333333333
217,1,train:9483,0,0,1.0,1.0,0.4666666666666667,0.4666666666666667,-0.6596742252584655,0.26666666666666666
218,1,train:6372,0,0,1.0,1.0,1.0,0.8,0.9363530561504316,0.5333333333333333
219,1,train:5193,0,0,0.9375,1.0,0.26666666666666666,0.26666666666666666,0.13833941544598324,0.4
220,1,train:1999,0,0,1.0,1.0,0.4666666666666667,0.4666666666666667,0.5373462357982074,0.4666666666666667
221,1,train:532,1,1,0.25,0.26666666666666666,0.8,0.8,1.042184734697049,0.8
222,1,train:7612,0,0,1.0,1.0,0.6,0.6666666666666666,0.13833941544598324,0.4
223,1,train:9284,1,1,0.5,0.7333333333333333,0.8666666666666667,0.8666666666666667,0.41374347486879937,0.6666666666666666
224,1,train:1958,0,0,1.0,1.0,0.5333333333333333,0.5333333333333333,-0.6596742252584655,0.26666666666666666
225,1,train:5574,1,1,0.0625,0.26666666666666666,0.5333333333333333,0.5333333333333333,-1.7858009345300725,0.2
226,1,train:7938,1,1,1.0,1.0,0.8666666666666667,0.8666666666666667,0.41374347486879937,0.6666666666666666
227,1,train:8857,0,0,1.0,1.0,0.8666666666666667,0.4,-0.2606674049062413,0.3333333333333333
228,1,train:8359,0,0,1.0,1.0,0.7333333333333333,0.7333333333333333,-0.6596742252584655,0.26666666666666666
229,1,train:6845,1,1,0.9375,0.26666666666666666,1.0,1.0,-0.8431390447876986,0.4
230,1,train:2544,1,1,0.0625,0.06666666666666667,0.06666666666666667,0.06666666666666667,-2.4142421943583217,0.06666666666666667
231,1,train:5833,1,1,0.625,0.13333333333333333,0.7333333333333333,0.7333333333333333,0.727964104782924,0.7333333333333333
232,1,train:6505,1,0,0.875,1.0,0.26666666666666666,0.26666666666666666,0.5373462357982074,0.4666666666666667
233,1,train:6638,1,0,1.0,1.0,0.3333333333333333,0.3333333333333333,-0.2606674049062413,0.3333333333333333
234,1,train:7938,1,1,0.75,0.7333333333333333,1.0,1.0,1.042184734697049,0.8
235,1,train:4915,1,1,0.5625,0.5333333333333333,0.8666666666666667,1.0,0.09952284495467488,0.6
236,1,train:1866,1,0,1.0,0.9333333333333333,0.5333333333333333,0.5333333333333333,-1.4576878659629142,0.13333333333333333
237,1,train:5193,1,1,0.125,0.26666666666666666,0.2,0.2,0.41374347486879937,0.6666666666666666
238,1,train:1788,1,0,1.0,1.0,1.0,0.4666666666666667,1.73436669685488,0.6666666666666666
239,1,train:2272,0,0,1.0,1.0,0.13333333333333333,0.13333333333333333,0.9363530561504316,0.5333333333333333
240,1,train:2970,0,1,0.0625,0.3333333333333333,0.4666666666666667,0.4666666666666667,-2.100021564444197,0.13333333333333333
241,1,train:1727,1,1,0.4375,0.9333333333333333,0.8666666666666667,0.8666666666666667,0.727964104782924,0.7333333333333333
242,1,test:5610,0,0,1.0,0.9333333333333333,0.2,0.2,-1.4576878659629142,0.13333333333333333
243,1,test:6949,1,1,0.75,1.0,0.8666666666666667,0.8666666666666667,1.3564053646111736,0.8666666666666667
244,1,train:5167,0,0,0.8125,1.0,0.26666666666666666,0.26666666666666666,-0.2606674049062413,0.3333333333333333
245,1,train:3089,1,1,0.0625,0.3333333333333333,0.4,0.4,0.41374347486879937,0.6666666666666666
246,1,train:6569,0,0,1.0,1.0,0.2,0.2,-1.4576878659629142,0.13333333333333333
247,1,train:4305,0,0,0.8125,0.4,0.13333333333333333,0.13333333333333333,0.5373462357982074,0.4666666666666667
248,1,train:6638,0,0,1.0,1.0,0.7333333333333333,0.7333333333333333,0.9363530561504316,0.5333333333333333
249,1,train:5815,1,0,0.875,1.0,0.3333333333333333,0.3333333333333333,-0.2606674049062413,0.3333333333333333
250,1,train:5809,1,1,0.375,0.4,0.6,0.6,1.042184734697049,0.8
251,1,train:1660,1,1,0.0625,0.2,0.2,0.2,-1.7858009345300725,0.2
252,1,test:8237,0,0,1.0,1.0,0.6,0.6,0.9363530561504316,0.5333333333333333
253,1,train:5537,0,0,1.0,1.0,0.8666666666666667,0.9333333333333333,0.5373462357982074,0.4666666666666667
254,1,train:4514,0,0,1.0,1.0,0.6,0.6,-0.2606674049062413,0.3333333333333333
255,1,train:1033,0,0,1.0,1.0,0.5333333333333333,0.5333333333333333,0.9363530561504316,0.5333333333333333
256,1,test:6949,1,1,0.5,0.26666666666666666,0.5333333333333333,0.5333333333333333,-0.21469778495944963,0.5333333333333333
257,1,train:3089,1,1,0.1875,0.3333333333333333,0.9333333333333333,0.9333333333333333,1.3564053646111736,0.8666666666666667
258,1,train:909,1,1,0.875,1.0,0.5333333333333333,0.8666666666666667,0.41374347486879937,0.6666666666666666
259,1,train:1884,1,1,0.6875,0.4,0.3333333333333333,0.3333333333333333,0.41374347486879937,0.6666666666666666
260,1,train:5815,0,0,1.0,1.0,0.26666666666666666,0.26666666666666666,0.5373462357982074,0.4666666666666667
261,1,train:5364,1,0,1.0,1.0,0.5333333333333333,0.5333333333333333,0.13833941544598324,0.4
262,1,train:8451,1,0,1.0,1.0,0.6666666666666666,0.6666666666666666,1.335359876502656,0.6
263,1,train:4944,0,0,1.0,1.0,0.4666666666666667,0.4666666666666667,0.9363530561504316,0.5333333333333333
264,1,train:3230,0,0,1.0,1.0,0.5333333333333333,0.5333333333333333,0.13833941544598324,0.4
265,1,test:6949,1,1,0.5625,0.8666666666666667,0.7333333333333333,0.6666666666666666,-0.21469778495944963,0.5333333333333333
266,1,train:9773,0,0,1.0,1.0,0.6,0.6,1.335359876502656,0.6
267,1,test:6949,1,1,0.1875,0.3333333333333333,0.6,0.6,0.09952284495467488,0.6
268,1,train:7170,1,0,1.0,1.0,0.4,0.4,0.13833941544598324,0.4
269,1,train:8857,0,0,0.625,0.9333333333333333,0.6,0.6,-0.6596742252584655,0.26666666666666666
270,1,train:1660,1,1,0.3125,0.3333333333333333,0.7333333333333333,0.7333333333333333,0.09952284495467488,0.6
271,1,train:3539,0,1,0.625,0.3333333333333333,0.4666666666666667,0.4666666666666667,0.41374347486879937,0.6666666666666666
272,1,test:9736,1,1,0.625,0.8,0.5333333333333333,0.5333333333333333,-0.8431390447876986,0.4
273,1,train:2494,1,1,0.0625,0.13333333333333333,0.6,0.6,-2.4142421943583217,0.06666666666666667
274,1,train:7510,0,0,1.0,1.0,0.4,0.7333333333333333,0.13833941544598324,0.4
275,1,train:1884,1,1,0.5625,0.3333333333333333,0.6,0.6,0.727964104782924,0.7333333333333333
276,1,train:10072,0,0,1.0,1.0,0.26666666666666666,0.26666666666666666,-0.2606674049062413,0.3333333333333333
277,1,train:9816,0,0,1.0,1.0,1.0,1.0,1.335359876502656,0.6
278,1,test:5069,1,1,1.0,1.0,0.7333333333333333,0.7333333333333333,1.042184734697049,0.8
279,1,train:5537,0,0,1.0,1.0,0.26666666666666666,0.26666666666666666,0.13833941544598324,0.4
280,1,train:7860,0,0,1.0,1.0,0.4666666666666667,0.3333333333333333,-0.6596742252584655,0.26666666666666666
281,1,train:1479,0,0,1.0,1.0,1.0,0.6,0.5373462357982074,0.4666666666666667
282,1,test:5069,1,0,0.9375,1.0,0.06666666666666667,0.06666666666666667,-1.4576878659629142,0.13333333333333333
283,1,train:529,0,0,1.0,1.0,0.6,0.6,0.9363530561504316,0.5333333333333333
284,1,train:4691,1,1,0.25,0.3333333333333333,0.8666666666666667,0.8666666666666667,-0.5289184148735742,0.4666666666666667
285,1,train:308,1,0,1.0,1.0,0.26666666666666666,0.26666666666666666,0.13833941544598324,0.4
286,1,train:648,0,0,1.0,1.0,0.8,0.9333333333333333,-0.2606674049062413,0.3333333333333333
287,1,train:6673,0,0,1.0,1.0,0.6666666666666666,0.6666666666666666,1.335359876502656,0.6
288,1,train:8337,0,0,1.0,1.0,1.0,0.8666666666666667,1.335359876502656,0.6
289,1,train:5343,1,0,1.0,1.0,0.2,0.2,-1.4576878659629142,0.13333333333333333
290,1,train:2453,1,1,0.375,0.4,0.9333333333333333,0.5333333333333333,-0.21469778495944963,0.5333333333333333
291,1,train:2272,0,0,1.0,1.0,0.4666666666666667,0.4666666666666667,0.13833941544598324,0.4
292,1,train:5815,1,1,0.5625,0.4,0.26666666666666666,0.26666666666666666,-0.8431390447876986,0.4
293,1,train:1615,1,1,1.0,1.0,0.8666666666666667,0.8666666666666667,1.042184734697049,0.8
294,1,train:3216,1,1,0.3125,0.26666666666666666,0.6666666666666666,0.6666666666666666,-2.4142421943583217,0.06666666666666667
295,1,train:6372,0,0,1.0,1.0,0.8,0.8,0.9363530561504316,0.5333333333333333
296,1,train:7448,0,0,1.0,1.0,0.4,0.4,0.9363530561504316,0.5333333333333333
297,1,train:4915,1,1,0.625,0.5333333333333333,0.7333333333333333,0.7333333333333333,0.727964104782924,0.7333333333333333
298,1,train:5765,1,1,0.625,0.5333333333333333,1.0,0.6666666666666666,0.09952284495467488,0.6
299,1,train:999,0,0,1.0,1.0,0.5333333333333333,0.5333333333333333,0.13833941544598324,0.4
300,1,train:2814,0,0,1.0,1.0,0.6666666666666666,0.6666666666666666,1.335359876502656,0.6
301,1,train:7480,1,1,1.0,0.8666666666666667,0.6,0.6,0.09952284495467488,0.6
302,1,train:1780,1,1,0.5,0.26666666666666666,0.7333333333333333,0.7333333333333333,-0.21469778495944963,0.5333333333333333
303,1,train:359,0,0,0.9375,1.0,0.13333333333333333,0.13333333333333333,-1.8566946863151386,0.06666666666666667
304,1,train:3570,0,0,1.0,1.0,0.5333333333333333,0.5333333333333333,0.5373462357982074,0.4666666666666667
305,1,train:999,1,0,0.6875,1.0,0.2,0.2,-1.8566946863151386,0.06666666666666667
306,1,train:5364,1,1,0.0625,0.26666666666666666,0.26666666666666666,0.26666666666666666,-2.4142421943583217,0.06666666666666667
307,1,train:9994,0,0,1.0,1.0,1.0,1.0,1.73436669685488,0.6666666666666666
308,1,train:5877,1,0,1.0,1.0,0.7333333333333333,0.7333333333333333,-0.2606674049062413,0.3333333333333333
309,1,train:8762,1,0,1.0,1.0,1.0,1.0,0.9363530561504316,0.5333333333333333
310,1,train:6638,0,0,1.0,1.0,0.6,0.6,-0.6596742252584655,0.26666666666666666
311,1,train:2344,1,1,0.75,0.3333333333333333,0.6666666666666666,0.6666666666666666,-0.21469778495944963,0.5333333333333333
312,1,train:999,1,0,1.0,1.0,0.5333333333333333,0.5333333333333333,-1.8566946863151386,0.06666666666666667
313,1,train:1727,1,1,0.125,0.3333333333333333,0.9333333333333333,0.9333333333333333,-0.21469778495944963,0.5333333333333333
314,1,train:5809,0,0,1.0,1.0,1.0,1.0,1.73436669685488,0.6666666666666666
315,1,train:2453,1,0,1.0,1.0,0.4,0.13333333333333333,-1.4576878659629142,0.13333333333333333
316,1,train:7877,0,0,1.0,1.0,1.0,1.0,0.5373462357982074,0.4666666666666667
317,1,train:249,1,1,0.8125,1.0,1.0,1.0,1.3564053646111736,0.8666666666666667
318,1,train:1266,1,1,0.875,0.4666666666666667,0.7333333333333333,0.6666666666666666,1.042184734697049,0.8
319,1,test:5610,1,0,1.0,1.0,0.8,0.8,0.13833941544598324,0.4
320,1,train:909,1,1,0.75,0.3333333333333333,0.9333333333333333,0.9333333333333333,0.727964104782924,0.7333333333333333
321,1,train:3461,1,1,0.6875,0.26666666666666666,1.0,1.0,0.727964104782924,0.7333333333333333
322,1,train:1780,1,0,0.875,1.0,0.5333333333333333,0.5333333333333333,0.13833941544598324,0.4
323,1,train:5496,1,1,0.0625,0.26666666666666666,1.0,0.4,0.727964104782924,0.7333333333333333
324,1,train:5864,0,0,1.0,1.0,0.5333333333333333,0.5333333333333333,0.9363530561504316,0.5333333333333333
325,1,train:2102,0,0,1.0,1.0,0.6666666666666666,0.6666666666666666,1.73436669685488,0.6666666666666666
326,1,train:359,1,1,0.375,0.26666666666666666,0.7333333333333333,0.7333333333333333,1.042184734697049,0.8
327,1,train:5809,0,0,0.9375,1.0,0.06666666666666667,0.06666666666666667,0.13833941544598324,0.4
328,1,train:7612,1,1,0.5625,0.4666666666666667,0.6666666666666666,0.6666666666666666,0.41374347486879937,0.6666666666666666
329,1,test:8237,0,0,1.0,0.4666666666666667,0.26666666666666666,0.26666666666666666,-1.8566946863151386,0.06666666666666667
330,1,train:8718,0,0,1.0,1.0,0.6,0.6,-1.0586810456106897,0.2
331,1,train:328,1,0,0.875,1.0,0.2,0.2,-1.4576878659629142,0.13333333333333333
332,1,train:3539,1,1,0.5,0.26666666666666666,0.9333333333333333,0.9333333333333333,-1.1573596747018235,0.3333333333333333
333,1,train:5300,1,1,0.875,1.0,0.9333333333333333,0.9333333333333333,1.3564053646111736,0.8666666666666667
334,1,train:648,0,0,1.0,1.0,1.0,0.8,1.335359876502656,0.6
335,1,train:2809,0,1,0.0625,0.3333333333333333,0.2,0.13333333333333333,-0.5289184148735742,0.4666666666666667
336,1,train:1958,0,0,1.0,1.0,1.0,1.0,1.73436669685488,0.6666666666666666
337,1,train:418,1,1,0.9375,1.0,0.8666666666666667,0.8666666666666667,0.727964104782924,0.7333333333333333
338,1,train:4514,0,1,0.0625,0.13333333333333333,0.06666666666666667,0.06666666666666667,-2.4142421943583217,0.06666666666666667
339,1,train:7860,0,0,1.0,1.0,0.2,0.2,1.335359876502656,0.6
340,1,train:5222,1,1,0.875,0.9333333333333333,0.7333333333333333,0.7333333333333333,0.727964104782924,0.7333333333333333
341,1,train:3539,1,1,0.25,0.26666666666666666,0.7333333333333333,0.7333333333333333,0.41374347486879937,0.6666666666666666
342,1,train:249,0,0,1.0,1.0,0.7333333333333333,0.7333333333333333,0.5373462357982074,0.4666666666666667
343,1,train:7448,0,0,1.0,1.0,0.26666666666666666,0.26666666666666666,1.73436669685488,0.6666666666666666
344,1,train:3706,0,0,1.0,1.0,0.5333333333333333,0.3333333333333333,0.13833941544598324,0.4
345,1,train:860,1,1,1.0,0.5333333333333333,1.0,1.0,1.042184734697049,0.8
346,1,train:6212,0,0,1.0,1.0,0.4666666666666667,0.4666666666666667,1.335359876502656,0.6
347,1,train:1999,1,0,0.625,0.6,0.06666666666666667,0.06666666666666667,-1.8566946863151386,0.06666666666666667
348,1,train:17,0,0,1.0,1.0,0.26666666666666666,0.26666666666666666,0.5373462357982074,0.4666666666666667
349,1,train:860,1,1,1.0,0.8666666666666667,0.8,0.8,0.09952284495467488,0.6
350,1,train:7448,0,0,1.0,1.0,0.6666666666666666,0.5333333333333333,0.5373462357982074,0.4666666666666667
351,1,train:3637,0,0,1.0,1.0,0.2,0.2,0.13833941544598324,0.4
352,1,train:9017,0,0,1.0,1.0,0.5333333333333333,0.5333333333333333,1.335359876502656,0.6
353,1,train:7451,0,1,0.3125,0.26666666666666666,0.13333333333333333,0.13333333333333333,-0.5289184148735742,0.4666666666666667
354,1,train:2706,0,0,1.0,1.0,1.0,1.0,0.9363530561504316,0.5333333333333333
355,1,train:1033,0,0,1.0,1.0,0.7333333333333333,0.7333333333333333,-0.6596742252584655,0.26666666666666666
356,1,train:5430,0,0,1.0,1.0,0.4666666666666667,0.4666666666666667,1.335359876502656,0.6
357,1,train:3216,1,1,0.3125,0.3333333333333333,0.26666666666666666,0.4666666666666667,-1.1573596747018235,0.3333333333333333
358,1,train:2814,0,0,1.0,1.0,0.4666666666666667,0.4666666666666667,1.335359876502656,0.6
359,1,train:2753,1,0,1.0,1.0,0.2,0.2,-0.6596742252584655,0.26666666666666666
360,1,train:8857,0,0,1.0,1.0,0.8666666666666667,0.8666666666666667,0.13833941544598324,0.4
361,1,train:6638,0,0,1.0,1.0,0.6666666666666666,0.6666666666666666,0.5373462357982074,0.4666666666666667
362,1,train:1958,0,0,1.0,1.0,0.6666666666666666,0.4666666666666667,0.13833941544598324,0.4
363,1,train:2590,0,0,1.0,1.0,0.26666666666666666,0.26666666666666666,0.5373462357982074,0.4666666666666667
364,1,train:7877,1,1,0.0625,0.26666666666666666,1.0,0.3333333333333333,-2.100021564444197,0.13333333333333333
365,1,test:2463,0,0,0.9375,1.0,0.13333333333333333,0.13333333333333333,-1.4576878659629142,0.13333333333333333
366,1,train:5833,0,0,0.9375,0.9333333333333333,0.06666666666666667,0.06666666666666667,-0.6596742252584655,0.26666666666666666
367,1,train:359,1,1,0.4375,0.26666666666666666,0.9333333333333333,0.9333333333333333,0.09952284495467488,0.6
368,1,train:1033,0,0,1.0,1.0,0.4,0.4,0.9363530561504316,0.5333333333333333
369,1,train:7480,0,1,0.1875,0.26666666666666666,0.9333333333333333,0.9333333333333333,1.042184734697049,0.8
370,1,train:5765,1,1,0.5625,0.8,1.0,1.0,-0.21469778495944963,0.5333333333333333
371,1,train:5877,0,0,1.0,1.0,0.7333333333333333,0.7333333333333333,0.5373462357982074,0.4666666666666667
372,1,train:6415,0,0,1.0,1.0,1.0,1.0,0.9363530561504316,0.5333333333333333
373,1,train:6438,1,0,1.0,1.0,0.4,0.4,-0.6596742252584655,0.26666666666666666
374,1,train:9017,0,0,1.0,1.0,0.7333333333333333,0.7333333333333333,1.73436669685488,0.6666666666666666
375,1,train:4944,0,0,1.0,1.0,1.0,0.26666666666666666,0.13833941544598324,0.4
376,1,train:308,1,1,0.625,0.26666666666666666,0.6666666666666666,0.6666666666666666,0.727964104782924,0.7333333333333333
377,1,train:4514,0,0,1.0,1.0,0.26666666666666666,0.26666666666666666,-0.6596742252584655,0.26666666666666666
378,1,train:708,1,1,0.3125,0.26666666666666666,0.6,0.6,0.727964104782924,0.7333333333333333
379,1,train:1999,1,1,0.1875,0.26666666666666666,0.5333333333333333,0.5333333333333333,0.41374347486879937,0.6666666666666666
380,1,train:10072,0,0,1.0,1.0,0.7333333333333333,0.7333333333333333,1.335359876502656,0.6
381,1,train:3539,0,0,1.0,1.0,0.13333333333333333,0.13333333333333333,-1.8566946863151386,0.06666666666666667
382,1,train:4334,0,0,1.0,1.0,0.5333333333333333,0.5333333333333333,-1.0586810456106897,0.2
383,1,train:5366,0,0,0.9375,1.0,0.06666666666666667,0.06666666666666667,-1.8566946863151386,0.06666666666666667
384,1,train:5193,1,1,0.1875,0.4,1.0,0.8,-0.21469778495944963,0.5333333333333333
385,1,train:8057,1,1,0.5,0.4,0.4666666666666667,0.4666666666666667,0.09952284495467488,0.6
386,1,train:4691,1,1,0.125,0.2,0.06666666666666667,0.06666666666666667,0.09952284495467488,0.6
387,1,train:6438,1,0,1.0,1.0,0.5333333333333333,0.5333333333333333,-0.2606674049062413,0.3333333333333333
388,1,train:249,0,0,0.9375,0.8666666666666667,0.4,0.4,-0.6596742252584655,0.26666666666666666
389,1,train:8337,1,1,0.0625,0.26666666666666666,0.26666666666666666,0.26666666666666666,-1.1573596747018235,0.3333333333333333
390,1,train:7612,1,0,0.9375,0.06666666666666667,1.0,1.0,-1.0586810456106897,0.2
391,1,train:4514,0,0,1.0,1.0,0.4,0.4,-0.6596742252584655,0.26666666666666666
392,1,train:708,1,1,0.25,0.6,0.7333333333333333,0.7333333333333333,-0.21469778495944963,0.5333333333333333
393,1,train:5816,1,1,0.1875,0.26666666666666666,0.5333333333333333,0.8,-0.8431390447876986,0.4
394,1,train:1609,0,0,0.9375,1.0,0.4,0.4,-0.6596742252584655,0.26666666666666666
395,1,train:17,0,0,1.0,1.0,0.6666666666666666,0.6666666666666666,0.5373462357982074,0.4666666666666667
396,1,train:2102,0,0,0.3125,0.3333333333333333,0.13333333333333333,0.13333333333333333,-1.8566946863151386,0.06666666666666667
397,1,train:6372,0,0,1.0,1.0,0.5333333333333333,0.5333333333333333,0.5373462357982074,0.4666666666666667
398,1,train:5811,1,1,0.0625,0.26666666666666666,0.13333333333333333,0.13333333333333333,-2.100021564444197,0.13333333333333333
399,1,train:3570,1,1,0.8125,1.0,0.7333333333333333,1.0,1.042184734697049,0.8
400,1,train:9994,1,1,0.125,0.26666666666666666,0.4,1.0,-0.21469778495944963,0.5333333333333333
401,1,train:8030,1,1,0.3125,0.4666666666666667,0.8,0.8,-0.21469778495944963,0.5333333333333333
402,1,train:8462,1,1,0.3125,0.3333333333333333,0.26666666666666666,0.26666666666666666,-1.1573596747018235,0.3333333333333333
403,1,train:1033,0,0,1.0,1.0,0.6666666666666666,0.6666666666666666,0.5373462357982074,0.4666666666666667
404,1,train:8116,0,1,0.0625,0.2,0.3333333333333333,0.3333333333333333,1.042184734697049,0.8
405,1,train:2706,0,0,1.0,1.0,0.6666666666666666,0.6666666666666666,-0.2606674049062413,0.3333333333333333
406,1,test:2463,0,0,0.9375,1.0,0.2,0.2,-1.4576878659629142,0.13333333333333333
407,1,train:2753,1,1,0.25,0.3333333333333333,0.9333333333333333,0.9333333333333333,0.41374347486879937,0.6666666666666666
408,1,train:6845,0,0,0.9375,1.0,0.2,0.2,0.5373462357982074,0.4666666666666667
409,1,train:5364,1,1,0.5625,0.6,0.9333333333333333,0.9333333333333333,1.042184734697049,0.8
410,1,train:868,1,1,0.875,0.4666666666666667,0.8666666666666667,0.9333333333333333,1.042184734697049,0.8
411,1,train:2753,1,0,1.0,1.0,0.8,0.8,0.5373462357982074,0.4666666666666667
412,1,train:5864,0,0,1.0,1.0,0.6,1.0,1.335359876502656,0.6
413,1,train:8337,0,0,1.0,1.0,1.0,0.8666666666666667,1.335359876502656,0.6
414,1,train:9188,0,0,1.0,1.0,1.0,1.0,0.9363530561504316,0.5333333333333333
415,1,train:7590,1,1,0.875,1.0,0.9333333333333333,0.9333333333333333,0.727964104782924,0.7333333333333333
416,1,train:2706,0,1,0.6875,1.0,0.9333333333333333,0.6666666666666666,0.09952284495467488,0.6
417,1,train:359,0,0,1.0,1.0,0.8,0.8,1.335359876502656,0.6
418,1,train:8718,0,1,0.0625,0.26666666666666666,0.6,0.6,0.41374347486879937,0.6666666666666666
419,1,train:3461,1,1,0.0625,0.2,0.3333333333333333,0.3333333333333333,-2.4142421943583217,0.06666666666666667
420,1,train:2494,0,0,1.0,1.0,0.5333333333333333,0.5333333333333333,-0.6596742252584655,0.26666666666666666
421,1,train:5833,0,1,0.3125,0.06666666666666667,0.13333333333333333,0.13333333333333333,0.41374347486879937,0.6666666666666666
422,1,train:3706,0,0,1.0,1.0,0.7333333333333333,0.7333333333333333,0.5373462357982074,0.4666666666666667
423,1,train:7938,1,1,1.0,1.0,1.0,1.0,0.727964104782924,0.7333333333333333
424,1,train:8105,1,1,0.25,0.06666666666666667,0.13333333333333333,0.13333333333333333,-2.4142421943583217,0.06666666666666667
425,1,train:5809,1,1,0.8125,0.8666666666666667,0.4666666666666667,0.4666666666666667,0.41374347486879937,0.6666666666666666
426,1,train:8576,1,1,0.125,0.4,0.6666666666666666,0.6666666666666666,0.727964104782924,0.7333333333333333
427,1,train:3089,1,1,0.875,0.3333333333333333,0.9333333333333333,0.9333333333333333,0.41374347486879937,0.6666666666666666
428,1,train:2814,0,0,1.0,1.0,1.0,1.0,0.13833941544598324,0.4
429,1,train:4929,1,1,0.4375,0.5333333333333333,0.6666666666666666,1.0,-0.5289184148735742,0.4666666666666667
430,1,train:17,0,0,1.0,1.0,0.7333333333333333,0.7333333333333333,-0.2606674049062413,0.3333333333333333
431,1,train:2590,0,0,0.9375,0.4666666666666667,0.8666666666666667,0.8666666666666667,-0.2606674049062413,0.3333333333333333
432,1,train:5300,1,0,1.0,1.0,0.5333333333333333,0.5333333333333333,-0.6596742252584655,0.26666666666666666
433,1,train:7590,1,1,1.0,0.8666666666666667,1.0,1.0,1.3564053646111736,0.8666666666666667
434,1,train:8756,1,1,1.0,1.0,0.9333333333333333,0.9333333333333333,1.3564053646111736,0.8666666666666667
435,1,train:3089,1,0,1.0,1.0,1.0,1.0,1.335359876502656,0.6
436,1,test:2463,1,0,1.0,1.0,0.2,0.2,-0.6596742252584655,0.26666666666666666
437,1,train:3562,0,0,0.875,0.3333333333333333,0.6,0.6,-0.6596742252584655,0.26666666666666666
438,1,train:5833,1,1,0.375,0.13333333333333333,1.0,0.6666666666666666,0.727964104782924,0.7333333333333333
439,1,train:3562,1,1,0.8125,0.4,0.8,0.8,1.670625994525298,0.9333333333333333
440,1,test:6949,1,1,0.8125,0.8666666666666667,0.8666666666666667,0.8666666666666667,0.41374347486879937,0.6666666666666666
441,1,train:6438,1,1,0.25,0.2,0.6666666666666666,0.6666666666666666,-2.4142421943583217,0.06666666666666667
442,1,train:328,0,0,1.0,1.0,0.5333333333333333,0.5333333333333333,0.9363530561504316,0.5333333333333333
443,1,train:9483,0,0,1.0,1.0,0.8,0.8,0.9363530561504316,0.5333333333333333
444,1,train:4915,1,0,0.8125,1.0,0.13333333333333333,0.13333333333333333,-1.4576878659629142,0.13333333333333333
445,1,train:999,1,0,1.0,1.0,0.6666666666666666,0.6666666666666666,-0.6596742252584655,0.26666666666666666
446,1,train:8105,0,0,1.0,1.0,0.9333333333333333,0.9333333333333333,0.13833941544598324,0.4
447,1,test:5427,1,1,0.8125,0.5333333333333333,0.7333333333333333,0.7333333333333333,0.727964104782924,0.7333333333333333
448,1,train:529,0,0,1.0,1.0,0.9333333333333333,0.9333333333333333,1.335359876502656,0.6
449,1,train:2814,0,0,0.9375,0.6666666666666666,0.4,0.4,-0.2606674049062413,0.3333333333333333
450,1,train:3706,0,0,1.0,1.0,0.6,0.6,1.335359876502656,0.6
451,1,train:2102,0,1,0.125,0.3333333333333333,0.13333333333333333,0.13333333333333333,-2.100021564444197,0.13333333333333333
452,1,train:7510,1,1,0.6875,0.5333333333333333,1.0,1.0,0.09952284495467488,0.6
453,1,train:6374,0,0,1.0,1.0,0.9333333333333333,0.9333333333333333,0.13833941544598324,0.4
454,1,train:8105,0,0,1.0,1.0,0.2,0.9333333333333333,0.9363530561504316,0.5333333333333333
455,1,test:9441,1,1,0.0625,0.3333333333333333,0.5333333333333333,0.5333333333333333,0.09952284495467488,0.6
456,1,train:2437,1,1,0.625,0.5333333333333333,0.13333333333333333,1.0,-1.1573596747018235,0.3333333333333333
457,1,train:5193,1,0,1.0,1.0,0.5333333333333333,0.5333333333333333,1.73436669685488,0.6666666666666666
458,1,train:2494,1,0,1.0,1.0,0.26666666666666666,0.26666666666666666,-1.8566946863151386,0.06666666666666667
459,1,train:8669,0,0,1.0,1.0,0.8,0.8,0.13833941544598324,0.4
460,1,train:10072,0,0,1.0,1.0,0.13333333333333333,1.0,0.13833941544598324,0.4
461,1,train:8718,0,0,1.0,1.0,0.2,0.2,-0.6596742252584655,0.26666666666666666
462,1,train:5809,1,1,0.8125,0.3333333333333333,0.8666666666666667,0.8666666666666667,1.3564053646111736,0.8666666666666667
463,1,train:1033,0,0,1.0,1.0,0.4666666666666667,0.4666666666666667,-0.6596742252584655,0.26666666666666666
464,1,train:9284,1,1,0.25,0.3333333333333333,0.6666666666666666,0.6666666666666666,0.727964104782924,0.7333333333333333
465,1,train:5816,0,1,0.5625,0.5333333333333333,0.4666666666666667,0.06666666666666667,-1.7858009345300725,0.2
466,1,train:6476,0,0,1.0,1.0,0.4666666666666667,0.4666666666666667,-0.6596742252584655,0.26666666666666666
467,1,train:8451,1,1,0.125,0.26666666666666666,0.13333333333333333,0.13333333333333333,-2.100021564444197,0.13333333333333333
468,1,train:2272,0,0,1.0,1.0,0.3333333333333333,0.3333333333333333,0.9363530561504316,0.5333333333333333
469,1,train:1999,1,1,0.3125,0.26666666666666666,0.3333333333333333,0.4666666666666667,-1.1573596747018235,0.3333333333333333
470,1,train:4691,1,1,0.125,0.26666666666666666,0.8,0.8,-2.100021564444197,0.13333333333333333
471,1,train:359,0,1,0.3125,0.3333333333333333,1.0,0.9333333333333333,-0.8431390447876986,0.4
472,1,train:359,0,0,1.0,1.0,0.4,0.4,-0.2606674049062413,0.3333333333333333
473,1,train:7448,1,1,0.5625,0.4,0.8666666666666667,0.8666666666666667,1.042184734697049,0.8
474,1,train:5809,0,1,0.4375,0.26666666666666666,0.4,0.4,-0.5289184148735742,0.4666666666666667
475,1,test:6949,0,1,0.125,0.3333333333333333,0.6666666666666666,1.0,1.042184734697049,0.8
476,1,train:9994,0,0,1.0,1.0,0.7333333333333333,0.7333333333333333,1.335359876502656,0.6
477,1,train:8857,0,0,1.0,1.0,0.6666666666666666,0.6666666666666666,0.5373462357982074,0.4666666666666667
478,1,train:5409,0,0,1.0,1.0,0.2,0.2,-0.2606674049062413,0.3333333333333333
479,1,train:525,0,0,1.0,1.0,0.4,0.8,0.5373462357982074,0.4666666666666667
480,1,train:2204,0,0,1.0,1.0,1.0,0.8,1.335359876502656,0.6
481,1,train:1788,0,0,1.0,1.0,0.7333333333333333,0.7333333333333333,-1.4576878659629142,0.13333333333333333
482,1,train:1615,1,1,0.6875,0.9333333333333333,0.8666666666666667,0.8666666666666667,1.042184734697049,0.8
483,1,train:4916,0,0,1.0,1.0,0.9333333333333333,0.9333333333333333,0.9363530561504316,0.5333333333333333
484,1,train:1780,1,1,0.875,0.6666666666666666,0.4666666666666667,0.4666666666666667,0.09952284495467488,0.6
485,1,train:1884,1,0,0.875,0.4666666666666667,0.06666666666666667,0.06666666666666667,-1.4576878659629142,0.13333333333333333
486,1,train:2204,1,1,0.0625,0.4666666666666667,0.6,0.6,-1.7858009345300725,0.2
487,1,train:8487,0,0,1.0,1.0,0.8666666666666667,0.8666666666666667,2.1333735172071044,0.7333333333333333
488,1,train:1884,1,1,0.125,0.3333333333333333,0.6,0.6,0.727964104782924,0.7333333333333333
489,1,train:3637,0,0,1.0,1.0,0.9333333333333333,0.9333333333333333,2.1333735172071044,0.7333333333333333
490,1,train:868,1,1,0.625,0.5333333333333333,0.6666666666666666,0.6666666666666666,0.09952284495467488,0.6
491,1,train:6476,0,1,0.9375,1.0,1.0,1.0,0.727964104782924,0.7333333333333333
492,1,train:418,0,0,1.0,1.0,1.0,0.7333333333333333,0.9363530561504316,0.5333333333333333
493,1,train:5035,0,1,0.5,0.26666666666666666,0.6,0.6,0.41374347486879937,0.6666666666666666
494,1,train:8488,0,0,1.0,1.0,0.13333333333333333,0.13333333333333333,-1.0586810456106897,0.2
495,1,train:4691,0,0,1.0,1.0,0.6666666666666666,0.6666666666666666,0.9363530561504316,0.5333333333333333
496,1,train:4915,1,0,1.0,1.0,0.3333333333333333,0.26666666666666666,0.5373462357982074,0.4666666666666667
497,1,train:6372,1,1,0.0625,0.06666666666666667,0.6,0.6,-0.8431390447876986,0.4
498,1,train:2809,0,1,0.125,0.26666666666666666,0.9333333333333333,0.9333333333333333,-0.21469778495944963,0.5333333333333333
499,1,test:9441,1,1,0.1875,0.26666666666666666,0.8,0.8,0.727964104782924,0.7333333333333333
500,1,train:9994,0,0,1.0,1.0,0.6666666666666666,0.6666666666666666,0.5373462357982074,0.4666666666666667
501,1,train:4334,0,0,0.875,1.0,0.2,0.2,-0.6596742252584655,0.26666666666666666
502,1,test:6949,1,1,0.4375,0.3333333333333333,0.5333333333333333,0.5333333333333333,-0.5289184148735742,0.4666666666666667
503,1,train:8669,0,0,1.0,1.0,0.4666666666666667,0.4666666666666667,-0.2606674049062413,0.3333333333333333
504,1,train:4305,0,0,1.0,1.0,1.0,1.0,0.9363530561504316,0.5333333333333333
505,1,train:5816,0,0,1.0,1.0,0.06666666666666667,0.06666666666666667,-1.0586810456106897,0.2
506,1,test:5427,1,1,0.0625,0.4,0.4666666666666667,0.4666666666666667,0.727964104782924,0.7333333333333333
507,1,train:3539,1,1,0.5,0.26666666666666666,0.7333333333333333,0.7333333333333333,-0.5289184148735742,0.4666666666666667
508,1,train:1884,1,1,0.1875,0.26666666666666666,0.8666666666666667,0.8666666666666667,0.727964104782924,0.7333333333333333
509,1,train:5456,1,1,0.875,0.4,0.9333333333333333,0.9333333333333333,0.41374347486879937,0.6666666666666666
510,1,train:4916,0,0,1.0,1.0,0.26666666666666666,0.2,0.13833941544598324,0.4
511,1,train:7860,0,0,1.0,1.0,1.0,1.0,-0.6596742252584655,0.26666666666666666
0,0,train:4334,0,0,1.0,1.0,0.6,0.6,1.335359876502656,0.6
1,0,train:1266,1,0,0.8125,0.4666666666666667,0.3333333333333333,0.3333333333333333,-1.4576878659629142,0.13333333333333333
2,0,train:9397,0,0,1.0,1.0,0.3333333333333333,0.3333333333333333,0.13833941544598324,0.4
3,0,train:3706,1,1,0.625,0.3333333333333333,0.3333333333333333,0.3333333333333333,-0.21469778495944963,0.5333333333333333
4,0,train:1492,1,1,0.25,0.2,0.5333333333333333,0.5333333333333333,0.727964104782924,0.7333333333333333
5,0,train:6438,1,0,1.0,1.0,0.4666666666666667,0.4666666666666667,-0.2606674049062413,0.3333333333333333
6,0,train:860,1,1,0.9375,0.8666666666666667,0.8,0.6666666666666666,1.042184734697049,0.8
7,0,train:5555,0,0,1.0,1.0,0.7333333333333333,0.7333333333333333,0.9363530561504316,0.5333333333333333
8,0,train:4915,1,1,0.125,0.26666666666666666,0.8,0.8,1.042184734697049,0.8
9,0,train:1884,1,1,0.0625,0.26666666666666666,0.6,0.6,-1.7858009345300725,0.2
10,0,train:262,0,1,0.1875,0.3333333333333333,0.8,0.8666666666666667,0.09952284495467488,0.6
11,0,train:6415,1,0,1.0,1.0,0.3333333333333333,1.0,-0.6596742252584655,0.26666666666666666
12,0,train:5537,0,0,1.0,1.0,0.06666666666666667,0.06666666666666667,-1.8566946863151386,0.06666666666666667
13,0,train:1788,0,0,1.0,1.0,1.0,0.7333333333333333,1.335359876502656,0.6
14,0,train:6673,1,1,0.8125,0.26666666666666666,0.5333333333333333,0.5333333333333333,0.727964104782924,0.7333333333333333
15,0,train:7480,0,0,1.0,1.0,0.8666666666666667,0.8666666666666667,-1.0586810456106897,0.2
16,0,train:2225,1,0,1.0,1.0,0.8666666666666667,0.8666666666666667,-0.2606674049062413,0.3333333333333333
17,0,train:5574,0,1,1.0,0.6,1.0,1.0,0.727964104782924,0.7333333333333333
18,0,train:3733,1,0,1.0,1.0,0.4666666666666667,0.4666666666666667,-0.6596742252584655,0.26666666666666666
19,0,train:2437,1,1,0.625,0.7333333333333333,0.8,0.8,0.41374347486879937,0.6666666666666666
20,0,train:328,0,0,1.0,1.0,0.5333333333333333,0.5333333333333333,-1.0586810456106897,0.2
21,0,train:7170,0,0,1.0,1.0,0.5333333333333333,0.5333333333333333,-0.6596742252584655,0.26666666666666666
22,0,train:4514,0,0,1.0,1.0,0.9333333333333333,0.9333333333333333,1.335359876502656,0.6
23,0,train:9773,1,1,0.375,0.3333333333333333,0.9333333333333333,0.9333333333333333,1.3564053646111736,0.8666666666666667
24,0,train:2102,0,0,1.0,1.0,0.3333333333333333,0.3333333333333333,-0.2606674049062413,0.3333333333333333
25,0,train:709,1,1,0.75,0.8666666666666667,0.9333333333333333,0.8,0.41374347486879937,0.6666666666666666
26,0,train:5815,0,0,1.0,1.0,0.6,0.6,0.9363530561504316,0.5333333333333333
27,0,train:9483,0,1,0.0625,0.2,0.13333333333333333,0.13333333333333333,1.042184734697049,0.8
28,0,train:8451,0,0,0.9375,1.0,0.2,0.2,0.9363530561504316,0.5333333333333333
29,0,train:5222,1,1,0.1875,0.2,0.2,0.2,1.3564053646111736,0.8666666666666667
30,0,train:532,0,0,0.9375,0.7333333333333333,0.4,0.4,-1.8566946863151386,0.06666666666666667
31,0,test:2775,1,0,0.6875,0.7333333333333333,0.2,0.06666666666666667,-1.0586810456106897,0.2
32,0,train:1453,0,0,1.0,1.0,0.6666666666666666,0.6666666666666666,1.335359876502656,0.6
33,0,train:2225,0,0,0.75,0.26666666666666666,0.4666666666666667,0.4666666666666667,-1.4576878659629142,0.13333333333333333
34,0,test:9736,0,0,1.0,1.0,0.7333333333333333,0.7333333333333333,-0.6596742252584655,0.26666666666666666
35,0,test:5069,1,1,0.4375,0.4,0.7333333333333333,0.7333333333333333,-1.1573596747018235,0.3333333333333333
36,0,train:9017,0,1,0.0625,0.2,0.06666666666666667,0.06666666666666667,-2.4142421943583217,0.06666666666666667
37,0,train:1788,0,0,1.0,1.0,0.5333333333333333,0.5333333333333333,-1.0586810456106897,0.2
38,0,test:9441,1,0,1.0,1.0,0.8,0.8,-0.2606674049062413,0.3333333333333333
39,0,train:1615,1,1,0.625,0.8,0.8666666666666667,1.0,0.727964104782924,0.7333333333333333
40,0,train:4944,0,0,1.0,1.0,0.7333333333333333,0.7333333333333333,0.9363530561504316,0.5333333333333333
41,0,train:5366,0,0,1.0,1.0,0.2,0.2,0.13833941544598324,0.4
42,0,train:2453,1,0,1.0,1.0,0.26666666666666666,0.26666666666666666,-0.6596742252584655,0.26666666666666666
43,0,train:1660,1,0,1.0,0.3333333333333333,0.2,0.2,-1.0586810456106897,0.2
44,0,train:1958,1,1,0.8125,0.13333333333333333,0.13333333333333333,0.13333333333333333,1.3564053646111736,0.8666666666666667
45,0,train:8576,1,1,0.8125,0.26666666666666666,1.0,1.0,0.41374347486879937,0.6666666666666666
46,0,train:2753,1,1,0.125,0.26666666666666666,0.9333333333333333,0.8666666666666667,1.042184734697049,0.8
47,0,train:5809,0,1,0.625,0.6666666666666666,0.8666666666666667,0.8666666666666667,0.09952284495467488,0.6
48,0,train:7860,1,1,0.0625,0.4,0.8,0.8,-1.471580304615948,0.26666666666666666
49,0,train:6505,0,1,0.4375,0.4,0.4,0.4,-1.471580304615948,0.26666666666666666
50,0,train:5877,1,0,1.0,1.0,0.26666666666666666,0.26666666666666666,0.13833941544598324,0.4
51,0,train:9017,0,0,1.0,1.0,0.6,0.6,0.9363530561504316,0.5333333333333333
52,0,train:9816,0,0,1.0,1.0,0.4666666666666667,0.4666666666666667,0.13833941544598324,0.4
53,0,test:5069,1,1,0.6875,0.6666666666666666,0.7333333333333333,0.7333333333333333,-0.8431390447876986,0.4
54,0,train:5816,1,1,0.6875,0.3333333333333333,1.0,0.6,0.727964104782924,0.7333333333333333
55,0,train:5809,0,0,1.0,1.0,1.0,1.0,0.9363530561504316,0.5333333333333333
56,0,train:418,0,0,1.0,1.0,0.5333333333333333,0.4666666666666667,-1.0586810456106897,0.2
57,0,train:1884,1,1,0.6875,0.3333333333333333,0.8,0.8,0.41374347486879937,0.6666666666666666
58,0,train:328,1,1,0.5625,0.6666666666666666,0.9333333333333333,0.9333333333333333,1.042184734697049,0.8
59,0,train:8487,0,0,1.0,1.0,0.6666666666666666,0.6666666666666666,1.335359876502656,0.6
60,0,train:8857,1,0,1.0,1.0,0.26666666666666666,0.26666666666666666,0.9363530561504316,0.5333333333333333
61,0,test:8237,0,0,1.0,1.0,0.6,0.6,-1.4576878659629142,0.13333333333333333
62,0,train:2272,0,1,0.3125,0.2,0.7333333333333333,0.7333333333333333,-0.5289184148735742,0.4666666666666667
63,0,train:7938,1,0,1.0,1.0,0.26666666666666666,0.26666666666666666,-0.6596742252584655,0.26666666666666666
64,0,train:4691,1,1,0.6875,0.4,0.5333333333333333,0.5333333333333333,0.41374347486879937,0.6666666666666666
65,0,train:3570,0,1,0.0625,0.13333333333333333,0.13333333333333333,0.13333333333333333,-2.4142421943583217,0.06666666666666667
66,0,train:4305,0,0,1.0,1.0,0.6666666666666666,0.6666666666666666,0.5373462357982074,0.4666666666666667
67,0,train:4915,0,0,1.0,1.0,0.6,0.6,0.13833941544598324,0.4
68,0,train:9188,0,0,1.0,1.0,0.06666666666666667,0.06666666666666667,-0.2606674049062413,0.3333333333333333
69,0,train:4929,0,1,0.125,0.06666666666666667,0.06666666666666667,0.9333333333333333,0.41374347486879937,0.6666666666666666
70,0,train:6845,0,0,1.0,1.0,1.0,1.0,-1.0586810456106897,0.2
71,0,train:5765,1,1,0.1875,0.3333333333333333,0.7333333333333333,0.7333333333333333,1.042184734697049,0.8
72,0,train:5555,0,0,1.0,1.0,0.8666666666666667,0.8666666666666667,1.73436669685488,0.6666666666666666
73,0,test:5610,0,0,1.0,1.0,0.8666666666666667,0.8666666666666667,0.9363530561504316,0.5333333333333333
74,0,test:2775,0,0,1.0,1.0,0.5333333333333333,0.5333333333333333,-0.2606674049062413,0.3333333333333333
75,0,train:9994,0,0,1.0,1.0,0.26666666666666666,0.26666666666666666,0.5373462357982074,0.4666666666666667
76,0,train:1660,1,1,0.75,0.3333333333333333,1.0,0.3333333333333333,0.727964104782924,0.7333333333333333
77,0,train:8116,1,0,1.0,1.0,0.4,0.4,-0.2606674049062413,0.3333333333333333
78,0,train:3637,0,0,1.0,1.0,0.4666666666666667,0.4666666666666667,-0.2606674049062413,0.3333333333333333
79,0,train:4916,0,0,1.0,1.0,0.3333333333333333,0.3333333333333333,0.5373462357982074,0.4666666666666667
80,0,train:7938,1,1,0.5,0.26666666666666666,0.6,0.6,0.727964104782924,0.7333333333333333
81,0,test:2775,1,1,1.0,0.26666666666666666,0.13333333333333333,0.13333333333333333,0.09952284495467488,0.6
82,0,train:8030,1,0,1.0,1.0,0.6,0.6,0.9363530561504316,0.5333333333333333
83,0,train:1866,1,1,0.25,0.4,0.6666666666666666,0.6666666666666666,0.727964104782924,0.7333333333333333
84,0,train:1609,1,0,1.0,1.0,0.6666666666666666,0.6666666666666666,0.9363530561504316,0.5333333333333333
85,0,train:4944,0,0,1.0,1.0,0.6666666666666666,0.6666666666666666,1.73436669685488,0.6666666666666666
86,0,train:2272,0,0,1.0,1.0,0.7333333333333333,0.7333333333333333,-0.6596742252584655,0.26666666666666666
87,0,train:1660,0,0,1.0,1.0,0.5333333333333333,0.9333333333333333,0.9363530561504316,0.5333333333333333
88,0,train:4305,0,0,1.0,1.0,0.7333333333333333,0.6666666666666666,-0.6596742252584655,0.26666666666666666
89,0,train:8487,1,0,1.0,1.0,0.26666666666666666,0.26666666666666666,-0.6596742252584655,0.26666666666666666
90,0,train:2970,1,1,0.875,1.0,0.6666666666666666,0.6666666666666666,1.042184734697049,0.8
91,0,test:5699,1,1,0.1875,0.26666666666666666,0.8666666666666667,0.8666666666666667,0.09952284495467488,0.6
92,0,train:7170,1,0,0.9375,1.0,0.06666666666666667,0.06666666666666667,-1.8566946863151386,0.06666666666666667
93,0,train:6421,1,0,1.0,1.0,0.4666666666666667,0.4666666666666667,-1.0586810456106897,0.2
94,0,train:9104,1,0,1.0,1.0,0.3333333333333333,0.3333333333333333,1.73436669685488,0.6666666666666666
95,0,train:4514,0,0,1.0,1.0,1.0,1.0,0.13833941544598324,0.4
96,0,train:5409,1,1,0.0625,0.26666666666666666,0.13333333333333333,0.13333333333333333,-1.471580304615948,0.26666666666666666
97,0,train:5727,1,1,0.4375,0.3333333333333333,1.0,0.6666666666666666,0.41374347486879937,0.6666666666666666
98,0,train:5644,1,1,0.5,0.26666666666666666,0.6666666666666666,0.6666666666666666,0.41374347486879937,0.6666666666666666
99,0,test:2775,1,1,0.0625,0.3333333333333333,0.9333333333333333,0.3333333333333333,0.727964104782924,0.7333333333333333
100,0,train:709,0,0,1.0,1.0,1.0,0.6,1.335359876502656,0.6
101,0,train:2590,0,1,0.4375,0.3333333333333333,0.3333333333333333,0.3333333333333333,-1.471580304615948,0.26666666666666666
102,0,train:2102,0,0,1.0,1.0,0.5333333333333333,0.5333333333333333,-0.2606674049062413,0.3333333333333333
103,0,test:9736,0,0,1.0,1.0,0.6666666666666666,0.6666666666666666,-0.2606674049062413,0.3333333333333333
104,0,train:8462,0,0,0.9375,0.3333333333333333,0.06666666666666667,0.06666666666666667,-1.8566946863151386,0.06666666666666667
105,0,train:1788,0,0,1.0,1.0,0.6,0.6,1.73436669685488,0.6666666666666666
106,0,train:2809,1,1,0.8125,0.8666666666666667,0.8666666666666667,0.8666666666666667,-0.21469778495944963,0.5333333333333333
107,0,train:5877,1,1,0.375,0.26666666666666666,0.5333333333333333,0.7333333333333333,1.042184734697049,0.8
108,0,train:7448,0,0,1.0,1.0,0.4,0.4,0.9363530561504316,0.5333333333333333
109,0,train:9017,0,0,1.0,1.0,1.0,1.0,0.13833941544598324,0.4
110,0,train:648,0,0,1.0,1.0,0.8,0.8,-0.2606674049062413,0.3333333333333333
111,0,train:6421,0,0,1.0,1.0,0.8,0.8,0.5373462357982074,0.4666666666666667
112,0,train:5809,0,0,1.0,1.0,0.4,0.4,-1.0586810456106897,0.2
113,0,train:9816,0,0,1.0,1.0,0.4666666666666667,0.4666666666666667,-0.6596742252584655,0.26666666666666666
114,0,train:1033,0,0,1.0,1.0,1.0,1.0,0.5373462357982074,0.4666666666666667
115,0,train:860,1,1,0.9375,1.0,0.9333333333333333,0.9333333333333333,0.09952284495467488,0.6
116,0,train:5193,1,1,0.125,0.3333333333333333,1.0,1.0,-1.7858009345300725,0.2
117,0,train:5555,1,0,0.6875,0.9333333333333333,0.06666666666666667,0.06666666666666667,-1.0586810456106897,0.2
118,0,train:7170,1,1,0.5,0.26666666666666666,1.0,1.0,1.042184734697049,0.8
119,0,train:5300,1,1,0.4375,0.26666666666666666,0.06666666666666667,0.06666666666666667,0.41374347486879937,0.6666666666666666
120,0,train:1266,1,0,1.0,1.0,0.3333333333333333,0.3333333333333333,0.13833941544598324,0.4
121,0,train:7170,1,1,0.125,0.26666666666666666,0.8,0.8,-1.1573596747018235,0.3333333333333333
122,0,train:909,0,1,0.3125,0.4,0.6666666666666666,0.6666666666666666,0.09952284495467488,0.6
123,0,train:308,1,0,0.8125,0.7333333333333333,0.6,0.6,0.5373462357982074,0.4666666666666667
124,0,train:3570,0,0,1.0,1.0,0.13333333333333333,0.13333333333333333,-1.4576878659629142,0.13333333333333333
125,0,train:5765,1,1,0.4375,0.5333333333333333,0.7333333333333333,0.7333333333333333,0.727964104782924,0.7333333333333333
126,0,train:9017,0,0,1.0,1.0,0.4,0.4,-0.2606674049062413,0.3333333333333333
127,0,test:5610,0,1,0.0625,0.3333333333333333,0.3333333333333333,0.3333333333333333,-0.8431390447876986,0.4
128,0,train:8030,1,0,1.0,1.0,0.9333333333333333,0.9333333333333333,2.5323803375593292,0.8
129,0,train:5877,1,1,0.4375,0.3333333333333333,0.26666666666666666,0.26666666666666666,-0.21469778495944963,0.5333333333333333
130,0,train:5537,0,1,0.75,0.4,0.8666666666666667,0.8666666666666667,1.670625994525298,0.9333333333333333
131,0,train:2437,1,1,0.625,0.26666666666666666,0.8,0.8,0.727964104782924,0.7333333333333333
132,0,train:2590,0,0,1.0,1.0,0.4666666666666667,0.7333333333333333,-0.6596742252584655,0.26666666666666666
133,0,train:4929,0,0,1.0,1.0,0.4,0.4,0.13833941544598324,0.4
134,0,test:5069,1,1,0.8125,0.8,0.9333333333333333,0.9333333333333333,1.3564053646111736,0.8666666666666667
135,0,train:4514,0,0,1.0,1.0,1.0,0.8666666666666667,0.5373462357982074,0.4666666666666667
136,0,train:7170,0,0,1.0,1.0,1.0,0.6666666666666666,-0.2606674049062413,0.3333333333333333
137,0,train:1788,0,0,1.0,1.0,0.7333333333333333,0.7333333333333333,1.73436669685488,0.6666666666666666
138,0,train:9017,0,0,1.0,1.0,0.6666666666666666,0.6666666666666666,-0.6596742252584655,0.26666666666666666
139,0,train:1492,1,0,1.0,1.0,0.8,0.8,-0.2606674049062413,0.3333333333333333
140,0,train:8857,0,0,0.9375,1.0,0.6666666666666666,0.6666666666666666,0.9363530561504316,0.5333333333333333
141,0,train:6415,0,1,0.0625,0.2,0.13333333333333333,0.13333333333333333,-1.7858009345300725,0.2
142,0,train:860,1,1,0.3125,0.4,0.7333333333333333,0.7333333333333333,1.3564053646111736,0.8666666666666667
143,0,train:8451,0,1,0.125,0.26666666666666666,0.13333333333333333,0.13333333333333333,-2.4142421943583217,0.06666666666666667
144,0,train:2814,1,0,1.0,1.0,0.8,0.8,-0.6596742252584655,0.26666666666666666
145,0,train:5227,1,1,0.375,0.26666666666666666,0.7333333333333333,0.7333333333333333,1.042184734697049,0.8
146,0,train:5364,1,0,1.0,1.0,0.4,0.4,0.5373462357982074,0.4666666666666667
147,0,train:5727,0,0,1.0,1.0,0.5333333333333333,0.5333333333333333,1.335359876502656,0.6
148,0,train:1727,1,1,0.375,0.26666666666666666,0.4,0.4,-0.21469778495944963,0.5333333333333333
149,0,train:5222,1,1,0.1875,0.4,0.3333333333333333,0.3333333333333333,-0.21469778495944963,0.5333333333333333
150,0,train:5282,0,0,1.0,1.0,0.13333333333333333,0.13333333333333333,-1.4576878659629142,0.13333333333333333
151,0,train:6476,0,1,0.5,0.3333333333333333,0.9333333333333333,0.9333333333333333,0.727964104782924,0.7333333333333333
152,0,train:1609,1,1,0.625,0.26666666666666666,0.9333333333333333,0.6,1.042184734697049,0.8
153,0,train:2809,1,1,0.8125,0.8,0.8666666666666667,0.8666666666666667,0.727964104782924,0.7333333333333333
154,0,train:1033,0,0,0.8125,1.0,0.2,0.2,-1.4576878659629142,0.13333333333333333
155,0,train:3216,1,1,0.8125,0.5333333333333333,0.9333333333333333,0.9333333333333333,1.042184734697049,0.8
156,0,train:3089,1,1,0.4375,0.4,0.6666666666666666,1.0,-0.21469778495944963,0.5333333333333333
157,0,train:5765,0,0,1.0,0.8,0.3333333333333333,0.3333333333333333,-1.8566946863151386,0.06666666666666667
158,0,train:2204,0,0,1.0,1.0,0.6,0.6,1.335359876502656,0.6
159,0,train:418,0,0,1.0,1.0,1.0,0.2,-1.0586810456106897,0.2
160,0,train:8756,1,1,0.5625,0.26666666666666666,0.5333333333333333,0.5333333333333333,0.727964104782924,0.7333333333333333
161,0,train:9366,0,1,0.0625,0.2,0.13333333333333333,0.13333333333333333,-2.4142421943583217,0.06666666666666667
162,0,train:6438,1,0,1.0,1.0,0.6666666666666666,0.6666666666666666,0.13833941544598324,0.4
163,0,test:6949,1,1,0.5,0.4,1.0,1.0,0.09952284495467488,0.6
164,0,train:2437,1,1,0.9375,0.9333333333333333,0.8666666666666667,1.0,0.727964104782924,0.7333333333333333
165,0,train:3216,1,1,0.375,0.26666666666666666,0.13333333333333333,0.13333333333333333,-1.1573596747018235,0.3333333333333333
166,0,test:5427,0,1,0.8125,0.26666666666666666,0.8,0.8,0.41374347486879937,0.6666666666666666
167,0,train:6421,0,0,1.0,1.0,0.4666666666666667,0.4666666666666667,0.9363530561504316,0.5333333333333333
168,0,train:7170,0,0,1.0,1.0,0.8666666666666667,0.8666666666666667,1.73436669685488,0.6666666666666666
169,0,train:6476,0,0,1.0,1.0,0.9333333333333333,0.9333333333333333,0.13833941544598324,0.4
170,0,train:6421,0,0,1.0,1.0,0.6666666666666666,0.6666666666666666,1.335359876502656,0.6
171,0,train:9483,1,1,0.375,0.4666666666666667,0.13333333333333333,0.13333333333333333,-0.21469778495944963,0.5333333333333333
172,0,train:7510,1,1,0.6875,0.3333333333333333,1.0,1.0,0.41374347486879937,0.6666666666666666
173,0,train:5282,1,1,0.25,0.3333333333333333,0.9333333333333333,0.9333333333333333,0.09952284495467488,0.6
174,0,test:9441,0,0,1.0,1.0,0.8,0.8,1.73436669685488,0.6666666666666666
175,0,train:7170,0,0,1.0,1.0,0.8,0.8,0.13833941544598324,0.4
176,0,train:4334,0,1,0.5625,0.26666666666666666,0.8666666666666667,0.8666666666666667,0.727964104782924,0.7333333333333333
177,0,train:418,0,0,1.0,1.0,0.4,0.4,-1.0586810456106897,0.2
178,0,test:5427,0,1,0.0625,0.26666666666666666,0.4,0.4,-0.5289184148735742,0.4666666666666667
179,0,train:7938,1,1,1.0,1.0,0.8666666666666667,0.8666666666666667,0.727964104782924,0.7333333333333333
180,0,train:5537,0,1,0.375,0.4666666666666667,0.3333333333333333,0.3333333333333333,0.41374347486879937,0.6666666666666666
181,0,train:6438,1,1,0.8125,0.8,0.8,0.8,0.41374347486879937,0.6666666666666666
182,0,train:4916,1,0,1.0,0.8666666666666667,0.2,0.2,0.13833941544598324,0.4
183,0,train:7170,1,1,0.625,0.7333333333333333,1.0,1.0,1.3564053646111736,0.8666666666666667
184,0,train:5496,1,0,0.4375,0.3333333333333333,0.13333333333333333,0.13333333333333333,-1.8566946863151386,0.06666666666666667
185,0,train:5167,0,0,1.0,1.0,0.6666666666666666,0.6666666666666666,-0.6596742252584655,0.26666666666666666
186,0,train:709,1,1,0.375,0.5333333333333333,0.8,0.8,0.727964104782924,0.7333333333333333
187,0,train:5222,1,1,0.25,0.26666666666666666,0.9333333333333333,0.9333333333333333,0.09952284495467488,0.6
188,0,train:5193,1,1,0.5,0.8666666666666667,0.8,0.8,0.09952284495467488,0.6
189,0,test:9736,0,0,1.0,1.0,0.6666666666666666,0.6666666666666666,1.335359876502656,0.6
190,0,train:3706,0,0,1.0,1.0,0.4666666666666667,0.4666666666666667,0.5373462357982074,0.4666666666666667
191,0,train:525,1,0,1.0,1.0,0.5333333333333333,0.5333333333333333,0.13833941544598324,0.4
192,0,train:6505,1,0,1.0,1.0,0.7333333333333333,0.4666666666666667,0.9363530561504316,0.5333333333333333
193,0,train:6845,0,0,0.8125,0.8666666666666667,1.0,0.2,-0.2606674049062413,0.3333333333333333
194,0,train:3637,0,1,0.3125,0.3333333333333333,0.13333333333333333,0.13333333333333333,0.727964104782924,0.7333333333333333
195,0,train:8359,0,0,1.0,1.0,0.8666666666666667,0.8666666666666667,-0.6596742252584655,0.26666666666666666
196,0,train:1479,1,1,0.1875,0.3333333333333333,0.6666666666666666,0.6666666666666666,0.41374347486879937,0.6666666666666666
197,0,train:6374,1,1,0.0625,0.26666666666666666,0.2,0.13333333333333333,0.41374347486879937,0.6666666666666666
198,0,train:9017,0,0,1.0,1.0,0.6666666666666666,0.6666666666666666,0.9363530561504316,0.5333333333333333
199,0,test:2463,0,0,1.0,1.0,1.0,0.6,-0.2606674049062413,0.3333333333333333
200,0,train:9366,1,0,1.0,1.0,0.5333333333333333,0.5333333333333333,0.5373462357982074,0.4666666666666667
201,0,test:5069,1,1,0.5625,0.26666666666666666,0.7333333333333333,0.7333333333333333,0.41374347486879937,0.6666666666666666
202,0,train:2102,0,0,1.0,1.0,0.26666666666666666,0.26666666666666666,-1.0586810456106897,0.2
203,0,train:2814,0,0,1.0,1.0,0.13333333333333333,0.13333333333333333,-0.6596742252584655,0.26666666666666666
204,0,train:3706,0,1,0.0625,0.26666666666666666,0.2,0.2,-0.5289184148735742,0.4666666666666667
205,0,train:1479,0,0,1.0,1.0,0.26666666666666666,0.26666666666666666,0.5373462357982074,0.4666666666666667
206,0,train:1033,0,0,0.75,0.3333333333333333,0.26666666666666666,0.26666666666666666,1.335359876502656,0.6
207,0,train:8487,1,0,1.0,1.0,0.3333333333333333,0.3333333333333333,-1.0586810456106897,0.2
208,0,train:6421,0,0,1.0,1.0,1.0,1.0,-0.2606674049062413,0.3333333333333333
209,0,train:4916,1,0,1.0,1.0,1.0,1.0,0.13833941544598324,0.4
210,0,train:2437,1,1,0.5625,0.6666666666666666,0.9333333333333333,0.9333333333333333,0.41374347486879937,0.6666666666666666
211,0,train:5343,0,0,1.0,1.0,1.0,0.7333333333333333,0.9363530561504316,0.5333333333333333
212,0,train:8488,0,0,1.0,1.0,0.8,0.8,0.9363530561504316,0.5333333333333333
213,0,train:4915,0,0,1.0,1.0,0.8,0.6,0.9363530561504316,0.5333333333333333
214,0,train:5555,0,0,1.0,1.0,0.6666666666666666,0.6666666666666666,1.335359876502656,0.6
215,0,train:3539,1,1,0.4375,0.3333333333333333,0.9333333333333333,0.9333333333333333,-0.8431390447876986,0.4
216,0,train:8669,0,0,1.0,1.0,0.5333333333333333,0.5333333333333333,-1.4576878659629142,0.13333333333333333
217,0,train:9816,0,0,1.0,1.0,0.4666666666666667,0.4666666666666667,0.5373462357982074,0.4666666666666667
218,0,train:5409,0,0,1.0,1.0,0.2,0.4,-0.6596742252584655,0.26666666666666666
219,0,train:9037,0,0,1.0,1.0,0.9333333333333333,0.9333333333333333,1.335359876502656,0.6
220,0,train:525,0,0,1.0,1.0,0.9333333333333333,0.9333333333333333,2.1333735172071044,0.7333333333333333
221,0,train:6505,1,1,0.0625,0.26666666666666666,0.26666666666666666,0.26666666666666666,-0.8431390447876986,0.4
222,0,test:6949,0,1,0.3125,0.26666666666666666,1.0,1.0,0.41374347486879937,0.6666666666666666
223,0,train:6569,0,0,1.0,1.0,0.7333333333333333,0.7333333333333333,0.9363530561504316,0.5333333333333333
224,0,train:868,1,1,0.1875,0.3333333333333333,0.9333333333333333,0.9333333333333333,0.41374347486879937,0.6666666666666666
225,0,train:8116,1,1,0.75,0.4,0.13333333333333333,1.0,0.41374347486879937,0.6666666666666666
226,0,train:9397,0,0,1.0,1.0,0.6,0.6,-0.2606674049062413,0.3333333333333333
227,0,train:1866,1,1,0.0625,0.2,0.8666666666666667,0.8666666666666667,-2.100021564444197,0.13333333333333333
228,0,test:6949,1,1,0.4375,0.26666666666666666,0.4666666666666667,0.4666666666666667,1.042184734697049,0.8
229,0,train:7590,0,0,0.875,1.0,0.2,0.2,-1.8566946863151386,0.06666666666666667
230,0,test:2463,1,0,0.375,0.4666666666666667,0.06666666666666667,0.06666666666666667,-1.0586810456106897,0.2
231,0,train:6845,1,1,0.25,0.6,0.7333333333333333,0.7333333333333333,0.41374347486879937,0.6666666666666666
232,0,train:868,0,1,0.4375,0.4,0.9333333333333333,1.0,0.41374347486879937,0.6666666666666666
233,0,train:8487,1,1,0.5625,0.5333333333333333,0.5333333333333333,0.5333333333333333,0.09952284495467488,0.6
234,0,train:3637,0,0,1.0,1.0,0.2,0.2,-0.2606674049062413,0.3333333333333333
235,0,train:8576,1,1,0.8125,0.3333333333333333,1.0,0.6666666666666666,-0.5289184148735742,0.4666666666666667
236,0,train:8576,1,0,1.0,1.0,0.3333333333333333,0.3333333333333333,0.9363530561504316,0.5333333333333333
237,0,train:5366,1,0,1.0,1.0,1.0,0.8666666666666667,-0.6596742252584655,0.26666666666666666
238,0,train:4691,1,1,0.5625,0.3333333333333333,0.5333333333333333,0.5333333333333333,0.41374347486879937,0.6666666666666666
239,0,train:5300,1,0,0.625,1.0,0.3333333333333333,0.3333333333333333,0.13833941544598324,0.4
240,0,train:860,1,1,0.6875,0.2,0.4666666666666667,0.4666666666666667,-2.4142421943583217,0.06666666666666667
241,0,train:9397,0,0,1.0,1.0,0.6666666666666666,0.6666666666666666,0.9363530561504316,0.5333333333333333
242,0,train:7612,1,0,1.0,1.0,0.6666666666666666,0.6666666666666666,0.13833941544598324,0.4
243,0,train:5300,0,0,1.0,1.0,0.5333333333333333,0.5333333333333333,0.13833941544598324,0.4
244,0,train:2437,1,1,0.3125,0.26666666666666666,1.0,1.0,0.727964104782924,0.7333333333333333
245,0,train:6505,0,1,0.875,0.6666666666666666,0.9333333333333333,0.9333333333333333,-0.5289184148735742,0.4666666666666667
246,0,train:4929,1,1,0.5625,0.8,0.5333333333333333,0.5333333333333333,-0.21469778495944963,0.5333333333333333
247,0,train:5364,1,1,0.0625,0.3333333333333333,0.26666666666666666,0.26666666666666666,-0.21469778495944963,0.5333333333333333
248,0,train:5035,1,1,0.6875,0.26666666666666666,0.6666666666666666,0.5333333333333333,0.727964104782924,0.7333333333333333
249,0,train:8669,0,0,1.0,1.0,0.8666666666666667,0.8666666666666667,0.5373462357982074,0.4666666666666667
250,0,train:5816,1,0,1.0,1.0,0.7333333333333333,0.6666666666666666,-1.0586810456106897,0.2
251,0,train:8337,0,0,1.0,1.0,0.9333333333333333,0.9333333333333333,0.5373462357982074,0.4666666666666667
252,0,train:999,0,0,1.0,1.0,0.3333333333333333,0.3333333333333333,-0.2606674049062413,0.3333333333333333
253,0,train:1492,1,0,0.875,0.6666666666666666,0.13333333333333333,0.13333333333333333,-1.4576878659629142,0.13333333333333333
254,0,train:1033,0,0,1.0,1.0,1.0,1.0,0.9363530561504316,0.5333333333333333
255,0,train:1866,1,1,0.125,0.26666666666666666,1.0,1.0,1.042184734697049,0.8
256,0,train:1958,1,1,0.6875,0.5333333333333333,1.0,1.0,1.3564053646111736,0.8666666666666667
257,0,train:8269,0,0,1.0,1.0,0.4666666666666667,0.4666666666666667,0.13833941544598324,0.4
258,0,train:5864,0,1,0.1875,0.26666666666666666,0.8,0.8,1.042184734697049,0.8
259,0,train:7860,1,1,0.0625,0.26666666666666666,1.0,1.0,1.042184734697049,0.8
260,0,test:2463,0,0,1.0,1.0,0.06666666666666667,0.06666666666666667,-0.6596742252584655,0.26666666666666666
261,0,train:7860,0,0,0.8125,0.5333333333333333,0.06666666666666667,0.06666666666666667,-1.8566946863151386,0.06666666666666667
262,0,train:5300,0,0,1.0,1.0,0.5333333333333333,0.5333333333333333,-0.6596742252584655,0.26666666666666666
263,0,train:6438,1,1,0.5625,1.0,0.8666666666666667,0.9333333333333333,0.09952284495467488,0.6
264,0,train:1999,0,0,1.0,1.0,0.4,0.4,0.9363530561504316,0.5333333333333333
265,0,train:6638,1,1,0.3125,0.26666666666666666,0.8666666666666667,0.8666666666666667,-2.100021564444197,0.13333333333333333
266,0,train:999,0,1,0.9375,0.4666666666666667,0.6,0.7333333333333333,0.727964104782924,0.7333333333333333
267,0,train:5644,1,0,1.0,1.0,0.26666666666666666,0.26666666666666666,-1.0586810456106897,0.2
268,0,train:2814,1,0,1.0,1.0,0.13333333333333333,0.13333333333333333,-1.4576878659629142,0.13333333333333333
269,0,train:1615,1,1,0.5625,0.3333333333333333,0.9333333333333333,1.0,1.3564053646111736,0.8666666666666667
270,0,train:7170,1,0,1.0,1.0,0.8,0.8,-0.6596742252584655,0.26666666666666666
271,0,train:3230,0,0,1.0,1.0,0.6,0.6,1.335359876502656,0.6
272,0,train:328,1,1,0.5625,0.4666666666666667,0.7333333333333333,0.7333333333333333,0.41374347486879937,0.6666666666666666
273,0,train:6845,0,1,0.4375,0.26666666666666666,0.4666666666666667,0.4666666666666667,0.727964104782924,0.7333333333333333
274,0,train:8116,0,1,0.4375,0.3333333333333333,1.0,1.0,-1.471580304615948,0.26666666666666666
275,0,train:10072,1,0,0.875,1.0,0.06666666666666667,0.06666666666666667,-1.8566946863151386,0.06666666666666667
276,0,train:4691,0,0,1.0,1.0,0.6,0.6,0.9363530561504316,0.5333333333333333
277,0,train:8780,1,1,0.375,0.9333333333333333,1.0,1.0,-0.21469778495944963,0.5333333333333333
278,0,train:6505,0,1,0.9375,0.4666666666666667,0.5333333333333333,0.5333333333333333,1.042184734697049,0.8
279,0,train:262,1,1,0.3125,0.5333333333333333,0.8,0.8,-1.1573596747018235,0.3333333333333333
280,0,train:6421,1,0,1.0,1.0,0.4666666666666667,0.4666666666666667,-0.2606674049062413,0.3333333333333333
281,0,train:525,0,0,1.0,1.0,0.6666666666666666,0.6666666666666666,1.73436669685488,0.6666666666666666
282,0,train:3216,1,1,1.0,1.0,0.9333333333333333,0.9333333333333333,0.41374347486879937,0.6666666666666666
283,0,train:8269,1,1,0.5625,0.5333333333333333,0.6,0.6,0.727964104782924,0.7333333333333333
284,0,train:5833,1,1,0.1875,0.26666666666666666,0.8,0.8,-0.8431390447876986,0.4
285,0,train:1999,0,0,1.0,1.0,0.7333333333333333,0.7333333333333333,-0.2606674049062413,0.3333333333333333
286,0,train:3570,1,0,1.0,0.6,0.4,0.4,-1.4576878659629142,0.13333333333333333
287,0,train:7510,0,1,0.125,0.26666666666666666,0.2,0.2,-0.8431390447876986,0.4
288,0,train:1033,1,1,0.25,0.26666666666666666,0.6666666666666666,0.6666666666666666,-0.21469778495944963,0.5333333333333333
289,0,train:999,1,0,0.9375,1.0,0.13333333333333333,0.13333333333333333,-1.8566946863151386,0.06666666666666667
290,0,train:5877,1,0,1.0,1.0,0.2,0.2,-0.6596742252584655,0.26666666666666666
291,0,test:2463,1,1,0.3125,0.26666666666666666,1.0,1.0,0.41374347486879937,0.6666666666666666
292,0,train:249,0,0,1.0,1.0,0.4,0.4,1.73436669685488,0.6666666666666666
293,0,train:5035,0,1,0.625,0.06666666666666667,0.4,0.4,1.042184734697049,0.8
294,0,train:9816,0,0,1.0,1.0,0.9333333333333333,0.9333333333333333,1.73436669685488,0.6666666666666666
295,0,train:1266,0,0,1.0,1.0,0.9333333333333333,0.9333333333333333,0.9363530561504316,0.5333333333333333
296,0,train:1958,1,0,1.0,1.0,0.8666666666666667,0.8666666666666667,0.13833941544598324,0.4
297,0,train:9773,0,0,1.0,1.0,0.13333333333333333,0.06666666666666667,-1.0586810456106897,0.2
298,0,train:5809,1,1,0.9375,1.0,1.0,1.0,0.727964104782924,0.7333333333333333
299,0,train:709,0,1,0.0625,0.3333333333333333,0.7333333333333333,0.7333333333333333,0.727964104782924,0.7333333333333333
300,0,train:2706,0,0,1.0,1.0,0.13333333333333333,0.13333333333333333,-1.0586810456106897,0.2
301,0,train:1866,1,1,0.1875,0.4666666666666667,0.9333333333333333,1.0,0.09952284495467488,0.6
302,0,train:708,1,1,0.0625,0.26666666666666666,0.3333333333333333,0.3333333333333333,0.727964104782924,0.7333333333333333
303,0,train:359,0,0,1.0,1.0,0.6,0.9333333333333333,0.5373462357982074,0.4666666666666667
304,0,train:3216,1,0,0.8125,0.8666666666666667,0.06666666666666667,0.06666666666666667,-1.4576878659629142,0.13333333333333333
305,0,train:5765,0,0,1.0,1.0,0.6666666666666666,0.6666666666666666,0.13833941544598324,0.4
306,0,train:7480,0,0,1.0,1.0,0.8,0.8,-0.6596742252584655,0.26666666666666666
307,0,test:6949,1,1,0.625,0.9333333333333333,0.6666666666666666,0.7333333333333333,0.727964104782924,0.7333333333333333
308,0,train:6372,1,0,1.0,1.0,1.0,1.0,1.335359876502656,0.6
309,0,train:5222,1,0,1.0,1.0,0.6666666666666666,0.6666666666666666,-1.0586810456106897,0.2
310,0,train:8337,1,1,0.0625,0.26666666666666666,0.26666666666666666,0.26666666666666666,-2.4142421943583217,0.06666666666666667
311,0,train:1479,1,1,0.25,0.4,0.9333333333333333,0.9333333333333333,0.727964104782924,0.7333333333333333
312,0,train:3562,1,1,0.0625,0.26666666666666666,0.6666666666666666,0.6666666666666666,-1.471580304615948,0.26666666666666666
313,0,train:4334,0,0,1.0,1.0,0.26666666666666666,0.26666666666666666,-0.6596742252584655,0.26666666666666666
314,0,train:5456,1,0,1.0,1.0,0.5333333333333333,0.5333333333333333,0.5373462357982074,0.4666666666666667
315,0,train:5167,0,0,1.0,1.0,0.8666666666666667,0.8666666666666667,-0.2606674049062413,0.3333333333333333
316,0,train:7877,0,0,1.0,1.0,0.6666666666666666,0.6666666666666666,0.9363530561504316,0.5333333333333333
317,0,train:2706,0,0,1.0,1.0,0.8666666666666667,0.8666666666666667,0.5373462357982074,0.4666666666666667
318,0,train:1479,0,0,1.0,1.0,0.7333333333333333,0.7333333333333333,-1.0586810456106897,0.2
319,0,train:1866,1,0,1.0,1.0,0.9333333333333333,0.9333333333333333,0.9363530561504316,0.5333333333333333
320,0,train:1609,1,1,0.0625,0.3333333333333333,1.0,0.6,0.41374347486879937,0.6666666666666666
321,0,train:1866,1,1,0.0625,0.26666666666666666,0.4666666666666667,0.4666666666666667,1.042184734697049,0.8
322,0,train:7877,1,0,1.0,1.0,1.0,1.0,-1.0586810456106897,0.2
323,0,train:1866,1,0,1.0,1.0,0.6,0.6,0.5373462357982074,0.4666666666666667
324,0,train:2809,1,1,0.3125,0.26666666666666666,0.6,0.6,0.41374347486879937,0.6666666666666666
325,0,train:1033,0,0,1.0,1.0,0.8666666666666667,0.8666666666666667,2.1333735172071044,0.7333333333333333
326,0,train:525,1,1,0.0625,0.06666666666666667,0.06666666666666667,0.06666666666666667,-2.4142421943583217,0.06666666666666667
327,0,test:5610,0,0,1.0,1.0,0.8,0.8,-1.0586810456106897,0.2
328,0,train:5534,0,1,0.75,0.3333333333333333,0.6,0.6,0.09952284495467488,0.6
329,0,train:5035,1,1,0.375,0.5333333333333333,0.4666666666666667,0.13333333333333333,1.042184734697049,0.8
330,0,train:5035,1,1,0.75,0.6,1.0,1.0,1.042184734697049,0.8
331,0,train:3706,0,0,1.0,1.0,0.6666666666666666,0.6666666666666666,1.335359876502656,0.6
332,0,train:328,1,1,0.0625,0.26666666666666666,0.6,0.6,0.41374347486879937,0.6666666666666666
333,0,train:5167,1,1,0.1875,0.3333333333333333,0.8666666666666667,0.8666666666666667,0.41374347486879937,0.6666666666666666
334,0,train:8718,1,1,0.0625,0.26666666666666666,0.2,0.5333333333333333,-1.1573596747018235,0.3333333333333333
335,0,test:2775,1,0,1.0,1.0,0.6,0.6,0.5373462357982074,0.4666666666666667
336,0,train:5193,1,1,0.8125,0.3333333333333333,1.0,1.0,0.41374347486879937,0.6666666666666666
337,0,train:8756,1,1,1.0,1.0,0.8666666666666667,0.8666666666666667,0.09952284495467488,0.6
338,0,train:2272,0,1,0.5,0.26666666666666666,0.13333333333333333,0.13333333333333333,-1.1573596747018235,0.3333333333333333
339,0,train:3216,0,0,1.0,1.0,0.06666666666666667,0.06666666666666667,-1.4576878659629142,0.13333333333333333
340,0,train:8462,0,0,1.0,1.0,0.9333333333333333,0.9333333333333333,1.335359876502656,0.6
341,0,train:4929,1,1,0.625,0.6,0.9333333333333333,0.7333333333333333,1.042184734697049,0.8
342,0,train:868,1,1,0.25,0.26666666666666666,0.8666666666666667,0.8666666666666667,0.09952284495467488,0.6
343,0,train:5456,1,1,0.5625,0.4,0.8666666666666667,0.8666666666666667,-0.21469778495944963,0.5333333333333333
344,0,train:1660,1,1,0.75,0.4666666666666667,0.9333333333333333,0.9333333333333333,0.727964104782924,0.7333333333333333
345,0,train:9994,0,0,1.0,1.0,0.9333333333333333,0.9333333333333333,1.73436669685488,0.6666666666666666
346,0,test:9736,0,0,1.0,1.0,0.26666666666666666,0.26666666666666666,0.13833941544598324,0.4
347,0,train:9483,0,0,1.0,1.0,0.7333333333333333,0.7333333333333333,0.5373462357982074,0.4666666666666667
348,0,train:5765,0,0,1.0,1.0,0.8,0.8,-0.6596742252584655,0.26666666666666666
349,0,train:9994,1,1,0.0625,0.26666666666666666,0.9333333333333333,0.9333333333333333,-2.100021564444197,0.13333333333333333
350,0,train:5809,0,1,0.5,0.6666666666666666,0.9333333333333333,0.9333333333333333,0.09952284495467488,0.6
351,0,train:999,1,1,0.1875,0.06666666666666667,0.4,0.4,-2.4142421943583217,0.06666666666666667
352,0,train:8105,1,1,0.3125,0.4666666666666667,1.0,1.0,1.3564053646111736,0.8666666666666667
353,0,train:5765,0,1,0.375,0.6,1.0,1.0,0.09952284495467488,0.6
354,0,train:1884,1,0,0.9375,0.26666666666666666,0.2,0.2,-1.4576878659629142,0.13333333333333333
355,0,train:10072,0,1,0.0625,0.06666666666666667,0.13333333333333333,0.13333333333333333,-2.4142421943583217,0.06666666666666667
356,0,train:5193,0,0,1.0,1.0,0.8,0.8,1.73436669685488,0.6666666666666666
357,0,test:5069,1,1,0.3125,0.26666666666666666,0.6,0.6,0.41374347486879937,0.6666666666666666
358,0,train:7480,0,1,0.8125,0.9333333333333333,0.5333333333333333,0.5333333333333333,0.09952284495467488,0.6
359,0,train:262,1,1,0.125,0.3333333333333333,1.0,1.0,0.727964104782924,0.7333333333333333
360,0,test:5069,0,0,1.0,1.0,1.0,1.0,0.13833941544598324,0.4
361,0,train:2437,1,1,0.8125,0.8666666666666667,1.0,1.0,1.042184734697049,0.8
362,0,train:4944,0,0,1.0,1.0,0.8666666666666667,0.8666666666666667,1.335359876502656,0.6
363,0,train:1999,1,0,1.0,1.0,0.2,0.2,-1.0586810456106897,0.2
364,0,train:418,0,0,0.8125,0.3333333333333333,0.2,0.2,0.5373462357982074,0.4666666666666667
365,0,train:8451,1,1,0.6875,0.5333333333333333,0.6,0.6,-0.21469778495944963,0.5333333333333333
366,0,train:3216,1,1,0.0625,0.3333333333333333,0.6666666666666666,0.6666666666666666,0.727964104782924,0.7333333333333333
367,0,train:909,1,1,0.6875,0.8666666666666667,0.9333333333333333,0.9333333333333333,0.41374347486879937,0.6666666666666666
368,0,train:7938,1,1,1.0,1.0,0.8,0.8,0.727964104782924,0.7333333333333333
369,0,train:3216,0,0,1.0,0.13333333333333333,0.06666666666666667,0.06666666666666667,-1.8566946863151386,0.06666666666666667
370,0,test:6949,0,0,0.9375,1.0,0.6666666666666666,0.6666666666666666,0.5373462357982074,0.4666666666666667
371,0,train:1033,1,1,0.0625,0.26666666666666666,0.13333333333333333,0.13333333333333333,-2.4142421943583217,0.06666666666666667
372,0,train:5537,0,0,1.0,1.0,0.26666666666666666,0.26666666666666666,-0.2606674049062413,0.3333333333333333
373,0,train:5811,1,0,1.0,1.0,0.7333333333333333,0.7333333333333333,-0.6596742252584655,0.26666666666666666
374,0,train:8451,1,0,1.0,0.8666666666666667,0.5333333333333333,0.5333333333333333,-1.0586810456106897,0.2
375,0,train:3733,0,0,1.0,1.0,1.0,1.0,-0.2606674049062413,0.3333333333333333
376,0,train:8718,0,0,1.0,1.0,0.6,0.6,0.5373462357982074,0.4666666666666667
377,0,train:7480,0,1,0.75,0.3333333333333333,0.9333333333333333,0.9333333333333333,0.727964104782924,0.7333333333333333
378,0,train:7938,1,1,0.5,0.26666666666666666,0.6,0.6,0.09952284495467488,0.6
379,0,train:9816,0,1,0.0625,0.4,0.8,0.8,1.042184734697049,0.8
380,0,train:9037,1,1,0.0625,0.4,0.4,0.4,0.41374347486879937,0.6666666666666666
381,0,train:262,1,1,0.5,0.26666666666666666,0.4666666666666667,0.4666666666666667,-1.471580304615948,0.26666666666666666
382,0,train:4691,0,0,1.0,1.0,0.6,0.6,1.335359876502656,0.6
383,0,train:5300,0,1,0.0625,0.26666666666666666,0.8666666666666667,0.8666666666666667,-1.1573596747018235,0.3333333333333333
384,0,train:1266,1,0,0.9375,0.06666666666666667,0.06666666666666667,0.06666666666666667,-1.4576878659629142,0.13333333333333333
385,0,train:5534,1,0,1.0,1.0,0.4666666666666667,0.4666666666666667,-0.2606674049062413,0.3333333333333333
386,0,train:5035,1,1,0.3125,0.3333333333333333,0.8,0.2,0.727964104782924,0.7333333333333333
387,0,train:1660,1,0,0.8125,1.0,0.06666666666666667,0.06666666666666667,-1.8566946863151386,0.06666666666666667
388,0,train:1660,1,0,0.75,0.8,0.8666666666666667,0.8666666666666667,-0.2606674049062413,0.3333333333333333
389,0,train:262,0,1,0.1875,0.26666666666666666,0.4666666666666667,0.4666666666666667,-2.4142421943583217,0.06666666666666667
390,0,train:249,1,0,0.875,1.0,1.0,0.8,0.13833941544598324,0.4
391,0,train:8576,1,1,0.125,0.06666666666666667,0.7333333333333333,0.7333333333333333,0.727964104782924,0.7333333333333333
392,0,train:9483,1,0,1.0,1.0,0.3333333333333333,0.3333333333333333,-0.2606674049062413,0.3333333333333333
393,0,train:2706,0,0,1.0,1.0,1.0,0.8666666666666667,0.9363530561504316,0.5333333333333333
394,0,train:1615,1,1,0.6875,0.4,0.9333333333333333,0.9333333333333333,0.727964104782924,0.7333333333333333
395,0,train:529,1,0,0.9375,0.4,0.6666666666666666,0.6666666666666666,-0.6596742252584655,0.26666666666666666
396,0,test:2463,1,1,0.125,0.26666666666666666,0.8666666666666667,0.8666666666666667,-2.100021564444197,0.13333333333333333
397,0,test:5610,0,0,1.0,1.0,0.3333333333333333,0.3333333333333333,-1.0586810456106897,0.2
398,0,train:3939,1,1,0.125,0.26666666666666666,0.8666666666666667,0.8666666666666667,-0.8431390447876986,0.4
399,0,train:1727,1,1,0.625,0.26666666666666666,0.5333333333333333,0.5333333333333333,-0.5289184148735742,0.4666666666666667
400,0,train:2970,1,0,1.0,1.0,0.4,0.4,-1.0586810456106897,0.2
401,0,train:5864,0,0,1.0,1.0,0.4666666666666667,0.4666666666666667,1.73436669685488,0.6666666666666666
402,0,train:4944,0,0,1.0,1.0,0.3333333333333333,0.3333333333333333,0.9363530561504316,0.5333333333333333
403,0,train:5574,0,1,0.6875,0.9333333333333333,1.0,1.0,0.41374347486879937,0.6666666666666666
404,0,train:6415,0,0,1.0,1.0,0.9333333333333333,0.9333333333333333,2.1333735172071044,0.7333333333333333
405,0,train:5809,0,0,1.0,1.0,1.0,1.0,-0.6596742252584655,0.26666666666666666
406,0,train:860,1,1,1.0,1.0,0.8666666666666667,0.8666666666666667,1.042184734697049,0.8
407,0,train:3562,1,1,0.4375,0.5333333333333333,0.8666666666666667,1.0,-0.5289184148735742,0.4666666666666667
408,0,train:4665,1,1,0.5625,0.3333333333333333,1.0,1.0,0.09952284495467488,0.6
409,0,train:648,0,0,1.0,1.0,0.13333333333333333,0.13333333333333333,-0.6596742252584655,0.26666666666666666
410,0,train:6673,0,0,1.0,1.0,0.9333333333333333,0.9333333333333333,0.5373462357982074,0.4666666666666667
411,0,train:9188,0,0,0.9375,1.0,0.13333333333333333,0.13333333333333333,-1.0586810456106897,0.2
412,0,train:308,1,1,0.9375,1.0,0.9333333333333333,0.9333333333333333,0.727964104782924,0.7333333333333333
413,0,train:5765,1,1,0.5,0.3333333333333333,0.8666666666666667,0.8666666666666667,-0.21469778495944963,0.5333333333333333
414,0,train:5282,0,0,1.0,1.0,0.8666666666666667,0.6,0.13833941544598324,0.4
415,0,train:1727,0,0,0.9375,1.0,0.26666666666666666,0.26666666666666666,-0.6596742252584655,0.26666666666666666
416,0,train:8762,1,1,0.0625,0.3333333333333333,0.4666666666666667,0.4666666666666667,0.41374347486879937,0.6666666666666666
417,0,train:3461,0,0,1.0,1.0,0.9333333333333333,0.9333333333333333,0.9363530561504316,0.5333333333333333
418,0,train:1615,1,1,0.125,0.6,0.6666666666666666,0.6666666666666666,1.042184734697049,0.8
419,0,train:418,0,0,1.0,1.0,0.6,0.6,1.335359876502656,0.6
420,0,train:8451,0,1,0.3125,0.13333333333333333,0.06666666666666667,0.3333333333333333,0.41374347486879937,0.6666666666666666
421,0,train:1788,0,0,1.0,1.0,1.0,1.0,0.13833941544598324,0.4
422,0,train:3539,0,0,1.0,1.0,0.4666666666666667,0.8666666666666667,0.5373462357982074,0.4666666666666667
423,0,train:5282,0,0,1.0,1.0,0.6666666666666666,0.6666666666666666,0.5373462357982074,0.4666666666666667
424,0,train:1266,0,0,1.0,1.0,1.0,0.6666666666666666,0.13833941544598324,0.4
425,0,train:9483,0,0,0.875,1.0,0.2,0.2,-1.0586810456106897,0.2
426,0,train:7448,0,0,1.0,1.0,1.0,0.8,2.1333735172071044,0.7333333333333333
427,0,train:418,1,1,0.75,0.8,0.9333333333333333,1.0,0.09952284495467488,0.6
428,0,train:3570,1,1,0.9375,0.8,0.7333333333333333,0.7333333333333333,0.727964104782924,0.7333333333333333
429,0,train:9037,0,0,1.0,1.0,0.7333333333333333,0.7333333333333333,0.13833941544598324,0.4
430,0,train:7877,0,0,1.0,1.0,1.0,1.0,-0.2606674049062413,0.3333333333333333
431,0,train:2706,0,0,0.9375,1.0,0.06666666666666667,0.06666666666666667,-1.8566946863151386,0.06666666666666667
432,0,train:8488,1,1,0.125,0.13333333333333333,0.06666666666666667,0.06666666666666667,-0.8431390447876986,0.4
433,0,train:9017,0,0,1.0,1.0,0.3333333333333333,0.3333333333333333,-0.2606674049062413,0.3333333333333333
434,0,train:5644,1,1,0.6875,0.3333333333333333,0.6666666666666666,0.6666666666666666,0.41374347486879937,0.6666666666666666
435,0,train:8105,1,1,0.5625,1.0,0.4,0.4,0.41374347486879937,0.6666666666666666
436,0,train:6212,0,0,1.0,1.0,1.0,1.0,1.335359876502656,0.6
437,0,train:2437,1,1,0.6875,0.7333333333333333,0.8,0.8,0.727964104782924,0.7333333333333333
438,0,train:2453,1,1,0.3125,0.26666666666666666,0.3333333333333333,0.3333333333333333,-1.471580304615948,0.26666666666666666
439,0,train:9483,1,1,0.0625,0.13333333333333333,0.7333333333333333,0.8666666666666667,0.727964104782924,0.7333333333333333
440,0,train:9366,1,1,0.125,0.26666666666666666,0.3333333333333333,1.0,-0.21469778495944963,0.5333333333333333
441,0,test:5610,0,0,1.0,1.0,0.3333333333333333,0.3333333333333333,-0.2606674049062413,0.3333333333333333
442,0,train:8451,1,0,0.625,0.4,0.06666666666666667,0.06666666666666667,-1.8566946863151386,0.06666666666666667
443,0,train:9366,1,1,0.3125,0.26666666666666666,0.6,0.6,-1.1573596747018235,0.3333333333333333
444,0,train:5534,1,1,0.375,0.26666666666666666,0.7333333333333333,0.6666666666666666,-0.8431390447876986,0.4
445,0,test:5069,1,0,1.0,1.0,0.26666666666666666,0.26666666666666666,-0.2606674049062413,0.3333333333333333
446,0,train:1788,0,0,1.0,1.0,0.9333333333333333,1.0,1.335359876502656,0.6
447,0,train:1866,0,0,1.0,1.0,0.6666666666666666,0.6666666666666666,-0.6596742252584655,0.26666666666666666
448,0,train:2706,0,0,1.0,1.0,0.4666666666666667,0.4666666666666667,0.13833941544598324,0.4
449,0,train:328,0,0,1.0,1.0,0.13333333333333333,0.13333333333333333,-1.8566946863151386,0.06666666666666667
450,0,train:1479,1,1,0.75,0.6,0.7333333333333333,0.7333333333333333,0.41374347486879937,0.6666666666666666
451,0,train:3562,1,1,0.75,0.3333333333333333,0.6666666666666666,0.4666666666666667,0.09952284495467488,0.6
452,0,train:7510,0,1,0.1875,0.26666666666666666,0.9333333333333333,0.9333333333333333,-1.7858009345300725,0.2
453,0,train:8487,0,0,1.0,1.0,0.8666666666666667,0.8666666666666667,1.73436669685488,0.6666666666666666
454,0,train:6476,0,0,1.0,1.0,0.7333333333333333,0.7333333333333333,0.13833941544598324,0.4
455,0,train:1609,1,1,0.4375,0.4,0.8,0.4,-0.21469778495944963,0.5333333333333333
456,0,train:6638,1,1,0.1875,0.26666666666666666,0.8,0.8,1.042184734697049,0.8
457,0,train:8337,1,0,1.0,1.0,0.5333333333333333,0.5333333333333333,-0.2606674049062413,0.3333333333333333
458,0,train:3230,1,0,1.0,1.0,0.4666666666666667,0.4666666666666667,0.13833941544598324,0.4
459,0,train:4944,0,0,1.0,1.0,0.06666666666666667,0.06666666666666667,-1.8566946863151386,0.06666666666666667
460,0,train:2437,0,0,0.9375,1.0,0.5333333333333333,0.5333333333333333,-0.6596742252584655,0.26666666666666666
461,0,train:6845,0,0,1.0,1.0,0.5333333333333333,0.5333333333333333,-0.2606674049062413,0.3333333333333333
462,0,train:7877,0,0,1.0,1.0,0.9333333333333333,0.9333333333333333,0.9363530561504316,0.5333333333333333
463,0,train:909,0,1,0.375,0.26666666666666666,0.8666666666666667,0.8666666666666667,0.09952284495467488,0.6
464,0,train:7877,0,1,0.5,0.3333333333333333,0.6666666666666666,0.6666666666666666,-0.21469778495944963,0.5333333333333333
465,0,train:3230,1,0,1.0,1.0,0.8,0.8,1.335359876502656,0.6
466,0,train:4916,0,0,1.0,1.0,0.7333333333333333,0.7333333333333333,1.335359876502656,0.6
467,0,train:1884,1,0,1.0,1.0,0.26666666666666666,0.26666666666666666,0.13833941544598324,0.4
468,0,train:9037,0,0,1.0,1.0,1.0,0.7333333333333333,0.13833941544598324,0.4
469,0,train:4916,0,0,1.0,1.0,0.5333333333333333,0.5333333333333333,0.13833941544598324,0.4
470,0,train:3939,1,1,0.0625,0.26666666666666666,0.5333333333333333,0.5333333333333333,-2.100021564444197,0.13333333333333333
471,0,train:6569,1,0,0.9375,1.0,0.6,0.6,0.9363530561504316,0.5333333333333333
472,0,train:4944,0,1,0.0625,0.2,0.13333333333333333,0.13333333333333333,-2.4142421943583217,0.06666666666666667
473,0,train:2225,1,0,1.0,1.0,0.6666666666666666,0.6666666666666666,-0.6596742252584655,0.26666666666666666
474,0,train:10072,1,0,1.0,1.0,0.5333333333333333,0.5333333333333333,0.13833941544598324,0.4
475,0,train:2344,1,0,1.0,1.0,0.6666666666666666,0.6666666666666666,1.335359876502656,0.6
476,0,train:308,1,1,0.1875,0.26666666666666666,0.5333333333333333,0.5333333333333333,0.727964104782924,0.7333333333333333
477,0,train:3706,1,0,1.0,1.0,0.4,0.4,-0.6596742252584655,0.26666666666666666
478,0,train:6845,0,0,0.5,0.26666666666666666,0.4,0.4,-1.4576878659629142,0.13333333333333333
479,0,train:9188,0,0,1.0,1.0,0.13333333333333333,0.13333333333333333,-1.4576878659629142,0.13333333333333333
480,0,train:5364,1,1,0.25,0.26666666666666666,0.3333333333333333,0.3333333333333333,0.727964104782924,0.7333333333333333
481,0,train:1266,0,0,0.875,1.0,0.26666666666666666,0.26666666666666666,0.9363530561504316,0.5333333333333333
482,0,train:1615,1,0,0.6875,0.3333333333333333,0.26666666666666666,0.26666666666666666,-0.6596742252584655,0.26666666666666666
483,0,train:4514,1,1,1.0,1.0,0.6666666666666666,0.6666666666666666,0.41374347486879937,0.6666666666666666
484,0,train:868,1,1,0.125,0.3333333333333333,0.4,0.4,-0.21469778495944963,0.5333333333333333
485,0,train:2437,1,1,0.3125,0.5333333333333333,0.9333333333333333,0.9333333333333333,-0.21469778495944963,0.5333333333333333
486,0,train:3089,1,1,0.125,0.26666666666666666,1.0,1.0,0.09952284495467488,0.6
487,0,train:2225,0,0,0.9375,0.4,0.4666666666666667,0.4666666666666667,0.5373462357982074,0.4666666666666667
488,0,train:9994,0,1,0.5,0.3333333333333333,0.8,0.8,-0.5289184148735742,0.4666666666666667
489,0,train:5815,0,0,1.0,1.0,0.8666666666666667,0.8666666666666667,0.13833941544598324,0.4
490,0,train:5193,1,0,0.875,1.0,0.26666666666666666,0.26666666666666666,-1.4576878659629142,0.13333333333333333
491,0,train:3216,1,1,0.8125,0.26666666666666666,0.6666666666666666,0.6666666666666666,0.727964104782924,0.7333333333333333
492,0,train:999,1,0,1.0,1.0,0.2,0.26666666666666666,-1.8566946863151386,0.06666666666666667
493,0,train:3089,1,0,1.0,1.0,0.9333333333333333,0.4,0.9363530561504316,0.5333333333333333
494,0,train:5430,0,0,1.0,1.0,0.4,0.4,0.13833941544598324,0.4
495,0,train:2343,0,0,1.0,1.0,0.8666666666666667,0.8666666666666667,-0.2606674049062413,0.3333333333333333
496,0,train:8576,1,0,1.0,1.0,0.4,0.4,-0.2606674049062413,0.3333333333333333
497,0,test:5427,1,1,0.3125,0.26666666666666666,0.6,0.6,0.727964104782924,0.7333333333333333
498,0,train:359,1,1,1.0,1.0,0.7333333333333333,0.7333333333333333,0.727964104782924,0.7333333333333333
499,0,train:8116,0,0,1.0,1.0,0.5333333333333333,0.5333333333333333,-0.2606674049062413,0.3333333333333333
500,0,train:10072,1,1,0.0625,0.26666666666666666,0.6666666666666666,0.6666666666666666,-2.4142421943583217,0.06666666666666667
501,0,train:6673,0,0,1.0,1.0,0.5333333333333333,0.5333333333333333,0.5373462357982074,0.4666666666666667
502,0,train:5035,0,1,0.625,0.26666666666666666,0.4666666666666667,0.4666666666666667,0.09952284495467488,0.6
503,0,train:2102,0,1,0.9375,0.8666666666666667,0.6666666666666666,1.0,0.41374347486879937,0.6666666666666666
504,0,train:868,1,1,0.5,0.4,0.8,0.9333333333333333,0.41374347486879937,0.6666666666666666
505,0,train:2102,0,0,1.0,1.0,0.9333333333333333,0.9333333333333333,1.335359876502656,0.6
506,0,train:6845,1,1,0.5625,0.13333333333333333,0.8666666666666667,0.06666666666666667,0.727964104782924,0.7333333333333333
507,0,train:2753,1,1,0.1875,0.3333333333333333,0.26666666666666666,0.26666666666666666,-1.1573596747018235,0.3333333333333333
508,0,train:3461,1,1,0.125,0.26666666666666666,0.8666666666666667,0.8666666666666667,0.41374347486879937,0.6666666666666666
509,0,train:1780,1,1,0.1875,0.26666666666666666,0.6666666666666666,0.6666666666666666,-0.21469778495944963,0.5333333333333333
510,0,train:9994,1,1,0.3125,0.26666666666666666,0.8666666666666667,0.8666666666666667,-1.1573596747018235,0.3333333333333333
511,0,train:1884,1,0,1.0,1.0,0.26666666666666666,0.26666666666666666,0.5373462357982074,0.4666666666666667
