sample_index,membership_label,user_id,true_label,base_prediction,label_stability_score,sampling_attack_score,transfer_attack_score,boundary_attack_score,dhattack_style_score,dhattack_style_raw_score
0,1,casia:470,1,1,0.2734375,0.25984251968503935,0.41732283464566927,0.2992125984251969,-1.6253704693657107,0.2125984251968504
1,1,casia:162,0,0,1.0,1.0,0.5905511811023622,0.5905511811023622,0.655551474264341,0.8267716535433071
2,1,casia:064,0,0,1.0,1.0,0.8740157480314961,0.8740157480314961,-0.09672064610217371,0.6299212598425197
3,1,casia:443,1,1,0.53125,0.49606299212598426,0.84251968503937,0.4330708661417323,-0.5757362202127652,0.4409448818897638
4,1,casia:091,0,0,1.0,1.0,0.9763779527559056,0.9763779527559056,0.9564603224109469,0.905511811023622
5,1,casia:230,0,0,0.9765625,0.6614173228346457,0.9291338582677166,0.9291338582677166,-0.5781748031367432,0.5039370078740157
6,1,casia:025,0,0,1.0,1.0,0.9606299212598425,0.9606299212598425,0.8060058983376441,0.8661417322834646
7,1,casia:437,1,1,0.53125,0.25196850393700787,0.30708661417322836,0.8976377952755905,0.58248088230083,0.6929133858267716
8,1,casia:486,1,1,0.1640625,0.25196850393700787,0.5748031496062992,0.5748031496062992,-0.46715336685211556,0.4645669291338583
9,1,casia:160,0,0,0.953125,0.3858267716535433,0.047244094488188976,0.047244094488188976,-2.293355237572397,0.05511811023622047
10,1,casia:063,0,0,0.953125,1.0,0.84251968503937,0.84251968503937,0.3847335109323958,0.7559055118110236
11,1,casia:255,1,1,0.0234375,0.25196850393700787,0.28346456692913385,0.28346456692913385,-0.03282195340951737,0.5590551181102362
12,1,casia:046,0,0,1.0,1.0,0.968503937007874,0.968503937007874,0.5351879350056988,0.7952755905511811
13,1,casia:077,0,0,1.0,1.0,0.84251968503937,0.84251968503937,0.23427908685909266,0.7165354330708661
14,1,casia:157,0,0,1.0,1.0,0.4015748031496063,0.4015748031496063,0.23427908685909266,0.7165354330708661
15,1,casia:329,1,1,0.9296875,0.8503937007874016,0.9921259842519685,0.9921259842519685,0.6186751667543797,0.7007874015748031
16,1,casia:065,0,0,1.0,1.0,0.7952755905511811,0.7952755905511811,-1.0596289601713127,0.3779527559055118
17,1,casia:333,1,1,0.921875,0.9921259842519685,0.937007874015748,0.937007874015748,-0.35857051349146596,0.4881889763779528
18,1,casia:383,1,1,0.15625,0.25196850393700787,0.4330708661417323,0.6141732283464567,0.11195518440468176,0.5905511811023622
19,1,casia:257,1,1,0.765625,0.33070866141732286,0.7559055118110236,0.7559055118110236,0.9082294423827786,0.7637795275590551
20,1,casia:357,1,1,0.9140625,0.7952755905511811,0.3464566929133858,0.3464566929133858,0.6186751667543797,0.7007874015748031
21,1,casia:412,1,1,0.015625,0.25196850393700787,0.2677165354330709,0.2677165354330709,-1.5891761849121608,0.2204724409448819
22,1,casia:288,1,1,0.0625,0.25196850393700787,0.6850393700787402,0.6850393700787402,0.7634523045685794,0.7322834645669292
23,1,casia:366,1,1,0.65625,0.2755905511811024,0.937007874015748,0.937007874015748,1.0530065801969781,0.7952755905511811
24,1,casia:056,0,0,0.984375,0.7322834645669292,0.44881889763779526,0.44881889763779526,-0.006447991658192096,0.6535433070866141
25,1,casia:155,0,0,1.0,1.0,0.36220472440944884,0.36220472440944884,0.7157332438936621,0.84251968503937
26,1,casia:214,0,0,1.0,1.0,0.6062992125984252,0.6062992125984252,-0.006447991658192096,0.6535433070866141
27,1,casia:280,1,1,0.640625,0.28346456692913385,0.5511811023622047,0.5511811023622047,1.342560855825377,0.8582677165354331
28,1,casia:498,1,1,0.7578125,0.7952755905511811,0.4409448818897638,0.4409448818897638,1.1615894335576276,0.8188976377952756
29,1,casia:016,0,0,0.921875,0.48031496062992124,0.33070866141732286,0.33070866141732286,0.6856423590790016,0.8346456692913385
30,1,casia:202,0,1,0.0078125,0.12598425196850394,0.06299212598425197,0.06299212598425197,-2.4578390117973576,0.031496062992125984
31,1,casia:341,1,1,0.5234375,0.2677165354330709,0.7244094488188977,0.7244094488188977,-0.6481247891198647,0.4251968503937008
32,1,casia:019,0,0,1.0,1.0,0.9291338582677166,0.9291338582677166,1.0166420920402683,0.9212598425196851
33,1,casia:119,0,0,1.0,1.0,0.5196850393700787,0.5196850393700787,-1.240174269059276,0.33070866141732286
34,1,casia:329,1,1,0.25,0.2755905511811024,0.984251968503937,0.984251968503937,-0.35857051349146596,0.4881889763779528
35,1,casia:005,0,0,1.0,1.0,0.9921259842519685,0.9921259842519685,1.046732976854929,0.9291338582677166
36,1,casia:085,0,0,1.0,1.0,1.0,0.49606299212598426,0.17409731722977156,0.7007874015748031
37,1,casia:443,1,1,0.515625,0.4566929133858268,0.8110236220472441,0.7165354330708661,0.5462865978472802,0.6850393700787402
38,1,casia:239,0,0,0.953125,0.3937007874015748,0.3858267716535433,0.3858267716535433,-0.48790214869276155,0.5275590551181102
39,1,casia:245,0,0,1.0,1.0,0.6850393700787402,0.6850393700787402,-1.270265153873937,0.3228346456692913
40,1,casia:284,1,1,0.28125,0.2677165354330709,0.7874015748031497,0.7874015748031497,0.2567323222188814,0.6220472440944882
41,1,casia:439,1,1,0.1484375,0.25196850393700787,0.1889763779527559,0.1889763779527559,-1.2272333403766622,0.2992125984251969
42,1,casia:268,1,1,0.1796875,0.25196850393700787,0.9921259842519685,0.9921259842519685,1.1615894335576276,0.8188976377952756
43,1,casia:132,0,0,0.9453125,1.0,0.16535433070866143,0.16535433070866143,0.9564603224109469,0.905511811023622
44,1,casia:205,0,0,0.9921875,1.0,0.5118110236220472,0.5118110236220472,-0.09672064610217371,0.6299212598425197
45,1,casia:009,0,0,1.0,1.0,0.937007874015748,0.937007874015748,0.9564603224109469,0.905511811023622
46,1,casia:207,0,1,0.015625,0.2047244094488189,0.905511811023622,0.905511811023622,-0.14140480677016673,0.5354330708661418
47,1,casia:414,1,1,0.546875,0.25196850393700787,0.25196850393700787,0.25196850393700787,-0.6119305046663149,0.4330708661417323
48,1,casia:288,1,1,0.09375,0.3228346456692913,0.6850393700787402,0.6850393700787402,1.487337993639576,0.889763779527559
49,1,casia:352,1,1,0.7890625,0.8031496062992126,0.968503937007874,0.968503937007874,-0.17759909122371703,0.5275590551181102
50,1,casia:346,1,1,0.546875,0.28346456692913385,0.3937007874015748,0.3937007874015748,0.14814946885823205,0.5984251968503937
51,1,casia:100,0,0,1.0,1.0,0.6299212598425197,0.6299212598425197,0.5351879350056988,0.7952755905511811
52,1,casia:406,1,1,0.0078125,0.25196850393700787,0.2204724409448819,0.2204724409448819,0.9444237268363284,0.7716535433070866
53,1,casia:162,0,0,1.0,1.0,0.5748031496062992,0.5748031496062992,0.6856423590790016,0.8346456692913385
54,1,casia:490,1,1,0.1640625,0.25196850393700787,0.41732283464566927,0.41732283464566927,-0.6843190735734148,0.41732283464566927
55,1,casia:195,0,1,0.0078125,0.11811023622047244,0.8582677165354331,0.8582677165354331,-1.118650487016013,0.3228346456692913
56,1,casia:414,1,1,0.671875,0.25196850393700787,0.7637795275590551,0.7637795275590551,0.14814946885823205,0.5984251968503937
57,1,casia:082,0,0,0.96875,0.7401574803149606,0.6062992125984252,0.6062992125984252,-1.721628426093846,0.2047244094488189
58,1,casia:142,0,0,0.78125,0.6299212598425197,0.2283464566929134,0.2283464566929134,-0.006447991658192096,0.6535433070866141
59,1,casia:283,1,1,0.375,0.25196850393700787,0.3858267716535433,0.3858267716535433,0.4738980289401806,0.6692913385826772
60,1,casia:251,1,1,0.8671875,0.8267716535433071,0.952755905511811,0.952755905511811,0.835840873475679,0.7480314960629921
61,1,casia:163,0,0,1.0,1.0,0.8031496062992126,0.8031496062992126,0.23427908685909266,0.7165354330708661
62,1,casia:079,0,1,0.0078125,0.16535433070866143,0.1889763779527559,0.1889763779527559,-1.118650487016013,0.3228346456692913
63,1,casia:305,1,1,0.0078125,0.25196850393700787,0.49606299212598426,0.49606299212598426,-1.3358161937373119,0.2755905511811024
64,1,casia:393,1,1,0.078125,0.25196850393700787,0.4645669291338583,0.4645669291338583,-0.5757362202127652,0.4409448818897638
65,1,casia:287,1,1,0.578125,0.28346456692913385,0.7401574803149606,0.7401574803149606,0.4738980289401806,0.6692913385826772
66,1,casia:092,0,0,1.0,1.0,0.7165354330708661,0.7165354330708661,0.7759150135229836,0.8582677165354331
67,1,casia:385,1,1,0.53125,0.25196850393700787,0.5905511811023622,0.5905511811023622,-0.06901623786306715,0.5511811023622047
68,1,casia:184,0,0,1.0,1.0,0.3779527559055118,0.6141732283464567,-0.1569024157314948,0.6141732283464567
69,1,casia:249,0,0,1.0,1.0,0.3779527559055118,0.3779527559055118,0.3546426261177352,0.7480314960629921
70,1,casia:323,1,0,1.0,0.015748031496062992,0.007874015748031496,0.007874015748031496,-2.4739005464603605,0.007874015748031496
71,1,casia:375,1,1,0.53125,0.2677165354330709,0.9291338582677166,0.9291338582677166,-0.14140480677016673,0.5354330708661418
72,1,casia:148,0,0,1.0,1.0,0.6692913385826772,0.6692913385826772,0.5050970501910383,0.7874015748031497
73,1,casia:252,1,1,0.1640625,0.2677165354330709,0.7007874015748031,0.7007874015748031,-0.35857051349146596,0.4881889763779528
74,1,casia:211,0,1,0.0078125,0.03937007874015748,0.7795275590551181,0.7795275590551181,1.342560855825377,0.8582677165354331
75,1,casia:222,0,0,0.984375,0.8346456692913385,0.4645669291338583,0.4645669291338583,-0.3073568398047979,0.5748031496062992
76,1,casia:475,1,1,0.6015625,0.41732283464566927,0.6062992125984252,0.6062992125984252,-1.0100676336553633,0.3464566929133858
77,1,casia:226,0,0,0.9921875,0.16535433070866143,0.05511811023622047,0.05511811023622047,0.8060058983376441,0.8661417322834646
78,1,casia:471,1,1,0.34375,0.2677165354330709,0.2125984251968504,0.2125984251968504,-0.6843190735734148,0.41732283464566927
79,1,casia:210,0,1,0.0234375,0.07874015748031496,0.2047244094488189,0.2047244094488189,-2.421644727343807,0.03937007874015748
80,1,casia:479,1,1,0.1484375,0.2677165354330709,0.5275590551181102,0.5275590551181102,-1.4443990470979615,0.25196850393700787
81,1,casia:242,0,0,1.0,1.0,0.9606299212598425,0.9606299212598425,-1.4207195779472397,0.28346456692913385
82,1,casia:382,1,1,0.4453125,0.41732283464566927,0.4094488188976378,0.7086614173228346,0.9082294423827786,0.7637795275590551
83,1,casia:312,1,1,0.0390625,0.2677165354330709,0.30708661417322836,0.30708661417322836,0.329120891125981,0.6377952755905512
84,1,casia:190,0,0,1.0,1.0,0.5826771653543307,0.5826771653543307,0.44491528056171686,0.7716535433070866
85,1,casia:002,0,0,1.0,1.0,0.2440944881889764,0.2440944881889764,0.8360967831523047,0.8740157480314961
86,1,casia:250,1,0,1.0,1.0,0.07874015748031496,0.07874015748031496,-1.9623555046111305,0.14173228346456693
87,1,casia:074,0,0,1.0,1.0,0.7795275590551181,0.7795275590551181,0.8360967831523047,0.8740157480314961
88,1,casia:227,0,0,0.9765625,1.0,0.3228346456692913,0.3228346456692913,-0.6082656879514037,0.49606299212598426
89,1,casia:461,1,1,0.8359375,0.48031496062992124,0.23622047244094488,0.23622047244094488,0.5462865978472802,0.6850393700787402
90,1,casia:244,0,0,1.0,0.05511811023622047,0.15748031496062992,0.15748031496062992,0.9263694375962863,0.8976377952755905
91,1,casia:197,0,0,1.0,1.0,0.3937007874015748,0.9606299212598425,-0.03653887647285264,0.6456692913385826
92,1,casia:070,0,0,1.0,1.0,0.3779527559055118,0.3779527559055118,-1.781810195723167,0.1889763779527559
93,1,casia:328,1,1,0.3984375,0.25196850393700787,0.7401574803149606,0.7401574803149606,-1.2996219092837622,0.28346456692913385
94,1,casia:259,1,1,0.1171875,0.25196850393700787,0.47244094488188976,0.47244094488188976,-1.0100676336553633,0.3464566929133858
95,1,casia:302,1,1,0.1875,0.2677165354330709,0.15748031496062992,0.15748031496062992,0.2929266066724312,0.6299212598425197
96,1,casia:327,1,1,0.4140625,0.25984251968503935,0.7716535433070866,0.7716535433070866,-0.24998766013081658,0.5118110236220472
97,1,casia:388,1,1,0.421875,0.4015748031496063,0.3858267716535433,0.3858267716535433,1.4511437091860264,0.8818897637795275
98,1,casia:480,1,1,0.03125,0.2677165354330709,0.2125984251968504,0.2125984251968504,-0.394764797945016,0.48031496062992124
99,1,casia:448,1,1,0.3125,0.31496062992125984,0.9133858267716536,0.9133858267716536,0.6186751667543797,0.7007874015748031
100,1,casia:071,0,0,1.0,0.7716535433070866,0.07086614173228346,0.07086614173228346,-1.93226461979647,0.14960629921259844
101,1,casia:455,1,1,0.609375,0.47244094488188976,0.8582677165354331,0.8582677165354331,0.9444237268363284,0.7716535433070866
102,1,casia:249,0,0,1.0,1.0,0.968503937007874,0.968503937007874,0.44491528056171686,0.7716535433070866
103,1,casia:159,0,0,1.0,1.0,0.8818897637795275,0.968503937007874,0.8360967831523047,0.8740157480314961
104,1,casia:439,1,1,0.0859375,0.25196850393700787,0.2047244094488189,0.2047244094488189,-1.2996219092837622,0.28346456692913385
105,1,casia:214,0,0,0.9921875,0.1889763779527559,0.06299212598425197,0.06299212598425197,-1.8720828501671485,0.16535433070866143
106,1,casia:428,1,1,0.3671875,0.25196850393700787,0.8740157480314961,0.8740157480314961,0.2929266066724312,0.6299212598425197
107,1,casia:202,0,1,0.109375,0.14960629921259844,0.031496062992125984,0.031496062992125984,0.9806180112898781,0.7795275590551181
108,1,casia:339,1,1,0.640625,0.48031496062992124,0.7007874015748031,0.7007874015748031,0.9444237268363284,0.7716535433070866
109,1,casia:133,0,0,1.0,1.0,0.6850393700787402,0.6850393700787402,0.17409731722977156,0.7007874015748031
110,1,casia:370,1,1,0.6953125,0.5669291338582677,1.0,0.8818897637795275,0.4738980289401806,0.6692913385826772
111,1,casia:345,1,1,0.4765625,0.5354330708661418,0.6141732283464567,0.968503937007874,0.43770374448663085,0.6614173228346457
112,1,casia:002,0,1,0.078125,0.25196850393700787,0.5275590551181102,0.5275590551181102,-0.6843190735734148,0.41732283464566927
113,1,casia:054,0,0,1.0,1.0,0.84251968503937,0.84251968503937,0.5050970501910383,0.7874015748031497
114,1,casia:353,1,1,0.0078125,0.2677165354330709,0.6141732283464567,0.6141732283464567,1.089200864650528,0.8031496062992126
115,1,casia:086,0,0,1.0,0.7007874015748031,0.8188976377952756,0.8188976377952756,-0.879083651283349,0.4251968503937008
116,1,casia:480,1,1,0.1796875,0.31496062992125984,0.5984251968503937,0.5984251968503937,-0.6843190735734148,0.41732283464566927
117,1,casia:491,1,1,0.0234375,0.25196850393700787,0.2204724409448819,0.2204724409448819,-1.2996219092837622,0.28346456692913385
118,1,casia:467,1,1,0.625,0.2755905511811024,0.2677165354330709,0.2677165354330709,-0.7205133580269646,0.4094488188976378
119,1,casia:317,1,1,0.1875,0.30708661417322836,0.7874015748031497,0.7874015748031497,0.14814946885823205,0.5984251968503937
120,1,casia:140,0,0,1.0,1.0,0.7795275590551181,0.7795275590551181,0.2041882020444321,0.7086614173228346
121,1,casia:239,0,0,0.7734375,0.031496062992125984,0.03937007874015748,0.03937007874015748,-2.4739005464603605,0.007874015748031496
122,1,casia:467,1,1,0.765625,0.33070866141732286,0.31496062992125984,0.31496062992125984,-1.1910390559231125,0.30708661417322836
123,1,casia:493,1,1,0.4609375,0.25984251968503935,0.3779527559055118,0.3779527559055118,-0.03282195340951737,0.5590551181102362
124,1,casia:184,0,0,1.0,1.0,0.6692913385826772,0.4094488188976378,-0.2772659549901374,0.5826771653543307
125,1,casia:157,0,0,1.0,1.0,0.7480314960629921,0.7480314960629921,0.5050970501910383,0.7874015748031497
126,1,casia:358,1,1,0.078125,0.25196850393700787,0.2283464566929134,0.2283464566929134,0.58248088230083,0.6929133858267716
127,1,casia:416,1,1,0.6171875,0.2677165354330709,0.8818897637795275,0.8818897637795275,0.4015094600330806,0.6535433070866141
128,1,casia:052,0,0,1.0,1.0,0.8346456692913385,0.984251968503937,0.14400643241511102,0.6929133858267716
129,1,casia:157,0,0,1.0,1.0,0.4330708661417323,0.4330708661417323,0.05373377797112941,0.6692913385826772
130,1,casia:456,1,1,0.453125,0.5748031496062992,0.9133858267716536,0.9133858267716536,1.306366571371827,0.8503937007874016
131,1,casia:163,0,0,1.0,1.0,0.6535433070866141,0.6535433070866141,-1.1198107298006337,0.36220472440944884
132,1,casia:377,1,1,0.59375,0.2677165354330709,0.7874015748031497,0.7874015748031497,0.18434375331178185,0.6062992125984252
133,1,casia:366,1,1,0.5234375,0.2677165354330709,0.7401574803149606,0.7401574803149606,0.7272580201150296,0.7244094488188977
134,1,casia:032,0,0,1.0,0.5354330708661418,0.25196850393700787,0.25196850393700787,-1.1499016146152945,0.3543307086614173
135,1,casia:056,0,0,1.0,1.0,0.952755905511811,0.952755905511811,0.5351879350056988,0.7952755905511811
136,1,casia:484,1,1,0.0078125,0.11023622047244094,0.2755905511811024,0.2755905511811024,-2.3854504428902574,0.047244094488188976
137,1,casia:269,1,1,0.0078125,0.25984251968503935,0.8188976377952756,0.8188976377952756,0.5100923133937304,0.6771653543307087
138,1,casia:399,1,1,0.90625,1.0,1.0,0.7480314960629921,1.0530065801969781,0.7952755905511811
139,1,casia:021,0,0,1.0,1.0,0.9448818897637795,0.9448818897637795,0.6856423590790016,0.8346456692913385
140,1,casia:053,0,0,1.0,1.0,0.8110236220472441,0.8110236220472441,1.0166420920402683,0.9212598425196851
141,1,casia:102,0,0,1.0,1.0,0.5354330708661418,0.5354330708661418,-0.006447991658192096,0.6535433070866141
142,1,casia:051,0,0,0.9921875,1.0,0.5826771653543307,0.5826771653543307,0.5953697046350199,0.8110236220472441
143,1,casia:251,1,1,0.9453125,0.7952755905511811,0.7716535433070866,0.7716535433070866,0.6910637356614794,0.7165354330708661
144,1,casia:272,1,1,0.8515625,0.7559055118110236,0.5196850393700787,0.5196850393700787,1.089200864650528,0.8031496062992126
145,1,casia:480,1,1,0.0234375,0.25984251968503935,0.5039370078740157,0.5039370078740157,-0.5395419357592154,0.44881889763779526
146,1,casia:274,1,1,0.1875,0.31496062992125984,0.9291338582677166,0.9291338582677166,-0.03282195340951737,0.5590551181102362
147,1,casia:242,0,0,0.984375,1.0,0.8818897637795275,0.8818897637795275,0.9564603224109469,0.905511811023622
148,1,casia:310,1,1,0.046875,0.25196850393700787,1.0,0.25984251968503935,-1.0824562025624629,0.33070866141732286
149,1,casia:341,1,1,0.046875,0.25196850393700787,0.6850393700787402,0.6850393700787402,-0.35857051349146596,0.4881889763779528
150,1,casia:031,0,0,1.0,1.0,0.36220472440944884,0.36220472440944884,0.44491528056171686,0.7716535433070866
151,1,casia:478,1,1,0.0078125,0.30708661417322836,0.4881889763779528,0.4881889763779528,-0.8290962113876141,0.3858267716535433
152,1,casia:033,0,0,1.0,0.6692913385826772,0.7716535433070866,0.7716535433070866,-0.8489927664686885,0.4330708661417323
153,1,casia:441,1,1,0.609375,0.25984251968503935,0.7952755905511811,0.7952755905511811,1.487337993639576,0.889763779527559
154,1,casia:268,1,1,0.109375,0.25196850393700787,0.984251968503937,0.984251968503937,1.270172286918277,0.84251968503937
155,1,casia:488,1,1,0.5234375,0.2677165354330709,0.4330708661417323,0.4330708661417323,-0.3223762290379162,0.49606299212598426
156,1,casia:026,0,0,1.0,1.0,0.7559055118110236,0.7559055118110236,0.655551474264341,0.8267716535433071
157,1,casia:163,0,0,1.0,1.0,0.8661417322834646,0.8661417322834646,-0.5480839183220827,0.5118110236220472
158,1,casia:345,1,1,0.484375,0.3858267716535433,1.0,0.3937007874015748,0.9082294423827786,0.7637795275590551
159,1,casia:403,1,1,0.2421875,0.25196850393700787,0.8031496062992126,0.8031496062992126,1.487337993639576,0.889763779527559
160,1,casia:189,0,0,1.0,1.0,0.952755905511811,0.952755905511811,0.29446085648841414,0.7322834645669292
161,1,casia:143,0,0,1.0,1.0,0.5275590551181102,0.9291338582677166,0.5050970501910383,0.7874015748031497
162,1,casia:194,0,0,1.0,1.0,0.5669291338582677,0.5669291338582677,0.5953697046350199,0.8110236220472441
163,1,casia:141,0,0,1.0,1.0,0.7086614173228346,0.7086614173228346,0.9564603224109469,0.905511811023622
164,1,casia:006,0,0,0.953125,0.25984251968503935,0.08661417322834646,0.08661417322834646,-2.0827190438697727,0.11023622047244094
165,1,casia:348,1,1,0.609375,0.5118110236220472,1.0,0.8503937007874016,0.11195518440468176,0.5905511811023622
166,1,casia:018,0,0,0.96875,0.7952755905511811,0.5590551181102362,0.5590551181102362,0.9564603224109469,0.905511811023622
167,1,casia:465,1,1,0.546875,0.7637795275590551,0.25984251968503935,0.25984251968503935,-0.17759909122371703,0.5275590551181102
168,1,casia:330,1,1,0.25,0.25196850393700787,0.5275590551181102,0.5275590551181102,-0.4309590823985658,0.47244094488188976
169,1,casia:211,0,0,1.0,0.3700787401574803,0.5118110236220472,0.5118110236220472,0.655551474264341,0.8267716535433071
170,1,casia:083,0,0,1.0,1.0,0.7952755905511811,0.7952755905511811,-0.3073568398047979,0.5748031496062992
171,1,casia:478,1,1,0.0078125,0.25196850393700787,0.4251968503937008,0.4251968503937008,-1.2272333403766622,0.2992125984251969
172,1,casia:458,1,1,0.46875,0.25984251968503935,0.5039370078740157,0.5039370078740157,-0.4309590823985658,0.47244094488188976
173,1,casia:415,1,1,0.046875,0.25984251968503935,0.7480314960629921,0.7480314960629921,0.4015094600330806,0.6535433070866141
174,1,casia:292,1,1,0.1171875,0.25196850393700787,0.11023622047244094,0.11023622047244094,0.07576089995113199,0.5826771653543307
175,1,casia:293,1,1,0.0546875,0.25196850393700787,0.5196850393700787,0.5196850393700787,0.14814946885823205,0.5984251968503937
176,1,casia:044,0,0,1.0,1.0,0.8031496062992126,0.8031496062992126,0.5351879350056988,0.7952755905511811
177,1,casia:032,0,0,0.9921875,0.2677165354330709,0.2440944881889764,0.2440944881889764,-1.8720828501671485,0.16535433070866143
178,1,casia:455,1,1,0.53125,0.2677165354330709,0.2755905511811024,0.2755905511811024,-0.35857051349146596,0.4881889763779528
179,1,casia:459,1,1,0.5859375,0.28346456692913385,0.5511811023622047,0.5511811023622047,0.7634523045685794,0.7322834645669292
180,1,casia:210,0,0,0.7734375,0.23622047244094488,0.11811023622047244,0.11811023622047244,-1.691537541279185,0.2125984251968504
181,1,casia:251,1,1,0.6953125,0.5669291338582677,0.5826771653543307,0.5826771653543307,1.0530065801969781,0.7952755905511811
182,1,casia:377,1,1,0.546875,0.33070866141732286,0.952755905511811,0.952755905511811,0.6186751667543797,0.7007874015748031
183,1,casia:338,1,1,0.1328125,0.28346456692913385,0.4015748031496063,0.4015748031496063,-0.7567076424805144,0.4015748031496063
184,1,casia:457,1,1,0.046875,0.2755905511811024,0.1732283464566929,0.1732283464566929,0.8720351579292288,0.7559055118110236
185,1,casia:434,1,1,0.0625,0.2677165354330709,0.1889763779527559,0.1889763779527559,-0.5395419357592154,0.44881889763779526
186,1,casia:295,1,1,0.140625,0.2677165354330709,0.3700787401574803,0.3700787401574803,-0.24998766013081658,0.5118110236220472
187,1,casia:195,0,0,1.0,1.0,0.7795275590551181,0.7795275590551181,0.4148243957470563,0.7637795275590551
188,1,casia:332,1,1,0.71875,0.7874015748031497,0.5354330708661418,0.6299212598425197,0.2929266066724312,0.6299212598425197
189,1,casia:039,0,0,1.0,1.0,0.4409448818897638,0.4409448818897638,0.5351879350056988,0.7952755905511811
190,1,casia:120,0,0,1.0,1.0,0.984251968503937,0.984251968503937,0.3847335109323958,0.7559055118110236
191,1,casia:168,0,0,1.0,1.0,0.8818897637795275,0.8818897637795275,0.023642893156468867,0.6614173228346457
192,1,casia:043,0,0,1.0,1.0,0.984251968503937,0.984251968503937,0.6856423590790016,0.8346456692913385
193,1,casia:335,1,1,0.234375,0.25196850393700787,0.5905511811023622,0.5905511811023622,-1.2272333403766622,0.2992125984251969
194,1,casia:188,0,0,1.0,1.0,0.6377952755905512,0.6377952755905512,0.44491528056171686,0.7716535433070866
195,1,casia:452,1,1,0.0078125,0.25196850393700787,0.3937007874015748,0.9921259842519685,-0.4309590823985658,0.47244094488188976
196,1,casia:357,1,1,0.8046875,0.7637795275590551,0.9763779527559056,0.9763779527559056,0.7272580201150296,0.7244094488188977
197,1,casia:432,1,1,0.578125,0.2755905511811024,0.937007874015748,0.937007874015748,1.4149494247324765,0.8740157480314961
198,1,casia:245,0,0,1.0,1.0,0.9763779527559056,0.9763779527559056,-0.33744772461945843,0.5669291338582677
199,1,casia:333,1,1,0.9296875,0.905511811023622,0.7559055118110236,0.7559055118110236,0.9082294423827786,0.7637795275590551
200,1,casia:426,1,1,0.4140625,0.2755905511811024,0.8976377952755905,0.3543307086614173,0.6186751667543797,0.7007874015748031
201,1,casia:009,0,0,1.0,1.0,0.7952755905511811,0.7952755905511811,0.9564603224109469,0.905511811023622
202,1,casia:404,1,1,0.8515625,0.7637795275590551,0.3858267716535433,0.3858267716535433,1.4511437091860264,0.8818897637795275
203,1,casia:306,1,1,0.65625,0.29133858267716534,0.12598425196850394,0.12598425196850394,-0.24998766013081658,0.5118110236220472
204,1,casia:001,0,0,1.0,0.6614173228346457,0.8188976377952756,0.8188976377952756,0.6254605894496805,0.8188976377952756
205,1,casia:457,1,1,0.328125,0.29133858267716534,0.6062992125984252,0.9291338582677166,0.8720351579292288,0.7559055118110236
206,1,casia:076,0,0,0.9921875,0.7244094488188977,0.9448818897637795,0.9448818897637795,0.9564603224109469,0.905511811023622
207,1,casia:396,1,1,0.53125,0.25984251968503935,0.8346456692913385,0.8346456692913385,0.9444237268363284,0.7716535433070866
208,1,casia:446,1,1,0.6640625,0.25984251968503935,0.5669291338582677,0.5669291338582677,1.6683094159073255,0.9291338582677166
209,1,casia:100,0,0,1.0,1.0,0.8188976377952756,0.8188976377952756,0.6254605894496805,0.8188976377952756
210,1,casia:333,1,1,0.71875,0.8031496062992126,1.0,0.8976377952755905,0.00337233104403241,0.5669291338582677
211,1,casia:057,0,0,1.0,1.0,0.25984251968503935,0.25984251968503935,-0.09672064610217371,0.6299212598425197
212,1,casia:059,0,0,0.8515625,0.7637795275590551,0.1889763779527559,0.2047244094488189,-0.18699330054615534,0.6062992125984252
213,1,casia:487,1,1,0.6953125,0.7559055118110236,0.49606299212598426,0.49606299212598426,0.329120891125981,0.6377952755905512
214,1,casia:303,1,1,0.453125,0.25196850393700787,0.7637795275590551,0.8188976377952756,0.7272580201150296,0.7244094488188977
215,1,casia:309,1,1,0.1875,0.25196850393700787,0.11811023622047244,0.11811023622047244,-1.7339533227263604,0.1889763779527559
216,1,casia:334,1,1,0.390625,0.3228346456692913,0.7480314960629921,0.7480314960629921,-0.394764797945016,0.48031496062992124
217,1,casia:119,0,0,1.0,1.0,0.3858267716535433,0.3858267716535433,-0.7286292272100461,0.4645669291338583
218,1,casia:026,0,0,1.0,1.0,0.9921259842519685,0.9921259842519685,0.9564603224109469,0.905511811023622
219,1,casia:235,0,0,1.0,1.0,0.4645669291338583,0.4645669291338583,-0.5781748031367432,0.5039370078740157
220,1,casia:215,0,0,0.9296875,0.4409448818897638,0.33070866141732286,0.33070866141732286,-1.691537541279185,0.2125984251968504
221,1,casia:396,1,1,0.53125,0.25196850393700787,0.7874015748031497,0.7874015748031497,0.835840873475679,0.7480314960629921
222,1,casia:126,0,0,1.0,1.0,0.8503937007874016,0.8503937007874016,1.046732976854929,0.9291338582677166
223,1,casia:260,1,1,0.046875,0.25196850393700787,0.2047244094488189,0.2047244094488189,-0.7929019269340641,0.3937007874015748
224,1,casia:215,0,0,1.0,1.0,0.2755905511811024,0.2755905511811024,0.4750061653763774,0.7795275590551181
225,1,casia:311,1,1,0.3046875,0.28346456692913385,0.5669291338582677,0.5669291338582677,0.9444237268363284,0.7716535433070866
226,1,casia:384,1,1,0.640625,0.6771653543307087,0.3228346456692913,0.3228346456692913,1.0168122957434285,0.7874015748031497
227,1,casia:030,0,0,1.0,1.0,0.7401574803149606,0.7401574803149606,-0.06662976128751318,0.6377952755905512
228,1,casia:222,0,0,1.0,1.0,0.7086614173228346,0.7086614173228346,-1.6012648868352033,0.23622047244094488
229,1,casia:426,1,1,0.3671875,0.25196850393700787,0.8582677165354331,0.8582677165354331,1.089200864650528,0.8031496062992126
230,1,casia:258,1,1,0.53125,0.2755905511811024,0.3937007874015748,0.3937007874015748,1.3787551402789269,0.8661417322834646
231,1,casia:411,1,1,0.4140625,0.2677165354330709,0.5354330708661418,0.5354330708661418,1.1253951491040777,0.8110236220472441
232,1,casia:327,1,1,0.6015625,0.28346456692913385,0.4409448818897638,0.4409448818897638,-0.10521052231661694,0.5433070866141733
233,1,casia:397,1,1,0.4921875,0.2677165354330709,0.8110236220472441,0.8110236220472441,0.7634523045685794,0.7322834645669292
234,1,casia:459,1,1,0.2734375,0.25196850393700787,0.937007874015748,0.937007874015748,0.6910637356614794,0.7165354330708661
235,1,casia:457,1,1,0.1328125,0.25196850393700787,0.6771653543307087,0.1968503937007874,-0.35857051349146596,0.4881889763779528
236,1,casia:296,1,1,0.5625,0.5039370078740157,0.9921259842519685,0.9921259842519685,0.4738980289401806,0.6692913385826772
237,1,casia:301,1,1,0.0078125,0.25196850393700787,0.3937007874015748,0.3937007874015748,-0.24998766013081658,0.5118110236220472
238,1,casia:252,1,1,0.71875,0.4015748031496063,0.7322834645669292,0.7322834645669292,0.4738980289401806,0.6692913385826772
239,1,casia:108,0,1,0.0078125,0.08661417322834646,0.25196850393700787,0.25196850393700787,-0.7929019269340641,0.3937007874015748
240,1,casia:052,0,0,1.0,1.0,0.3464566929133858,0.3464566929133858,0.7157332438936621,0.84251968503937
241,1,casia:299,1,1,0.171875,0.25196850393700787,0.3937007874015748,0.3937007874015748,-0.28618194458436635,0.5039370078740157
242,1,casia:146,0,0,1.0,1.0,0.5511811023622047,0.5511811023622047,0.5351879350056988,0.7952755905511811
243,1,casia:413,1,1,0.3046875,0.3700787401574803,0.6456692913385826,0.6456692913385826,0.7634523045685794,0.7322834645669292
244,1,casia:198,0,0,0.765625,0.3543307086614173,0.5433070866141733,0.5433070866141733,-2.3234461223870575,0.047244094488188976
245,1,casia:487,1,1,0.1171875,0.25196850393700787,0.3228346456692913,0.3228346456692913,-0.6843190735734148,0.41732283464566927
246,1,casia:155,0,0,1.0,1.0,0.9212598425196851,0.9212598425196851,0.5652788198203594,0.8031496062992126
247,1,casia:012,0,0,1.0,1.0,0.8740157480314961,0.8740157480314961,1.0768238616695895,0.937007874015748
248,1,casia:149,0,0,1.0,1.0,0.4409448818897638,0.4409448818897638,-2.2632643527577363,0.06299212598425197
249,1,casia:367,1,1,0.265625,0.2755905511811024,0.8031496062992126,0.8031496062992126,-0.4309590823985658,0.47244094488188976
250,1,casia:429,1,1,0.4453125,0.25196850393700787,0.3543307086614173,0.3543307086614173,-0.9376790647482636,0.36220472440944884
251,1,casia:344,1,1,0.7578125,0.8976377952755905,0.9763779527559056,0.9763779527559056,0.9444237268363284,0.7716535433070866
252,1,casia:180,0,0,1.0,1.0,0.36220472440944884,0.889763779527559,0.6856423590790016,0.8346456692913385
253,1,casia:136,0,0,1.0,0.4251968503937008,0.4645669291338583,0.4645669291338583,0.4148243957470563,0.7637795275590551
254,1,casia:214,0,0,1.0,1.0,0.2204724409448819,0.2204724409448819,-1.8419919653524879,0.1732283464566929
255,1,casia:071,0,0,0.984375,1.0,0.4645669291338583,0.4645669291338583,-1.8119010805378275,0.18110236220472442
256,1,casia:414,1,1,0.6015625,0.25196850393700787,0.5748031496062992,0.5748031496062992,-0.8652904958411639,0.3779527559055118
257,1,casia:421,1,1,0.140625,0.3700787401574803,1.0,0.984251968503937,1.4149494247324765,0.8740157480314961
258,1,casia:389,1,1,0.0234375,0.25196850393700787,0.23622047244094488,0.23622047244094488,-1.4443990470979615,0.25196850393700787
259,1,casia:492,1,1,0.265625,0.30708661417322836,0.2204724409448819,0.2204724409448819,-0.10521052231661694,0.5433070866141733
260,1,casia:202,0,0,1.0,1.0,0.30708661417322836,0.30708661417322836,-1.3003560386885975,0.31496062992125984
261,1,casia:204,0,0,1.0,1.0,0.7165354330708661,0.7165354330708661,0.9564603224109469,0.905511811023622
262,1,casia:185,0,0,1.0,1.0,0.2440944881889764,0.2440944881889764,-0.6082656879514037,0.49606299212598426
263,1,casia:175,0,0,1.0,1.0,0.6850393700787402,0.6850393700787402,0.5652788198203594,0.8031496062992126
264,1,casia:063,0,0,1.0,1.0,0.6929133858267716,0.6929133858267716,0.5652788198203594,0.8031496062992126
265,1,casia:483,1,1,0.1171875,0.25196850393700787,1.0,0.3228346456692913,-1.1548447714695627,0.31496062992125984
266,1,casia:019,0,0,1.0,1.0,0.5196850393700787,0.5196850393700787,0.8962785527816258,0.889763779527559
267,1,casia:486,1,1,0.2734375,0.33070866141732286,0.4566929133858268,0.4566929133858268,-0.28618194458436635,0.5039370078740157
268,1,casia:410,1,1,0.6171875,0.25984251968503935,0.49606299212598426,0.49606299212598426,1.233978002464727,0.8346456692913385
269,1,casia:105,0,0,0.96875,0.31496062992125984,0.2677165354330709,0.2677165354330709,-0.9994471905419914,0.3937007874015748
270,1,casia:409,1,1,0.1015625,0.25984251968503935,0.48031496062992124,0.9921259842519685,-0.24998766013081658,0.5118110236220472
271,1,casia:165,0,0,0.6796875,0.5039370078740157,0.8188976377952756,0.8188976377952756,0.8360967831523047,0.8740157480314961
272,1,casia:100,0,0,0.984375,0.7401574803149606,0.6771653543307087,0.6771653543307087,-1.6313557716498637,0.2283464566929134
273,1,casia:288,1,1,0.171875,0.2755905511811024,0.4094488188976378,0.4094488188976378,0.43770374448663085,0.6614173228346457
274,1,casia:067,0,0,1.0,1.0,0.7795275590551181,0.7795275590551181,-0.24717507017547682,0.5905511811023622
275,1,casia:398,1,1,0.0546875,0.2677165354330709,0.3858267716535433,0.3858267716535433,1.1977837180111774,0.8267716535433071
276,1,casia:054,0,0,1.0,1.0,0.937007874015748,0.937007874015748,0.5050970501910383,0.7874015748031497
277,1,casia:071,0,0,0.984375,0.6692913385826772,0.33858267716535434,0.33858267716535434,-1.992446389425791,0.13385826771653545
278,1,casia:315,1,1,0.140625,0.25196850393700787,0.49606299212598426,0.49606299212598426,0.8720351579292288,0.7559055118110236
279,1,casia:190,0,0,1.0,1.0,0.7795275590551181,0.7795275590551181,0.4148243957470563,0.7637795275590551
280,1,casia:138,0,0,1.0,1.0,0.4409448818897638,0.9763779527559056,0.44491528056171686,0.7716535433070866
281,1,casia:141,0,0,1.0,1.0,0.7086614173228346,0.7086614173228346,0.9564603224109469,0.905511811023622
282,1,casia:382,1,1,0.1171875,0.25196850393700787,0.4566929133858268,0.4566929133858268,0.6548694512079295,0.7086614173228346
283,1,casia:139,0,0,1.0,1.0,0.7795275590551181,0.7795275590551181,1.046732976854929,0.9291338582677166
284,1,casia:278,1,1,0.078125,0.25196850393700787,0.5275590551181102,0.5275590551181102,-0.28618194458436635,0.5039370078740157
285,1,casia:454,1,1,0.265625,0.3543307086614173,0.5275590551181102,0.5275590551181102,-1.1910390559231125,0.30708661417322836
286,1,casia:066,0,0,1.0,1.0,0.9606299212598425,0.9606299212598425,0.655551474264341,0.8267716535433071
287,1,casia:147,0,0,0.875,0.5433070866141733,0.16535433070866143,0.16535433070866143,-0.5480839183220827,0.5118110236220472
288,1,casia:115,0,0,1.0,1.0,0.9291338582677166,0.6850393700787402,0.9865512072256079,0.9133858267716536
289,1,casia:373,1,1,0.21875,0.25196850393700787,0.33070866141732286,0.5669291338582677,0.0395666154975822,0.5748031496062992
290,1,casia:258,1,1,0.46875,0.25984251968503935,0.6535433070866141,0.6535433070866141,0.7272580201150296,0.7244094488188977
291,1,casia:109,0,0,1.0,1.0,0.6377952755905512,0.6377952755905512,-0.9392654209126703,0.4094488188976378
292,1,casia:285,1,1,0.1328125,0.2677165354330709,0.4566929133858268,0.4566929133858268,-1.4443990470979615,0.25196850393700787
293,1,casia:323,1,1,0.0078125,0.25196850393700787,0.7952755905511811,0.7952755905511811,-0.8290962113876141,0.3858267716535433
294,1,casia:276,1,1,0.5078125,0.29133858267716534,0.9921259842519685,0.3858267716535433,0.0395666154975822,0.5748031496062992
295,1,casia:019,0,1,0.375,0.25196850393700787,0.07086614173228346,0.07086614173228346,-1.8787304605405597,0.15748031496062992
296,1,casia:057,0,0,1.0,1.0,0.3228346456692913,0.3228346456692913,0.8962785527816258,0.889763779527559
297,1,casia:440,1,1,0.2421875,0.25196850393700787,0.4094488188976378,0.5590551181102362,-0.8652904958411639,0.3779527559055118
298,1,casia:267,1,1,0.0625,0.25196850393700787,0.2283464566929134,0.30708661417322836,-0.17759909122371703,0.5275590551181102
299,1,casia:176,0,0,1.0,1.0,0.8031496062992126,0.8031496062992126,0.29446085648841414,0.7322834645669292
300,1,casia:109,0,0,1.0,1.0,0.952755905511811,0.952755905511811,-0.7286292272100461,0.4645669291338583
301,1,casia:282,1,1,0.015625,0.25196850393700787,0.33070866141732286,0.33070866141732286,-0.9376790647482636,0.36220472440944884
302,1,casia:469,1,1,0.7734375,0.7559055118110236,0.6614173228346457,0.6614173228346457,-0.2137933756772668,0.5196850393700787
303,1,casia:103,0,0,0.96875,1.0,0.7952755905511811,0.7952755905511811,0.23427908685909266,0.7165354330708661
304,1,casia:247,0,1,0.0078125,0.1968503937007874,0.889763779527559,0.889763779527559,-0.6481247891198647,0.4251968503937008
305,1,casia:283,1,1,0.3203125,0.4251968503937008,0.1732283464566929,0.1732283464566929,0.11195518440468176,0.5905511811023622
306,1,casia:473,1,1,0.671875,0.5433070866141733,0.8661417322834646,0.8661417322834646,0.0395666154975822,0.5748031496062992
307,1,casia:073,0,0,1.0,0.1732283464566929,0.25196850393700787,0.25196850393700787,-1.541083117205882,0.25196850393700787
308,1,casia:466,1,1,0.265625,0.2755905511811024,0.6141732283464567,0.6141732283464567,1.0530065801969781,0.7952755905511811
309,1,casia:480,1,1,0.265625,0.25196850393700787,0.5196850393700787,0.5196850393700787,-0.394764797945016,0.48031496062992124
310,1,casia:158,0,0,1.0,1.0,0.6299212598425197,0.6299212598425197,1.046732976854929,0.9291338582677166
311,1,casia:426,1,1,0.3359375,0.2677165354330709,0.3543307086614173,0.3543307086614173,0.6548694512079295,0.7086614173228346
312,1,casia:399,1,1,0.9921875,0.9606299212598425,0.7480314960629921,0.7480314960629921,1.306366571371827,0.8503937007874016
313,1,casia:278,1,1,0.078125,0.25196850393700787,0.30708661417322836,0.30708661417322836,0.07576089995113199,0.5826771653543307
314,1,casia:101,0,0,0.875,0.2047244094488189,0.4251968503937008,0.4251968503937008,0.3847335109323958,0.7559055118110236
315,1,casia:485,1,1,0.2890625,0.25196850393700787,0.8582677165354331,0.8582677165354331,-0.3223762290379162,0.49606299212598426
316,1,casia:090,0,0,1.0,1.0,0.5748031496062992,0.5748031496062992,0.2041882020444321,0.7086614173228346
317,1,casia:346,1,1,0.546875,0.25196850393700787,0.5669291338582677,0.8661417322834646,0.7996465890221292,0.7401574803149606
318,1,casia:376,1,1,0.171875,0.3228346456692913,0.7322834645669292,0.7322834645669292,0.2567323222188814,0.6220472440944882
319,1,casia:350,1,1,0.5390625,0.3228346456692913,0.7322834645669292,0.7322834645669292,-0.14140480677016673,0.5354330708661418
320,1,casia:325,1,1,0.375,0.2677165354330709,0.3464566929133858,0.3464566929133858,-1.0824562025624629,0.33070866141732286
321,1,casia:260,1,1,0.0390625,0.29133858267716534,0.13385826771653545,0.13385826771653545,-0.6119305046663149,0.4330708661417323
322,1,casia:453,1,1,0.734375,0.7007874015748031,0.41732283464566927,0.9133858267716536,0.6186751667543797,0.7007874015748031
323,1,casia:299,1,1,0.3984375,0.2755905511811024,0.29133858267716534,0.29133858267716534,0.4738980289401806,0.6692913385826772
324,1,casia:156,0,0,1.0,1.0,0.5984251968503937,0.5984251968503937,0.5050970501910383,0.7874015748031497
325,1,casia:034,0,0,1.0,1.0,0.6062992125984252,0.6062992125984252,0.3245517413030747,0.7401574803149606
326,1,casia:297,1,1,0.171875,0.25196850393700787,0.7165354330708661,0.7165354330708661,0.14814946885823205,0.5984251968503937
327,1,casia:024,0,0,0.9921875,0.2755905511811024,0.3543307086614173,0.3543307086614173,1.0166420920402683,0.9212598425196851
328,1,casia:481,1,1,0.3984375,0.25196850393700787,0.1968503937007874,0.1968503937007874,-0.394764797945016,0.48031496062992124
329,1,casia:008,0,0,1.0,1.0,0.889763779527559,0.889763779527559,0.8360967831523047,0.8740157480314961
330,1,casia:156,0,0,1.0,1.0,0.5590551181102362,0.5590551181102362,0.5351879350056988,0.7952755905511811
331,1,casia:369,1,1,0.15625,0.29133858267716534,0.4094488188976378,0.4094488188976378,-0.6481247891198647,0.4251968503937008
332,1,casia:313,1,1,0.6328125,0.25984251968503935,0.7165354330708661,0.7480314960629921,1.523532278093126,0.8976377952755905
333,1,casia:436,1,1,0.515625,0.2677165354330709,0.18110236220472442,0.6850393700787402,0.8720351579292288,0.7559055118110236
334,1,casia:246,0,0,1.0,1.0,0.8346456692913385,0.8346456692913385,0.5652788198203594,0.8031496062992126
335,1,casia:175,0,0,1.0,1.0,0.5748031496062992,0.5748031496062992,0.5050970501910383,0.7874015748031497
336,1,casia:139,0,0,1.0,1.0,0.3464566929133858,0.8110236220472441,1.0166420920402683,0.9212598425196851
337,1,casia:297,1,1,0.2578125,0.25196850393700787,0.36220472440944884,0.6456692913385826,-1.1548447714695627,0.31496062992125984
338,1,casia:204,0,0,1.0,1.0,0.9212598425196851,0.9212598425196851,0.9865512072256079,0.9133858267716536
339,1,casia:240,0,0,0.96875,0.6299212598425197,0.4094488188976378,0.4094488188976378,-0.7286292272100461,0.4645669291338583
340,1,casia:256,1,1,0.046875,0.25196850393700787,0.48031496062992124,0.48031496062992124,0.6186751667543797,0.7007874015748031
341,1,casia:304,1,1,0.484375,0.3228346456692913,0.8582677165354331,0.8582677165354331,1.4149494247324765,0.8740157480314961
342,1,casia:166,0,0,1.0,0.5118110236220472,0.18110236220472442,0.18110236220472442,-1.6313557716498637,0.2283464566929134
343,1,casia:039,0,0,1.0,1.0,0.5984251968503937,0.5984251968503937,-0.06662976128751318,0.6377952755905512
344,1,casia:196,0,0,1.0,1.0,0.7716535433070866,0.7716535433070866,0.4148243957470563,0.7637795275590551
345,1,casia:366,1,1,0.6328125,0.30708661417322836,0.5984251968503937,0.5984251968503937,0.6186751667543797,0.7007874015748031
346,1,casia:214,0,0,0.9765625,1.0,0.6062992125984252,0.6062992125984252,0.5050970501910383,0.7874015748031497
347,1,casia:401,1,1,0.5625,0.7559055118110236,0.4251968503937008,0.4251968503937008,0.9806180112898781,0.7795275590551181
348,1,casia:210,0,0,0.96875,0.3543307086614173,0.047244094488188976,0.047244094488188976,-2.142900813499094,0.09448818897637795
349,1,casia:278,1,1,0.28125,0.25196850393700787,0.30708661417322836,0.30708661417322836,0.9082294423827786,0.7637795275590551
350,1,casia:104,0,0,1.0,1.0,0.9212598425196851,0.9212598425196851,0.4750061653763774,0.7795275590551181
351,1,casia:175,0,0,1.0,1.0,0.8188976377952756,0.8188976377952756,0.5652788198203594,0.8031496062992126
352,1,casia:025,0,0,1.0,1.0,0.968503937007874,0.968503937007874,0.9865512072256079,0.9133858267716536
353,1,casia:049,0,0,1.0,1.0,0.9448818897637795,0.9448818897637795,-0.03653887647285264,0.6456692913385826
354,1,casia:117,0,0,1.0,1.0,0.7007874015748031,0.7007874015748031,0.23427908685909266,0.7165354330708661
355,1,casia:099,0,0,1.0,1.0,0.7480314960629921,0.7480314960629921,0.5652788198203594,0.8031496062992126
356,1,casia:150,0,0,1.0,1.0,0.9763779527559056,0.9763779527559056,0.29446085648841414,0.7322834645669292
357,1,casia:380,1,1,0.5234375,0.4645669291338583,0.5669291338582677,0.5669291338582677,1.0530065801969781,0.7952755905511811
358,1,casia:166,0,0,1.0,0.5354330708661418,0.14173228346456693,0.14173228346456693,-1.992446389425791,0.13385826771653545
359,1,casia:321,1,1,0.515625,0.28346456692913385,0.5669291338582677,0.5669291338582677,1.270172286918277,0.84251968503937
360,1,casia:181,0,0,1.0,1.0,0.48031496062992124,0.48031496062992124,-1.480901347576561,0.2677165354330709
361,1,casia:173,0,0,1.0,1.0,0.5039370078740157,0.5039370078740157,-0.367538609434119,0.5590551181102362
362,1,casia:029,0,0,0.96875,0.4251968503937008,0.4330708661417323,0.4330708661417323,0.8661876679669652,0.8818897637795275
363,1,casia:235,0,0,1.0,1.0,0.36220472440944884,0.36220472440944884,0.2041882020444321,0.7086614173228346
364,1,casia:478,1,1,0.015625,0.25984251968503935,0.44881889763779526,0.44881889763779526,-0.394764797945016,0.48031496062992124
365,1,casia:231,0,0,1.0,1.0,1.0,0.5984251968503937,0.7759150135229836,0.8582677165354331
366,1,casia:147,0,0,1.0,1.0,0.4566929133858268,0.4566929133858268,0.4750061653763774,0.7795275590551181
367,1,casia:350,1,1,0.578125,0.29133858267716534,0.49606299212598426,0.44881889763779526,-0.3223762290379162,0.49606299212598426
368,1,casia:012,0,0,1.0,1.0,0.8582677165354331,0.8582677165354331,0.9263694375962863,0.8976377952755905
369,1,casia:149,0,0,1.0,1.0,0.2992125984251969,0.2992125984251969,-1.93226461979647,0.14960629921259844
370,1,casia:491,1,1,0.046875,0.25984251968503935,0.2440944881889764,0.2440944881889764,-0.6481247891198647,0.4251968503937008
371,1,casia:010,0,0,1.0,1.0,0.2204724409448819,0.2204724409448819,0.7759150135229836,0.8582677165354331
372,1,casia:241,0,0,1.0,1.0,0.8740157480314961,0.8740157480314961,0.3847335109323958,0.7559055118110236
373,1,casia:349,1,1,0.546875,0.25984251968503935,0.1732283464566929,0.4881889763779528,0.36531517557953075,0.6456692913385826
374,1,casia:044,0,0,1.0,1.0,0.984251968503937,0.984251968503937,0.5351879350056988,0.7952755905511811
375,1,casia:061,0,0,1.0,1.0,0.4409448818897638,0.4409448818897638,-1.3003560386885975,0.31496062992125984
376,1,casia:309,1,1,0.1875,0.25196850393700787,0.8582677165354331,0.8582677165354331,-0.9738733492018136,0.3543307086614173
377,1,casia:249,0,0,1.0,1.0,0.5433070866141733,0.5433070866141733,-2.172991698313755,0.08661417322834646
378,1,casia:323,1,1,0.0234375,0.25984251968503935,0.4330708661417323,0.7007874015748031,0.58248088230083,0.6929133858267716
379,1,casia:344,1,1,0.6328125,0.7559055118110236,0.3464566929133858,0.3464566929133858,1.1977837180111774,0.8267716535433071
380,1,casia:130,0,0,1.0,1.0,0.7795275590551181,0.7795275590551181,0.44491528056171686,0.7716535433070866
381,1,casia:215,0,0,1.0,1.0,0.7559055118110236,0.7559055118110236,0.29446085648841414,0.7322834645669292
382,1,casia:014,0,0,1.0,1.0,0.9606299212598425,0.9606299212598425,0.44491528056171686,0.7716535433070866
383,1,casia:008,0,0,1.0,1.0,0.4094488188976378,0.4094488188976378,-0.367538609434119,0.5590551181102362
384,1,casia:251,1,1,0.8125,0.7559055118110236,0.8661417322834646,0.8661417322834646,0.8720351579292288,0.7559055118110236
385,1,casia:326,1,1,0.0703125,0.25984251968503935,0.6535433070866141,0.6535433070866141,0.9082294423827786,0.7637795275590551
386,1,casia:275,1,1,0.78125,0.6062992125984252,0.984251968503937,0.984251968503937,0.22053803776533162,0.6141732283464567
387,1,casia:398,1,1,0.2734375,0.25984251968503935,0.3543307086614173,0.3543307086614173,-0.394764797945016,0.48031496062992124
388,1,casia:224,0,0,1.0,1.0,0.5905511811023622,0.5905511811023622,0.29446085648841414,0.7322834645669292
389,1,casia:322,1,1,0.0234375,0.25196850393700787,0.14960629921259844,0.14960629921259844,-1.516787616005061,0.23622047244094488
390,1,casia:475,1,1,0.6484375,0.33858267716535434,0.6062992125984252,0.6062992125984252,-1.118650487016013,0.3228346456692913
391,1,casia:086,0,0,0.9765625,0.5511811023622047,0.29133858267716534,0.29133858267716534,-0.879083651283349,0.4251968503937008
392,1,casia:291,1,1,0.171875,0.2677165354330709,0.36220472440944884,0.36220472440944884,1.342560855825377,0.8582677165354331
393,1,casia:391,1,1,0.640625,0.4566929133858268,0.7480314960629921,0.7480314960629921,1.0530065801969781,0.7952755905511811
394,1,casia:000,0,0,0.9375,0.36220472440944884,0.15748031496062992,0.15748031496062992,0.2643699716737536,0.7244094488188977
395,1,casia:191,0,0,1.0,1.0,0.4409448818897638,0.4409448818897638,-0.09672064610217371,0.6299212598425197
396,1,casia:235,0,0,1.0,1.0,0.7401574803149606,0.7401574803149606,-0.9392654209126703,0.4094488188976378
397,1,casia:150,0,0,1.0,1.0,0.8267716535433071,0.9763779527559056,0.8360967831523047,0.8740157480314961
398,1,casia:340,1,1,0.7578125,0.7637795275590551,0.84251968503937,0.84251968503937,0.7996465890221292,0.7401574803149606
399,1,casia:272,1,1,0.359375,0.3464566929133858,0.9448818897637795,0.9448818897637795,1.0168122957434285,0.7874015748031497
400,1,casia:318,1,1,0.3515625,0.25196850393700787,0.8188976377952756,0.8188976377952756,0.4738980289401806,0.6692913385826772
401,1,casia:257,1,1,0.578125,0.2992125984251969,0.4015748031496063,0.4015748031496063,1.1977837180111774,0.8267716535433071
402,1,casia:346,1,1,0.5625,0.25984251968503935,0.5905511811023622,0.9212598425196851,0.5462865978472802,0.6850393700787402
403,1,casia:094,0,0,0.8828125,0.5433070866141733,0.7559055118110236,0.7559055118110236,0.5953697046350199,0.8110236220472441
404,1,casia:172,0,0,0.765625,0.6377952755905512,0.8110236220472441,0.8110236220472441,-0.8489927664686885,0.4330708661417323
405,1,casia:113,0,0,1.0,1.0,0.7480314960629921,0.8503937007874016,1.046732976854929,0.9291338582677166
406,1,casia:066,0,0,1.0,1.0,0.952755905511811,0.952755905511811,0.7157332438936621,0.84251968503937
407,1,casia:401,1,1,0.0078125,0.25196850393700787,0.14960629921259844,0.14960629921259844,-0.24998766013081658,0.5118110236220472
408,1,casia:137,0,0,1.0,1.0,0.6299212598425197,0.6299212598425197,0.6254605894496805,0.8188976377952756
409,1,casia:435,1,1,0.53125,0.25196850393700787,0.7637795275590551,0.7637795275590551,0.07576089995113199,0.5826771653543307
410,1,casia:357,1,1,0.9609375,1.0,1.0,0.9448818897637795,0.43770374448663085,0.6614173228346457
411,1,casia:445,1,1,0.9140625,0.8188976377952756,0.8503937007874016,0.8503937007874016,1.1253951491040777,0.8110236220472441
412,1,casia:177,0,0,1.0,1.0,0.8582677165354331,0.8582677165354331,-0.3976294942487795,0.5511811023622047
413,1,casia:118,0,0,1.0,1.0,0.5196850393700787,0.5196850393700787,1.10691474648425,0.9448818897637795
414,1,casia:079,0,0,1.0,1.0,0.2992125984251969,0.2992125984251969,0.17409731722977156,0.7007874015748031
415,1,casia:279,1,1,0.234375,0.2677165354330709,0.6535433070866141,0.6535433070866141,-0.4309590823985658,0.47244094488188976
416,1,casia:041,0,0,1.0,1.0,0.2204724409448819,0.8818897637795275,0.9263694375962863,0.8976377952755905
417,1,casia:238,0,0,1.0,1.0,0.25984251968503935,0.25984251968503935,-0.4578112638781006,0.5354330708661418
418,1,casia:218,0,0,0.5234375,0.10236220472440945,1.0,0.03937007874015748,-2.3234461223870575,0.047244094488188976
419,1,casia:252,1,1,0.5078125,0.2677165354330709,0.4094488188976378,0.4094488188976378,-0.2137933756772668,0.5196850393700787
420,1,casia:217,0,0,1.0,0.8582677165354331,0.3464566929133858,0.48031496062992124,0.4148243957470563,0.7637795275590551
421,1,casia:035,0,0,1.0,1.0,0.5826771653543307,0.5826771653543307,0.5652788198203594,0.8031496062992126
422,1,casia:118,0,0,1.0,1.0,0.9606299212598425,0.9606299212598425,0.44491528056171686,0.7716535433070866
423,1,casia:380,1,1,0.3828125,0.30708661417322836,0.7952755905511811,0.7952755905511811,-1.0824562025624629,0.33070866141732286
424,1,casia:352,1,1,0.9609375,1.0,0.9763779527559056,0.9763779527559056,1.1253951491040777,0.8110236220472441
425,1,casia:477,1,1,0.59375,0.6299212598425197,0.47244094488188976,0.8661417322834646,0.4015094600330806,0.6535433070866141
426,1,casia:254,1,1,0.2890625,0.25984251968503935,0.14960629921259844,0.14960629921259844,-1.7339533227263604,0.1889763779527559
427,1,casia:463,1,1,0.640625,0.2677165354330709,0.5669291338582677,0.5669291338582677,0.36531517557953075,0.6456692913385826
428,1,casia:241,0,0,1.0,1.0,0.4566929133858268,0.4566929133858268,0.2041882020444321,0.7086614173228346
429,1,casia:451,1,1,0.3984375,0.25196850393700787,1.0,0.8110236220472441,1.5597265625466756,0.905511811023622
430,1,casia:129,0,0,1.0,1.0,0.5826771653543307,0.5826771653543307,0.3245517413030747,0.7401574803149606
431,1,casia:068,0,0,0.8359375,0.8267716535433071,0.4015748031496063,0.4015748031496063,-1.179992499429955,0.3464566929133858
432,1,casia:399,1,1,0.8515625,1.0,1.0,0.7952755905511811,1.1977837180111774,0.8267716535433071
433,1,casia:260,1,0,1.0,1.0,0.7322834645669292,0.7322834645669292,0.8060058983376441,0.8661417322834646
434,1,casia:291,1,1,0.1796875,0.30708661417322836,0.3228346456692913,0.3228346456692913,1.1615894335576276,0.8188976377952756
435,1,casia:324,1,1,0.0078125,0.25984251968503935,0.12598425196850394,0.12598425196850394,-1.77014760717991,0.18110236220472442
436,1,casia:359,1,1,0.6015625,0.4881889763779528,0.41732283464566927,0.41732283464566927,0.7634523045685794,0.7322834645669292
437,1,casia:187,0,0,1.0,1.0,0.4881889763779528,0.4881889763779528,-1.0596289601713127,0.3779527559055118
438,1,casia:377,1,1,0.6328125,0.25984251968503935,0.9606299212598425,0.9606299212598425,0.6910637356614794,0.7165354330708661
439,1,casia:423,1,1,0.0078125,0.11023622047244094,0.023622047244094488,0.7795275590551181,-1.2634276248302123,0.29133858267716534
440,1,casia:292,1,1,0.28125,0.2755905511811024,0.8031496062992126,0.8031496062992126,-0.03282195340951737,0.5590551181102362
441,1,casia:329,1,1,0.8046875,0.3228346456692913,0.984251968503937,0.984251968503937,1.1615894335576276,0.8188976377952756
442,1,casia:014,0,0,1.0,1.0,0.984251968503937,0.984251968503937,0.3546426261177352,0.7480314960629921
443,1,casia:158,0,0,0.9140625,0.952755905511811,0.6771653543307087,0.6771653543307087,0.9865512072256079,0.9133858267716536
444,1,casia:273,1,1,0.2578125,0.3700787401574803,0.33858267716535434,0.33858267716535434,0.6910637356614794,0.7165354330708661
445,1,casia:324,1,1,0.09375,0.33858267716535434,0.3937007874015748,0.3937007874015748,-1.0100676336553633,0.3464566929133858
446,1,casia:155,0,0,1.0,1.0,0.905511811023622,0.905511811023622,0.4750061653763774,0.7795275590551181
447,1,casia:395,1,1,0.40625,0.25196850393700787,0.9448818897637795,0.9448818897637795,1.342560855825377,0.8582677165354331
448,1,casia:075,0,0,1.0,1.0,0.8976377952755905,0.8976377952755905,0.7759150135229836,0.8582677165354331
449,1,casia:226,0,0,0.9921875,0.8031496062992126,0.7322834645669292,0.7322834645669292,-0.367538609434119,0.5590551181102362
450,1,casia:193,0,0,1.0,1.0,0.9212598425196851,0.9763779527559056,0.23427908685909266,0.7165354330708661
451,1,casia:106,0,0,1.0,1.0,0.5826771653543307,0.5826771653543307,0.7759150135229836,0.8582677165354331
452,1,casia:303,1,1,0.328125,0.25984251968503935,0.28346456692913385,0.28346456692913385,0.2567323222188814,0.6220472440944882
453,1,casia:113,0,0,1.0,1.0,0.4409448818897638,0.4409448818897638,0.8661876679669652,0.8818897637795275
454,1,casia:109,0,0,1.0,1.0,0.7637795275590551,0.7637795275590551,0.23427908685909266,0.7165354330708661
455,1,casia:372,1,1,0.546875,0.25196850393700787,0.6062992125984252,0.6062992125984252,0.7272580201150296,0.7244094488188977
456,1,casia:090,0,0,1.0,1.0,0.5275590551181102,0.5275590551181102,0.11391554760045049,0.6850393700787402
457,1,casia:499,1,1,0.6796875,0.25196850393700787,0.6220472440944882,0.6220472440944882,-0.6481247891198647,0.4251968503937008
458,1,casia:298,1,0,1.0,0.07086614173228346,0.5196850393700787,0.984251968503937,0.05373377797112941,0.6692913385826772
459,1,casia:010,0,0,1.0,1.0,0.8188976377952756,0.8188976377952756,0.745824128708323,0.8503937007874016
460,1,casia:161,0,0,1.0,1.0,0.5118110236220472,0.5118110236220472,-0.06662976128751318,0.6377952755905512
461,1,casia:052,0,0,1.0,1.0,0.7795275590551181,0.7795275590551181,-1.6614466564645245,0.2204724409448819
462,1,casia:300,1,1,0.640625,0.3700787401574803,0.6929133858267716,0.9921259842519685,0.6186751667543797,0.7007874015748031
463,1,casia:122,0,0,0.734375,0.41732283464566927,0.7637795275590551,0.7637795275590551,-1.541083117205882,0.25196850393700787
464,1,casia:273,1,1,0.234375,0.25196850393700787,0.2283464566929134,0.2283464566929134,-0.24998766013081658,0.5118110236220472
465,1,casia:221,0,0,0.5703125,0.25196850393700787,0.4015748031496063,0.4015748031496063,-0.5480839183220827,0.5118110236220472
466,1,casia:227,0,0,1.0,1.0,0.5905511811023622,0.5905511811023622,-0.2772659549901374,0.5826771653543307
467,1,casia:385,1,1,0.46875,0.2992125984251969,0.1889763779527559,0.1889763779527559,-0.4309590823985658,0.47244094488188976
468,1,casia:113,0,0,1.0,1.0,0.968503937007874,0.84251968503937,0.9865512072256079,0.9133858267716536
469,1,casia:332,1,1,0.5625,0.7401574803149606,0.4330708661417323,0.5039370078740157,-0.10521052231661694,0.5433070866141733
470,1,casia:315,1,1,0.203125,0.25196850393700787,0.8267716535433071,0.9606299212598425,0.00337233104403241,0.5669291338582677
471,1,casia:090,0,0,1.0,1.0,1.0,0.5905511811023622,0.4148243957470563,0.7637795275590551
472,1,casia:150,0,0,1.0,1.0,0.6456692913385826,0.6771653543307087,0.7157332438936621,0.84251968503937
473,1,casia:317,1,1,0.4140625,0.5905511811023622,0.9921259842519685,0.9921259842519685,1.0168122957434285,0.7874015748031497
474,1,casia:117,0,0,1.0,1.0,0.6535433070866141,0.6535433070866141,0.23427908685909266,0.7165354330708661
475,1,casia:248,0,0,1.0,0.2047244094488189,0.1968503937007874,0.1968503937007874,-1.3906286931325793,0.29133858267716534
476,1,casia:108,0,0,1.0,1.0,0.84251968503937,0.9763779527559056,0.9564603224109469,0.905511811023622
477,1,casia:158,0,0,1.0,1.0,0.7637795275590551,0.7637795275590551,1.046732976854929,0.9291338582677166
478,1,casia:148,0,0,1.0,1.0,0.7165354330708661,0.7165354330708661,0.9263694375962863,0.8976377952755905
479,1,casia:192,0,0,1.0,1.0,0.3464566929133858,0.3464566929133858,0.8360967831523047,0.8740157480314961
480,1,casia:180,0,0,1.0,1.0,0.7716535433070866,0.9133858267716536,0.3847335109323958,0.7559055118110236
481,1,casia:102,0,0,1.0,1.0,0.9291338582677166,0.6220472440944882,0.5652788198203594,0.8031496062992126
482,1,casia:336,1,1,0.234375,0.25196850393700787,0.8031496062992126,0.8031496062992126,0.43770374448663085,0.6614173228346457
483,1,casia:249,0,0,1.0,1.0,0.49606299212598426,0.49606299212598426,0.05373377797112941,0.6692913385826772
484,1,casia:269,1,1,0.015625,0.25196850393700787,0.5984251968503937,0.3464566929133858,-0.14140480677016673,0.5354330708661418
485,1,casia:431,1,1,0.7109375,0.3700787401574803,1.0,0.7165354330708661,0.5462865978472802,0.6850393700787402
486,1,casia:290,1,1,0.03125,0.25196850393700787,0.5511811023622047,0.5511811023622047,-1.3358161937373119,0.2755905511811024
487,1,casia:082,0,0,0.9765625,0.9763779527559056,0.5196850393700787,0.5196850393700787,-1.0897198449859733,0.3700787401574803
488,1,casia:384,1,1,0.5703125,0.3228346456692913,0.8346456692913385,0.8346456692913385,1.270172286918277,0.84251968503937
489,1,casia:081,0,0,1.0,1.0,0.905511811023622,0.905511811023622,0.8661876679669652,0.8818897637795275
490,1,casia:417,1,1,0.7734375,0.8110236220472441,1.0,0.8661417322834646,-0.06901623786306715,0.5511811023622047
491,1,casia:177,0,0,1.0,1.0,0.4015748031496063,0.9212598425196851,0.3847335109323958,0.7559055118110236
492,1,casia:176,0,0,1.0,1.0,0.7637795275590551,0.7637795275590551,-1.240174269059276,0.33070866141732286
493,1,casia:171,0,0,0.984375,1.0,0.7401574803149606,0.7401574803149606,-2.172991698313755,0.08661417322834646
494,1,casia:020,0,0,1.0,1.0,0.3937007874015748,0.3937007874015748,0.4750061653763774,0.7795275590551181
495,1,casia:084,0,0,0.9921875,0.2677165354330709,0.48031496062992124,0.48031496062992124,0.5351879350056988,0.7952755905511811
496,1,casia:479,1,1,0.140625,0.25196850393700787,0.25984251968503935,0.25984251968503935,-0.03282195340951737,0.5590551181102362
497,1,casia:408,1,1,0.21875,0.2755905511811024,0.5039370078740157,0.5039370078740157,-1.0100676336553633,0.3464566929133858
498,1,casia:198,0,1,0.6328125,0.18110236220472442,0.03937007874015748,0.03937007874015748,-1.2996219092837622,0.28346456692913385
499,1,casia:432,1,1,0.65625,0.3228346456692913,0.952755905511811,0.952755905511811,1.3787551402789269,0.8661417322834646
500,1,casia:123,0,0,0.9921875,1.0,0.8346456692913385,0.8346456692913385,1.0166420920402683,0.9212598425196851
501,1,casia:162,0,0,1.0,1.0,0.8031496062992126,0.8031496062992126,0.17409731722977156,0.7007874015748031
502,1,casia:492,1,1,0.625,0.3543307086614173,0.1968503937007874,0.1968503937007874,0.43770374448663085,0.6614173228346457
503,1,casia:204,0,0,1.0,1.0,0.8346456692913385,0.8346456692913385,1.0768238616695895,0.937007874015748
504,1,casia:248,0,0,1.0,0.4330708661417323,0.09448818897637795,0.09448818897637795,-2.142900813499094,0.09448818897637795
505,1,casia:086,0,0,1.0,1.0,0.7401574803149606,0.7401574803149606,-0.6985383423953856,0.47244094488188976
506,1,casia:405,1,1,0.0078125,0.25196850393700787,0.8031496062992126,0.8031496062992126,0.9082294423827786,0.7637795275590551
507,1,casia:279,1,1,0.3515625,0.2992125984251969,0.9763779527559056,0.9763779527559056,1.0530065801969781,0.7952755905511811
508,1,casia:412,1,1,0.109375,0.13385826771653545,0.33858267716535434,0.33858267716535434,0.07576089995113199,0.5826771653543307
509,1,casia:448,1,1,0.2265625,0.3543307086614173,0.952755905511811,0.952755905511811,0.6186751667543797,0.7007874015748031
510,1,casia:226,0,0,1.0,1.0,0.8661417322834646,0.8661417322834646,0.5050970501910383,0.7874015748031497
511,1,casia:195,0,0,0.8359375,0.25984251968503935,0.2047244094488189,0.2047244094488189,-1.8419919653524879,0.1732283464566929
0,0,casia:218,0,1,0.6328125,0.2677165354330709,0.5118110236220472,0.12598425196850394,0.9444237268363284,0.7716535433070866
1,0,casia:092,0,0,1.0,1.0,0.9606299212598425,0.9606299212598425,0.6254605894496805,0.8188976377952756
2,0,casia:111,0,0,1.0,1.0,0.3858267716535433,0.3858267716535433,0.655551474264341,0.8267716535433071
3,0,casia:330,1,1,0.71875,0.5748031496062992,0.6771653543307087,0.6771653543307087,0.9806180112898781,0.7795275590551181
4,0,casia:353,1,1,0.109375,0.2677165354330709,0.4015748031496063,0.4015748031496063,0.11195518440468176,0.5905511811023622
5,0,casia:428,1,1,0.453125,0.2755905511811024,0.8267716535433071,0.8267716535433071,0.9806180112898781,0.7795275590551181
6,0,casia:295,1,1,0.03125,0.15748031496062992,0.2283464566929134,0.2283464566929134,-2.313061873983158,0.06299212598425197
7,0,casia:022,0,0,0.7265625,0.3543307086614173,0.06299212598425197,0.06299212598425197,-1.93226461979647,0.14960629921259844
8,0,casia:354,1,1,0.0390625,0.28346456692913385,0.984251968503937,0.984251968503937,0.2567323222188814,0.6220472440944882
9,0,casia:477,1,1,0.7421875,0.7559055118110236,0.84251968503937,0.984251968503937,0.6910637356614794,0.7165354330708661
10,0,casia:209,0,0,0.9609375,0.9212598425196851,0.18110236220472442,0.18110236220472442,0.3546426261177352,0.7480314960629921
11,0,casia:297,1,1,0.015625,0.25984251968503935,1.0,0.6141732283464567,-0.6481247891198647,0.4251968503937008
12,0,casia:135,0,0,1.0,0.5433070866141733,0.36220472440944884,0.36220472440944884,-1.6012648868352033,0.23622047244094488
13,0,casia:034,0,0,1.0,1.0,0.8267716535433071,0.8267716535433071,0.3847335109323958,0.7559055118110236
14,0,casia:281,1,1,0.0078125,0.1968503937007874,0.49606299212598426,0.49606299212598426,-1.77014760717991,0.18110236220472442
15,0,casia:111,0,0,1.0,1.0,0.3700787401574803,0.3700787401574803,-0.1569024157314948,0.6141732283464567
16,0,casia:331,1,1,0.71875,0.7559055118110236,0.5039370078740157,0.5039370078740157,0.18434375331178185,0.6062992125984252
17,0,casia:131,0,0,1.0,1.0,0.9448818897637795,0.9448818897637795,-1.0897198449859733,0.3700787401574803
18,0,casia:469,1,1,0.671875,0.5511811023622047,0.5590551181102362,0.5590551181102362,-0.17759909122371703,0.5275590551181102
19,0,casia:255,1,1,0.0390625,0.25984251968503935,0.4251968503937008,0.4645669291338583,0.07576089995113199,0.5826771653543307
20,0,casia:004,0,0,1.0,1.0,0.3464566929133858,0.3464566929133858,1.0166420920402683,0.9212598425196851
21,0,casia:027,0,0,0.9375,0.1732283464566929,0.08661417322834646,0.08661417322834646,-1.6313557716498637,0.2283464566929134
22,0,casia:098,0,0,1.0,1.0,0.8582677165354331,0.8582677165354331,0.655551474264341,0.8267716535433071
23,0,casia:403,1,0,1.0,0.14173228346456693,0.14173228346456693,0.14173228346456693,-0.6082656879514037,0.49606299212598426
24,0,casia:010,0,1,0.2109375,0.25196850393700787,0.84251968503937,0.84251968503937,0.5462865978472802,0.6850393700787402
25,0,casia:381,1,1,0.625,0.33070866141732286,1.0,0.7716535433070866,-0.24998766013081658,0.5118110236220472
26,0,casia:021,0,0,1.0,1.0,0.8110236220472441,0.8110236220472441,0.6254605894496805,0.8188976377952756
27,0,casia:146,0,0,0.9375,0.47244094488188976,0.4409448818897638,0.4409448818897638,0.8360967831523047,0.8740157480314961
28,0,casia:236,0,1,0.15625,0.29133858267716534,0.3464566929133858,0.3464566929133858,0.58248088230083,0.6929133858267716
29,0,casia:383,1,1,0.359375,0.2755905511811024,0.9606299212598425,0.9606299212598425,-0.2137933756772668,0.5196850393700787
30,0,casia:133,0,0,1.0,1.0,0.28346456692913385,0.28346456692913385,0.3546426261177352,0.7480314960629921
31,0,casia:195,0,0,1.0,1.0,0.28346456692913385,0.28346456692913385,0.4148243957470563,0.7637795275590551
32,0,casia:171,0,0,0.8046875,0.2440944881889764,0.2755905511811024,0.2755905511811024,-1.992446389425791,0.13385826771653545
33,0,casia:203,0,0,0.9921875,0.937007874015748,1.0,0.84251968503937,0.7157332438936621,0.84251968503937
34,0,casia:114,0,1,0.0859375,0.13385826771653545,0.2125984251968504,0.2125984251968504,-0.6119305046663149,0.4330708661417323
35,0,casia:407,1,1,0.0234375,0.03937007874015748,0.11811023622047244,0.11811023622047244,-1.0462619181089132,0.33858267716535434
36,0,casia:196,0,0,1.0,1.0,0.7165354330708661,0.7165354330708661,0.23427908685909266,0.7165354330708661
37,0,casia:008,0,0,1.0,1.0,0.7952755905511811,0.7952755905511811,0.655551474264341,0.8267716535433071
38,0,casia:324,1,1,0.0078125,0.25196850393700787,0.15748031496062992,0.15748031496062992,-2.095896167261859,0.11023622047244094
39,0,casia:360,1,1,0.96875,1.0,0.9291338582677166,0.9291338582677166,1.270172286918277,0.84251968503937
40,0,casia:101,0,1,0.2890625,0.2440944881889764,0.08661417322834646,0.08661417322834646,0.11195518440468176,0.5905511811023622
41,0,casia:067,0,0,1.0,1.0,0.9291338582677166,0.9291338582677166,-0.48790214869276155,0.5275590551181102
42,0,casia:255,1,1,0.34375,0.31496062992125984,0.41732283464566927,0.41732283464566927,0.36531517557953075,0.6456692913385826
43,0,casia:368,1,1,0.40625,0.2992125984251969,0.18110236220472442,0.18110236220472442,1.0530065801969781,0.7952755905511811
44,0,casia:432,1,1,0.953125,0.7637795275590551,0.9448818897637795,0.9448818897637795,0.7634523045685794,0.7322834645669292
45,0,casia:422,1,1,0.2265625,0.2755905511811024,0.3543307086614173,0.3543307086614173,0.2567323222188814,0.6220472440944882
46,0,casia:274,1,1,0.2734375,0.2992125984251969,0.14960629921259844,0.14960629921259844,0.36531517557953075,0.6456692913385826
47,0,casia:178,0,0,1.0,1.0,0.7874015748031497,0.7874015748031497,-0.8489927664686885,0.4330708661417323
48,0,casia:273,1,1,0.046875,0.2677165354330709,0.31496062992125984,0.31496062992125984,0.07576089995113199,0.5826771653543307
49,0,casia:147,0,0,1.0,1.0,0.3543307086614173,0.3543307086614173,0.17409731722977156,0.7007874015748031
50,0,casia:343,1,1,0.578125,0.2992125984251969,0.8582677165354331,0.8582677165354331,1.1253951491040777,0.8110236220472441
51,0,casia:179,0,0,1.0,1.0,1.0,0.937007874015748,1.046732976854929,0.9291338582677166
52,0,casia:207,0,1,0.0078125,0.07874015748031496,0.5118110236220472,0.5118110236220472,0.11195518440468176,0.5905511811023622
53,0,casia:025,0,0,1.0,1.0,0.8818897637795275,0.8818897637795275,0.4148243957470563,0.7637795275590551
54,0,casia:362,1,1,0.703125,0.7874015748031497,0.984251968503937,0.984251968503937,1.089200864650528,0.8031496062992126
55,0,casia:167,0,0,1.0,1.0,0.9763779527559056,0.9763779527559056,1.0166420920402683,0.9212598425196851
56,0,casia:128,0,0,1.0,1.0,0.5511811023622047,0.5511811023622047,-0.367538609434119,0.5590551181102362
57,0,casia:281,1,1,0.0078125,0.25196850393700787,0.4094488188976378,0.4094488188976378,-1.7339533227263604,0.1889763779527559
58,0,casia:354,1,1,0.296875,0.2677165354330709,0.8740157480314961,0.8740157480314961,-0.5033476513056654,0.4566929133858268
59,0,casia:027,0,0,1.0,1.0,0.7952755905511811,0.7952755905511811,0.7759150135229836,0.8582677165354331
60,0,casia:419,1,1,0.4140625,0.3937007874015748,0.2125984251968504,0.2125984251968504,0.07576089995113199,0.5826771653543307
61,0,casia:163,0,0,1.0,1.0,0.7165354330708661,0.7165354330708661,-0.9392654209126703,0.4094488188976378
62,0,casia:153,0,1,0.3359375,0.2677165354330709,0.07086614173228346,0.07086614173228346,-0.24998766013081658,0.5118110236220472
63,0,casia:333,1,1,0.859375,0.7874015748031497,1.0,0.8661417322834646,1.342560855825377,0.8582677165354331
64,0,casia:342,1,1,0.0234375,0.25196850393700787,0.44881889763779526,0.44881889763779526,-0.03282195340951737,0.5590551181102362
65,0,casia:065,0,0,1.0,1.0,0.7559055118110236,0.7559055118110236,0.655551474264341,0.8267716535433071
66,0,casia:112,0,0,1.0,0.10236220472440945,0.36220472440944884,0.06299212598425197,-0.4578112638781006,0.5354330708661418
67,0,casia:196,0,0,1.0,1.0,1.0,0.7952755905511811,0.6856423590790016,0.8346456692913385
68,0,casia:123,0,0,1.0,0.10236220472440945,0.2047244094488189,0.2047244094488189,0.745824128708323,0.8503937007874016
69,0,casia:218,0,1,0.484375,0.25984251968503935,0.30708661417322836,0.30708661417322836,0.43770374448663085,0.6614173228346457
70,0,casia:152,0,0,1.0,1.0,0.8346456692913385,0.8346456692913385,0.9865512072256079,0.9133858267716536
71,0,casia:477,1,1,0.8359375,0.8346456692913385,0.6929133858267716,0.6929133858267716,0.9444237268363284,0.7716535433070866
72,0,casia:128,0,0,1.0,1.0,0.1889763779527559,0.1889763779527559,-0.7286292272100461,0.4645669291338583
73,0,casia:050,0,0,1.0,1.0,0.9921259842519685,0.9921259842519685,0.44491528056171686,0.7716535433070866
74,0,casia:004,0,0,1.0,1.0,0.905511811023622,0.905511811023622,0.05373377797112941,0.6692913385826772
75,0,casia:144,0,0,1.0,1.0,0.7007874015748031,0.7007874015748031,0.5652788198203594,0.8031496062992126
76,0,casia:329,1,1,0.1640625,0.25984251968503935,0.2440944881889764,0.2440944881889764,-0.6481247891198647,0.4251968503937008
77,0,casia:328,1,1,0.359375,0.2677165354330709,0.7637795275590551,0.7637795275590551,-0.10521052231661694,0.5433070866141733
78,0,casia:208,0,0,0.9921875,0.7874015748031497,0.5826771653543307,0.5826771653543307,0.3847335109323958,0.7559055118110236
79,0,casia:073,0,0,1.0,1.0,0.6850393700787402,0.6850393700787402,-1.0596289601713127,0.3779527559055118
80,0,casia:262,1,1,0.1015625,0.4409448818897638,0.6929133858267716,0.6929133858267716,0.4738980289401806,0.6692913385826772
81,0,casia:362,1,1,0.5546875,0.36220472440944884,0.9606299212598425,0.9606299212598425,0.18434375331178185,0.6062992125984252
82,0,casia:335,1,1,0.5703125,0.2677165354330709,0.7952755905511811,0.7952755905511811,0.6186751667543797,0.7007874015748031
83,0,casia:390,1,1,0.0078125,0.2283464566929134,0.11023622047244094,0.14173228346456693,0.00337233104403241,0.5669291338582677
84,0,casia:284,1,1,0.0859375,0.25196850393700787,0.6850393700787402,0.6850393700787402,1.306366571371827,0.8503937007874016
85,0,casia:026,0,0,1.0,1.0,0.937007874015748,0.937007874015748,0.9263694375962863,0.8976377952755905
86,0,casia:219,0,1,0.1171875,0.25196850393700787,0.13385826771653545,0.13385826771653545,0.5100923133937304,0.6771653543307087
87,0,casia:212,0,1,0.140625,0.10236220472440945,0.2204724409448819,0.2204724409448819,-1.9511190294476595,0.14173228346456693
88,0,casia:126,0,0,1.0,1.0,0.8582677165354331,0.8661417322834646,-0.18699330054615534,0.6062992125984252
89,0,casia:395,1,1,0.453125,0.25196850393700787,0.9291338582677166,0.9291338582677166,1.306366571371827,0.8503937007874016
90,0,casia:433,1,1,0.671875,0.4409448818897638,0.968503937007874,0.968503937007874,0.5462865978472802,0.6850393700787402
91,0,casia:393,1,1,0.1875,0.28346456692913385,0.5118110236220472,0.5118110236220472,0.00337233104403241,0.5669291338582677
92,0,casia:366,1,1,0.6015625,0.41732283464566927,0.5354330708661418,0.5354330708661418,0.6910637356614794,0.7165354330708661
93,0,casia:499,1,0,0.9453125,0.10236220472440945,0.7952755905511811,0.7952755905511811,-2.383627892016379,0.031496062992125984
94,0,casia:271,1,1,0.0625,0.25196850393700787,0.6456692913385826,0.6456692913385826,-0.8652904958411639,0.3779527559055118
95,0,casia:124,0,0,1.0,1.0,0.5039370078740157,0.5039370078740157,-0.24717507017547682,0.5905511811023622
96,0,casia:381,1,1,0.6328125,0.25196850393700787,0.41732283464566927,0.41732283464566927,-0.03282195340951737,0.5590551181102362
97,0,casia:326,1,1,0.0078125,0.25984251968503935,0.14173228346456693,0.14173228346456693,-1.9873133139012094,0.13385826771653545
98,0,casia:348,1,1,0.7890625,0.7795275590551181,1.0,0.4645669291338583,0.00337233104403241,0.5669291338582677
99,0,casia:365,1,1,0.0625,0.07086614173228346,0.8582677165354331,0.8582677165354331,-0.10521052231661694,0.5433070866141733
100,0,casia:070,0,0,1.0,1.0,0.5905511811023622,0.5905511811023622,0.23427908685909266,0.7165354330708661
101,0,casia:077,0,0,1.0,1.0,0.8582677165354331,0.8582677165354331,0.3847335109323958,0.7559055118110236
102,0,casia:138,0,0,0.46875,0.3464566929133858,0.49606299212598426,0.49606299212598426,0.5351879350056988,0.7952755905511811
103,0,casia:081,0,0,1.0,1.0,0.9763779527559056,0.9763779527559056,0.3245517413030747,0.7401574803149606
104,0,casia:095,0,0,1.0,1.0,0.8818897637795275,0.8818897637795275,-0.9693563057273309,0.4015748031496063
105,0,casia:179,0,0,1.0,1.0,0.9133858267716536,0.9133858267716536,-0.4578112638781006,0.5354330708661418
106,0,casia:122,0,0,0.8046875,0.12598425196850394,0.03937007874015748,0.03937007874015748,-2.293355237572397,0.05511811023622047
107,0,casia:378,1,1,0.7890625,0.8031496062992126,1.0,0.968503937007874,0.9444237268363284,0.7716535433070866
108,0,casia:046,0,0,0.9921875,0.8503937007874016,0.41732283464566927,0.41732283464566927,-0.18699330054615534,0.6062992125984252
109,0,casia:000,0,0,1.0,1.0,0.1968503937007874,0.1968503937007874,-1.93226461979647,0.14960629921259844
110,0,casia:073,0,1,0.0078125,0.015748031496062992,0.007874015748031496,0.007874015748031496,-2.2406733050760583,0.07874015748031496
111,0,casia:180,0,0,1.0,1.0,0.9763779527559056,0.9763779527559056,0.9263694375962863,0.8976377952755905
112,0,casia:127,0,0,1.0,1.0,0.5118110236220472,0.7086614173228346,0.5953697046350199,0.8110236220472441
113,0,casia:212,0,0,1.0,1.0,0.5748031496062992,0.5748031496062992,-2.2632643527577363,0.06299212598425197
114,0,casia:110,0,0,1.0,1.0,0.4645669291338583,0.4645669291338583,-0.09672064610217371,0.6299212598425197
115,0,casia:252,1,1,0.2734375,0.25984251968503935,0.8740157480314961,0.8740157480314961,0.4738980289401806,0.6692913385826772
116,0,casia:332,1,1,0.5625,0.2992125984251969,0.4645669291338583,0.4645669291338583,-0.14140480677016673,0.5354330708661418
117,0,casia:452,1,1,0.53125,0.6929133858267716,1.0,0.9921259842519685,1.089200864650528,0.8031496062992126
118,0,casia:431,1,1,0.5234375,0.3937007874015748,0.9921259842519685,0.8740157480314961,0.5462865978472802,0.6850393700787402
119,0,casia:296,1,1,0.4921875,0.3464566929133858,0.9606299212598425,0.9606299212598425,1.4511437091860264,0.8818897637795275
120,0,casia:482,1,0,0.9140625,0.5669291338582677,0.36220472440944884,0.36220472440944884,0.5351879350056988,0.7952755905511811
121,0,casia:292,1,1,0.3515625,0.25196850393700787,0.4251968503937008,0.4251968503937008,-1.0100676336553633,0.3464566929133858
122,0,casia:082,0,0,0.9921875,1.0,0.9448818897637795,0.9448818897637795,-0.9091745360980098,0.41732283464566927
123,0,casia:444,1,1,0.421875,0.31496062992125984,0.9921259842519685,0.9921259842519685,1.4511437091860264,0.8818897637795275
124,0,casia:180,0,0,1.0,1.0,0.047244094488188976,0.047244094488188976,-2.0225372742404515,0.12598425196850394
125,0,casia:485,1,1,0.609375,0.2677165354330709,0.889763779527559,0.889763779527559,-0.3223762290379162,0.49606299212598426
126,0,casia:174,0,0,1.0,1.0,0.8031496062992126,0.8031496062992126,0.8060058983376441,0.8661417322834646
127,0,casia:134,0,0,0.9375,1.0,0.889763779527559,0.889763779527559,0.8661876679669652,0.8818897637795275
128,0,casia:494,1,1,0.0078125,0.2677165354330709,0.9606299212598425,0.9606299212598425,-1.516787616005061,0.23622047244094488
129,0,casia:369,1,1,0.4765625,0.41732283464566927,0.7480314960629921,0.7480314960629921,-0.35857051349146596,0.4881889763779528
130,0,casia:153,0,1,0.2265625,0.25984251968503935,0.13385826771653545,0.13385826771653545,1.6321151314537758,0.9212598425196851
131,0,casia:447,1,1,0.1875,0.25984251968503935,0.7480314960629921,0.7480314960629921,1.233978002464727,0.8346456692913385
132,0,casia:221,0,0,0.9453125,0.2204724409448819,0.2047244094488189,0.2047244094488189,-0.8189018816540279,0.4409448818897638
133,0,casia:145,0,0,1.0,1.0,1.0,0.5275590551181102,-0.2772659549901374,0.5826771653543307
134,0,casia:372,1,1,0.4765625,0.2755905511811024,0.4330708661417323,0.4330708661417323,0.2929266066724312,0.6299212598425197
135,0,casia:079,0,0,1.0,1.0,0.2047244094488189,0.2047244094488189,-0.2772659549901374,0.5826771653543307
136,0,casia:241,0,0,1.0,1.0,0.5748031496062992,0.5748031496062992,0.9564603224109469,0.905511811023622
137,0,casia:105,0,0,1.0,1.0,0.36220472440944884,0.36220472440944884,-0.668447457580725,0.48031496062992124
138,0,casia:246,0,0,1.0,1.0,0.6535433070866141,0.6535433070866141,-1.7517193109085063,0.1968503937007874
139,0,casia:280,1,1,0.109375,0.25196850393700787,0.9921259842519685,0.9921259842519685,-0.7567076424805144,0.4015748031496063
140,0,casia:210,0,0,0.9765625,0.48031496062992124,0.6614173228346457,0.6614173228346457,-1.541083117205882,0.25196850393700787
141,0,casia:060,0,0,1.0,1.0,0.6377952755905512,0.6377952755905512,0.5953697046350199,0.8110236220472441
142,0,casia:363,1,1,0.5859375,0.4094488188976378,0.8031496062992126,0.8031496062992126,1.1253951491040777,0.8110236220472441
143,0,casia:139,0,0,1.0,1.0,0.8031496062992126,0.5433070866141733,1.0768238616695895,0.937007874015748
144,0,casia:443,1,1,0.5625,0.3228346456692913,0.8110236220472441,0.7559055118110236,-0.7567076424805144,0.4015748031496063
145,0,casia:369,1,1,0.6015625,0.4251968503937008,0.9606299212598425,0.9606299212598425,0.4015094600330806,0.6535433070866141
146,0,casia:373,1,1,0.1015625,0.25196850393700787,0.7637795275590551,0.7637795275590551,-0.17759909122371703,0.5275590551181102
147,0,casia:022,0,0,0.96875,0.6929133858267716,0.952755905511811,0.952755905511811,0.7157332438936621,0.84251968503937
148,0,casia:432,1,1,0.7890625,0.7480314960629921,0.9606299212598425,0.9606299212598425,0.6186751667543797,0.7007874015748031
149,0,casia:392,1,1,0.109375,0.28346456692913385,0.6929133858267716,0.6929133858267716,0.7996465890221292,0.7401574803149606
150,0,casia:007,0,0,0.9921875,0.3858267716535433,0.5511811023622047,0.5511811023622047,-1.9021737349818093,0.15748031496062992
151,0,casia:223,0,0,0.9921875,0.7165354330708661,0.4645669291338583,0.4645669291338583,0.9865512072256079,0.9133858267716536
152,0,casia:381,1,1,0.203125,0.25196850393700787,0.6220472440944882,0.6220472440944882,0.00337233104403241,0.5669291338582677
153,0,casia:416,1,0,0.8828125,0.25196850393700787,0.11811023622047244,0.11811023622047244,-1.6012648868352033,0.23622047244094488
154,0,casia:096,0,0,1.0,1.0,0.7480314960629921,0.7480314960629921,1.10691474648425,0.9448818897637795
155,0,casia:374,1,1,0.0234375,0.2047244094488189,0.3937007874015748,0.3937007874015748,-0.17759909122371703,0.5275590551181102
156,0,casia:438,1,1,0.0078125,0.2283464566929134,0.13385826771653545,0.14960629921259844,-2.276867589529608,0.07086614173228346
157,0,casia:029,0,0,0.984375,0.2677165354330709,0.33070866141732286,0.33070866141732286,0.8060058983376441,0.8661417322834646
158,0,casia:212,0,0,1.0,1.0,0.2755905511811024,0.2755905511811024,-1.6614466564645245,0.2204724409448819
159,0,casia:028,0,0,1.0,1.0,0.968503937007874,0.968503937007874,0.8060058983376441,0.8661417322834646
160,0,casia:401,1,1,0.484375,0.5118110236220472,1.0,0.30708661417322836,0.835840873475679,0.7480314960629921
161,0,casia:108,0,0,1.0,1.0,1.0,1.0,-0.06662976128751318,0.6377952755905512
162,0,casia:280,1,1,0.46875,0.4251968503937008,0.6692913385826772,0.6692913385826772,1.4511437091860264,0.8818897637795275
163,0,casia:428,1,1,0.09375,0.25196850393700787,0.6062992125984252,0.6062992125984252,0.8720351579292288,0.7559055118110236
164,0,casia:289,1,1,0.4296875,0.2677165354330709,0.9921259842519685,0.9921259842519685,0.7272580201150296,0.7244094488188977
165,0,casia:358,1,1,0.0546875,0.28346456692913385,0.8503937007874016,0.8503937007874016,0.0395666154975822,0.5748031496062992
166,0,casia:140,0,0,1.0,1.0,0.7874015748031497,0.7874015748031497,0.2643699716737536,0.7244094488188977
167,0,casia:159,0,0,1.0,1.0,0.9606299212598425,0.9606299212598425,1.046732976854929,0.9291338582677166
168,0,casia:142,0,0,0.8515625,0.6456692913385826,0.7952755905511811,0.7952755905511811,-1.3906286931325793,0.29133858267716534
169,0,casia:029,0,0,0.765625,0.06299212598425197,0.007874015748031496,0.007874015748031496,-2.4137187768310393,0.023622047244094488
170,0,casia:095,0,0,1.0,1.0,0.937007874015748,0.937007874015748,0.9263694375962863,0.8976377952755905
171,0,casia:493,1,1,0.4296875,0.3464566929133858,0.30708661417322836,0.30708661417322836,-0.6119305046663149,0.4330708661417323
172,0,casia:463,1,1,0.5703125,0.41732283464566927,0.8503937007874016,0.8503937007874016,0.43770374448663085,0.6614173228346457
173,0,casia:360,1,1,0.796875,0.6456692913385826,0.3700787401574803,0.3700787401574803,1.089200864650528,0.8031496062992126
174,0,casia:005,0,0,1.0,1.0,0.4566929133858268,0.6850393700787402,1.0166420920402683,0.9212598425196851
175,0,casia:034,0,0,1.0,1.0,0.5039370078740157,0.5039370078740157,-0.21708418536081586,0.5984251968503937
176,0,casia:003,0,0,1.0,1.0,0.7322834645669292,0.7322834645669292,0.8360967831523047,0.8740157480314961
177,0,casia:062,0,0,1.0,1.0,0.33070866141732286,0.33070866141732286,0.8360967831523047,0.8740157480314961
178,0,casia:131,0,0,1.0,1.0,0.33858267716535434,0.33858267716535434,0.7157332438936621,0.84251968503937
179,0,casia:464,1,1,0.5234375,0.2755905511811024,0.18110236220472442,0.18110236220472442,0.36531517557953075,0.6456692913385826
180,0,casia:069,0,0,1.0,1.0,0.8661417322834646,0.8661417322834646,0.44491528056171686,0.7716535433070866
181,0,casia:481,1,1,0.390625,0.25196850393700787,0.13385826771653545,0.13385826771653545,-0.3223762290379162,0.49606299212598426
182,0,casia:357,1,1,0.4375,0.4566929133858268,0.4881889763779528,0.8582677165354331,-0.394764797945016,0.48031496062992124
183,0,casia:331,1,1,0.5703125,0.7637795275590551,0.6220472440944882,0.6220472440944882,0.4738980289401806,0.6692913385826772
184,0,casia:386,1,1,0.1875,0.25196850393700787,0.968503937007874,0.968503937007874,0.58248088230083,0.6929133858267716
185,0,casia:221,0,1,0.109375,0.25984251968503935,0.5669291338582677,0.5669291338582677,-1.6615647538192608,0.2047244094488189
186,0,casia:250,1,0,1.0,1.0,0.5669291338582677,0.5669291338582677,0.5351879350056988,0.7952755905511811
187,0,casia:489,1,0,1.0,1.0,0.03937007874015748,0.03937007874015748,-1.781810195723167,0.1889763779527559
188,0,casia:265,1,1,0.453125,0.25984251968503935,0.4645669291338583,0.4645669291338583,1.1977837180111774,0.8267716535433071
189,0,casia:178,0,0,1.0,1.0,0.7637795275590551,0.7637795275590551,0.6856423590790016,0.8346456692913385
190,0,casia:234,0,0,1.0,1.0,0.8661417322834646,0.8661417322834646,0.23427908685909266,0.7165354330708661
191,0,casia:463,1,1,0.671875,0.7874015748031497,0.6141732283464567,0.6141732283464567,0.5100923133937304,0.6771653543307087
192,0,casia:285,1,0,1.0,0.6220472440944882,0.8031496062992126,0.8031496062992126,-0.7888109968393674,0.44881889763779526
193,0,casia:104,0,0,1.0,1.0,0.4251968503937008,0.4251968503937008,0.4750061653763774,0.7795275590551181
194,0,casia:011,0,0,0.578125,0.031496062992125984,0.007874015748031496,0.007874015748031496,-2.353537007201718,0.03937007874015748
195,0,casia:089,0,0,1.0,0.2992125984251969,0.15748031496062992,0.15748031496062992,-1.8720828501671485,0.16535433070866143
196,0,casia:253,1,0,0.8671875,0.07086614173228346,0.09448818897637795,0.09448818897637795,-2.203082583128415,0.07874015748031496
197,0,casia:355,1,1,0.015625,0.4645669291338583,0.4015748031496063,0.2440944881889764,0.07576089995113199,0.5826771653543307
198,0,casia:089,0,0,1.0,0.18110236220472442,0.047244094488188976,0.047244094488188976,-0.06662976128751318,0.6377952755905512
199,0,casia:184,0,0,1.0,1.0,1.0,0.4015748031496063,-0.09672064610217371,0.6299212598425197
200,0,casia:462,1,1,0.6015625,0.5275590551181102,0.7795275590551181,0.7795275590551181,0.00337233104403241,0.5669291338582677
201,0,casia:478,1,1,0.0078125,0.25196850393700787,0.4015748031496063,0.4015748031496063,-1.3358161937373119,0.2755905511811024
202,0,casia:148,0,0,1.0,0.2677165354330709,0.7165354330708661,0.7165354330708661,1.10691474648425,0.9448818897637795
203,0,casia:096,0,0,1.0,1.0,0.7480314960629921,0.7480314960629921,0.4750061653763774,0.7795275590551181
204,0,casia:158,0,0,0.984375,1.0,0.7716535433070866,0.7716535433070866,1.046732976854929,0.9291338582677166
205,0,casia:001,0,0,1.0,0.6220472440944882,0.2047244094488189,0.2047244094488189,0.7759150135229836,0.8582677165354331
206,0,casia:035,0,0,1.0,1.0,0.7716535433070866,0.7716535433070866,0.3847335109323958,0.7559055118110236
207,0,casia:352,1,1,0.8359375,0.7637795275590551,0.968503937007874,0.968503937007874,-0.46715336685211556,0.4645669291338583
208,0,casia:033,0,0,0.9921875,1.0,0.9606299212598425,0.9606299212598425,-0.7587201120247067,0.4566929133858268
209,0,casia:410,1,1,0.5625,0.31496062992125984,0.5984251968503937,0.5984251968503937,1.1615894335576276,0.8188976377952756
210,0,casia:309,1,1,0.1875,0.29133858267716534,0.1968503937007874,0.1968503937007874,-1.5891761849121608,0.2204724409448819
211,0,casia:234,0,0,1.0,1.0,0.3858267716535433,0.3858267716535433,0.14400643241511102,0.6929133858267716
212,0,casia:050,0,0,1.0,1.0,1.0,1.0,0.29446085648841414,0.7322834645669292
213,0,casia:101,0,1,0.0078125,0.047244094488188976,0.03937007874015748,0.03937007874015748,-2.4578390117973576,0.031496062992125984
214,0,casia:097,0,0,1.0,1.0,0.8582677165354331,0.8582677165354331,1.1971874009282315,0.968503937007874
215,0,casia:482,1,1,0.6796875,0.25196850393700787,0.84251968503937,0.84251968503937,1.3787551402789269,0.8661417322834646
216,0,casia:150,0,0,1.0,1.0,0.9763779527559056,0.9763779527559056,1.0768238616695895,0.937007874015748
217,0,casia:003,0,0,1.0,1.0,0.7559055118110236,0.7559055118110236,-0.3976294942487795,0.5511811023622047
218,0,casia:177,0,0,1.0,1.0,0.7086614173228346,0.7086614173228346,0.3245517413030747,0.7401574803149606
219,0,casia:037,0,0,1.0,1.0,0.9212598425196851,0.9212598425196851,1.046732976854929,0.9291338582677166
220,0,casia:121,0,0,1.0,1.0,0.3228346456692913,0.3228346456692913,0.2041882020444321,0.7086614173228346
221,0,casia:324,1,0,1.0,0.05511811023622047,0.12598425196850394,0.12598425196850394,0.9865512072256079,0.9133858267716536
222,0,casia:225,0,0,1.0,1.0,0.44881889763779526,0.44881889763779526,0.5050970501910383,0.7874015748031497
223,0,casia:206,0,1,0.5234375,0.25196850393700787,0.6377952755905512,0.6377952755905512,-0.7929019269340641,0.3937007874015748
224,0,casia:476,1,1,0.578125,0.2677165354330709,0.6614173228346457,0.5669291338582677,0.6548694512079295,0.7086614173228346
225,0,casia:338,1,1,0.046875,0.3858267716535433,0.23622047244094488,0.23622047244094488,-1.4805933315515114,0.2440944881889764
226,0,casia:107,0,0,0.890625,0.8267716535433071,0.6929133858267716,0.6929133858267716,0.05373377797112941,0.6692913385826772
227,0,casia:383,1,1,0.5546875,0.33070866141732286,1.0,0.8267716535433071,-0.3223762290379162,0.49606299212598426
228,0,casia:387,1,1,0.28125,0.2992125984251969,0.4645669291338583,0.4645669291338583,-0.28618194458436635,0.5039370078740157
229,0,casia:186,0,1,0.234375,0.2755905511811024,0.8346456692913385,0.8346456692913385,-1.118650487016013,0.3228346456692913
230,0,casia:400,1,1,0.390625,0.25196850393700787,0.7795275590551181,0.7795275590551181,1.1615894335576276,0.8188976377952756
231,0,casia:274,1,1,0.0546875,0.25196850393700787,0.2204724409448819,0.3700787401574803,-1.0100676336553633,0.3464566929133858
232,0,casia:030,0,0,0.9921875,1.0,1.0,0.984251968503937,-0.3976294942487795,0.5511811023622047
233,0,casia:462,1,1,0.546875,0.6141732283464567,0.4409448818897638,0.4409448818897638,0.329120891125981,0.6377952755905512
234,0,casia:005,0,0,0.953125,0.31496062992125984,0.1732283464566929,0.1732283464566929,0.8360967831523047,0.8740157480314961
235,0,casia:416,1,1,0.1328125,0.28346456692913385,0.9448818897637795,0.9448818897637795,-1.0462619181089132,0.33858267716535434
236,0,casia:455,1,1,0.09375,0.25196850393700787,0.3228346456692913,0.3228346456692913,-1.118650487016013,0.3228346456692913
237,0,casia:267,1,1,0.0078125,0.25196850393700787,0.28346456692913385,0.1889763779527559,0.7634523045685794,0.7322834645669292
238,0,casia:409,1,1,0.25,0.2992125984251969,0.9921259842519685,0.968503937007874,0.6548694512079295,0.7086614173228346
239,0,casia:468,1,1,0.6015625,0.2677165354330709,0.6141732283464567,0.6141732283464567,0.7996465890221292,0.7401574803149606
240,0,casia:370,1,1,0.65625,0.7637795275590551,0.5511811023622047,0.5511811023622047,1.0168122957434285,0.7874015748031497
241,0,casia:234,0,0,1.0,1.0,0.41732283464566927,0.41732283464566927,0.11391554760045049,0.6850393700787402
242,0,casia:431,1,1,0.59375,0.3779527559055118,1.0,0.6850393700787402,0.22053803776533162,0.6141732283464567
243,0,casia:106,0,0,1.0,1.0,0.7007874015748031,0.7007874015748031,0.6254605894496805,0.8188976377952756
244,0,casia:112,0,1,0.0078125,0.25196850393700787,0.2283464566929134,0.2283464566929134,0.5462865978472802,0.6850393700787402
245,0,casia:227,0,1,0.671875,0.6692913385826772,0.7874015748031497,0.7874015748031497,0.8720351579292288,0.7559055118110236
246,0,casia:159,0,0,1.0,1.0,0.9291338582677166,0.9291338582677166,0.8661876679669652,0.8818897637795275
247,0,casia:355,1,1,0.25,0.4409448818897638,0.1968503937007874,0.8188976377952756,0.6186751667543797,0.7007874015748031
248,0,casia:288,1,1,0.0390625,0.29133858267716534,0.3700787401574803,0.3700787401574803,0.7272580201150296,0.7244094488188977
249,0,casia:202,0,1,0.0078125,0.25196850393700787,0.8661417322834646,0.8661417322834646,-1.9511190294476595,0.14173228346456693
250,0,casia:354,1,1,0.1484375,0.25196850393700787,0.5905511811023622,0.5905511811023622,-0.10521052231661694,0.5433070866141733
251,0,casia:136,0,0,0.953125,0.14960629921259844,0.12598425196850394,0.12598425196850394,-1.992446389425791,0.13385826771653545
252,0,casia:137,0,0,1.0,1.0,0.4566929133858268,0.4566929133858268,1.0768238616695895,0.937007874015748
253,0,casia:402,1,1,0.015625,0.1968503937007874,0.6299212598425197,0.6299212598425197,-2.023507598354759,0.12598425196850394
254,0,casia:114,0,0,1.0,1.0,0.9921259842519685,0.9921259842519685,0.4750061653763774,0.7795275590551181
255,0,casia:481,1,0,0.90625,1.0,0.49606299212598426,0.49606299212598426,0.7157332438936621,0.84251968503937
256,0,casia:434,1,1,0.0078125,0.25196850393700787,0.2125984251968504,0.2125984251968504,-2.1682847361689586,0.09448818897637795
257,0,casia:043,0,0,1.0,1.0,0.8582677165354331,0.8582677165354331,0.8360967831523047,0.8740157480314961
258,0,casia:028,0,0,1.0,1.0,0.7007874015748031,0.7007874015748031,0.9263694375962863,0.8976377952755905
259,0,casia:283,1,1,0.03125,0.2677165354330709,0.14960629921259844,0.14960629921259844,0.36531517557953075,0.6456692913385826
260,0,casia:128,0,0,1.0,1.0,0.4645669291338583,0.4645669291338583,-0.367538609434119,0.5590551181102362
261,0,casia:119,0,0,1.0,1.0,0.2677165354330709,0.2677165354330709,-0.006447991658192096,0.6535433070866141
262,0,casia:192,0,0,0.9765625,1.0,0.4566929133858268,0.4566929133858268,0.9263694375962863,0.8976377952755905
263,0,casia:428,1,1,0.4140625,0.28346456692913385,0.8582677165354331,0.8582677165354331,0.11195518440468176,0.5905511811023622
264,0,casia:190,0,0,1.0,1.0,1.0,0.5196850393700787,0.14400643241511102,0.6929133858267716
265,0,casia:266,1,1,0.6328125,0.7322834645669292,0.5590551181102362,0.9921259842519685,0.2929266066724312,0.6299212598425197
266,0,casia:228,0,0,1.0,1.0,0.9291338582677166,0.9291338582677166,0.8962785527816258,0.889763779527559
267,0,casia:411,1,1,0.390625,0.25196850393700787,0.7952755905511811,0.7952755905511811,-0.46715336685211556,0.4645669291338583
268,0,casia:425,1,0,0.9609375,0.3858267716535433,0.29133858267716534,0.29133858267716534,-2.0827190438697727,0.11023622047244094
269,0,casia:264,1,1,0.5,0.25984251968503935,0.5748031496062992,0.5748031496062992,-1.1548447714695627,0.31496062992125984
270,0,casia:420,1,0,1.0,1.0,0.07086614173228346,0.07086614173228346,-2.293355237572397,0.05511811023622047
271,0,casia:072,0,1,0.8984375,0.2992125984251969,0.5905511811023622,0.5905511811023622,1.1253951491040777,0.8110236220472441
272,0,casia:319,1,1,0.3046875,0.4015748031496063,0.4566929133858268,0.4566929133858268,1.1615894335576276,0.8188976377952756
273,0,casia:019,0,0,1.0,1.0,0.6220472440944882,0.6220472440944882,0.9263694375962863,0.8976377952755905
274,0,casia:202,0,1,0.0078125,0.25196850393700787,0.30708661417322836,0.30708661417322836,-0.8652904958411639,0.3779527559055118
275,0,casia:484,1,0,1.0,1.0,0.2992125984251969,0.2992125984251969,0.3546426261177352,0.7480314960629921
276,0,casia:106,0,0,1.0,1.0,0.8031496062992126,0.8031496062992126,0.6856423590790016,0.8346456692913385
277,0,casia:495,1,1,0.0703125,0.25196850393700787,0.23622047244094488,0.23622047244094488,-1.2272333403766622,0.2992125984251969
278,0,casia:212,0,1,0.03125,0.16535433070866143,0.1968503937007874,0.1968503937007874,0.329120891125981,0.6377952755905512
279,0,casia:290,1,1,0.0078125,0.05511811023622047,0.1732283464566929,0.1732283464566929,-2.3854504428902574,0.047244094488188976
280,0,casia:444,1,1,0.4140625,0.4330708661417323,0.984251968503937,0.984251968503937,1.1253951491040777,0.8110236220472441
281,0,casia:079,0,1,0.0234375,0.1968503937007874,0.14173228346456693,0.14173228346456693,-0.9014847802947137,0.3700787401574803
282,0,casia:361,1,1,0.609375,0.28346456692913385,0.9448818897637795,0.9448818897637795,-0.28618194458436635,0.5039370078740157
283,0,casia:466,1,1,0.3125,0.25196850393700787,0.14173228346456693,0.14173228346456693,1.0530065801969781,0.7952755905511811
284,0,casia:264,1,1,0.109375,0.25196850393700787,0.5039370078740157,0.5039370078740157,0.58248088230083,0.6929133858267716
285,0,casia:166,0,0,1.0,1.0,0.2992125984251969,0.6456692913385826,0.655551474264341,0.8267716535433071
286,0,casia:439,1,1,0.09375,0.2677165354330709,0.18110236220472442,0.18110236220472442,-1.4443990470979615,0.25196850393700787
287,0,casia:042,0,0,1.0,1.0,0.8818897637795275,0.8818897637795275,-0.24717507017547682,0.5905511811023622
288,0,casia:305,1,1,0.109375,0.25196850393700787,0.9921259842519685,0.9921259842519685,0.07576089995113199,0.5826771653543307
289,0,casia:376,1,1,0.359375,0.3543307086614173,0.8661417322834646,0.8661417322834646,0.18434375331178185,0.6062992125984252
290,0,casia:450,1,1,0.0234375,0.25984251968503935,0.13385826771653545,0.968503937007874,0.14814946885823205,0.5984251968503937
291,0,casia:368,1,1,0.546875,0.28346456692913385,0.6299212598425197,0.6299212598425197,-1.0100676336553633,0.3464566929133858
292,0,casia:142,0,0,0.4375,0.047244094488188976,0.031496062992125984,0.031496062992125984,-2.4438096616457,0.015748031496062992
293,0,casia:063,0,0,0.7421875,0.5039370078740157,0.33070866141732286,0.5669291338582677,0.8962785527816258,0.889763779527559
294,0,casia:229,0,1,0.03125,0.10236220472440945,0.13385826771653545,0.13385826771653545,-2.2406733050760583,0.07874015748031496
295,0,casia:181,0,0,1.0,1.0,0.4094488188976378,0.4094488188976378,-1.541083117205882,0.25196850393700787
296,0,casia:376,1,1,0.25,0.30708661417322836,0.3858267716535433,0.3858267716535433,0.07576089995113199,0.5826771653543307
297,0,casia:102,0,0,0.9921875,1.0,0.33070866141732286,0.33070866141732286,0.5953697046350199,0.8110236220472441
298,0,casia:437,1,1,0.15625,0.2755905511811024,1.0,0.9133858267716536,-0.14140480677016673,0.5354330708661418
299,0,casia:015,0,0,1.0,1.0,0.8267716535433071,0.8267716535433071,1.1370056312989105,0.952755905511811
300,0,casia:112,0,1,0.109375,0.25196850393700787,0.2047244094488189,0.2047244094488189,0.6186751667543797,0.7007874015748031
301,0,casia:362,1,1,0.640625,0.8031496062992126,0.84251968503937,0.84251968503937,1.1253951491040777,0.8110236220472441
302,0,casia:284,1,1,0.0859375,0.25984251968503935,0.6220472440944882,0.6220472440944882,-0.03282195340951737,0.5590551181102362
303,0,casia:232,0,1,0.15625,0.25984251968503935,0.12598425196850394,0.12598425196850394,1.0168122957434285,0.7874015748031497
304,0,casia:047,0,0,1.0,1.0,0.5196850393700787,0.5196850393700787,0.3546426261177352,0.7480314960629921
305,0,casia:128,0,1,0.03125,0.25196850393700787,0.4251968503937008,0.4251968503937008,-0.4309590823985658,0.47244094488188976
306,0,casia:037,0,0,1.0,1.0,0.8976377952755905,0.8976377952755905,1.0166420920402683,0.9212598425196851
307,0,casia:429,1,1,0.7265625,0.7716535433070866,0.6220472440944882,0.6220472440944882,0.07576089995113199,0.5826771653543307
308,0,casia:286,1,1,0.1328125,0.25196850393700787,0.7716535433070866,0.7716535433070866,-0.17759909122371703,0.5275590551181102
309,0,casia:347,1,1,0.6953125,0.7322834645669292,0.5826771653543307,0.5826771653543307,0.8720351579292288,0.7559055118110236
310,0,casia:348,1,1,0.9609375,1.0,0.4015748031496063,0.33070866141732286,1.1615894335576276,0.8188976377952756
311,0,casia:349,1,1,0.484375,0.2755905511811024,0.30708661417322836,0.7007874015748031,0.18434375331178185,0.6062992125984252
312,0,casia:394,1,1,0.03125,0.25196850393700787,0.8503937007874016,0.8503937007874016,-1.2996219092837622,0.28346456692913385
313,0,casia:144,0,0,1.0,1.0,0.6062992125984252,0.6062992125984252,0.8060058983376441,0.8661417322834646
314,0,casia:390,1,1,0.109375,0.25196850393700787,0.3779527559055118,0.3779527559055118,-0.17759909122371703,0.5275590551181102
315,0,casia:140,0,0,1.0,1.0,0.6771653543307087,0.6771653543307087,0.023642893156468867,0.6614173228346457
316,0,casia:044,0,0,0.9921875,0.9606299212598425,0.4645669291338583,0.4645669291338583,0.3847335109323958,0.7559055118110236
317,0,casia:170,0,0,1.0,1.0,0.7244094488188977,0.7244094488188977,0.745824128708323,0.8503937007874016
318,0,casia:132,0,0,0.921875,0.8110236220472441,0.9606299212598425,0.9606299212598425,-0.48790214869276155,0.5275590551181102
319,0,casia:455,1,1,0.3046875,0.31496062992125984,0.8188976377952756,0.8188976377952756,0.00337233104403241,0.5669291338582677
320,0,casia:304,1,1,0.0234375,0.2755905511811024,0.9921259842519685,0.9921259842519685,1.487337993639576,0.889763779527559
321,0,casia:294,1,1,0.0078125,0.25196850393700787,0.84251968503937,0.84251968503937,-0.4309590823985658,0.47244094488188976
322,0,casia:454,1,1,0.625,0.25984251968503935,0.3779527559055118,0.3779527559055118,0.14814946885823205,0.5984251968503937
323,0,casia:319,1,1,0.8671875,0.8267716535433071,0.47244094488188976,0.47244094488188976,1.595920847000226,0.9133858267716536
324,0,casia:301,1,1,0.078125,0.25984251968503935,0.1732283464566929,0.6771653543307087,-0.17759909122371703,0.5275590551181102
325,0,casia:059,0,0,0.5859375,0.36220472440944884,0.14173228346456693,0.14173228346456693,-1.9623555046111305,0.14173228346456693
326,0,casia:430,1,1,0.3828125,0.44881889763779526,0.4094488188976378,0.4094488188976378,0.11195518440468176,0.5905511811023622
327,0,casia:056,0,0,1.0,1.0,0.7322834645669292,0.7322834645669292,0.17409731722977156,0.7007874015748031
328,0,casia:134,0,0,1.0,1.0,0.952755905511811,0.952755905511811,0.6856423590790016,0.8346456692913385
329,0,casia:266,1,1,0.5234375,0.6929133858267716,0.2440944881889764,0.2440944881889764,-0.5757362202127652,0.4409448818897638
330,0,casia:497,1,0,1.0,1.0,0.8267716535433071,0.8267716535433071,0.8661876679669652,0.8818897637795275
331,0,casia:131,0,0,1.0,1.0,0.9606299212598425,0.9606299212598425,-0.7888109968393674,0.44881889763779526
332,0,casia:308,1,1,0.5625,0.2992125984251969,0.9921259842519685,0.9921259842519685,0.43770374448663085,0.6614173228346457
333,0,casia:486,1,1,0.2109375,0.28346456692913385,0.6062992125984252,0.6062992125984252,-1.2634276248302123,0.29133858267716534
334,0,casia:429,1,1,0.5703125,0.29133858267716534,0.8346456692913385,0.8346456692913385,0.11195518440468176,0.5905511811023622
335,0,casia:286,1,1,0.1015625,0.25196850393700787,0.5748031496062992,0.5748031496062992,-0.28618194458436635,0.5039370078740157
336,0,casia:298,1,0,1.0,0.18110236220472442,0.5275590551181102,0.5275590551181102,-1.5711740020205427,0.2440944881889764
337,0,casia:261,1,1,0.5546875,0.2755905511811024,0.49606299212598426,0.49606299212598426,-0.6481247891198647,0.4251968503937008
338,0,casia:123,0,0,1.0,1.0,0.8346456692913385,0.8346456692913385,0.9263694375962863,0.8976377952755905
339,0,casia:132,0,0,0.96875,0.13385826771653545,0.18110236220472442,0.18110236220472442,1.1370056312989105,0.952755905511811
340,0,casia:004,0,0,1.0,1.0,0.1889763779527559,0.1889763779527559,0.7759150135229836,0.8582677165354331
341,0,casia:495,1,1,0.1875,0.2992125984251969,0.33858267716535434,0.33858267716535434,-0.6119305046663149,0.4330708661417323
342,0,casia:261,1,1,0.3828125,0.25984251968503935,0.2047244094488189,0.2047244094488189,0.329120891125981,0.6377952755905512
343,0,casia:363,1,1,0.6640625,0.5905511811023622,0.7637795275590551,0.7637795275590551,1.3787551402789269,0.8661417322834646
344,0,casia:495,1,1,0.3828125,0.6377952755905512,0.2440944881889764,0.2440944881889764,-0.2137933756772668,0.5196850393700787
345,0,casia:200,0,0,1.0,1.0,0.2204724409448819,0.2204724409448819,-0.9392654209126703,0.4094488188976378
346,0,casia:037,0,0,1.0,1.0,0.8740157480314961,0.8740157480314961,0.9865512072256079,0.9133858267716536
347,0,casia:236,0,1,0.03125,0.25196850393700787,0.07874015748031496,0.07874015748031496,0.9444237268363284,0.7716535433070866
348,0,casia:186,0,1,0.4140625,0.25984251968503935,0.7007874015748031,0.7007874015748031,-1.6253704693657107,0.2125984251968504
349,0,casia:409,1,1,0.4609375,0.2677165354330709,0.984251968503937,0.984251968503937,0.7996465890221292,0.7401574803149606
350,0,casia:199,0,0,1.0,0.5748031496062992,0.5590551181102362,0.5590551181102362,-1.3906286931325793,0.29133858267716534
351,0,casia:299,1,1,0.125,0.25196850393700787,0.6141732283464567,0.6141732283464567,-0.6481247891198647,0.4251968503937008
352,0,casia:346,1,1,0.6171875,0.2755905511811024,0.47244094488188976,0.47244094488188976,0.9444237268363284,0.7716535433070866
353,0,casia:191,0,0,1.0,1.0,0.7637795275590551,0.7637795275590551,0.14400643241511102,0.6929133858267716
354,0,casia:081,0,0,1.0,1.0,0.8346456692913385,0.8346456692913385,0.8360967831523047,0.8740157480314961
355,0,casia:083,0,0,0.921875,0.4881889763779528,1.0,1.0,0.655551474264341,0.8267716535433071
356,0,casia:231,0,1,0.0078125,0.25196850393700787,0.10236220472440945,0.10236220472440945,-0.03282195340951737,0.5590551181102362
357,0,casia:374,1,1,0.0546875,0.15748031496062992,0.4409448818897638,0.4566929133858268,-0.06901623786306715,0.5511811023622047
358,0,casia:061,0,0,1.0,1.0,0.5826771653543307,0.5826771653543307,-0.7888109968393674,0.44881889763779526
359,0,casia:386,1,1,0.015625,0.25984251968503935,0.41732283464566927,0.41732283464566927,-1.6615647538192608,0.2047244094488189
360,0,casia:164,0,0,0.9921875,1.0,0.5984251968503937,0.41732283464566927,0.745824128708323,0.8503937007874016
361,0,casia:387,1,1,0.8359375,0.6141732283464567,0.5433070866141733,0.5433070866141733,0.4015094600330806,0.6535433070866141
362,0,casia:001,0,0,1.0,1.0,0.7874015748031497,0.7874015748031497,0.655551474264341,0.8267716535433071
363,0,casia:466,1,1,0.140625,0.2755905511811024,0.1889763779527559,0.1889763779527559,-0.10521052231661694,0.5433070866141733
364,0,casia:151,0,0,1.0,1.0,0.5905511811023622,0.5905511811023622,0.5652788198203594,0.8031496062992126
365,0,casia:476,1,1,0.6015625,0.25984251968503935,0.6929133858267716,0.6929133858267716,-0.4309590823985658,0.47244094488188976
366,0,casia:304,1,1,0.5703125,0.25196850393700787,0.9921259842519685,0.9921259842519685,1.4149494247324765,0.8740157480314961
367,0,casia:270,1,1,0.0546875,0.2755905511811024,0.2047244094488189,0.2047244094488189,-1.3720104781908617,0.2677165354330709
368,0,casia:353,1,1,0.203125,0.25196850393700787,0.7716535433070866,0.7716535433070866,0.43770374448663085,0.6614173228346457
369,0,casia:049,0,0,1.0,1.0,0.2125984251968504,0.2125984251968504,-2.203082583128415,0.07874015748031496
370,0,casia:101,0,1,0.09375,0.015748031496062992,0.007874015748031496,0.007874015748031496,-2.566421865158007,0.007874015748031496
371,0,casia:450,1,0,0.6796875,0.03937007874015748,0.023622047244094488,0.11811023622047244,-2.4438096616457,0.015748031496062992
372,0,casia:013,0,0,1.0,1.0,0.6299212598425197,0.6299212598425197,0.6254605894496805,0.8188976377952756
373,0,casia:418,1,1,0.3671875,0.25196850393700787,0.7480314960629921,0.7480314960629921,0.7634523045685794,0.7322834645669292
374,0,casia:378,1,1,0.46875,0.6535433070866141,1.0,0.8976377952755905,0.9082294423827786,0.7637795275590551
375,0,casia:045,0,0,1.0,1.0,0.36220472440944884,0.36220472440944884,-0.2772659549901374,0.5826771653543307
376,0,casia:065,0,0,1.0,0.6220472440944882,0.7795275590551181,0.7795275590551181,0.7157332438936621,0.84251968503937
377,0,casia:048,0,0,1.0,1.0,0.8661417322834646,0.984251968503937,0.8661876679669652,0.8818897637795275
378,0,casia:352,1,1,0.734375,0.7952755905511811,0.952755905511811,0.952755905511811,-0.24998766013081658,0.5118110236220472
379,0,casia:014,0,0,1.0,1.0,0.7086614173228346,0.7086614173228346,0.44491528056171686,0.7716535433070866
380,0,casia:404,1,1,0.7734375,0.7874015748031497,0.5354330708661418,0.3700787401574803,0.14814946885823205,0.5984251968503937
381,0,casia:460,1,1,0.6875,0.4251968503937008,0.7244094488188977,0.7244094488188977,0.07576089995113199,0.5826771653543307
382,0,casia:021,0,0,1.0,1.0,0.7086614173228346,0.7086614173228346,-0.5480839183220827,0.5118110236220472
383,0,casia:184,0,0,1.0,1.0,1.0,0.4881889763779528,-0.1569024157314948,0.6141732283464567
384,0,casia:498,1,1,0.90625,0.8661417322834646,1.0,0.7952755905511811,0.6910637356614794,0.7165354330708661
385,0,casia:259,1,1,0.390625,0.25196850393700787,0.3228346456692913,0.3228346456692913,-0.7929019269340641,0.3937007874015748
386,0,casia:320,1,1,0.0078125,0.25196850393700787,0.7716535433070866,0.7716535433070866,-1.3358161937373119,0.2755905511811024
387,0,casia:276,1,1,0.328125,0.25196850393700787,0.9763779527559056,0.9763779527559056,-0.14140480677016673,0.5354330708661418
388,0,casia:468,1,1,0.6484375,0.31496062992125984,0.8031496062992126,0.8031496062992126,0.58248088230083,0.6929133858267716
389,0,casia:219,0,1,0.4296875,0.3543307086614173,0.84251968503937,0.84251968503937,0.2929266066724312,0.6299212598425197
390,0,casia:472,1,1,0.3203125,0.25984251968503935,0.47244094488188976,0.6456692913385826,-0.4309590823985658,0.47244094488188976
391,0,casia:309,1,1,0.078125,0.25984251968503935,0.8818897637795275,0.8818897637795275,0.00337233104403241,0.5669291338582677
392,0,casia:257,1,1,0.625,0.2992125984251969,0.6535433070866141,0.6535433070866141,1.0530065801969781,0.7952755905511811
393,0,casia:203,0,0,1.0,1.0,0.7716535433070866,0.7716535433070866,0.6856423590790016,0.8346456692913385
394,0,casia:287,1,1,0.40625,0.25196850393700787,0.7401574803149606,0.09448818897637795,0.0395666154975822,0.5748031496062992
395,0,casia:382,1,1,0.03125,0.25196850393700787,0.11811023622047244,0.11811023622047244,-1.4805933315515114,0.2440944881889764
396,0,casia:330,1,1,0.6484375,0.2755905511811024,0.9606299212598425,0.9606299212598425,0.6186751667543797,0.7007874015748031
397,0,casia:222,0,0,1.0,0.9921259842519685,0.47244094488188976,0.47244094488188976,-0.09672064610217371,0.6299212598425197
398,0,casia:458,1,1,0.3671875,0.25196850393700787,0.4015748031496063,0.4015748031496063,-0.7929019269340641,0.3937007874015748
399,0,casia:346,1,1,0.640625,0.2677165354330709,0.49606299212598426,0.49606299212598426,0.7272580201150296,0.7244094488188977
400,0,casia:420,1,0,1.0,1.0,0.05511811023622047,0.05511811023622047,-2.2632643527577363,0.06299212598425197
401,0,casia:103,0,0,0.890625,0.1732283464566929,0.33070866141732286,0.33070866141732286,-1.721628426093846,0.2047244094488189
402,0,casia:055,0,0,1.0,0.4094488188976378,0.1889763779527559,0.1889763779527559,1.1670965161135711,0.9606299212598425
403,0,casia:163,0,0,1.0,1.0,0.7401574803149606,0.7401574803149606,0.08382466278578994,0.6771653543307087
404,0,casia:019,0,0,1.0,1.0,0.49606299212598426,0.49606299212598426,1.0768238616695895,0.937007874015748
405,0,casia:174,0,0,1.0,1.0,0.36220472440944884,0.36220472440944884,-1.3304469235032579,0.30708661417322836
406,0,casia:308,1,1,0.671875,0.25984251968503935,0.8661417322834646,0.8661417322834646,0.5462865978472802,0.6850393700787402
407,0,casia:262,1,1,0.3671875,0.3700787401574803,0.12598425196850394,0.12598425196850394,0.2929266066724312,0.6299212598425197
408,0,casia:280,1,1,0.203125,0.4330708661417323,0.9921259842519685,0.9921259842519685,-0.5033476513056654,0.4566929133858268
409,0,casia:214,0,1,0.0078125,0.25196850393700787,0.23622047244094488,0.23622047244094488,0.36531517557953075,0.6456692913385826
410,0,casia:058,0,0,1.0,1.0,0.5039370078740157,0.5039370078740157,0.5050970501910383,0.7874015748031497
411,0,casia:031,0,0,0.9765625,0.6141732283464567,0.48031496062992124,0.48031496062992124,-1.4508104627619003,0.2755905511811024
412,0,casia:437,1,1,0.5234375,0.41732283464566927,0.41732283464566927,0.33070866141732286,0.9444237268363284,0.7716535433070866
413,0,casia:072,0,1,0.578125,0.7559055118110236,0.889763779527559,0.889763779527559,1.740697984814425,0.9448818897637795
414,0,casia:134,0,0,0.9453125,0.84251968503937,0.6850393700787402,0.6850393700787402,0.8962785527816258,0.889763779527559
415,0,casia:185,0,0,1.0,1.0,0.2992125984251969,0.2992125984251969,-0.8489927664686885,0.4330708661417323
416,0,casia:463,1,1,0.6640625,0.6692913385826772,0.9448818897637795,0.9448818897637795,0.6186751667543797,0.7007874015748031
417,0,casia:089,0,0,1.0,1.0,0.4409448818897638,0.4409448818897638,-1.179992499429955,0.3464566929133858
418,0,casia:446,1,1,0.5859375,0.25196850393700787,0.6929133858267716,0.6929133858267716,1.595920847000226,0.9133858267716536
419,0,casia:033,0,0,1.0,1.0,0.968503937007874,0.968503937007874,0.7759150135229836,0.8582677165354331
420,0,casia:063,0,0,1.0,1.0,0.7322834645669292,0.7322834645669292,0.2643699716737536,0.7244094488188977
421,0,casia:247,0,1,0.03125,0.25196850393700787,0.984251968503937,0.984251968503937,-0.24998766013081658,0.5118110236220472
422,0,casia:239,0,0,0.921875,0.2047244094488189,0.10236220472440945,0.10236220472440945,-1.6614466564645245,0.2204724409448819
423,0,casia:133,0,0,0.984375,0.4409448818897638,0.33070866141732286,0.33070866141732286,-0.668447457580725,0.48031496062992124
424,0,casia:201,0,0,1.0,1.0,0.952755905511811,0.952755905511811,-1.0596289601713127,0.3779527559055118
425,0,casia:211,0,0,1.0,1.0,0.4015748031496063,0.4015748031496063,-0.9693563057273309,0.4015748031496063
426,0,casia:098,0,0,1.0,1.0,0.8346456692913385,0.9606299212598425,0.5953697046350199,0.8110236220472441
427,0,casia:470,1,1,0.4765625,0.3543307086614173,0.5511811023622047,0.2992125984251969,-1.4805933315515114,0.2440944881889764
428,0,casia:321,1,1,0.53125,0.25196850393700787,0.14960629921259844,0.14960629921259844,-1.2272333403766622,0.2992125984251969
429,0,casia:074,0,0,1.0,1.0,0.7244094488188977,0.7244094488188977,0.6856423590790016,0.8346456692913385
430,0,casia:011,0,0,1.0,1.0,0.33070866141732286,0.33070866141732286,0.6856423590790016,0.8346456692913385
431,0,casia:040,0,1,0.3984375,0.2992125984251969,0.25984251968503935,0.25984251968503935,-0.8652904958411639,0.3779527559055118
432,0,casia:256,1,1,0.0078125,0.25196850393700787,0.3700787401574803,0.3700787401574803,0.14814946885823205,0.5984251968503937
433,0,casia:120,0,0,1.0,1.0,0.6377952755905512,0.6377952755905512,0.4148243957470563,0.7637795275590551
434,0,casia:409,1,1,0.4921875,0.28346456692913385,0.36220472440944884,0.952755905511811,0.9444237268363284,0.7716535433070866
435,0,casia:292,1,1,0.234375,0.25196850393700787,0.4881889763779528,0.4881889763779528,0.11195518440468176,0.5905511811023622
436,0,casia:146,0,0,1.0,1.0,0.5354330708661418,0.5354330708661418,0.7759150135229836,0.8582677165354331
437,0,casia:293,1,1,0.03125,0.25196850393700787,0.09448818897637795,0.09448818897637795,-1.4443990470979615,0.25196850393700787
438,0,casia:460,1,1,0.625,0.4409448818897638,0.6614173228346457,0.6614173228346457,-0.7567076424805144,0.4015748031496063
439,0,casia:334,1,1,0.4140625,0.3779527559055118,1.0,0.6220472440944882,0.9444237268363284,0.7716535433070866
440,0,casia:468,1,1,0.78125,0.25984251968503935,0.7401574803149606,0.7401574803149606,1.1253951491040777,0.8110236220472441
441,0,casia:094,0,0,0.6796875,0.14173228346456693,0.6377952755905512,0.6377952755905512,-2.0225372742404515,0.12598425196850394
442,0,casia:318,1,1,0.03125,0.25196850393700787,0.8661417322834646,0.8661417322834646,-0.10521052231661694,0.5433070866141733
443,0,casia:441,1,1,0.5859375,0.28346456692913385,0.2125984251968504,0.2125984251968504,0.7634523045685794,0.7322834645669292
444,0,casia:419,1,1,0.5546875,0.25196850393700787,0.4251968503937008,0.4251968503937008,0.07576089995113199,0.5826771653543307
445,0,casia:440,1,1,0.3515625,0.2677165354330709,0.4881889763779528,0.4881889763779528,-0.4309590823985658,0.47244094488188976
446,0,casia:206,0,0,0.859375,0.6220472440944882,0.8346456692913385,0.8346456692913385,-0.7587201120247067,0.4566929133858268
447,0,casia:204,0,0,1.0,1.0,0.9212598425196851,0.9212598425196851,1.0768238616695895,0.937007874015748
448,0,casia:111,0,0,1.0,1.0,0.4409448818897638,0.4409448818897638,0.8060058983376441,0.8661417322834646
449,0,casia:083,0,0,1.0,1.0,0.7874015748031497,0.7874015748031497,0.5953697046350199,0.8110236220472441
450,0,casia:388,1,1,0.625,0.4645669291338583,0.7007874015748031,0.7007874015748031,1.233978002464727,0.8346456692913385
451,0,casia:452,1,1,0.2578125,0.31496062992125984,0.8661417322834646,0.984251968503937,-0.17759909122371703,0.5275590551181102
452,0,casia:061,0,0,1.0,1.0,0.5669291338582677,0.5669291338582677,-1.029538075356652,0.3858267716535433
453,0,casia:188,0,0,1.0,1.0,0.7244094488188977,0.7244094488188977,-0.42772037906344007,0.5433070866141733
454,0,casia:003,0,0,0.96875,0.1968503937007874,0.09448818897637795,0.09448818897637795,-2.203082583128415,0.07874015748031496
455,0,casia:342,1,1,0.046875,0.2677165354330709,0.3937007874015748,0.25984251968503935,-0.28618194458436635,0.5039370078740157
456,0,casia:257,1,0,0.40625,0.12598425196850394,0.5511811023622047,0.5511811023622047,-2.2632643527577363,0.06299212598425197
457,0,casia:344,1,1,0.671875,0.7952755905511811,0.6850393700787402,0.6850393700787402,1.1615894335576276,0.8188976377952756
458,0,casia:490,1,1,0.03125,0.28346456692913385,0.9921259842519685,0.9921259842519685,-0.28618194458436635,0.5039370078740157
459,0,casia:105,0,1,0.140625,0.25196850393700787,0.29133858267716534,0.9606299212598425,0.14814946885823205,0.5984251968503937
460,0,casia:041,0,0,1.0,1.0,0.48031496062992124,0.48031496062992124,-2.1128099286844333,0.10236220472440945
461,0,casia:012,0,0,1.0,1.0,0.7795275590551181,0.7952755905511811,1.10691474648425,0.9448818897637795
462,0,casia:192,0,0,1.0,1.0,0.5196850393700787,0.5196850393700787,0.4750061653763774,0.7795275590551181
463,0,casia:091,0,0,1.0,1.0,0.9763779527559056,0.9763779527559056,0.9263694375962863,0.8976377952755905
464,0,casia:093,0,1,0.0859375,0.25196850393700787,0.15748031496062992,0.15748031496062992,-0.6481247891198647,0.4251968503937008
465,0,casia:331,1,1,0.5390625,0.7716535433070866,0.3228346456692913,0.3228346456692913,-0.14140480677016673,0.5354330708661418
466,0,casia:075,0,0,1.0,1.0,0.6929133858267716,0.6929133858267716,0.5050970501910383,0.7874015748031497
467,0,casia:300,1,1,0.453125,0.25196850393700787,0.7086614173228346,0.984251968503937,-0.394764797945016,0.48031496062992124
468,0,casia:065,0,0,0.9765625,0.2677165354330709,0.11811023622047244,0.11811023622047244,-1.3605378083179185,0.2992125984251969
469,0,casia:186,0,1,0.0078125,0.06299212598425197,0.3858267716535433,0.3858267716535433,-2.2406733050760583,0.07874015748031496
470,0,casia:453,1,1,0.46875,0.5275590551181102,0.4251968503937008,0.7716535433070866,-0.06901623786306715,0.5511811023622047
471,0,casia:336,1,1,0.03125,0.2755905511811024,0.7716535433070866,0.7716535433070866,-1.9511190294476595,0.14173228346456693
472,0,casia:194,0,0,1.0,1.0,0.7795275590551181,0.7795275590551181,0.23427908685909266,0.7165354330708661
473,0,casia:454,1,1,0.53125,0.25984251968503935,0.28346456692913385,0.28346456692913385,0.4738980289401806,0.6692913385826772
474,0,casia:315,1,1,0.453125,0.2677165354330709,0.6062992125984252,0.6062992125984252,0.7634523045685794,0.7322834645669292
475,0,casia:416,1,1,0.875,0.6377952755905512,0.9212598425196851,0.9212598425196851,0.36531517557953075,0.6456692913385826
476,0,casia:451,1,1,0.625,0.7559055118110236,1.0,0.937007874015748,1.6321151314537758,0.9212598425196851
477,0,casia:451,1,1,0.765625,0.7559055118110236,0.8110236220472441,0.8110236220472441,1.487337993639576,0.889763779527559
478,0,casia:067,0,0,1.0,1.0,0.9606299212598425,0.9606299212598425,-0.9091745360980098,0.41732283464566927
479,0,casia:024,0,0,1.0,0.31496062992125984,0.18110236220472442,0.18110236220472442,0.5953697046350199,0.8110236220472441
480,0,casia:296,1,1,0.5625,0.4015748031496063,0.984251968503937,0.984251968503937,0.36531517557953075,0.6456692913385826
481,0,casia:063,0,0,0.6875,0.47244094488188976,0.968503937007874,0.968503937007874,-0.879083651283349,0.4251968503937008
482,0,casia:458,1,1,0.46875,0.25196850393700787,0.25196850393700787,0.25196850393700787,-1.2272333403766622,0.2992125984251969
483,0,casia:469,1,1,0.484375,0.4015748031496063,0.5275590551181102,0.5275590551181102,-0.35857051349146596,0.4881889763779528
484,0,casia:472,1,1,0.6953125,0.2677165354330709,0.8110236220472441,0.7952755905511811,0.5462865978472802,0.6850393700787402
485,0,casia:268,1,1,0.0546875,0.2677165354330709,0.07086614173228346,0.07086614173228346,-1.7339533227263604,0.1889763779527559
486,0,casia:298,1,0,1.0,1.0,0.48031496062992124,0.18110236220472442,0.23427908685909266,0.7165354330708661
487,0,casia:148,0,0,1.0,1.0,0.7322834645669292,0.7322834645669292,1.0166420920402683,0.9212598425196851
488,0,casia:094,0,1,0.6015625,0.2755905511811024,0.2125984251968504,0.2125984251968504,-0.14140480677016673,0.5354330708661418
489,0,casia:229,0,1,0.0078125,0.07874015748031496,0.05511811023622047,0.05511811023622047,-1.118650487016013,0.3228346456692913
490,0,casia:477,1,1,0.8125,0.7952755905511811,0.4645669291338583,0.9763779527559056,0.329120891125981,0.6377952755905512
491,0,casia:267,1,1,0.1875,0.11023622047244094,0.5984251968503937,0.84251968503937,0.4738980289401806,0.6692913385826772
492,0,casia:277,1,0,1.0,0.2992125984251969,0.13385826771653545,0.13385826771653545,-0.5480839183220827,0.5118110236220472
493,0,casia:391,1,1,0.5234375,0.3937007874015748,0.889763779527559,0.889763779527559,0.329120891125981,0.6377952755905512
494,0,casia:144,0,0,1.0,1.0,0.6456692913385826,0.5748031496062992,0.5050970501910383,0.7874015748031497
495,0,casia:243,0,1,0.265625,0.2755905511811024,0.5511811023622047,0.5511811023622047,0.6548694512079295,0.7086614173228346
496,0,casia:325,1,1,0.1875,0.25984251968503935,0.2047244094488189,0.2047244094488189,-1.6977590382728105,0.1968503937007874
497,0,casia:337,1,1,0.046875,0.25196850393700787,0.49606299212598426,0.49606299212598426,-0.06901623786306715,0.5511811023622047
498,0,casia:323,1,1,0.0078125,0.2125984251968504,0.14173228346456693,0.14173228346456693,-1.80634189163346,0.1732283464566929
499,0,casia:097,0,0,1.0,1.0,1.0,1.0,1.046732976854929,0.9291338582677166
500,0,casia:281,1,0,1.0,1.0,0.6456692913385826,0.6456692913385826,-1.270265153873937,0.3228346456692913
501,0,casia:133,0,0,1.0,1.0,0.6220472440944882,0.6220472440944882,0.2643699716737536,0.7244094488188977
502,0,casia:135,0,0,1.0,1.0,0.09448818897637795,0.09448818897637795,-0.5179930335074221,0.5196850393700787
503,0,casia:023,0,0,0.9375,0.11023622047244094,0.05511811023622047,0.05511811023622047,-2.172991698313755,0.08661417322834646
504,0,casia:256,1,1,0.03125,0.25196850393700787,0.3858267716535433,0.3858267716535433,-1.2634276248302123,0.29133858267716534
505,0,casia:051,0,0,1.0,1.0,0.2125984251968504,0.2125984251968504,-1.6012648868352033,0.23622047244094488
506,0,casia:289,1,1,0.3671875,0.30708661417322836,0.9921259842519685,0.9921259842519685,0.2567323222188814,0.6220472440944882
507,0,casia:449,1,1,0.34375,0.2677165354330709,0.6220472440944882,0.6220472440944882,0.2929266066724312,0.6299212598425197
508,0,casia:483,1,1,0.0078125,0.25196850393700787,0.2125984251968504,0.12598425196850394,-1.4082047626444116,0.25984251968503935
509,0,casia:488,1,1,0.4140625,0.25984251968503935,0.4330708661417323,0.4330708661417323,-0.10521052231661694,0.5433070866141733
510,0,casia:260,1,1,0.0078125,0.10236220472440945,0.05511811023622047,0.05511811023622047,-2.276867589529608,0.07086614173228346
511,0,casia:460,1,1,0.625,0.25984251968503935,0.8346456692913385,0.8346456692913385,0.43770374448663085,0.6614173228346457
