sample_index,true_gender,true_race,true_secret,true_income,known_features,prior_baseline_prediction,conditional_prior_prediction,lomia_label_only_prediction,targeted_lomia_prediction,fredrikson_confidence_map_prediction,csmia_confidence_prediction,bayes_calibrated_confidence_map_prediction,is_targeted_group,targeted_group_key,query_count,score_query_count,candidate_label_outputs,fredrikson_confidence_outputs,csmia_confidence_outputs,bayes_calibrated_confidence_outputs
0,Male,White,gender=Male,<=50K,"{""age"": ""22"", ""workclass"": ""Private"", ""education"": ""10th"", ""educational-num"": ""6"", ""race"": ""White"", ""capital-gain"": ""0"", ""capital-loss"": ""0"", ""hours-per-week"": ""30"", ""native-country"": ""United-States""}",gender=Male,gender=Male,gender=Male,,gender=Female,gender=Female,gender=Male,0,<=50K | 10th | Private,2,2,"{""gender=Female"": ""<=50K"", ""gender=Male"": ""<=50K""}","{""gender=Female"": {""alpha"": 1.0, ""margin"": 0.9738516197884565, ""p_observed"": 0.9869258098942282, ""prior_probability"": 0.3323572474377745, ""score"": 0.9869258098942282}, ""gender=Male"": {""alpha"": 1.0, ""margin"": 0.9250715349746907, ""p_observed"": 0.9625357674873453, ""prior_probability"": 0.6676427525622255, ""score"": 0.9625357674873453}}","{""gender=Female"": {""alpha"": 1.0, ""margin"": 0.9738516197884565, ""p_observed"": 0.9869258098942282, ""prior_probability"": 0.3323572474377745, ""score"": 0.9738516197884565}, ""gender=Male"": {""alpha"": 1.0, ""margin"": 0.9250715349746907, ""p_observed"": 0.9625357674873453, ""prior_probability"": 0.6676427525622255, ""score"": 0.9250715349746907}}","{""gender=Female"": {""alpha"": 2.0, ""margin"": 0.9738516197884565, ""p_observed"": 0.9869258098942282, ""prior_probability"": 0.3323572474377745, ""score"": -1.127865661397936}, ""gender=Male"": {""alpha"": 2.0, ""margin"": 0.9250715349746907, ""p_observed"": 0.9625357674873453, ""prior_probability"": 0.6676427525622255, ""score"": -0.4803701550260806}}"
1,Male,White,gender=Male,<=50K,"{""age"": ""73"", ""workclass"": ""Private"", ""education"": ""1st-4th"", ""educational-num"": ""2"", ""race"": ""White"", ""capital-gain"": ""0"", ""capital-loss"": ""1735"", ""hours-per-week"": ""20"", ""native-country"": ""United-States""}",gender=Male,gender=Male,gender=Male,,gender=Female,gender=Female,gender=Male,0,<=50K | 1st-4th | Private,2,2,"{""gender=Female"": ""<=50K"", ""gender=Male"": ""<=50K""}","{""gender=Female"": {""alpha"": 1.0, ""margin"": 0.8988032959764064, ""p_observed"": 0.9494016479882033, ""prior_probability"": 0.2535211267605634, ""score"": 0.9494016479882033}, ""gender=Male"": {""alpha"": 1.0, ""margin"": 0.7249551578196445, ""p_observed"": 0.8624775789098221, ""prior_probability"": 0.7464788732394366, ""score"": 0.8624775789098221}}","{""gender=Female"": {""alpha"": 1.0, ""margin"": 0.8988032959764064, ""p_observed"": 0.9494016479882033, ""prior_probability"": 0.2535211267605634, ""score"": 0.8988032959764064}, ""gender=Male"": {""alpha"": 1.0, ""margin"": 0.7249551578196445, ""p_observed"": 0.8624775789098221, ""prior_probability"": 0.7464788732394366, ""score"": 0.7249551578196445}}","{""gender=Female"": {""alpha"": 2.0, ""margin"": 0.8988032959764064, ""p_observed"": 0.9494016479882033, ""prior_probability"": 0.2535211267605634, ""score"": -1.476154793236538}, ""gender=Male"": {""alpha"": 2.0, ""margin"": 0.7249551578196445, ""p_observed"": 0.8624775789098221, ""prior_probability"": 0.7464788732394366, ""score"": -0.5882802152519598}}"
2,Female,White,gender=Female,<=50K,"{""age"": ""20"", ""workclass"": ""Self-emp-not-inc"", ""education"": ""Some-college"", ""educational-num"": ""10"", ""race"": ""White"", ""capital-gain"": ""0"", ""capital-loss"": ""0"", ""hours-per-week"": ""25"", ""native-country"": ""United-States""}",gender=Male,gender=Male,gender=Male,,gender=Female,gender=Female,gender=Male,0,<=50K | Some-college | Self-emp-not-inc,2,2,"{""gender=Female"": ""<=50K"", ""gender=Male"": ""<=50K""}","{""gender=Female"": {""alpha"": 1.0, ""margin"": 0.9128642175738368, ""p_observed"": 0.9564321087869183, ""prior_probability"": 0.44275132275132273, ""score"": 0.9564321087869183}, ""gender=Male"": {""alpha"": 1.0, ""margin"": 0.8696443844523192, ""p_observed"": 0.9348221922261596, ""prior_probability"": 0.5572486772486772, ""score"": 0.9348221922261596}}","{""gender=Female"": {""alpha"": 1.0, ""margin"": 0.9128642175738368, ""p_observed"": 0.9564321087869183, ""prior_probability"": 0.44275132275132273, ""score"": 0.9128642175738368}, ""gender=Male"": {""alpha"": 1.0, ""margin"": 0.8696443844523192, ""p_observed"": 0.9348221922261596, ""prior_probability"": 0.5572486772486772, ""score"": 0.8696443844523192}}","{""gender=Female"": {""alpha"": 2.0, ""margin"": 0.9128642175738368, ""p_observed"": 0.9564321087869183, ""prior_probability"": 0.44275132275132273, ""score"": -0.9038379575658497}, ""gender=Male"": {""alpha"": 2.0, ""margin"": 0.8696443844523192, ""p_observed"": 0.9348221922261596, ""prior_probability"": 0.5572486772486772, ""score"": -0.7195415534713205}}"
3,Male,White,gender=Male,<=50K,"{""age"": ""41"", ""workclass"": ""Private"", ""education"": ""5th-6th"", ""educational-num"": ""3"", ""race"": ""White"", ""capital-gain"": ""0"", ""capital-loss"": ""0"", ""hours-per-week"": ""40"", ""native-country"": ""Mexico""}",gender=Male,gender=Male,gender=Male,,gender=Female,gender=Female,gender=Male,0,<=50K | 5th-6th | Private,2,2,"{""gender=Female"": ""<=50K"", ""gender=Male"": ""<=50K""}","{""gender=Female"": {""alpha"": 1.0, ""margin"": 0.8755938800379671, ""p_observed"": 0.9377969400189834, ""prior_probability"": 0.27547169811320754, ""score"": 0.9377969400189834}, ""gender=Male"": {""alpha"": 1.0, ""margin"": 0.7966216618813317, ""p_observed"": 0.8983108309406657, ""prior_probability"": 0.7245283018867924, ""score"": 0.8983108309406657}}","{""gender=Female"": {""alpha"": 1.0, ""margin"": 0.8755938800379671, ""p_observed"": 0.9377969400189834, ""prior_probability"": 0.27547169811320754, ""score"": 0.8755938800379671}, ""gender=Male"": {""alpha"": 1.0, ""margin"": 0.7966216618813317, ""p_observed"": 0.8983108309406657, ""prior_probability"": 0.7245283018867924, ""score"": 0.7966216618813317}}","{""gender=Female"": {""alpha"": 2.0, ""margin"": 0.8755938800379671, ""p_observed"": 0.9377969400189834, ""prior_probability"": 0.27547169811320754, ""score"": -1.4177140553730034}, ""gender=Male"": {""alpha"": 2.0, ""margin"": 0.7966216618813317, ""p_observed"": 0.8983108309406657, ""prior_probability"": 0.7245283018867924, ""score"": -0.5367127212914867}}"
4,Male,White,gender=Male,<=50K,"{""age"": ""42"", ""workclass"": ""Private"", ""education"": ""HS-grad"", ""educational-num"": ""9"", ""race"": ""White"", ""capital-gain"": ""0"", ""capital-loss"": ""1672"", ""hours-per-week"": ""40"", ""native-country"": ""United-States""}",gender=Male,gender=Male,gender=Male,,gender=Female,gender=Female,gender=Male,0,<=50K | HS-grad | Private,2,2,"{""gender=Female"": ""<=50K"", ""gender=Male"": ""<=50K""}","{""gender=Female"": {""alpha"": 1.0, ""margin"": 0.8239207400917037, ""p_observed"": 0.9119603700458517, ""prior_probability"": 0.3531869020347662, ""score"": 0.9119603700458517}, ""gender=Male"": {""alpha"": 1.0, ""margin"": 0.5710904142163328, ""p_observed"": 0.7855452071081663, ""prior_probability"": 0.6468130979652338, ""score"": 0.7855452071081663}}","{""gender=Female"": {""alpha"": 1.0, ""margin"": 0.8239207400917037, ""p_observed"": 0.9119603700458517, ""prior_probability"": 0.3531869020347662, ""score"": 0.8239207400917037}, ""gender=Male"": {""alpha"": 1.0, ""margin"": 0.5710904142163328, ""p_observed"": 0.7855452071081663, ""prior_probability"": 0.6468130979652338, ""score"": 0.5710904142163328}}","{""gender=Female"": {""alpha"": 2.0, ""margin"": 0.8239207400917037, ""p_observed"": 0.9119603700458517, ""prior_probability"": 0.3531869020347662, ""score"": -1.225075382144819}, ""gender=Male"": {""alpha"": 2.0, ""margin"": 0.5710904142163328, ""p_observed"": 0.7855452071081663, ""prior_probability"": 0.6468130979652338, ""score"": -0.9184524429282038}}"
5,Male,White,gender=Male,>50K,"{""age"": ""61"", ""workclass"": ""Self-emp-inc"", ""education"": ""HS-grad"", ""educational-num"": ""9"", ""race"": ""White"", ""capital-gain"": ""0"", ""capital-loss"": ""0"", ""hours-per-week"": ""35"", ""native-country"": ""United-States""}",gender=Male,gender=Male,gender=Male,,gender=Male,gender=Male,gender=Male,0,>50K | HS-grad | Self-emp-inc,2,2,"{""gender=Female"": ""<=50K"", ""gender=Male"": ""<=50K""}","{""gender=Female"": {""alpha"": 1.0, ""margin"": -0.5302717438972229, ""p_observed"": 0.23486412805138862, ""prior_probability"": 0.129565816678153, ""score"": 0.23486412805138862}, ""gender=Male"": {""alpha"": 1.0, ""margin"": -0.43281628311054265, ""p_observed"": 0.2835918584447288, ""prior_probability"": 0.870434183321847, ""score"": 0.2835918584447288}}","{""gender=Female"": {""alpha"": 1.0, ""margin"": -0.5302717438972229, ""p_observed"": 0.23486412805138862, ""prior_probability"": 0.129565816678153, ""score"": -0.5302717438972229}, ""gender=Male"": {""alpha"": 1.0, ""margin"": -0.43281628311054265, ""p_observed"": 0.2835918584447288, ""prior_probability"": 0.870434183321847, ""score"": -0.43281628311054265}}","{""gender=Female"": {""alpha"": 2.0, ""margin"": -0.5302717438972229, ""p_observed"": 0.23486412805138862, ""prior_probability"": 0.129565816678153, ""score"": -4.941062511158945}, ""gender=Male"": {""alpha"": 2.0, ""margin"": -0.43281628311054265, ""p_observed"": 0.2835918584447288, ""prior_probability"": 0.870434183321847, ""score"": -2.659201515769733}}"
6,Male,White,gender=Male,<=50K,"{""age"": ""49"", ""workclass"": ""Local-gov"", ""education"": ""HS-grad"", ""educational-num"": ""9"", ""race"": ""White"", ""capital-gain"": ""0"", ""capital-loss"": ""0"", ""hours-per-week"": ""40"", ""native-country"": ""United-States""}",gender=Male,gender=Male,gender=Male,,gender=Female,gender=Female,gender=Male,0,<=50K | HS-grad | Local-gov,2,2,"{""gender=Female"": ""<=50K"", ""gender=Male"": ""<=50K""}","{""gender=Female"": {""alpha"": 1.0, ""margin"": 0.8034944443526112, ""p_observed"": 0.9017472221763054, ""prior_probability"": 0.3531869020347662, ""score"": 0.9017472221763054}, ""gender=Male"": {""alpha"": 1.0, ""margin"": 0.5271888411540463, ""p_observed"": 0.7635944205770231, ""prior_probability"": 0.6468130979652338, ""score"": 0.7635944205770231}}","{""gender=Female"": {""alpha"": 1.0, ""margin"": 0.8034944443526112, ""p_observed"": 0.9017472221763054, ""prior_probability"": 0.3531869020347662, ""score"": 0.8034944443526112}, ""gender=Male"": {""alpha"": 1.0, ""margin"": 0.5271888411540463, ""p_observed"": 0.7635944205770231, ""prior_probability"": 0.6468130979652338, ""score"": 0.5271888411540463}}","{""gender=Female"": {""alpha"": 2.0, ""margin"": 0.8034944443526112, ""p_observed"": 0.9017472221763054, ""prior_probability"": 0.3531869020347662, ""score"": -1.2475999740150892}, ""gender=Male"": {""alpha"": 2.0, ""margin"": 0.5271888411540463, ""p_observed"": 0.7635944205770231, ""prior_probability"": 0.6468130979652338, ""score"": -0.9751348888589718}}"
7,Female,White,gender=Female,<=50K,"{""age"": ""45"", ""workclass"": ""Local-gov"", ""education"": ""HS-grad"", ""educational-num"": ""9"", ""race"": ""White"", ""capital-gain"": ""0"", ""capital-loss"": ""0"", ""hours-per-week"": ""37"", ""native-country"": ""United-States""}",gender=Male,gender=Male,gender=Male,,gender=Female,gender=Female,gender=Male,0,<=50K | HS-grad | Local-gov,2,2,"{""gender=Female"": ""<=50K"", ""gender=Male"": ""<=50K""}","{""gender=Female"": {""alpha"": 1.0, ""margin"": 0.8137992202883925, ""p_observed"": 0.9068996101441961, ""prior_probability"": 0.3531869020347662, ""score"": 0.9068996101441961}, ""gender=Male"": {""alpha"": 1.0, ""margin"": 0.6051048049702235, ""p_observed"": 0.8025524024851117, ""prior_probability"": 0.6468130979652338, ""score"": 0.8025524024851117}}","{""gender=Female"": {""alpha"": 1.0, ""margin"": 0.8137992202883925, ""p_observed"": 0.9068996101441961, ""prior_probability"": 0.3531869020347662, ""score"": 0.8137992202883925}, ""gender=Male"": {""alpha"": 1.0, ""margin"": 0.6051048049702235, ""p_observed"": 0.8025524024851117, ""prior_probability"": 0.6468130979652338, ""score"": 0.6051048049702235}}","{""gender=Female"": {""alpha"": 2.0, ""margin"": 0.8137992202883925, ""p_observed"": 0.9068996101441961, ""prior_probability"": 0.3531869020347662, ""score"": -1.2362049314589196}, ""gender=Male"": {""alpha"": 2.0, ""margin"": 0.6051048049702235, ""p_observed"": 0.8025524024851117, ""prior_probability"": 0.6468130979652338, ""score"": -0.8756141552001271}}"
8,Male,White,gender=Male,>50K,"{""age"": ""51"", ""workclass"": ""Private"", ""education"": ""Assoc-acdm"", ""educational-num"": ""12"", ""race"": ""White"", ""capital-gain"": ""5178"", ""capital-loss"": ""0"", ""hours-per-week"": ""45"", ""native-country"": ""United-States""}",gender=Male,gender=Male,gender=Male,,gender=Male,gender=Male,gender=Male,0,>50K | Assoc-acdm | Private,2,2,"{""gender=Female"": ""<=50K"", ""gender=Male"": "">50K""}","{""gender=Female"": {""alpha"": 1.0, ""margin"": -0.3571723959299475, ""p_observed"": 0.3214138020350264, ""prior_probability"": 0.19827586206896552, ""score"": 0.3214138020350264}, ""gender=Male"": {""alpha"": 1.0, ""margin"": 0.44105388222103725, ""p_observed"": 0.7205269411105187, ""prior_probability"": 0.8017241379310345, ""score"": 0.7205269411105187}}","{""gender=Female"": {""alpha"": 1.0, ""margin"": -0.3571723959299475, ""p_observed"": 0.3214138020350264, ""prior_probability"": 0.19827586206896552, ""score"": -0.3571723959299475}, ""gender=Male"": {""alpha"": 1.0, ""margin"": 0.44105388222103725, ""p_observed"": 0.7205269411105187, ""prior_probability"": 0.8017241379310345, ""score"": 0.44105388222103725}}","{""gender=Female"": {""alpha"": 2.0, ""margin"": -0.3571723959299475, ""p_observed"": 0.3214138020350264, ""prior_probability"": 0.19827586206896552, ""score"": -3.8881477414153043}, ""gender=Male"": {""alpha"": 2.0, ""margin"": 0.44105388222103725, ""p_observed"": 0.7205269411105187, ""prior_probability"": 0.8017241379310345, ""score"": -0.8765356419519363}}"
9,Female,White,gender=Female,<=50K,"{""age"": ""18"", ""workclass"": ""Private"", ""education"": ""HS-grad"", ""educational-num"": ""9"", ""race"": ""White"", ""capital-gain"": ""0"", ""capital-loss"": ""0"", ""hours-per-week"": ""20"", ""native-country"": ""United-States""}",gender=Male,gender=Male,gender=Male,,gender=Female,gender=Female,gender=Male,0,<=50K | HS-grad | Private,2,2,"{""gender=Female"": ""<=50K"", ""gender=Male"": ""<=50K""}","{""gender=Female"": {""alpha"": 1.0, ""margin"": 0.9574641458842439, ""p_observed"": 0.978732072942122, ""prior_probability"": 0.3531869020347662, ""score"": 0.978732072942122}, ""gender=Male"": {""alpha"": 1.0, ""margin"": 0.907980475441069, ""p_observed"": 0.9539902377205344, ""prior_probability"": 0.6468130979652338, ""score"": 0.9539902377205344}}","{""gender=Female"": {""alpha"": 1.0, ""margin"": 0.9574641458842439, ""p_observed"": 0.978732072942122, ""prior_probability"": 0.3531869020347662, ""score"": 0.9574641458842439}, ""gender=Male"": {""alpha"": 1.0, ""margin"": 0.907980475441069, ""p_observed"": 0.9539902377205344, ""prior_probability"": 0.6468130979652338, ""score"": 0.907980475441069}}","{""gender=Female"": {""alpha"": 2.0, ""margin"": 0.9574641458842439, ""p_observed"": 0.978732072942122, ""prior_probability"": 0.3531869020347662, ""score"": -1.0837525908940708}, ""gender=Male"": {""alpha"": 2.0, ""margin"": 0.907980475441069, ""p_observed"": 0.9539902377205344, ""prior_probability"": 0.6468130979652338, ""score"": -0.5299015822412542}}"
10,Male,White,gender=Male,<=50K,"{""age"": ""27"", ""workclass"": ""Private"", ""education"": ""HS-grad"", ""educational-num"": ""9"", ""race"": ""White"", ""capital-gain"": ""0"", ""capital-loss"": ""0"", ""hours-per-week"": ""40"", ""native-country"": ""United-States""}",gender=Male,gender=Male,gender=Male,,gender=Female,gender=Female,gender=Male,0,<=50K | HS-grad | Private,2,2,"{""gender=Female"": ""<=50K"", ""gender=Male"": ""<=50K""}","{""gender=Female"": {""alpha"": 1.0, ""margin"": 0.917475587486382, ""p_observed"": 0.958737793743191, ""prior_probability"": 0.3531869020347662, ""score"": 0.958737793743191}, ""gender=Male"": {""alpha"": 1.0, ""margin"": 0.826030873098181, ""p_observed"": 0.9130154365490905, ""prior_probability"": 0.6468130979652338, ""score"": 0.9130154365490905}}","{""gender=Female"": {""alpha"": 1.0, ""margin"": 0.917475587486382, ""p_observed"": 0.958737793743191, ""prior_probability"": 0.3531869020347662, ""score"": 0.917475587486382}, ""gender=Male"": {""alpha"": 1.0, ""margin"": 0.826030873098181, ""p_observed"": 0.9130154365490905, ""prior_probability"": 0.6468130979652338, ""score"": 0.826030873098181}}","{""gender=Female"": {""alpha"": 2.0, ""margin"": 0.917475587486382, ""p_observed"": 0.958737793743191, ""prior_probability"": 0.3531869020347662, ""score"": -1.1250332102666063}, ""gender=Male"": {""alpha"": 2.0, ""margin"": 0.826030873098181, ""p_observed"": 0.9130154365490905, ""prior_probability"": 0.6468130979652338, ""score"": -0.6177028831308649}}"
11,Female,White,gender=Female,<=50K,"{""age"": ""55"", ""workclass"": ""Private"", ""education"": ""Bachelors"", ""educational-num"": ""13"", ""race"": ""White"", ""capital-gain"": ""0"", ""capital-loss"": ""0"", ""hours-per-week"": ""8"", ""native-country"": ""United-States""}",gender=Male,gender=Male,gender=Male,,gender=Female,gender=Female,gender=Female,0,<=50K | Bachelors | Private,2,2,"{""gender=Female"": ""<=50K"", ""gender=Male"": ""<=50K""}","{""gender=Female"": {""alpha"": 1.0, ""margin"": 0.552160564809073, ""p_observed"": 0.7760802824045365, ""prior_probability"": 0.4140684410646388, ""score"": 0.7760802824045365}, ""gender=Male"": {""alpha"": 1.0, ""margin"": 0.17727132580228566, ""p_observed"": 0.5886356629011429, ""prior_probability"": 0.5859315589353612, ""score"": 0.5886356629011429}}","{""gender=Female"": {""alpha"": 1.0, ""margin"": 0.552160564809073, ""p_observed"": 0.7760802824045365, ""prior_probability"": 0.4140684410646388, ""score"": 0.552160564809073}, ""gender=Male"": {""alpha"": 1.0, ""margin"": 0.17727132580228566, ""p_observed"": 0.5886356629011429, ""prior_probability"": 0.5859315589353612, ""score"": 0.17727132580228566}}","{""gender=Female"": {""alpha"": 2.0, ""margin"": 0.552160564809073, ""p_observed"": 0.7760802824045365, ""prior_probability"": 0.4140684410646388, ""score"": -1.3887226171254845}, ""gender=Male"": {""alpha"": 2.0, ""margin"": 0.17727132580228566, ""p_observed"": 0.5886356629011429, ""prior_probability"": 0.5859315589353612, ""score"": -1.5944480011550757}}"
12,Male,White,gender=Male,>50K,"{""age"": ""61"", ""workclass"": ""Self-emp-inc"", ""education"": ""HS-grad"", ""educational-num"": ""9"", ""race"": ""White"", ""capital-gain"": ""0"", ""capital-loss"": ""0"", ""hours-per-week"": ""20"", ""native-country"": ""United-States""}",gender=Male,gender=Male,gender=Male,,gender=Male,gender=Male,gender=Male,0,>50K | HS-grad | Self-emp-inc,2,2,"{""gender=Female"": ""<=50K"", ""gender=Male"": ""<=50K""}","{""gender=Female"": {""alpha"": 1.0, ""margin"": -0.4882517672138057, ""p_observed"": 0.2558741163930972, ""prior_probability"": 0.129565816678153, ""score"": 0.2558741163930972}, ""gender=Male"": {""alpha"": 1.0, ""margin"": -0.45791107950643306, ""p_observed"": 0.2710444602467835, ""prior_probability"": 0.870434183321847, ""score"": 0.2710444602467835}}","{""gender=Female"": {""alpha"": 1.0, ""margin"": -0.4882517672138057, ""p_observed"": 0.2558741163930972, ""prior_probability"": 0.129565816678153, ""score"": -0.4882517672138057}, ""gender=Male"": {""alpha"": 1.0, ""margin"": -0.45791107950643306, ""p_observed"": 0.2710444602467835, ""prior_probability"": 0.870434183321847, ""score"": -0.45791107950643306}}","{""gender=Female"": {""alpha"": 2.0, ""margin"": -0.4882517672138057, ""p_observed"": 0.2558741163930972, ""prior_probability"": 0.129565816678153, ""score"": -4.769705666618798}, ""gender=Male"": {""alpha"": 2.0, ""margin"": -0.45791107950643306, ""p_observed"": 0.2710444602467835, ""prior_probability"": 0.870434183321847, ""score"": -2.749707953748832}}"
13,Female,White,gender=Female,>50K,"{""age"": ""57"", ""workclass"": ""Private"", ""education"": ""Bachelors"", ""educational-num"": ""13"", ""race"": ""White"", ""capital-gain"": ""0"", ""capital-loss"": ""0"", ""hours-per-week"": ""45"", ""native-country"": ""United-States""}",gender=Male,gender=Male,gender=Male,,gender=Male,gender=Male,gender=Male,0,>50K | Bachelors | Private,2,2,"{""gender=Female"": ""<=50K"", ""gender=Male"": "">50K""}","{""gender=Female"": {""alpha"": 1.0, ""margin"": -0.4362072369261178, ""p_observed"": 0.28189638153694113, ""prior_probability"": 0.15218508997429306, ""score"": 0.28189638153694113}, ""gender=Male"": {""alpha"": 1.0, ""margin"": 0.20027397776234457, ""p_observed"": 0.6001369888811723, ""prior_probability"": 0.847814910025707, ""score"": 0.6001369888811723}}","{""gender=Female"": {""alpha"": 1.0, ""margin"": -0.4362072369261178, ""p_observed"": 0.28189638153694113, ""prior_probability"": 0.15218508997429306, ""score"": -0.4362072369261178}, ""gender=Male"": {""alpha"": 1.0, ""margin"": 0.20027397776234457, ""p_observed"": 0.6001369888811723, ""prior_probability"": 0.847814910025707, ""score"": 0.20027397776234457}}","{""gender=Female"": {""alpha"": 2.0, ""margin"": -0.4362072369261178, ""p_observed"": 0.28189638153694113, ""prior_probability"": 0.15218508997429306, ""score"": -4.415089235579497}, ""gender=Male"": {""alpha"": 2.0, ""margin"": 0.20027397776234457, ""p_observed"": 0.6001369888811723, ""prior_probability"": 0.847814910025707, ""score"": -1.1862876035407375}}"
14,Female,White,gender=Female,<=50K,"{""age"": ""56"", ""workclass"": ""State-gov"", ""education"": ""Some-college"", ""educational-num"": ""10"", ""race"": ""White"", ""capital-gain"": ""0"", ""capital-loss"": ""0"", ""hours-per-week"": ""35"", ""native-country"": ""United-States""}",gender=Male,gender=Male,gender=Male,,gender=Female,gender=Female,gender=Female,0,<=50K | Some-college | State-gov,2,2,"{""gender=Female"": ""<=50K"", ""gender=Male"": ""<=50K""}","{""gender=Female"": {""alpha"": 1.0, ""margin"": 0.8144537898658587, ""p_observed"": 0.9072268949329292, ""prior_probability"": 0.44275132275132273, ""score"": 0.9072268949329292}, ""gender=Male"": {""alpha"": 1.0, ""margin"": 0.4476660708184257, ""p_observed"": 0.7238330354092127, ""prior_probability"": 0.5572486772486772, ""score"": 0.7238330354092127}}","{""gender=Female"": {""alpha"": 1.0, ""margin"": 0.8144537898658587, ""p_observed"": 0.9072268949329292, ""prior_probability"": 0.44275132275132273, ""score"": 0.8144537898658587}, ""gender=Male"": {""alpha"": 1.0, ""margin"": 0.4476660708184257, ""p_observed"": 0.7238330354092127, ""prior_probability"": 0.5572486772486772, ""score"": 0.4476660708184257}}","{""gender=Female"": {""alpha"": 2.0, ""margin"": 0.8144537898658587, ""p_observed"": 0.9072268949329292, ""prior_probability"": 0.44275132275132273, ""score"": -1.0094724154590229}, ""gender=Male"": {""alpha"": 2.0, ""margin"": 0.4476660708184257, ""p_observed"": 0.7238330354092127, ""prior_probability"": 0.5572486772486772, ""score"": -1.2311327349667511}}"
15,Male,White,gender=Male,<=50K,"{""age"": ""42"", ""workclass"": ""Private"", ""education"": ""Some-college"", ""educational-num"": ""10"", ""race"": ""White"", ""capital-gain"": ""0"", ""capital-loss"": ""0"", ""hours-per-week"": ""45"", ""native-country"": ""United-States""}",gender=Male,gender=Male,gender=Male,,gender=Female,gender=Female,gender=Female,0,<=50K | Some-college | Private,2,2,"{""gender=Female"": ""<=50K"", ""gender=Male"": ""<=50K""}","{""gender=Female"": {""alpha"": 1.0, ""margin"": 0.7149034222825814, ""p_observed"": 0.8574517111412906, ""prior_probability"": 0.44275132275132273, ""score"": 0.8574517111412906}, ""gender=Male"": {""alpha"": 1.0, ""margin"": 0.2831871427335598, ""p_observed"": 0.64159357136678, ""prior_probability"": 0.5572486772486772, ""score"": 0.64159357136678}}","{""gender=Female"": {""alpha"": 1.0, ""margin"": 0.7149034222825814, ""p_observed"": 0.8574517111412906, ""prior_probability"": 0.44275132275132273, ""score"": 0.7149034222825814}, ""gender=Male"": {""alpha"": 1.0, ""margin"": 0.2831871427335598, ""p_observed"": 0.64159357136678, ""prior_probability"": 0.5572486772486772, ""score"": 0.2831871427335598}}","{""gender=Female"": {""alpha"": 2.0, ""margin"": 0.7149034222825814, ""p_observed"": 0.8574517111412906, ""prior_probability"": 0.44275132275132273, ""score"": -1.1223278448741545}, ""gender=Male"": {""alpha"": 2.0, ""margin"": 0.2831871427335598, ""p_observed"": 0.64159357136678, ""prior_probability"": 0.5572486772486772, ""score"": -1.4723441647719548}}"
16,Male,Black,gender=Male,<=50K,"{""age"": ""48"", ""workclass"": ""Private"", ""education"": ""Some-college"", ""educational-num"": ""10"", ""race"": ""Black"", ""capital-gain"": ""0"", ""capital-loss"": ""0"", ""hours-per-week"": ""40"", ""native-country"": ""United-States""}",gender=Male,gender=Male,gender=Male,,gender=Female,gender=Female,gender=Female,0,<=50K | Some-college | Private,2,2,"{""gender=Female"": ""<=50K"", ""gender=Male"": ""<=50K""}","{""gender=Female"": {""alpha"": 1.0, ""margin"": 0.8378662284540793, ""p_observed"": 0.9189331142270396, ""prior_probability"": 0.44275132275132273, ""score"": 0.9189331142270396}, ""gender=Male"": {""alpha"": 1.0, ""margin"": 0.4401385315585912, ""p_observed"": 0.7200692657792954, ""prior_probability"": 0.5572486772486772, ""score"": 0.7200692657792954}}","{""gender=Female"": {""alpha"": 1.0, ""margin"": 0.8378662284540793, ""p_observed"": 0.9189331142270396, ""prior_probability"": 0.44275132275132273, ""score"": 0.8378662284540793}, ""gender=Male"": {""alpha"": 1.0, ""margin"": 0.4401385315585912, ""p_observed"": 0.7200692657792954, ""prior_probability"": 0.5572486772486772, ""score"": 0.4401385315585912}}","{""gender=Female"": {""alpha"": 2.0, ""margin"": 0.8378662284540793, ""p_observed"": 0.9189331142270396, ""prior_probability"": 0.44275132275132273, ""score"": -0.9838308953671733}, ""gender=Male"": {""alpha"": 2.0, ""margin"": 0.4401385315585912, ""p_observed"": 0.7200692657792954, ""prior_probability"": 0.5572486772486772, ""score"": -1.2415594186874406}}"
17,Male,Black,gender=Male,<=50K,"{""age"": ""21"", ""workclass"": ""Private"", ""education"": ""Some-college"", ""educational-num"": ""10"", ""race"": ""Black"", ""capital-gain"": ""0"", ""capital-loss"": ""0"", ""hours-per-week"": ""40"", ""native-country"": ""United-States""}",gender=Male,gender=Male,gender=Male,,gender=Female,gender=Female,gender=Male,0,<=50K | Some-college | Private,2,2,"{""gender=Female"": ""<=50K"", ""gender=Male"": ""<=50K""}","{""gender=Female"": {""alpha"": 1.0, ""margin"": 0.9447529245363273, ""p_observed"": 0.9723764622681635, ""prior_probability"": 0.44275132275132273, ""score"": 0.9723764622681635}, ""gender=Male"": {""alpha"": 1.0, ""margin"": 0.8742449222367047, ""p_observed"": 0.9371224611183523, ""prior_probability"": 0.5572486772486772, ""score"": 0.9371224611183523}}","{""gender=Female"": {""alpha"": 1.0, ""margin"": 0.9447529245363273, ""p_observed"": 0.9723764622681635, ""prior_probability"": 0.44275132275132273, ""score"": 0.9447529245363273}, ""gender=Male"": {""alpha"": 1.0, ""margin"": 0.8742449222367047, ""p_observed"": 0.9371224611183523, ""prior_probability"": 0.5572486772486772, ""score"": 0.8742449222367047}}","{""gender=Female"": {""alpha"": 2.0, ""margin"": 0.9447529245363273, ""p_observed"": 0.9723764622681635, ""prior_probability"": 0.44275132275132273, ""score"": -0.8707715000338073}, ""gender=Male"": {""alpha"": 2.0, ""margin"": 0.8742449222367047, ""p_observed"": 0.9371224611183523, ""prior_probability"": 0.5572486772486772, ""score"": -0.7146263012049232}}"
18,Male,White,gender=Male,<=50K,"{""age"": ""62"", ""workclass"": ""Private"", ""education"": ""Bachelors"", ""educational-num"": ""13"", ""race"": ""White"", ""capital-gain"": ""0"", ""capital-loss"": ""0"", ""hours-per-week"": ""30"", ""native-country"": ""United-States""}",gender=Male,gender=Male,gender=Male,,gender=Female,gender=Female,gender=Female,0,<=50K | Bachelors | Private,2,2,"{""gender=Female"": ""<=50K"", ""gender=Male"": ""<=50K""}","{""gender=Female"": {""alpha"": 1.0, ""margin"": 0.5671245334893809, ""p_observed"": 0.7835622667446904, ""prior_probability"": 0.4140684410646388, ""score"": 0.7835622667446904}, ""gender=Male"": {""alpha"": 1.0, ""margin"": 0.19175971022488075, ""p_observed"": 0.5958798551124405, ""prior_probability"": 0.5859315589353612, ""score"": 0.5958798551124405}}","{""gender=Female"": {""alpha"": 1.0, ""margin"": 0.5671245334893809, ""p_observed"": 0.7835622667446904, ""prior_probability"": 0.4140684410646388, ""score"": 0.5671245334893809}, ""gender=Male"": {""alpha"": 1.0, ""margin"": 0.19175971022488075, ""p_observed"": 0.5958798551124405, ""prior_probability"": 0.5859315589353612, ""score"": 0.19175971022488075}}","{""gender=Female"": {""alpha"": 2.0, ""margin"": 0.5671245334893809, ""p_observed"": 0.7835622667446904, ""prior_probability"": 0.4140684410646388, ""score"": -1.3695334978220182}, ""gender=Male"": {""alpha"": 2.0, ""margin"": 0.19175971022488075, ""p_observed"": 0.5958798551124405, ""prior_probability"": 0.5859315589353612, ""score"": -1.56998472509102}}"
19,Female,Black,gender=Female,<=50K,"{""age"": ""45"", ""workclass"": ""Private"", ""education"": ""HS-grad"", ""educational-num"": ""9"", ""race"": ""Black"", ""capital-gain"": ""0"", ""capital-loss"": ""0"", ""hours-per-week"": ""50"", ""native-country"": ""United-States""}",gender=Male,gender=Male,gender=Male,,gender=Female,gender=Female,gender=Male,0,<=50K | HS-grad | Private,2,2,"{""gender=Female"": ""<=50K"", ""gender=Male"": ""<=50K""}","{""gender=Female"": {""alpha"": 1.0, ""margin"": 0.8359399529551617, ""p_observed"": 0.9179699764775808, ""prior_probability"": 0.3531869020347662, ""score"": 0.9179699764775808}, ""gender=Male"": {""alpha"": 1.0, ""margin"": 0.5213681763088827, ""p_observed"": 0.7606840881544414, ""prior_probability"": 0.6468130979652338, ""score"": 0.7606840881544414}}","{""gender=Female"": {""alpha"": 1.0, ""margin"": 0.8359399529551617, ""p_observed"": 0.9179699764775808, ""prior_probability"": 0.3531869020347662, ""score"": 0.8359399529551617}, ""gender=Male"": {""alpha"": 1.0, ""margin"": 0.5213681763088827, ""p_observed"": 0.7606840881544414, ""prior_probability"": 0.6468130979652338, ""score"": 0.5213681763088827}}","{""gender=Female"": {""alpha"": 2.0, ""margin"": 0.8359399529551617, ""p_observed"": 0.9179699764775808, ""prior_probability"": 0.3531869020347662, ""score"": -1.211939083163909}, ""gender=Male"": {""alpha"": 2.0, ""margin"": 0.5213681763088827, ""p_observed"": 0.7606840881544414, ""prior_probability"": 0.6468130979652338, ""score"": -0.98277217021524}}"
20,Female,Black,gender=Female,<=50K,"{""age"": ""51"", ""workclass"": ""Local-gov"", ""education"": ""Some-college"", ""educational-num"": ""10"", ""race"": ""Black"", ""capital-gain"": ""0"", ""capital-loss"": ""0"", ""hours-per-week"": ""40"", ""native-country"": ""United-States""}",gender=Male,gender=Male,gender=Male,,gender=Female,gender=Female,gender=Female,0,<=50K | Some-college | Local-gov,2,2,"{""gender=Female"": ""<=50K"", ""gender=Male"": ""<=50K""}","{""gender=Female"": {""alpha"": 1.0, ""margin"": 0.8201075270902586, ""p_observed"": 0.9100537635451291, ""prior_probability"": 0.44275132275132273, ""score"": 0.9100537635451291}, ""gender=Male"": {""alpha"": 1.0, ""margin"": 0.4296771553262067, ""p_observed"": 0.7148385776631032, ""prior_probability"": 0.5572486772486772, ""score"": 0.7148385776631032}}","{""gender=Female"": {""alpha"": 1.0, ""margin"": 0.8201075270902586, ""p_observed"": 0.9100537635451291, ""prior_probability"": 0.44275132275132273, ""score"": 0.8201075270902586}, ""gender=Male"": {""alpha"": 1.0, ""margin"": 0.4296771553262067, ""p_observed"": 0.7148385776631032, ""prior_probability"": 0.5572486772486772, ""score"": 0.4296771553262067}}","{""gender=Female"": {""alpha"": 2.0, ""margin"": 0.8201075270902586, ""p_observed"": 0.9100537635451291, ""prior_probability"": 0.44275132275132273, ""score"": -1.0032502155382717}, ""gender=Male"": {""alpha"": 2.0, ""margin"": 0.4296771553262067, ""p_observed"": 0.7148385776631032, ""prior_probability"": 0.5572486772486772, ""score"": -1.2561407349978277}}"
21,Male,White,gender=Male,<=50K,"{""age"": ""44"", ""workclass"": ""Private"", ""education"": ""Bachelors"", ""educational-num"": ""13"", ""race"": ""White"", ""capital-gain"": ""0"", ""capital-loss"": ""0"", ""hours-per-week"": ""55"", ""native-country"": ""United-States""}",gender=Male,gender=Male,gender=Female,,gender=Female,gender=Female,gender=Female,0,<=50K | Bachelors | Private,2,2,"{""gender=Female"": ""<=50K"", ""gender=Male"": "">50K""}","{""gender=Female"": {""alpha"": 1.0, ""margin"": 0.35247232805463036, ""p_observed"": 0.6762361640273151, ""prior_probability"": 0.4140684410646388, ""score"": 0.6762361640273151}, ""gender=Male"": {""alpha"": 1.0, ""margin"": -0.1934882314842301, ""p_observed"": 0.40325588425788494, ""prior_probability"": 0.5859315589353612, ""score"": 0.40325588425788494}}","{""gender=Female"": {""alpha"": 1.0, ""margin"": 0.35247232805463036, ""p_observed"": 0.6762361640273151, ""prior_probability"": 0.4140684410646388, ""score"": 0.35247232805463036}, ""gender=Male"": {""alpha"": 1.0, ""margin"": -0.1934882314842301, ""p_observed"": 0.40325588425788494, ""prior_probability"": 0.5859315589353612, ""score"": -0.1934882314842301}}","{""gender=Female"": {""alpha"": 2.0, ""margin"": 0.35247232805463036, ""p_observed"": 0.6762361640273151, ""prior_probability"": 0.4140684410646388, ""score"": -1.664149819997757}, ""gender=Male"": {""alpha"": 2.0, ""margin"": -0.1934882314842301, ""p_observed"": 0.40325588425788494, ""prior_probability"": 0.5859315589353612, ""score"": -2.3509202298501997}}"
22,Female,White,gender=Female,<=50K,"{""age"": ""28"", ""workclass"": ""Local-gov"", ""education"": ""Bachelors"", ""educational-num"": ""13"", ""race"": ""White"", ""capital-gain"": ""2354"", ""capital-loss"": ""0"", ""hours-per-week"": ""60"", ""native-country"": ""United-States""}",gender=Male,gender=Male,gender=Male,,gender=Female,gender=Female,gender=Female,0,<=50K | Bachelors | Local-gov,2,2,"{""gender=Female"": ""<=50K"", ""gender=Male"": ""<=50K""}","{""gender=Female"": {""alpha"": 1.0, ""margin"": 0.6438821159229344, ""p_observed"": 0.8219410579614672, ""prior_probability"": 0.4140684410646388, ""score"": 0.8219410579614672}, ""gender=Male"": {""alpha"": 1.0, ""margin"": 0.27784031254351604, ""p_observed"": 0.638920156271758, ""prior_probability"": 0.5859315589353612, ""score"": 0.638920156271758}}","{""gender=Female"": {""alpha"": 1.0, ""margin"": 0.6438821159229344, ""p_observed"": 0.8219410579614672, ""prior_probability"": 0.4140684410646388, ""score"": 0.6438821159229344}, ""gender=Male"": {""alpha"": 1.0, ""margin"": 0.27784031254351604, ""p_observed"": 0.638920156271758, ""prior_probability"": 0.5859315589353612, ""score"": 0.27784031254351604}}","{""gender=Female"": {""alpha"": 2.0, ""margin"": 0.6438821159229344, ""p_observed"": 0.8219410579614672, ""prior_probability"": 0.4140684410646388, ""score"": -1.2738971865186768}, ""gender=Male"": {""alpha"": 2.0, ""margin"": 0.27784031254351604, ""p_observed"": 0.638920156271758, ""prior_probability"": 0.5859315589353612, ""score"": -1.4305038567977906}}"
23,Male,White,gender=Male,>50K,"{""age"": ""55"", ""workclass"": ""Private"", ""education"": ""Some-college"", ""educational-num"": ""10"", ""race"": ""White"", ""capital-gain"": ""0"", ""capital-loss"": ""1977"", ""hours-per-week"": ""35"", ""native-country"": ""United-States""}",gender=Male,gender=Male,gender=Male,,gender=Male,gender=Male,gender=Male,0,>50K | Some-college | Private,2,2,"{""gender=Female"": ""<=50K"", ""gender=Male"": "">50K""}","{""gender=Female"": {""alpha"": 1.0, ""margin"": -0.03707018545502405, ""p_observed"": 0.48146490727248803, ""prior_probability"": 0.1390946502057613, ""score"": 0.48146490727248803}, ""gender=Male"": {""alpha"": 1.0, ""margin"": 0.3391849333582177, ""p_observed"": 0.6695924666791089, ""prior_probability"": 0.8609053497942387, ""score"": 0.6695924666791089}}","{""gender=Female"": {""alpha"": 1.0, ""margin"": -0.03707018545502405, ""p_observed"": 0.48146490727248803, ""prior_probability"": 0.1390946502057613, ""score"": -0.03707018545502405}, ""gender=Male"": {""alpha"": 1.0, ""margin"": 0.3391849333582177, ""p_observed"": 0.6695924666791089, ""prior_probability"": 0.8609053497942387, ""score"": 0.3391849333582177}}","{""gender=Female"": {""alpha"": 2.0, ""margin"": -0.03707018545502405, ""p_observed"": 0.48146490727248803, ""prior_probability"": 0.1390946502057613, ""score"": -3.4344445058364355}, ""gender=Male"": {""alpha"": 2.0, ""margin"": 0.3391849333582177, ""p_observed"": 0.6695924666791089, ""prior_probability"": 0.8609053497942387, ""score"": -0.9519427318485539}}"
24,Male,White,gender=Male,<=50K,"{""age"": ""33"", ""workclass"": ""State-gov"", ""education"": ""HS-grad"", ""educational-num"": ""9"", ""race"": ""White"", ""capital-gain"": ""0"", ""capital-loss"": ""0"", ""hours-per-week"": ""37"", ""native-country"": ""United-States""}",gender=Male,gender=Male,gender=Male,,gender=Female,gender=Female,gender=Male,0,<=50K | HS-grad | State-gov,2,2,"{""gender=Female"": ""<=50K"", ""gender=Male"": ""<=50K""}","{""gender=Female"": {""alpha"": 1.0, ""margin"": 0.8713178371928831, ""p_observed"": 0.9356589185964413, ""prior_probability"": 0.3531869020347662, ""score"": 0.9356589185964413}, ""gender=Male"": {""alpha"": 1.0, ""margin"": 0.7115404642364169, ""p_observed"": 0.8557702321182085, ""prior_probability"": 0.6468130979652338, ""score"": 0.8557702321182085}}","{""gender=Female"": {""alpha"": 1.0, ""margin"": 0.8713178371928831, ""p_observed"": 0.9356589185964413, ""prior_probability"": 0.3531869020347662, ""score"": 0.8713178371928831}, ""gender=Male"": {""alpha"": 1.0, ""margin"": 0.7115404642364169, ""p_observed"": 0.8557702321182085, ""prior_probability"": 0.6468130979652338, ""score"": 0.7115404642364169}}","{""gender=Female"": {""alpha"": 2.0, ""margin"": 0.8713178371928831, ""p_observed"": 0.9356589185964413, ""prior_probability"": 0.3531869020347662, ""score"": -1.1737664388956444}, ""gender=Male"": {""alpha"": 2.0, ""margin"": 0.7115404642364169, ""p_observed"": 0.8557702321182085, ""prior_probability"": 0.6468130979652338, ""score"": -0.7472046196626674}}"
25,Male,White,gender=Male,<=50K,"{""age"": ""24"", ""workclass"": ""Self-emp-not-inc"", ""education"": ""HS-grad"", ""educational-num"": ""9"", ""race"": ""White"", ""capital-gain"": ""0"", ""capital-loss"": ""0"", ""hours-per-week"": ""40"", ""native-country"": ""United-States""}",gender=Male,gender=Male,gender=Male,,gender=Female,gender=Female,gender=Male,0,<=50K | HS-grad | Self-emp-not-inc,2,2,"{""gender=Female"": ""<=50K"", ""gender=Male"": ""<=50K""}","{""gender=Female"": {""alpha"": 1.0, ""margin"": 0.8954718722562423, ""p_observed"": 0.9477359361281211, ""prior_probability"": 0.3531869020347662, ""score"": 0.9477359361281211}, ""gender=Male"": {""alpha"": 1.0, ""margin"": 0.8240187815505526, ""p_observed"": 0.9120093907752764, ""prior_probability"": 0.6468130979652338, ""score"": 0.9120093907752764}}","{""gender=Female"": {""alpha"": 1.0, ""margin"": 0.8954718722562423, ""p_observed"": 0.9477359361281211, ""prior_probability"": 0.3531869020347662, ""score"": 0.8954718722562423}, ""gender=Male"": {""alpha"": 1.0, ""margin"": 0.8240187815505526, ""p_observed"": 0.9120093907752764, ""prior_probability"": 0.6468130979652338, ""score"": 0.8240187815505526}}","{""gender=Female"": {""alpha"": 2.0, ""margin"": 0.8954718722562423, ""p_observed"": 0.9477359361281211, ""prior_probability"": 0.3531869020347662, ""score"": -1.1481166224806891}, ""gender=Male"": {""alpha"": 2.0, ""margin"": 0.8240187815505526, ""p_observed"": 0.9120093907752764, ""prior_probability"": 0.6468130979652338, ""score"": -0.6199078851903573}}"
26,Male,White,gender=Male,>50K,"{""age"": ""65"", ""workclass"": ""Self-emp-inc"", ""education"": ""Bachelors"", ""educational-num"": ""13"", ""race"": ""White"", ""capital-gain"": ""9386"", ""capital-loss"": ""0"", ""hours-per-week"": ""35"", ""native-country"": ""United-States""}",gender=Male,gender=Male,gender=Male,,gender=Male,gender=Male,gender=Male,0,>50K | Bachelors | Self-emp-inc,2,2,"{""gender=Female"": "">50K"", ""gender=Male"": "">50K""}","{""gender=Female"": {""alpha"": 1.0, ""margin"": 0.550013905849237, ""p_observed"": 0.7750069529246185, ""prior_probability"": 0.15218508997429306, ""score"": 0.7750069529246185}, ""gender=Male"": {""alpha"": 1.0, ""margin"": 0.8073368983662471, ""p_observed"": 0.9036684491831235, ""prior_probability"": 0.847814910025707, ""score"": 0.9036684491831235}}","{""gender=Female"": {""alpha"": 1.0, ""margin"": 0.550013905849237, ""p_observed"": 0.7750069529246185, ""prior_probability"": 0.15218508997429306, ""score"": 0.550013905849237}, ""gender=Male"": {""alpha"": 1.0, ""margin"": 0.8073368983662471, ""p_observed"": 0.9036684491831235, ""prior_probability"": 0.847814910025707, ""score"": 0.8073368983662471}}","{""gender=Female"": {""alpha"": 2.0, ""margin"": 0.550013905849237, ""p_observed"": 0.7750069529246185, ""prior_probability"": 0.15218508997429306, ""score"": -2.3924243580352806}, ""gender=Male"": {""alpha"": 2.0, ""margin"": 0.8073368983662471, ""p_observed"": 0.9036684491831235, ""prior_probability"": 0.847814910025707, ""score"": -0.36767842472484763}}"
27,Male,White,gender=Male,>50K,"{""age"": ""55"", ""workclass"": ""Private"", ""education"": ""HS-grad"", ""educational-num"": ""9"", ""race"": ""White"", ""capital-gain"": ""0"", ""capital-loss"": ""0"", ""hours-per-week"": ""45"", ""native-country"": ""United-States""}",gender=Male,gender=Male,gender=Male,,gender=Male,gender=Male,gender=Male,0,>50K | HS-grad | Private,2,2,"{""gender=Female"": ""<=50K"", ""gender=Male"": ""<=50K""}","{""gender=Female"": {""alpha"": 1.0, ""margin"": -0.7809073848620455, ""p_observed"": 0.10954630756897701, ""prior_probability"": 0.129565816678153, ""score"": 0.10954630756897701}, ""gender=Male"": {""alpha"": 1.0, ""margin"": -0.44091496363206906, ""p_observed"": 0.27954251818396547, ""prior_probability"": 0.870434183321847, ""score"": 0.27954251818396547}}","{""gender=Female"": {""alpha"": 1.0, ""margin"": -0.7809073848620455, ""p_observed"": 0.10954630756897701, ""prior_probability"": 0.129565816678153, ""score"": -0.7809073848620455}, ""gender=Male"": {""alpha"": 1.0, ""margin"": -0.44091496363206906, ""p_observed"": 0.27954251818396547, ""prior_probability"": 0.870434183321847, ""score"": -0.44091496363206906}}","{""gender=Female"": {""alpha"": 2.0, ""margin"": -0.7809073848620455, ""p_observed"": 0.10954630756897701, ""prior_probability"": 0.129565816678153, ""score"": -6.46638212795294}, ""gender=Male"": {""alpha"": 2.0, ""margin"": -0.44091496363206906, ""p_observed"": 0.27954251818396547, ""prior_probability"": 0.870434183321847, ""score"": -2.6879648818385298}}"
28,Female,White,gender=Female,<=50K,"{""age"": ""37"", ""workclass"": ""Local-gov"", ""education"": ""Some-college"", ""educational-num"": ""10"", ""race"": ""White"", ""capital-gain"": ""0"", ""capital-loss"": ""0"", ""hours-per-week"": ""44"", ""native-country"": ""United-States""}",gender=Male,gender=Male,gender=Male,,gender=Female,gender=Female,gender=Female,0,<=50K | Some-college | Local-gov,2,2,"{""gender=Female"": ""<=50K"", ""gender=Male"": ""<=50K""}","{""gender=Female"": {""alpha"": 1.0, ""margin"": 0.7591900537281477, ""p_observed"": 0.8795950268640738, ""prior_probability"": 0.44275132275132273, ""score"": 0.8795950268640738}, ""gender=Male"": {""alpha"": 1.0, ""margin"": 0.29950681959789094, ""p_observed"": 0.6497534097989455, ""prior_probability"": 0.5572486772486772, ""score"": 0.6497534097989455}}","{""gender=Female"": {""alpha"": 1.0, ""margin"": 0.7591900537281477, ""p_observed"": 0.8795950268640738, ""prior_probability"": 0.44275132275132273, ""score"": 0.7591900537281477}, ""gender=Male"": {""alpha"": 1.0, ""margin"": 0.29950681959789094, ""p_observed"": 0.6497534097989455, ""prior_probability"": 0.5572486772486772, ""score"": 0.29950681959789094}}","{""gender=Female"": {""alpha"": 2.0, ""margin"": 0.7591900537281477, ""p_observed"": 0.8795950268640738, ""prior_probability"": 0.44275132275132273, ""score"": -1.0713343630995817}, ""gender=Male"": {""alpha"": 2.0, ""margin"": 0.29950681959789094, ""p_observed"": 0.6497534097989455, ""prior_probability"": 0.5572486772486772, ""score"": -1.4470683956542678}}"
29,Female,Black,gender=Female,<=50K,"{""age"": ""53"", ""workclass"": ""Federal-gov"", ""education"": ""Some-college"", ""educational-num"": ""10"", ""race"": ""Black"", ""capital-gain"": ""0"", ""capital-loss"": ""0"", ""hours-per-week"": ""40"", ""native-country"": ""United-States""}",gender=Male,gender=Male,gender=Male,,gender=Female,gender=Female,gender=Female,0,<=50K | Some-college | Federal-gov,2,2,"{""gender=Female"": ""<=50K"", ""gender=Male"": ""<=50K""}","{""gender=Female"": {""alpha"": 1.0, ""margin"": 0.758020221007744, ""p_observed"": 0.8790101105038719, ""prior_probability"": 0.44275132275132273, ""score"": 0.8790101105038719}, ""gender=Male"": {""alpha"": 1.0, ""margin"": 0.41849606087520036, ""p_observed"": 0.7092480304376, ""prior_probability"": 0.5572486772486772, ""score"": 0.7092480304376}}","{""gender=Female"": {""alpha"": 1.0, ""margin"": 0.758020221007744, ""p_observed"": 0.8790101105038719, ""prior_probability"": 0.44275132275132273, ""score"": 0.758020221007744}, ""gender=Male"": {""alpha"": 1.0, ""margin"": 0.41849606087520036, ""p_observed"": 0.7092480304376, ""prior_probability"": 0.5572486772486772, ""score"": 0.41849606087520036}}","{""gender=Female"": {""alpha"": 2.0, ""margin"": 0.758020221007744, ""p_observed"": 0.8790101105038719, ""prior_probability"": 0.44275132275132273, ""score"": -1.0726647729098158}, ""gender=Male"": {""alpha"": 2.0, ""margin"": 0.41849606087520036, ""p_observed"": 0.7092480304376, ""prior_probability"": 0.5572486772486772, ""score"": -1.2718436449555242}}"
30,Male,White,gender=Male,<=50K,"{""age"": ""54"", ""workclass"": ""Private"", ""education"": ""HS-grad"", ""educational-num"": ""9"", ""race"": ""White"", ""capital-gain"": ""0"", ""capital-loss"": ""0"", ""hours-per-week"": ""40"", ""native-country"": ""United-States""}",gender=Male,gender=Male,gender=Male,,gender=Female,gender=Female,gender=Male,0,<=50K | HS-grad | Private,2,2,"{""gender=Female"": ""<=50K"", ""gender=Male"": ""<=50K""}","{""gender=Female"": {""alpha"": 1.0, ""margin"": 0.8115064672813351, ""p_observed"": 0.9057532336406675, ""prior_probability"": 0.3531869020347662, ""score"": 0.9057532336406675}, ""gender=Male"": {""alpha"": 1.0, ""margin"": 0.5144845362736291, ""p_observed"": 0.7572422681368145, ""prior_probability"": 0.6468130979652338, ""score"": 0.7572422681368145}}","{""gender=Female"": {""alpha"": 1.0, ""margin"": 0.8115064672813351, ""p_observed"": 0.9057532336406675, ""prior_probability"": 0.3531869020347662, ""score"": 0.8115064672813351}, ""gender=Male"": {""alpha"": 1.0, ""margin"": 0.5144845362736291, ""p_observed"": 0.7572422681368145, ""prior_probability"": 0.6468130979652338, ""score"": 0.5144845362736291}}","{""gender=Female"": {""alpha"": 2.0, ""margin"": 0.8115064672813351, ""p_observed"": 0.9057532336406675, ""prior_probability"": 0.3531869020347662, ""score"": -1.2387346528234868}, ""gender=Male"": {""alpha"": 2.0, ""margin"": 0.5144845362736291, ""p_observed"": 0.7572422681368145, ""prior_probability"": 0.6468130979652338, ""score"": -0.9918419802277827}}"
31,Male,White,gender=Male,>50K,"{""age"": ""69"", ""workclass"": ""State-gov"", ""education"": ""Prof-school"", ""educational-num"": ""15"", ""race"": ""White"", ""capital-gain"": ""0"", ""capital-loss"": ""0"", ""hours-per-week"": ""34"", ""native-country"": ""United-States""}",gender=Male,gender=Male,gender=Male,,gender=Male,gender=Male,gender=Male,0,>50K | Prof-school | State-gov,2,2,"{""gender=Female"": ""<=50K"", ""gender=Male"": "">50K""}","{""gender=Female"": {""alpha"": 1.0, ""margin"": -0.3677623888748821, ""p_observed"": 0.3161188055625589, ""prior_probability"": 0.10638297872340426, ""score"": 0.3161188055625589}, ""gender=Male"": {""alpha"": 1.0, ""margin"": 0.1954917252399394, ""p_observed"": 0.5977458626199696, ""prior_probability"": 0.8936170212765957, ""score"": 0.5977458626199696}}","{""gender=Female"": {""alpha"": 1.0, ""margin"": -0.3677623888748821, ""p_observed"": 0.3161188055625589, ""prior_probability"": 0.10638297872340426, ""score"": -0.3677623888748821}, ""gender=Male"": {""alpha"": 1.0, ""margin"": 0.1954917252399394, ""p_observed"": 0.5977458626199696, ""prior_probability"": 0.8936170212765957, ""score"": 0.1954917252399394}}","{""gender=Female"": {""alpha"": 2.0, ""margin"": -0.3677623888748821, ""p_observed"": 0.3161188055625589, ""prior_probability"": 0.10638297872340426, ""score"": -4.543984027441906}, ""gender=Male"": {""alpha"": 2.0, ""margin"": 0.1954917252399394, ""p_observed"": 0.5977458626199696, ""prior_probability"": 0.8936170212765957, ""score"": -1.1416571719406927}}"
32,Male,White,gender=Male,>50K,"{""age"": ""54"", ""workclass"": ""Self-emp-inc"", ""education"": ""HS-grad"", ""educational-num"": ""9"", ""race"": ""White"", ""capital-gain"": ""0"", ""capital-loss"": ""0"", ""hours-per-week"": ""98"", ""native-country"": ""United-States""}",gender=Male,gender=Male,gender=Male,,gender=Male,gender=Male,gender=Male,0,>50K | HS-grad | Self-emp-inc,2,2,"{""gender=Female"": ""<=50K"", ""gender=Male"": ""<=50K""}","{""gender=Female"": {""alpha"": 1.0, ""margin"": -0.6328434694273295, ""p_observed"": 0.18357826528633525, ""prior_probability"": 0.129565816678153, ""score"": 0.18357826528633525}, ""gender=Male"": {""alpha"": 1.0, ""margin"": -0.2643004731074289, ""p_observed"": 0.3678497634462857, ""prior_probability"": 0.870434183321847, ""score"": 0.3678497634462857}}","{""gender=Female"": {""alpha"": 1.0, ""margin"": -0.6328434694273295, ""p_observed"": 0.18357826528633525, ""prior_probability"": 0.129565816678153, ""score"": -0.6328434694273295}, ""gender=Male"": {""alpha"": 1.0, ""margin"": -0.2643004731074289, ""p_observed"": 0.3678497634462857, ""prior_probability"": 0.870434183321847, ""score"": -0.2643004731074289}}","{""gender=Female"": {""alpha"": 2.0, ""margin"": -0.6328434694273295, ""p_observed"": 0.18357826528633525, ""prior_probability"": 0.129565816678153, ""score"": -5.4337946672476125}, ""gender=Male"": {""alpha"": 2.0, ""margin"": -0.2643004731074289, ""p_observed"": 0.3678497634462857, ""prior_probability"": 0.870434183321847, ""score"": -2.1389244818840925}}"
33,Male,White,gender=Male,<=50K,"{""age"": ""28"", ""workclass"": ""Private"", ""education"": ""10th"", ""educational-num"": ""6"", ""race"": ""White"", ""capital-gain"": ""0"", ""capital-loss"": ""0"", ""hours-per-week"": ""40"", ""native-country"": ""United-States""}",gender=Male,gender=Male,gender=Male,,gender=Female,gender=Female,gender=Male,0,<=50K | 10th | Private,2,2,"{""gender=Female"": ""<=50K"", ""gender=Male"": ""<=50K""}","{""gender=Female"": {""alpha"": 1.0, ""margin"": 0.94301111857311, ""p_observed"": 0.971505559286555, ""prior_probability"": 0.3323572474377745, ""score"": 0.971505559286555}, ""gender=Male"": {""alpha"": 1.0, ""margin"": 0.8440795866174606, ""p_observed"": 0.9220397933087302, ""prior_probability"": 0.6676427525622255, ""score"": 0.9220397933087302}}","{""gender=Female"": {""alpha"": 1.0, ""margin"": 0.94301111857311, ""p_observed"": 0.971505559286555, ""prior_probability"": 0.3323572474377745, ""score"": 0.94301111857311}, ""gender=Male"": {""alpha"": 1.0, ""margin"": 0.8440795866174606, ""p_observed"": 0.9220397933087302, ""prior_probability"": 0.6676427525622255, ""score"": 0.8440795866174606}}","{""gender=Female"": {""alpha"": 2.0, ""margin"": 0.94301111857311, ""p_observed"": 0.971505559286555, ""prior_probability"": 0.3323572474377745, ""score"": -1.1593614177029767}, ""gender=Male"": {""alpha"": 2.0, ""margin"": 0.8440795866174606, ""p_observed"": 0.9220397933087302, ""prior_probability"": 0.6676427525622255, ""score"": -0.5663358432284885}}"
34,Male,White,gender=Male,<=50K,"{""age"": ""29"", ""workclass"": ""Private"", ""education"": ""HS-grad"", ""educational-num"": ""9"", ""race"": ""White"", ""capital-gain"": ""0"", ""capital-loss"": ""0"", ""hours-per-week"": ""40"", ""native-country"": ""United-States""}",gender=Male,gender=Male,gender=Male,,gender=Female,gender=Female,gender=Male,0,<=50K | HS-grad | Private,2,2,"{""gender=Female"": ""<=50K"", ""gender=Male"": ""<=50K""}","{""gender=Female"": {""alpha"": 1.0, ""margin"": 0.8872209689870725, ""p_observed"": 0.9436104844935362, ""prior_probability"": 0.3531869020347662, ""score"": 0.9436104844935362}, ""gender=Male"": {""alpha"": 1.0, ""margin"": 0.7634742542382862, ""p_observed"": 0.881737127119143, ""prior_probability"": 0.6468130979652338, ""score"": 0.881737127119143}}","{""gender=Female"": {""alpha"": 1.0, ""margin"": 0.8872209689870725, ""p_observed"": 0.9436104844935362, ""prior_probability"": 0.3531869020347662, ""score"": 0.8872209689870725}, ""gender=Male"": {""alpha"": 1.0, ""margin"": 0.7634742542382862, ""p_observed"": 0.881737127119143, ""prior_probability"": 0.6468130979652338, ""score"": 0.7634742542382862}}","{""gender=Female"": {""alpha"": 2.0, ""margin"": 0.8872209689870725, ""p_observed"": 0.9436104844935362, ""prior_probability"": 0.3531869020347662, ""score"": -1.1568415353411439}, ""gender=Male"": {""alpha"": 2.0, ""margin"": 0.7634742542382862, ""p_observed"": 0.881737127119143, ""prior_probability"": 0.6468130979652338, ""score"": -0.6874205195014813}}"
35,Male,Black,gender=Male,<=50K,"{""age"": ""39"", ""workclass"": ""Private"", ""education"": ""HS-grad"", ""educational-num"": ""9"", ""race"": ""Black"", ""capital-gain"": ""0"", ""capital-loss"": ""0"", ""hours-per-week"": ""40"", ""native-country"": ""United-States""}",gender=Male,gender=Male,gender=Male,,gender=Female,gender=Female,gender=Male,0,<=50K | HS-grad | Private,2,2,"{""gender=Female"": ""<=50K"", ""gender=Male"": ""<=50K""}","{""gender=Female"": {""alpha"": 1.0, ""margin"": 0.8988416072058577, ""p_observed"": 0.9494208036029288, ""prior_probability"": 0.3531869020347662, ""score"": 0.9494208036029288}, ""gender=Male"": {""alpha"": 1.0, ""margin"": 0.6779670510629303, ""p_observed"": 0.838983525531465, ""prior_probability"": 0.6468130979652338, ""score"": 0.838983525531465}}","{""gender=Female"": {""alpha"": 1.0, ""margin"": 0.8988416072058577, ""p_observed"": 0.9494208036029288, ""prior_probability"": 0.3531869020347662, ""score"": 0.8988416072058577}, ""gender=Male"": {""alpha"": 1.0, ""margin"": 0.6779670510629303, ""p_observed"": 0.838983525531465, ""prior_probability"": 0.6468130979652338, ""score"": 0.6779670510629303}}","{""gender=Female"": {""alpha"": 2.0, ""margin"": 0.8988416072058577, ""p_observed"": 0.9494208036029288, ""prior_probability"": 0.3531869020347662, ""score"": -1.1445642161191316}, ""gender=Male"": {""alpha"": 2.0, ""margin"": 0.6779670510629303, ""p_observed"": 0.838983525531465, ""prior_probability"": 0.6468130979652338, ""score"": -0.7868263181666639}}"
36,Male,White,gender=Male,>50K,"{""age"": ""44"", ""workclass"": ""Self-emp-not-inc"", ""education"": ""Assoc-voc"", ""educational-num"": ""11"", ""race"": ""White"", ""capital-gain"": ""15024"", ""capital-loss"": ""0"", ""hours-per-week"": ""50"", ""native-country"": ""United-States""}",gender=Male,gender=Male,gender=Male,,gender=Male,gender=Male,gender=Male,0,>50K | Assoc-voc | Self-emp-not-inc,2,2,"{""gender=Female"": "">50K"", ""gender=Male"": "">50K""}","{""gender=Female"": {""alpha"": 1.0, ""margin"": 0.5711859872306132, ""p_observed"": 0.7855929936153065, ""prior_probability"": 0.18211920529801323, ""score"": 0.7855929936153065}, ""gender=Male"": {""alpha"": 1.0, ""margin"": 0.7457626362584526, ""p_observed"": 0.8728813181292263, ""prior_probability"": 0.8178807947019867, ""score"": 0.8728813181292263}}","{""gender=Female"": {""alpha"": 1.0, ""margin"": 0.5711859872306132, ""p_observed"": 0.7855929936153065, ""prior_probability"": 0.18211920529801323, ""score"": 0.5711859872306132}, ""gender=Male"": {""alpha"": 1.0, ""margin"": 0.7457626362584526, ""p_observed"": 0.8728813181292263, ""prior_probability"": 0.8178807947019867, ""score"": 0.7457626362584526}}","{""gender=Female"": {""alpha"": 2.0, ""margin"": 0.5711859872306132, ""p_observed"": 0.7855929936153065, ""prior_probability"": 0.18211920529801323, ""score"": -2.185726713133943}, ""gender=Male"": {""alpha"": 2.0, ""margin"": 0.7457626362584526, ""p_observed"": 0.8728813181292263, ""prior_probability"": 0.8178807947019867, ""score"": -0.47295003983548234}}"
37,Female,White,gender=Female,<=50K,"{""age"": ""74"", ""workclass"": ""Self-emp-not-inc"", ""education"": ""HS-grad"", ""educational-num"": ""9"", ""race"": ""White"", ""capital-gain"": ""0"", ""capital-loss"": ""0"", ""hours-per-week"": ""14"", ""native-country"": ""United-States""}",gender=Male,gender=Male,gender=Male,,gender=Female,gender=Female,gender=Male,0,<=50K | HS-grad | Self-emp-not-inc,2,2,"{""gender=Female"": ""<=50K"", ""gender=Male"": ""<=50K""}","{""gender=Female"": {""alpha"": 1.0, ""margin"": 0.8233995980952418, ""p_observed"": 0.9116997990476208, ""prior_probability"": 0.3531869020347662, ""score"": 0.9116997990476208}, ""gender=Male"": {""alpha"": 1.0, ""margin"": 0.7047552137700829, ""p_observed"": 0.8523776068850415, ""prior_probability"": 0.6468130979652338, ""score"": 0.8523776068850415}}","{""gender=Female"": {""alpha"": 1.0, ""margin"": 0.8233995980952418, ""p_observed"": 0.9116997990476208, ""prior_probability"": 0.3531869020347662, ""score"": 0.8233995980952418}, ""gender=Male"": {""alpha"": 1.0, ""margin"": 0.7047552137700829, ""p_observed"": 0.8523776068850415, ""prior_probability"": 0.6468130979652338, ""score"": 0.7047552137700829}}","{""gender=Female"": {""alpha"": 2.0, ""margin"": 0.8233995980952418, ""p_observed"": 0.9116997990476208, ""prior_probability"": 0.3531869020347662, ""score"": -1.2256469162593877}, ""gender=Male"": {""alpha"": 2.0, ""margin"": 0.7047552137700829, ""p_observed"": 0.8523776068850415, ""prior_probability"": 0.6468130979652338, ""score"": -0.7551492006099252}}"
38,Male,White,gender=Male,<=50K,"{""age"": ""54"", ""workclass"": ""Local-gov"", ""education"": ""Some-college"", ""educational-num"": ""10"", ""race"": ""White"", ""capital-gain"": ""0"", ""capital-loss"": ""0"", ""hours-per-week"": ""42"", ""native-country"": ""United-States""}",gender=Male,gender=Male,gender=Male,,gender=Female,gender=Female,gender=Female,0,<=50K | Some-college | Local-gov,2,2,"{""gender=Female"": ""<=50K"", ""gender=Male"": ""<=50K""}","{""gender=Female"": {""alpha"": 1.0, ""margin"": 0.7699740269309447, ""p_observed"": 0.8849870134654723, ""prior_probability"": 0.44275132275132273, ""score"": 0.8849870134654723}, ""gender=Male"": {""alpha"": 1.0, ""margin"": 0.3234578862533287, ""p_observed"": 0.6617289431266643, ""prior_probability"": 0.5572486772486772, ""score"": 0.6617289431266643}}","{""gender=Female"": {""alpha"": 1.0, ""margin"": 0.7699740269309447, ""p_observed"": 0.8849870134654723, ""prior_probability"": 0.44275132275132273, ""score"": 0.7699740269309447}, ""gender=Male"": {""alpha"": 1.0, ""margin"": 0.3234578862533287, ""p_observed"": 0.6617289431266643, ""prior_probability"": 0.5572486772486772, ""score"": 0.3234578862533287}}","{""gender=Female"": {""alpha"": 2.0, ""margin"": 0.7699740269309447, ""p_observed"": 0.8849870134654723, ""prior_probability"": 0.44275132275132273, ""score"": -1.0591116310074022}, ""gender=Male"": {""alpha"": 2.0, ""margin"": 0.3234578862533287, ""p_observed"": 0.6617289431266643, ""prior_probability"": 0.5572486772486772, ""score"": -1.4105421971586665}}"
39,Male,White,gender=Male,<=50K,"{""age"": ""38"", ""workclass"": ""Private"", ""education"": ""Masters"", ""educational-num"": ""14"", ""race"": ""White"", ""capital-gain"": ""0"", ""capital-loss"": ""0"", ""hours-per-week"": ""50"", ""native-country"": ""Poland""}",gender=Male,gender=Male,gender=Female,,gender=Female,gender=Female,gender=Female,0,<=50K | Masters | Private,2,2,"{""gender=Female"": ""<=50K"", ""gender=Male"": "">50K""}","{""gender=Female"": {""alpha"": 1.0, ""margin"": 0.18204465740153974, ""p_observed"": 0.59102232870077, ""prior_probability"": 0.4722222222222222, ""score"": 0.59102232870077}, ""gender=Male"": {""alpha"": 1.0, ""margin"": -0.23650355880968404, ""p_observed"": 0.38174822059515806, ""prior_probability"": 0.5277777777777778, ""score"": 0.38174822059515806}}","{""gender=Female"": {""alpha"": 1.0, ""margin"": 0.18204465740153974, ""p_observed"": 0.59102232870077, ""prior_probability"": 0.4722222222222222, ""score"": 0.18204465740153974}, ""gender=Male"": {""alpha"": 1.0, ""margin"": -0.23650355880968404, ""p_observed"": 0.38174822059515806, ""prior_probability"": 0.5277777777777778, ""score"": -0.23650355880968404}}","{""gender=Female"": {""alpha"": 2.0, ""margin"": 0.18204465740153974, ""p_observed"": 0.59102232870077, ""prior_probability"": 0.4722222222222222, ""score"": -1.8021085565402024}, ""gender=Male"": {""alpha"": 2.0, ""margin"": -0.23650355880968404, ""p_observed"": 0.38174822059515806, ""prior_probability"": 0.5277777777777778, ""score"": -2.5650679514349224}}"
40,Male,White,gender=Male,>50K,"{""age"": ""28"", ""workclass"": ""State-gov"", ""education"": ""Bachelors"", ""educational-num"": ""13"", ""race"": ""White"", ""capital-gain"": ""0"", ""capital-loss"": ""0"", ""hours-per-week"": ""40"", ""native-country"": ""United-States""}",gender=Male,gender=Male,gender=Male,,gender=Male,gender=Male,gender=Male,0,>50K | Bachelors | State-gov,2,2,"{""gender=Female"": ""<=50K"", ""gender=Male"": ""<=50K""}","{""gender=Female"": {""alpha"": 1.0, ""margin"": -0.7164948162292427, ""p_observed"": 0.14175259188537867, ""prior_probability"": 0.15218508997429306, ""score"": 0.14175259188537867}, ""gender=Male"": {""alpha"": 1.0, ""margin"": -0.4476722934352005, ""p_observed"": 0.27616385328239973, ""prior_probability"": 0.847814910025707, ""score"": 0.27616385328239973}}","{""gender=Female"": {""alpha"": 1.0, ""margin"": -0.7164948162292427, ""p_observed"": 0.14175259188537867, ""prior_probability"": 0.15218508997429306, ""score"": -0.7164948162292427}, ""gender=Male"": {""alpha"": 1.0, ""margin"": -0.4476722934352005, ""p_observed"": 0.27616385328239973, ""prior_probability"": 0.847814910025707, ""score"": -0.4476722934352005}}","{""gender=Female"": {""alpha"": 2.0, ""margin"": -0.7164948162292427, ""p_observed"": 0.14175259188537867, ""prior_probability"": 0.15218508997429306, ""score"": -5.790001905000032}, ""gender=Male"": {""alpha"": 2.0, ""margin"": -0.4476722934352005, ""p_observed"": 0.27616385328239973, ""prior_probability"": 0.847814910025707, ""score"": -2.7386147697030356}}"
41,Male,White,gender=Male,<=50K,"{""age"": ""45"", ""workclass"": ""Private"", ""education"": ""Assoc-acdm"", ""educational-num"": ""12"", ""race"": ""White"", ""capital-gain"": ""0"", ""capital-loss"": ""0"", ""hours-per-week"": ""45"", ""native-country"": ""United-States""}",gender=Male,gender=Male,gender=Male,,gender=Female,gender=Female,gender=Female,0,<=50K | Assoc-acdm | Private,2,2,"{""gender=Female"": ""<=50K"", ""gender=Male"": ""<=50K""}","{""gender=Female"": {""alpha"": 1.0, ""margin"": 0.6523098158689794, ""p_observed"": 0.8261549079344898, ""prior_probability"": 0.4611801242236025, ""score"": 0.8261549079344898}, ""gender=Male"": {""alpha"": 1.0, ""margin"": 0.31276461517530485, ""p_observed"": 0.6563823075876524, ""prior_probability"": 0.5388198757763976, ""score"": 0.6563823075876524}}","{""gender=Female"": {""alpha"": 1.0, ""margin"": 0.6523098158689794, ""p_observed"": 0.8261549079344898, ""prior_probability"": 0.4611801242236025, ""score"": 0.6523098158689794}, ""gender=Male"": {""alpha"": 1.0, ""margin"": 0.31276461517530485, ""p_observed"": 0.6563823075876524, ""prior_probability"": 0.5388198757763976, ""score"": 0.31276461517530485}}","{""gender=Female"": {""alpha"": 2.0, ""margin"": 0.6523098158689794, ""p_observed"": 0.8261549079344898, ""prior_probability"": 0.4611801242236025, ""score"": -1.1559125536462518}, ""gender=Male"": {""alpha"": 2.0, ""margin"": 0.31276461517530485, ""p_observed"": 0.6563823075876524, ""prior_probability"": 0.5388198757763976, ""score"": -1.4603976938275869}}"
42,Male,White,gender=Male,>50K,"{""age"": ""42"", ""workclass"": ""Private"", ""education"": ""Bachelors"", ""educational-num"": ""13"", ""race"": ""White"", ""capital-gain"": ""99999"", ""capital-loss"": ""0"", ""hours-per-week"": ""42"", ""native-country"": ""United-States""}",gender=Male,gender=Male,gender=Male,,gender=Male,gender=Male,gender=Male,0,>50K | Bachelors | Private,2,2,"{""gender=Female"": "">50K"", ""gender=Male"": "">50K""}","{""gender=Female"": {""alpha"": 1.0, ""margin"": 0.5232278244304579, ""p_observed"": 0.761613912215229, ""prior_probability"": 0.15218508997429306, ""score"": 0.761613912215229}, ""gender=Male"": {""alpha"": 1.0, ""margin"": 0.7457895299201608, ""p_observed"": 0.8728947649600803, ""prior_probability"": 0.847814910025707, ""score"": 0.8728947649600803}}","{""gender=Female"": {""alpha"": 1.0, ""margin"": 0.5232278244304579, ""p_observed"": 0.761613912215229, ""prior_probability"": 0.15218508997429306, ""score"": 0.5232278244304579}, ""gender=Male"": {""alpha"": 1.0, ""margin"": 0.7457895299201608, ""p_observed"": 0.8728947649600803, ""prior_probability"": 0.847814910025707, ""score"": 0.7457895299201608}}","{""gender=Female"": {""alpha"": 2.0, ""margin"": 0.5232278244304579, ""p_observed"": 0.761613912215229, ""prior_probability"": 0.15218508997429306, ""score"": -2.4272888588934842}, ""gender=Male"": {""alpha"": 2.0, ""margin"": 0.7457895299201608, ""p_observed"": 0.8728947649600803, ""prior_probability"": 0.847814910025707, ""score"": -0.4369734826031342}}"
43,Male,White,gender=Male,<=50K,"{""age"": ""29"", ""workclass"": ""Self-emp-not-inc"", ""education"": ""Some-college"", ""educational-num"": ""10"", ""race"": ""White"", ""capital-gain"": ""0"", ""capital-loss"": ""0"", ""hours-per-week"": ""35"", ""native-country"": ""United-States""}",gender=Male,gender=Male,gender=Male,,gender=Female,gender=Female,gender=Male,0,<=50K | Some-college | Self-emp-not-inc,2,2,"{""gender=Female"": ""<=50K"", ""gender=Male"": ""<=50K""}","{""gender=Female"": {""alpha"": 1.0, ""margin"": 0.7851040314311609, ""p_observed"": 0.8925520157155804, ""prior_probability"": 0.44275132275132273, ""score"": 0.8925520157155804}, ""gender=Male"": {""alpha"": 1.0, ""margin"": 0.7229644669299178, ""p_observed"": 0.8614822334649588, ""prior_probability"": 0.5572486772486772, ""score"": 0.8614822334649588}}","{""gender=Female"": {""alpha"": 1.0, ""margin"": 0.7851040314311609, ""p_observed"": 0.8925520157155804, ""prior_probability"": 0.44275132275132273, ""score"": 0.7851040314311609}, ""gender=Male"": {""alpha"": 1.0, ""margin"": 0.7229644669299178, ""p_observed"": 0.8614822334649588, ""prior_probability"": 0.5572486772486772, ""score"": 0.7229644669299178}}","{""gender=Female"": {""alpha"": 2.0, ""margin"": 0.7851040314311609, ""p_observed"": 0.8925520157155804, ""prior_probability"": 0.44275132275132273, ""score"": -1.0420879869686173}, ""gender=Male"": {""alpha"": 2.0, ""margin"": 0.7229644669299178, ""p_observed"": 0.8614822334649588, ""prior_probability"": 0.5572486772486772, ""score"": -0.8829453724685253}}"
44,Female,Black,gender=Female,<=50K,"{""age"": ""27"", ""workclass"": ""Private"", ""education"": ""Bachelors"", ""educational-num"": ""13"", ""race"": ""Black"", ""capital-gain"": ""0"", ""capital-loss"": ""0"", ""hours-per-week"": ""40"", ""native-country"": ""France""}",gender=Male,gender=Male,gender=Male,,gender=Female,gender=Female,gender=Male,0,<=50K | Bachelors | Private,2,2,"{""gender=Female"": ""<=50K"", ""gender=Male"": ""<=50K""}","{""gender=Female"": {""alpha"": 1.0, ""margin"": 0.7777565328707574, ""p_observed"": 0.8888782664353787, ""prior_probability"": 0.4140684410646388, ""score"": 0.8888782664353787}, ""gender=Male"": {""alpha"": 1.0, ""margin"": 0.5781366458207338, ""p_observed"": 0.7890683229103668, ""prior_probability"": 0.5859315589353612, ""score"": 0.7890683229103668}}","{""gender=Female"": {""alpha"": 1.0, ""margin"": 0.7777565328707574, ""p_observed"": 0.8888782664353787, ""prior_probability"": 0.4140684410646388, ""score"": 0.7777565328707574}, ""gender=Male"": {""alpha"": 1.0, ""margin"": 0.5781366458207338, ""p_observed"": 0.7890683229103668, ""prior_probability"": 0.5859315589353612, ""score"": 0.5781366458207338}}","{""gender=Female"": {""alpha"": 2.0, ""margin"": 0.7777565328707574, ""p_observed"": 0.8888782664353787, ""prior_probability"": 0.4140684410646388, ""score"": -1.1173139742148244}, ""gender=Male"": {""alpha"": 2.0, ""margin"": 0.5781366458207338, ""p_observed"": 0.7890683229103668, ""prior_probability"": 0.5859315589353612, ""score"": -1.0083570250029277}}"
45,Male,Black,gender=Male,<=50K,"{""age"": ""21"", ""workclass"": ""Private"", ""education"": ""Some-college"", ""educational-num"": ""10"", ""race"": ""Black"", ""capital-gain"": ""0"", ""capital-loss"": ""0"", ""hours-per-week"": ""20"", ""native-country"": ""United-States""}",gender=Male,gender=Male,gender=Male,,gender=Female,gender=Female,gender=Male,0,<=50K | Some-college | Private,2,2,"{""gender=Female"": ""<=50K"", ""gender=Male"": ""<=50K""}","{""gender=Female"": {""alpha"": 1.0, ""margin"": 0.9653965811305263, ""p_observed"": 0.9826982905652631, ""prior_probability"": 0.44275132275132273, ""score"": 0.9826982905652631}, ""gender=Male"": {""alpha"": 1.0, ""margin"": 0.9176130364224094, ""p_observed"": 0.9588065182112047, ""prior_probability"": 0.5572486772486772, ""score"": 0.9588065182112047}}","{""gender=Female"": {""alpha"": 1.0, ""margin"": 0.9653965811305263, ""p_observed"": 0.9826982905652631, ""prior_probability"": 0.44275132275132273, ""score"": 0.9653965811305263}, ""gender=Male"": {""alpha"": 1.0, ""margin"": 0.9176130364224094, ""p_observed"": 0.9588065182112047, ""prior_probability"": 0.5572486772486772, ""score"": 0.9176130364224094}}","{""gender=Female"": {""alpha"": 2.0, ""margin"": 0.9653965811305263, ""p_observed"": 0.9826982905652631, ""prior_probability"": 0.44275132275132273, ""score"": -0.84965328103073}, ""gender=Male"": {""alpha"": 2.0, ""margin"": 0.9176130364224094, ""p_observed"": 0.9588065182112047, ""prior_probability"": 0.5572486772486772, ""score"": -0.6688756367191366}}"
46,Male,Black,gender=Male,<=50K,"{""age"": ""28"", ""workclass"": ""Private"", ""education"": ""HS-grad"", ""educational-num"": ""9"", ""race"": ""Black"", ""capital-gain"": ""0"", ""capital-loss"": ""0"", ""hours-per-week"": ""48"", ""native-country"": ""United-States""}",gender=Male,gender=Male,gender=Male,,gender=Female,gender=Female,gender=Male,0,<=50K | HS-grad | Private,2,2,"{""gender=Female"": ""<=50K"", ""gender=Male"": ""<=50K""}","{""gender=Female"": {""alpha"": 1.0, ""margin"": 0.8932153517506511, ""p_observed"": 0.9466076758753257, ""prior_probability"": 0.3531869020347662, ""score"": 0.9466076758753257}, ""gender=Male"": {""alpha"": 1.0, ""margin"": 0.7853531143783739, ""p_observed"": 0.892676557189187, ""prior_probability"": 0.6468130979652338, ""score"": 0.892676557189187}}","{""gender=Female"": {""alpha"": 1.0, ""margin"": 0.8932153517506511, ""p_observed"": 0.9466076758753257, ""prior_probability"": 0.3531869020347662, ""score"": 0.8932153517506511}, ""gender=Male"": {""alpha"": 1.0, ""margin"": 0.7853531143783739, ""p_observed"": 0.892676557189187, ""prior_probability"": 0.6468130979652338, ""score"": 0.7853531143783739}}","{""gender=Female"": {""alpha"": 2.0, ""margin"": 0.8932153517506511, ""p_observed"": 0.9466076758753257, ""prior_probability"": 0.3531869020347662, ""score"": -1.1504989999523505}, ""gender=Male"": {""alpha"": 2.0, ""margin"": 0.7853531143783739, ""p_observed"": 0.892676557189187, ""prior_probability"": 0.6468130979652338, ""score"": -0.6627598244973639}}"
47,Female,White,gender=Female,<=50K,"{""age"": ""40"", ""workclass"": ""Self-emp-not-inc"", ""education"": ""Bachelors"", ""educational-num"": ""13"", ""race"": ""White"", ""capital-gain"": ""2174"", ""capital-loss"": ""0"", ""hours-per-week"": ""40"", ""native-country"": ""United-States""}",gender=Male,gender=Male,gender=Male,,gender=Female,gender=Female,gender=Female,0,<=50K | Bachelors | Self-emp-not-inc,2,2,"{""gender=Female"": ""<=50K"", ""gender=Male"": ""<=50K""}","{""gender=Female"": {""alpha"": 1.0, ""margin"": 0.49592542822697516, ""p_observed"": 0.7479627141134875, ""prior_probability"": 0.4140684410646388, ""score"": 0.7479627141134875}, ""gender=Male"": {""alpha"": 1.0, ""margin"": 0.08965460685292864, ""p_observed"": 0.5448273034264643, ""prior_probability"": 0.5859315589353612, ""score"": 0.5448273034264643}}","{""gender=Female"": {""alpha"": 1.0, ""margin"": 0.49592542822697516, ""p_observed"": 0.7479627141134875, ""prior_probability"": 0.4140684410646388, ""score"": 0.49592542822697516}, ""gender=Male"": {""alpha"": 1.0, ""margin"": 0.08965460685292864, ""p_observed"": 0.5448273034264643, ""prior_probability"": 0.5859315589353612, ""score"": 0.08965460685292864}}","{""gender=Female"": {""alpha"": 2.0, ""margin"": 0.49592542822697516, ""p_observed"": 0.7479627141134875, ""prior_probability"": 0.4140684410646388, ""score"": -1.4625283016227426}, ""gender=Male"": {""alpha"": 2.0, ""margin"": 0.08965460685292864, ""p_observed"": 0.5448273034264643, ""prior_probability"": 0.5859315589353612, ""score"": -1.7491251078138208}}"
48,Female,White,gender=Female,<=50K,"{""age"": ""22"", ""workclass"": ""Private"", ""education"": ""HS-grad"", ""educational-num"": ""9"", ""race"": ""White"", ""capital-gain"": ""0"", ""capital-loss"": ""0"", ""hours-per-week"": ""40"", ""native-country"": ""United-States""}",gender=Male,gender=Male,gender=Male,,gender=Female,gender=Female,gender=Male,0,<=50K | HS-grad | Private,2,2,"{""gender=Female"": ""<=50K"", ""gender=Male"": ""<=50K""}","{""gender=Female"": {""alpha"": 1.0, ""margin"": 0.9331560778009055, ""p_observed"": 0.9665780389004528, ""prior_probability"": 0.3531869020347662, ""score"": 0.9665780389004528}, ""gender=Male"": {""alpha"": 1.0, ""margin"": 0.8612647603758504, ""p_observed"": 0.9306323801879252, ""prior_probability"": 0.6468130979652338, ""score"": 0.9306323801879252}}","{""gender=Female"": {""alpha"": 1.0, ""margin"": 0.9331560778009055, ""p_observed"": 0.9665780389004528, ""prior_probability"": 0.3531869020347662, ""score"": 0.9331560778009055}, ""gender=Male"": {""alpha"": 1.0, ""margin"": 0.8612647603758504, ""p_observed"": 0.9306323801879252, ""prior_probability"": 0.6468130979652338, ""score"": 0.8612647603758504}}","{""gender=Female"": {""alpha"": 2.0, ""margin"": 0.9331560778009055, ""p_observed"": 0.9665780389004528, ""prior_probability"": 0.3531869020347662, ""score"": -1.1087443741967071}, ""gender=Male"": {""alpha"": 2.0, ""margin"": 0.8612647603758504, ""p_observed"": 0.9306323801879252, ""prior_probability"": 0.6468130979652338, ""score"": -0.5794797915119678}}"
49,Male,Asian-Pac-Islander,gender=Male,<=50K,"{""age"": ""22"", ""workclass"": ""Local-gov"", ""education"": ""Some-college"", ""educational-num"": ""10"", ""race"": ""Asian-Pac-Islander"", ""capital-gain"": ""0"", ""capital-loss"": ""0"", ""hours-per-week"": ""20"", ""native-country"": ""United-States""}",gender=Male,gender=Male,gender=Male,,gender=Female,gender=Female,gender=Male,0,<=50K | Some-college | Local-gov,2,2,"{""gender=Female"": ""<=50K"", ""gender=Male"": ""<=50K""}","{""gender=Female"": {""alpha"": 1.0, ""margin"": 0.9394915861020389, ""p_observed"": 0.9697457930510194, ""prior_probability"": 0.44275132275132273, ""score"": 0.9697457930510194}, ""gender=Male"": {""alpha"": 1.0, ""margin"": 0.8011884066582762, ""p_observed"": 0.900594203329138, ""prior_probability"": 0.5572486772486772, ""score"": 0.900594203329138}}","{""gender=Female"": {""alpha"": 1.0, ""margin"": 0.9394915861020389, ""p_observed"": 0.9697457930510194, ""prior_probability"": 0.44275132275132273, ""score"": 0.9394915861020389}, ""gender=Male"": {""alpha"": 1.0, ""margin"": 0.8011884066582762, ""p_observed"": 0.900594203329138, ""prior_probability"": 0.5572486772486772, ""score"": 0.8011884066582762}}","{""gender=Female"": {""alpha"": 2.0, ""margin"": 0.9394915861020389, ""p_observed"": 0.9697457930510194, ""prior_probability"": 0.44275132275132273, ""score"": -0.8761896364437548}, ""gender=Male"": {""alpha"": 2.0, ""margin"": 0.8011884066582762, ""p_observed"": 0.900594203329138, ""prior_probability"": 0.5572486772486772, ""score"": -0.7941446956111587}}"
50,Male,White,gender=Male,<=50K,"{""age"": ""41"", ""workclass"": ""Private"", ""education"": ""HS-grad"", ""educational-num"": ""9"", ""race"": ""White"", ""capital-gain"": ""0"", ""capital-loss"": ""0"", ""hours-per-week"": ""44"", ""native-country"": ""United-States""}",gender=Male,gender=Male,gender=Male,,gender=Female,gender=Female,gender=Male,0,<=50K | HS-grad | Private,2,2,"{""gender=Female"": ""<=50K"", ""gender=Male"": ""<=50K""}","{""gender=Female"": {""alpha"": 1.0, ""margin"": 0.7823516038757142, ""p_observed"": 0.8911758019378568, ""prior_probability"": 0.3531869020347662, ""score"": 0.8911758019378568}, ""gender=Male"": {""alpha"": 1.0, ""margin"": 0.46717259734964345, ""p_observed"": 0.7335862986748217, ""prior_probability"": 0.6468130979652338, ""score"": 0.7335862986748217}}","{""gender=Female"": {""alpha"": 1.0, ""margin"": 0.7823516038757142, ""p_observed"": 0.8911758019378568, ""prior_probability"": 0.3531869020347662, ""score"": 0.7823516038757142}, ""gender=Male"": {""alpha"": 1.0, ""margin"": 0.46717259734964345, ""p_observed"": 0.7335862986748217, ""prior_probability"": 0.6468130979652338, ""score"": 0.46717259734964345}}","{""gender=Female"": {""alpha"": 2.0, ""margin"": 0.7823516038757142, ""p_observed"": 0.8911758019378568, ""prior_probability"": 0.3531869020347662, ""score"": -1.2711850194504752}, ""gender=Male"": {""alpha"": 2.0, ""margin"": 0.46717259734964345, ""p_observed"": 0.7335862986748217, ""prior_probability"": 0.6468130979652338, ""score"": -1.0553179711700782}}"
51,Female,White,gender=Female,<=50K,"{""age"": ""18"", ""workclass"": ""Private"", ""education"": ""Some-college"", ""educational-num"": ""10"", ""race"": ""White"", ""capital-gain"": ""0"", ""capital-loss"": ""0"", ""hours-per-week"": ""40"", ""native-country"": ""Peru""}",gender=Male,gender=Male,gender=Male,,gender=Female,gender=Female,gender=Male,0,<=50K | Some-college | Private,2,2,"{""gender=Female"": ""<=50K"", ""gender=Male"": ""<=50K""}","{""gender=Female"": {""alpha"": 1.0, ""margin"": 0.9205373449739002, ""p_observed"": 0.9602686724869501, ""prior_probability"": 0.44275132275132273, ""score"": 0.9602686724869501}, ""gender=Male"": {""alpha"": 1.0, ""margin"": 0.8202822072610438, ""p_observed"": 0.9101411036305219, ""prior_probability"": 0.5572486772486772, ""score"": 0.9101411036305219}}","{""gender=Female"": {""alpha"": 1.0, ""margin"": 0.9205373449739002, ""p_observed"": 0.9602686724869501, ""prior_probability"": 0.44275132275132273, ""score"": 0.9205373449739002}, ""gender=Male"": {""alpha"": 1.0, ""margin"": 0.8202822072610438, ""p_observed"": 0.9101411036305219, ""prior_probability"": 0.5572486772486772, ""score"": 0.8202822072610438}}","{""gender=Female"": {""alpha"": 2.0, ""margin"": 0.9205373449739002, ""p_observed"": 0.9602686724869501, ""prior_probability"": 0.44275132275132273, ""score"": -0.8958313477467514}, ""gender=Male"": {""alpha"": 2.0, ""margin"": 0.8202822072610438, ""p_observed"": 0.9101411036305219, ""prior_probability"": 0.5572486772486772, ""score"": -0.7730549455455256}}"
52,Male,White,gender=Male,<=50K,"{""age"": ""36"", ""workclass"": ""Private"", ""education"": ""Bachelors"", ""educational-num"": ""13"", ""race"": ""White"", ""capital-gain"": ""0"", ""capital-loss"": ""0"", ""hours-per-week"": ""70"", ""native-country"": ""United-States""}",gender=Male,gender=Male,gender=Female,,gender=Female,gender=Female,gender=Female,0,<=50K | Bachelors | Private,2,2,"{""gender=Female"": ""<=50K"", ""gender=Male"": "">50K""}","{""gender=Female"": {""alpha"": 1.0, ""margin"": 0.34636570425537727, ""p_observed"": 0.6731828521276886, ""prior_probability"": 0.4140684410646388, ""score"": 0.6731828521276886}, ""gender=Male"": {""alpha"": 1.0, ""margin"": -0.15505591479993952, ""p_observed"": 0.42247204260003013, ""prior_probability"": 0.5859315589353612, ""score"": 0.42247204260003013}}","{""gender=Female"": {""alpha"": 1.0, ""margin"": 0.34636570425537727, ""p_observed"": 0.6731828521276886, ""prior_probability"": 0.4140684410646388, ""score"": 0.34636570425537727}, ""gender=Male"": {""alpha"": 1.0, ""margin"": -0.15505591479993952, ""p_observed"": 0.42247204260003013, ""prior_probability"": 0.5859315589353612, ""score"": -0.15505591479993952}}","{""gender=Female"": {""alpha"": 2.0, ""margin"": 0.34636570425537727, ""p_observed"": 0.6731828521276886, ""prior_probability"": 0.4140684410646388, ""score"": -1.6732005805808499}, ""gender=Male"": {""alpha"": 2.0, ""margin"": -0.15505591479993952, ""p_observed"": 0.42247204260003013, ""prior_probability"": 0.5859315589353612, ""score"": -2.2578163013221046}}"
53,Male,Black,gender=Male,<=50K,"{""age"": ""27"", ""workclass"": ""Private"", ""education"": ""Some-college"", ""educational-num"": ""10"", ""race"": ""Black"", ""capital-gain"": ""0"", ""capital-loss"": ""0"", ""hours-per-week"": ""40"", ""native-country"": ""United-States""}",gender=Male,gender=Male,gender=Male,,gender=Female,gender=Female,gender=Male,0,<=50K | Some-college | Private,2,2,"{""gender=Female"": ""<=50K"", ""gender=Male"": ""<=50K""}","{""gender=Female"": {""alpha"": 1.0, ""margin"": 0.9408401311881891, ""p_observed"": 0.9704200655940944, ""prior_probability"": 0.44275132275132273, ""score"": 0.9704200655940944}, ""gender=Male"": {""alpha"": 1.0, ""margin"": 0.8503303267942485, ""p_observed"": 0.9251651633971241, ""prior_probability"": 0.5572486772486772, ""score"": 0.9251651633971241}}","{""gender=Female"": {""alpha"": 1.0, ""margin"": 0.9408401311881891, ""p_observed"": 0.9704200655940944, ""prior_probability"": 0.44275132275132273, ""score"": 0.9408401311881891}, ""gender=Male"": {""alpha"": 1.0, ""margin"": 0.8503303267942485, ""p_observed"": 0.9251651633971241, ""prior_probability"": 0.5572486772486772, ""score"": 0.8503303267942485}}","{""gender=Female"": {""alpha"": 2.0, ""margin"": 0.9408401311881891, ""p_observed"": 0.9704200655940944, ""prior_probability"": 0.44275132275132273, ""score"": -0.874799502569959}, ""gender=Male"": {""alpha"": 2.0, ""margin"": 0.8503303267942485, ""p_observed"": 0.9251651633971241, ""prior_probability"": 0.5572486772486772, ""score"": -0.7403096852012236}}"
54,Male,White,gender=Male,>50K,"{""age"": ""50"", ""workclass"": ""Federal-gov"", ""education"": ""HS-grad"", ""educational-num"": ""9"", ""race"": ""White"", ""capital-gain"": ""4386"", ""capital-loss"": ""0"", ""hours-per-week"": ""40"", ""native-country"": ""United-States""}",gender=Male,gender=Male,gender=Male,,gender=Male,gender=Male,gender=Male,0,>50K | HS-grad | Federal-gov,2,2,"{""gender=Female"": ""<=50K"", ""gender=Male"": ""<=50K""}","{""gender=Female"": {""alpha"": 1.0, ""margin"": -0.6563997268558972, ""p_observed"": 0.17180013657205145, ""prior_probability"": 0.129565816678153, ""score"": 0.17180013657205145}, ""gender=Male"": {""alpha"": 1.0, ""margin"": -0.327630956629045, ""p_observed"": 0.3361845216854777, ""prior_probability"": 0.870434183321847, ""score"": 0.3361845216854777}}","{""gender=Female"": {""alpha"": 1.0, ""margin"": -0.6563997268558972, ""p_observed"": 0.17180013657205145, ""prior_probability"": 0.129565816678153, ""score"": -0.6563997268558972}, ""gender=Male"": {""alpha"": 1.0, ""margin"": -0.327630956629045, ""p_observed"": 0.3361845216854777, ""prior_probability"": 0.870434183321847, ""score"": -0.327630956629045}}","{""gender=Female"": {""alpha"": 2.0, ""margin"": -0.6563997268558972, ""p_observed"": 0.17180013657205145, ""prior_probability"": 0.129565816678153, ""score"": -5.566413239023008}, ""gender=Male"": {""alpha"": 2.0, ""margin"": -0.327630956629045, ""p_observed"": 0.3361845216854777, ""prior_probability"": 0.870434183321847, ""score"": -2.3189533266847904}}"
55,Male,Black,gender=Male,<=50K,"{""age"": ""30"", ""workclass"": ""Local-gov"", ""education"": ""Assoc-acdm"", ""educational-num"": ""12"", ""race"": ""Black"", ""capital-gain"": ""0"", ""capital-loss"": ""0"", ""hours-per-week"": ""40"", ""native-country"": ""United-States""}",gender=Male,gender=Male,gender=Male,,gender=Female,gender=Female,gender=Female,0,<=50K | Assoc-acdm | Local-gov,2,2,"{""gender=Female"": ""<=50K"", ""gender=Male"": ""<=50K""}","{""gender=Female"": {""alpha"": 1.0, ""margin"": 0.834332319965533, ""p_observed"": 0.9171661599827665, ""prior_probability"": 0.4611801242236025, ""score"": 0.9171661599827665}, ""gender=Male"": {""alpha"": 1.0, ""margin"": 0.6087332611723366, ""p_observed"": 0.8043666305861683, ""prior_probability"": 0.5388198757763976, ""score"": 0.8043666305861683}}","{""gender=Female"": {""alpha"": 1.0, ""margin"": 0.834332319965533, ""p_observed"": 0.9171661599827665, ""prior_probability"": 0.4611801242236025, ""score"": 0.834332319965533}, ""gender=Male"": {""alpha"": 1.0, ""margin"": 0.6087332611723366, ""p_observed"": 0.8043666305861683, ""prior_probability"": 0.5388198757763976, ""score"": 0.6087332611723366}}","{""gender=Female"": {""alpha"": 2.0, ""margin"": 0.834332319965533, ""p_observed"": 0.9171661599827665, ""prior_probability"": 0.4611801242236025, ""score"": -0.9468998344923045}, ""gender=Male"": {""alpha"": 2.0, ""margin"": 0.6087332611723366, ""p_observed"": 0.8043666305861683, ""prior_probability"": 0.5388198757763976, ""score"": -1.053774157260609}}"
56,Male,White,gender=Male,<=50K,"{""age"": ""31"", ""workclass"": ""Private"", ""education"": ""HS-grad"", ""educational-num"": ""9"", ""race"": ""White"", ""capital-gain"": ""0"", ""capital-loss"": ""0"", ""hours-per-week"": ""60"", ""native-country"": ""United-States""}",gender=Male,gender=Male,gender=Male,,gender=Female,gender=Female,gender=Male,0,<=50K | HS-grad | Private,2,2,"{""gender=Female"": ""<=50K"", ""gender=Male"": ""<=50K""}","{""gender=Female"": {""alpha"": 1.0, ""margin"": 0.8431558164788355, ""p_observed"": 0.9215779082394178, ""prior_probability"": 0.3531869020347662, ""score"": 0.9215779082394178}, ""gender=Male"": {""alpha"": 1.0, ""margin"": 0.6097005786006175, ""p_observed"": 0.8048502893003089, ""prior_probability"": 0.6468130979652338, ""score"": 0.8048502893003089}}","{""gender=Female"": {""alpha"": 1.0, ""margin"": 0.8431558164788355, ""p_observed"": 0.9215779082394178, ""prior_probability"": 0.3531869020347662, ""score"": 0.8431558164788355}, ""gender=Male"": {""alpha"": 1.0, ""margin"": 0.6097005786006175, ""p_observed"": 0.8048502893003089, ""prior_probability"": 0.6468130979652338, ""score"": 0.6097005786006175}}","{""gender=Female"": {""alpha"": 2.0, ""margin"": 0.8431558164788355, ""p_observed"": 0.9215779082394178, ""prior_probability"": 0.3531869020347662, ""score"": -1.2040938154911336}, ""gender=Male"": {""alpha"": 2.0, ""margin"": 0.6097005786006175, ""p_observed"": 0.8048502893003089, ""prior_probability"": 0.6468130979652338, ""score"": -0.8698958908415912}}"
57,Male,White,gender=Male,<=50K,"{""age"": ""41"", ""workclass"": ""Private"", ""education"": ""11th"", ""educational-num"": ""7"", ""race"": ""White"", ""capital-gain"": ""0"", ""capital-loss"": ""0"", ""hours-per-week"": ""40"", ""native-country"": ""United-States""}",gender=Male,gender=Male,gender=Male,,gender=Female,gender=Female,gender=Male,0,<=50K | 11th | Private,2,2,"{""gender=Female"": ""<=50K"", ""gender=Male"": ""<=50K""}","{""gender=Female"": {""alpha"": 1.0, ""margin"": 0.8777590254875782, ""p_observed"": 0.9388795127437891, ""prior_probability"": 0.3555070883315158, ""score"": 0.9388795127437891}, ""gender=Male"": {""alpha"": 1.0, ""margin"": 0.7297614030759385, ""p_observed"": 0.8648807015379691, ""prior_probability"": 0.6444929116684842, ""score"": 0.8648807015379691}}","{""gender=Female"": {""alpha"": 1.0, ""margin"": 0.8777590254875782, ""p_observed"": 0.9388795127437891, ""prior_probability"": 0.3555070883315158, ""score"": 0.8777590254875782}, ""gender=Male"": {""alpha"": 1.0, ""margin"": 0.7297614030759385, ""p_observed"": 0.8648807015379691, ""prior_probability"": 0.6444929116684842, ""score"": 0.7297614030759385}}","{""gender=Female"": {""alpha"": 2.0, ""margin"": 0.8777590254875782, ""p_observed"": 0.9388795127437891, ""prior_probability"": 0.3555070883315158, ""score"": -1.1603463357772275}, ""gender=Male"": {""alpha"": 2.0, ""margin"": 0.7297614030759385, ""p_observed"": 0.8648807015379691, ""prior_probability"": 0.6444929116684842, ""score"": -0.7296188525681031}}"
58,Female,White,gender=Female,<=50K,"{""age"": ""49"", ""workclass"": ""Private"", ""education"": ""HS-grad"", ""educational-num"": ""9"", ""race"": ""White"", ""capital-gain"": ""0"", ""capital-loss"": ""0"", ""hours-per-week"": ""40"", ""native-country"": ""United-States""}",gender=Male,gender=Male,gender=Male,,gender=Female,gender=Female,gender=Male,0,<=50K | HS-grad | Private,2,2,"{""gender=Female"": ""<=50K"", ""gender=Male"": ""<=50K""}","{""gender=Female"": {""alpha"": 1.0, ""margin"": 0.8111342116835706, ""p_observed"": 0.9055671058417852, ""prior_probability"": 0.3531869020347662, ""score"": 0.9055671058417852}, ""gender=Male"": {""alpha"": 1.0, ""margin"": 0.5144845362736291, ""p_observed"": 0.7572422681368145, ""prior_probability"": 0.6468130979652338, ""score"": 0.7572422681368145}}","{""gender=Female"": {""alpha"": 1.0, ""margin"": 0.8111342116835706, ""p_observed"": 0.9055671058417852, ""prior_probability"": 0.3531869020347662, ""score"": 0.8111342116835706}, ""gender=Male"": {""alpha"": 1.0, ""margin"": 0.5144845362736291, ""p_observed"": 0.7572422681368145, ""prior_probability"": 0.6468130979652338, ""score"": 0.5144845362736291}}","{""gender=Female"": {""alpha"": 2.0, ""margin"": 0.8111342116835706, ""p_observed"": 0.9055671058417852, ""prior_probability"": 0.3531869020347662, ""score"": -1.239145685141692}, ""gender=Male"": {""alpha"": 2.0, ""margin"": 0.5144845362736291, ""p_observed"": 0.7572422681368145, ""prior_probability"": 0.6468130979652338, ""score"": -0.9918419802277827}}"
59,Male,Black,gender=Male,>50K,"{""age"": ""46"", ""workclass"": ""State-gov"", ""education"": ""Some-college"", ""educational-num"": ""10"", ""race"": ""Black"", ""capital-gain"": ""0"", ""capital-loss"": ""0"", ""hours-per-week"": ""70"", ""native-country"": ""United-States""}",gender=Male,gender=Male,gender=Male,,gender=Male,gender=Male,gender=Male,0,>50K | Some-college | State-gov,2,2,"{""gender=Female"": ""<=50K"", ""gender=Male"": ""<=50K""}","{""gender=Female"": {""alpha"": 1.0, ""margin"": -0.6952019996920158, ""p_observed"": 0.15239900015399213, ""prior_probability"": 0.1390946502057613, ""score"": 0.15239900015399213}, ""gender=Male"": {""alpha"": 1.0, ""margin"": -0.2747121790205202, ""p_observed"": 0.36264391048973993, ""prior_probability"": 0.8609053497942387, ""score"": 0.36264391048973993}}","{""gender=Female"": {""alpha"": 1.0, ""margin"": -0.6952019996920158, ""p_observed"": 0.15239900015399213, ""prior_probability"": 0.1390946502057613, ""score"": -0.6952019996920158}, ""gender=Male"": {""alpha"": 1.0, ""margin"": -0.2747121790205202, ""p_observed"": 0.36264391048973993, ""prior_probability"": 0.8609053497942387, ""score"": -0.2747121790205202}}","{""gender=Female"": {""alpha"": 2.0, ""margin"": -0.6952019996920158, ""p_observed"": 0.15239900015399213, ""prior_probability"": 0.1390946502057613, ""score"": -5.735107033692486}, ""gender=Male"": {""alpha"": 2.0, ""margin"": -0.2747121790205202, ""p_observed"": 0.36264391048973993, ""prior_probability"": 0.8609053497942387, ""score"": -2.178438489178583}}"
60,Male,White,gender=Male,<=50K,"{""age"": ""18"", ""workclass"": ""Private"", ""education"": ""11th"", ""educational-num"": ""7"", ""race"": ""White"", ""capital-gain"": ""0"", ""capital-loss"": ""0"", ""hours-per-week"": ""20"", ""native-country"": ""United-States""}",gender=Male,gender=Male,gender=Male,,gender=Female,gender=Female,gender=Male,0,<=50K | 11th | Private,2,2,"{""gender=Female"": ""<=50K"", ""gender=Male"": ""<=50K""}","{""gender=Female"": {""alpha"": 1.0, ""margin"": 0.9792830324406109, ""p_observed"": 0.9896415162203054, ""prior_probability"": 0.3555070883315158, ""score"": 0.9896415162203054}, ""gender=Male"": {""alpha"": 1.0, ""margin"": 0.9450957319963798, ""p_observed"": 0.9725478659981899, ""prior_probability"": 0.6444929116684842, ""score"": 0.9725478659981899}}","{""gender=Female"": {""alpha"": 1.0, ""margin"": 0.9792830324406109, ""p_observed"": 0.9896415162203054, ""prior_probability"": 0.3555070883315158, ""score"": 0.9792830324406109}, ""gender=Male"": {""alpha"": 1.0, ""margin"": 0.9450957319963798, ""p_observed"": 0.9725478659981899, ""prior_probability"": 0.6444929116684842, ""score"": 0.9450957319963798}}","{""gender=Female"": {""alpha"": 2.0, ""margin"": 0.9792830324406109, ""p_observed"": 0.9896415162203054, ""prior_probability"": 0.3555070883315158, ""score"": -1.0550351034042769}, ""gender=Male"": {""alpha"": 2.0, ""margin"": 0.9450957319963798, ""p_observed"": 0.9725478659981899, ""prior_probability"": 0.6444929116684842, ""score"": -0.4949634251810937}}"
61,Male,Black,gender=Male,<=50K,"{""age"": ""18"", ""workclass"": ""Private"", ""education"": ""11th"", ""educational-num"": ""7"", ""race"": ""Black"", ""capital-gain"": ""0"", ""capital-loss"": ""0"", ""hours-per-week"": ""16"", ""native-country"": ""United-States""}",gender=Male,gender=Male,gender=Male,,gender=Female,gender=Female,gender=Male,0,<=50K | 11th | Private,2,2,"{""gender=Female"": ""<=50K"", ""gender=Male"": ""<=50K""}","{""gender=Female"": {""alpha"": 1.0, ""margin"": 0.9791205911802076, ""p_observed"": 0.9895602955901037, ""prior_probability"": 0.3555070883315158, ""score"": 0.9895602955901037}, ""gender=Male"": {""alpha"": 1.0, ""margin"": 0.9523680498524725, ""p_observed"": 0.9761840249262363, ""prior_probability"": 0.6444929116684842, ""score"": 0.9761840249262363}}","{""gender=Female"": {""alpha"": 1.0, ""margin"": 0.9791205911802076, ""p_observed"": 0.9895602955901037, ""prior_probability"": 0.3555070883315158, ""score"": 0.9791205911802076}, ""gender=Male"": {""alpha"": 1.0, ""margin"": 0.9523680498524725, ""p_observed"": 0.9761840249262363, ""prior_probability"": 0.6444929116684842, ""score"": 0.9523680498524725}}","{""gender=Female"": {""alpha"": 2.0, ""margin"": 0.9791205911802076, ""p_observed"": 0.9895602955901037, ""prior_probability"": 0.3555070883315158, ""score"": -1.0551992516579063}, ""gender=Male"": {""alpha"": 2.0, ""margin"": 0.9523680498524725, ""p_observed"": 0.9761840249262363, ""prior_probability"": 0.6444929116684842, ""score"": -0.4874997752764578}}"
62,Female,Black,gender=Female,<=50K,"{""age"": ""48"", ""workclass"": ""Self-emp-not-inc"", ""education"": ""Assoc-voc"", ""educational-num"": ""11"", ""race"": ""Black"", ""capital-gain"": ""0"", ""capital-loss"": ""0"", ""hours-per-week"": ""10"", ""native-country"": ""United-States""}",gender=Male,gender=Male,gender=Male,,gender=Female,gender=Female,gender=Male,0,<=50K | Assoc-voc | Self-emp-not-inc,2,2,"{""gender=Female"": ""<=50K"", ""gender=Male"": ""<=50K""}","{""gender=Female"": {""alpha"": 1.0, ""margin"": 0.810364203449811, ""p_observed"": 0.9051821017249055, ""prior_probability"": 0.40348837209302324, ""score"": 0.9051821017249055}, ""gender=Male"": {""alpha"": 1.0, ""margin"": 0.6628074805258282, ""p_observed"": 0.8314037402629142, ""prior_probability"": 0.5965116279069768, ""score"": 0.8314037402629142}}","{""gender=Female"": {""alpha"": 1.0, ""margin"": 0.810364203449811, ""p_observed"": 0.9051821017249055, ""prior_probability"": 0.40348837209302324, ""score"": 0.810364203449811}, ""gender=Male"": {""alpha"": 1.0, ""margin"": 0.6628074805258282, ""p_observed"": 0.8314037402629142, ""prior_probability"": 0.5965116279069768, ""score"": 0.6628074805258282}}","{""gender=Female"": {""alpha"": 2.0, ""margin"": 0.810364203449811, ""p_observed"": 0.9051821017249055, ""prior_probability"": 0.40348837209302324, ""score"": -1.1068458855969454}, ""gender=Male"": {""alpha"": 2.0, ""margin"": 0.6628074805258282, ""p_observed"": 0.8314037402629142, ""prior_probability"": 0.5965116279069768, ""score"": -0.8859360509190164}}"
63,Male,White,gender=Male,<=50K,"{""age"": ""34"", ""workclass"": ""Self-emp-inc"", ""education"": ""HS-grad"", ""educational-num"": ""9"", ""race"": ""White"", ""capital-gain"": ""0"", ""capital-loss"": ""0"", ""hours-per-week"": ""40"", ""native-country"": ""United-States""}",gender=Male,gender=Male,gender=Male,,gender=Female,gender=Female,gender=Male,0,<=50K | HS-grad | Self-emp-inc,2,2,"{""gender=Female"": ""<=50K"", ""gender=Male"": ""<=50K""}","{""gender=Female"": {""alpha"": 1.0, ""margin"": 0.6370016787510886, ""p_observed"": 0.8185008393755442, ""prior_probability"": 0.3531869020347662, ""score"": 0.8185008393755442}, ""gender=Male"": {""alpha"": 1.0, ""margin"": 0.44613691879930706, ""p_observed"": 0.7230684593996537, ""prior_probability"": 0.6468130979652338, ""score"": 0.7230684593996537}}","{""gender=Female"": {""alpha"": 1.0, ""margin"": 0.6370016787510886, ""p_observed"": 0.8185008393755442, ""prior_probability"": 0.3531869020347662, ""score"": 0.6370016787510886}, ""gender=Male"": {""alpha"": 1.0, ""margin"": 0.44613691879930706, ""p_observed"": 0.7230684593996537, ""prior_probability"": 0.6468130979652338, ""score"": 0.44613691879930706}}","{""gender=Female"": {""alpha"": 2.0, ""margin"": 0.6370016787510886, ""p_observed"": 0.8185008393755442, ""prior_probability"": 0.3531869020347662, ""score"": -1.4413196079804025}, ""gender=Male"": {""alpha"": 2.0, ""margin"": 0.44613691879930706, ""p_observed"": 0.7230684593996537, ""prior_probability"": 0.6468130979652338, ""score"": -1.0842006477534891}}"
64,Male,White,gender=Male,<=50K,"{""age"": ""21"", ""workclass"": ""Private"", ""education"": ""Some-college"", ""educational-num"": ""10"", ""race"": ""White"", ""capital-gain"": ""0"", ""capital-loss"": ""0"", ""hours-per-week"": ""40"", ""native-country"": ""United-States""}",gender=Male,gender=Male,gender=Male,,gender=Female,gender=Female,gender=Male,0,<=50K | Some-college | Private,2,2,"{""gender=Female"": ""<=50K"", ""gender=Male"": ""<=50K""}","{""gender=Female"": {""alpha"": 1.0, ""margin"": 0.929898519652456, ""p_observed"": 0.9649492598262279, ""prior_probability"": 0.44275132275132273, ""score"": 0.9649492598262279}, ""gender=Male"": {""alpha"": 1.0, ""margin"": 0.8550928185815736, ""p_observed"": 0.9275464092907868, ""prior_probability"": 0.5572486772486772, ""score"": 0.9275464092907868}}","{""gender=Female"": {""alpha"": 1.0, ""margin"": 0.929898519652456, ""p_observed"": 0.9649492598262279, ""prior_probability"": 0.44275132275132273, ""score"": 0.929898519652456}, ""gender=Male"": {""alpha"": 1.0, ""margin"": 0.8550928185815736, ""p_observed"": 0.9275464092907868, ""prior_probability"": 0.5572486772486772, ""score"": 0.8550928185815736}}","{""gender=Female"": {""alpha"": 2.0, ""margin"": 0.929898519652456, ""p_observed"": 0.9649492598262279, ""prior_probability"": 0.44275132275132273, ""score"": -0.8861065337760479}, ""gender=Male"": {""alpha"": 2.0, ""margin"": 0.8550928185815736, ""p_observed"": 0.9275464092907868, ""prior_probability"": 0.5572486772486772, ""score"": -0.735168577993845}}"
65,Male,White,gender=Male,<=50K,"{""age"": ""44"", ""workclass"": ""State-gov"", ""education"": ""HS-grad"", ""educational-num"": ""9"", ""race"": ""White"", ""capital-gain"": ""0"", ""capital-loss"": ""0"", ""hours-per-week"": ""40"", ""native-country"": ""United-States""}",gender=Male,gender=Male,gender=Male,,gender=Female,gender=Female,gender=Male,0,<=50K | HS-grad | State-gov,2,2,"{""gender=Female"": ""<=50K"", ""gender=Male"": ""<=50K""}","{""gender=Female"": {""alpha"": 1.0, ""margin"": 0.7984620768733156, ""p_observed"": 0.8992310384366577, ""prior_probability"": 0.3531869020347662, ""score"": 0.8992310384366577}, ""gender=Male"": {""alpha"": 1.0, ""margin"": 0.5358432883747164, ""p_observed"": 0.7679216441873583, ""prior_probability"": 0.6468130979652338, ""score"": 0.7679216441873583}}","{""gender=Female"": {""alpha"": 1.0, ""margin"": 0.7984620768733156, ""p_observed"": 0.8992310384366577, ""prior_probability"": 0.3531869020347662, ""score"": 0.7984620768733156}, ""gender=Male"": {""alpha"": 1.0, ""margin"": 0.5358432883747164, ""p_observed"": 0.7679216441873583, ""prior_probability"": 0.6468130979652338, ""score"": 0.5358432883747164}}","{""gender=Female"": {""alpha"": 2.0, ""margin"": 0.7984620768733156, ""p_observed"": 0.8992310384366577, ""prior_probability"": 0.3531869020347662, ""score"": -1.2531884598548786}, ""gender=Male"": {""alpha"": 2.0, ""margin"": 0.5358432883747164, ""p_observed"": 0.7679216441873583, ""prior_probability"": 0.6468130979652338, ""score"": -0.9638330547484736}}"
66,Male,White,gender=Male,>50K,"{""age"": ""25"", ""workclass"": ""Private"", ""education"": ""Bachelors"", ""educational-num"": ""13"", ""race"": ""White"", ""capital-gain"": ""0"", ""capital-loss"": ""0"", ""hours-per-week"": ""45"", ""native-country"": ""United-States""}",gender=Male,gender=Male,gender=Male,,gender=Male,gender=Male,gender=Male,0,>50K | Bachelors | Private,2,2,"{""gender=Female"": ""<=50K"", ""gender=Male"": ""<=50K""}","{""gender=Female"": {""alpha"": 1.0, ""margin"": -0.7102079622605322, ""p_observed"": 0.14489601886973397, ""prior_probability"": 0.15218508997429306, ""score"": 0.14489601886973397}, ""gender=Male"": {""alpha"": 1.0, ""margin"": -0.46062585426031943, ""p_observed"": 0.26968707286984017, ""prior_probability"": 0.847814910025707, ""score"": 0.26968707286984017}}","{""gender=Female"": {""alpha"": 1.0, ""margin"": -0.7102079622605322, ""p_observed"": 0.14489601886973397, ""prior_probability"": 0.15218508997429306, ""score"": -0.7102079622605322}, ""gender=Male"": {""alpha"": 1.0, ""margin"": -0.46062585426031943, ""p_observed"": 0.26968707286984017, ""prior_probability"": 0.847814910025707, ""score"": -0.46062585426031943}}","{""gender=Female"": {""alpha"": 2.0, ""margin"": -0.7102079622605322, ""p_observed"": 0.14489601886973397, ""prior_probability"": 0.15218508997429306, ""score"": -5.746135611832556}, ""gender=Male"": {""alpha"": 2.0, ""margin"": -0.46062585426031943, ""p_observed"": 0.26968707286984017, ""prior_probability"": 0.847814910025707, ""score"": -2.786078896497542}}"
67,Male,White,gender=Male,<=50K,"{""age"": ""23"", ""workclass"": ""Private"", ""education"": ""HS-grad"", ""educational-num"": ""9"", ""race"": ""White"", ""capital-gain"": ""0"", ""capital-loss"": ""0"", ""hours-per-week"": ""20"", ""native-country"": ""United-States""}",gender=Male,gender=Male,gender=Male,,gender=Female,gender=Female,gender=Male,0,<=50K | HS-grad | Private,2,2,"{""gender=Female"": ""<=50K"", ""gender=Male"": ""<=50K""}","{""gender=Female"": {""alpha"": 1.0, ""margin"": 0.9559882122233758, ""p_observed"": 0.9779941061116879, ""prior_probability"": 0.3531869020347662, ""score"": 0.9779941061116879}, ""gender=Male"": {""alpha"": 1.0, ""margin"": 0.9074249198855133, ""p_observed"": 0.9537124599427566, ""prior_probability"": 0.6468130979652338, ""score"": 0.9537124599427566}}","{""gender=Female"": {""alpha"": 1.0, ""margin"": 0.9559882122233758, ""p_observed"": 0.9779941061116879, ""prior_probability"": 0.3531869020347662, ""score"": 0.9559882122233758}, ""gender=Male"": {""alpha"": 1.0, ""margin"": 0.9074249198855133, ""p_observed"": 0.9537124599427566, ""prior_probability"": 0.6468130979652338, ""score"": 0.9074249198855133}}","{""gender=Female"": {""alpha"": 2.0, ""margin"": 0.9559882122233758, ""p_observed"": 0.9779941061116879, ""prior_probability"": 0.3531869020347662, ""score"": -1.0852611655190185}, ""gender=Male"": {""alpha"": 2.0, ""margin"": 0.9074249198855133, ""p_observed"": 0.9537124599427566, ""prior_probability"": 0.6468130979652338, ""score"": -0.5304840163492128}}"
68,Male,White,gender=Male,<=50K,"{""age"": ""24"", ""workclass"": ""Private"", ""education"": ""Bachelors"", ""educational-num"": ""13"", ""race"": ""White"", ""capital-gain"": ""0"", ""capital-loss"": ""0"", ""hours-per-week"": ""40"", ""native-country"": ""United-States""}",gender=Male,gender=Male,gender=Male,,gender=Female,gender=Female,gender=Male,0,<=50K | Bachelors | Private,2,2,"{""gender=Female"": ""<=50K"", ""gender=Male"": ""<=50K""}","{""gender=Female"": {""alpha"": 1.0, ""margin"": 0.8538369239968584, ""p_observed"": 0.9269184619984291, ""prior_probability"": 0.4140684410646388, ""score"": 0.9269184619984291}, ""gender=Male"": {""alpha"": 1.0, ""margin"": 0.682287012925609, ""p_observed"": 0.8411435064628044, ""prior_probability"": 0.5859315589353612, ""score"": 0.8411435064628044}}","{""gender=Female"": {""alpha"": 1.0, ""margin"": 0.8538369239968584, ""p_observed"": 0.9269184619984291, ""prior_probability"": 0.4140684410646388, ""score"": 0.8538369239968584}, ""gender=Male"": {""alpha"": 1.0, ""margin"": 0.682287012925609, ""p_observed"": 0.8411435064628044, ""prior_probability"": 0.5859315589353612, ""score"": 0.682287012925609}}","{""gender=Female"": {""alpha"": 2.0, ""margin"": 0.8538369239968584, ""p_observed"": 0.9269184619984291, ""prior_probability"": 0.4140684410646388, ""score"": -1.0335033548271462}, ""gender=Male"": {""alpha"": 2.0, ""margin"": 0.682287012925609, ""p_observed"": 0.8411435064628044, ""prior_probability"": 0.5859315589353612, ""score"": -0.8805382812104356}}"
69,Male,Black,gender=Male,<=50K,"{""age"": ""18"", ""workclass"": ""Private"", ""education"": ""11th"", ""educational-num"": ""7"", ""race"": ""Black"", ""capital-gain"": ""0"", ""capital-loss"": ""0"", ""hours-per-week"": ""8"", ""native-country"": ""United-States""}",gender=Male,gender=Male,gender=Male,,gender=Female,gender=Female,gender=Male,0,<=50K | 11th | Private,2,2,"{""gender=Female"": ""<=50K"", ""gender=Male"": ""<=50K""}","{""gender=Female"": {""alpha"": 1.0, ""margin"": 0.9791205911802076, ""p_observed"": 0.9895602955901037, ""prior_probability"": 0.3555070883315158, ""score"": 0.9895602955901037}, ""gender=Male"": {""alpha"": 1.0, ""margin"": 0.9468124942969168, ""p_observed"": 0.9734062471484585, ""prior_probability"": 0.6444929116684842, ""score"": 0.9734062471484585}}","{""gender=Female"": {""alpha"": 1.0, ""margin"": 0.9791205911802076, ""p_observed"": 0.9895602955901037, ""prior_probability"": 0.3555070883315158, ""score"": 0.9791205911802076}, ""gender=Male"": {""alpha"": 1.0, ""margin"": 0.9468124942969168, ""p_observed"": 0.9734062471484585, ""prior_probability"": 0.6444929116684842, ""score"": 0.9468124942969168}}","{""gender=Female"": {""alpha"": 2.0, ""margin"": 0.9791205911802076, ""p_observed"": 0.9895602955901037, ""prior_probability"": 0.3555070883315158, ""score"": -1.0551992516579063}, ""gender=Male"": {""alpha"": 2.0, ""margin"": 0.9468124942969168, ""p_observed"": 0.9734062471484585, ""prior_probability"": 0.6444929116684842, ""score"": -0.4931989823298596}}"
70,Male,White,gender=Male,<=50K,"{""age"": ""43"", ""workclass"": ""Self-emp-not-inc"", ""education"": ""12th"", ""educational-num"": ""8"", ""race"": ""White"", ""capital-gain"": ""0"", ""capital-loss"": ""0"", ""hours-per-week"": ""60"", ""native-country"": ""United-States""}",gender=Male,gender=Male,gender=Male,,gender=Female,gender=Female,gender=Male,0,<=50K | 12th | Self-emp-not-inc,2,2,"{""gender=Female"": ""<=50K"", ""gender=Male"": ""<=50K""}","{""gender=Female"": {""alpha"": 1.0, ""margin"": 0.762277056089924, ""p_observed"": 0.8811385280449618, ""prior_probability"": 0.345565749235474, ""score"": 0.8811385280449618}, ""gender=Male"": {""alpha"": 1.0, ""margin"": 0.47922843261679865, ""p_observed"": 0.7396142163083993, ""prior_probability"": 0.654434250764526, ""score"": 0.7396142163083993}}","{""gender=Female"": {""alpha"": 1.0, ""margin"": 0.762277056089924, ""p_observed"": 0.8811385280449618, ""prior_probability"": 0.345565749235474, ""score"": 0.762277056089924}, ""gender=Male"": {""alpha"": 1.0, ""margin"": 0.47922843261679865, ""p_observed"": 0.7396142163083993, ""prior_probability"": 0.654434250764526, ""score"": 0.47922843261679865}}","{""gender=Female"": {""alpha"": 2.0, ""margin"": 0.762277056089924, ""p_observed"": 0.8811385280449618, ""prior_probability"": 0.345565749235474, ""score"": -1.315653203895308}, ""gender=Male"": {""alpha"": 2.0, ""margin"": 0.47922843261679865, ""p_observed"": 0.7396142163083993, ""prior_probability"": 0.654434250764526, ""score"": -1.027237271947942}}"
71,Male,White,gender=Male,<=50K,"{""age"": ""71"", ""workclass"": ""Self-emp-not-inc"", ""education"": ""7th-8th"", ""educational-num"": ""4"", ""race"": ""White"", ""capital-gain"": ""0"", ""capital-loss"": ""0"", ""hours-per-week"": ""10"", ""native-country"": ""United-States""}",gender=Male,gender=Male,gender=Male,,gender=Female,gender=Female,gender=Male,0,<=50K | 7th-8th | Self-emp-not-inc,2,2,"{""gender=Female"": ""<=50K"", ""gender=Male"": ""<=50K""}","{""gender=Female"": {""alpha"": 1.0, ""margin"": 0.8644145247001064, ""p_observed"": 0.9322072623500531, ""prior_probability"": 0.2653061224489796, ""score"": 0.9322072623500531}, ""gender=Male"": {""alpha"": 1.0, ""margin"": 0.7288981375316392, ""p_observed"": 0.8644490687658196, ""prior_probability"": 0.7346938775510204, ""score"": 0.8644490687658196}}","{""gender=Female"": {""alpha"": 1.0, ""margin"": 0.8644145247001064, ""p_observed"": 0.9322072623500531, ""prior_probability"": 0.2653061224489796, ""score"": 0.8644145247001064}, ""gender=Male"": {""alpha"": 1.0, ""margin"": 0.7288981375316392, ""p_observed"": 0.8644490687658196, ""prior_probability"": 0.7346938775510204, ""score"": 0.7288981375316392}}","{""gender=Female"": {""alpha"": 2.0, ""margin"": 0.8644145247001064, ""p_observed"": 0.9322072623500531, ""prior_probability"": 0.2653061224489796, ""score"": -1.4672711496981843}, ""gender=Male"": {""alpha"": 2.0, ""margin"": 0.7288981375316392, ""p_observed"": 0.8644490687658196, ""prior_probability"": 0.7346938775510204, ""score"": -0.5996271390309159}}"
72,Male,White,gender=Male,>50K,"{""age"": ""52"", ""workclass"": ""Private"", ""education"": ""HS-grad"", ""educational-num"": ""9"", ""race"": ""White"", ""capital-gain"": ""0"", ""capital-loss"": ""1977"", ""hours-per-week"": ""40"", ""native-country"": ""United-States""}",gender=Male,gender=Male,gender=Male,,gender=Male,gender=Male,gender=Male,0,>50K | HS-grad | Private,2,2,"{""gender=Female"": ""<=50K"", ""gender=Male"": "">50K""}","{""gender=Female"": {""alpha"": 1.0, ""margin"": -0.11166979928175391, ""p_observed"": 0.44416510035912304, ""prior_probability"": 0.129565816678153, ""score"": 0.44416510035912304}, ""gender=Male"": {""alpha"": 1.0, ""margin"": 0.22660231819049143, ""p_observed"": 0.6133011590952456, ""prior_probability"": 0.870434183321847, ""score"": 0.6133011590952456}}","{""gender=Female"": {""alpha"": 1.0, ""margin"": -0.11166979928175391, ""p_observed"": 0.44416510035912304, ""prior_probability"": 0.129565816678153, ""score"": -0.11166979928175391}, ""gender=Male"": {""alpha"": 1.0, ""margin"": 0.22660231819049143, ""p_observed"": 0.6133011590952456, ""prior_probability"": 0.870434183321847, ""score"": 0.22660231819049143}}","{""gender=Female"": {""alpha"": 2.0, ""margin"": -0.11166979928175391, ""p_observed"": 0.44416510035912304, ""prior_probability"": 0.129565816678153, ""score"": -3.6666841660791096}, ""gender=Male"": {""alpha"": 2.0, ""margin"": 0.22660231819049143, ""p_observed"": 0.6133011590952456, ""prior_probability"": 0.870434183321847, ""score"": -1.1165614833738295}}"
73,Female,White,gender=Female,<=50K,"{""age"": ""60"", ""workclass"": ""Private"", ""education"": ""Some-college"", ""educational-num"": ""10"", ""race"": ""White"", ""capital-gain"": ""0"", ""capital-loss"": ""0"", ""hours-per-week"": ""70"", ""native-country"": ""United-States""}",gender=Male,gender=Male,gender=Male,,gender=Female,gender=Female,gender=Female,0,<=50K | Some-college | Private,2,2,"{""gender=Female"": ""<=50K"", ""gender=Male"": ""<=50K""}","{""gender=Female"": {""alpha"": 1.0, ""margin"": 0.7240436485401218, ""p_observed"": 0.8620218242700608, ""prior_probability"": 0.44275132275132273, ""score"": 0.8620218242700608}, ""gender=Male"": {""alpha"": 1.0, ""margin"": 0.2856299526458662, ""p_observed"": 0.6428149763229332, ""prior_probability"": 0.5572486772486772, ""score"": 0.6428149763229332}}","{""gender=Female"": {""alpha"": 1.0, ""margin"": 0.7240436485401218, ""p_observed"": 0.8620218242700608, ""prior_probability"": 0.44275132275132273, ""score"": 0.7240436485401218}, ""gender=Male"": {""alpha"": 1.0, ""margin"": 0.2856299526458662, ""p_observed"": 0.6428149763229332, ""prior_probability"": 0.5572486772486772, ""score"": 0.2856299526458662}}","{""gender=Female"": {""alpha"": 2.0, ""margin"": 0.7240436485401218, ""p_observed"": 0.8620218242700608, ""prior_probability"": 0.44275132275132273, ""score"": -1.1116963956634673}, ""gender=Male"": {""alpha"": 2.0, ""margin"": 0.2856299526458662, ""p_observed"": 0.6428149763229332, ""prior_probability"": 0.5572486772486772, ""score"": -1.4685403740652583}}"
74,Male,White,gender=Male,>50K,"{""age"": ""25"", ""workclass"": ""Private"", ""education"": ""Some-college"", ""educational-num"": ""10"", ""race"": ""White"", ""capital-gain"": ""8614"", ""capital-loss"": ""0"", ""hours-per-week"": ""40"", ""native-country"": ""United-States""}",gender=Male,gender=Male,gender=Male,,gender=Male,gender=Male,gender=Male,0,>50K | Some-college | Private,2,2,"{""gender=Female"": "">50K"", ""gender=Male"": "">50K""}","{""gender=Female"": {""alpha"": 1.0, ""margin"": 0.3099201213093511, ""p_observed"": 0.6549600606546755, ""prior_probability"": 0.1390946502057613, ""score"": 0.6549600606546755}, ""gender=Male"": {""alpha"": 1.0, ""margin"": 0.3867335810087801, ""p_observed"": 0.6933667905043901, ""prior_probability"": 0.8609053497942387, ""score"": 0.6933667905043901}}","{""gender=Female"": {""alpha"": 1.0, ""margin"": 0.3099201213093511, ""p_observed"": 0.6549600606546755, ""prior_probability"": 0.1390946502057613, ""score"": 0.3099201213093511}, ""gender=Male"": {""alpha"": 1.0, ""margin"": 0.3867335810087801, ""p_observed"": 0.6933667905043901, ""prior_probability"": 0.8609053497942387, ""score"": 0.3867335810087801}}","{""gender=Female"": {""alpha"": 2.0, ""margin"": 0.3099201213093511, ""p_observed"": 0.6549600606546755, ""prior_probability"": 0.1390946502057613, ""score"": -2.8189626834630457}, ""gender=Male"": {""alpha"": 2.0, ""margin"": 0.3867335810087801, ""p_observed"": 0.6933667905043901, ""prior_probability"": 0.8609053497942387, ""score"": -0.8821629923177124}}"
75,Female,White,gender=Female,<=50K,"{""age"": ""21"", ""workclass"": ""Private"", ""education"": ""Some-college"", ""educational-num"": ""10"", ""race"": ""White"", ""capital-gain"": ""0"", ""capital-loss"": ""0"", ""hours-per-week"": ""49"", ""native-country"": ""United-States""}",gender=Male,gender=Male,gender=Male,,gender=Female,gender=Female,gender=Male,0,<=50K | Some-college | Private,2,2,"{""gender=Female"": ""<=50K"", ""gender=Male"": ""<=50K""}","{""gender=Female"": {""alpha"": 1.0, ""margin"": 0.8794733579073288, ""p_observed"": 0.9397366789536645, ""prior_probability"": 0.44275132275132273, ""score"": 0.9397366789536645}, ""gender=Male"": {""alpha"": 1.0, ""margin"": 0.7590530964670367, ""p_observed"": 0.8795265482335184, ""prior_probability"": 0.5572486772486772, ""score"": 0.8795265482335184}}","{""gender=Female"": {""alpha"": 1.0, ""margin"": 0.8794733579073288, ""p_observed"": 0.9397366789536645, ""prior_probability"": 0.44275132275132273, ""score"": 0.8794733579073288}, ""gender=Male"": {""alpha"": 1.0, ""margin"": 0.7590530964670367, ""p_observed"": 0.8795265482335184, ""prior_probability"": 0.5572486772486772, ""score"": 0.7590530964670367}}","{""gender=Female"": {""alpha"": 2.0, ""margin"": 0.8794733579073288, ""p_observed"": 0.9397366789536645, ""prior_probability"": 0.44275132275132273, ""score"": -0.9390581582113865}, ""gender=Male"": {""alpha"": 2.0, ""margin"": 0.7590530964670367, ""p_observed"": 0.8795265482335184, ""prior_probability"": 0.5572486772486772, ""score"": -0.8414867397555582}}"
76,Male,White,gender=Male,>50K,"{""age"": ""35"", ""workclass"": ""Private"", ""education"": ""Assoc-voc"", ""educational-num"": ""11"", ""race"": ""White"", ""capital-gain"": ""0"", ""capital-loss"": ""0"", ""hours-per-week"": ""40"", ""native-country"": ""United-States""}",gender=Male,gender=Male,gender=Male,,gender=Male,gender=Male,gender=Male,0,>50K | Assoc-voc | Private,2,2,"{""gender=Female"": ""<=50K"", ""gender=Male"": ""<=50K""}","{""gender=Female"": {""alpha"": 1.0, ""margin"": -0.774667836364518, ""p_observed"": 0.1126660818177411, ""prior_probability"": 0.18211920529801323, ""score"": 0.1126660818177411}, ""gender=Male"": {""alpha"": 1.0, ""margin"": -0.5137421428949869, ""p_observed"": 0.24312892855250673, ""prior_probability"": 0.8178807947019867, ""score"": 0.24312892855250673}}","{""gender=Female"": {""alpha"": 1.0, ""margin"": -0.774667836364518, ""p_observed"": 0.1126660818177411, ""prior_probability"": 0.18211920529801323, ""score"": -0.774667836364518}, ""gender=Male"": {""alpha"": 1.0, ""margin"": -0.5137421428949869, ""p_observed"": 0.24312892855250673, ""prior_probability"": 0.8178807947019867, ""score"": -0.5137421428949869}}","{""gender=Female"": {""alpha"": 2.0, ""margin"": -0.774667836364518, ""p_observed"": 0.1126660818177411, ""prior_probability"": 0.18211920529801323, ""score"": -6.069747558437391}, ""gender=Male"": {""alpha"": 2.0, ""margin"": -0.5137421428949869, ""p_observed"": 0.24312892855250673, ""prior_probability"": 0.8178807947019867, ""score"": -3.0293654930853986}}"
77,Male,White,gender=Male,<=50K,"{""age"": ""31"", ""workclass"": ""Local-gov"", ""education"": ""10th"", ""educational-num"": ""6"", ""race"": ""White"", ""capital-gain"": ""0"", ""capital-loss"": ""1741"", ""hours-per-week"": ""40"", ""native-country"": ""United-States""}",gender=Male,gender=Male,gender=Male,,gender=Female,gender=Female,gender=Male,0,<=50K | 10th | Local-gov,2,2,"{""gender=Female"": ""<=50K"", ""gender=Male"": ""<=50K""}","{""gender=Female"": {""alpha"": 1.0, ""margin"": 0.8749513850234373, ""p_observed"": 0.9374756925117186, ""prior_probability"": 0.3323572474377745, ""score"": 0.9374756925117186}, ""gender=Male"": {""alpha"": 1.0, ""margin"": 0.6985649091024962, ""p_observed"": 0.8492824545512481, ""prior_probability"": 0.6676427525622255, ""score"": 0.8492824545512481}}","{""gender=Female"": {""alpha"": 1.0, ""margin"": 0.8749513850234373, ""p_observed"": 0.9374756925117186, ""prior_probability"": 0.3323572474377745, ""score"": 0.8749513850234373}, ""gender=Male"": {""alpha"": 1.0, ""margin"": 0.6985649091024962, ""p_observed"": 0.8492824545512481, ""prior_probability"": 0.6676427525622255, ""score"": 0.6985649091024962}}","{""gender=Female"": {""alpha"": 2.0, ""margin"": 0.8749513850234373, ""p_observed"": 0.9374756925117186, ""prior_probability"": 0.3323572474377745, ""score"": -1.2306737410118023}, ""gender=Male"": {""alpha"": 2.0, ""margin"": 0.6985649091024962, ""p_observed"": 0.8492824545512481, ""prior_probability"": 0.6676427525622255, ""score"": -0.7307289643104903}}"
78,Female,White,gender=Female,>50K,"{""age"": ""41"", ""workclass"": ""Private"", ""education"": ""Masters"", ""educational-num"": ""14"", ""race"": ""White"", ""capital-gain"": ""0"", ""capital-loss"": ""0"", ""hours-per-week"": ""50"", ""native-country"": ""United-States""}",gender=Male,gender=Male,gender=Male,,gender=Male,gender=Male,gender=Male,0,>50K | Masters | Private,2,2,"{""gender=Female"": ""<=50K"", ""gender=Male"": "">50K""}","{""gender=Female"": {""alpha"": 1.0, ""margin"": -0.20436811695366985, ""p_observed"": 0.39781594152316513, ""prior_probability"": 0.18875, ""score"": 0.39781594152316513}, ""gender=Male"": {""alpha"": 1.0, ""margin"": 0.34629964886877, ""p_observed"": 0.673149824434385, ""prior_probability"": 0.81125, ""score"": 0.673149824434385}}","{""gender=Female"": {""alpha"": 1.0, ""margin"": -0.20436811695366985, ""p_observed"": 0.39781594152316513, ""prior_probability"": 0.18875, ""score"": -0.20436811695366985}, ""gender=Male"": {""alpha"": 1.0, ""margin"": 0.34629964886877, ""p_observed"": 0.673149824434385, ""prior_probability"": 0.81125, ""score"": 0.34629964886877}}","{""gender=Female"": {""alpha"": 2.0, ""margin"": -0.20436811695366985, ""p_observed"": 0.39781594152316513, ""prior_probability"": 0.18875, ""score"": -3.5108635691512307}, ""gender=Male"": {""alpha"": 2.0, ""margin"": 0.34629964886877, ""p_observed"": 0.673149824434385, ""prior_probability"": 0.81125, ""score"": -1.0007537157017428}}"
79,Male,White,gender=Male,<=50K,"{""age"": ""27"", ""workclass"": ""Private"", ""education"": ""HS-grad"", ""educational-num"": ""9"", ""race"": ""White"", ""capital-gain"": ""0"", ""capital-loss"": ""0"", ""hours-per-week"": ""40"", ""native-country"": ""United-States""}",gender=Male,gender=Male,gender=Male,,gender=Female,gender=Female,gender=Male,0,<=50K | HS-grad | Private,2,2,"{""gender=Female"": ""<=50K"", ""gender=Male"": ""<=50K""}","{""gender=Female"": {""alpha"": 1.0, ""margin"": 0.917475587486382, ""p_observed"": 0.958737793743191, ""prior_probability"": 0.3531869020347662, ""score"": 0.958737793743191}, ""gender=Male"": {""alpha"": 1.0, ""margin"": 0.826030873098181, ""p_observed"": 0.9130154365490905, ""prior_probability"": 0.6468130979652338, ""score"": 0.9130154365490905}}","{""gender=Female"": {""alpha"": 1.0, ""margin"": 0.917475587486382, ""p_observed"": 0.958737793743191, ""prior_probability"": 0.3531869020347662, ""score"": 0.917475587486382}, ""gender=Male"": {""alpha"": 1.0, ""margin"": 0.826030873098181, ""p_observed"": 0.9130154365490905, ""prior_probability"": 0.6468130979652338, ""score"": 0.826030873098181}}","{""gender=Female"": {""alpha"": 2.0, ""margin"": 0.917475587486382, ""p_observed"": 0.958737793743191, ""prior_probability"": 0.3531869020347662, ""score"": -1.1250332102666063}, ""gender=Male"": {""alpha"": 2.0, ""margin"": 0.826030873098181, ""p_observed"": 0.9130154365490905, ""prior_probability"": 0.6468130979652338, ""score"": -0.6177028831308649}}"
80,Male,White,gender=Male,<=50K,"{""age"": ""58"", ""workclass"": ""Local-gov"", ""education"": ""HS-grad"", ""educational-num"": ""9"", ""race"": ""White"", ""capital-gain"": ""3908"", ""capital-loss"": ""0"", ""hours-per-week"": ""40"", ""native-country"": ""United-States""}",gender=Male,gender=Male,gender=Male,,gender=Female,gender=Female,gender=Male,0,<=50K | HS-grad | Local-gov,2,2,"{""gender=Female"": ""<=50K"", ""gender=Male"": ""<=50K""}","{""gender=Female"": {""alpha"": 1.0, ""margin"": 0.8112098058592082, ""p_observed"": 0.9056049029296039, ""prior_probability"": 0.3531869020347662, ""score"": 0.9056049029296039}, ""gender=Male"": {""alpha"": 1.0, ""margin"": 0.5227949607047704, ""p_observed"": 0.7613974803523852, ""prior_probability"": 0.6468130979652338, ""score"": 0.7613974803523852}}","{""gender=Female"": {""alpha"": 1.0, ""margin"": 0.8112098058592082, ""p_observed"": 0.9056049029296039, ""prior_probability"": 0.3531869020347662, ""score"": 0.8112098058592082}, ""gender=Male"": {""alpha"": 1.0, ""margin"": 0.5227949607047704, ""p_observed"": 0.7613974803523852, ""prior_probability"": 0.6468130979652338, ""score"": 0.5227949607047704}}","{""gender=Female"": {""alpha"": 2.0, ""margin"": 0.8112098058592082, ""p_observed"": 0.9056049029296039, ""prior_probability"": 0.3531869020347662, ""score"": -1.239062209717732}, ""gender=Male"": {""alpha"": 2.0, ""margin"": 0.5227949607047704, ""p_observed"": 0.7613974803523852, ""prior_probability"": 0.6468130979652338, ""score"": -0.9808973896123009}}"
81,Female,White,gender=Female,<=50K,"{""age"": ""22"", ""workclass"": ""Private"", ""education"": ""Some-college"", ""educational-num"": ""10"", ""race"": ""White"", ""capital-gain"": ""0"", ""capital-loss"": ""0"", ""hours-per-week"": ""40"", ""native-country"": ""United-States""}",gender=Male,gender=Male,gender=Male,,gender=Female,gender=Female,gender=Male,0,<=50K | Some-college | Private,2,2,"{""gender=Female"": ""<=50K"", ""gender=Male"": ""<=50K""}","{""gender=Female"": {""alpha"": 1.0, ""margin"": 0.9289899602865237, ""p_observed"": 0.9644949801432618, ""prior_probability"": 0.44275132275132273, ""score"": 0.9644949801432618}, ""gender=Male"": {""alpha"": 1.0, ""margin"": 0.8539044089424415, ""p_observed"": 0.9269522044712207, ""prior_probability"": 0.5572486772486772, ""score"": 0.9269522044712207}}","{""gender=Female"": {""alpha"": 1.0, ""margin"": 0.9289899602865237, ""p_observed"": 0.9644949801432618, ""prior_probability"": 0.44275132275132273, ""score"": 0.9289899602865237}, ""gender=Male"": {""alpha"": 1.0, ""margin"": 0.8539044089424415, ""p_observed"": 0.9269522044712207, ""prior_probability"": 0.5572486772486772, ""score"": 0.8539044089424415}}","{""gender=Female"": {""alpha"": 2.0, ""margin"": 0.9289899602865237, ""p_observed"": 0.9644949801432618, ""prior_probability"": 0.44275132275132273, ""score"": -0.8870483172843758}, ""gender=Male"": {""alpha"": 2.0, ""margin"": 0.8539044089424415, ""p_observed"": 0.9269522044712207, ""prior_probability"": 0.5572486772486772, ""score"": -0.7364502286469996}}"
82,Male,White,gender=Male,>50K,"{""age"": ""42"", ""workclass"": ""Private"", ""education"": ""Bachelors"", ""educational-num"": ""13"", ""race"": ""White"", ""capital-gain"": ""0"", ""capital-loss"": ""0"", ""hours-per-week"": ""45"", ""native-country"": ""United-States""}",gender=Male,gender=Male,gender=Male,,gender=Male,gender=Male,gender=Male,0,>50K | Bachelors | Private,2,2,"{""gender=Female"": ""<=50K"", ""gender=Male"": "">50K""}","{""gender=Female"": {""alpha"": 1.0, ""margin"": -0.43329788020097176, ""p_observed"": 0.2833510598995142, ""prior_probability"": 0.15218508997429306, ""score"": 0.2833510598995142}, ""gender=Male"": {""alpha"": 1.0, ""margin"": 0.19450276356985768, ""p_observed"": 0.5972513817849289, ""prior_probability"": 0.847814910025707, ""score"": 0.5972513817849289}}","{""gender=Female"": {""alpha"": 1.0, ""margin"": -0.43329788020097176, ""p_observed"": 0.2833510598995142, ""prior_probability"": 0.15218508997429306, ""score"": -0.43329788020097176}, ""gender=Male"": {""alpha"": 1.0, ""margin"": 0.19450276356985768, ""p_observed"": 0.5972513817849289, ""prior_probability"": 0.847814910025707, ""score"": 0.19450276356985768}}","{""gender=Female"": {""alpha"": 2.0, ""margin"": -0.43329788020097176, ""p_observed"": 0.2833510598995142, ""prior_probability"": 0.15218508997429306, ""score"": -4.404795113271938}, ""gender=Male"": {""alpha"": 2.0, ""margin"": 0.19450276356985768, ""p_observed"": 0.5972513817849289, ""prior_probability"": 0.847814910025707, ""score"": -1.195927291893168}}"
83,Male,White,gender=Male,<=50K,"{""age"": ""36"", ""workclass"": ""Self-emp-not-inc"", ""education"": ""7th-8th"", ""educational-num"": ""4"", ""race"": ""White"", ""capital-gain"": ""0"", ""capital-loss"": ""0"", ""hours-per-week"": ""75"", ""native-country"": ""United-States""}",gender=Male,gender=Male,gender=Male,,gender=Female,gender=Female,gender=Male,0,<=50K | 7th-8th | Self-emp-not-inc,2,2,"{""gender=Female"": ""<=50K"", ""gender=Male"": ""<=50K""}","{""gender=Female"": {""alpha"": 1.0, ""margin"": 0.8309485855249455, ""p_observed"": 0.9154742927624726, ""prior_probability"": 0.2653061224489796, ""score"": 0.9154742927624726}, ""gender=Male"": {""alpha"": 1.0, ""margin"": 0.5793120538493162, ""p_observed"": 0.789656026924658, ""prior_probability"": 0.7346938775510204, ""score"": 0.789656026924658}}","{""gender=Female"": {""alpha"": 1.0, ""margin"": 0.8309485855249455, ""p_observed"": 0.9154742927624726, ""prior_probability"": 0.2653061224489796, ""score"": 0.8309485855249455}, ""gender=Male"": {""alpha"": 1.0, ""margin"": 0.5793120538493162, ""p_observed"": 0.789656026924658, ""prior_probability"": 0.7346938775510204, ""score"": 0.5793120538493162}}","{""gender=Female"": {""alpha"": 2.0, ""margin"": 0.8309485855249455, ""p_observed"": 0.9154742927624726, ""prior_probability"": 0.2653061224489796, ""score"": -1.5034969311673323}, ""gender=Male"": {""alpha"": 2.0, ""margin"": 0.5793120538493162, ""p_observed"": 0.789656026924658, ""prior_probability"": 0.7346938775510204, ""score"": -0.7806170342449218}}"
84,Male,White,gender=Male,>50K,"{""age"": ""52"", ""workclass"": ""Federal-gov"", ""education"": ""HS-grad"", ""educational-num"": ""9"", ""race"": ""White"", ""capital-gain"": ""7298"", ""capital-loss"": ""0"", ""hours-per-week"": ""40"", ""native-country"": ""United-States""}",gender=Male,gender=Male,gender=Male,,gender=Male,gender=Male,gender=Male,0,>50K | HS-grad | Federal-gov,2,2,"{""gender=Female"": "">50K"", ""gender=Male"": "">50K""}","{""gender=Female"": {""alpha"": 1.0, ""margin"": 0.3102547317412459, ""p_observed"": 0.6551273658706228, ""prior_probability"": 0.129565816678153, ""score"": 0.6551273658706228}, ""gender=Male"": {""alpha"": 1.0, ""margin"": 0.6035056210259422, ""p_observed"": 0.801752810512971, ""prior_probability"": 0.870434183321847, ""score"": 0.801752810512971}}","{""gender=Female"": {""alpha"": 1.0, ""margin"": 0.3102547317412459, ""p_observed"": 0.6551273658706228, ""prior_probability"": 0.129565816678153, ""score"": 0.3102547317412459}, ""gender=Male"": {""alpha"": 1.0, ""margin"": 0.6035056210259422, ""p_observed"": 0.801752810512971, ""prior_probability"": 0.870434183321847, ""score"": 0.6035056210259422}}","{""gender=Female"": {""alpha"": 2.0, ""margin"": 0.3102547317412459, ""p_observed"": 0.6551273658706228, ""prior_probability"": 0.129565816678153, ""score"": -2.8894175111328266}, ""gender=Male"": {""alpha"": 2.0, ""margin"": 0.6035056210259422, ""p_observed"": 0.801752810512971, ""prior_probability"": 0.870434183321847, ""score"": -0.5806730004177475}}"
85,Male,White,gender=Male,>50K,"{""age"": ""60"", ""workclass"": ""Self-emp-inc"", ""education"": ""Prof-school"", ""educational-num"": ""15"", ""race"": ""White"", ""capital-gain"": ""0"", ""capital-loss"": ""2415"", ""hours-per-week"": ""80"", ""native-country"": ""United-States""}",gender=Male,gender=Male,gender=Male,,gender=Male,gender=Male,gender=Male,0,>50K | Prof-school | Self-emp-inc,2,2,"{""gender=Female"": "">50K"", ""gender=Male"": "">50K""}","{""gender=Female"": {""alpha"": 1.0, ""margin"": 0.5244784749602727, ""p_observed"": 0.7622392374801363, ""prior_probability"": 0.10638297872340426, ""score"": 0.7622392374801363}, ""gender=Male"": {""alpha"": 1.0, ""margin"": 0.6959238607293119, ""p_observed"": 0.847961930364656, ""prior_probability"": 0.8936170212765957, ""score"": 0.847961930364656}}","{""gender=Female"": {""alpha"": 1.0, ""margin"": 0.5244784749602727, ""p_observed"": 0.7622392374801363, ""prior_probability"": 0.10638297872340426, ""score"": 0.5244784749602727}, ""gender=Male"": {""alpha"": 1.0, ""margin"": 0.6959238607293119, ""p_observed"": 0.847961930364656, ""prior_probability"": 0.8936170212765957, ""score"": 0.6959238607293119}}","{""gender=Female"": {""alpha"": 2.0, ""margin"": 0.5244784749602727, ""p_observed"": 0.7622392374801363, ""prior_probability"": 0.10638297872340426, ""score"": -2.783699314521791}, ""gender=Male"": {""alpha"": 2.0, ""margin"": 0.6959238607293119, ""p_observed"": 0.847961930364656, ""prior_probability"": 0.8936170212765957, ""score"": -0.44231705869845084}}"
86,Male,White,gender=Male,>50K,"{""age"": ""31"", ""workclass"": ""Private"", ""education"": ""HS-grad"", ""educational-num"": ""9"", ""race"": ""White"", ""capital-gain"": ""0"", ""capital-loss"": ""0"", ""hours-per-week"": ""40"", ""native-country"": ""Mexico""}",gender=Male,gender=Male,gender=Male,,gender=Male,gender=Male,gender=Male,0,>50K | HS-grad | Private,2,2,"{""gender=Female"": ""<=50K"", ""gender=Male"": ""<=50K""}","{""gender=Female"": {""alpha"": 1.0, ""margin"": -0.8848498933736039, ""p_observed"": 0.05757505331319794, ""prior_probability"": 0.129565816678153, ""score"": 0.05757505331319794}, ""gender=Male"": {""alpha"": 1.0, ""margin"": -0.789520260197502, ""p_observed"": 0.1052398699012489, ""prior_probability"": 0.870434183321847, ""score"": 0.1052398699012489}}","{""gender=Female"": {""alpha"": 1.0, ""margin"": -0.8848498933736039, ""p_observed"": 0.05757505331319794, ""prior_probability"": 0.129565816678153, ""score"": -0.8848498933736039}, ""gender=Male"": {""alpha"": 1.0, ""margin"": -0.789520260197502, ""p_observed"": 0.1052398699012489, ""prior_probability"": 0.870434183321847, ""score"": -0.789520260197502}}","{""gender=Female"": {""alpha"": 2.0, ""margin"": -0.8848498933736039, ""p_observed"": 0.05757505331319794, ""prior_probability"": 0.129565816678153, ""score"": -7.752898104649366}, ""gender=Male"": {""alpha"": 2.0, ""margin"": -0.789520260197502, ""p_observed"": 0.1052398699012489, ""prior_probability"": 0.870434183321847, ""score"": -4.641789248575519}}"
87,Female,Black,gender=Female,<=50K,"{""age"": ""47"", ""workclass"": ""Private"", ""education"": ""HS-grad"", ""educational-num"": ""9"", ""race"": ""Black"", ""capital-gain"": ""0"", ""capital-loss"": ""0"", ""hours-per-week"": ""55"", ""native-country"": ""United-States""}",gender=Male,gender=Male,gender=Male,,gender=Female,gender=Female,gender=Male,0,<=50K | HS-grad | Private,2,2,"{""gender=Female"": ""<=50K"", ""gender=Male"": ""<=50K""}","{""gender=Female"": {""alpha"": 1.0, ""margin"": 0.83461058238627, ""p_observed"": 0.917305291193135, ""prior_probability"": 0.3531869020347662, ""score"": 0.917305291193135}, ""gender=Male"": {""alpha"": 1.0, ""margin"": 0.49111393651640994, ""p_observed"": 0.745556968258205, ""prior_probability"": 0.6468130979652338, ""score"": 0.745556968258205}}","{""gender=Female"": {""alpha"": 1.0, ""margin"": 0.83461058238627, ""p_observed"": 0.917305291193135, ""prior_probability"": 0.3531869020347662, ""score"": 0.83461058238627}, ""gender=Male"": {""alpha"": 1.0, ""margin"": 0.49111393651640994, ""p_observed"": 0.745556968258205, ""prior_probability"": 0.6468130979652338, ""score"": 0.49111393651640994}}","{""gender=Female"": {""alpha"": 2.0, ""margin"": 0.83461058238627, ""p_observed"": 0.917305291193135, ""prior_probability"": 0.3531869020347662, ""score"": -1.213387771162307}, ""gender=Male"": {""alpha"": 2.0, ""margin"": 0.49111393651640994, ""p_observed"": 0.745556968258205, ""prior_probability"": 0.6468130979652338, ""score"": -1.022945364118664}}"
88,Male,Black,gender=Male,>50K,"{""age"": ""46"", ""workclass"": ""Private"", ""education"": ""HS-grad"", ""educational-num"": ""9"", ""race"": ""Black"", ""capital-gain"": ""4386"", ""capital-loss"": ""0"", ""hours-per-week"": ""40"", ""native-country"": ""United-States""}",gender=Male,gender=Male,gender=Male,,gender=Male,gender=Male,gender=Male,0,>50K | HS-grad | Private,2,2,"{""gender=Female"": ""<=50K"", ""gender=Male"": ""<=50K""}","{""gender=Female"": {""alpha"": 1.0, ""margin"": -0.8328856255947188, ""p_observed"": 0.08355718720264056, ""prior_probability"": 0.129565816678153, ""score"": 0.08355718720264056}, ""gender=Male"": {""alpha"": 1.0, ""margin"": -0.572312017339174, ""p_observed"": 0.21384399133041304, ""prior_probability"": 0.870434183321847, ""score"": 0.21384399133041304}}","{""gender=Female"": {""alpha"": 1.0, ""margin"": -0.8328856255947188, ""p_observed"": 0.08355718720264056, ""prior_probability"": 0.129565816678153, ""score"": -0.8328856255947188}, ""gender=Male"": {""alpha"": 1.0, ""margin"": -0.572312017339174, ""p_observed"": 0.21384399133041304, ""prior_probability"": 0.870434183321847, ""score"": -0.572312017339174}}","{""gender=Female"": {""alpha"": 2.0, ""margin"": -0.8328856255947188, ""p_observed"": 0.08355718720264056, ""prior_probability"": 0.129565816678153, ""score"": -7.0080142997902435}, ""gender=Male"": {""alpha"": 2.0, ""margin"": -0.572312017339174, ""p_observed"": 0.21384399133041304, ""prior_probability"": 0.870434183321847, ""score"": -3.2237802151213018}}"
89,Male,White,gender=Male,<=50K,"{""age"": ""32"", ""workclass"": ""Private"", ""education"": ""7th-8th"", ""educational-num"": ""4"", ""race"": ""White"", ""capital-gain"": ""0"", ""capital-loss"": ""0"", ""hours-per-week"": ""35"", ""native-country"": ""Mexico""}",gender=Male,gender=Male,gender=Male,,gender=Female,gender=Female,gender=Male,0,<=50K | 7th-8th | Private,2,2,"{""gender=Female"": ""<=50K"", ""gender=Male"": ""<=50K""}","{""gender=Female"": {""alpha"": 1.0, ""margin"": 0.9009419249372123, ""p_observed"": 0.950470962468606, ""prior_probability"": 0.2653061224489796, ""score"": 0.950470962468606}, ""gender=Male"": {""alpha"": 1.0, ""margin"": 0.8259551279644949, ""p_observed"": 0.9129775639822473, ""prior_probability"": 0.7346938775510204, ""score"": 0.9129775639822473}}","{""gender=Female"": {""alpha"": 1.0, ""margin"": 0.9009419249372123, ""p_observed"": 0.950470962468606, ""prior_probability"": 0.2653061224489796, ""score"": 0.9009419249372123}, ""gender=Male"": {""alpha"": 1.0, ""margin"": 0.8259551279644949, ""p_observed"": 0.9129775639822473, ""prior_probability"": 0.7346938775510204, ""score"": 0.8259551279644949}}","{""gender=Female"": {""alpha"": 2.0, ""margin"": 0.9009419249372123, ""p_observed"": 0.950470962468606, ""prior_probability"": 0.2653061224489796, ""score"": -1.428466275177117}, ""gender=Male"": {""alpha"": 2.0, ""margin"": 0.8259551279644949, ""p_observed"": 0.9129775639822473, ""prior_probability"": 0.7346938775510204, ""score"": -0.49038930493581545}}"
90,Male,White,gender=Male,<=50K,"{""age"": ""40"", ""workclass"": ""Private"", ""education"": ""HS-grad"", ""educational-num"": ""9"", ""race"": ""White"", ""capital-gain"": ""0"", ""capital-loss"": ""0"", ""hours-per-week"": ""40"", ""native-country"": ""United-States""}",gender=Male,gender=Male,gender=Male,,gender=Female,gender=Female,gender=Male,0,<=50K | HS-grad | Private,2,2,"{""gender=Female"": ""<=50K"", ""gender=Male"": ""<=50K""}","{""gender=Female"": {""alpha"": 1.0, ""margin"": 0.809621210804284, ""p_observed"": 0.9048106054021419, ""prior_probability"": 0.3531869020347662, ""score"": 0.9048106054021419}, ""gender=Male"": {""alpha"": 1.0, ""margin"": 0.5230050603440359, ""p_observed"": 0.761502530172018, ""prior_probability"": 0.6468130979652338, ""score"": 0.761502530172018}}","{""gender=Female"": {""alpha"": 1.0, ""margin"": 0.809621210804284, ""p_observed"": 0.9048106054021419, ""prior_probability"": 0.3531869020347662, ""score"": 0.809621210804284}, ""gender=Male"": {""alpha"": 1.0, ""margin"": 0.5230050603440359, ""p_observed"": 0.761502530172018, ""prior_probability"": 0.6468130979652338, ""score"": 0.5230050603440359}}","{""gender=Female"": {""alpha"": 2.0, ""margin"": 0.809621210804284, ""p_observed"": 0.9048106054021419, ""prior_probability"": 0.3531869020347662, ""score"": -1.2408171606110967}, ""gender=Male"": {""alpha"": 2.0, ""margin"": 0.5230050603440359, ""p_observed"": 0.761502530172018, ""prior_probability"": 0.6468130979652338, ""score"": -0.9806214691472056}}"
91,Male,White,gender=Male,>50K,"{""age"": ""32"", ""workclass"": ""Private"", ""education"": ""HS-grad"", ""educational-num"": ""9"", ""race"": ""White"", ""capital-gain"": ""7298"", ""capital-loss"": ""0"", ""hours-per-week"": ""46"", ""native-country"": ""United-States""}",gender=Male,gender=Male,gender=Male,,gender=Male,gender=Male,gender=Male,0,>50K | HS-grad | Private,2,2,"{""gender=Female"": "">50K"", ""gender=Male"": "">50K""}","{""gender=Female"": {""alpha"": 1.0, ""margin"": 0.20379443374311618, ""p_observed"": 0.6018972168715582, ""prior_probability"": 0.129565816678153, ""score"": 0.6018972168715582}, ""gender=Male"": {""alpha"": 1.0, ""margin"": 0.6562965125201649, ""p_observed"": 0.8281482562600825, ""prior_probability"": 0.870434183321847, ""score"": 0.8281482562600825}}","{""gender=Female"": {""alpha"": 1.0, ""margin"": 0.20379443374311618, ""p_observed"": 0.6018972168715582, ""prior_probability"": 0.129565816678153, ""score"": 0.20379443374311618}, ""gender=Male"": {""alpha"": 1.0, ""margin"": 0.6562965125201649, ""p_observed"": 0.8281482562600825, ""prior_probability"": 0.870434183321847, ""score"": 0.6562965125201649}}","{""gender=Female"": {""alpha"": 2.0, ""margin"": 0.20379443374311618, ""p_observed"": 0.6018972168715582, ""prior_probability"": 0.129565816678153, ""score"": -3.0589034587425172}, ""gender=Male"": {""alpha"": 2.0, ""margin"": 0.6562965125201649, ""p_observed"": 0.8281482562600825, ""prior_probability"": 0.870434183321847, ""score"": -0.5158893048753527}}"
92,Male,Black,gender=Male,<=50K,"{""age"": ""21"", ""workclass"": ""Private"", ""education"": ""HS-grad"", ""educational-num"": ""9"", ""race"": ""Black"", ""capital-gain"": ""0"", ""capital-loss"": ""0"", ""hours-per-week"": ""40"", ""native-country"": ""United-States""}",gender=Male,gender=Male,gender=Male,,gender=Female,gender=Female,gender=Male,0,<=50K | HS-grad | Private,2,2,"{""gender=Female"": ""<=50K"", ""gender=Male"": ""<=50K""}","{""gender=Female"": {""alpha"": 1.0, ""margin"": 0.9664678456925763, ""p_observed"": 0.9832339228462882, ""prior_probability"": 0.3531869020347662, ""score"": 0.9832339228462882}, ""gender=Male"": {""alpha"": 1.0, ""margin"": 0.9080835499094718, ""p_observed"": 0.9540417749547359, ""prior_probability"": 0.6468130979652338, ""score"": 0.9540417749547359}}","{""gender=Female"": {""alpha"": 1.0, ""margin"": 0.9664678456925763, ""p_observed"": 0.9832339228462882, ""prior_probability"": 0.3531869020347662, ""score"": 0.9664678456925763}, ""gender=Male"": {""alpha"": 1.0, ""margin"": 0.9080835499094718, ""p_observed"": 0.9540417749547359, ""prior_probability"": 0.6468130979652338, ""score"": 0.9080835499094718}}","{""gender=Female"": {""alpha"": 2.0, ""margin"": 0.9664678456925763, ""p_observed"": 0.9832339228462882, ""prior_probability"": 0.3531869020347662, ""score"": -1.0745743323215693}, ""gender=Male"": {""alpha"": 2.0, ""margin"": 0.9080835499094718, ""p_observed"": 0.9540417749547359, ""prior_probability"": 0.6468130979652338, ""score"": -0.5297935395378369}}"
93,Female,White,gender=Female,<=50K,"{""age"": ""33"", ""workclass"": ""Private"", ""education"": ""HS-grad"", ""educational-num"": ""9"", ""race"": ""White"", ""capital-gain"": ""0"", ""capital-loss"": ""0"", ""hours-per-week"": ""40"", ""native-country"": ""United-States""}",gender=Male,gender=Male,gender=Male,,gender=Female,gender=Female,gender=Male,0,<=50K | HS-grad | Private,2,2,"{""gender=Female"": ""<=50K"", ""gender=Male"": ""<=50K""}","{""gender=Female"": {""alpha"": 1.0, ""margin"": 0.8594244038519584, ""p_observed"": 0.929712201925979, ""prior_probability"": 0.3531869020347662, ""score"": 0.929712201925979}, ""gender=Male"": {""alpha"": 1.0, ""margin"": 0.6679252396455263, ""p_observed"": 0.8339626198227631, ""prior_probability"": 0.6468130979652338, ""score"": 0.8339626198227631}}","{""gender=Female"": {""alpha"": 1.0, ""margin"": 0.8594244038519584, ""p_observed"": 0.929712201925979, ""prior_probability"": 0.3531869020347662, ""score"": 0.8594244038519584}, ""gender=Male"": {""alpha"": 1.0, ""margin"": 0.6679252396455263, ""p_observed"": 0.8339626198227631, ""prior_probability"": 0.6468130979652338, ""score"": 0.6679252396455263}}","{""gender=Female"": {""alpha"": 2.0, ""margin"": 0.8594244038519584, ""p_observed"": 0.929712201925979, ""prior_probability"": 0.3531869020347662, ""score"": -1.186518296691126}, ""gender=Male"": {""alpha"": 2.0, ""margin"": 0.6679252396455263, ""p_observed"": 0.8339626198227631, ""prior_probability"": 0.6468130979652338, ""score"": -0.7988312970426545}}"
94,Male,White,gender=Male,<=50K,"{""age"": ""40"", ""workclass"": ""Private"", ""education"": ""HS-grad"", ""educational-num"": ""9"", ""race"": ""White"", ""capital-gain"": ""0"", ""capital-loss"": ""0"", ""hours-per-week"": ""20"", ""native-country"": ""United-States""}",gender=Male,gender=Male,gender=Male,,gender=Female,gender=Female,gender=Male,0,<=50K | HS-grad | Private,2,2,"{""gender=Female"": ""<=50K"", ""gender=Male"": ""<=50K""}","{""gender=Female"": {""alpha"": 1.0, ""margin"": 0.8460420042463929, ""p_observed"": 0.9230210021231965, ""prior_probability"": 0.3531869020347662, ""score"": 0.9230210021231965}, ""gender=Male"": {""alpha"": 1.0, ""margin"": 0.6628471002648845, ""p_observed"": 0.8314235501324422, ""prior_probability"": 0.6468130979652338, ""score"": 0.8314235501324422}}","{""gender=Female"": {""alpha"": 1.0, ""margin"": 0.8460420042463929, ""p_observed"": 0.9230210021231965, ""prior_probability"": 0.3531869020347662, ""score"": 0.8460420042463929}, ""gender=Male"": {""alpha"": 1.0, ""margin"": 0.6628471002648845, ""p_observed"": 0.8314235501324422, ""prior_probability"": 0.6468130979652338, ""score"": 0.6628471002648845}}","{""gender=Female"": {""alpha"": 2.0, ""margin"": 0.8460420042463929, ""p_observed"": 0.9230210021231965, ""prior_probability"": 0.3531869020347662, ""score"": -1.2009644757304174}, ""gender=Male"": {""alpha"": 2.0, ""margin"": 0.6628471002648845, ""p_observed"": 0.8314235501324422, ""prior_probability"": 0.6468130979652338, ""score"": -0.8049297544537702}}"
95,Male,White,gender=Male,<=50K,"{""age"": ""48"", ""workclass"": ""Private"", ""education"": ""HS-grad"", ""educational-num"": ""9"", ""race"": ""White"", ""capital-gain"": ""0"", ""capital-loss"": ""0"", ""hours-per-week"": ""40"", ""native-country"": ""United-States""}",gender=Male,gender=Male,gender=Male,,gender=Female,gender=Female,gender=Male,0,<=50K | HS-grad | Private,2,2,"{""gender=Female"": ""<=50K"", ""gender=Male"": ""<=50K""}","{""gender=Female"": {""alpha"": 1.0, ""margin"": 0.809621210804284, ""p_observed"": 0.9048106054021419, ""prior_probability"": 0.3531869020347662, ""score"": 0.9048106054021419}, ""gender=Male"": {""alpha"": 1.0, ""margin"": 0.5144845362736291, ""p_observed"": 0.7572422681368145, ""prior_probability"": 0.6468130979652338, ""score"": 0.7572422681368145}}","{""gender=Female"": {""alpha"": 1.0, ""margin"": 0.809621210804284, ""p_observed"": 0.9048106054021419, ""prior_probability"": 0.3531869020347662, ""score"": 0.809621210804284}, ""gender=Male"": {""alpha"": 1.0, ""margin"": 0.5144845362736291, ""p_observed"": 0.7572422681368145, ""prior_probability"": 0.6468130979652338, ""score"": 0.5144845362736291}}","{""gender=Female"": {""alpha"": 2.0, ""margin"": 0.809621210804284, ""p_observed"": 0.9048106054021419, ""prior_probability"": 0.3531869020347662, ""score"": -1.2408171606110967}, ""gender=Male"": {""alpha"": 2.0, ""margin"": 0.5144845362736291, ""p_observed"": 0.7572422681368145, ""prior_probability"": 0.6468130979652338, ""score"": -0.9918419802277827}}"
96,Male,White,gender=Male,<=50K,"{""age"": ""27"", ""workclass"": ""Private"", ""education"": ""HS-grad"", ""educational-num"": ""9"", ""race"": ""White"", ""capital-gain"": ""0"", ""capital-loss"": ""0"", ""hours-per-week"": ""40"", ""native-country"": ""Japan""}",gender=Male,gender=Male,gender=Male,,gender=Female,gender=Female,gender=Male,0,<=50K | HS-grad | Private,2,2,"{""gender=Female"": ""<=50K"", ""gender=Male"": ""<=50K""}","{""gender=Female"": {""alpha"": 1.0, ""margin"": 0.9112196034410127, ""p_observed"": 0.9556098017205062, ""prior_probability"": 0.3531869020347662, ""score"": 0.9556098017205062}, ""gender=Male"": {""alpha"": 1.0, ""margin"": 0.8458165136178207, ""p_observed"": 0.9229082568089103, ""prior_probability"": 0.6468130979652338, ""score"": 0.9229082568089103}}","{""gender=Female"": {""alpha"": 1.0, ""margin"": 0.9112196034410127, ""p_observed"": 0.9556098017205062, ""prior_probability"": 0.3531869020347662, ""score"": 0.9112196034410127}, ""gender=Male"": {""alpha"": 1.0, ""margin"": 0.8458165136178207, ""p_observed"": 0.9229082568089103, ""prior_probability"": 0.6468130979652338, ""score"": 0.8458165136178207}}","{""gender=Female"": {""alpha"": 2.0, ""margin"": 0.9112196034410127, ""p_observed"": 0.9556098017205062, ""prior_probability"": 0.3531869020347662, ""score"": -1.1315691075380863}, ""gender=Male"": {""alpha"": 2.0, ""margin"": 0.8458165136178207, ""p_observed"": 0.9229082568089103, ""prior_probability"": 0.6468130979652338, ""score"": -0.5961487933932388}}"
97,Male,White,gender=Male,>50K,"{""age"": ""32"", ""workclass"": ""Private"", ""education"": ""Some-college"", ""educational-num"": ""10"", ""race"": ""White"", ""capital-gain"": ""5178"", ""capital-loss"": ""0"", ""hours-per-week"": ""50"", ""native-country"": ""United-States""}",gender=Male,gender=Male,gender=Male,,gender=Male,gender=Male,gender=Male,0,>50K | Some-college | Private,2,2,"{""gender=Female"": ""<=50K"", ""gender=Male"": "">50K""}","{""gender=Female"": {""alpha"": 1.0, ""margin"": -0.596083737372981, ""p_observed"": 0.20195813131350962, ""prior_probability"": 0.1390946502057613, ""score"": 0.20195813131350962}, ""gender=Male"": {""alpha"": 1.0, ""margin"": 0.3025898606117373, ""p_observed"": 0.6512949303058686, ""prior_probability"": 0.8609053497942387, ""score"": 0.6512949303058686}}","{""gender=Female"": {""alpha"": 1.0, ""margin"": -0.596083737372981, ""p_observed"": 0.20195813131350962, ""prior_probability"": 0.1390946502057613, ""score"": -0.596083737372981}, ""gender=Male"": {""alpha"": 1.0, ""margin"": 0.3025898606117373, ""p_observed"": 0.6512949303058686, ""prior_probability"": 0.8609053497942387, ""score"": 0.3025898606117373}}","{""gender=Female"": {""alpha"": 2.0, ""margin"": -0.596083737372981, ""p_observed"": 0.20195813131350962, ""prior_probability"": 0.1390946502057613, ""score"": -5.171990388430931}, ""gender=Male"": {""alpha"": 2.0, ""margin"": 0.3025898606117373, ""p_observed"": 0.6512949303058686, ""prior_probability"": 0.8609053497942387, ""score"": -1.0073561059929532}}"
98,Male,White,gender=Male,<=50K,"{""age"": ""31"", ""workclass"": ""Private"", ""education"": ""HS-grad"", ""educational-num"": ""9"", ""race"": ""White"", ""capital-gain"": ""0"", ""capital-loss"": ""0"", ""hours-per-week"": ""42"", ""native-country"": ""United-States""}",gender=Male,gender=Male,gender=Male,,gender=Female,gender=Female,gender=Male,0,<=50K | HS-grad | Private,2,2,"{""gender=Female"": ""<=50K"", ""gender=Male"": ""<=50K""}","{""gender=Female"": {""alpha"": 1.0, ""margin"": 0.8579552279113716, ""p_observed"": 0.9289776139556858, ""prior_probability"": 0.3531869020347662, ""score"": 0.9289776139556858}, ""gender=Male"": {""alpha"": 1.0, ""margin"": 0.6536519867012756, ""p_observed"": 0.8268259933506379, ""prior_probability"": 0.6468130979652338, ""score"": 0.8268259933506379}}","{""gender=Female"": {""alpha"": 1.0, ""margin"": 0.8579552279113716, ""p_observed"": 0.9289776139556858, ""prior_probability"": 0.3531869020347662, ""score"": 0.8579552279113716}, ""gender=Male"": {""alpha"": 1.0, ""margin"": 0.6536519867012756, ""p_observed"": 0.8268259933506379, ""prior_probability"": 0.6468130979652338, ""score"": 0.6536519867012756}}","{""gender=Female"": {""alpha"": 2.0, ""margin"": 0.8579552279113716, ""p_observed"": 0.9289776139556858, ""prior_probability"": 0.3531869020347662, ""score"": -1.188099169416125}, ""gender=Male"": {""alpha"": 2.0, ""margin"": 0.6536519867012756, ""p_observed"": 0.8268259933506379, ""prior_probability"": 0.6468130979652338, ""score"": -0.8160199274143686}}"
99,Female,White,gender=Female,>50K,"{""age"": ""61"", ""workclass"": ""Private"", ""education"": ""HS-grad"", ""educational-num"": ""9"", ""race"": ""White"", ""capital-gain"": ""15024"", ""capital-loss"": ""0"", ""hours-per-week"": ""38"", ""native-country"": ""United-States""}",gender=Male,gender=Male,gender=Male,,gender=Male,gender=Male,gender=Male,0,>50K | HS-grad | Private,2,2,"{""gender=Female"": "">50K"", ""gender=Male"": "">50K""}","{""gender=Female"": {""alpha"": 1.0, ""margin"": 0.36793548238853885, ""p_observed"": 0.6839677411942694, ""prior_probability"": 0.129565816678153, ""score"": 0.6839677411942694}, ""gender=Male"": {""alpha"": 1.0, ""margin"": 0.5781603272479319, ""p_observed"": 0.7890801636239659, ""prior_probability"": 0.870434183321847, ""score"": 0.7890801636239659}}","{""gender=Female"": {""alpha"": 1.0, ""margin"": 0.36793548238853885, ""p_observed"": 0.6839677411942694, ""prior_probability"": 0.129565816678153, ""score"": 0.36793548238853885}, ""gender=Male"": {""alpha"": 1.0, ""margin"": 0.5781603272479319, ""p_observed"": 0.7890801636239659, ""prior_probability"": 0.870434183321847, ""score"": 0.5781603272479319}}","{""gender=Female"": {""alpha"": 2.0, ""margin"": 0.36793548238853885, ""p_observed"": 0.6839677411942694, ""prior_probability"": 0.129565816678153, ""score"": -2.8032553389911}, ""gender=Male"": {""alpha"": 2.0, ""margin"": 0.5781603272479319, ""p_observed"": 0.7890801636239659, ""prior_probability"": 0.870434183321847, ""score"": -0.6125378540258233}}"
100,Male,White,gender=Male,<=50K,"{""age"": ""64"", ""workclass"": ""Private"", ""education"": ""5th-6th"", ""educational-num"": ""3"", ""race"": ""White"", ""capital-gain"": ""0"", ""capital-loss"": ""0"", ""hours-per-week"": ""40"", ""native-country"": ""United-States""}",gender=Male,gender=Male,gender=Male,,gender=Female,gender=Female,gender=Male,0,<=50K | 5th-6th | Private,2,2,"{""gender=Female"": ""<=50K"", ""gender=Male"": ""<=50K""}","{""gender=Female"": {""alpha"": 1.0, ""margin"": 0.8614028816260554, ""p_observed"": 0.9307014408130276, ""prior_probability"": 0.27547169811320754, ""score"": 0.9307014408130276}, ""gender=Male"": {""alpha"": 1.0, ""margin"": 0.6851460775153205, ""p_observed"": 0.8425730387576602, ""prior_probability"": 0.7245283018867924, ""score"": 0.8425730387576602}}","{""gender=Female"": {""alpha"": 1.0, ""margin"": 0.8614028816260554, ""p_observed"": 0.9307014408130276, ""prior_probability"": 0.27547169811320754, ""score"": 0.8614028816260554}, ""gender=Male"": {""alpha"": 1.0, ""margin"": 0.6851460775153205, ""p_observed"": 0.8425730387576602, ""prior_probability"": 0.7245283018867924, ""score"": 0.6851460775153205}}","{""gender=Female"": {""alpha"": 2.0, ""margin"": 0.8614028816260554, ""p_observed"": 0.9307014408130276, ""prior_probability"": 0.27547169811320754, ""score"": -1.4329038642289993}, ""gender=Male"": {""alpha"": 2.0, ""margin"": 0.6851460775153205, ""p_observed"": 0.8425730387576602, ""prior_probability"": 0.7245283018867924, ""score"": -0.6648243092100427}}"
101,Male,White,gender=Male,<=50K,"{""age"": ""40"", ""workclass"": ""Private"", ""education"": ""Bachelors"", ""educational-num"": ""13"", ""race"": ""White"", ""capital-gain"": ""0"", ""capital-loss"": ""0"", ""hours-per-week"": ""40"", ""native-country"": ""United-States""}",gender=Male,gender=Male,gender=Male,,gender=Female,gender=Female,gender=Female,0,<=50K | Bachelors | Private,2,2,"{""gender=Female"": ""<=50K"", ""gender=Male"": ""<=50K""}","{""gender=Female"": {""alpha"": 1.0, ""margin"": 0.5518863572571663, ""p_observed"": 0.7759431786285831, ""prior_probability"": 0.4140684410646388, ""score"": 0.7759431786285831}, ""gender=Male"": {""alpha"": 1.0, ""margin"": 0.031161082881273117, ""p_observed"": 0.5155805414406366, ""prior_probability"": 0.5859315589353612, ""score"": 0.5155805414406366}}","{""gender=Female"": {""alpha"": 1.0, ""margin"": 0.5518863572571663, ""p_observed"": 0.7759431786285831, ""prior_probability"": 0.4140684410646388, ""score"": 0.5518863572571663}, ""gender=Male"": {""alpha"": 1.0, ""margin"": 0.031161082881273117, ""p_observed"": 0.5155805414406366, ""prior_probability"": 0.5859315589353612, ""score"": 0.031161082881273117}}","{""gender=Female"": {""alpha"": 2.0, ""margin"": 0.5518863572571663, ""p_observed"": 0.7759431786285831, ""prior_probability"": 0.4140684410646388, ""score"": -1.3890759720321655}, ""gender=Male"": {""alpha"": 2.0, ""margin"": 0.031161082881273117, ""p_observed"": 0.5155805414406366, ""prior_probability"": 0.5859315589353612, ""score"": -1.8594757863940194}}"
102,Male,White,gender=Male,<=50K,"{""age"": ""35"", ""workclass"": ""Private"", ""education"": ""10th"", ""educational-num"": ""6"", ""race"": ""White"", ""capital-gain"": ""0"", ""capital-loss"": ""0"", ""hours-per-week"": ""70"", ""native-country"": ""United-States""}",gender=Male,gender=Male,gender=Male,,gender=Female,gender=Female,gender=Male,0,<=50K | 10th | Private,2,2,"{""gender=Female"": ""<=50K"", ""gender=Male"": ""<=50K""}","{""gender=Female"": {""alpha"": 1.0, ""margin"": 0.8242080697198149, ""p_observed"": 0.9121040348599074, ""prior_probability"": 0.3323572474377745, ""score"": 0.9121040348599074}, ""gender=Male"": {""alpha"": 1.0, ""margin"": 0.6248655745796068, ""p_observed"": 0.8124327872898034, ""prior_probability"": 0.6676427525622255, ""score"": 0.8124327872898034}}","{""gender=Female"": {""alpha"": 1.0, ""margin"": 0.8242080697198149, ""p_observed"": 0.9121040348599074, ""prior_probability"": 0.3323572474377745, ""score"": 0.8242080697198149}, ""gender=Male"": {""alpha"": 1.0, ""margin"": 0.6248655745796068, ""p_observed"": 0.8124327872898034, ""prior_probability"": 0.6676427525622255, ""score"": 0.6248655745796068}}","{""gender=Female"": {""alpha"": 2.0, ""margin"": 0.8242080697198149, ""p_observed"": 0.9121040348599074, ""prior_probability"": 0.3323572474377745, ""score"": -1.2855472862941255}, ""gender=Male"": {""alpha"": 2.0, ""margin"": 0.6248655745796068, ""p_observed"": 0.8124327872898034, ""prior_probability"": 0.6676427525622255, ""score"": -0.8194462331276737}}"
103,Female,White,gender=Female,<=50K,"{""age"": ""24"", ""workclass"": ""Private"", ""education"": ""Bachelors"", ""educational-num"": ""13"", ""race"": ""White"", ""capital-gain"": ""0"", ""capital-loss"": ""0"", ""hours-per-week"": ""40"", ""native-country"": ""United-States""}",gender=Male,gender=Male,gender=Male,,gender=Female,gender=Female,gender=Male,0,<=50K | Bachelors | Private,2,2,"{""gender=Female"": ""<=50K"", ""gender=Male"": ""<=50K""}","{""gender=Female"": {""alpha"": 1.0, ""margin"": 0.8538369239968584, ""p_observed"": 0.9269184619984291, ""prior_probability"": 0.4140684410646388, ""score"": 0.9269184619984291}, ""gender=Male"": {""alpha"": 1.0, ""margin"": 0.682287012925609, ""p_observed"": 0.8411435064628044, ""prior_probability"": 0.5859315589353612, ""score"": 0.8411435064628044}}","{""gender=Female"": {""alpha"": 1.0, ""margin"": 0.8538369239968584, ""p_observed"": 0.9269184619984291, ""prior_probability"": 0.4140684410646388, ""score"": 0.8538369239968584}, ""gender=Male"": {""alpha"": 1.0, ""margin"": 0.682287012925609, ""p_observed"": 0.8411435064628044, ""prior_probability"": 0.5859315589353612, ""score"": 0.682287012925609}}","{""gender=Female"": {""alpha"": 2.0, ""margin"": 0.8538369239968584, ""p_observed"": 0.9269184619984291, ""prior_probability"": 0.4140684410646388, ""score"": -1.0335033548271462}, ""gender=Male"": {""alpha"": 2.0, ""margin"": 0.682287012925609, ""p_observed"": 0.8411435064628044, ""prior_probability"": 0.5859315589353612, ""score"": -0.8805382812104356}}"
104,Female,White,gender=Female,<=50K,"{""age"": ""53"", ""workclass"": ""Private"", ""education"": ""HS-grad"", ""educational-num"": ""9"", ""race"": ""White"", ""capital-gain"": ""0"", ""capital-loss"": ""0"", ""hours-per-week"": ""40"", ""native-country"": ""United-States""}",gender=Male,gender=Male,gender=Male,,gender=Female,gender=Female,gender=Male,0,<=50K | HS-grad | Private,2,2,"{""gender=Female"": ""<=50K"", ""gender=Male"": ""<=50K""}","{""gender=Female"": {""alpha"": 1.0, ""margin"": 0.8115064672813351, ""p_observed"": 0.9057532336406675, ""prior_probability"": 0.3531869020347662, ""score"": 0.9057532336406675}, ""gender=Male"": {""alpha"": 1.0, ""margin"": 0.5144845362736291, ""p_observed"": 0.7572422681368145, ""prior_probability"": 0.6468130979652338, ""score"": 0.7572422681368145}}","{""gender=Female"": {""alpha"": 1.0, ""margin"": 0.8115064672813351, ""p_observed"": 0.9057532336406675, ""prior_probability"": 0.3531869020347662, ""score"": 0.8115064672813351}, ""gender=Male"": {""alpha"": 1.0, ""margin"": 0.5144845362736291, ""p_observed"": 0.7572422681368145, ""prior_probability"": 0.6468130979652338, ""score"": 0.5144845362736291}}","{""gender=Female"": {""alpha"": 2.0, ""margin"": 0.8115064672813351, ""p_observed"": 0.9057532336406675, ""prior_probability"": 0.3531869020347662, ""score"": -1.2387346528234868}, ""gender=Male"": {""alpha"": 2.0, ""margin"": 0.5144845362736291, ""p_observed"": 0.7572422681368145, ""prior_probability"": 0.6468130979652338, ""score"": -0.9918419802277827}}"
105,Male,Black,gender=Male,<=50K,"{""age"": ""18"", ""workclass"": ""Private"", ""education"": ""10th"", ""educational-num"": ""6"", ""race"": ""Black"", ""capital-gain"": ""0"", ""capital-loss"": ""0"", ""hours-per-week"": ""15"", ""native-country"": ""United-States""}",gender=Male,gender=Male,gender=Male,,gender=Female,gender=Female,gender=Male,0,<=50K | 10th | Private,2,2,"{""gender=Female"": ""<=50K"", ""gender=Male"": ""<=50K""}","{""gender=Female"": {""alpha"": 1.0, ""margin"": 0.9816564300797851, ""p_observed"": 0.9908282150398925, ""prior_probability"": 0.3323572474377745, ""score"": 0.9908282150398925}, ""gender=Male"": {""alpha"": 1.0, ""margin"": 0.9523298113841565, ""p_observed"": 0.9761649056920783, ""prior_probability"": 0.6676427525622255, ""score"": 0.9761649056920783}}","{""gender=Female"": {""alpha"": 1.0, ""margin"": 0.9816564300797851, ""p_observed"": 0.9908282150398925, ""prior_probability"": 0.3323572474377745, ""score"": 0.9816564300797851}, ""gender=Male"": {""alpha"": 1.0, ""margin"": 0.9523298113841565, ""p_observed"": 0.9761649056920783, ""prior_probability"": 0.6676427525622255, ""score"": 0.9523298113841565}}","{""gender=Female"": {""alpha"": 2.0, ""margin"": 0.9816564300797851, ""p_observed"": 0.9908282150398925, ""prior_probability"": 0.3323572474377745, ""score"": -1.1199730515770678}, ""gender=Male"": {""alpha"": 2.0, ""margin"": 0.9523298113841565, ""p_observed"": 0.9761649056920783, ""prior_probability"": 0.6676427525622255, ""score"": -0.45224954223885255}}"
106,Male,White,gender=Male,<=50K,"{""age"": ""17"", ""workclass"": ""Private"", ""education"": ""10th"", ""educational-num"": ""6"", ""race"": ""White"", ""capital-gain"": ""0"", ""capital-loss"": ""0"", ""hours-per-week"": ""40"", ""native-country"": ""United-States""}",gender=Male,gender=Male,gender=Male,,gender=Female,gender=Female,gender=Male,0,<=50K | 10th | Private,2,2,"{""gender=Female"": ""<=50K"", ""gender=Male"": ""<=50K""}","{""gender=Female"": {""alpha"": 1.0, ""margin"": 0.9651795880977128, ""p_observed"": 0.9825897940488563, ""prior_probability"": 0.3323572474377745, ""score"": 0.9825897940488563}, ""gender=Male"": {""alpha"": 1.0, ""margin"": 0.8913276022860745, ""p_observed"": 0.9456638011430373, ""prior_probability"": 0.6676427525622255, ""score"": 0.9456638011430373}}","{""gender=Female"": {""alpha"": 1.0, ""margin"": 0.9651795880977128, ""p_observed"": 0.9825897940488563, ""prior_probability"": 0.3323572474377745, ""score"": 0.9651795880977128}, ""gender=Male"": {""alpha"": 1.0, ""margin"": 0.8913276022860745, ""p_observed"": 0.9456638011430373, ""prior_probability"": 0.6676427525622255, ""score"": 0.8913276022860745}}","{""gender=Female"": {""alpha"": 2.0, ""margin"": 0.9651795880977128, ""p_observed"": 0.9825897940488563, ""prior_probability"": 0.3323572474377745, ""score"": -1.136671934051179}, ""gender=Male"": {""alpha"": 2.0, ""margin"": 0.8913276022860745, ""p_observed"": 0.9456638011430373, ""prior_probability"": 0.6676427525622255, ""score"": -0.515738376073289}}"
107,Male,White,gender=Male,<=50K,"{""age"": ""24"", ""workclass"": ""Private"", ""education"": ""Bachelors"", ""educational-num"": ""13"", ""race"": ""White"", ""capital-gain"": ""5013"", ""capital-loss"": ""0"", ""hours-per-week"": ""30"", ""native-country"": ""United-States""}",gender=Male,gender=Male,gender=Male,,gender=Female,gender=Female,gender=Male,0,<=50K | Bachelors | Private,2,2,"{""gender=Female"": ""<=50K"", ""gender=Male"": ""<=50K""}","{""gender=Female"": {""alpha"": 1.0, ""margin"": 0.8240074849328333, ""p_observed"": 0.9120037424664165, ""prior_probability"": 0.4140684410646388, ""score"": 0.9120037424664165}, ""gender=Male"": {""alpha"": 1.0, ""margin"": 0.7289104298707849, ""p_observed"": 0.8644552149353923, ""prior_probability"": 0.5859315589353612, ""score"": 0.8644552149353923}}","{""gender=Female"": {""alpha"": 1.0, ""margin"": 0.8240074849328333, ""p_observed"": 0.9120037424664165, ""prior_probability"": 0.4140684410646388, ""score"": 0.8240074849328333}, ""gender=Male"": {""alpha"": 1.0, ""margin"": 0.7289104298707849, ""p_observed"": 0.8644552149353923, ""prior_probability"": 0.5859315589353612, ""score"": 0.7289104298707849}}","{""gender=Female"": {""alpha"": 2.0, ""margin"": 0.8240074849328333, ""p_observed"": 0.9120037424664165, ""prior_probability"": 0.4140684410646388, ""score"": -1.0659463729081065}, ""gender=Male"": {""alpha"": 2.0, ""margin"": 0.7289104298707849, ""p_observed"": 0.8644552149353923, ""prior_probability"": 0.5859315589353612, ""score"": -0.8258638494251107}}"
108,Male,White,gender=Male,>50K,"{""age"": ""48"", ""workclass"": ""Private"", ""education"": ""Bachelors"", ""educational-num"": ""13"", ""race"": ""White"", ""capital-gain"": ""0"", ""capital-loss"": ""0"", ""hours-per-week"": ""48"", ""native-country"": ""United-States""}",gender=Male,gender=Male,gender=Male,,gender=Male,gender=Male,gender=Male,0,>50K | Bachelors | Private,2,2,"{""gender=Female"": ""<=50K"", ""gender=Male"": "">50K""}","{""gender=Female"": {""alpha"": 1.0, ""margin"": -0.371375549208295, ""p_observed"": 0.3143122253958524, ""prior_probability"": 0.15218508997429306, ""score"": 0.3143122253958524}, ""gender=Male"": {""alpha"": 1.0, ""margin"": 0.19681450499246228, ""p_observed"": 0.5984072524962312, ""prior_probability"": 0.847814910025707, ""score"": 0.5984072524962312}}","{""gender=Female"": {""alpha"": 1.0, ""margin"": -0.371375549208295, ""p_observed"": 0.3143122253958524, ""prior_probability"": 0.15218508997429306, ""score"": -0.371375549208295}, ""gender=Male"": {""alpha"": 1.0, ""margin"": 0.19681450499246228, ""p_observed"": 0.5984072524962312, ""prior_probability"": 0.847814910025707, ""score"": 0.19681450499246228}}","{""gender=Female"": {""alpha"": 2.0, ""margin"": -0.371375549208295, ""p_observed"": 0.3143122253958524, ""prior_probability"": 0.15218508997429306, ""score"": -4.197394679161175}, ""gender=Male"": {""alpha"": 2.0, ""margin"": 0.19681450499246228, ""p_observed"": 0.5984072524962312, ""prior_probability"": 0.847814910025707, ""score"": -1.1920603986571345}}"
109,Female,White,gender=Female,<=50K,"{""age"": ""59"", ""workclass"": ""State-gov"", ""education"": ""HS-grad"", ""educational-num"": ""9"", ""race"": ""White"", ""capital-gain"": ""0"", ""capital-loss"": ""0"", ""hours-per-week"": ""40"", ""native-country"": ""United-States""}",gender=Male,gender=Male,gender=Male,,gender=Female,gender=Female,gender=Male,0,<=50K | HS-grad | State-gov,2,2,"{""gender=Female"": ""<=50K"", ""gender=Male"": ""<=50K""}","{""gender=Female"": {""alpha"": 1.0, ""margin"": 0.8083714068802751, ""p_observed"": 0.9041857034401375, ""prior_probability"": 0.3531869020347662, ""score"": 0.9041857034401375}, ""gender=Male"": {""alpha"": 1.0, ""margin"": 0.5381400667176486, ""p_observed"": 0.7690700333588243, ""prior_probability"": 0.6468130979652338, ""score"": 0.7690700333588243}}","{""gender=Female"": {""alpha"": 1.0, ""margin"": 0.8083714068802751, ""p_observed"": 0.9041857034401375, ""prior_probability"": 0.3531869020347662, ""score"": 0.8083714068802751}, ""gender=Male"": {""alpha"": 1.0, ""margin"": 0.5381400667176486, ""p_observed"": 0.7690700333588243, ""prior_probability"": 0.6468130979652338, ""score"": 0.5381400667176486}}","{""gender=Female"": {""alpha"": 2.0, ""margin"": 0.8083714068802751, ""p_observed"": 0.9041857034401375, ""prior_probability"": 0.3531869020347662, ""score"": -1.242198925701067}, ""gender=Male"": {""alpha"": 2.0, ""margin"": 0.5381400667176486, ""p_observed"": 0.7690700333588243, ""prior_probability"": 0.6468130979652338, ""score"": -0.9608443869451483}}"
110,Female,White,gender=Female,<=50K,"{""age"": ""58"", ""workclass"": ""Private"", ""education"": ""Some-college"", ""educational-num"": ""10"", ""race"": ""White"", ""capital-gain"": ""0"", ""capital-loss"": ""0"", ""hours-per-week"": ""42"", ""native-country"": ""France""}",gender=Male,gender=Male,gender=Male,,gender=Female,gender=Female,gender=Female,0,<=50K | Some-college | Private,2,2,"{""gender=Female"": ""<=50K"", ""gender=Male"": ""<=50K""}","{""gender=Female"": {""alpha"": 1.0, ""margin"": 0.7404017748427715, ""p_observed"": 0.8702008874213856, ""prior_probability"": 0.44275132275132273, ""score"": 0.8702008874213856}, ""gender=Male"": {""alpha"": 1.0, ""margin"": 0.3457006942421757, ""p_observed"": 0.6728503471210878, ""prior_probability"": 0.5572486772486772, ""score"": 0.6728503471210878}}","{""gender=Female"": {""alpha"": 1.0, ""margin"": 0.7404017748427715, ""p_observed"": 0.8702008874213856, ""prior_probability"": 0.44275132275132273, ""score"": 0.7404017748427715}, ""gender=Male"": {""alpha"": 1.0, ""margin"": 0.3457006942421757, ""p_observed"": 0.6728503471210878, ""prior_probability"": 0.5572486772486772, ""score"": 0.3457006942421757}}","{""gender=Female"": {""alpha"": 2.0, ""margin"": 0.7404017748427715, ""p_observed"": 0.8702008874213856, ""prior_probability"": 0.44275132275132273, ""score"": -1.0928093925548912}, ""gender=Male"": {""alpha"": 2.0, ""margin"": 0.3457006942421757, ""p_observed"": 0.6728503471210878, ""prior_probability"": 0.5572486772486772, ""score"": -1.3772083622275932}}"
111,Male,White,gender=Male,<=50K,"{""age"": ""33"", ""workclass"": ""Private"", ""education"": ""HS-grad"", ""educational-num"": ""9"", ""race"": ""White"", ""capital-gain"": ""0"", ""capital-loss"": ""0"", ""hours-per-week"": ""32"", ""native-country"": ""United-States""}",gender=Male,gender=Male,gender=Male,,gender=Female,gender=Female,gender=Male,0,<=50K | HS-grad | Private,2,2,"{""gender=Female"": ""<=50K"", ""gender=Male"": ""<=50K""}","{""gender=Female"": {""alpha"": 1.0, ""margin"": 0.8851518503449192, ""p_observed"": 0.9425759251724595, ""prior_probability"": 0.3531869020347662, ""score"": 0.9425759251724595}, ""gender=Male"": {""alpha"": 1.0, ""margin"": 0.7476512483024281, ""p_observed"": 0.873825624151214, ""prior_probability"": 0.6468130979652338, ""score"": 0.873825624151214}}","{""gender=Female"": {""alpha"": 1.0, ""margin"": 0.8851518503449192, ""p_observed"": 0.9425759251724595, ""prior_probability"": 0.3531869020347662, ""score"": 0.8851518503449192}, ""gender=Male"": {""alpha"": 1.0, ""margin"": 0.7476512483024281, ""p_observed"": 0.873825624151214, ""prior_probability"": 0.6468130979652338, ""score"": 0.7476512483024281}}","{""gender=Female"": {""alpha"": 2.0, ""margin"": 0.8851518503449192, ""p_observed"": 0.9425759251724595, ""prior_probability"": 0.3531869020347662, ""score"": -1.1590355060314683}, ""gender=Male"": {""alpha"": 2.0, ""margin"": 0.7476512483024281, ""p_observed"": 0.873825624151214, ""prior_probability"": 0.6468130979652338, ""score"": -0.7054467769410221}}"
112,Male,White,gender=Male,<=50K,"{""age"": ""58"", ""workclass"": ""Private"", ""education"": ""HS-grad"", ""educational-num"": ""9"", ""race"": ""White"", ""capital-gain"": ""0"", ""capital-loss"": ""0"", ""hours-per-week"": ""45"", ""native-country"": ""United-States""}",gender=Male,gender=Male,gender=Male,,gender=Female,gender=Female,gender=Male,0,<=50K | HS-grad | Private,2,2,"{""gender=Female"": ""<=50K"", ""gender=Male"": ""<=50K""}","{""gender=Female"": {""alpha"": 1.0, ""margin"": 0.7773170630191977, ""p_observed"": 0.8886585315095987, ""prior_probability"": 0.3531869020347662, ""score"": 0.8886585315095987}, ""gender=Male"": {""alpha"": 1.0, ""margin"": 0.4357514758936494, ""p_observed"": 0.7178757379468247, ""prior_probability"": 0.6468130979652338, ""score"": 0.7178757379468247}}","{""gender=Female"": {""alpha"": 1.0, ""margin"": 0.7773170630191977, ""p_observed"": 0.8886585315095987, ""prior_probability"": 0.3531869020347662, ""score"": 0.7773170630191977}, ""gender=Male"": {""alpha"": 1.0, ""margin"": 0.4357514758936494, ""p_observed"": 0.7178757379468247, ""prior_probability"": 0.6468130979652338, ""score"": 0.4357514758936494}}","{""gender=Female"": {""alpha"": 2.0, ""margin"": 0.7773170630191977, ""p_observed"": 0.8886585315095987, ""prior_probability"": 0.3531869020347662, ""score"": -1.276842337234288}, ""gender=Male"": {""alpha"": 2.0, ""margin"": 0.4357514758936494, ""p_observed"": 0.7178757379468247, ""prior_probability"": 0.6468130979652338, ""score"": -1.0986154847504503}}"
113,Female,White,gender=Female,<=50K,"{""age"": ""37"", ""workclass"": ""Private"", ""education"": ""HS-grad"", ""educational-num"": ""9"", ""race"": ""White"", ""capital-gain"": ""0"", ""capital-loss"": ""0"", ""hours-per-week"": ""40"", ""native-country"": ""United-States""}",gender=Male,gender=Male,gender=Male,,gender=Female,gender=Female,gender=Male,0,<=50K | HS-grad | Private,2,2,"{""gender=Female"": ""<=50K"", ""gender=Male"": ""<=50K""}","{""gender=Female"": {""alpha"": 1.0, ""margin"": 0.809621210804284, ""p_observed"": 0.9048106054021419, ""prior_probability"": 0.3531869020347662, ""score"": 0.9048106054021419}, ""gender=Male"": {""alpha"": 1.0, ""margin"": 0.5377091215342054, ""p_observed"": 0.7688545607671027, ""prior_probability"": 0.6468130979652338, ""score"": 0.7688545607671027}}","{""gender=Female"": {""alpha"": 1.0, ""margin"": 0.809621210804284, ""p_observed"": 0.9048106054021419, ""prior_probability"": 0.3531869020347662, ""score"": 0.809621210804284}, ""gender=Male"": {""alpha"": 1.0, ""margin"": 0.5377091215342054, ""p_observed"": 0.7688545607671027, ""prior_probability"": 0.6468130979652338, ""score"": 0.5377091215342054}}","{""gender=Female"": {""alpha"": 2.0, ""margin"": 0.809621210804284, ""p_observed"": 0.9048106054021419, ""prior_probability"": 0.3531869020347662, ""score"": -1.2408171606110967}, ""gender=Male"": {""alpha"": 2.0, ""margin"": 0.5377091215342054, ""p_observed"": 0.7688545607671027, ""prior_probability"": 0.6468130979652338, ""score"": -0.9614048112831282}}"
114,Female,White,gender=Female,<=50K,"{""age"": ""33"", ""workclass"": ""Self-emp-inc"", ""education"": ""Bachelors"", ""educational-num"": ""13"", ""race"": ""White"", ""capital-gain"": ""0"", ""capital-loss"": ""0"", ""hours-per-week"": ""40"", ""native-country"": ""United-States""}",gender=Male,gender=Male,gender=Male,gender=Male,gender=Female,gender=Female,gender=Female,1,<=50K | Bachelors | Self-emp-inc,2,2,"{""gender=Female"": ""<=50K"", ""gender=Male"": ""<=50K""}","{""gender=Female"": {""alpha"": 1.0, ""margin"": 0.44682505337218476, ""p_observed"": 0.7234125266860922, ""prior_probability"": 0.4140684410646388, ""score"": 0.7234125266860922}, ""gender=Male"": {""alpha"": 1.0, ""margin"": 0.11712037892142352, ""p_observed"": 0.5585601894607117, ""prior_probability"": 0.5859315589353612, ""score"": 0.5585601894607117}}","{""gender=Female"": {""alpha"": 1.0, ""margin"": 0.44682505337218476, ""p_observed"": 0.7234125266860922, ""prior_probability"": 0.4140684410646388, ""score"": 0.44682505337218476}, ""gender=Male"": {""alpha"": 1.0, ""margin"": 0.11712037892142352, ""p_observed"": 0.5585601894607117, ""prior_probability"": 0.5859315589353612, ""score"": 0.11712037892142352}}","{""gender=Female"": {""alpha"": 2.0, ""margin"": 0.44682505337218476, ""p_observed"": 0.7234125266860922, ""prior_probability"": 0.4140684410646388, ""score"": -1.5292752886605352}, ""gender=Male"": {""alpha"": 2.0, ""margin"": 0.11712037892142352, ""p_observed"": 0.5585601894607117, ""prior_probability"": 0.5859315589353612, ""score"": -1.699338082712802}}"
115,Male,White,gender=Male,>50K,"{""age"": ""40"", ""workclass"": ""Private"", ""education"": ""Bachelors"", ""educational-num"": ""13"", ""race"": ""White"", ""capital-gain"": ""0"", ""capital-loss"": ""0"", ""hours-per-week"": ""50"", ""native-country"": ""United-States""}",gender=Male,gender=Male,gender=Male,,gender=Male,gender=Male,gender=Male,0,>50K | Bachelors | Private,2,2,"{""gender=Female"": ""<=50K"", ""gender=Male"": "">50K""}","{""gender=Female"": {""alpha"": 1.0, ""margin"": -0.3439081717807527, ""p_observed"": 0.3280459141096236, ""prior_probability"": 0.15218508997429306, ""score"": 0.3280459141096236}, ""gender=Male"": {""alpha"": 1.0, ""margin"": 0.18697389925823477, ""p_observed"": 0.5934869496291174, ""prior_probability"": 0.847814910025707, ""score"": 0.5934869496291174}}","{""gender=Female"": {""alpha"": 1.0, ""margin"": -0.3439081717807527, ""p_observed"": 0.3280459141096236, ""prior_probability"": 0.15218508997429306, ""score"": -0.3439081717807527}, ""gender=Male"": {""alpha"": 1.0, ""margin"": 0.18697389925823477, ""p_observed"": 0.5934869496291174, ""prior_probability"": 0.847814910025707, ""score"": 0.18697389925823477}}","{""gender=Female"": {""alpha"": 2.0, ""margin"": -0.3439081717807527, ""p_observed"": 0.3280459141096236, ""prior_probability"": 0.15218508997429306, ""score"": -4.111861198434546}, ""gender=Male"": {""alpha"": 2.0, ""margin"": 0.18697389925823477, ""p_observed"": 0.5934869496291174, ""prior_probability"": 0.847814910025707, ""score"": -1.2085730415022278}}"
116,Male,Black,gender=Male,<=50K,"{""age"": ""33"", ""workclass"": ""Private"", ""education"": ""HS-grad"", ""educational-num"": ""9"", ""race"": ""Black"", ""capital-gain"": ""0"", ""capital-loss"": ""0"", ""hours-per-week"": ""40"", ""native-country"": ""United-States""}",gender=Male,gender=Male,gender=Male,,gender=Female,gender=Female,gender=Male,0,<=50K | HS-grad | Private,2,2,"{""gender=Female"": ""<=50K"", ""gender=Male"": ""<=50K""}","{""gender=Female"": {""alpha"": 1.0, ""margin"": 0.9390486689394374, ""p_observed"": 0.9695243344697186, ""prior_probability"": 0.3531869020347662, ""score"": 0.9695243344697186}, ""gender=Male"": {""alpha"": 1.0, ""margin"": 0.8057771804023417, ""p_observed"": 0.9028885902011707, ""prior_probability"": 0.6468130979652338, ""score"": 0.9028885902011707}}","{""gender=Female"": {""alpha"": 1.0, ""margin"": 0.9390486689394374, ""p_observed"": 0.9695243344697186, ""prior_probability"": 0.3531869020347662, ""score"": 0.9390486689394374}, ""gender=Male"": {""alpha"": 1.0, ""margin"": 0.8057771804023417, ""p_observed"": 0.9028885902011707, ""prior_probability"": 0.6468130979652338, ""score"": 0.8057771804023417}}","{""gender=Female"": {""alpha"": 2.0, ""margin"": 0.9390486689394374, ""p_observed"": 0.9695243344697186, ""prior_probability"": 0.3531869020347662, ""score"": -1.1026573038349108}, ""gender=Male"": {""alpha"": 2.0, ""margin"": 0.8057771804023417, ""p_observed"": 0.9028885902011707, ""prior_probability"": 0.6468130979652338, ""score"": -0.6400101222423741}}"
117,Male,Black,gender=Male,>50K,"{""age"": ""45"", ""workclass"": ""Private"", ""education"": ""HS-grad"", ""educational-num"": ""9"", ""race"": ""Black"", ""capital-gain"": ""0"", ""capital-loss"": ""0"", ""hours-per-week"": ""40"", ""native-country"": ""United-States""}",gender=Male,gender=Male,gender=Male,,gender=Male,gender=Male,gender=Male,0,>50K | HS-grad | Private,2,2,"{""gender=Female"": ""<=50K"", ""gender=Male"": ""<=50K""}","{""gender=Female"": {""alpha"": 1.0, ""margin"": -0.8797673244361328, ""p_observed"": 0.060116337781933614, ""prior_probability"": 0.129565816678153, ""score"": 0.060116337781933614}, ""gender=Male"": {""alpha"": 1.0, ""margin"": -0.6545907940356217, ""p_observed"": 0.17270460298218898, ""prior_probability"": 0.870434183321847, ""score"": 0.17270460298218898}}","{""gender=Female"": {""alpha"": 1.0, ""margin"": -0.8797673244361328, ""p_observed"": 0.060116337781933614, ""prior_probability"": 0.129565816678153, ""score"": -0.8797673244361328}, ""gender=Male"": {""alpha"": 1.0, ""margin"": -0.6545907940356217, ""p_observed"": 0.17270460298218898, ""prior_probability"": 0.870434183321847, ""score"": -0.6545907940356217}}","{""gender=Female"": {""alpha"": 2.0, ""margin"": -0.8797673244361328, ""p_observed"": 0.060116337781933614, ""prior_probability"": 0.129565816678153, ""score"": -7.6665135522347665}, ""gender=Male"": {""alpha"": 2.0, ""margin"": -0.6545907940356217, ""p_observed"": 0.17270460298218898, ""prior_probability"": 0.870434183321847, ""score"": -3.65110841279782}}"
118,Male,White,gender=Male,<=50K,"{""age"": ""28"", ""workclass"": ""Private"", ""education"": ""HS-grad"", ""educational-num"": ""9"", ""race"": ""White"", ""capital-gain"": ""0"", ""capital-loss"": ""0"", ""hours-per-week"": ""40"", ""native-country"": ""United-States""}",gender=Male,gender=Male,gender=Male,,gender=Female,gender=Female,gender=Male,0,<=50K | HS-grad | Private,2,2,"{""gender=Female"": ""<=50K"", ""gender=Male"": ""<=50K""}","{""gender=Female"": {""alpha"": 1.0, ""margin"": 0.8998575929741198, ""p_observed"": 0.94992879648706, ""prior_probability"": 0.3531869020347662, ""score"": 0.94992879648706}, ""gender=Male"": {""alpha"": 1.0, ""margin"": 0.7994937763391441, ""p_observed"": 0.899746888169572, ""prior_probability"": 0.6468130979652338, ""score"": 0.899746888169572}}","{""gender=Female"": {""alpha"": 1.0, ""margin"": 0.8998575929741198, ""p_observed"": 0.94992879648706, ""prior_probability"": 0.3531869020347662, ""score"": 0.8998575929741198}, ""gender=Male"": {""alpha"": 1.0, ""margin"": 0.7994937763391441, ""p_observed"": 0.899746888169572, ""prior_probability"": 0.6468130979652338, ""score"": 0.7994937763391441}}","{""gender=Female"": {""alpha"": 2.0, ""margin"": 0.8998575929741198, ""p_observed"": 0.94992879648706, ""prior_probability"": 0.3531869020347662, ""score"": -1.1434943911722766}, ""gender=Male"": {""alpha"": 2.0, ""margin"": 0.7994937763391441, ""p_observed"": 0.899746888169572, ""prior_probability"": 0.6468130979652338, ""score"": -0.6469814822322524}}"
119,Male,White,gender=Male,>50K,"{""age"": ""35"", ""workclass"": ""Private"", ""education"": ""Prof-school"", ""educational-num"": ""15"", ""race"": ""White"", ""capital-gain"": ""0"", ""capital-loss"": ""0"", ""hours-per-week"": ""80"", ""native-country"": ""United-States""}",gender=Male,gender=Male,gender=Male,,gender=Male,gender=Male,gender=Male,0,>50K | Prof-school | Private,2,2,"{""gender=Female"": ""<=50K"", ""gender=Male"": "">50K""}","{""gender=Female"": {""alpha"": 1.0, ""margin"": -0.025473487230686154, ""p_observed"": 0.4872632563846569, ""prior_probability"": 0.10638297872340426, ""score"": 0.4872632563846569}, ""gender=Male"": {""alpha"": 1.0, ""margin"": 0.3669605396606257, ""p_observed"": 0.6834802698303127, ""prior_probability"": 0.8936170212765957, ""score"": 0.6834802698303127}}","{""gender=Female"": {""alpha"": 1.0, ""margin"": -0.025473487230686154, ""p_observed"": 0.4872632563846569, ""prior_probability"": 0.10638297872340426, ""score"": -0.025473487230686154}, ""gender=Male"": {""alpha"": 1.0, ""margin"": 0.3669605396606257, ""p_observed"": 0.6834802698303127, ""prior_probability"": 0.8936170212765957, ""score"": 0.3669605396606257}}","{""gender=Female"": {""alpha"": 2.0, ""margin"": -0.025473487230686154, ""p_observed"": 0.4872632563846569, ""prior_probability"": 0.10638297872340426, ""score"": -3.6786111581331116}, ""gender=Male"": {""alpha"": 2.0, ""margin"": 0.3669605396606257, ""p_observed"": 0.6834802698303127, ""prior_probability"": 0.8936170212765957, ""score"": -0.8735929626531886}}"
120,Male,White,gender=Male,>50K,"{""age"": ""38"", ""workclass"": ""Private"", ""education"": ""Bachelors"", ""educational-num"": ""13"", ""race"": ""White"", ""capital-gain"": ""0"", ""capital-loss"": ""0"", ""hours-per-week"": ""45"", ""native-country"": ""United-States""}",gender=Male,gender=Male,gender=Male,,gender=Male,gender=Male,gender=Male,0,>50K | Bachelors | Private,2,2,"{""gender=Female"": ""<=50K"", ""gender=Male"": "">50K""}","{""gender=Female"": {""alpha"": 1.0, ""margin"": -0.44204951648023955, ""p_observed"": 0.27897524175988025, ""prior_probability"": 0.15218508997429306, ""score"": 0.27897524175988025}, ""gender=Male"": {""alpha"": 1.0, ""margin"": 0.18333336146482054, ""p_observed"": 0.5916666807324102, ""prior_probability"": 0.847814910025707, ""score"": 0.5916666807324102}}","{""gender=Female"": {""alpha"": 1.0, ""margin"": -0.44204951648023955, ""p_observed"": 0.27897524175988025, ""prior_probability"": 0.15218508997429306, ""score"": -0.44204951648023955}, ""gender=Male"": {""alpha"": 1.0, ""margin"": 0.18333336146482054, ""p_observed"": 0.5916666807324102, ""prior_probability"": 0.847814910025707, ""score"": 0.18333336146482054}}","{""gender=Female"": {""alpha"": 2.0, ""margin"": -0.44204951648023955, ""p_observed"": 0.27897524175988025, ""prior_probability"": 0.15218508997429306, ""score"": -4.43592228234894}, ""gender=Male"": {""alpha"": 2.0, ""margin"": 0.18333336146482054, ""p_observed"": 0.5916666807324102, ""prior_probability"": 0.847814910025707, ""score"": -1.214716617428234}}"
121,Male,White,gender=Male,<=50K,"{""age"": ""35"", ""workclass"": ""Self-emp-not-inc"", ""education"": ""Bachelors"", ""educational-num"": ""13"", ""race"": ""White"", ""capital-gain"": ""0"", ""capital-loss"": ""0"", ""hours-per-week"": ""40"", ""native-country"": ""United-States""}",gender=Male,gender=Male,gender=Male,,gender=Female,gender=Female,gender=Female,0,<=50K | Bachelors | Self-emp-not-inc,2,2,"{""gender=Female"": ""<=50K"", ""gender=Male"": ""<=50K""}","{""gender=Female"": {""alpha"": 1.0, ""margin"": 0.4720269653476236, ""p_observed"": 0.7360134826738117, ""prior_probability"": 0.4140684410646388, ""score"": 0.7360134826738117}, ""gender=Male"": {""alpha"": 1.0, ""margin"": 0.13762002658162015, ""p_observed"": 0.56881001329081, ""prior_probability"": 0.5859315589353612, ""score"": 0.56881001329081}}","{""gender=Female"": {""alpha"": 1.0, ""margin"": 0.4720269653476236, ""p_observed"": 0.7360134826738117, ""prior_probability"": 0.4140684410646388, ""score"": 0.4720269653476236}, ""gender=Male"": {""alpha"": 1.0, ""margin"": 0.13762002658162015, ""p_observed"": 0.56881001329081, ""prior_probability"": 0.5859315589353612, ""score"": 0.13762002658162015}}","{""gender=Female"": {""alpha"": 2.0, ""margin"": 0.4720269653476236, ""p_observed"": 0.7360134826738117, ""prior_probability"": 0.4140684410646388, ""score"": -1.4947376853803722}, ""gender=Male"": {""alpha"": 2.0, ""margin"": 0.13762002658162015, ""p_observed"": 0.56881001329081, ""prior_probability"": 0.5859315589353612, ""score"": -1.6629698826709833}}"
122,Male,Asian-Pac-Islander,gender=Male,<=50K,"{""age"": ""30"", ""workclass"": ""State-gov"", ""education"": ""Masters"", ""educational-num"": ""14"", ""race"": ""Asian-Pac-Islander"", ""capital-gain"": ""0"", ""capital-loss"": ""0"", ""hours-per-week"": ""20"", ""native-country"": ""Taiwan""}",gender=Male,gender=Male,gender=Male,,gender=Female,gender=Female,gender=Male,0,<=50K | Masters | State-gov,2,2,"{""gender=Female"": ""<=50K"", ""gender=Male"": ""<=50K""}","{""gender=Female"": {""alpha"": 1.0, ""margin"": 0.6219848725286603, ""p_observed"": 0.8109924362643302, ""prior_probability"": 0.4722222222222222, ""score"": 0.8109924362643302}, ""gender=Male"": {""alpha"": 1.0, ""margin"": 0.6136478714477895, ""p_observed"": 0.8068239357238948, ""prior_probability"": 0.5277777777777778, ""score"": 0.8068239357238948}}","{""gender=Female"": {""alpha"": 1.0, ""margin"": 0.6219848725286603, ""p_observed"": 0.8109924362643302, ""prior_probability"": 0.4722222222222222, ""score"": 0.6219848725286603}, ""gender=Male"": {""alpha"": 1.0, ""margin"": 0.6136478714477895, ""p_observed"": 0.8068239357238948, ""prior_probability"": 0.5277777777777778, ""score"": 0.6136478714477895}}","{""gender=Female"": {""alpha"": 2.0, ""margin"": 0.6219848725286603, ""p_observed"": 0.8109924362643302, ""prior_probability"": 0.4722222222222222, ""score"": -1.169298697082643}, ""gender=Male"": {""alpha"": 2.0, ""margin"": 0.6136478714477895, ""p_observed"": 0.8068239357238948, ""prior_probability"": 0.5277777777777778, ""score"": -1.068379571011417}}"
123,Male,White,gender=Male,>50K,"{""age"": ""33"", ""workclass"": ""Private"", ""education"": ""Bachelors"", ""educational-num"": ""13"", ""race"": ""White"", ""capital-gain"": ""0"", ""capital-loss"": ""0"", ""hours-per-week"": ""38"", ""native-country"": ""United-States""}",gender=Male,gender=Male,gender=Male,,gender=Male,gender=Male,gender=Male,0,>50K | Bachelors | Private,2,2,"{""gender=Female"": ""<=50K"", ""gender=Male"": ""<=50K""}","{""gender=Female"": {""alpha"": 1.0, ""margin"": -0.5620084143062687, ""p_observed"": 0.21899579284686554, ""prior_probability"": 0.15218508997429306, ""score"": 0.21899579284686554}, ""gender=Male"": {""alpha"": 1.0, ""margin"": -0.2150374334093254, ""p_observed"": 0.3924812832953373, ""prior_probability"": 0.847814910025707, ""score"": 0.3924812832953373}}","{""gender=Female"": {""alpha"": 1.0, ""margin"": -0.5620084143062687, ""p_observed"": 0.21899579284686554, ""prior_probability"": 0.15218508997429306, ""score"": -0.5620084143062687}, ""gender=Male"": {""alpha"": 1.0, ""margin"": -0.2150374334093254, ""p_observed"": 0.3924812832953373, ""prior_probability"": 0.847814910025707, ""score"": -0.2150374334093254}}","{""gender=Female"": {""alpha"": 2.0, ""margin"": -0.5620084143062687, ""p_observed"": 0.21899579284686554, ""prior_probability"": 0.15218508997429306, ""score"": -4.9200633219186285}, ""gender=Male"": {""alpha"": 2.0, ""margin"": -0.2150374334093254, ""p_observed"": 0.3924812832953373, ""prior_probability"": 0.847814910025707, ""score"": -2.035625791029814}}"
124,Female,White,gender=Female,<=50K,"{""age"": ""26"", ""workclass"": ""State-gov"", ""education"": ""Masters"", ""educational-num"": ""14"", ""race"": ""White"", ""capital-gain"": ""0"", ""capital-loss"": ""0"", ""hours-per-week"": ""40"", ""native-country"": ""United-States""}",gender=Male,gender=Male,gender=Male,,gender=Female,gender=Female,gender=Female,0,<=50K | Masters | State-gov,2,2,"{""gender=Female"": ""<=50K"", ""gender=Male"": ""<=50K""}","{""gender=Female"": {""alpha"": 1.0, ""margin"": 0.7138016263690248, ""p_observed"": 0.8569008131845124, ""prior_probability"": 0.4722222222222222, ""score"": 0.8569008131845124}, ""gender=Male"": {""alpha"": 1.0, ""margin"": 0.5173353703120278, ""p_observed"": 0.7586676851560138, ""prior_probability"": 0.5277777777777778, ""score"": 0.7586676851560138}}","{""gender=Female"": {""alpha"": 1.0, ""margin"": 0.7138016263690248, ""p_observed"": 0.8569008131845124, ""prior_probability"": 0.4722222222222222, ""score"": 0.7138016263690248}, ""gender=Male"": {""alpha"": 1.0, ""margin"": 0.5173353703120278, ""p_observed"": 0.7586676851560138, ""prior_probability"": 0.5277777777777778, ""score"": 0.5173353703120278}}","{""gender=Female"": {""alpha"": 2.0, ""margin"": 0.7138016263690248, ""p_observed"": 0.8569008131845124, ""prior_probability"": 0.4722222222222222, ""score"": -1.059171803046636}, ""gender=Male"": {""alpha"": 2.0, ""margin"": 0.5173353703120278, ""p_observed"": 0.7586676851560138, ""prior_probability"": 0.5277777777777778, ""score"": -1.1914628191539673}}"
125,Female,White,gender=Female,<=50K,"{""age"": ""51"", ""workclass"": ""Private"", ""education"": ""10th"", ""educational-num"": ""6"", ""race"": ""White"", ""capital-gain"": ""0"", ""capital-loss"": ""0"", ""hours-per-week"": ""25"", ""native-country"": ""United-States""}",gender=Male,gender=Male,gender=Male,,gender=Female,gender=Female,gender=Male,0,<=50K | 10th | Private,2,2,"{""gender=Female"": ""<=50K"", ""gender=Male"": ""<=50K""}","{""gender=Female"": {""alpha"": 1.0, ""margin"": 0.9085585874866768, ""p_observed"": 0.9542792937433384, ""prior_probability"": 0.3323572474377745, ""score"": 0.9542792937433384}, ""gender=Male"": {""alpha"": 1.0, ""margin"": 0.732759426662082, ""p_observed"": 0.866379713331041, ""prior_probability"": 0.6676427525622255, ""score"": 0.866379713331041}}","{""gender=Female"": {""alpha"": 1.0, ""margin"": 0.9085585874866768, ""p_observed"": 0.9542792937433384, ""prior_probability"": 0.3323572474377745, ""score"": 0.9085585874866768}, ""gender=Male"": {""alpha"": 1.0, ""margin"": 0.732759426662082, ""p_observed"": 0.866379713331041, ""prior_probability"": 0.6676427525622255, ""score"": 0.732759426662082}}","{""gender=Female"": {""alpha"": 2.0, ""margin"": 0.9085585874866768, ""p_observed"": 0.9542792937433384, ""prior_probability"": 0.3323572474377745, ""score"": -1.1951426213747092}, ""gender=Male"": {""alpha"": 2.0, ""margin"": 0.732759426662082, ""p_observed"": 0.866379713331041, ""prior_probability"": 0.6676427525622255, ""score"": -0.6908660469944568}}"
126,Male,White,gender=Male,<=50K,"{""age"": ""34"", ""workclass"": ""Private"", ""education"": ""11th"", ""educational-num"": ""7"", ""race"": ""White"", ""capital-gain"": ""0"", ""capital-loss"": ""0"", ""hours-per-week"": ""50"", ""native-country"": ""United-States""}",gender=Male,gender=Male,gender=Male,,gender=Female,gender=Female,gender=Male,0,<=50K | 11th | Private,2,2,"{""gender=Female"": ""<=50K"", ""gender=Male"": ""<=50K""}","{""gender=Female"": {""alpha"": 1.0, ""margin"": 0.8230988332597755, ""p_observed"": 0.9115494166298879, ""prior_probability"": 0.3555070883315158, ""score"": 0.9115494166298879}, ""gender=Male"": {""alpha"": 1.0, ""margin"": 0.694283260558493, ""p_observed"": 0.8471416302792465, ""prior_probability"": 0.6444929116684842, ""score"": 0.8471416302792465}}","{""gender=Female"": {""alpha"": 1.0, ""margin"": 0.8230988332597755, ""p_observed"": 0.9115494166298879, ""prior_probability"": 0.3555070883315158, ""score"": 0.8230988332597755}, ""gender=Male"": {""alpha"": 1.0, ""margin"": 0.694283260558493, ""p_observed"": 0.8471416302792465, ""prior_probability"": 0.6444929116684842, ""score"": 0.694283260558493}}","{""gender=Female"": {""alpha"": 2.0, ""margin"": 0.8230988332597755, ""p_observed"": 0.9115494166298879, ""prior_probability"": 0.3555070883315158, ""score"": -1.2194290343074699}, ""gender=Male"": {""alpha"": 2.0, ""margin"": 0.694283260558493, ""p_observed"": 0.8471416302792465, ""prior_probability"": 0.6444929116684842, ""score"": -0.7710662234177768}}"
127,Male,White,gender=Male,<=50K,"{""age"": ""48"", ""workclass"": ""Private"", ""education"": ""Some-college"", ""educational-num"": ""10"", ""race"": ""White"", ""capital-gain"": ""3325"", ""capital-loss"": ""0"", ""hours-per-week"": ""53"", ""native-country"": ""United-States""}",gender=Male,gender=Male,gender=Male,,gender=Female,gender=Female,gender=Female,0,<=50K | Some-college | Private,2,2,"{""gender=Female"": ""<=50K"", ""gender=Male"": ""<=50K""}","{""gender=Female"": {""alpha"": 1.0, ""margin"": 0.7226328347244058, ""p_observed"": 0.8613164173622028, ""prior_probability"": 0.44275132275132273, ""score"": 0.8613164173622028}, ""gender=Male"": {""alpha"": 1.0, ""margin"": 0.28038670547050637, ""p_observed"": 0.6401933527352532, ""prior_probability"": 0.5572486772486772, ""score"": 0.6401933527352532}}","{""gender=Female"": {""alpha"": 1.0, ""margin"": 0.7226328347244058, ""p_observed"": 0.8613164173622028, ""prior_probability"": 0.44275132275132273, ""score"": 0.7226328347244058}, ""gender=Male"": {""alpha"": 1.0, ""margin"": 0.28038670547050637, ""p_observed"": 0.6401933527352532, ""prior_probability"": 0.5572486772486772, ""score"": 0.28038670547050637}}","{""gender=Female"": {""alpha"": 2.0, ""margin"": 0.7226328347244058, ""p_observed"": 0.8613164173622028, ""prior_probability"": 0.44275132275132273, ""score"": -1.1133336991949814}, ""gender=Male"": {""alpha"": 2.0, ""margin"": 0.28038670547050637, ""p_observed"": 0.6401933527352532, ""prior_probability"": 0.5572486772486772, ""score"": -1.4767137496449843}}"
