sample_index,true_gender,true_race,true_secret,true_income,known_features,prior_baseline_prediction,conditional_prior_prediction,lomia_label_only_prediction,targeted_lomia_prediction,fredrikson_confidence_map_prediction,csmia_confidence_prediction,bayes_calibrated_confidence_map_prediction,is_targeted_group,targeted_group_key,query_count,score_query_count,candidate_label_outputs,fredrikson_confidence_outputs,csmia_confidence_outputs,bayes_calibrated_confidence_outputs
0,Male,White,gender=Male,<=50K,"{""age"": ""22"", ""workclass"": ""Private"", ""education"": ""10th"", ""educational-num"": ""6"", ""race"": ""White"", ""capital-gain"": ""0"", ""capital-loss"": ""0"", ""hours-per-week"": ""30"", ""native-country"": ""United-States""}",gender=Male,gender=Male,gender=Male,,gender=Female,gender=Female,gender=Male,0,<=50K | 10th | Private,2,2,"{""gender=Female"": ""<=50K"", ""gender=Male"": ""<=50K""}","{""gender=Female"": {""alpha"": 1.0, ""margin"": 0.9738516197884565, ""p_observed"": 0.9869258098942282, ""prior_probability"": 0.3323572474377745, ""score"": 0.9869258098942282}, ""gender=Male"": {""alpha"": 1.0, ""margin"": 0.9250715349746907, ""p_observed"": 0.9625357674873453, ""prior_probability"": 0.6676427525622255, ""score"": 0.9625357674873453}}","{""gender=Female"": {""alpha"": 1.0, ""margin"": 0.9738516197884565, ""p_observed"": 0.9869258098942282, ""prior_probability"": 0.3323572474377745, ""score"": 0.9738516197884565}, ""gender=Male"": {""alpha"": 1.0, ""margin"": 0.9250715349746907, ""p_observed"": 0.9625357674873453, ""prior_probability"": 0.6676427525622255, ""score"": 0.9250715349746907}}","{""gender=Female"": {""alpha"": 2.0, ""margin"": 0.9738516197884565, ""p_observed"": 0.9869258098942282, ""prior_probability"": 0.3323572474377745, ""score"": -1.127865661397936}, ""gender=Male"": {""alpha"": 2.0, ""margin"": 0.9250715349746907, ""p_observed"": 0.9625357674873453, ""prior_probability"": 0.6676427525622255, ""score"": -0.4803701550260806}}"
1,Male,White,gender=Male,<=50K,"{""age"": ""73"", ""workclass"": ""Private"", ""education"": ""1st-4th"", ""educational-num"": ""2"", ""race"": ""White"", ""capital-gain"": ""0"", ""capital-loss"": ""1735"", ""hours-per-week"": ""20"", ""native-country"": ""United-States""}",gender=Male,gender=Male,gender=Male,,gender=Female,gender=Female,gender=Male,0,<=50K | 1st-4th | Private,2,2,"{""gender=Female"": ""<=50K"", ""gender=Male"": ""<=50K""}","{""gender=Female"": {""alpha"": 1.0, ""margin"": 0.8988032959764064, ""p_observed"": 0.9494016479882033, ""prior_probability"": 0.2535211267605634, ""score"": 0.9494016479882033}, ""gender=Male"": {""alpha"": 1.0, ""margin"": 0.7249551578196445, ""p_observed"": 0.8624775789098221, ""prior_probability"": 0.7464788732394366, ""score"": 0.8624775789098221}}","{""gender=Female"": {""alpha"": 1.0, ""margin"": 0.8988032959764064, ""p_observed"": 0.9494016479882033, ""prior_probability"": 0.2535211267605634, ""score"": 0.8988032959764064}, ""gender=Male"": {""alpha"": 1.0, ""margin"": 0.7249551578196445, ""p_observed"": 0.8624775789098221, ""prior_probability"": 0.7464788732394366, ""score"": 0.7249551578196445}}","{""gender=Female"": {""alpha"": 2.0, ""margin"": 0.8988032959764064, ""p_observed"": 0.9494016479882033, ""prior_probability"": 0.2535211267605634, ""score"": -1.476154793236538}, ""gender=Male"": {""alpha"": 2.0, ""margin"": 0.7249551578196445, ""p_observed"": 0.8624775789098221, ""prior_probability"": 0.7464788732394366, ""score"": -0.5882802152519598}}"
2,Female,White,gender=Female,<=50K,"{""age"": ""20"", ""workclass"": ""Self-emp-not-inc"", ""education"": ""Some-college"", ""educational-num"": ""10"", ""race"": ""White"", ""capital-gain"": ""0"", ""capital-loss"": ""0"", ""hours-per-week"": ""25"", ""native-country"": ""United-States""}",gender=Male,gender=Male,gender=Male,,gender=Female,gender=Female,gender=Male,0,<=50K | Some-college | Self-emp-not-inc,2,2,"{""gender=Female"": ""<=50K"", ""gender=Male"": ""<=50K""}","{""gender=Female"": {""alpha"": 1.0, ""margin"": 0.9128642175738368, ""p_observed"": 0.9564321087869183, ""prior_probability"": 0.44275132275132273, ""score"": 0.9564321087869183}, ""gender=Male"": {""alpha"": 1.0, ""margin"": 0.8696443844523192, ""p_observed"": 0.9348221922261596, ""prior_probability"": 0.5572486772486772, ""score"": 0.9348221922261596}}","{""gender=Female"": {""alpha"": 1.0, ""margin"": 0.9128642175738368, ""p_observed"": 0.9564321087869183, ""prior_probability"": 0.44275132275132273, ""score"": 0.9128642175738368}, ""gender=Male"": {""alpha"": 1.0, ""margin"": 0.8696443844523192, ""p_observed"": 0.9348221922261596, ""prior_probability"": 0.5572486772486772, ""score"": 0.8696443844523192}}","{""gender=Female"": {""alpha"": 2.0, ""margin"": 0.9128642175738368, ""p_observed"": 0.9564321087869183, ""prior_probability"": 0.44275132275132273, ""score"": -0.9038379575658497}, ""gender=Male"": {""alpha"": 2.0, ""margin"": 0.8696443844523192, ""p_observed"": 0.9348221922261596, ""prior_probability"": 0.5572486772486772, ""score"": -0.7195415534713205}}"
3,Male,White,gender=Male,<=50K,"{""age"": ""41"", ""workclass"": ""Private"", ""education"": ""5th-6th"", ""educational-num"": ""3"", ""race"": ""White"", ""capital-gain"": ""0"", ""capital-loss"": ""0"", ""hours-per-week"": ""40"", ""native-country"": ""Mexico""}",gender=Male,gender=Male,gender=Male,,gender=Female,gender=Female,gender=Male,0,<=50K | 5th-6th | Private,2,2,"{""gender=Female"": ""<=50K"", ""gender=Male"": ""<=50K""}","{""gender=Female"": {""alpha"": 1.0, ""margin"": 0.8755938800379671, ""p_observed"": 0.9377969400189834, ""prior_probability"": 0.27547169811320754, ""score"": 0.9377969400189834}, ""gender=Male"": {""alpha"": 1.0, ""margin"": 0.7966216618813317, ""p_observed"": 0.8983108309406657, ""prior_probability"": 0.7245283018867924, ""score"": 0.8983108309406657}}","{""gender=Female"": {""alpha"": 1.0, ""margin"": 0.8755938800379671, ""p_observed"": 0.9377969400189834, ""prior_probability"": 0.27547169811320754, ""score"": 0.8755938800379671}, ""gender=Male"": {""alpha"": 1.0, ""margin"": 0.7966216618813317, ""p_observed"": 0.8983108309406657, ""prior_probability"": 0.7245283018867924, ""score"": 0.7966216618813317}}","{""gender=Female"": {""alpha"": 2.0, ""margin"": 0.8755938800379671, ""p_observed"": 0.9377969400189834, ""prior_probability"": 0.27547169811320754, ""score"": -1.4177140553730034}, ""gender=Male"": {""alpha"": 2.0, ""margin"": 0.7966216618813317, ""p_observed"": 0.8983108309406657, ""prior_probability"": 0.7245283018867924, ""score"": -0.5367127212914867}}"
4,Male,White,gender=Male,<=50K,"{""age"": ""42"", ""workclass"": ""Private"", ""education"": ""HS-grad"", ""educational-num"": ""9"", ""race"": ""White"", ""capital-gain"": ""0"", ""capital-loss"": ""1672"", ""hours-per-week"": ""40"", ""native-country"": ""United-States""}",gender=Male,gender=Male,gender=Male,,gender=Female,gender=Female,gender=Male,0,<=50K | HS-grad | Private,2,2,"{""gender=Female"": ""<=50K"", ""gender=Male"": ""<=50K""}","{""gender=Female"": {""alpha"": 1.0, ""margin"": 0.8239207400917037, ""p_observed"": 0.9119603700458517, ""prior_probability"": 0.3531869020347662, ""score"": 0.9119603700458517}, ""gender=Male"": {""alpha"": 1.0, ""margin"": 0.5710904142163328, ""p_observed"": 0.7855452071081663, ""prior_probability"": 0.6468130979652338, ""score"": 0.7855452071081663}}","{""gender=Female"": {""alpha"": 1.0, ""margin"": 0.8239207400917037, ""p_observed"": 0.9119603700458517, ""prior_probability"": 0.3531869020347662, ""score"": 0.8239207400917037}, ""gender=Male"": {""alpha"": 1.0, ""margin"": 0.5710904142163328, ""p_observed"": 0.7855452071081663, ""prior_probability"": 0.6468130979652338, ""score"": 0.5710904142163328}}","{""gender=Female"": {""alpha"": 2.0, ""margin"": 0.8239207400917037, ""p_observed"": 0.9119603700458517, ""prior_probability"": 0.3531869020347662, ""score"": -1.225075382144819}, ""gender=Male"": {""alpha"": 2.0, ""margin"": 0.5710904142163328, ""p_observed"": 0.7855452071081663, ""prior_probability"": 0.6468130979652338, ""score"": -0.9184524429282038}}"
5,Male,White,gender=Male,>50K,"{""age"": ""61"", ""workclass"": ""Self-emp-inc"", ""education"": ""HS-grad"", ""educational-num"": ""9"", ""race"": ""White"", ""capital-gain"": ""0"", ""capital-loss"": ""0"", ""hours-per-week"": ""35"", ""native-country"": ""United-States""}",gender=Male,gender=Male,gender=Male,,gender=Male,gender=Male,gender=Male,0,>50K | HS-grad | Self-emp-inc,2,2,"{""gender=Female"": ""<=50K"", ""gender=Male"": ""<=50K""}","{""gender=Female"": {""alpha"": 1.0, ""margin"": -0.5302717438972229, ""p_observed"": 0.23486412805138862, ""prior_probability"": 0.129565816678153, ""score"": 0.23486412805138862}, ""gender=Male"": {""alpha"": 1.0, ""margin"": -0.43281628311054265, ""p_observed"": 0.2835918584447288, ""prior_probability"": 0.870434183321847, ""score"": 0.2835918584447288}}","{""gender=Female"": {""alpha"": 1.0, ""margin"": -0.5302717438972229, ""p_observed"": 0.23486412805138862, ""prior_probability"": 0.129565816678153, ""score"": -0.5302717438972229}, ""gender=Male"": {""alpha"": 1.0, ""margin"": -0.43281628311054265, ""p_observed"": 0.2835918584447288, ""prior_probability"": 0.870434183321847, ""score"": -0.43281628311054265}}","{""gender=Female"": {""alpha"": 2.0, ""margin"": -0.5302717438972229, ""p_observed"": 0.23486412805138862, ""prior_probability"": 0.129565816678153, ""score"": -4.941062511158945}, ""gender=Male"": {""alpha"": 2.0, ""margin"": -0.43281628311054265, ""p_observed"": 0.2835918584447288, ""prior_probability"": 0.870434183321847, ""score"": -2.659201515769733}}"
6,Male,White,gender=Male,<=50K,"{""age"": ""49"", ""workclass"": ""Local-gov"", ""education"": ""HS-grad"", ""educational-num"": ""9"", ""race"": ""White"", ""capital-gain"": ""0"", ""capital-loss"": ""0"", ""hours-per-week"": ""40"", ""native-country"": ""United-States""}",gender=Male,gender=Male,gender=Male,,gender=Female,gender=Female,gender=Male,0,<=50K | HS-grad | Local-gov,2,2,"{""gender=Female"": ""<=50K"", ""gender=Male"": ""<=50K""}","{""gender=Female"": {""alpha"": 1.0, ""margin"": 0.8034944443526112, ""p_observed"": 0.9017472221763054, ""prior_probability"": 0.3531869020347662, ""score"": 0.9017472221763054}, ""gender=Male"": {""alpha"": 1.0, ""margin"": 0.5271888411540463, ""p_observed"": 0.7635944205770231, ""prior_probability"": 0.6468130979652338, ""score"": 0.7635944205770231}}","{""gender=Female"": {""alpha"": 1.0, ""margin"": 0.8034944443526112, ""p_observed"": 0.9017472221763054, ""prior_probability"": 0.3531869020347662, ""score"": 0.8034944443526112}, ""gender=Male"": {""alpha"": 1.0, ""margin"": 0.5271888411540463, ""p_observed"": 0.7635944205770231, ""prior_probability"": 0.6468130979652338, ""score"": 0.5271888411540463}}","{""gender=Female"": {""alpha"": 2.0, ""margin"": 0.8034944443526112, ""p_observed"": 0.9017472221763054, ""prior_probability"": 0.3531869020347662, ""score"": -1.2475999740150892}, ""gender=Male"": {""alpha"": 2.0, ""margin"": 0.5271888411540463, ""p_observed"": 0.7635944205770231, ""prior_probability"": 0.6468130979652338, ""score"": -0.9751348888589718}}"
7,Female,White,gender=Female,<=50K,"{""age"": ""45"", ""workclass"": ""Local-gov"", ""education"": ""HS-grad"", ""educational-num"": ""9"", ""race"": ""White"", ""capital-gain"": ""0"", ""capital-loss"": ""0"", ""hours-per-week"": ""37"", ""native-country"": ""United-States""}",gender=Male,gender=Male,gender=Male,,gender=Female,gender=Female,gender=Male,0,<=50K | HS-grad | Local-gov,2,2,"{""gender=Female"": ""<=50K"", ""gender=Male"": ""<=50K""}","{""gender=Female"": {""alpha"": 1.0, ""margin"": 0.8137992202883925, ""p_observed"": 0.9068996101441961, ""prior_probability"": 0.3531869020347662, ""score"": 0.9068996101441961}, ""gender=Male"": {""alpha"": 1.0, ""margin"": 0.6051048049702235, ""p_observed"": 0.8025524024851117, ""prior_probability"": 0.6468130979652338, ""score"": 0.8025524024851117}}","{""gender=Female"": {""alpha"": 1.0, ""margin"": 0.8137992202883925, ""p_observed"": 0.9068996101441961, ""prior_probability"": 0.3531869020347662, ""score"": 0.8137992202883925}, ""gender=Male"": {""alpha"": 1.0, ""margin"": 0.6051048049702235, ""p_observed"": 0.8025524024851117, ""prior_probability"": 0.6468130979652338, ""score"": 0.6051048049702235}}","{""gender=Female"": {""alpha"": 2.0, ""margin"": 0.8137992202883925, ""p_observed"": 0.9068996101441961, ""prior_probability"": 0.3531869020347662, ""score"": -1.2362049314589196}, ""gender=Male"": {""alpha"": 2.0, ""margin"": 0.6051048049702235, ""p_observed"": 0.8025524024851117, ""prior_probability"": 0.6468130979652338, ""score"": -0.8756141552001271}}"
8,Male,White,gender=Male,>50K,"{""age"": ""51"", ""workclass"": ""Private"", ""education"": ""Assoc-acdm"", ""educational-num"": ""12"", ""race"": ""White"", ""capital-gain"": ""5178"", ""capital-loss"": ""0"", ""hours-per-week"": ""45"", ""native-country"": ""United-States""}",gender=Male,gender=Male,gender=Male,,gender=Male,gender=Male,gender=Male,0,>50K | Assoc-acdm | Private,2,2,"{""gender=Female"": ""<=50K"", ""gender=Male"": "">50K""}","{""gender=Female"": {""alpha"": 1.0, ""margin"": -0.3571723959299475, ""p_observed"": 0.3214138020350264, ""prior_probability"": 0.19827586206896552, ""score"": 0.3214138020350264}, ""gender=Male"": {""alpha"": 1.0, ""margin"": 0.44105388222103725, ""p_observed"": 0.7205269411105187, ""prior_probability"": 0.8017241379310345, ""score"": 0.7205269411105187}}","{""gender=Female"": {""alpha"": 1.0, ""margin"": -0.3571723959299475, ""p_observed"": 0.3214138020350264, ""prior_probability"": 0.19827586206896552, ""score"": -0.3571723959299475}, ""gender=Male"": {""alpha"": 1.0, ""margin"": 0.44105388222103725, ""p_observed"": 0.7205269411105187, ""prior_probability"": 0.8017241379310345, ""score"": 0.44105388222103725}}","{""gender=Female"": {""alpha"": 2.0, ""margin"": -0.3571723959299475, ""p_observed"": 0.3214138020350264, ""prior_probability"": 0.19827586206896552, ""score"": -3.8881477414153043}, ""gender=Male"": {""alpha"": 2.0, ""margin"": 0.44105388222103725, ""p_observed"": 0.7205269411105187, ""prior_probability"": 0.8017241379310345, ""score"": -0.8765356419519363}}"
9,Female,White,gender=Female,<=50K,"{""age"": ""18"", ""workclass"": ""Private"", ""education"": ""HS-grad"", ""educational-num"": ""9"", ""race"": ""White"", ""capital-gain"": ""0"", ""capital-loss"": ""0"", ""hours-per-week"": ""20"", ""native-country"": ""United-States""}",gender=Male,gender=Male,gender=Male,,gender=Female,gender=Female,gender=Male,0,<=50K | HS-grad | Private,2,2,"{""gender=Female"": ""<=50K"", ""gender=Male"": ""<=50K""}","{""gender=Female"": {""alpha"": 1.0, ""margin"": 0.9574641458842439, ""p_observed"": 0.978732072942122, ""prior_probability"": 0.3531869020347662, ""score"": 0.978732072942122}, ""gender=Male"": {""alpha"": 1.0, ""margin"": 0.907980475441069, ""p_observed"": 0.9539902377205344, ""prior_probability"": 0.6468130979652338, ""score"": 0.9539902377205344}}","{""gender=Female"": {""alpha"": 1.0, ""margin"": 0.9574641458842439, ""p_observed"": 0.978732072942122, ""prior_probability"": 0.3531869020347662, ""score"": 0.9574641458842439}, ""gender=Male"": {""alpha"": 1.0, ""margin"": 0.907980475441069, ""p_observed"": 0.9539902377205344, ""prior_probability"": 0.6468130979652338, ""score"": 0.907980475441069}}","{""gender=Female"": {""alpha"": 2.0, ""margin"": 0.9574641458842439, ""p_observed"": 0.978732072942122, ""prior_probability"": 0.3531869020347662, ""score"": -1.0837525908940708}, ""gender=Male"": {""alpha"": 2.0, ""margin"": 0.907980475441069, ""p_observed"": 0.9539902377205344, ""prior_probability"": 0.6468130979652338, ""score"": -0.5299015822412542}}"
10,Male,White,gender=Male,<=50K,"{""age"": ""27"", ""workclass"": ""Private"", ""education"": ""HS-grad"", ""educational-num"": ""9"", ""race"": ""White"", ""capital-gain"": ""0"", ""capital-loss"": ""0"", ""hours-per-week"": ""40"", ""native-country"": ""United-States""}",gender=Male,gender=Male,gender=Male,,gender=Female,gender=Female,gender=Male,0,<=50K | HS-grad | Private,2,2,"{""gender=Female"": ""<=50K"", ""gender=Male"": ""<=50K""}","{""gender=Female"": {""alpha"": 1.0, ""margin"": 0.917475587486382, ""p_observed"": 0.958737793743191, ""prior_probability"": 0.3531869020347662, ""score"": 0.958737793743191}, ""gender=Male"": {""alpha"": 1.0, ""margin"": 0.826030873098181, ""p_observed"": 0.9130154365490905, ""prior_probability"": 0.6468130979652338, ""score"": 0.9130154365490905}}","{""gender=Female"": {""alpha"": 1.0, ""margin"": 0.917475587486382, ""p_observed"": 0.958737793743191, ""prior_probability"": 0.3531869020347662, ""score"": 0.917475587486382}, ""gender=Male"": {""alpha"": 1.0, ""margin"": 0.826030873098181, ""p_observed"": 0.9130154365490905, ""prior_probability"": 0.6468130979652338, ""score"": 0.826030873098181}}","{""gender=Female"": {""alpha"": 2.0, ""margin"": 0.917475587486382, ""p_observed"": 0.958737793743191, ""prior_probability"": 0.3531869020347662, ""score"": -1.1250332102666063}, ""gender=Male"": {""alpha"": 2.0, ""margin"": 0.826030873098181, ""p_observed"": 0.9130154365490905, ""prior_probability"": 0.6468130979652338, ""score"": -0.6177028831308649}}"
11,Female,White,gender=Female,<=50K,"{""age"": ""55"", ""workclass"": ""Private"", ""education"": ""Bachelors"", ""educational-num"": ""13"", ""race"": ""White"", ""capital-gain"": ""0"", ""capital-loss"": ""0"", ""hours-per-week"": ""8"", ""native-country"": ""United-States""}",gender=Male,gender=Male,gender=Male,,gender=Female,gender=Female,gender=Female,0,<=50K | Bachelors | Private,2,2,"{""gender=Female"": ""<=50K"", ""gender=Male"": ""<=50K""}","{""gender=Female"": {""alpha"": 1.0, ""margin"": 0.552160564809073, ""p_observed"": 0.7760802824045365, ""prior_probability"": 0.4140684410646388, ""score"": 0.7760802824045365}, ""gender=Male"": {""alpha"": 1.0, ""margin"": 0.17727132580228566, ""p_observed"": 0.5886356629011429, ""prior_probability"": 0.5859315589353612, ""score"": 0.5886356629011429}}","{""gender=Female"": {""alpha"": 1.0, ""margin"": 0.552160564809073, ""p_observed"": 0.7760802824045365, ""prior_probability"": 0.4140684410646388, ""score"": 0.552160564809073}, ""gender=Male"": {""alpha"": 1.0, ""margin"": 0.17727132580228566, ""p_observed"": 0.5886356629011429, ""prior_probability"": 0.5859315589353612, ""score"": 0.17727132580228566}}","{""gender=Female"": {""alpha"": 2.0, ""margin"": 0.552160564809073, ""p_observed"": 0.7760802824045365, ""prior_probability"": 0.4140684410646388, ""score"": -1.3887226171254845}, ""gender=Male"": {""alpha"": 2.0, ""margin"": 0.17727132580228566, ""p_observed"": 0.5886356629011429, ""prior_probability"": 0.5859315589353612, ""score"": -1.5944480011550757}}"
12,Male,White,gender=Male,>50K,"{""age"": ""61"", ""workclass"": ""Self-emp-inc"", ""education"": ""HS-grad"", ""educational-num"": ""9"", ""race"": ""White"", ""capital-gain"": ""0"", ""capital-loss"": ""0"", ""hours-per-week"": ""20"", ""native-country"": ""United-States""}",gender=Male,gender=Male,gender=Male,,gender=Male,gender=Male,gender=Male,0,>50K | HS-grad | Self-emp-inc,2,2,"{""gender=Female"": ""<=50K"", ""gender=Male"": ""<=50K""}","{""gender=Female"": {""alpha"": 1.0, ""margin"": -0.4882517672138057, ""p_observed"": 0.2558741163930972, ""prior_probability"": 0.129565816678153, ""score"": 0.2558741163930972}, ""gender=Male"": {""alpha"": 1.0, ""margin"": -0.45791107950643306, ""p_observed"": 0.2710444602467835, ""prior_probability"": 0.870434183321847, ""score"": 0.2710444602467835}}","{""gender=Female"": {""alpha"": 1.0, ""margin"": -0.4882517672138057, ""p_observed"": 0.2558741163930972, ""prior_probability"": 0.129565816678153, ""score"": -0.4882517672138057}, ""gender=Male"": {""alpha"": 1.0, ""margin"": -0.45791107950643306, ""p_observed"": 0.2710444602467835, ""prior_probability"": 0.870434183321847, ""score"": -0.45791107950643306}}","{""gender=Female"": {""alpha"": 2.0, ""margin"": -0.4882517672138057, ""p_observed"": 0.2558741163930972, ""prior_probability"": 0.129565816678153, ""score"": -4.769705666618798}, ""gender=Male"": {""alpha"": 2.0, ""margin"": -0.45791107950643306, ""p_observed"": 0.2710444602467835, ""prior_probability"": 0.870434183321847, ""score"": -2.749707953748832}}"
13,Female,White,gender=Female,>50K,"{""age"": ""57"", ""workclass"": ""Private"", ""education"": ""Bachelors"", ""educational-num"": ""13"", ""race"": ""White"", ""capital-gain"": ""0"", ""capital-loss"": ""0"", ""hours-per-week"": ""45"", ""native-country"": ""United-States""}",gender=Male,gender=Male,gender=Male,,gender=Male,gender=Male,gender=Male,0,>50K | Bachelors | Private,2,2,"{""gender=Female"": ""<=50K"", ""gender=Male"": "">50K""}","{""gender=Female"": {""alpha"": 1.0, ""margin"": -0.4362072369261178, ""p_observed"": 0.28189638153694113, ""prior_probability"": 0.15218508997429306, ""score"": 0.28189638153694113}, ""gender=Male"": {""alpha"": 1.0, ""margin"": 0.20027397776234457, ""p_observed"": 0.6001369888811723, ""prior_probability"": 0.847814910025707, ""score"": 0.6001369888811723}}","{""gender=Female"": {""alpha"": 1.0, ""margin"": -0.4362072369261178, ""p_observed"": 0.28189638153694113, ""prior_probability"": 0.15218508997429306, ""score"": -0.4362072369261178}, ""gender=Male"": {""alpha"": 1.0, ""margin"": 0.20027397776234457, ""p_observed"": 0.6001369888811723, ""prior_probability"": 0.847814910025707, ""score"": 0.20027397776234457}}","{""gender=Female"": {""alpha"": 2.0, ""margin"": -0.4362072369261178, ""p_observed"": 0.28189638153694113, ""prior_probability"": 0.15218508997429306, ""score"": -4.415089235579497}, ""gender=Male"": {""alpha"": 2.0, ""margin"": 0.20027397776234457, ""p_observed"": 0.6001369888811723, ""prior_probability"": 0.847814910025707, ""score"": -1.1862876035407375}}"
14,Female,White,gender=Female,<=50K,"{""age"": ""56"", ""workclass"": ""State-gov"", ""education"": ""Some-college"", ""educational-num"": ""10"", ""race"": ""White"", ""capital-gain"": ""0"", ""capital-loss"": ""0"", ""hours-per-week"": ""35"", ""native-country"": ""United-States""}",gender=Male,gender=Male,gender=Male,,gender=Female,gender=Female,gender=Female,0,<=50K | Some-college | State-gov,2,2,"{""gender=Female"": ""<=50K"", ""gender=Male"": ""<=50K""}","{""gender=Female"": {""alpha"": 1.0, ""margin"": 0.8144537898658587, ""p_observed"": 0.9072268949329292, ""prior_probability"": 0.44275132275132273, ""score"": 0.9072268949329292}, ""gender=Male"": {""alpha"": 1.0, ""margin"": 0.4476660708184257, ""p_observed"": 0.7238330354092127, ""prior_probability"": 0.5572486772486772, ""score"": 0.7238330354092127}}","{""gender=Female"": {""alpha"": 1.0, ""margin"": 0.8144537898658587, ""p_observed"": 0.9072268949329292, ""prior_probability"": 0.44275132275132273, ""score"": 0.8144537898658587}, ""gender=Male"": {""alpha"": 1.0, ""margin"": 0.4476660708184257, ""p_observed"": 0.7238330354092127, ""prior_probability"": 0.5572486772486772, ""score"": 0.4476660708184257}}","{""gender=Female"": {""alpha"": 2.0, ""margin"": 0.8144537898658587, ""p_observed"": 0.9072268949329292, ""prior_probability"": 0.44275132275132273, ""score"": -1.0094724154590229}, ""gender=Male"": {""alpha"": 2.0, ""margin"": 0.4476660708184257, ""p_observed"": 0.7238330354092127, ""prior_probability"": 0.5572486772486772, ""score"": -1.2311327349667511}}"
15,Male,White,gender=Male,<=50K,"{""age"": ""42"", ""workclass"": ""Private"", ""education"": ""Some-college"", ""educational-num"": ""10"", ""race"": ""White"", ""capital-gain"": ""0"", ""capital-loss"": ""0"", ""hours-per-week"": ""45"", ""native-country"": ""United-States""}",gender=Male,gender=Male,gender=Male,,gender=Female,gender=Female,gender=Female,0,<=50K | Some-college | Private,2,2,"{""gender=Female"": ""<=50K"", ""gender=Male"": ""<=50K""}","{""gender=Female"": {""alpha"": 1.0, ""margin"": 0.7149034222825814, ""p_observed"": 0.8574517111412906, ""prior_probability"": 0.44275132275132273, ""score"": 0.8574517111412906}, ""gender=Male"": {""alpha"": 1.0, ""margin"": 0.2831871427335598, ""p_observed"": 0.64159357136678, ""prior_probability"": 0.5572486772486772, ""score"": 0.64159357136678}}","{""gender=Female"": {""alpha"": 1.0, ""margin"": 0.7149034222825814, ""p_observed"": 0.8574517111412906, ""prior_probability"": 0.44275132275132273, ""score"": 0.7149034222825814}, ""gender=Male"": {""alpha"": 1.0, ""margin"": 0.2831871427335598, ""p_observed"": 0.64159357136678, ""prior_probability"": 0.5572486772486772, ""score"": 0.2831871427335598}}","{""gender=Female"": {""alpha"": 2.0, ""margin"": 0.7149034222825814, ""p_observed"": 0.8574517111412906, ""prior_probability"": 0.44275132275132273, ""score"": -1.1223278448741545}, ""gender=Male"": {""alpha"": 2.0, ""margin"": 0.2831871427335598, ""p_observed"": 0.64159357136678, ""prior_probability"": 0.5572486772486772, ""score"": -1.4723441647719548}}"
16,Male,Black,gender=Male,<=50K,"{""age"": ""48"", ""workclass"": ""Private"", ""education"": ""Some-college"", ""educational-num"": ""10"", ""race"": ""Black"", ""capital-gain"": ""0"", ""capital-loss"": ""0"", ""hours-per-week"": ""40"", ""native-country"": ""United-States""}",gender=Male,gender=Male,gender=Male,,gender=Female,gender=Female,gender=Female,0,<=50K | Some-college | Private,2,2,"{""gender=Female"": ""<=50K"", ""gender=Male"": ""<=50K""}","{""gender=Female"": {""alpha"": 1.0, ""margin"": 0.8378662284540793, ""p_observed"": 0.9189331142270396, ""prior_probability"": 0.44275132275132273, ""score"": 0.9189331142270396}, ""gender=Male"": {""alpha"": 1.0, ""margin"": 0.4401385315585912, ""p_observed"": 0.7200692657792954, ""prior_probability"": 0.5572486772486772, ""score"": 0.7200692657792954}}","{""gender=Female"": {""alpha"": 1.0, ""margin"": 0.8378662284540793, ""p_observed"": 0.9189331142270396, ""prior_probability"": 0.44275132275132273, ""score"": 0.8378662284540793}, ""gender=Male"": {""alpha"": 1.0, ""margin"": 0.4401385315585912, ""p_observed"": 0.7200692657792954, ""prior_probability"": 0.5572486772486772, ""score"": 0.4401385315585912}}","{""gender=Female"": {""alpha"": 2.0, ""margin"": 0.8378662284540793, ""p_observed"": 0.9189331142270396, ""prior_probability"": 0.44275132275132273, ""score"": -0.9838308953671733}, ""gender=Male"": {""alpha"": 2.0, ""margin"": 0.4401385315585912, ""p_observed"": 0.7200692657792954, ""prior_probability"": 0.5572486772486772, ""score"": -1.2415594186874406}}"
17,Male,Black,gender=Male,<=50K,"{""age"": ""21"", ""workclass"": ""Private"", ""education"": ""Some-college"", ""educational-num"": ""10"", ""race"": ""Black"", ""capital-gain"": ""0"", ""capital-loss"": ""0"", ""hours-per-week"": ""40"", ""native-country"": ""United-States""}",gender=Male,gender=Male,gender=Male,,gender=Female,gender=Female,gender=Male,0,<=50K | Some-college | Private,2,2,"{""gender=Female"": ""<=50K"", ""gender=Male"": ""<=50K""}","{""gender=Female"": {""alpha"": 1.0, ""margin"": 0.9447529245363273, ""p_observed"": 0.9723764622681635, ""prior_probability"": 0.44275132275132273, ""score"": 0.9723764622681635}, ""gender=Male"": {""alpha"": 1.0, ""margin"": 0.8742449222367047, ""p_observed"": 0.9371224611183523, ""prior_probability"": 0.5572486772486772, ""score"": 0.9371224611183523}}","{""gender=Female"": {""alpha"": 1.0, ""margin"": 0.9447529245363273, ""p_observed"": 0.9723764622681635, ""prior_probability"": 0.44275132275132273, ""score"": 0.9447529245363273}, ""gender=Male"": {""alpha"": 1.0, ""margin"": 0.8742449222367047, ""p_observed"": 0.9371224611183523, ""prior_probability"": 0.5572486772486772, ""score"": 0.8742449222367047}}","{""gender=Female"": {""alpha"": 2.0, ""margin"": 0.9447529245363273, ""p_observed"": 0.9723764622681635, ""prior_probability"": 0.44275132275132273, ""score"": -0.8707715000338073}, ""gender=Male"": {""alpha"": 2.0, ""margin"": 0.8742449222367047, ""p_observed"": 0.9371224611183523, ""prior_probability"": 0.5572486772486772, ""score"": -0.7146263012049232}}"
18,Male,White,gender=Male,<=50K,"{""age"": ""62"", ""workclass"": ""Private"", ""education"": ""Bachelors"", ""educational-num"": ""13"", ""race"": ""White"", ""capital-gain"": ""0"", ""capital-loss"": ""0"", ""hours-per-week"": ""30"", ""native-country"": ""United-States""}",gender=Male,gender=Male,gender=Male,,gender=Female,gender=Female,gender=Female,0,<=50K | Bachelors | Private,2,2,"{""gender=Female"": ""<=50K"", ""gender=Male"": ""<=50K""}","{""gender=Female"": {""alpha"": 1.0, ""margin"": 0.5671245334893809, ""p_observed"": 0.7835622667446904, ""prior_probability"": 0.4140684410646388, ""score"": 0.7835622667446904}, ""gender=Male"": {""alpha"": 1.0, ""margin"": 0.19175971022488075, ""p_observed"": 0.5958798551124405, ""prior_probability"": 0.5859315589353612, ""score"": 0.5958798551124405}}","{""gender=Female"": {""alpha"": 1.0, ""margin"": 0.5671245334893809, ""p_observed"": 0.7835622667446904, ""prior_probability"": 0.4140684410646388, ""score"": 0.5671245334893809}, ""gender=Male"": {""alpha"": 1.0, ""margin"": 0.19175971022488075, ""p_observed"": 0.5958798551124405, ""prior_probability"": 0.5859315589353612, ""score"": 0.19175971022488075}}","{""gender=Female"": {""alpha"": 2.0, ""margin"": 0.5671245334893809, ""p_observed"": 0.7835622667446904, ""prior_probability"": 0.4140684410646388, ""score"": -1.3695334978220182}, ""gender=Male"": {""alpha"": 2.0, ""margin"": 0.19175971022488075, ""p_observed"": 0.5958798551124405, ""prior_probability"": 0.5859315589353612, ""score"": -1.56998472509102}}"
19,Female,Black,gender=Female,<=50K,"{""age"": ""45"", ""workclass"": ""Private"", ""education"": ""HS-grad"", ""educational-num"": ""9"", ""race"": ""Black"", ""capital-gain"": ""0"", ""capital-loss"": ""0"", ""hours-per-week"": ""50"", ""native-country"": ""United-States""}",gender=Male,gender=Male,gender=Male,,gender=Female,gender=Female,gender=Male,0,<=50K | HS-grad | Private,2,2,"{""gender=Female"": ""<=50K"", ""gender=Male"": ""<=50K""}","{""gender=Female"": {""alpha"": 1.0, ""margin"": 0.8359399529551617, ""p_observed"": 0.9179699764775808, ""prior_probability"": 0.3531869020347662, ""score"": 0.9179699764775808}, ""gender=Male"": {""alpha"": 1.0, ""margin"": 0.5213681763088827, ""p_observed"": 0.7606840881544414, ""prior_probability"": 0.6468130979652338, ""score"": 0.7606840881544414}}","{""gender=Female"": {""alpha"": 1.0, ""margin"": 0.8359399529551617, ""p_observed"": 0.9179699764775808, ""prior_probability"": 0.3531869020347662, ""score"": 0.8359399529551617}, ""gender=Male"": {""alpha"": 1.0, ""margin"": 0.5213681763088827, ""p_observed"": 0.7606840881544414, ""prior_probability"": 0.6468130979652338, ""score"": 0.5213681763088827}}","{""gender=Female"": {""alpha"": 2.0, ""margin"": 0.8359399529551617, ""p_observed"": 0.9179699764775808, ""prior_probability"": 0.3531869020347662, ""score"": -1.211939083163909}, ""gender=Male"": {""alpha"": 2.0, ""margin"": 0.5213681763088827, ""p_observed"": 0.7606840881544414, ""prior_probability"": 0.6468130979652338, ""score"": -0.98277217021524}}"
20,Female,Black,gender=Female,<=50K,"{""age"": ""51"", ""workclass"": ""Local-gov"", ""education"": ""Some-college"", ""educational-num"": ""10"", ""race"": ""Black"", ""capital-gain"": ""0"", ""capital-loss"": ""0"", ""hours-per-week"": ""40"", ""native-country"": ""United-States""}",gender=Male,gender=Male,gender=Male,,gender=Female,gender=Female,gender=Female,0,<=50K | Some-college | Local-gov,2,2,"{""gender=Female"": ""<=50K"", ""gender=Male"": ""<=50K""}","{""gender=Female"": {""alpha"": 1.0, ""margin"": 0.8201075270902586, ""p_observed"": 0.9100537635451291, ""prior_probability"": 0.44275132275132273, ""score"": 0.9100537635451291}, ""gender=Male"": {""alpha"": 1.0, ""margin"": 0.4296771553262067, ""p_observed"": 0.7148385776631032, ""prior_probability"": 0.5572486772486772, ""score"": 0.7148385776631032}}","{""gender=Female"": {""alpha"": 1.0, ""margin"": 0.8201075270902586, ""p_observed"": 0.9100537635451291, ""prior_probability"": 0.44275132275132273, ""score"": 0.8201075270902586}, ""gender=Male"": {""alpha"": 1.0, ""margin"": 0.4296771553262067, ""p_observed"": 0.7148385776631032, ""prior_probability"": 0.5572486772486772, ""score"": 0.4296771553262067}}","{""gender=Female"": {""alpha"": 2.0, ""margin"": 0.8201075270902586, ""p_observed"": 0.9100537635451291, ""prior_probability"": 0.44275132275132273, ""score"": -1.0032502155382717}, ""gender=Male"": {""alpha"": 2.0, ""margin"": 0.4296771553262067, ""p_observed"": 0.7148385776631032, ""prior_probability"": 0.5572486772486772, ""score"": -1.2561407349978277}}"
21,Male,White,gender=Male,<=50K,"{""age"": ""44"", ""workclass"": ""Private"", ""education"": ""Bachelors"", ""educational-num"": ""13"", ""race"": ""White"", ""capital-gain"": ""0"", ""capital-loss"": ""0"", ""hours-per-week"": ""55"", ""native-country"": ""United-States""}",gender=Male,gender=Male,gender=Female,,gender=Female,gender=Female,gender=Female,0,<=50K | Bachelors | Private,2,2,"{""gender=Female"": ""<=50K"", ""gender=Male"": "">50K""}","{""gender=Female"": {""alpha"": 1.0, ""margin"": 0.35247232805463036, ""p_observed"": 0.6762361640273151, ""prior_probability"": 0.4140684410646388, ""score"": 0.6762361640273151}, ""gender=Male"": {""alpha"": 1.0, ""margin"": -0.1934882314842301, ""p_observed"": 0.40325588425788494, ""prior_probability"": 0.5859315589353612, ""score"": 0.40325588425788494}}","{""gender=Female"": {""alpha"": 1.0, ""margin"": 0.35247232805463036, ""p_observed"": 0.6762361640273151, ""prior_probability"": 0.4140684410646388, ""score"": 0.35247232805463036}, ""gender=Male"": {""alpha"": 1.0, ""margin"": -0.1934882314842301, ""p_observed"": 0.40325588425788494, ""prior_probability"": 0.5859315589353612, ""score"": -0.1934882314842301}}","{""gender=Female"": {""alpha"": 2.0, ""margin"": 0.35247232805463036, ""p_observed"": 0.6762361640273151, ""prior_probability"": 0.4140684410646388, ""score"": -1.664149819997757}, ""gender=Male"": {""alpha"": 2.0, ""margin"": -0.1934882314842301, ""p_observed"": 0.40325588425788494, ""prior_probability"": 0.5859315589353612, ""score"": -2.3509202298501997}}"
22,Female,White,gender=Female,<=50K,"{""age"": ""28"", ""workclass"": ""Local-gov"", ""education"": ""Bachelors"", ""educational-num"": ""13"", ""race"": ""White"", ""capital-gain"": ""2354"", ""capital-loss"": ""0"", ""hours-per-week"": ""60"", ""native-country"": ""United-States""}",gender=Male,gender=Male,gender=Male,,gender=Female,gender=Female,gender=Female,0,<=50K | Bachelors | Local-gov,2,2,"{""gender=Female"": ""<=50K"", ""gender=Male"": ""<=50K""}","{""gender=Female"": {""alpha"": 1.0, ""margin"": 0.6438821159229344, ""p_observed"": 0.8219410579614672, ""prior_probability"": 0.4140684410646388, ""score"": 0.8219410579614672}, ""gender=Male"": {""alpha"": 1.0, ""margin"": 0.27784031254351604, ""p_observed"": 0.638920156271758, ""prior_probability"": 0.5859315589353612, ""score"": 0.638920156271758}}","{""gender=Female"": {""alpha"": 1.0, ""margin"": 0.6438821159229344, ""p_observed"": 0.8219410579614672, ""prior_probability"": 0.4140684410646388, ""score"": 0.6438821159229344}, ""gender=Male"": {""alpha"": 1.0, ""margin"": 0.27784031254351604, ""p_observed"": 0.638920156271758, ""prior_probability"": 0.5859315589353612, ""score"": 0.27784031254351604}}","{""gender=Female"": {""alpha"": 2.0, ""margin"": 0.6438821159229344, ""p_observed"": 0.8219410579614672, ""prior_probability"": 0.4140684410646388, ""score"": -1.2738971865186768}, ""gender=Male"": {""alpha"": 2.0, ""margin"": 0.27784031254351604, ""p_observed"": 0.638920156271758, ""prior_probability"": 0.5859315589353612, ""score"": -1.4305038567977906}}"
23,Male,White,gender=Male,>50K,"{""age"": ""55"", ""workclass"": ""Private"", ""education"": ""Some-college"", ""educational-num"": ""10"", ""race"": ""White"", ""capital-gain"": ""0"", ""capital-loss"": ""1977"", ""hours-per-week"": ""35"", ""native-country"": ""United-States""}",gender=Male,gender=Male,gender=Male,,gender=Male,gender=Male,gender=Male,0,>50K | Some-college | Private,2,2,"{""gender=Female"": ""<=50K"", ""gender=Male"": "">50K""}","{""gender=Female"": {""alpha"": 1.0, ""margin"": -0.03707018545502405, ""p_observed"": 0.48146490727248803, ""prior_probability"": 0.1390946502057613, ""score"": 0.48146490727248803}, ""gender=Male"": {""alpha"": 1.0, ""margin"": 0.3391849333582177, ""p_observed"": 0.6695924666791089, ""prior_probability"": 0.8609053497942387, ""score"": 0.6695924666791089}}","{""gender=Female"": {""alpha"": 1.0, ""margin"": -0.03707018545502405, ""p_observed"": 0.48146490727248803, ""prior_probability"": 0.1390946502057613, ""score"": -0.03707018545502405}, ""gender=Male"": {""alpha"": 1.0, ""margin"": 0.3391849333582177, ""p_observed"": 0.6695924666791089, ""prior_probability"": 0.8609053497942387, ""score"": 0.3391849333582177}}","{""gender=Female"": {""alpha"": 2.0, ""margin"": -0.03707018545502405, ""p_observed"": 0.48146490727248803, ""prior_probability"": 0.1390946502057613, ""score"": -3.4344445058364355}, ""gender=Male"": {""alpha"": 2.0, ""margin"": 0.3391849333582177, ""p_observed"": 0.6695924666791089, ""prior_probability"": 0.8609053497942387, ""score"": -0.9519427318485539}}"
24,Male,White,gender=Male,<=50K,"{""age"": ""33"", ""workclass"": ""State-gov"", ""education"": ""HS-grad"", ""educational-num"": ""9"", ""race"": ""White"", ""capital-gain"": ""0"", ""capital-loss"": ""0"", ""hours-per-week"": ""37"", ""native-country"": ""United-States""}",gender=Male,gender=Male,gender=Male,,gender=Female,gender=Female,gender=Male,0,<=50K | HS-grad | State-gov,2,2,"{""gender=Female"": ""<=50K"", ""gender=Male"": ""<=50K""}","{""gender=Female"": {""alpha"": 1.0, ""margin"": 0.8713178371928831, ""p_observed"": 0.9356589185964413, ""prior_probability"": 0.3531869020347662, ""score"": 0.9356589185964413}, ""gender=Male"": {""alpha"": 1.0, ""margin"": 0.7115404642364169, ""p_observed"": 0.8557702321182085, ""prior_probability"": 0.6468130979652338, ""score"": 0.8557702321182085}}","{""gender=Female"": {""alpha"": 1.0, ""margin"": 0.8713178371928831, ""p_observed"": 0.9356589185964413, ""prior_probability"": 0.3531869020347662, ""score"": 0.8713178371928831}, ""gender=Male"": {""alpha"": 1.0, ""margin"": 0.7115404642364169, ""p_observed"": 0.8557702321182085, ""prior_probability"": 0.6468130979652338, ""score"": 0.7115404642364169}}","{""gender=Female"": {""alpha"": 2.0, ""margin"": 0.8713178371928831, ""p_observed"": 0.9356589185964413, ""prior_probability"": 0.3531869020347662, ""score"": -1.1737664388956444}, ""gender=Male"": {""alpha"": 2.0, ""margin"": 0.7115404642364169, ""p_observed"": 0.8557702321182085, ""prior_probability"": 0.6468130979652338, ""score"": -0.7472046196626674}}"
25,Male,White,gender=Male,<=50K,"{""age"": ""24"", ""workclass"": ""Self-emp-not-inc"", ""education"": ""HS-grad"", ""educational-num"": ""9"", ""race"": ""White"", ""capital-gain"": ""0"", ""capital-loss"": ""0"", ""hours-per-week"": ""40"", ""native-country"": ""United-States""}",gender=Male,gender=Male,gender=Male,,gender=Female,gender=Female,gender=Male,0,<=50K | HS-grad | Self-emp-not-inc,2,2,"{""gender=Female"": ""<=50K"", ""gender=Male"": ""<=50K""}","{""gender=Female"": {""alpha"": 1.0, ""margin"": 0.8954718722562423, ""p_observed"": 0.9477359361281211, ""prior_probability"": 0.3531869020347662, ""score"": 0.9477359361281211}, ""gender=Male"": {""alpha"": 1.0, ""margin"": 0.8240187815505526, ""p_observed"": 0.9120093907752764, ""prior_probability"": 0.6468130979652338, ""score"": 0.9120093907752764}}","{""gender=Female"": {""alpha"": 1.0, ""margin"": 0.8954718722562423, ""p_observed"": 0.9477359361281211, ""prior_probability"": 0.3531869020347662, ""score"": 0.8954718722562423}, ""gender=Male"": {""alpha"": 1.0, ""margin"": 0.8240187815505526, ""p_observed"": 0.9120093907752764, ""prior_probability"": 0.6468130979652338, ""score"": 0.8240187815505526}}","{""gender=Female"": {""alpha"": 2.0, ""margin"": 0.8954718722562423, ""p_observed"": 0.9477359361281211, ""prior_probability"": 0.3531869020347662, ""score"": -1.1481166224806891}, ""gender=Male"": {""alpha"": 2.0, ""margin"": 0.8240187815505526, ""p_observed"": 0.9120093907752764, ""prior_probability"": 0.6468130979652338, ""score"": -0.6199078851903573}}"
26,Male,White,gender=Male,>50K,"{""age"": ""65"", ""workclass"": ""Self-emp-inc"", ""education"": ""Bachelors"", ""educational-num"": ""13"", ""race"": ""White"", ""capital-gain"": ""9386"", ""capital-loss"": ""0"", ""hours-per-week"": ""35"", ""native-country"": ""United-States""}",gender=Male,gender=Male,gender=Male,,gender=Male,gender=Male,gender=Male,0,>50K | Bachelors | Self-emp-inc,2,2,"{""gender=Female"": "">50K"", ""gender=Male"": "">50K""}","{""gender=Female"": {""alpha"": 1.0, ""margin"": 0.550013905849237, ""p_observed"": 0.7750069529246185, ""prior_probability"": 0.15218508997429306, ""score"": 0.7750069529246185}, ""gender=Male"": {""alpha"": 1.0, ""margin"": 0.8073368983662471, ""p_observed"": 0.9036684491831235, ""prior_probability"": 0.847814910025707, ""score"": 0.9036684491831235}}","{""gender=Female"": {""alpha"": 1.0, ""margin"": 0.550013905849237, ""p_observed"": 0.7750069529246185, ""prior_probability"": 0.15218508997429306, ""score"": 0.550013905849237}, ""gender=Male"": {""alpha"": 1.0, ""margin"": 0.8073368983662471, ""p_observed"": 0.9036684491831235, ""prior_probability"": 0.847814910025707, ""score"": 0.8073368983662471}}","{""gender=Female"": {""alpha"": 2.0, ""margin"": 0.550013905849237, ""p_observed"": 0.7750069529246185, ""prior_probability"": 0.15218508997429306, ""score"": -2.3924243580352806}, ""gender=Male"": {""alpha"": 2.0, ""margin"": 0.8073368983662471, ""p_observed"": 0.9036684491831235, ""prior_probability"": 0.847814910025707, ""score"": -0.36767842472484763}}"
27,Male,White,gender=Male,>50K,"{""age"": ""55"", ""workclass"": ""Private"", ""education"": ""HS-grad"", ""educational-num"": ""9"", ""race"": ""White"", ""capital-gain"": ""0"", ""capital-loss"": ""0"", ""hours-per-week"": ""45"", ""native-country"": ""United-States""}",gender=Male,gender=Male,gender=Male,,gender=Male,gender=Male,gender=Male,0,>50K | HS-grad | Private,2,2,"{""gender=Female"": ""<=50K"", ""gender=Male"": ""<=50K""}","{""gender=Female"": {""alpha"": 1.0, ""margin"": -0.7809073848620455, ""p_observed"": 0.10954630756897701, ""prior_probability"": 0.129565816678153, ""score"": 0.10954630756897701}, ""gender=Male"": {""alpha"": 1.0, ""margin"": -0.44091496363206906, ""p_observed"": 0.27954251818396547, ""prior_probability"": 0.870434183321847, ""score"": 0.27954251818396547}}","{""gender=Female"": {""alpha"": 1.0, ""margin"": -0.7809073848620455, ""p_observed"": 0.10954630756897701, ""prior_probability"": 0.129565816678153, ""score"": -0.7809073848620455}, ""gender=Male"": {""alpha"": 1.0, ""margin"": -0.44091496363206906, ""p_observed"": 0.27954251818396547, ""prior_probability"": 0.870434183321847, ""score"": -0.44091496363206906}}","{""gender=Female"": {""alpha"": 2.0, ""margin"": -0.7809073848620455, ""p_observed"": 0.10954630756897701, ""prior_probability"": 0.129565816678153, ""score"": -6.46638212795294}, ""gender=Male"": {""alpha"": 2.0, ""margin"": -0.44091496363206906, ""p_observed"": 0.27954251818396547, ""prior_probability"": 0.870434183321847, ""score"": -2.6879648818385298}}"
28,Female,White,gender=Female,<=50K,"{""age"": ""37"", ""workclass"": ""Local-gov"", ""education"": ""Some-college"", ""educational-num"": ""10"", ""race"": ""White"", ""capital-gain"": ""0"", ""capital-loss"": ""0"", ""hours-per-week"": ""44"", ""native-country"": ""United-States""}",gender=Male,gender=Male,gender=Male,,gender=Female,gender=Female,gender=Female,0,<=50K | Some-college | Local-gov,2,2,"{""gender=Female"": ""<=50K"", ""gender=Male"": ""<=50K""}","{""gender=Female"": {""alpha"": 1.0, ""margin"": 0.7591900537281477, ""p_observed"": 0.8795950268640738, ""prior_probability"": 0.44275132275132273, ""score"": 0.8795950268640738}, ""gender=Male"": {""alpha"": 1.0, ""margin"": 0.29950681959789094, ""p_observed"": 0.6497534097989455, ""prior_probability"": 0.5572486772486772, ""score"": 0.6497534097989455}}","{""gender=Female"": {""alpha"": 1.0, ""margin"": 0.7591900537281477, ""p_observed"": 0.8795950268640738, ""prior_probability"": 0.44275132275132273, ""score"": 0.7591900537281477}, ""gender=Male"": {""alpha"": 1.0, ""margin"": 0.29950681959789094, ""p_observed"": 0.6497534097989455, ""prior_probability"": 0.5572486772486772, ""score"": 0.29950681959789094}}","{""gender=Female"": {""alpha"": 2.0, ""margin"": 0.7591900537281477, ""p_observed"": 0.8795950268640738, ""prior_probability"": 0.44275132275132273, ""score"": -1.0713343630995817}, ""gender=Male"": {""alpha"": 2.0, ""margin"": 0.29950681959789094, ""p_observed"": 0.6497534097989455, ""prior_probability"": 0.5572486772486772, ""score"": -1.4470683956542678}}"
29,Female,Black,gender=Female,<=50K,"{""age"": ""53"", ""workclass"": ""Federal-gov"", ""education"": ""Some-college"", ""educational-num"": ""10"", ""race"": ""Black"", ""capital-gain"": ""0"", ""capital-loss"": ""0"", ""hours-per-week"": ""40"", ""native-country"": ""United-States""}",gender=Male,gender=Male,gender=Male,,gender=Female,gender=Female,gender=Female,0,<=50K | Some-college | Federal-gov,2,2,"{""gender=Female"": ""<=50K"", ""gender=Male"": ""<=50K""}","{""gender=Female"": {""alpha"": 1.0, ""margin"": 0.758020221007744, ""p_observed"": 0.8790101105038719, ""prior_probability"": 0.44275132275132273, ""score"": 0.8790101105038719}, ""gender=Male"": {""alpha"": 1.0, ""margin"": 0.41849606087520036, ""p_observed"": 0.7092480304376, ""prior_probability"": 0.5572486772486772, ""score"": 0.7092480304376}}","{""gender=Female"": {""alpha"": 1.0, ""margin"": 0.758020221007744, ""p_observed"": 0.8790101105038719, ""prior_probability"": 0.44275132275132273, ""score"": 0.758020221007744}, ""gender=Male"": {""alpha"": 1.0, ""margin"": 0.41849606087520036, ""p_observed"": 0.7092480304376, ""prior_probability"": 0.5572486772486772, ""score"": 0.41849606087520036}}","{""gender=Female"": {""alpha"": 2.0, ""margin"": 0.758020221007744, ""p_observed"": 0.8790101105038719, ""prior_probability"": 0.44275132275132273, ""score"": -1.0726647729098158}, ""gender=Male"": {""alpha"": 2.0, ""margin"": 0.41849606087520036, ""p_observed"": 0.7092480304376, ""prior_probability"": 0.5572486772486772, ""score"": -1.2718436449555242}}"
30,Male,White,gender=Male,<=50K,"{""age"": ""54"", ""workclass"": ""Private"", ""education"": ""HS-grad"", ""educational-num"": ""9"", ""race"": ""White"", ""capital-gain"": ""0"", ""capital-loss"": ""0"", ""hours-per-week"": ""40"", ""native-country"": ""United-States""}",gender=Male,gender=Male,gender=Male,,gender=Female,gender=Female,gender=Male,0,<=50K | HS-grad | Private,2,2,"{""gender=Female"": ""<=50K"", ""gender=Male"": ""<=50K""}","{""gender=Female"": {""alpha"": 1.0, ""margin"": 0.8115064672813351, ""p_observed"": 0.9057532336406675, ""prior_probability"": 0.3531869020347662, ""score"": 0.9057532336406675}, ""gender=Male"": {""alpha"": 1.0, ""margin"": 0.5144845362736291, ""p_observed"": 0.7572422681368145, ""prior_probability"": 0.6468130979652338, ""score"": 0.7572422681368145}}","{""gender=Female"": {""alpha"": 1.0, ""margin"": 0.8115064672813351, ""p_observed"": 0.9057532336406675, ""prior_probability"": 0.3531869020347662, ""score"": 0.8115064672813351}, ""gender=Male"": {""alpha"": 1.0, ""margin"": 0.5144845362736291, ""p_observed"": 0.7572422681368145, ""prior_probability"": 0.6468130979652338, ""score"": 0.5144845362736291}}","{""gender=Female"": {""alpha"": 2.0, ""margin"": 0.8115064672813351, ""p_observed"": 0.9057532336406675, ""prior_probability"": 0.3531869020347662, ""score"": -1.2387346528234868}, ""gender=Male"": {""alpha"": 2.0, ""margin"": 0.5144845362736291, ""p_observed"": 0.7572422681368145, ""prior_probability"": 0.6468130979652338, ""score"": -0.9918419802277827}}"
31,Male,White,gender=Male,>50K,"{""age"": ""69"", ""workclass"": ""State-gov"", ""education"": ""Prof-school"", ""educational-num"": ""15"", ""race"": ""White"", ""capital-gain"": ""0"", ""capital-loss"": ""0"", ""hours-per-week"": ""34"", ""native-country"": ""United-States""}",gender=Male,gender=Male,gender=Male,,gender=Male,gender=Male,gender=Male,0,>50K | Prof-school | State-gov,2,2,"{""gender=Female"": ""<=50K"", ""gender=Male"": "">50K""}","{""gender=Female"": {""alpha"": 1.0, ""margin"": -0.3677623888748821, ""p_observed"": 0.3161188055625589, ""prior_probability"": 0.10638297872340426, ""score"": 0.3161188055625589}, ""gender=Male"": {""alpha"": 1.0, ""margin"": 0.1954917252399394, ""p_observed"": 0.5977458626199696, ""prior_probability"": 0.8936170212765957, ""score"": 0.5977458626199696}}","{""gender=Female"": {""alpha"": 1.0, ""margin"": -0.3677623888748821, ""p_observed"": 0.3161188055625589, ""prior_probability"": 0.10638297872340426, ""score"": -0.3677623888748821}, ""gender=Male"": {""alpha"": 1.0, ""margin"": 0.1954917252399394, ""p_observed"": 0.5977458626199696, ""prior_probability"": 0.8936170212765957, ""score"": 0.1954917252399394}}","{""gender=Female"": {""alpha"": 2.0, ""margin"": -0.3677623888748821, ""p_observed"": 0.3161188055625589, ""prior_probability"": 0.10638297872340426, ""score"": -4.543984027441906}, ""gender=Male"": {""alpha"": 2.0, ""margin"": 0.1954917252399394, ""p_observed"": 0.5977458626199696, ""prior_probability"": 0.8936170212765957, ""score"": -1.1416571719406927}}"
32,Male,White,gender=Male,>50K,"{""age"": ""54"", ""workclass"": ""Self-emp-inc"", ""education"": ""HS-grad"", ""educational-num"": ""9"", ""race"": ""White"", ""capital-gain"": ""0"", ""capital-loss"": ""0"", ""hours-per-week"": ""98"", ""native-country"": ""United-States""}",gender=Male,gender=Male,gender=Male,,gender=Male,gender=Male,gender=Male,0,>50K | HS-grad | Self-emp-inc,2,2,"{""gender=Female"": ""<=50K"", ""gender=Male"": ""<=50K""}","{""gender=Female"": {""alpha"": 1.0, ""margin"": -0.6328434694273295, ""p_observed"": 0.18357826528633525, ""prior_probability"": 0.129565816678153, ""score"": 0.18357826528633525}, ""gender=Male"": {""alpha"": 1.0, ""margin"": -0.2643004731074289, ""p_observed"": 0.3678497634462857, ""prior_probability"": 0.870434183321847, ""score"": 0.3678497634462857}}","{""gender=Female"": {""alpha"": 1.0, ""margin"": -0.6328434694273295, ""p_observed"": 0.18357826528633525, ""prior_probability"": 0.129565816678153, ""score"": -0.6328434694273295}, ""gender=Male"": {""alpha"": 1.0, ""margin"": -0.2643004731074289, ""p_observed"": 0.3678497634462857, ""prior_probability"": 0.870434183321847, ""score"": -0.2643004731074289}}","{""gender=Female"": {""alpha"": 2.0, ""margin"": -0.6328434694273295, ""p_observed"": 0.18357826528633525, ""prior_probability"": 0.129565816678153, ""score"": -5.4337946672476125}, ""gender=Male"": {""alpha"": 2.0, ""margin"": -0.2643004731074289, ""p_observed"": 0.3678497634462857, ""prior_probability"": 0.870434183321847, ""score"": -2.1389244818840925}}"
33,Male,White,gender=Male,<=50K,"{""age"": ""28"", ""workclass"": ""Private"", ""education"": ""10th"", ""educational-num"": ""6"", ""race"": ""White"", ""capital-gain"": ""0"", ""capital-loss"": ""0"", ""hours-per-week"": ""40"", ""native-country"": ""United-States""}",gender=Male,gender=Male,gender=Male,,gender=Female,gender=Female,gender=Male,0,<=50K | 10th | Private,2,2,"{""gender=Female"": ""<=50K"", ""gender=Male"": ""<=50K""}","{""gender=Female"": {""alpha"": 1.0, ""margin"": 0.94301111857311, ""p_observed"": 0.971505559286555, ""prior_probability"": 0.3323572474377745, ""score"": 0.971505559286555}, ""gender=Male"": {""alpha"": 1.0, ""margin"": 0.8440795866174606, ""p_observed"": 0.9220397933087302, ""prior_probability"": 0.6676427525622255, ""score"": 0.9220397933087302}}","{""gender=Female"": {""alpha"": 1.0, ""margin"": 0.94301111857311, ""p_observed"": 0.971505559286555, ""prior_probability"": 0.3323572474377745, ""score"": 0.94301111857311}, ""gender=Male"": {""alpha"": 1.0, ""margin"": 0.8440795866174606, ""p_observed"": 0.9220397933087302, ""prior_probability"": 0.6676427525622255, ""score"": 0.8440795866174606}}","{""gender=Female"": {""alpha"": 2.0, ""margin"": 0.94301111857311, ""p_observed"": 0.971505559286555, ""prior_probability"": 0.3323572474377745, ""score"": -1.1593614177029767}, ""gender=Male"": {""alpha"": 2.0, ""margin"": 0.8440795866174606, ""p_observed"": 0.9220397933087302, ""prior_probability"": 0.6676427525622255, ""score"": -0.5663358432284885}}"
34,Male,White,gender=Male,<=50K,"{""age"": ""29"", ""workclass"": ""Private"", ""education"": ""HS-grad"", ""educational-num"": ""9"", ""race"": ""White"", ""capital-gain"": ""0"", ""capital-loss"": ""0"", ""hours-per-week"": ""40"", ""native-country"": ""United-States""}",gender=Male,gender=Male,gender=Male,,gender=Female,gender=Female,gender=Male,0,<=50K | HS-grad | Private,2,2,"{""gender=Female"": ""<=50K"", ""gender=Male"": ""<=50K""}","{""gender=Female"": {""alpha"": 1.0, ""margin"": 0.8872209689870725, ""p_observed"": 0.9436104844935362, ""prior_probability"": 0.3531869020347662, ""score"": 0.9436104844935362}, ""gender=Male"": {""alpha"": 1.0, ""margin"": 0.7634742542382862, ""p_observed"": 0.881737127119143, ""prior_probability"": 0.6468130979652338, ""score"": 0.881737127119143}}","{""gender=Female"": {""alpha"": 1.0, ""margin"": 0.8872209689870725, ""p_observed"": 0.9436104844935362, ""prior_probability"": 0.3531869020347662, ""score"": 0.8872209689870725}, ""gender=Male"": {""alpha"": 1.0, ""margin"": 0.7634742542382862, ""p_observed"": 0.881737127119143, ""prior_probability"": 0.6468130979652338, ""score"": 0.7634742542382862}}","{""gender=Female"": {""alpha"": 2.0, ""margin"": 0.8872209689870725, ""p_observed"": 0.9436104844935362, ""prior_probability"": 0.3531869020347662, ""score"": -1.1568415353411439}, ""gender=Male"": {""alpha"": 2.0, ""margin"": 0.7634742542382862, ""p_observed"": 0.881737127119143, ""prior_probability"": 0.6468130979652338, ""score"": -0.6874205195014813}}"
35,Male,Black,gender=Male,<=50K,"{""age"": ""39"", ""workclass"": ""Private"", ""education"": ""HS-grad"", ""educational-num"": ""9"", ""race"": ""Black"", ""capital-gain"": ""0"", ""capital-loss"": ""0"", ""hours-per-week"": ""40"", ""native-country"": ""United-States""}",gender=Male,gender=Male,gender=Male,,gender=Female,gender=Female,gender=Male,0,<=50K | HS-grad | Private,2,2,"{""gender=Female"": ""<=50K"", ""gender=Male"": ""<=50K""}","{""gender=Female"": {""alpha"": 1.0, ""margin"": 0.8988416072058577, ""p_observed"": 0.9494208036029288, ""prior_probability"": 0.3531869020347662, ""score"": 0.9494208036029288}, ""gender=Male"": {""alpha"": 1.0, ""margin"": 0.6779670510629303, ""p_observed"": 0.838983525531465, ""prior_probability"": 0.6468130979652338, ""score"": 0.838983525531465}}","{""gender=Female"": {""alpha"": 1.0, ""margin"": 0.8988416072058577, ""p_observed"": 0.9494208036029288, ""prior_probability"": 0.3531869020347662, ""score"": 0.8988416072058577}, ""gender=Male"": {""alpha"": 1.0, ""margin"": 0.6779670510629303, ""p_observed"": 0.838983525531465, ""prior_probability"": 0.6468130979652338, ""score"": 0.6779670510629303}}","{""gender=Female"": {""alpha"": 2.0, ""margin"": 0.8988416072058577, ""p_observed"": 0.9494208036029288, ""prior_probability"": 0.3531869020347662, ""score"": -1.1445642161191316}, ""gender=Male"": {""alpha"": 2.0, ""margin"": 0.6779670510629303, ""p_observed"": 0.838983525531465, ""prior_probability"": 0.6468130979652338, ""score"": -0.7868263181666639}}"
36,Male,White,gender=Male,>50K,"{""age"": ""44"", ""workclass"": ""Self-emp-not-inc"", ""education"": ""Assoc-voc"", ""educational-num"": ""11"", ""race"": ""White"", ""capital-gain"": ""15024"", ""capital-loss"": ""0"", ""hours-per-week"": ""50"", ""native-country"": ""United-States""}",gender=Male,gender=Male,gender=Male,,gender=Male,gender=Male,gender=Male,0,>50K | Assoc-voc | Self-emp-not-inc,2,2,"{""gender=Female"": "">50K"", ""gender=Male"": "">50K""}","{""gender=Female"": {""alpha"": 1.0, ""margin"": 0.5711859872306132, ""p_observed"": 0.7855929936153065, ""prior_probability"": 0.18211920529801323, ""score"": 0.7855929936153065}, ""gender=Male"": {""alpha"": 1.0, ""margin"": 0.7457626362584526, ""p_observed"": 0.8728813181292263, ""prior_probability"": 0.8178807947019867, ""score"": 0.8728813181292263}}","{""gender=Female"": {""alpha"": 1.0, ""margin"": 0.5711859872306132, ""p_observed"": 0.7855929936153065, ""prior_probability"": 0.18211920529801323, ""score"": 0.5711859872306132}, ""gender=Male"": {""alpha"": 1.0, ""margin"": 0.7457626362584526, ""p_observed"": 0.8728813181292263, ""prior_probability"": 0.8178807947019867, ""score"": 0.7457626362584526}}","{""gender=Female"": {""alpha"": 2.0, ""margin"": 0.5711859872306132, ""p_observed"": 0.7855929936153065, ""prior_probability"": 0.18211920529801323, ""score"": -2.185726713133943}, ""gender=Male"": {""alpha"": 2.0, ""margin"": 0.7457626362584526, ""p_observed"": 0.8728813181292263, ""prior_probability"": 0.8178807947019867, ""score"": -0.47295003983548234}}"
37,Female,White,gender=Female,<=50K,"{""age"": ""74"", ""workclass"": ""Self-emp-not-inc"", ""education"": ""HS-grad"", ""educational-num"": ""9"", ""race"": ""White"", ""capital-gain"": ""0"", ""capital-loss"": ""0"", ""hours-per-week"": ""14"", ""native-country"": ""United-States""}",gender=Male,gender=Male,gender=Male,,gender=Female,gender=Female,gender=Male,0,<=50K | HS-grad | Self-emp-not-inc,2,2,"{""gender=Female"": ""<=50K"", ""gender=Male"": ""<=50K""}","{""gender=Female"": {""alpha"": 1.0, ""margin"": 0.8233995980952418, ""p_observed"": 0.9116997990476208, ""prior_probability"": 0.3531869020347662, ""score"": 0.9116997990476208}, ""gender=Male"": {""alpha"": 1.0, ""margin"": 0.7047552137700829, ""p_observed"": 0.8523776068850415, ""prior_probability"": 0.6468130979652338, ""score"": 0.8523776068850415}}","{""gender=Female"": {""alpha"": 1.0, ""margin"": 0.8233995980952418, ""p_observed"": 0.9116997990476208, ""prior_probability"": 0.3531869020347662, ""score"": 0.8233995980952418}, ""gender=Male"": {""alpha"": 1.0, ""margin"": 0.7047552137700829, ""p_observed"": 0.8523776068850415, ""prior_probability"": 0.6468130979652338, ""score"": 0.7047552137700829}}","{""gender=Female"": {""alpha"": 2.0, ""margin"": 0.8233995980952418, ""p_observed"": 0.9116997990476208, ""prior_probability"": 0.3531869020347662, ""score"": -1.2256469162593877}, ""gender=Male"": {""alpha"": 2.0, ""margin"": 0.7047552137700829, ""p_observed"": 0.8523776068850415, ""prior_probability"": 0.6468130979652338, ""score"": -0.7551492006099252}}"
38,Male,White,gender=Male,<=50K,"{""age"": ""54"", ""workclass"": ""Local-gov"", ""education"": ""Some-college"", ""educational-num"": ""10"", ""race"": ""White"", ""capital-gain"": ""0"", ""capital-loss"": ""0"", ""hours-per-week"": ""42"", ""native-country"": ""United-States""}",gender=Male,gender=Male,gender=Male,,gender=Female,gender=Female,gender=Female,0,<=50K | Some-college | Local-gov,2,2,"{""gender=Female"": ""<=50K"", ""gender=Male"": ""<=50K""}","{""gender=Female"": {""alpha"": 1.0, ""margin"": 0.7699740269309447, ""p_observed"": 0.8849870134654723, ""prior_probability"": 0.44275132275132273, ""score"": 0.8849870134654723}, ""gender=Male"": {""alpha"": 1.0, ""margin"": 0.3234578862533287, ""p_observed"": 0.6617289431266643, ""prior_probability"": 0.5572486772486772, ""score"": 0.6617289431266643}}","{""gender=Female"": {""alpha"": 1.0, ""margin"": 0.7699740269309447, ""p_observed"": 0.8849870134654723, ""prior_probability"": 0.44275132275132273, ""score"": 0.7699740269309447}, ""gender=Male"": {""alpha"": 1.0, ""margin"": 0.3234578862533287, ""p_observed"": 0.6617289431266643, ""prior_probability"": 0.5572486772486772, ""score"": 0.3234578862533287}}","{""gender=Female"": {""alpha"": 2.0, ""margin"": 0.7699740269309447, ""p_observed"": 0.8849870134654723, ""prior_probability"": 0.44275132275132273, ""score"": -1.0591116310074022}, ""gender=Male"": {""alpha"": 2.0, ""margin"": 0.3234578862533287, ""p_observed"": 0.6617289431266643, ""prior_probability"": 0.5572486772486772, ""score"": -1.4105421971586665}}"
39,Male,White,gender=Male,<=50K,"{""age"": ""38"", ""workclass"": ""Private"", ""education"": ""Masters"", ""educational-num"": ""14"", ""race"": ""White"", ""capital-gain"": ""0"", ""capital-loss"": ""0"", ""hours-per-week"": ""50"", ""native-country"": ""Poland""}",gender=Male,gender=Male,gender=Female,,gender=Female,gender=Female,gender=Female,0,<=50K | Masters | Private,2,2,"{""gender=Female"": ""<=50K"", ""gender=Male"": "">50K""}","{""gender=Female"": {""alpha"": 1.0, ""margin"": 0.18204465740153974, ""p_observed"": 0.59102232870077, ""prior_probability"": 0.4722222222222222, ""score"": 0.59102232870077}, ""gender=Male"": {""alpha"": 1.0, ""margin"": -0.23650355880968404, ""p_observed"": 0.38174822059515806, ""prior_probability"": 0.5277777777777778, ""score"": 0.38174822059515806}}","{""gender=Female"": {""alpha"": 1.0, ""margin"": 0.18204465740153974, ""p_observed"": 0.59102232870077, ""prior_probability"": 0.4722222222222222, ""score"": 0.18204465740153974}, ""gender=Male"": {""alpha"": 1.0, ""margin"": -0.23650355880968404, ""p_observed"": 0.38174822059515806, ""prior_probability"": 0.5277777777777778, ""score"": -0.23650355880968404}}","{""gender=Female"": {""alpha"": 2.0, ""margin"": 0.18204465740153974, ""p_observed"": 0.59102232870077, ""prior_probability"": 0.4722222222222222, ""score"": -1.8021085565402024}, ""gender=Male"": {""alpha"": 2.0, ""margin"": -0.23650355880968404, ""p_observed"": 0.38174822059515806, ""prior_probability"": 0.5277777777777778, ""score"": -2.5650679514349224}}"
40,Male,White,gender=Male,>50K,"{""age"": ""28"", ""workclass"": ""State-gov"", ""education"": ""Bachelors"", ""educational-num"": ""13"", ""race"": ""White"", ""capital-gain"": ""0"", ""capital-loss"": ""0"", ""hours-per-week"": ""40"", ""native-country"": ""United-States""}",gender=Male,gender=Male,gender=Male,,gender=Male,gender=Male,gender=Male,0,>50K | Bachelors | State-gov,2,2,"{""gender=Female"": ""<=50K"", ""gender=Male"": ""<=50K""}","{""gender=Female"": {""alpha"": 1.0, ""margin"": -0.7164948162292427, ""p_observed"": 0.14175259188537867, ""prior_probability"": 0.15218508997429306, ""score"": 0.14175259188537867}, ""gender=Male"": {""alpha"": 1.0, ""margin"": -0.4476722934352005, ""p_observed"": 0.27616385328239973, ""prior_probability"": 0.847814910025707, ""score"": 0.27616385328239973}}","{""gender=Female"": {""alpha"": 1.0, ""margin"": -0.7164948162292427, ""p_observed"": 0.14175259188537867, ""prior_probability"": 0.15218508997429306, ""score"": -0.7164948162292427}, ""gender=Male"": {""alpha"": 1.0, ""margin"": -0.4476722934352005, ""p_observed"": 0.27616385328239973, ""prior_probability"": 0.847814910025707, ""score"": -0.4476722934352005}}","{""gender=Female"": {""alpha"": 2.0, ""margin"": -0.7164948162292427, ""p_observed"": 0.14175259188537867, ""prior_probability"": 0.15218508997429306, ""score"": -5.790001905000032}, ""gender=Male"": {""alpha"": 2.0, ""margin"": -0.4476722934352005, ""p_observed"": 0.27616385328239973, ""prior_probability"": 0.847814910025707, ""score"": -2.7386147697030356}}"
41,Male,White,gender=Male,<=50K,"{""age"": ""45"", ""workclass"": ""Private"", ""education"": ""Assoc-acdm"", ""educational-num"": ""12"", ""race"": ""White"", ""capital-gain"": ""0"", ""capital-loss"": ""0"", ""hours-per-week"": ""45"", ""native-country"": ""United-States""}",gender=Male,gender=Male,gender=Male,,gender=Female,gender=Female,gender=Female,0,<=50K | Assoc-acdm | Private,2,2,"{""gender=Female"": ""<=50K"", ""gender=Male"": ""<=50K""}","{""gender=Female"": {""alpha"": 1.0, ""margin"": 0.6523098158689794, ""p_observed"": 0.8261549079344898, ""prior_probability"": 0.4611801242236025, ""score"": 0.8261549079344898}, ""gender=Male"": {""alpha"": 1.0, ""margin"": 0.31276461517530485, ""p_observed"": 0.6563823075876524, ""prior_probability"": 0.5388198757763976, ""score"": 0.6563823075876524}}","{""gender=Female"": {""alpha"": 1.0, ""margin"": 0.6523098158689794, ""p_observed"": 0.8261549079344898, ""prior_probability"": 0.4611801242236025, ""score"": 0.6523098158689794}, ""gender=Male"": {""alpha"": 1.0, ""margin"": 0.31276461517530485, ""p_observed"": 0.6563823075876524, ""prior_probability"": 0.5388198757763976, ""score"": 0.31276461517530485}}","{""gender=Female"": {""alpha"": 2.0, ""margin"": 0.6523098158689794, ""p_observed"": 0.8261549079344898, ""prior_probability"": 0.4611801242236025, ""score"": -1.1559125536462518}, ""gender=Male"": {""alpha"": 2.0, ""margin"": 0.31276461517530485, ""p_observed"": 0.6563823075876524, ""prior_probability"": 0.5388198757763976, ""score"": -1.4603976938275869}}"
42,Male,White,gender=Male,>50K,"{""age"": ""42"", ""workclass"": ""Private"", ""education"": ""Bachelors"", ""educational-num"": ""13"", ""race"": ""White"", ""capital-gain"": ""99999"", ""capital-loss"": ""0"", ""hours-per-week"": ""42"", ""native-country"": ""United-States""}",gender=Male,gender=Male,gender=Male,,gender=Male,gender=Male,gender=Male,0,>50K | Bachelors | Private,2,2,"{""gender=Female"": "">50K"", ""gender=Male"": "">50K""}","{""gender=Female"": {""alpha"": 1.0, ""margin"": 0.5232278244304579, ""p_observed"": 0.761613912215229, ""prior_probability"": 0.15218508997429306, ""score"": 0.761613912215229}, ""gender=Male"": {""alpha"": 1.0, ""margin"": 0.7457895299201608, ""p_observed"": 0.8728947649600803, ""prior_probability"": 0.847814910025707, ""score"": 0.8728947649600803}}","{""gender=Female"": {""alpha"": 1.0, ""margin"": 0.5232278244304579, ""p_observed"": 0.761613912215229, ""prior_probability"": 0.15218508997429306, ""score"": 0.5232278244304579}, ""gender=Male"": {""alpha"": 1.0, ""margin"": 0.7457895299201608, ""p_observed"": 0.8728947649600803, ""prior_probability"": 0.847814910025707, ""score"": 0.7457895299201608}}","{""gender=Female"": {""alpha"": 2.0, ""margin"": 0.5232278244304579, ""p_observed"": 0.761613912215229, ""prior_probability"": 0.15218508997429306, ""score"": -2.4272888588934842}, ""gender=Male"": {""alpha"": 2.0, ""margin"": 0.7457895299201608, ""p_observed"": 0.8728947649600803, ""prior_probability"": 0.847814910025707, ""score"": -0.4369734826031342}}"
43,Male,White,gender=Male,<=50K,"{""age"": ""29"", ""workclass"": ""Self-emp-not-inc"", ""education"": ""Some-college"", ""educational-num"": ""10"", ""race"": ""White"", ""capital-gain"": ""0"", ""capital-loss"": ""0"", ""hours-per-week"": ""35"", ""native-country"": ""United-States""}",gender=Male,gender=Male,gender=Male,,gender=Female,gender=Female,gender=Male,0,<=50K | Some-college | Self-emp-not-inc,2,2,"{""gender=Female"": ""<=50K"", ""gender=Male"": ""<=50K""}","{""gender=Female"": {""alpha"": 1.0, ""margin"": 0.7851040314311609, ""p_observed"": 0.8925520157155804, ""prior_probability"": 0.44275132275132273, ""score"": 0.8925520157155804}, ""gender=Male"": {""alpha"": 1.0, ""margin"": 0.7229644669299178, ""p_observed"": 0.8614822334649588, ""prior_probability"": 0.5572486772486772, ""score"": 0.8614822334649588}}","{""gender=Female"": {""alpha"": 1.0, ""margin"": 0.7851040314311609, ""p_observed"": 0.8925520157155804, ""prior_probability"": 0.44275132275132273, ""score"": 0.7851040314311609}, ""gender=Male"": {""alpha"": 1.0, ""margin"": 0.7229644669299178, ""p_observed"": 0.8614822334649588, ""prior_probability"": 0.5572486772486772, ""score"": 0.7229644669299178}}","{""gender=Female"": {""alpha"": 2.0, ""margin"": 0.7851040314311609, ""p_observed"": 0.8925520157155804, ""prior_probability"": 0.44275132275132273, ""score"": -1.0420879869686173}, ""gender=Male"": {""alpha"": 2.0, ""margin"": 0.7229644669299178, ""p_observed"": 0.8614822334649588, ""prior_probability"": 0.5572486772486772, ""score"": -0.8829453724685253}}"
44,Female,Black,gender=Female,<=50K,"{""age"": ""27"", ""workclass"": ""Private"", ""education"": ""Bachelors"", ""educational-num"": ""13"", ""race"": ""Black"", ""capital-gain"": ""0"", ""capital-loss"": ""0"", ""hours-per-week"": ""40"", ""native-country"": ""France""}",gender=Male,gender=Male,gender=Male,,gender=Female,gender=Female,gender=Male,0,<=50K | Bachelors | Private,2,2,"{""gender=Female"": ""<=50K"", ""gender=Male"": ""<=50K""}","{""gender=Female"": {""alpha"": 1.0, ""margin"": 0.7777565328707574, ""p_observed"": 0.8888782664353787, ""prior_probability"": 0.4140684410646388, ""score"": 0.8888782664353787}, ""gender=Male"": {""alpha"": 1.0, ""margin"": 0.5781366458207338, ""p_observed"": 0.7890683229103668, ""prior_probability"": 0.5859315589353612, ""score"": 0.7890683229103668}}","{""gender=Female"": {""alpha"": 1.0, ""margin"": 0.7777565328707574, ""p_observed"": 0.8888782664353787, ""prior_probability"": 0.4140684410646388, ""score"": 0.7777565328707574}, ""gender=Male"": {""alpha"": 1.0, ""margin"": 0.5781366458207338, ""p_observed"": 0.7890683229103668, ""prior_probability"": 0.5859315589353612, ""score"": 0.5781366458207338}}","{""gender=Female"": {""alpha"": 2.0, ""margin"": 0.7777565328707574, ""p_observed"": 0.8888782664353787, ""prior_probability"": 0.4140684410646388, ""score"": -1.1173139742148244}, ""gender=Male"": {""alpha"": 2.0, ""margin"": 0.5781366458207338, ""p_observed"": 0.7890683229103668, ""prior_probability"": 0.5859315589353612, ""score"": -1.0083570250029277}}"
45,Male,Black,gender=Male,<=50K,"{""age"": ""21"", ""workclass"": ""Private"", ""education"": ""Some-college"", ""educational-num"": ""10"", ""race"": ""Black"", ""capital-gain"": ""0"", ""capital-loss"": ""0"", ""hours-per-week"": ""20"", ""native-country"": ""United-States""}",gender=Male,gender=Male,gender=Male,,gender=Female,gender=Female,gender=Male,0,<=50K | Some-college | Private,2,2,"{""gender=Female"": ""<=50K"", ""gender=Male"": ""<=50K""}","{""gender=Female"": {""alpha"": 1.0, ""margin"": 0.9653965811305263, ""p_observed"": 0.9826982905652631, ""prior_probability"": 0.44275132275132273, ""score"": 0.9826982905652631}, ""gender=Male"": {""alpha"": 1.0, ""margin"": 0.9176130364224094, ""p_observed"": 0.9588065182112047, ""prior_probability"": 0.5572486772486772, ""score"": 0.9588065182112047}}","{""gender=Female"": {""alpha"": 1.0, ""margin"": 0.9653965811305263, ""p_observed"": 0.9826982905652631, ""prior_probability"": 0.44275132275132273, ""score"": 0.9653965811305263}, ""gender=Male"": {""alpha"": 1.0, ""margin"": 0.9176130364224094, ""p_observed"": 0.9588065182112047, ""prior_probability"": 0.5572486772486772, ""score"": 0.9176130364224094}}","{""gender=Female"": {""alpha"": 2.0, ""margin"": 0.9653965811305263, ""p_observed"": 0.9826982905652631, ""prior_probability"": 0.44275132275132273, ""score"": -0.84965328103073}, ""gender=Male"": {""alpha"": 2.0, ""margin"": 0.9176130364224094, ""p_observed"": 0.9588065182112047, ""prior_probability"": 0.5572486772486772, ""score"": -0.6688756367191366}}"
46,Male,Black,gender=Male,<=50K,"{""age"": ""28"", ""workclass"": ""Private"", ""education"": ""HS-grad"", ""educational-num"": ""9"", ""race"": ""Black"", ""capital-gain"": ""0"", ""capital-loss"": ""0"", ""hours-per-week"": ""48"", ""native-country"": ""United-States""}",gender=Male,gender=Male,gender=Male,,gender=Female,gender=Female,gender=Male,0,<=50K | HS-grad | Private,2,2,"{""gender=Female"": ""<=50K"", ""gender=Male"": ""<=50K""}","{""gender=Female"": {""alpha"": 1.0, ""margin"": 0.8932153517506511, ""p_observed"": 0.9466076758753257, ""prior_probability"": 0.3531869020347662, ""score"": 0.9466076758753257}, ""gender=Male"": {""alpha"": 1.0, ""margin"": 0.7853531143783739, ""p_observed"": 0.892676557189187, ""prior_probability"": 0.6468130979652338, ""score"": 0.892676557189187}}","{""gender=Female"": {""alpha"": 1.0, ""margin"": 0.8932153517506511, ""p_observed"": 0.9466076758753257, ""prior_probability"": 0.3531869020347662, ""score"": 0.8932153517506511}, ""gender=Male"": {""alpha"": 1.0, ""margin"": 0.7853531143783739, ""p_observed"": 0.892676557189187, ""prior_probability"": 0.6468130979652338, ""score"": 0.7853531143783739}}","{""gender=Female"": {""alpha"": 2.0, ""margin"": 0.8932153517506511, ""p_observed"": 0.9466076758753257, ""prior_probability"": 0.3531869020347662, ""score"": -1.1504989999523505}, ""gender=Male"": {""alpha"": 2.0, ""margin"": 0.7853531143783739, ""p_observed"": 0.892676557189187, ""prior_probability"": 0.6468130979652338, ""score"": -0.6627598244973639}}"
47,Female,White,gender=Female,<=50K,"{""age"": ""40"", ""workclass"": ""Self-emp-not-inc"", ""education"": ""Bachelors"", ""educational-num"": ""13"", ""race"": ""White"", ""capital-gain"": ""2174"", ""capital-loss"": ""0"", ""hours-per-week"": ""40"", ""native-country"": ""United-States""}",gender=Male,gender=Male,gender=Male,,gender=Female,gender=Female,gender=Female,0,<=50K | Bachelors | Self-emp-not-inc,2,2,"{""gender=Female"": ""<=50K"", ""gender=Male"": ""<=50K""}","{""gender=Female"": {""alpha"": 1.0, ""margin"": 0.49592542822697516, ""p_observed"": 0.7479627141134875, ""prior_probability"": 0.4140684410646388, ""score"": 0.7479627141134875}, ""gender=Male"": {""alpha"": 1.0, ""margin"": 0.08965460685292864, ""p_observed"": 0.5448273034264643, ""prior_probability"": 0.5859315589353612, ""score"": 0.5448273034264643}}","{""gender=Female"": {""alpha"": 1.0, ""margin"": 0.49592542822697516, ""p_observed"": 0.7479627141134875, ""prior_probability"": 0.4140684410646388, ""score"": 0.49592542822697516}, ""gender=Male"": {""alpha"": 1.0, ""margin"": 0.08965460685292864, ""p_observed"": 0.5448273034264643, ""prior_probability"": 0.5859315589353612, ""score"": 0.08965460685292864}}","{""gender=Female"": {""alpha"": 2.0, ""margin"": 0.49592542822697516, ""p_observed"": 0.7479627141134875, ""prior_probability"": 0.4140684410646388, ""score"": -1.4625283016227426}, ""gender=Male"": {""alpha"": 2.0, ""margin"": 0.08965460685292864, ""p_observed"": 0.5448273034264643, ""prior_probability"": 0.5859315589353612, ""score"": -1.7491251078138208}}"
48,Female,White,gender=Female,<=50K,"{""age"": ""22"", ""workclass"": ""Private"", ""education"": ""HS-grad"", ""educational-num"": ""9"", ""race"": ""White"", ""capital-gain"": ""0"", ""capital-loss"": ""0"", ""hours-per-week"": ""40"", ""native-country"": ""United-States""}",gender=Male,gender=Male,gender=Male,,gender=Female,gender=Female,gender=Male,0,<=50K | HS-grad | Private,2,2,"{""gender=Female"": ""<=50K"", ""gender=Male"": ""<=50K""}","{""gender=Female"": {""alpha"": 1.0, ""margin"": 0.9331560778009055, ""p_observed"": 0.9665780389004528, ""prior_probability"": 0.3531869020347662, ""score"": 0.9665780389004528}, ""gender=Male"": {""alpha"": 1.0, ""margin"": 0.8612647603758504, ""p_observed"": 0.9306323801879252, ""prior_probability"": 0.6468130979652338, ""score"": 0.9306323801879252}}","{""gender=Female"": {""alpha"": 1.0, ""margin"": 0.9331560778009055, ""p_observed"": 0.9665780389004528, ""prior_probability"": 0.3531869020347662, ""score"": 0.9331560778009055}, ""gender=Male"": {""alpha"": 1.0, ""margin"": 0.8612647603758504, ""p_observed"": 0.9306323801879252, ""prior_probability"": 0.6468130979652338, ""score"": 0.8612647603758504}}","{""gender=Female"": {""alpha"": 2.0, ""margin"": 0.9331560778009055, ""p_observed"": 0.9665780389004528, ""prior_probability"": 0.3531869020347662, ""score"": -1.1087443741967071}, ""gender=Male"": {""alpha"": 2.0, ""margin"": 0.8612647603758504, ""p_observed"": 0.9306323801879252, ""prior_probability"": 0.6468130979652338, ""score"": -0.5794797915119678}}"
49,Male,Asian-Pac-Islander,gender=Male,<=50K,"{""age"": ""22"", ""workclass"": ""Local-gov"", ""education"": ""Some-college"", ""educational-num"": ""10"", ""race"": ""Asian-Pac-Islander"", ""capital-gain"": ""0"", ""capital-loss"": ""0"", ""hours-per-week"": ""20"", ""native-country"": ""United-States""}",gender=Male,gender=Male,gender=Male,,gender=Female,gender=Female,gender=Male,0,<=50K | Some-college | Local-gov,2,2,"{""gender=Female"": ""<=50K"", ""gender=Male"": ""<=50K""}","{""gender=Female"": {""alpha"": 1.0, ""margin"": 0.9394915861020389, ""p_observed"": 0.9697457930510194, ""prior_probability"": 0.44275132275132273, ""score"": 0.9697457930510194}, ""gender=Male"": {""alpha"": 1.0, ""margin"": 0.8011884066582762, ""p_observed"": 0.900594203329138, ""prior_probability"": 0.5572486772486772, ""score"": 0.900594203329138}}","{""gender=Female"": {""alpha"": 1.0, ""margin"": 0.9394915861020389, ""p_observed"": 0.9697457930510194, ""prior_probability"": 0.44275132275132273, ""score"": 0.9394915861020389}, ""gender=Male"": {""alpha"": 1.0, ""margin"": 0.8011884066582762, ""p_observed"": 0.900594203329138, ""prior_probability"": 0.5572486772486772, ""score"": 0.8011884066582762}}","{""gender=Female"": {""alpha"": 2.0, ""margin"": 0.9394915861020389, ""p_observed"": 0.9697457930510194, ""prior_probability"": 0.44275132275132273, ""score"": -0.8761896364437548}, ""gender=Male"": {""alpha"": 2.0, ""margin"": 0.8011884066582762, ""p_observed"": 0.900594203329138, ""prior_probability"": 0.5572486772486772, ""score"": -0.7941446956111587}}"
50,Male,White,gender=Male,<=50K,"{""age"": ""41"", ""workclass"": ""Private"", ""education"": ""HS-grad"", ""educational-num"": ""9"", ""race"": ""White"", ""capital-gain"": ""0"", ""capital-loss"": ""0"", ""hours-per-week"": ""44"", ""native-country"": ""United-States""}",gender=Male,gender=Male,gender=Male,,gender=Female,gender=Female,gender=Male,0,<=50K | HS-grad | Private,2,2,"{""gender=Female"": ""<=50K"", ""gender=Male"": ""<=50K""}","{""gender=Female"": {""alpha"": 1.0, ""margin"": 0.7823516038757142, ""p_observed"": 0.8911758019378568, ""prior_probability"": 0.3531869020347662, ""score"": 0.8911758019378568}, ""gender=Male"": {""alpha"": 1.0, ""margin"": 0.46717259734964345, ""p_observed"": 0.7335862986748217, ""prior_probability"": 0.6468130979652338, ""score"": 0.7335862986748217}}","{""gender=Female"": {""alpha"": 1.0, ""margin"": 0.7823516038757142, ""p_observed"": 0.8911758019378568, ""prior_probability"": 0.3531869020347662, ""score"": 0.7823516038757142}, ""gender=Male"": {""alpha"": 1.0, ""margin"": 0.46717259734964345, ""p_observed"": 0.7335862986748217, ""prior_probability"": 0.6468130979652338, ""score"": 0.46717259734964345}}","{""gender=Female"": {""alpha"": 2.0, ""margin"": 0.7823516038757142, ""p_observed"": 0.8911758019378568, ""prior_probability"": 0.3531869020347662, ""score"": -1.2711850194504752}, ""gender=Male"": {""alpha"": 2.0, ""margin"": 0.46717259734964345, ""p_observed"": 0.7335862986748217, ""prior_probability"": 0.6468130979652338, ""score"": -1.0553179711700782}}"
51,Female,White,gender=Female,<=50K,"{""age"": ""18"", ""workclass"": ""Private"", ""education"": ""Some-college"", ""educational-num"": ""10"", ""race"": ""White"", ""capital-gain"": ""0"", ""capital-loss"": ""0"", ""hours-per-week"": ""40"", ""native-country"": ""Peru""}",gender=Male,gender=Male,gender=Male,,gender=Female,gender=Female,gender=Male,0,<=50K | Some-college | Private,2,2,"{""gender=Female"": ""<=50K"", ""gender=Male"": ""<=50K""}","{""gender=Female"": {""alpha"": 1.0, ""margin"": 0.9205373449739002, ""p_observed"": 0.9602686724869501, ""prior_probability"": 0.44275132275132273, ""score"": 0.9602686724869501}, ""gender=Male"": {""alpha"": 1.0, ""margin"": 0.8202822072610438, ""p_observed"": 0.9101411036305219, ""prior_probability"": 0.5572486772486772, ""score"": 0.9101411036305219}}","{""gender=Female"": {""alpha"": 1.0, ""margin"": 0.9205373449739002, ""p_observed"": 0.9602686724869501, ""prior_probability"": 0.44275132275132273, ""score"": 0.9205373449739002}, ""gender=Male"": {""alpha"": 1.0, ""margin"": 0.8202822072610438, ""p_observed"": 0.9101411036305219, ""prior_probability"": 0.5572486772486772, ""score"": 0.8202822072610438}}","{""gender=Female"": {""alpha"": 2.0, ""margin"": 0.9205373449739002, ""p_observed"": 0.9602686724869501, ""prior_probability"": 0.44275132275132273, ""score"": -0.8958313477467514}, ""gender=Male"": {""alpha"": 2.0, ""margin"": 0.8202822072610438, ""p_observed"": 0.9101411036305219, ""prior_probability"": 0.5572486772486772, ""score"": -0.7730549455455256}}"
52,Male,White,gender=Male,<=50K,"{""age"": ""36"", ""workclass"": ""Private"", ""education"": ""Bachelors"", ""educational-num"": ""13"", ""race"": ""White"", ""capital-gain"": ""0"", ""capital-loss"": ""0"", ""hours-per-week"": ""70"", ""native-country"": ""United-States""}",gender=Male,gender=Male,gender=Female,,gender=Female,gender=Female,gender=Female,0,<=50K | Bachelors | Private,2,2,"{""gender=Female"": ""<=50K"", ""gender=Male"": "">50K""}","{""gender=Female"": {""alpha"": 1.0, ""margin"": 0.34636570425537727, ""p_observed"": 0.6731828521276886, ""prior_probability"": 0.4140684410646388, ""score"": 0.6731828521276886}, ""gender=Male"": {""alpha"": 1.0, ""margin"": -0.15505591479993952, ""p_observed"": 0.42247204260003013, ""prior_probability"": 0.5859315589353612, ""score"": 0.42247204260003013}}","{""gender=Female"": {""alpha"": 1.0, ""margin"": 0.34636570425537727, ""p_observed"": 0.6731828521276886, ""prior_probability"": 0.4140684410646388, ""score"": 0.34636570425537727}, ""gender=Male"": {""alpha"": 1.0, ""margin"": -0.15505591479993952, ""p_observed"": 0.42247204260003013, ""prior_probability"": 0.5859315589353612, ""score"": -0.15505591479993952}}","{""gender=Female"": {""alpha"": 2.0, ""margin"": 0.34636570425537727, ""p_observed"": 0.6731828521276886, ""prior_probability"": 0.4140684410646388, ""score"": -1.6732005805808499}, ""gender=Male"": {""alpha"": 2.0, ""margin"": -0.15505591479993952, ""p_observed"": 0.42247204260003013, ""prior_probability"": 0.5859315589353612, ""score"": -2.2578163013221046}}"
53,Male,Black,gender=Male,<=50K,"{""age"": ""27"", ""workclass"": ""Private"", ""education"": ""Some-college"", ""educational-num"": ""10"", ""race"": ""Black"", ""capital-gain"": ""0"", ""capital-loss"": ""0"", ""hours-per-week"": ""40"", ""native-country"": ""United-States""}",gender=Male,gender=Male,gender=Male,,gender=Female,gender=Female,gender=Male,0,<=50K | Some-college | Private,2,2,"{""gender=Female"": ""<=50K"", ""gender=Male"": ""<=50K""}","{""gender=Female"": {""alpha"": 1.0, ""margin"": 0.9408401311881891, ""p_observed"": 0.9704200655940944, ""prior_probability"": 0.44275132275132273, ""score"": 0.9704200655940944}, ""gender=Male"": {""alpha"": 1.0, ""margin"": 0.8503303267942485, ""p_observed"": 0.9251651633971241, ""prior_probability"": 0.5572486772486772, ""score"": 0.9251651633971241}}","{""gender=Female"": {""alpha"": 1.0, ""margin"": 0.9408401311881891, ""p_observed"": 0.9704200655940944, ""prior_probability"": 0.44275132275132273, ""score"": 0.9408401311881891}, ""gender=Male"": {""alpha"": 1.0, ""margin"": 0.8503303267942485, ""p_observed"": 0.9251651633971241, ""prior_probability"": 0.5572486772486772, ""score"": 0.8503303267942485}}","{""gender=Female"": {""alpha"": 2.0, ""margin"": 0.9408401311881891, ""p_observed"": 0.9704200655940944, ""prior_probability"": 0.44275132275132273, ""score"": -0.874799502569959}, ""gender=Male"": {""alpha"": 2.0, ""margin"": 0.8503303267942485, ""p_observed"": 0.9251651633971241, ""prior_probability"": 0.5572486772486772, ""score"": -0.7403096852012236}}"
54,Male,White,gender=Male,>50K,"{""age"": ""50"", ""workclass"": ""Federal-gov"", ""education"": ""HS-grad"", ""educational-num"": ""9"", ""race"": ""White"", ""capital-gain"": ""4386"", ""capital-loss"": ""0"", ""hours-per-week"": ""40"", ""native-country"": ""United-States""}",gender=Male,gender=Male,gender=Male,,gender=Male,gender=Male,gender=Male,0,>50K | HS-grad | Federal-gov,2,2,"{""gender=Female"": ""<=50K"", ""gender=Male"": ""<=50K""}","{""gender=Female"": {""alpha"": 1.0, ""margin"": -0.6563997268558972, ""p_observed"": 0.17180013657205145, ""prior_probability"": 0.129565816678153, ""score"": 0.17180013657205145}, ""gender=Male"": {""alpha"": 1.0, ""margin"": -0.327630956629045, ""p_observed"": 0.3361845216854777, ""prior_probability"": 0.870434183321847, ""score"": 0.3361845216854777}}","{""gender=Female"": {""alpha"": 1.0, ""margin"": -0.6563997268558972, ""p_observed"": 0.17180013657205145, ""prior_probability"": 0.129565816678153, ""score"": -0.6563997268558972}, ""gender=Male"": {""alpha"": 1.0, ""margin"": -0.327630956629045, ""p_observed"": 0.3361845216854777, ""prior_probability"": 0.870434183321847, ""score"": -0.327630956629045}}","{""gender=Female"": {""alpha"": 2.0, ""margin"": -0.6563997268558972, ""p_observed"": 0.17180013657205145, ""prior_probability"": 0.129565816678153, ""score"": -5.566413239023008}, ""gender=Male"": {""alpha"": 2.0, ""margin"": -0.327630956629045, ""p_observed"": 0.3361845216854777, ""prior_probability"": 0.870434183321847, ""score"": -2.3189533266847904}}"
55,Male,Black,gender=Male,<=50K,"{""age"": ""30"", ""workclass"": ""Local-gov"", ""education"": ""Assoc-acdm"", ""educational-num"": ""12"", ""race"": ""Black"", ""capital-gain"": ""0"", ""capital-loss"": ""0"", ""hours-per-week"": ""40"", ""native-country"": ""United-States""}",gender=Male,gender=Male,gender=Male,,gender=Female,gender=Female,gender=Female,0,<=50K | Assoc-acdm | Local-gov,2,2,"{""gender=Female"": ""<=50K"", ""gender=Male"": ""<=50K""}","{""gender=Female"": {""alpha"": 1.0, ""margin"": 0.834332319965533, ""p_observed"": 0.9171661599827665, ""prior_probability"": 0.4611801242236025, ""score"": 0.9171661599827665}, ""gender=Male"": {""alpha"": 1.0, ""margin"": 0.6087332611723366, ""p_observed"": 0.8043666305861683, ""prior_probability"": 0.5388198757763976, ""score"": 0.8043666305861683}}","{""gender=Female"": {""alpha"": 1.0, ""margin"": 0.834332319965533, ""p_observed"": 0.9171661599827665, ""prior_probability"": 0.4611801242236025, ""score"": 0.834332319965533}, ""gender=Male"": {""alpha"": 1.0, ""margin"": 0.6087332611723366, ""p_observed"": 0.8043666305861683, ""prior_probability"": 0.5388198757763976, ""score"": 0.6087332611723366}}","{""gender=Female"": {""alpha"": 2.0, ""margin"": 0.834332319965533, ""p_observed"": 0.9171661599827665, ""prior_probability"": 0.4611801242236025, ""score"": -0.9468998344923045}, ""gender=Male"": {""alpha"": 2.0, ""margin"": 0.6087332611723366, ""p_observed"": 0.8043666305861683, ""prior_probability"": 0.5388198757763976, ""score"": -1.053774157260609}}"
56,Male,White,gender=Male,<=50K,"{""age"": ""31"", ""workclass"": ""Private"", ""education"": ""HS-grad"", ""educational-num"": ""9"", ""race"": ""White"", ""capital-gain"": ""0"", ""capital-loss"": ""0"", ""hours-per-week"": ""60"", ""native-country"": ""United-States""}",gender=Male,gender=Male,gender=Male,,gender=Female,gender=Female,gender=Male,0,<=50K | HS-grad | Private,2,2,"{""gender=Female"": ""<=50K"", ""gender=Male"": ""<=50K""}","{""gender=Female"": {""alpha"": 1.0, ""margin"": 0.8431558164788355, ""p_observed"": 0.9215779082394178, ""prior_probability"": 0.3531869020347662, ""score"": 0.9215779082394178}, ""gender=Male"": {""alpha"": 1.0, ""margin"": 0.6097005786006175, ""p_observed"": 0.8048502893003089, ""prior_probability"": 0.6468130979652338, ""score"": 0.8048502893003089}}","{""gender=Female"": {""alpha"": 1.0, ""margin"": 0.8431558164788355, ""p_observed"": 0.9215779082394178, ""prior_probability"": 0.3531869020347662, ""score"": 0.8431558164788355}, ""gender=Male"": {""alpha"": 1.0, ""margin"": 0.6097005786006175, ""p_observed"": 0.8048502893003089, ""prior_probability"": 0.6468130979652338, ""score"": 0.6097005786006175}}","{""gender=Female"": {""alpha"": 2.0, ""margin"": 0.8431558164788355, ""p_observed"": 0.9215779082394178, ""prior_probability"": 0.3531869020347662, ""score"": -1.2040938154911336}, ""gender=Male"": {""alpha"": 2.0, ""margin"": 0.6097005786006175, ""p_observed"": 0.8048502893003089, ""prior_probability"": 0.6468130979652338, ""score"": -0.8698958908415912}}"
57,Male,White,gender=Male,<=50K,"{""age"": ""41"", ""workclass"": ""Private"", ""education"": ""11th"", ""educational-num"": ""7"", ""race"": ""White"", ""capital-gain"": ""0"", ""capital-loss"": ""0"", ""hours-per-week"": ""40"", ""native-country"": ""United-States""}",gender=Male,gender=Male,gender=Male,,gender=Female,gender=Female,gender=Male,0,<=50K | 11th | Private,2,2,"{""gender=Female"": ""<=50K"", ""gender=Male"": ""<=50K""}","{""gender=Female"": {""alpha"": 1.0, ""margin"": 0.8777590254875782, ""p_observed"": 0.9388795127437891, ""prior_probability"": 0.3555070883315158, ""score"": 0.9388795127437891}, ""gender=Male"": {""alpha"": 1.0, ""margin"": 0.7297614030759385, ""p_observed"": 0.8648807015379691, ""prior_probability"": 0.6444929116684842, ""score"": 0.8648807015379691}}","{""gender=Female"": {""alpha"": 1.0, ""margin"": 0.8777590254875782, ""p_observed"": 0.9388795127437891, ""prior_probability"": 0.3555070883315158, ""score"": 0.8777590254875782}, ""gender=Male"": {""alpha"": 1.0, ""margin"": 0.7297614030759385, ""p_observed"": 0.8648807015379691, ""prior_probability"": 0.6444929116684842, ""score"": 0.7297614030759385}}","{""gender=Female"": {""alpha"": 2.0, ""margin"": 0.8777590254875782, ""p_observed"": 0.9388795127437891, ""prior_probability"": 0.3555070883315158, ""score"": -1.1603463357772275}, ""gender=Male"": {""alpha"": 2.0, ""margin"": 0.7297614030759385, ""p_observed"": 0.8648807015379691, ""prior_probability"": 0.6444929116684842, ""score"": -0.7296188525681031}}"
58,Female,White,gender=Female,<=50K,"{""age"": ""49"", ""workclass"": ""Private"", ""education"": ""HS-grad"", ""educational-num"": ""9"", ""race"": ""White"", ""capital-gain"": ""0"", ""capital-loss"": ""0"", ""hours-per-week"": ""40"", ""native-country"": ""United-States""}",gender=Male,gender=Male,gender=Male,,gender=Female,gender=Female,gender=Male,0,<=50K | HS-grad | Private,2,2,"{""gender=Female"": ""<=50K"", ""gender=Male"": ""<=50K""}","{""gender=Female"": {""alpha"": 1.0, ""margin"": 0.8111342116835706, ""p_observed"": 0.9055671058417852, ""prior_probability"": 0.3531869020347662, ""score"": 0.9055671058417852}, ""gender=Male"": {""alpha"": 1.0, ""margin"": 0.5144845362736291, ""p_observed"": 0.7572422681368145, ""prior_probability"": 0.6468130979652338, ""score"": 0.7572422681368145}}","{""gender=Female"": {""alpha"": 1.0, ""margin"": 0.8111342116835706, ""p_observed"": 0.9055671058417852, ""prior_probability"": 0.3531869020347662, ""score"": 0.8111342116835706}, ""gender=Male"": {""alpha"": 1.0, ""margin"": 0.5144845362736291, ""p_observed"": 0.7572422681368145, ""prior_probability"": 0.6468130979652338, ""score"": 0.5144845362736291}}","{""gender=Female"": {""alpha"": 2.0, ""margin"": 0.8111342116835706, ""p_observed"": 0.9055671058417852, ""prior_probability"": 0.3531869020347662, ""score"": -1.239145685141692}, ""gender=Male"": {""alpha"": 2.0, ""margin"": 0.5144845362736291, ""p_observed"": 0.7572422681368145, ""prior_probability"": 0.6468130979652338, ""score"": -0.9918419802277827}}"
59,Male,Black,gender=Male,>50K,"{""age"": ""46"", ""workclass"": ""State-gov"", ""education"": ""Some-college"", ""educational-num"": ""10"", ""race"": ""Black"", ""capital-gain"": ""0"", ""capital-loss"": ""0"", ""hours-per-week"": ""70"", ""native-country"": ""United-States""}",gender=Male,gender=Male,gender=Male,,gender=Male,gender=Male,gender=Male,0,>50K | Some-college | State-gov,2,2,"{""gender=Female"": ""<=50K"", ""gender=Male"": ""<=50K""}","{""gender=Female"": {""alpha"": 1.0, ""margin"": -0.6952019996920158, ""p_observed"": 0.15239900015399213, ""prior_probability"": 0.1390946502057613, ""score"": 0.15239900015399213}, ""gender=Male"": {""alpha"": 1.0, ""margin"": -0.2747121790205202, ""p_observed"": 0.36264391048973993, ""prior_probability"": 0.8609053497942387, ""score"": 0.36264391048973993}}","{""gender=Female"": {""alpha"": 1.0, ""margin"": -0.6952019996920158, ""p_observed"": 0.15239900015399213, ""prior_probability"": 0.1390946502057613, ""score"": -0.6952019996920158}, ""gender=Male"": {""alpha"": 1.0, ""margin"": -0.2747121790205202, ""p_observed"": 0.36264391048973993, ""prior_probability"": 0.8609053497942387, ""score"": -0.2747121790205202}}","{""gender=Female"": {""alpha"": 2.0, ""margin"": -0.6952019996920158, ""p_observed"": 0.15239900015399213, ""prior_probability"": 0.1390946502057613, ""score"": -5.735107033692486}, ""gender=Male"": {""alpha"": 2.0, ""margin"": -0.2747121790205202, ""p_observed"": 0.36264391048973993, ""prior_probability"": 0.8609053497942387, ""score"": -2.178438489178583}}"
60,Male,White,gender=Male,<=50K,"{""age"": ""18"", ""workclass"": ""Private"", ""education"": ""11th"", ""educational-num"": ""7"", ""race"": ""White"", ""capital-gain"": ""0"", ""capital-loss"": ""0"", ""hours-per-week"": ""20"", ""native-country"": ""United-States""}",gender=Male,gender=Male,gender=Male,,gender=Female,gender=Female,gender=Male,0,<=50K | 11th | Private,2,2,"{""gender=Female"": ""<=50K"", ""gender=Male"": ""<=50K""}","{""gender=Female"": {""alpha"": 1.0, ""margin"": 0.9792830324406109, ""p_observed"": 0.9896415162203054, ""prior_probability"": 0.3555070883315158, ""score"": 0.9896415162203054}, ""gender=Male"": {""alpha"": 1.0, ""margin"": 0.9450957319963798, ""p_observed"": 0.9725478659981899, ""prior_probability"": 0.6444929116684842, ""score"": 0.9725478659981899}}","{""gender=Female"": {""alpha"": 1.0, ""margin"": 0.9792830324406109, ""p_observed"": 0.9896415162203054, ""prior_probability"": 0.3555070883315158, ""score"": 0.9792830324406109}, ""gender=Male"": {""alpha"": 1.0, ""margin"": 0.9450957319963798, ""p_observed"": 0.9725478659981899, ""prior_probability"": 0.6444929116684842, ""score"": 0.9450957319963798}}","{""gender=Female"": {""alpha"": 2.0, ""margin"": 0.9792830324406109, ""p_observed"": 0.9896415162203054, ""prior_probability"": 0.3555070883315158, ""score"": -1.0550351034042769}, ""gender=Male"": {""alpha"": 2.0, ""margin"": 0.9450957319963798, ""p_observed"": 0.9725478659981899, ""prior_probability"": 0.6444929116684842, ""score"": -0.4949634251810937}}"
61,Male,Black,gender=Male,<=50K,"{""age"": ""18"", ""workclass"": ""Private"", ""education"": ""11th"", ""educational-num"": ""7"", ""race"": ""Black"", ""capital-gain"": ""0"", ""capital-loss"": ""0"", ""hours-per-week"": ""16"", ""native-country"": ""United-States""}",gender=Male,gender=Male,gender=Male,,gender=Female,gender=Female,gender=Male,0,<=50K | 11th | Private,2,2,"{""gender=Female"": ""<=50K"", ""gender=Male"": ""<=50K""}","{""gender=Female"": {""alpha"": 1.0, ""margin"": 0.9791205911802076, ""p_observed"": 0.9895602955901037, ""prior_probability"": 0.3555070883315158, ""score"": 0.9895602955901037}, ""gender=Male"": {""alpha"": 1.0, ""margin"": 0.9523680498524725, ""p_observed"": 0.9761840249262363, ""prior_probability"": 0.6444929116684842, ""score"": 0.9761840249262363}}","{""gender=Female"": {""alpha"": 1.0, ""margin"": 0.9791205911802076, ""p_observed"": 0.9895602955901037, ""prior_probability"": 0.3555070883315158, ""score"": 0.9791205911802076}, ""gender=Male"": {""alpha"": 1.0, ""margin"": 0.9523680498524725, ""p_observed"": 0.9761840249262363, ""prior_probability"": 0.6444929116684842, ""score"": 0.9523680498524725}}","{""gender=Female"": {""alpha"": 2.0, ""margin"": 0.9791205911802076, ""p_observed"": 0.9895602955901037, ""prior_probability"": 0.3555070883315158, ""score"": -1.0551992516579063}, ""gender=Male"": {""alpha"": 2.0, ""margin"": 0.9523680498524725, ""p_observed"": 0.9761840249262363, ""prior_probability"": 0.6444929116684842, ""score"": -0.4874997752764578}}"
62,Female,Black,gender=Female,<=50K,"{""age"": ""48"", ""workclass"": ""Self-emp-not-inc"", ""education"": ""Assoc-voc"", ""educational-num"": ""11"", ""race"": ""Black"", ""capital-gain"": ""0"", ""capital-loss"": ""0"", ""hours-per-week"": ""10"", ""native-country"": ""United-States""}",gender=Male,gender=Male,gender=Male,,gender=Female,gender=Female,gender=Male,0,<=50K | Assoc-voc | Self-emp-not-inc,2,2,"{""gender=Female"": ""<=50K"", ""gender=Male"": ""<=50K""}","{""gender=Female"": {""alpha"": 1.0, ""margin"": 0.810364203449811, ""p_observed"": 0.9051821017249055, ""prior_probability"": 0.40348837209302324, ""score"": 0.9051821017249055}, ""gender=Male"": {""alpha"": 1.0, ""margin"": 0.6628074805258282, ""p_observed"": 0.8314037402629142, ""prior_probability"": 0.5965116279069768, ""score"": 0.8314037402629142}}","{""gender=Female"": {""alpha"": 1.0, ""margin"": 0.810364203449811, ""p_observed"": 0.9051821017249055, ""prior_probability"": 0.40348837209302324, ""score"": 0.810364203449811}, ""gender=Male"": {""alpha"": 1.0, ""margin"": 0.6628074805258282, ""p_observed"": 0.8314037402629142, ""prior_probability"": 0.5965116279069768, ""score"": 0.6628074805258282}}","{""gender=Female"": {""alpha"": 2.0, ""margin"": 0.810364203449811, ""p_observed"": 0.9051821017249055, ""prior_probability"": 0.40348837209302324, ""score"": -1.1068458855969454}, ""gender=Male"": {""alpha"": 2.0, ""margin"": 0.6628074805258282, ""p_observed"": 0.8314037402629142, ""prior_probability"": 0.5965116279069768, ""score"": -0.8859360509190164}}"
63,Male,White,gender=Male,<=50K,"{""age"": ""34"", ""workclass"": ""Self-emp-inc"", ""education"": ""HS-grad"", ""educational-num"": ""9"", ""race"": ""White"", ""capital-gain"": ""0"", ""capital-loss"": ""0"", ""hours-per-week"": ""40"", ""native-country"": ""United-States""}",gender=Male,gender=Male,gender=Male,,gender=Female,gender=Female,gender=Male,0,<=50K | HS-grad | Self-emp-inc,2,2,"{""gender=Female"": ""<=50K"", ""gender=Male"": ""<=50K""}","{""gender=Female"": {""alpha"": 1.0, ""margin"": 0.6370016787510886, ""p_observed"": 0.8185008393755442, ""prior_probability"": 0.3531869020347662, ""score"": 0.8185008393755442}, ""gender=Male"": {""alpha"": 1.0, ""margin"": 0.44613691879930706, ""p_observed"": 0.7230684593996537, ""prior_probability"": 0.6468130979652338, ""score"": 0.7230684593996537}}","{""gender=Female"": {""alpha"": 1.0, ""margin"": 0.6370016787510886, ""p_observed"": 0.8185008393755442, ""prior_probability"": 0.3531869020347662, ""score"": 0.6370016787510886}, ""gender=Male"": {""alpha"": 1.0, ""margin"": 0.44613691879930706, ""p_observed"": 0.7230684593996537, ""prior_probability"": 0.6468130979652338, ""score"": 0.44613691879930706}}","{""gender=Female"": {""alpha"": 2.0, ""margin"": 0.6370016787510886, ""p_observed"": 0.8185008393755442, ""prior_probability"": 0.3531869020347662, ""score"": -1.4413196079804025}, ""gender=Male"": {""alpha"": 2.0, ""margin"": 0.44613691879930706, ""p_observed"": 0.7230684593996537, ""prior_probability"": 0.6468130979652338, ""score"": -1.0842006477534891}}"
64,Male,White,gender=Male,<=50K,"{""age"": ""21"", ""workclass"": ""Private"", ""education"": ""Some-college"", ""educational-num"": ""10"", ""race"": ""White"", ""capital-gain"": ""0"", ""capital-loss"": ""0"", ""hours-per-week"": ""40"", ""native-country"": ""United-States""}",gender=Male,gender=Male,gender=Male,,gender=Female,gender=Female,gender=Male,0,<=50K | Some-college | Private,2,2,"{""gender=Female"": ""<=50K"", ""gender=Male"": ""<=50K""}","{""gender=Female"": {""alpha"": 1.0, ""margin"": 0.929898519652456, ""p_observed"": 0.9649492598262279, ""prior_probability"": 0.44275132275132273, ""score"": 0.9649492598262279}, ""gender=Male"": {""alpha"": 1.0, ""margin"": 0.8550928185815736, ""p_observed"": 0.9275464092907868, ""prior_probability"": 0.5572486772486772, ""score"": 0.9275464092907868}}","{""gender=Female"": {""alpha"": 1.0, ""margin"": 0.929898519652456, ""p_observed"": 0.9649492598262279, ""prior_probability"": 0.44275132275132273, ""score"": 0.929898519652456}, ""gender=Male"": {""alpha"": 1.0, ""margin"": 0.8550928185815736, ""p_observed"": 0.9275464092907868, ""prior_probability"": 0.5572486772486772, ""score"": 0.8550928185815736}}","{""gender=Female"": {""alpha"": 2.0, ""margin"": 0.929898519652456, ""p_observed"": 0.9649492598262279, ""prior_probability"": 0.44275132275132273, ""score"": -0.8861065337760479}, ""gender=Male"": {""alpha"": 2.0, ""margin"": 0.8550928185815736, ""p_observed"": 0.9275464092907868, ""prior_probability"": 0.5572486772486772, ""score"": -0.735168577993845}}"
65,Male,White,gender=Male,<=50K,"{""age"": ""44"", ""workclass"": ""State-gov"", ""education"": ""HS-grad"", ""educational-num"": ""9"", ""race"": ""White"", ""capital-gain"": ""0"", ""capital-loss"": ""0"", ""hours-per-week"": ""40"", ""native-country"": ""United-States""}",gender=Male,gender=Male,gender=Male,,gender=Female,gender=Female,gender=Male,0,<=50K | HS-grad | State-gov,2,2,"{""gender=Female"": ""<=50K"", ""gender=Male"": ""<=50K""}","{""gender=Female"": {""alpha"": 1.0, ""margin"": 0.7984620768733156, ""p_observed"": 0.8992310384366577, ""prior_probability"": 0.3531869020347662, ""score"": 0.8992310384366577}, ""gender=Male"": {""alpha"": 1.0, ""margin"": 0.5358432883747164, ""p_observed"": 0.7679216441873583, ""prior_probability"": 0.6468130979652338, ""score"": 0.7679216441873583}}","{""gender=Female"": {""alpha"": 1.0, ""margin"": 0.7984620768733156, ""p_observed"": 0.8992310384366577, ""prior_probability"": 0.3531869020347662, ""score"": 0.7984620768733156}, ""gender=Male"": {""alpha"": 1.0, ""margin"": 0.5358432883747164, ""p_observed"": 0.7679216441873583, ""prior_probability"": 0.6468130979652338, ""score"": 0.5358432883747164}}","{""gender=Female"": {""alpha"": 2.0, ""margin"": 0.7984620768733156, ""p_observed"": 0.8992310384366577, ""prior_probability"": 0.3531869020347662, ""score"": -1.2531884598548786}, ""gender=Male"": {""alpha"": 2.0, ""margin"": 0.5358432883747164, ""p_observed"": 0.7679216441873583, ""prior_probability"": 0.6468130979652338, ""score"": -0.9638330547484736}}"
66,Male,White,gender=Male,>50K,"{""age"": ""25"", ""workclass"": ""Private"", ""education"": ""Bachelors"", ""educational-num"": ""13"", ""race"": ""White"", ""capital-gain"": ""0"", ""capital-loss"": ""0"", ""hours-per-week"": ""45"", ""native-country"": ""United-States""}",gender=Male,gender=Male,gender=Male,,gender=Male,gender=Male,gender=Male,0,>50K | Bachelors | Private,2,2,"{""gender=Female"": ""<=50K"", ""gender=Male"": ""<=50K""}","{""gender=Female"": {""alpha"": 1.0, ""margin"": -0.7102079622605322, ""p_observed"": 0.14489601886973397, ""prior_probability"": 0.15218508997429306, ""score"": 0.14489601886973397}, ""gender=Male"": {""alpha"": 1.0, ""margin"": -0.46062585426031943, ""p_observed"": 0.26968707286984017, ""prior_probability"": 0.847814910025707, ""score"": 0.26968707286984017}}","{""gender=Female"": {""alpha"": 1.0, ""margin"": -0.7102079622605322, ""p_observed"": 0.14489601886973397, ""prior_probability"": 0.15218508997429306, ""score"": -0.7102079622605322}, ""gender=Male"": {""alpha"": 1.0, ""margin"": -0.46062585426031943, ""p_observed"": 0.26968707286984017, ""prior_probability"": 0.847814910025707, ""score"": -0.46062585426031943}}","{""gender=Female"": {""alpha"": 2.0, ""margin"": -0.7102079622605322, ""p_observed"": 0.14489601886973397, ""prior_probability"": 0.15218508997429306, ""score"": -5.746135611832556}, ""gender=Male"": {""alpha"": 2.0, ""margin"": -0.46062585426031943, ""p_observed"": 0.26968707286984017, ""prior_probability"": 0.847814910025707, ""score"": -2.786078896497542}}"
67,Male,White,gender=Male,<=50K,"{""age"": ""23"", ""workclass"": ""Private"", ""education"": ""HS-grad"", ""educational-num"": ""9"", ""race"": ""White"", ""capital-gain"": ""0"", ""capital-loss"": ""0"", ""hours-per-week"": ""20"", ""native-country"": ""United-States""}",gender=Male,gender=Male,gender=Male,,gender=Female,gender=Female,gender=Male,0,<=50K | HS-grad | Private,2,2,"{""gender=Female"": ""<=50K"", ""gender=Male"": ""<=50K""}","{""gender=Female"": {""alpha"": 1.0, ""margin"": 0.9559882122233758, ""p_observed"": 0.9779941061116879, ""prior_probability"": 0.3531869020347662, ""score"": 0.9779941061116879}, ""gender=Male"": {""alpha"": 1.0, ""margin"": 0.9074249198855133, ""p_observed"": 0.9537124599427566, ""prior_probability"": 0.6468130979652338, ""score"": 0.9537124599427566}}","{""gender=Female"": {""alpha"": 1.0, ""margin"": 0.9559882122233758, ""p_observed"": 0.9779941061116879, ""prior_probability"": 0.3531869020347662, ""score"": 0.9559882122233758}, ""gender=Male"": {""alpha"": 1.0, ""margin"": 0.9074249198855133, ""p_observed"": 0.9537124599427566, ""prior_probability"": 0.6468130979652338, ""score"": 0.9074249198855133}}","{""gender=Female"": {""alpha"": 2.0, ""margin"": 0.9559882122233758, ""p_observed"": 0.9779941061116879, ""prior_probability"": 0.3531869020347662, ""score"": -1.0852611655190185}, ""gender=Male"": {""alpha"": 2.0, ""margin"": 0.9074249198855133, ""p_observed"": 0.9537124599427566, ""prior_probability"": 0.6468130979652338, ""score"": -0.5304840163492128}}"
68,Male,White,gender=Male,<=50K,"{""age"": ""24"", ""workclass"": ""Private"", ""education"": ""Bachelors"", ""educational-num"": ""13"", ""race"": ""White"", ""capital-gain"": ""0"", ""capital-loss"": ""0"", ""hours-per-week"": ""40"", ""native-country"": ""United-States""}",gender=Male,gender=Male,gender=Male,,gender=Female,gender=Female,gender=Male,0,<=50K | Bachelors | Private,2,2,"{""gender=Female"": ""<=50K"", ""gender=Male"": ""<=50K""}","{""gender=Female"": {""alpha"": 1.0, ""margin"": 0.8538369239968584, ""p_observed"": 0.9269184619984291, ""prior_probability"": 0.4140684410646388, ""score"": 0.9269184619984291}, ""gender=Male"": {""alpha"": 1.0, ""margin"": 0.682287012925609, ""p_observed"": 0.8411435064628044, ""prior_probability"": 0.5859315589353612, ""score"": 0.8411435064628044}}","{""gender=Female"": {""alpha"": 1.0, ""margin"": 0.8538369239968584, ""p_observed"": 0.9269184619984291, ""prior_probability"": 0.4140684410646388, ""score"": 0.8538369239968584}, ""gender=Male"": {""alpha"": 1.0, ""margin"": 0.682287012925609, ""p_observed"": 0.8411435064628044, ""prior_probability"": 0.5859315589353612, ""score"": 0.682287012925609}}","{""gender=Female"": {""alpha"": 2.0, ""margin"": 0.8538369239968584, ""p_observed"": 0.9269184619984291, ""prior_probability"": 0.4140684410646388, ""score"": -1.0335033548271462}, ""gender=Male"": {""alpha"": 2.0, ""margin"": 0.682287012925609, ""p_observed"": 0.8411435064628044, ""prior_probability"": 0.5859315589353612, ""score"": -0.8805382812104356}}"
69,Male,Black,gender=Male,<=50K,"{""age"": ""18"", ""workclass"": ""Private"", ""education"": ""11th"", ""educational-num"": ""7"", ""race"": ""Black"", ""capital-gain"": ""0"", ""capital-loss"": ""0"", ""hours-per-week"": ""8"", ""native-country"": ""United-States""}",gender=Male,gender=Male,gender=Male,,gender=Female,gender=Female,gender=Male,0,<=50K | 11th | Private,2,2,"{""gender=Female"": ""<=50K"", ""gender=Male"": ""<=50K""}","{""gender=Female"": {""alpha"": 1.0, ""margin"": 0.9791205911802076, ""p_observed"": 0.9895602955901037, ""prior_probability"": 0.3555070883315158, ""score"": 0.9895602955901037}, ""gender=Male"": {""alpha"": 1.0, ""margin"": 0.9468124942969168, ""p_observed"": 0.9734062471484585, ""prior_probability"": 0.6444929116684842, ""score"": 0.9734062471484585}}","{""gender=Female"": {""alpha"": 1.0, ""margin"": 0.9791205911802076, ""p_observed"": 0.9895602955901037, ""prior_probability"": 0.3555070883315158, ""score"": 0.9791205911802076}, ""gender=Male"": {""alpha"": 1.0, ""margin"": 0.9468124942969168, ""p_observed"": 0.9734062471484585, ""prior_probability"": 0.6444929116684842, ""score"": 0.9468124942969168}}","{""gender=Female"": {""alpha"": 2.0, ""margin"": 0.9791205911802076, ""p_observed"": 0.9895602955901037, ""prior_probability"": 0.3555070883315158, ""score"": -1.0551992516579063}, ""gender=Male"": {""alpha"": 2.0, ""margin"": 0.9468124942969168, ""p_observed"": 0.9734062471484585, ""prior_probability"": 0.6444929116684842, ""score"": -0.4931989823298596}}"
70,Male,White,gender=Male,<=50K,"{""age"": ""43"", ""workclass"": ""Self-emp-not-inc"", ""education"": ""12th"", ""educational-num"": ""8"", ""race"": ""White"", ""capital-gain"": ""0"", ""capital-loss"": ""0"", ""hours-per-week"": ""60"", ""native-country"": ""United-States""}",gender=Male,gender=Male,gender=Male,,gender=Female,gender=Female,gender=Male,0,<=50K | 12th | Self-emp-not-inc,2,2,"{""gender=Female"": ""<=50K"", ""gender=Male"": ""<=50K""}","{""gender=Female"": {""alpha"": 1.0, ""margin"": 0.762277056089924, ""p_observed"": 0.8811385280449618, ""prior_probability"": 0.345565749235474, ""score"": 0.8811385280449618}, ""gender=Male"": {""alpha"": 1.0, ""margin"": 0.47922843261679865, ""p_observed"": 0.7396142163083993, ""prior_probability"": 0.654434250764526, ""score"": 0.7396142163083993}}","{""gender=Female"": {""alpha"": 1.0, ""margin"": 0.762277056089924, ""p_observed"": 0.8811385280449618, ""prior_probability"": 0.345565749235474, ""score"": 0.762277056089924}, ""gender=Male"": {""alpha"": 1.0, ""margin"": 0.47922843261679865, ""p_observed"": 0.7396142163083993, ""prior_probability"": 0.654434250764526, ""score"": 0.47922843261679865}}","{""gender=Female"": {""alpha"": 2.0, ""margin"": 0.762277056089924, ""p_observed"": 0.8811385280449618, ""prior_probability"": 0.345565749235474, ""score"": -1.315653203895308}, ""gender=Male"": {""alpha"": 2.0, ""margin"": 0.47922843261679865, ""p_observed"": 0.7396142163083993, ""prior_probability"": 0.654434250764526, ""score"": -1.027237271947942}}"
71,Male,White,gender=Male,<=50K,"{""age"": ""71"", ""workclass"": ""Self-emp-not-inc"", ""education"": ""7th-8th"", ""educational-num"": ""4"", ""race"": ""White"", ""capital-gain"": ""0"", ""capital-loss"": ""0"", ""hours-per-week"": ""10"", ""native-country"": ""United-States""}",gender=Male,gender=Male,gender=Male,,gender=Female,gender=Female,gender=Male,0,<=50K | 7th-8th | Self-emp-not-inc,2,2,"{""gender=Female"": ""<=50K"", ""gender=Male"": ""<=50K""}","{""gender=Female"": {""alpha"": 1.0, ""margin"": 0.8644145247001064, ""p_observed"": 0.9322072623500531, ""prior_probability"": 0.2653061224489796, ""score"": 0.9322072623500531}, ""gender=Male"": {""alpha"": 1.0, ""margin"": 0.7288981375316392, ""p_observed"": 0.8644490687658196, ""prior_probability"": 0.7346938775510204, ""score"": 0.8644490687658196}}","{""gender=Female"": {""alpha"": 1.0, ""margin"": 0.8644145247001064, ""p_observed"": 0.9322072623500531, ""prior_probability"": 0.2653061224489796, ""score"": 0.8644145247001064}, ""gender=Male"": {""alpha"": 1.0, ""margin"": 0.7288981375316392, ""p_observed"": 0.8644490687658196, ""prior_probability"": 0.7346938775510204, ""score"": 0.7288981375316392}}","{""gender=Female"": {""alpha"": 2.0, ""margin"": 0.8644145247001064, ""p_observed"": 0.9322072623500531, ""prior_probability"": 0.2653061224489796, ""score"": -1.4672711496981843}, ""gender=Male"": {""alpha"": 2.0, ""margin"": 0.7288981375316392, ""p_observed"": 0.8644490687658196, ""prior_probability"": 0.7346938775510204, ""score"": -0.5996271390309159}}"
72,Male,White,gender=Male,>50K,"{""age"": ""52"", ""workclass"": ""Private"", ""education"": ""HS-grad"", ""educational-num"": ""9"", ""race"": ""White"", ""capital-gain"": ""0"", ""capital-loss"": ""1977"", ""hours-per-week"": ""40"", ""native-country"": ""United-States""}",gender=Male,gender=Male,gender=Male,,gender=Male,gender=Male,gender=Male,0,>50K | HS-grad | Private,2,2,"{""gender=Female"": ""<=50K"", ""gender=Male"": "">50K""}","{""gender=Female"": {""alpha"": 1.0, ""margin"": -0.11166979928175391, ""p_observed"": 0.44416510035912304, ""prior_probability"": 0.129565816678153, ""score"": 0.44416510035912304}, ""gender=Male"": {""alpha"": 1.0, ""margin"": 0.22660231819049143, ""p_observed"": 0.6133011590952456, ""prior_probability"": 0.870434183321847, ""score"": 0.6133011590952456}}","{""gender=Female"": {""alpha"": 1.0, ""margin"": -0.11166979928175391, ""p_observed"": 0.44416510035912304, ""prior_probability"": 0.129565816678153, ""score"": -0.11166979928175391}, ""gender=Male"": {""alpha"": 1.0, ""margin"": 0.22660231819049143, ""p_observed"": 0.6133011590952456, ""prior_probability"": 0.870434183321847, ""score"": 0.22660231819049143}}","{""gender=Female"": {""alpha"": 2.0, ""margin"": -0.11166979928175391, ""p_observed"": 0.44416510035912304, ""prior_probability"": 0.129565816678153, ""score"": -3.6666841660791096}, ""gender=Male"": {""alpha"": 2.0, ""margin"": 0.22660231819049143, ""p_observed"": 0.6133011590952456, ""prior_probability"": 0.870434183321847, ""score"": -1.1165614833738295}}"
73,Female,White,gender=Female,<=50K,"{""age"": ""60"", ""workclass"": ""Private"", ""education"": ""Some-college"", ""educational-num"": ""10"", ""race"": ""White"", ""capital-gain"": ""0"", ""capital-loss"": ""0"", ""hours-per-week"": ""70"", ""native-country"": ""United-States""}",gender=Male,gender=Male,gender=Male,,gender=Female,gender=Female,gender=Female,0,<=50K | Some-college | Private,2,2,"{""gender=Female"": ""<=50K"", ""gender=Male"": ""<=50K""}","{""gender=Female"": {""alpha"": 1.0, ""margin"": 0.7240436485401218, ""p_observed"": 0.8620218242700608, ""prior_probability"": 0.44275132275132273, ""score"": 0.8620218242700608}, ""gender=Male"": {""alpha"": 1.0, ""margin"": 0.2856299526458662, ""p_observed"": 0.6428149763229332, ""prior_probability"": 0.5572486772486772, ""score"": 0.6428149763229332}}","{""gender=Female"": {""alpha"": 1.0, ""margin"": 0.7240436485401218, ""p_observed"": 0.8620218242700608, ""prior_probability"": 0.44275132275132273, ""score"": 0.7240436485401218}, ""gender=Male"": {""alpha"": 1.0, ""margin"": 0.2856299526458662, ""p_observed"": 0.6428149763229332, ""prior_probability"": 0.5572486772486772, ""score"": 0.2856299526458662}}","{""gender=Female"": {""alpha"": 2.0, ""margin"": 0.7240436485401218, ""p_observed"": 0.8620218242700608, ""prior_probability"": 0.44275132275132273, ""score"": -1.1116963956634673}, ""gender=Male"": {""alpha"": 2.0, ""margin"": 0.2856299526458662, ""p_observed"": 0.6428149763229332, ""prior_probability"": 0.5572486772486772, ""score"": -1.4685403740652583}}"
74,Male,White,gender=Male,>50K,"{""age"": ""25"", ""workclass"": ""Private"", ""education"": ""Some-college"", ""educational-num"": ""10"", ""race"": ""White"", ""capital-gain"": ""8614"", ""capital-loss"": ""0"", ""hours-per-week"": ""40"", ""native-country"": ""United-States""}",gender=Male,gender=Male,gender=Male,,gender=Male,gender=Male,gender=Male,0,>50K | Some-college | Private,2,2,"{""gender=Female"": "">50K"", ""gender=Male"": "">50K""}","{""gender=Female"": {""alpha"": 1.0, ""margin"": 0.3099201213093511, ""p_observed"": 0.6549600606546755, ""prior_probability"": 0.1390946502057613, ""score"": 0.6549600606546755}, ""gender=Male"": {""alpha"": 1.0, ""margin"": 0.3867335810087801, ""p_observed"": 0.6933667905043901, ""prior_probability"": 0.8609053497942387, ""score"": 0.6933667905043901}}","{""gender=Female"": {""alpha"": 1.0, ""margin"": 0.3099201213093511, ""p_observed"": 0.6549600606546755, ""prior_probability"": 0.1390946502057613, ""score"": 0.3099201213093511}, ""gender=Male"": {""alpha"": 1.0, ""margin"": 0.3867335810087801, ""p_observed"": 0.6933667905043901, ""prior_probability"": 0.8609053497942387, ""score"": 0.3867335810087801}}","{""gender=Female"": {""alpha"": 2.0, ""margin"": 0.3099201213093511, ""p_observed"": 0.6549600606546755, ""prior_probability"": 0.1390946502057613, ""score"": -2.8189626834630457}, ""gender=Male"": {""alpha"": 2.0, ""margin"": 0.3867335810087801, ""p_observed"": 0.6933667905043901, ""prior_probability"": 0.8609053497942387, ""score"": -0.8821629923177124}}"
75,Female,White,gender=Female,<=50K,"{""age"": ""21"", ""workclass"": ""Private"", ""education"": ""Some-college"", ""educational-num"": ""10"", ""race"": ""White"", ""capital-gain"": ""0"", ""capital-loss"": ""0"", ""hours-per-week"": ""49"", ""native-country"": ""United-States""}",gender=Male,gender=Male,gender=Male,,gender=Female,gender=Female,gender=Male,0,<=50K | Some-college | Private,2,2,"{""gender=Female"": ""<=50K"", ""gender=Male"": ""<=50K""}","{""gender=Female"": {""alpha"": 1.0, ""margin"": 0.8794733579073288, ""p_observed"": 0.9397366789536645, ""prior_probability"": 0.44275132275132273, ""score"": 0.9397366789536645}, ""gender=Male"": {""alpha"": 1.0, ""margin"": 0.7590530964670367, ""p_observed"": 0.8795265482335184, ""prior_probability"": 0.5572486772486772, ""score"": 0.8795265482335184}}","{""gender=Female"": {""alpha"": 1.0, ""margin"": 0.8794733579073288, ""p_observed"": 0.9397366789536645, ""prior_probability"": 0.44275132275132273, ""score"": 0.8794733579073288}, ""gender=Male"": {""alpha"": 1.0, ""margin"": 0.7590530964670367, ""p_observed"": 0.8795265482335184, ""prior_probability"": 0.5572486772486772, ""score"": 0.7590530964670367}}","{""gender=Female"": {""alpha"": 2.0, ""margin"": 0.8794733579073288, ""p_observed"": 0.9397366789536645, ""prior_probability"": 0.44275132275132273, ""score"": -0.9390581582113865}, ""gender=Male"": {""alpha"": 2.0, ""margin"": 0.7590530964670367, ""p_observed"": 0.8795265482335184, ""prior_probability"": 0.5572486772486772, ""score"": -0.8414867397555582}}"
76,Male,White,gender=Male,>50K,"{""age"": ""35"", ""workclass"": ""Private"", ""education"": ""Assoc-voc"", ""educational-num"": ""11"", ""race"": ""White"", ""capital-gain"": ""0"", ""capital-loss"": ""0"", ""hours-per-week"": ""40"", ""native-country"": ""United-States""}",gender=Male,gender=Male,gender=Male,,gender=Male,gender=Male,gender=Male,0,>50K | Assoc-voc | Private,2,2,"{""gender=Female"": ""<=50K"", ""gender=Male"": ""<=50K""}","{""gender=Female"": {""alpha"": 1.0, ""margin"": -0.774667836364518, ""p_observed"": 0.1126660818177411, ""prior_probability"": 0.18211920529801323, ""score"": 0.1126660818177411}, ""gender=Male"": {""alpha"": 1.0, ""margin"": -0.5137421428949869, ""p_observed"": 0.24312892855250673, ""prior_probability"": 0.8178807947019867, ""score"": 0.24312892855250673}}","{""gender=Female"": {""alpha"": 1.0, ""margin"": -0.774667836364518, ""p_observed"": 0.1126660818177411, ""prior_probability"": 0.18211920529801323, ""score"": -0.774667836364518}, ""gender=Male"": {""alpha"": 1.0, ""margin"": -0.5137421428949869, ""p_observed"": 0.24312892855250673, ""prior_probability"": 0.8178807947019867, ""score"": -0.5137421428949869}}","{""gender=Female"": {""alpha"": 2.0, ""margin"": -0.774667836364518, ""p_observed"": 0.1126660818177411, ""prior_probability"": 0.18211920529801323, ""score"": -6.069747558437391}, ""gender=Male"": {""alpha"": 2.0, ""margin"": -0.5137421428949869, ""p_observed"": 0.24312892855250673, ""prior_probability"": 0.8178807947019867, ""score"": -3.0293654930853986}}"
77,Male,White,gender=Male,<=50K,"{""age"": ""31"", ""workclass"": ""Local-gov"", ""education"": ""10th"", ""educational-num"": ""6"", ""race"": ""White"", ""capital-gain"": ""0"", ""capital-loss"": ""1741"", ""hours-per-week"": ""40"", ""native-country"": ""United-States""}",gender=Male,gender=Male,gender=Male,,gender=Female,gender=Female,gender=Male,0,<=50K | 10th | Local-gov,2,2,"{""gender=Female"": ""<=50K"", ""gender=Male"": ""<=50K""}","{""gender=Female"": {""alpha"": 1.0, ""margin"": 0.8749513850234373, ""p_observed"": 0.9374756925117186, ""prior_probability"": 0.3323572474377745, ""score"": 0.9374756925117186}, ""gender=Male"": {""alpha"": 1.0, ""margin"": 0.6985649091024962, ""p_observed"": 0.8492824545512481, ""prior_probability"": 0.6676427525622255, ""score"": 0.8492824545512481}}","{""gender=Female"": {""alpha"": 1.0, ""margin"": 0.8749513850234373, ""p_observed"": 0.9374756925117186, ""prior_probability"": 0.3323572474377745, ""score"": 0.8749513850234373}, ""gender=Male"": {""alpha"": 1.0, ""margin"": 0.6985649091024962, ""p_observed"": 0.8492824545512481, ""prior_probability"": 0.6676427525622255, ""score"": 0.6985649091024962}}","{""gender=Female"": {""alpha"": 2.0, ""margin"": 0.8749513850234373, ""p_observed"": 0.9374756925117186, ""prior_probability"": 0.3323572474377745, ""score"": -1.2306737410118023}, ""gender=Male"": {""alpha"": 2.0, ""margin"": 0.6985649091024962, ""p_observed"": 0.8492824545512481, ""prior_probability"": 0.6676427525622255, ""score"": -0.7307289643104903}}"
78,Female,White,gender=Female,>50K,"{""age"": ""41"", ""workclass"": ""Private"", ""education"": ""Masters"", ""educational-num"": ""14"", ""race"": ""White"", ""capital-gain"": ""0"", ""capital-loss"": ""0"", ""hours-per-week"": ""50"", ""native-country"": ""United-States""}",gender=Male,gender=Male,gender=Male,,gender=Male,gender=Male,gender=Male,0,>50K | Masters | Private,2,2,"{""gender=Female"": ""<=50K"", ""gender=Male"": "">50K""}","{""gender=Female"": {""alpha"": 1.0, ""margin"": -0.20436811695366985, ""p_observed"": 0.39781594152316513, ""prior_probability"": 0.18875, ""score"": 0.39781594152316513}, ""gender=Male"": {""alpha"": 1.0, ""margin"": 0.34629964886877, ""p_observed"": 0.673149824434385, ""prior_probability"": 0.81125, ""score"": 0.673149824434385}}","{""gender=Female"": {""alpha"": 1.0, ""margin"": -0.20436811695366985, ""p_observed"": 0.39781594152316513, ""prior_probability"": 0.18875, ""score"": -0.20436811695366985}, ""gender=Male"": {""alpha"": 1.0, ""margin"": 0.34629964886877, ""p_observed"": 0.673149824434385, ""prior_probability"": 0.81125, ""score"": 0.34629964886877}}","{""gender=Female"": {""alpha"": 2.0, ""margin"": -0.20436811695366985, ""p_observed"": 0.39781594152316513, ""prior_probability"": 0.18875, ""score"": -3.5108635691512307}, ""gender=Male"": {""alpha"": 2.0, ""margin"": 0.34629964886877, ""p_observed"": 0.673149824434385, ""prior_probability"": 0.81125, ""score"": -1.0007537157017428}}"
79,Male,White,gender=Male,<=50K,"{""age"": ""27"", ""workclass"": ""Private"", ""education"": ""HS-grad"", ""educational-num"": ""9"", ""race"": ""White"", ""capital-gain"": ""0"", ""capital-loss"": ""0"", ""hours-per-week"": ""40"", ""native-country"": ""United-States""}",gender=Male,gender=Male,gender=Male,,gender=Female,gender=Female,gender=Male,0,<=50K | HS-grad | Private,2,2,"{""gender=Female"": ""<=50K"", ""gender=Male"": ""<=50K""}","{""gender=Female"": {""alpha"": 1.0, ""margin"": 0.917475587486382, ""p_observed"": 0.958737793743191, ""prior_probability"": 0.3531869020347662, ""score"": 0.958737793743191}, ""gender=Male"": {""alpha"": 1.0, ""margin"": 0.826030873098181, ""p_observed"": 0.9130154365490905, ""prior_probability"": 0.6468130979652338, ""score"": 0.9130154365490905}}","{""gender=Female"": {""alpha"": 1.0, ""margin"": 0.917475587486382, ""p_observed"": 0.958737793743191, ""prior_probability"": 0.3531869020347662, ""score"": 0.917475587486382}, ""gender=Male"": {""alpha"": 1.0, ""margin"": 0.826030873098181, ""p_observed"": 0.9130154365490905, ""prior_probability"": 0.6468130979652338, ""score"": 0.826030873098181}}","{""gender=Female"": {""alpha"": 2.0, ""margin"": 0.917475587486382, ""p_observed"": 0.958737793743191, ""prior_probability"": 0.3531869020347662, ""score"": -1.1250332102666063}, ""gender=Male"": {""alpha"": 2.0, ""margin"": 0.826030873098181, ""p_observed"": 0.9130154365490905, ""prior_probability"": 0.6468130979652338, ""score"": -0.6177028831308649}}"
80,Male,White,gender=Male,<=50K,"{""age"": ""58"", ""workclass"": ""Local-gov"", ""education"": ""HS-grad"", ""educational-num"": ""9"", ""race"": ""White"", ""capital-gain"": ""3908"", ""capital-loss"": ""0"", ""hours-per-week"": ""40"", ""native-country"": ""United-States""}",gender=Male,gender=Male,gender=Male,,gender=Female,gender=Female,gender=Male,0,<=50K | HS-grad | Local-gov,2,2,"{""gender=Female"": ""<=50K"", ""gender=Male"": ""<=50K""}","{""gender=Female"": {""alpha"": 1.0, ""margin"": 0.8112098058592082, ""p_observed"": 0.9056049029296039, ""prior_probability"": 0.3531869020347662, ""score"": 0.9056049029296039}, ""gender=Male"": {""alpha"": 1.0, ""margin"": 0.5227949607047704, ""p_observed"": 0.7613974803523852, ""prior_probability"": 0.6468130979652338, ""score"": 0.7613974803523852}}","{""gender=Female"": {""alpha"": 1.0, ""margin"": 0.8112098058592082, ""p_observed"": 0.9056049029296039, ""prior_probability"": 0.3531869020347662, ""score"": 0.8112098058592082}, ""gender=Male"": {""alpha"": 1.0, ""margin"": 0.5227949607047704, ""p_observed"": 0.7613974803523852, ""prior_probability"": 0.6468130979652338, ""score"": 0.5227949607047704}}","{""gender=Female"": {""alpha"": 2.0, ""margin"": 0.8112098058592082, ""p_observed"": 0.9056049029296039, ""prior_probability"": 0.3531869020347662, ""score"": -1.239062209717732}, ""gender=Male"": {""alpha"": 2.0, ""margin"": 0.5227949607047704, ""p_observed"": 0.7613974803523852, ""prior_probability"": 0.6468130979652338, ""score"": -0.9808973896123009}}"
81,Female,White,gender=Female,<=50K,"{""age"": ""22"", ""workclass"": ""Private"", ""education"": ""Some-college"", ""educational-num"": ""10"", ""race"": ""White"", ""capital-gain"": ""0"", ""capital-loss"": ""0"", ""hours-per-week"": ""40"", ""native-country"": ""United-States""}",gender=Male,gender=Male,gender=Male,,gender=Female,gender=Female,gender=Male,0,<=50K | Some-college | Private,2,2,"{""gender=Female"": ""<=50K"", ""gender=Male"": ""<=50K""}","{""gender=Female"": {""alpha"": 1.0, ""margin"": 0.9289899602865237, ""p_observed"": 0.9644949801432618, ""prior_probability"": 0.44275132275132273, ""score"": 0.9644949801432618}, ""gender=Male"": {""alpha"": 1.0, ""margin"": 0.8539044089424415, ""p_observed"": 0.9269522044712207, ""prior_probability"": 0.5572486772486772, ""score"": 0.9269522044712207}}","{""gender=Female"": {""alpha"": 1.0, ""margin"": 0.9289899602865237, ""p_observed"": 0.9644949801432618, ""prior_probability"": 0.44275132275132273, ""score"": 0.9289899602865237}, ""gender=Male"": {""alpha"": 1.0, ""margin"": 0.8539044089424415, ""p_observed"": 0.9269522044712207, ""prior_probability"": 0.5572486772486772, ""score"": 0.8539044089424415}}","{""gender=Female"": {""alpha"": 2.0, ""margin"": 0.9289899602865237, ""p_observed"": 0.9644949801432618, ""prior_probability"": 0.44275132275132273, ""score"": -0.8870483172843758}, ""gender=Male"": {""alpha"": 2.0, ""margin"": 0.8539044089424415, ""p_observed"": 0.9269522044712207, ""prior_probability"": 0.5572486772486772, ""score"": -0.7364502286469996}}"
82,Male,White,gender=Male,>50K,"{""age"": ""42"", ""workclass"": ""Private"", ""education"": ""Bachelors"", ""educational-num"": ""13"", ""race"": ""White"", ""capital-gain"": ""0"", ""capital-loss"": ""0"", ""hours-per-week"": ""45"", ""native-country"": ""United-States""}",gender=Male,gender=Male,gender=Male,,gender=Male,gender=Male,gender=Male,0,>50K | Bachelors | Private,2,2,"{""gender=Female"": ""<=50K"", ""gender=Male"": "">50K""}","{""gender=Female"": {""alpha"": 1.0, ""margin"": -0.43329788020097176, ""p_observed"": 0.2833510598995142, ""prior_probability"": 0.15218508997429306, ""score"": 0.2833510598995142}, ""gender=Male"": {""alpha"": 1.0, ""margin"": 0.19450276356985768, ""p_observed"": 0.5972513817849289, ""prior_probability"": 0.847814910025707, ""score"": 0.5972513817849289}}","{""gender=Female"": {""alpha"": 1.0, ""margin"": -0.43329788020097176, ""p_observed"": 0.2833510598995142, ""prior_probability"": 0.15218508997429306, ""score"": -0.43329788020097176}, ""gender=Male"": {""alpha"": 1.0, ""margin"": 0.19450276356985768, ""p_observed"": 0.5972513817849289, ""prior_probability"": 0.847814910025707, ""score"": 0.19450276356985768}}","{""gender=Female"": {""alpha"": 2.0, ""margin"": -0.43329788020097176, ""p_observed"": 0.2833510598995142, ""prior_probability"": 0.15218508997429306, ""score"": -4.404795113271938}, ""gender=Male"": {""alpha"": 2.0, ""margin"": 0.19450276356985768, ""p_observed"": 0.5972513817849289, ""prior_probability"": 0.847814910025707, ""score"": -1.195927291893168}}"
83,Male,White,gender=Male,<=50K,"{""age"": ""36"", ""workclass"": ""Self-emp-not-inc"", ""education"": ""7th-8th"", ""educational-num"": ""4"", ""race"": ""White"", ""capital-gain"": ""0"", ""capital-loss"": ""0"", ""hours-per-week"": ""75"", ""native-country"": ""United-States""}",gender=Male,gender=Male,gender=Male,,gender=Female,gender=Female,gender=Male,0,<=50K | 7th-8th | Self-emp-not-inc,2,2,"{""gender=Female"": ""<=50K"", ""gender=Male"": ""<=50K""}","{""gender=Female"": {""alpha"": 1.0, ""margin"": 0.8309485855249455, ""p_observed"": 0.9154742927624726, ""prior_probability"": 0.2653061224489796, ""score"": 0.9154742927624726}, ""gender=Male"": {""alpha"": 1.0, ""margin"": 0.5793120538493162, ""p_observed"": 0.789656026924658, ""prior_probability"": 0.7346938775510204, ""score"": 0.789656026924658}}","{""gender=Female"": {""alpha"": 1.0, ""margin"": 0.8309485855249455, ""p_observed"": 0.9154742927624726, ""prior_probability"": 0.2653061224489796, ""score"": 0.8309485855249455}, ""gender=Male"": {""alpha"": 1.0, ""margin"": 0.5793120538493162, ""p_observed"": 0.789656026924658, ""prior_probability"": 0.7346938775510204, ""score"": 0.5793120538493162}}","{""gender=Female"": {""alpha"": 2.0, ""margin"": 0.8309485855249455, ""p_observed"": 0.9154742927624726, ""prior_probability"": 0.2653061224489796, ""score"": -1.5034969311673323}, ""gender=Male"": {""alpha"": 2.0, ""margin"": 0.5793120538493162, ""p_observed"": 0.789656026924658, ""prior_probability"": 0.7346938775510204, ""score"": -0.7806170342449218}}"
84,Male,White,gender=Male,>50K,"{""age"": ""52"", ""workclass"": ""Federal-gov"", ""education"": ""HS-grad"", ""educational-num"": ""9"", ""race"": ""White"", ""capital-gain"": ""7298"", ""capital-loss"": ""0"", ""hours-per-week"": ""40"", ""native-country"": ""United-States""}",gender=Male,gender=Male,gender=Male,,gender=Male,gender=Male,gender=Male,0,>50K | HS-grad | Federal-gov,2,2,"{""gender=Female"": "">50K"", ""gender=Male"": "">50K""}","{""gender=Female"": {""alpha"": 1.0, ""margin"": 0.3102547317412459, ""p_observed"": 0.6551273658706228, ""prior_probability"": 0.129565816678153, ""score"": 0.6551273658706228}, ""gender=Male"": {""alpha"": 1.0, ""margin"": 0.6035056210259422, ""p_observed"": 0.801752810512971, ""prior_probability"": 0.870434183321847, ""score"": 0.801752810512971}}","{""gender=Female"": {""alpha"": 1.0, ""margin"": 0.3102547317412459, ""p_observed"": 0.6551273658706228, ""prior_probability"": 0.129565816678153, ""score"": 0.3102547317412459}, ""gender=Male"": {""alpha"": 1.0, ""margin"": 0.6035056210259422, ""p_observed"": 0.801752810512971, ""prior_probability"": 0.870434183321847, ""score"": 0.6035056210259422}}","{""gender=Female"": {""alpha"": 2.0, ""margin"": 0.3102547317412459, ""p_observed"": 0.6551273658706228, ""prior_probability"": 0.129565816678153, ""score"": -2.8894175111328266}, ""gender=Male"": {""alpha"": 2.0, ""margin"": 0.6035056210259422, ""p_observed"": 0.801752810512971, ""prior_probability"": 0.870434183321847, ""score"": -0.5806730004177475}}"
85,Male,White,gender=Male,>50K,"{""age"": ""60"", ""workclass"": ""Self-emp-inc"", ""education"": ""Prof-school"", ""educational-num"": ""15"", ""race"": ""White"", ""capital-gain"": ""0"", ""capital-loss"": ""2415"", ""hours-per-week"": ""80"", ""native-country"": ""United-States""}",gender=Male,gender=Male,gender=Male,,gender=Male,gender=Male,gender=Male,0,>50K | Prof-school | Self-emp-inc,2,2,"{""gender=Female"": "">50K"", ""gender=Male"": "">50K""}","{""gender=Female"": {""alpha"": 1.0, ""margin"": 0.5244784749602727, ""p_observed"": 0.7622392374801363, ""prior_probability"": 0.10638297872340426, ""score"": 0.7622392374801363}, ""gender=Male"": {""alpha"": 1.0, ""margin"": 0.6959238607293119, ""p_observed"": 0.847961930364656, ""prior_probability"": 0.8936170212765957, ""score"": 0.847961930364656}}","{""gender=Female"": {""alpha"": 1.0, ""margin"": 0.5244784749602727, ""p_observed"": 0.7622392374801363, ""prior_probability"": 0.10638297872340426, ""score"": 0.5244784749602727}, ""gender=Male"": {""alpha"": 1.0, ""margin"": 0.6959238607293119, ""p_observed"": 0.847961930364656, ""prior_probability"": 0.8936170212765957, ""score"": 0.6959238607293119}}","{""gender=Female"": {""alpha"": 2.0, ""margin"": 0.5244784749602727, ""p_observed"": 0.7622392374801363, ""prior_probability"": 0.10638297872340426, ""score"": -2.783699314521791}, ""gender=Male"": {""alpha"": 2.0, ""margin"": 0.6959238607293119, ""p_observed"": 0.847961930364656, ""prior_probability"": 0.8936170212765957, ""score"": -0.44231705869845084}}"
86,Male,White,gender=Male,>50K,"{""age"": ""31"", ""workclass"": ""Private"", ""education"": ""HS-grad"", ""educational-num"": ""9"", ""race"": ""White"", ""capital-gain"": ""0"", ""capital-loss"": ""0"", ""hours-per-week"": ""40"", ""native-country"": ""Mexico""}",gender=Male,gender=Male,gender=Male,,gender=Male,gender=Male,gender=Male,0,>50K | HS-grad | Private,2,2,"{""gender=Female"": ""<=50K"", ""gender=Male"": ""<=50K""}","{""gender=Female"": {""alpha"": 1.0, ""margin"": -0.8848498933736039, ""p_observed"": 0.05757505331319794, ""prior_probability"": 0.129565816678153, ""score"": 0.05757505331319794}, ""gender=Male"": {""alpha"": 1.0, ""margin"": -0.789520260197502, ""p_observed"": 0.1052398699012489, ""prior_probability"": 0.870434183321847, ""score"": 0.1052398699012489}}","{""gender=Female"": {""alpha"": 1.0, ""margin"": -0.8848498933736039, ""p_observed"": 0.05757505331319794, ""prior_probability"": 0.129565816678153, ""score"": -0.8848498933736039}, ""gender=Male"": {""alpha"": 1.0, ""margin"": -0.789520260197502, ""p_observed"": 0.1052398699012489, ""prior_probability"": 0.870434183321847, ""score"": -0.789520260197502}}","{""gender=Female"": {""alpha"": 2.0, ""margin"": -0.8848498933736039, ""p_observed"": 0.05757505331319794, ""prior_probability"": 0.129565816678153, ""score"": -7.752898104649366}, ""gender=Male"": {""alpha"": 2.0, ""margin"": -0.789520260197502, ""p_observed"": 0.1052398699012489, ""prior_probability"": 0.870434183321847, ""score"": -4.641789248575519}}"
87,Female,Black,gender=Female,<=50K,"{""age"": ""47"", ""workclass"": ""Private"", ""education"": ""HS-grad"", ""educational-num"": ""9"", ""race"": ""Black"", ""capital-gain"": ""0"", ""capital-loss"": ""0"", ""hours-per-week"": ""55"", ""native-country"": ""United-States""}",gender=Male,gender=Male,gender=Male,,gender=Female,gender=Female,gender=Male,0,<=50K | HS-grad | Private,2,2,"{""gender=Female"": ""<=50K"", ""gender=Male"": ""<=50K""}","{""gender=Female"": {""alpha"": 1.0, ""margin"": 0.83461058238627, ""p_observed"": 0.917305291193135, ""prior_probability"": 0.3531869020347662, ""score"": 0.917305291193135}, ""gender=Male"": {""alpha"": 1.0, ""margin"": 0.49111393651640994, ""p_observed"": 0.745556968258205, ""prior_probability"": 0.6468130979652338, ""score"": 0.745556968258205}}","{""gender=Female"": {""alpha"": 1.0, ""margin"": 0.83461058238627, ""p_observed"": 0.917305291193135, ""prior_probability"": 0.3531869020347662, ""score"": 0.83461058238627}, ""gender=Male"": {""alpha"": 1.0, ""margin"": 0.49111393651640994, ""p_observed"": 0.745556968258205, ""prior_probability"": 0.6468130979652338, ""score"": 0.49111393651640994}}","{""gender=Female"": {""alpha"": 2.0, ""margin"": 0.83461058238627, ""p_observed"": 0.917305291193135, ""prior_probability"": 0.3531869020347662, ""score"": -1.213387771162307}, ""gender=Male"": {""alpha"": 2.0, ""margin"": 0.49111393651640994, ""p_observed"": 0.745556968258205, ""prior_probability"": 0.6468130979652338, ""score"": -1.022945364118664}}"
88,Male,Black,gender=Male,>50K,"{""age"": ""46"", ""workclass"": ""Private"", ""education"": ""HS-grad"", ""educational-num"": ""9"", ""race"": ""Black"", ""capital-gain"": ""4386"", ""capital-loss"": ""0"", ""hours-per-week"": ""40"", ""native-country"": ""United-States""}",gender=Male,gender=Male,gender=Male,,gender=Male,gender=Male,gender=Male,0,>50K | HS-grad | Private,2,2,"{""gender=Female"": ""<=50K"", ""gender=Male"": ""<=50K""}","{""gender=Female"": {""alpha"": 1.0, ""margin"": -0.8328856255947188, ""p_observed"": 0.08355718720264056, ""prior_probability"": 0.129565816678153, ""score"": 0.08355718720264056}, ""gender=Male"": {""alpha"": 1.0, ""margin"": -0.572312017339174, ""p_observed"": 0.21384399133041304, ""prior_probability"": 0.870434183321847, ""score"": 0.21384399133041304}}","{""gender=Female"": {""alpha"": 1.0, ""margin"": -0.8328856255947188, ""p_observed"": 0.08355718720264056, ""prior_probability"": 0.129565816678153, ""score"": -0.8328856255947188}, ""gender=Male"": {""alpha"": 1.0, ""margin"": -0.572312017339174, ""p_observed"": 0.21384399133041304, ""prior_probability"": 0.870434183321847, ""score"": -0.572312017339174}}","{""gender=Female"": {""alpha"": 2.0, ""margin"": -0.8328856255947188, ""p_observed"": 0.08355718720264056, ""prior_probability"": 0.129565816678153, ""score"": -7.0080142997902435}, ""gender=Male"": {""alpha"": 2.0, ""margin"": -0.572312017339174, ""p_observed"": 0.21384399133041304, ""prior_probability"": 0.870434183321847, ""score"": -3.2237802151213018}}"
89,Male,White,gender=Male,<=50K,"{""age"": ""32"", ""workclass"": ""Private"", ""education"": ""7th-8th"", ""educational-num"": ""4"", ""race"": ""White"", ""capital-gain"": ""0"", ""capital-loss"": ""0"", ""hours-per-week"": ""35"", ""native-country"": ""Mexico""}",gender=Male,gender=Male,gender=Male,,gender=Female,gender=Female,gender=Male,0,<=50K | 7th-8th | Private,2,2,"{""gender=Female"": ""<=50K"", ""gender=Male"": ""<=50K""}","{""gender=Female"": {""alpha"": 1.0, ""margin"": 0.9009419249372123, ""p_observed"": 0.950470962468606, ""prior_probability"": 0.2653061224489796, ""score"": 0.950470962468606}, ""gender=Male"": {""alpha"": 1.0, ""margin"": 0.8259551279644949, ""p_observed"": 0.9129775639822473, ""prior_probability"": 0.7346938775510204, ""score"": 0.9129775639822473}}","{""gender=Female"": {""alpha"": 1.0, ""margin"": 0.9009419249372123, ""p_observed"": 0.950470962468606, ""prior_probability"": 0.2653061224489796, ""score"": 0.9009419249372123}, ""gender=Male"": {""alpha"": 1.0, ""margin"": 0.8259551279644949, ""p_observed"": 0.9129775639822473, ""prior_probability"": 0.7346938775510204, ""score"": 0.8259551279644949}}","{""gender=Female"": {""alpha"": 2.0, ""margin"": 0.9009419249372123, ""p_observed"": 0.950470962468606, ""prior_probability"": 0.2653061224489796, ""score"": -1.428466275177117}, ""gender=Male"": {""alpha"": 2.0, ""margin"": 0.8259551279644949, ""p_observed"": 0.9129775639822473, ""prior_probability"": 0.7346938775510204, ""score"": -0.49038930493581545}}"
90,Male,White,gender=Male,<=50K,"{""age"": ""40"", ""workclass"": ""Private"", ""education"": ""HS-grad"", ""educational-num"": ""9"", ""race"": ""White"", ""capital-gain"": ""0"", ""capital-loss"": ""0"", ""hours-per-week"": ""40"", ""native-country"": ""United-States""}",gender=Male,gender=Male,gender=Male,,gender=Female,gender=Female,gender=Male,0,<=50K | HS-grad | Private,2,2,"{""gender=Female"": ""<=50K"", ""gender=Male"": ""<=50K""}","{""gender=Female"": {""alpha"": 1.0, ""margin"": 0.809621210804284, ""p_observed"": 0.9048106054021419, ""prior_probability"": 0.3531869020347662, ""score"": 0.9048106054021419}, ""gender=Male"": {""alpha"": 1.0, ""margin"": 0.5230050603440359, ""p_observed"": 0.761502530172018, ""prior_probability"": 0.6468130979652338, ""score"": 0.761502530172018}}","{""gender=Female"": {""alpha"": 1.0, ""margin"": 0.809621210804284, ""p_observed"": 0.9048106054021419, ""prior_probability"": 0.3531869020347662, ""score"": 0.809621210804284}, ""gender=Male"": {""alpha"": 1.0, ""margin"": 0.5230050603440359, ""p_observed"": 0.761502530172018, ""prior_probability"": 0.6468130979652338, ""score"": 0.5230050603440359}}","{""gender=Female"": {""alpha"": 2.0, ""margin"": 0.809621210804284, ""p_observed"": 0.9048106054021419, ""prior_probability"": 0.3531869020347662, ""score"": -1.2408171606110967}, ""gender=Male"": {""alpha"": 2.0, ""margin"": 0.5230050603440359, ""p_observed"": 0.761502530172018, ""prior_probability"": 0.6468130979652338, ""score"": -0.9806214691472056}}"
91,Male,White,gender=Male,>50K,"{""age"": ""32"", ""workclass"": ""Private"", ""education"": ""HS-grad"", ""educational-num"": ""9"", ""race"": ""White"", ""capital-gain"": ""7298"", ""capital-loss"": ""0"", ""hours-per-week"": ""46"", ""native-country"": ""United-States""}",gender=Male,gender=Male,gender=Male,,gender=Male,gender=Male,gender=Male,0,>50K | HS-grad | Private,2,2,"{""gender=Female"": "">50K"", ""gender=Male"": "">50K""}","{""gender=Female"": {""alpha"": 1.0, ""margin"": 0.20379443374311618, ""p_observed"": 0.6018972168715582, ""prior_probability"": 0.129565816678153, ""score"": 0.6018972168715582}, ""gender=Male"": {""alpha"": 1.0, ""margin"": 0.6562965125201649, ""p_observed"": 0.8281482562600825, ""prior_probability"": 0.870434183321847, ""score"": 0.8281482562600825}}","{""gender=Female"": {""alpha"": 1.0, ""margin"": 0.20379443374311618, ""p_observed"": 0.6018972168715582, ""prior_probability"": 0.129565816678153, ""score"": 0.20379443374311618}, ""gender=Male"": {""alpha"": 1.0, ""margin"": 0.6562965125201649, ""p_observed"": 0.8281482562600825, ""prior_probability"": 0.870434183321847, ""score"": 0.6562965125201649}}","{""gender=Female"": {""alpha"": 2.0, ""margin"": 0.20379443374311618, ""p_observed"": 0.6018972168715582, ""prior_probability"": 0.129565816678153, ""score"": -3.0589034587425172}, ""gender=Male"": {""alpha"": 2.0, ""margin"": 0.6562965125201649, ""p_observed"": 0.8281482562600825, ""prior_probability"": 0.870434183321847, ""score"": -0.5158893048753527}}"
92,Male,Black,gender=Male,<=50K,"{""age"": ""21"", ""workclass"": ""Private"", ""education"": ""HS-grad"", ""educational-num"": ""9"", ""race"": ""Black"", ""capital-gain"": ""0"", ""capital-loss"": ""0"", ""hours-per-week"": ""40"", ""native-country"": ""United-States""}",gender=Male,gender=Male,gender=Male,,gender=Female,gender=Female,gender=Male,0,<=50K | HS-grad | Private,2,2,"{""gender=Female"": ""<=50K"", ""gender=Male"": ""<=50K""}","{""gender=Female"": {""alpha"": 1.0, ""margin"": 0.9664678456925763, ""p_observed"": 0.9832339228462882, ""prior_probability"": 0.3531869020347662, ""score"": 0.9832339228462882}, ""gender=Male"": {""alpha"": 1.0, ""margin"": 0.9080835499094718, ""p_observed"": 0.9540417749547359, ""prior_probability"": 0.6468130979652338, ""score"": 0.9540417749547359}}","{""gender=Female"": {""alpha"": 1.0, ""margin"": 0.9664678456925763, ""p_observed"": 0.9832339228462882, ""prior_probability"": 0.3531869020347662, ""score"": 0.9664678456925763}, ""gender=Male"": {""alpha"": 1.0, ""margin"": 0.9080835499094718, ""p_observed"": 0.9540417749547359, ""prior_probability"": 0.6468130979652338, ""score"": 0.9080835499094718}}","{""gender=Female"": {""alpha"": 2.0, ""margin"": 0.9664678456925763, ""p_observed"": 0.9832339228462882, ""prior_probability"": 0.3531869020347662, ""score"": -1.0745743323215693}, ""gender=Male"": {""alpha"": 2.0, ""margin"": 0.9080835499094718, ""p_observed"": 0.9540417749547359, ""prior_probability"": 0.6468130979652338, ""score"": -0.5297935395378369}}"
93,Female,White,gender=Female,<=50K,"{""age"": ""33"", ""workclass"": ""Private"", ""education"": ""HS-grad"", ""educational-num"": ""9"", ""race"": ""White"", ""capital-gain"": ""0"", ""capital-loss"": ""0"", ""hours-per-week"": ""40"", ""native-country"": ""United-States""}",gender=Male,gender=Male,gender=Male,,gender=Female,gender=Female,gender=Male,0,<=50K | HS-grad | Private,2,2,"{""gender=Female"": ""<=50K"", ""gender=Male"": ""<=50K""}","{""gender=Female"": {""alpha"": 1.0, ""margin"": 0.8594244038519584, ""p_observed"": 0.929712201925979, ""prior_probability"": 0.3531869020347662, ""score"": 0.929712201925979}, ""gender=Male"": {""alpha"": 1.0, ""margin"": 0.6679252396455263, ""p_observed"": 0.8339626198227631, ""prior_probability"": 0.6468130979652338, ""score"": 0.8339626198227631}}","{""gender=Female"": {""alpha"": 1.0, ""margin"": 0.8594244038519584, ""p_observed"": 0.929712201925979, ""prior_probability"": 0.3531869020347662, ""score"": 0.8594244038519584}, ""gender=Male"": {""alpha"": 1.0, ""margin"": 0.6679252396455263, ""p_observed"": 0.8339626198227631, ""prior_probability"": 0.6468130979652338, ""score"": 0.6679252396455263}}","{""gender=Female"": {""alpha"": 2.0, ""margin"": 0.8594244038519584, ""p_observed"": 0.929712201925979, ""prior_probability"": 0.3531869020347662, ""score"": -1.186518296691126}, ""gender=Male"": {""alpha"": 2.0, ""margin"": 0.6679252396455263, ""p_observed"": 0.8339626198227631, ""prior_probability"": 0.6468130979652338, ""score"": -0.7988312970426545}}"
94,Male,White,gender=Male,<=50K,"{""age"": ""40"", ""workclass"": ""Private"", ""education"": ""HS-grad"", ""educational-num"": ""9"", ""race"": ""White"", ""capital-gain"": ""0"", ""capital-loss"": ""0"", ""hours-per-week"": ""20"", ""native-country"": ""United-States""}",gender=Male,gender=Male,gender=Male,,gender=Female,gender=Female,gender=Male,0,<=50K | HS-grad | Private,2,2,"{""gender=Female"": ""<=50K"", ""gender=Male"": ""<=50K""}","{""gender=Female"": {""alpha"": 1.0, ""margin"": 0.8460420042463929, ""p_observed"": 0.9230210021231965, ""prior_probability"": 0.3531869020347662, ""score"": 0.9230210021231965}, ""gender=Male"": {""alpha"": 1.0, ""margin"": 0.6628471002648845, ""p_observed"": 0.8314235501324422, ""prior_probability"": 0.6468130979652338, ""score"": 0.8314235501324422}}","{""gender=Female"": {""alpha"": 1.0, ""margin"": 0.8460420042463929, ""p_observed"": 0.9230210021231965, ""prior_probability"": 0.3531869020347662, ""score"": 0.8460420042463929}, ""gender=Male"": {""alpha"": 1.0, ""margin"": 0.6628471002648845, ""p_observed"": 0.8314235501324422, ""prior_probability"": 0.6468130979652338, ""score"": 0.6628471002648845}}","{""gender=Female"": {""alpha"": 2.0, ""margin"": 0.8460420042463929, ""p_observed"": 0.9230210021231965, ""prior_probability"": 0.3531869020347662, ""score"": -1.2009644757304174}, ""gender=Male"": {""alpha"": 2.0, ""margin"": 0.6628471002648845, ""p_observed"": 0.8314235501324422, ""prior_probability"": 0.6468130979652338, ""score"": -0.8049297544537702}}"
95,Male,White,gender=Male,<=50K,"{""age"": ""48"", ""workclass"": ""Private"", ""education"": ""HS-grad"", ""educational-num"": ""9"", ""race"": ""White"", ""capital-gain"": ""0"", ""capital-loss"": ""0"", ""hours-per-week"": ""40"", ""native-country"": ""United-States""}",gender=Male,gender=Male,gender=Male,,gender=Female,gender=Female,gender=Male,0,<=50K | HS-grad | Private,2,2,"{""gender=Female"": ""<=50K"", ""gender=Male"": ""<=50K""}","{""gender=Female"": {""alpha"": 1.0, ""margin"": 0.809621210804284, ""p_observed"": 0.9048106054021419, ""prior_probability"": 0.3531869020347662, ""score"": 0.9048106054021419}, ""gender=Male"": {""alpha"": 1.0, ""margin"": 0.5144845362736291, ""p_observed"": 0.7572422681368145, ""prior_probability"": 0.6468130979652338, ""score"": 0.7572422681368145}}","{""gender=Female"": {""alpha"": 1.0, ""margin"": 0.809621210804284, ""p_observed"": 0.9048106054021419, ""prior_probability"": 0.3531869020347662, ""score"": 0.809621210804284}, ""gender=Male"": {""alpha"": 1.0, ""margin"": 0.5144845362736291, ""p_observed"": 0.7572422681368145, ""prior_probability"": 0.6468130979652338, ""score"": 0.5144845362736291}}","{""gender=Female"": {""alpha"": 2.0, ""margin"": 0.809621210804284, ""p_observed"": 0.9048106054021419, ""prior_probability"": 0.3531869020347662, ""score"": -1.2408171606110967}, ""gender=Male"": {""alpha"": 2.0, ""margin"": 0.5144845362736291, ""p_observed"": 0.7572422681368145, ""prior_probability"": 0.6468130979652338, ""score"": -0.9918419802277827}}"
96,Male,White,gender=Male,<=50K,"{""age"": ""27"", ""workclass"": ""Private"", ""education"": ""HS-grad"", ""educational-num"": ""9"", ""race"": ""White"", ""capital-gain"": ""0"", ""capital-loss"": ""0"", ""hours-per-week"": ""40"", ""native-country"": ""Japan""}",gender=Male,gender=Male,gender=Male,,gender=Female,gender=Female,gender=Male,0,<=50K | HS-grad | Private,2,2,"{""gender=Female"": ""<=50K"", ""gender=Male"": ""<=50K""}","{""gender=Female"": {""alpha"": 1.0, ""margin"": 0.9112196034410127, ""p_observed"": 0.9556098017205062, ""prior_probability"": 0.3531869020347662, ""score"": 0.9556098017205062}, ""gender=Male"": {""alpha"": 1.0, ""margin"": 0.8458165136178207, ""p_observed"": 0.9229082568089103, ""prior_probability"": 0.6468130979652338, ""score"": 0.9229082568089103}}","{""gender=Female"": {""alpha"": 1.0, ""margin"": 0.9112196034410127, ""p_observed"": 0.9556098017205062, ""prior_probability"": 0.3531869020347662, ""score"": 0.9112196034410127}, ""gender=Male"": {""alpha"": 1.0, ""margin"": 0.8458165136178207, ""p_observed"": 0.9229082568089103, ""prior_probability"": 0.6468130979652338, ""score"": 0.8458165136178207}}","{""gender=Female"": {""alpha"": 2.0, ""margin"": 0.9112196034410127, ""p_observed"": 0.9556098017205062, ""prior_probability"": 0.3531869020347662, ""score"": -1.1315691075380863}, ""gender=Male"": {""alpha"": 2.0, ""margin"": 0.8458165136178207, ""p_observed"": 0.9229082568089103, ""prior_probability"": 0.6468130979652338, ""score"": -0.5961487933932388}}"
97,Male,White,gender=Male,>50K,"{""age"": ""32"", ""workclass"": ""Private"", ""education"": ""Some-college"", ""educational-num"": ""10"", ""race"": ""White"", ""capital-gain"": ""5178"", ""capital-loss"": ""0"", ""hours-per-week"": ""50"", ""native-country"": ""United-States""}",gender=Male,gender=Male,gender=Male,,gender=Male,gender=Male,gender=Male,0,>50K | Some-college | Private,2,2,"{""gender=Female"": ""<=50K"", ""gender=Male"": "">50K""}","{""gender=Female"": {""alpha"": 1.0, ""margin"": -0.596083737372981, ""p_observed"": 0.20195813131350962, ""prior_probability"": 0.1390946502057613, ""score"": 0.20195813131350962}, ""gender=Male"": {""alpha"": 1.0, ""margin"": 0.3025898606117373, ""p_observed"": 0.6512949303058686, ""prior_probability"": 0.8609053497942387, ""score"": 0.6512949303058686}}","{""gender=Female"": {""alpha"": 1.0, ""margin"": -0.596083737372981, ""p_observed"": 0.20195813131350962, ""prior_probability"": 0.1390946502057613, ""score"": -0.596083737372981}, ""gender=Male"": {""alpha"": 1.0, ""margin"": 0.3025898606117373, ""p_observed"": 0.6512949303058686, ""prior_probability"": 0.8609053497942387, ""score"": 0.3025898606117373}}","{""gender=Female"": {""alpha"": 2.0, ""margin"": -0.596083737372981, ""p_observed"": 0.20195813131350962, ""prior_probability"": 0.1390946502057613, ""score"": -5.171990388430931}, ""gender=Male"": {""alpha"": 2.0, ""margin"": 0.3025898606117373, ""p_observed"": 0.6512949303058686, ""prior_probability"": 0.8609053497942387, ""score"": -1.0073561059929532}}"
98,Male,White,gender=Male,<=50K,"{""age"": ""31"", ""workclass"": ""Private"", ""education"": ""HS-grad"", ""educational-num"": ""9"", ""race"": ""White"", ""capital-gain"": ""0"", ""capital-loss"": ""0"", ""hours-per-week"": ""42"", ""native-country"": ""United-States""}",gender=Male,gender=Male,gender=Male,,gender=Female,gender=Female,gender=Male,0,<=50K | HS-grad | Private,2,2,"{""gender=Female"": ""<=50K"", ""gender=Male"": ""<=50K""}","{""gender=Female"": {""alpha"": 1.0, ""margin"": 0.8579552279113716, ""p_observed"": 0.9289776139556858, ""prior_probability"": 0.3531869020347662, ""score"": 0.9289776139556858}, ""gender=Male"": {""alpha"": 1.0, ""margin"": 0.6536519867012756, ""p_observed"": 0.8268259933506379, ""prior_probability"": 0.6468130979652338, ""score"": 0.8268259933506379}}","{""gender=Female"": {""alpha"": 1.0, ""margin"": 0.8579552279113716, ""p_observed"": 0.9289776139556858, ""prior_probability"": 0.3531869020347662, ""score"": 0.8579552279113716}, ""gender=Male"": {""alpha"": 1.0, ""margin"": 0.6536519867012756, ""p_observed"": 0.8268259933506379, ""prior_probability"": 0.6468130979652338, ""score"": 0.6536519867012756}}","{""gender=Female"": {""alpha"": 2.0, ""margin"": 0.8579552279113716, ""p_observed"": 0.9289776139556858, ""prior_probability"": 0.3531869020347662, ""score"": -1.188099169416125}, ""gender=Male"": {""alpha"": 2.0, ""margin"": 0.6536519867012756, ""p_observed"": 0.8268259933506379, ""prior_probability"": 0.6468130979652338, ""score"": -0.8160199274143686}}"
99,Female,White,gender=Female,>50K,"{""age"": ""61"", ""workclass"": ""Private"", ""education"": ""HS-grad"", ""educational-num"": ""9"", ""race"": ""White"", ""capital-gain"": ""15024"", ""capital-loss"": ""0"", ""hours-per-week"": ""38"", ""native-country"": ""United-States""}",gender=Male,gender=Male,gender=Male,,gender=Male,gender=Male,gender=Male,0,>50K | HS-grad | Private,2,2,"{""gender=Female"": "">50K"", ""gender=Male"": "">50K""}","{""gender=Female"": {""alpha"": 1.0, ""margin"": 0.36793548238853885, ""p_observed"": 0.6839677411942694, ""prior_probability"": 0.129565816678153, ""score"": 0.6839677411942694}, ""gender=Male"": {""alpha"": 1.0, ""margin"": 0.5781603272479319, ""p_observed"": 0.7890801636239659, ""prior_probability"": 0.870434183321847, ""score"": 0.7890801636239659}}","{""gender=Female"": {""alpha"": 1.0, ""margin"": 0.36793548238853885, ""p_observed"": 0.6839677411942694, ""prior_probability"": 0.129565816678153, ""score"": 0.36793548238853885}, ""gender=Male"": {""alpha"": 1.0, ""margin"": 0.5781603272479319, ""p_observed"": 0.7890801636239659, ""prior_probability"": 0.870434183321847, ""score"": 0.5781603272479319}}","{""gender=Female"": {""alpha"": 2.0, ""margin"": 0.36793548238853885, ""p_observed"": 0.6839677411942694, ""prior_probability"": 0.129565816678153, ""score"": -2.8032553389911}, ""gender=Male"": {""alpha"": 2.0, ""margin"": 0.5781603272479319, ""p_observed"": 0.7890801636239659, ""prior_probability"": 0.870434183321847, ""score"": -0.6125378540258233}}"
100,Male,White,gender=Male,<=50K,"{""age"": ""64"", ""workclass"": ""Private"", ""education"": ""5th-6th"", ""educational-num"": ""3"", ""race"": ""White"", ""capital-gain"": ""0"", ""capital-loss"": ""0"", ""hours-per-week"": ""40"", ""native-country"": ""United-States""}",gender=Male,gender=Male,gender=Male,,gender=Female,gender=Female,gender=Male,0,<=50K | 5th-6th | Private,2,2,"{""gender=Female"": ""<=50K"", ""gender=Male"": ""<=50K""}","{""gender=Female"": {""alpha"": 1.0, ""margin"": 0.8614028816260554, ""p_observed"": 0.9307014408130276, ""prior_probability"": 0.27547169811320754, ""score"": 0.9307014408130276}, ""gender=Male"": {""alpha"": 1.0, ""margin"": 0.6851460775153205, ""p_observed"": 0.8425730387576602, ""prior_probability"": 0.7245283018867924, ""score"": 0.8425730387576602}}","{""gender=Female"": {""alpha"": 1.0, ""margin"": 0.8614028816260554, ""p_observed"": 0.9307014408130276, ""prior_probability"": 0.27547169811320754, ""score"": 0.8614028816260554}, ""gender=Male"": {""alpha"": 1.0, ""margin"": 0.6851460775153205, ""p_observed"": 0.8425730387576602, ""prior_probability"": 0.7245283018867924, ""score"": 0.6851460775153205}}","{""gender=Female"": {""alpha"": 2.0, ""margin"": 0.8614028816260554, ""p_observed"": 0.9307014408130276, ""prior_probability"": 0.27547169811320754, ""score"": -1.4329038642289993}, ""gender=Male"": {""alpha"": 2.0, ""margin"": 0.6851460775153205, ""p_observed"": 0.8425730387576602, ""prior_probability"": 0.7245283018867924, ""score"": -0.6648243092100427}}"
101,Male,White,gender=Male,<=50K,"{""age"": ""40"", ""workclass"": ""Private"", ""education"": ""Bachelors"", ""educational-num"": ""13"", ""race"": ""White"", ""capital-gain"": ""0"", ""capital-loss"": ""0"", ""hours-per-week"": ""40"", ""native-country"": ""United-States""}",gender=Male,gender=Male,gender=Male,,gender=Female,gender=Female,gender=Female,0,<=50K | Bachelors | Private,2,2,"{""gender=Female"": ""<=50K"", ""gender=Male"": ""<=50K""}","{""gender=Female"": {""alpha"": 1.0, ""margin"": 0.5518863572571663, ""p_observed"": 0.7759431786285831, ""prior_probability"": 0.4140684410646388, ""score"": 0.7759431786285831}, ""gender=Male"": {""alpha"": 1.0, ""margin"": 0.031161082881273117, ""p_observed"": 0.5155805414406366, ""prior_probability"": 0.5859315589353612, ""score"": 0.5155805414406366}}","{""gender=Female"": {""alpha"": 1.0, ""margin"": 0.5518863572571663, ""p_observed"": 0.7759431786285831, ""prior_probability"": 0.4140684410646388, ""score"": 0.5518863572571663}, ""gender=Male"": {""alpha"": 1.0, ""margin"": 0.031161082881273117, ""p_observed"": 0.5155805414406366, ""prior_probability"": 0.5859315589353612, ""score"": 0.031161082881273117}}","{""gender=Female"": {""alpha"": 2.0, ""margin"": 0.5518863572571663, ""p_observed"": 0.7759431786285831, ""prior_probability"": 0.4140684410646388, ""score"": -1.3890759720321655}, ""gender=Male"": {""alpha"": 2.0, ""margin"": 0.031161082881273117, ""p_observed"": 0.5155805414406366, ""prior_probability"": 0.5859315589353612, ""score"": -1.8594757863940194}}"
102,Male,White,gender=Male,<=50K,"{""age"": ""35"", ""workclass"": ""Private"", ""education"": ""10th"", ""educational-num"": ""6"", ""race"": ""White"", ""capital-gain"": ""0"", ""capital-loss"": ""0"", ""hours-per-week"": ""70"", ""native-country"": ""United-States""}",gender=Male,gender=Male,gender=Male,,gender=Female,gender=Female,gender=Male,0,<=50K | 10th | Private,2,2,"{""gender=Female"": ""<=50K"", ""gender=Male"": ""<=50K""}","{""gender=Female"": {""alpha"": 1.0, ""margin"": 0.8242080697198149, ""p_observed"": 0.9121040348599074, ""prior_probability"": 0.3323572474377745, ""score"": 0.9121040348599074}, ""gender=Male"": {""alpha"": 1.0, ""margin"": 0.6248655745796068, ""p_observed"": 0.8124327872898034, ""prior_probability"": 0.6676427525622255, ""score"": 0.8124327872898034}}","{""gender=Female"": {""alpha"": 1.0, ""margin"": 0.8242080697198149, ""p_observed"": 0.9121040348599074, ""prior_probability"": 0.3323572474377745, ""score"": 0.8242080697198149}, ""gender=Male"": {""alpha"": 1.0, ""margin"": 0.6248655745796068, ""p_observed"": 0.8124327872898034, ""prior_probability"": 0.6676427525622255, ""score"": 0.6248655745796068}}","{""gender=Female"": {""alpha"": 2.0, ""margin"": 0.8242080697198149, ""p_observed"": 0.9121040348599074, ""prior_probability"": 0.3323572474377745, ""score"": -1.2855472862941255}, ""gender=Male"": {""alpha"": 2.0, ""margin"": 0.6248655745796068, ""p_observed"": 0.8124327872898034, ""prior_probability"": 0.6676427525622255, ""score"": -0.8194462331276737}}"
103,Female,White,gender=Female,<=50K,"{""age"": ""24"", ""workclass"": ""Private"", ""education"": ""Bachelors"", ""educational-num"": ""13"", ""race"": ""White"", ""capital-gain"": ""0"", ""capital-loss"": ""0"", ""hours-per-week"": ""40"", ""native-country"": ""United-States""}",gender=Male,gender=Male,gender=Male,,gender=Female,gender=Female,gender=Male,0,<=50K | Bachelors | Private,2,2,"{""gender=Female"": ""<=50K"", ""gender=Male"": ""<=50K""}","{""gender=Female"": {""alpha"": 1.0, ""margin"": 0.8538369239968584, ""p_observed"": 0.9269184619984291, ""prior_probability"": 0.4140684410646388, ""score"": 0.9269184619984291}, ""gender=Male"": {""alpha"": 1.0, ""margin"": 0.682287012925609, ""p_observed"": 0.8411435064628044, ""prior_probability"": 0.5859315589353612, ""score"": 0.8411435064628044}}","{""gender=Female"": {""alpha"": 1.0, ""margin"": 0.8538369239968584, ""p_observed"": 0.9269184619984291, ""prior_probability"": 0.4140684410646388, ""score"": 0.8538369239968584}, ""gender=Male"": {""alpha"": 1.0, ""margin"": 0.682287012925609, ""p_observed"": 0.8411435064628044, ""prior_probability"": 0.5859315589353612, ""score"": 0.682287012925609}}","{""gender=Female"": {""alpha"": 2.0, ""margin"": 0.8538369239968584, ""p_observed"": 0.9269184619984291, ""prior_probability"": 0.4140684410646388, ""score"": -1.0335033548271462}, ""gender=Male"": {""alpha"": 2.0, ""margin"": 0.682287012925609, ""p_observed"": 0.8411435064628044, ""prior_probability"": 0.5859315589353612, ""score"": -0.8805382812104356}}"
104,Female,White,gender=Female,<=50K,"{""age"": ""53"", ""workclass"": ""Private"", ""education"": ""HS-grad"", ""educational-num"": ""9"", ""race"": ""White"", ""capital-gain"": ""0"", ""capital-loss"": ""0"", ""hours-per-week"": ""40"", ""native-country"": ""United-States""}",gender=Male,gender=Male,gender=Male,,gender=Female,gender=Female,gender=Male,0,<=50K | HS-grad | Private,2,2,"{""gender=Female"": ""<=50K"", ""gender=Male"": ""<=50K""}","{""gender=Female"": {""alpha"": 1.0, ""margin"": 0.8115064672813351, ""p_observed"": 0.9057532336406675, ""prior_probability"": 0.3531869020347662, ""score"": 0.9057532336406675}, ""gender=Male"": {""alpha"": 1.0, ""margin"": 0.5144845362736291, ""p_observed"": 0.7572422681368145, ""prior_probability"": 0.6468130979652338, ""score"": 0.7572422681368145}}","{""gender=Female"": {""alpha"": 1.0, ""margin"": 0.8115064672813351, ""p_observed"": 0.9057532336406675, ""prior_probability"": 0.3531869020347662, ""score"": 0.8115064672813351}, ""gender=Male"": {""alpha"": 1.0, ""margin"": 0.5144845362736291, ""p_observed"": 0.7572422681368145, ""prior_probability"": 0.6468130979652338, ""score"": 0.5144845362736291}}","{""gender=Female"": {""alpha"": 2.0, ""margin"": 0.8115064672813351, ""p_observed"": 0.9057532336406675, ""prior_probability"": 0.3531869020347662, ""score"": -1.2387346528234868}, ""gender=Male"": {""alpha"": 2.0, ""margin"": 0.5144845362736291, ""p_observed"": 0.7572422681368145, ""prior_probability"": 0.6468130979652338, ""score"": -0.9918419802277827}}"
105,Male,Black,gender=Male,<=50K,"{""age"": ""18"", ""workclass"": ""Private"", ""education"": ""10th"", ""educational-num"": ""6"", ""race"": ""Black"", ""capital-gain"": ""0"", ""capital-loss"": ""0"", ""hours-per-week"": ""15"", ""native-country"": ""United-States""}",gender=Male,gender=Male,gender=Male,,gender=Female,gender=Female,gender=Male,0,<=50K | 10th | Private,2,2,"{""gender=Female"": ""<=50K"", ""gender=Male"": ""<=50K""}","{""gender=Female"": {""alpha"": 1.0, ""margin"": 0.9816564300797851, ""p_observed"": 0.9908282150398925, ""prior_probability"": 0.3323572474377745, ""score"": 0.9908282150398925}, ""gender=Male"": {""alpha"": 1.0, ""margin"": 0.9523298113841565, ""p_observed"": 0.9761649056920783, ""prior_probability"": 0.6676427525622255, ""score"": 0.9761649056920783}}","{""gender=Female"": {""alpha"": 1.0, ""margin"": 0.9816564300797851, ""p_observed"": 0.9908282150398925, ""prior_probability"": 0.3323572474377745, ""score"": 0.9816564300797851}, ""gender=Male"": {""alpha"": 1.0, ""margin"": 0.9523298113841565, ""p_observed"": 0.9761649056920783, ""prior_probability"": 0.6676427525622255, ""score"": 0.9523298113841565}}","{""gender=Female"": {""alpha"": 2.0, ""margin"": 0.9816564300797851, ""p_observed"": 0.9908282150398925, ""prior_probability"": 0.3323572474377745, ""score"": -1.1199730515770678}, ""gender=Male"": {""alpha"": 2.0, ""margin"": 0.9523298113841565, ""p_observed"": 0.9761649056920783, ""prior_probability"": 0.6676427525622255, ""score"": -0.45224954223885255}}"
106,Male,White,gender=Male,<=50K,"{""age"": ""17"", ""workclass"": ""Private"", ""education"": ""10th"", ""educational-num"": ""6"", ""race"": ""White"", ""capital-gain"": ""0"", ""capital-loss"": ""0"", ""hours-per-week"": ""40"", ""native-country"": ""United-States""}",gender=Male,gender=Male,gender=Male,,gender=Female,gender=Female,gender=Male,0,<=50K | 10th | Private,2,2,"{""gender=Female"": ""<=50K"", ""gender=Male"": ""<=50K""}","{""gender=Female"": {""alpha"": 1.0, ""margin"": 0.9651795880977128, ""p_observed"": 0.9825897940488563, ""prior_probability"": 0.3323572474377745, ""score"": 0.9825897940488563}, ""gender=Male"": {""alpha"": 1.0, ""margin"": 0.8913276022860745, ""p_observed"": 0.9456638011430373, ""prior_probability"": 0.6676427525622255, ""score"": 0.9456638011430373}}","{""gender=Female"": {""alpha"": 1.0, ""margin"": 0.9651795880977128, ""p_observed"": 0.9825897940488563, ""prior_probability"": 0.3323572474377745, ""score"": 0.9651795880977128}, ""gender=Male"": {""alpha"": 1.0, ""margin"": 0.8913276022860745, ""p_observed"": 0.9456638011430373, ""prior_probability"": 0.6676427525622255, ""score"": 0.8913276022860745}}","{""gender=Female"": {""alpha"": 2.0, ""margin"": 0.9651795880977128, ""p_observed"": 0.9825897940488563, ""prior_probability"": 0.3323572474377745, ""score"": -1.136671934051179}, ""gender=Male"": {""alpha"": 2.0, ""margin"": 0.8913276022860745, ""p_observed"": 0.9456638011430373, ""prior_probability"": 0.6676427525622255, ""score"": -0.515738376073289}}"
107,Male,White,gender=Male,<=50K,"{""age"": ""24"", ""workclass"": ""Private"", ""education"": ""Bachelors"", ""educational-num"": ""13"", ""race"": ""White"", ""capital-gain"": ""5013"", ""capital-loss"": ""0"", ""hours-per-week"": ""30"", ""native-country"": ""United-States""}",gender=Male,gender=Male,gender=Male,,gender=Female,gender=Female,gender=Male,0,<=50K | Bachelors | Private,2,2,"{""gender=Female"": ""<=50K"", ""gender=Male"": ""<=50K""}","{""gender=Female"": {""alpha"": 1.0, ""margin"": 0.8240074849328333, ""p_observed"": 0.9120037424664165, ""prior_probability"": 0.4140684410646388, ""score"": 0.9120037424664165}, ""gender=Male"": {""alpha"": 1.0, ""margin"": 0.7289104298707849, ""p_observed"": 0.8644552149353923, ""prior_probability"": 0.5859315589353612, ""score"": 0.8644552149353923}}","{""gender=Female"": {""alpha"": 1.0, ""margin"": 0.8240074849328333, ""p_observed"": 0.9120037424664165, ""prior_probability"": 0.4140684410646388, ""score"": 0.8240074849328333}, ""gender=Male"": {""alpha"": 1.0, ""margin"": 0.7289104298707849, ""p_observed"": 0.8644552149353923, ""prior_probability"": 0.5859315589353612, ""score"": 0.7289104298707849}}","{""gender=Female"": {""alpha"": 2.0, ""margin"": 0.8240074849328333, ""p_observed"": 0.9120037424664165, ""prior_probability"": 0.4140684410646388, ""score"": -1.0659463729081065}, ""gender=Male"": {""alpha"": 2.0, ""margin"": 0.7289104298707849, ""p_observed"": 0.8644552149353923, ""prior_probability"": 0.5859315589353612, ""score"": -0.8258638494251107}}"
108,Male,White,gender=Male,>50K,"{""age"": ""48"", ""workclass"": ""Private"", ""education"": ""Bachelors"", ""educational-num"": ""13"", ""race"": ""White"", ""capital-gain"": ""0"", ""capital-loss"": ""0"", ""hours-per-week"": ""48"", ""native-country"": ""United-States""}",gender=Male,gender=Male,gender=Male,,gender=Male,gender=Male,gender=Male,0,>50K | Bachelors | Private,2,2,"{""gender=Female"": ""<=50K"", ""gender=Male"": "">50K""}","{""gender=Female"": {""alpha"": 1.0, ""margin"": -0.371375549208295, ""p_observed"": 0.3143122253958524, ""prior_probability"": 0.15218508997429306, ""score"": 0.3143122253958524}, ""gender=Male"": {""alpha"": 1.0, ""margin"": 0.19681450499246228, ""p_observed"": 0.5984072524962312, ""prior_probability"": 0.847814910025707, ""score"": 0.5984072524962312}}","{""gender=Female"": {""alpha"": 1.0, ""margin"": -0.371375549208295, ""p_observed"": 0.3143122253958524, ""prior_probability"": 0.15218508997429306, ""score"": -0.371375549208295}, ""gender=Male"": {""alpha"": 1.0, ""margin"": 0.19681450499246228, ""p_observed"": 0.5984072524962312, ""prior_probability"": 0.847814910025707, ""score"": 0.19681450499246228}}","{""gender=Female"": {""alpha"": 2.0, ""margin"": -0.371375549208295, ""p_observed"": 0.3143122253958524, ""prior_probability"": 0.15218508997429306, ""score"": -4.197394679161175}, ""gender=Male"": {""alpha"": 2.0, ""margin"": 0.19681450499246228, ""p_observed"": 0.5984072524962312, ""prior_probability"": 0.847814910025707, ""score"": -1.1920603986571345}}"
109,Female,White,gender=Female,<=50K,"{""age"": ""59"", ""workclass"": ""State-gov"", ""education"": ""HS-grad"", ""educational-num"": ""9"", ""race"": ""White"", ""capital-gain"": ""0"", ""capital-loss"": ""0"", ""hours-per-week"": ""40"", ""native-country"": ""United-States""}",gender=Male,gender=Male,gender=Male,,gender=Female,gender=Female,gender=Male,0,<=50K | HS-grad | State-gov,2,2,"{""gender=Female"": ""<=50K"", ""gender=Male"": ""<=50K""}","{""gender=Female"": {""alpha"": 1.0, ""margin"": 0.8083714068802751, ""p_observed"": 0.9041857034401375, ""prior_probability"": 0.3531869020347662, ""score"": 0.9041857034401375}, ""gender=Male"": {""alpha"": 1.0, ""margin"": 0.5381400667176486, ""p_observed"": 0.7690700333588243, ""prior_probability"": 0.6468130979652338, ""score"": 0.7690700333588243}}","{""gender=Female"": {""alpha"": 1.0, ""margin"": 0.8083714068802751, ""p_observed"": 0.9041857034401375, ""prior_probability"": 0.3531869020347662, ""score"": 0.8083714068802751}, ""gender=Male"": {""alpha"": 1.0, ""margin"": 0.5381400667176486, ""p_observed"": 0.7690700333588243, ""prior_probability"": 0.6468130979652338, ""score"": 0.5381400667176486}}","{""gender=Female"": {""alpha"": 2.0, ""margin"": 0.8083714068802751, ""p_observed"": 0.9041857034401375, ""prior_probability"": 0.3531869020347662, ""score"": -1.242198925701067}, ""gender=Male"": {""alpha"": 2.0, ""margin"": 0.5381400667176486, ""p_observed"": 0.7690700333588243, ""prior_probability"": 0.6468130979652338, ""score"": -0.9608443869451483}}"
110,Female,White,gender=Female,<=50K,"{""age"": ""58"", ""workclass"": ""Private"", ""education"": ""Some-college"", ""educational-num"": ""10"", ""race"": ""White"", ""capital-gain"": ""0"", ""capital-loss"": ""0"", ""hours-per-week"": ""42"", ""native-country"": ""France""}",gender=Male,gender=Male,gender=Male,,gender=Female,gender=Female,gender=Female,0,<=50K | Some-college | Private,2,2,"{""gender=Female"": ""<=50K"", ""gender=Male"": ""<=50K""}","{""gender=Female"": {""alpha"": 1.0, ""margin"": 0.7404017748427715, ""p_observed"": 0.8702008874213856, ""prior_probability"": 0.44275132275132273, ""score"": 0.8702008874213856}, ""gender=Male"": {""alpha"": 1.0, ""margin"": 0.3457006942421757, ""p_observed"": 0.6728503471210878, ""prior_probability"": 0.5572486772486772, ""score"": 0.6728503471210878}}","{""gender=Female"": {""alpha"": 1.0, ""margin"": 0.7404017748427715, ""p_observed"": 0.8702008874213856, ""prior_probability"": 0.44275132275132273, ""score"": 0.7404017748427715}, ""gender=Male"": {""alpha"": 1.0, ""margin"": 0.3457006942421757, ""p_observed"": 0.6728503471210878, ""prior_probability"": 0.5572486772486772, ""score"": 0.3457006942421757}}","{""gender=Female"": {""alpha"": 2.0, ""margin"": 0.7404017748427715, ""p_observed"": 0.8702008874213856, ""prior_probability"": 0.44275132275132273, ""score"": -1.0928093925548912}, ""gender=Male"": {""alpha"": 2.0, ""margin"": 0.3457006942421757, ""p_observed"": 0.6728503471210878, ""prior_probability"": 0.5572486772486772, ""score"": -1.3772083622275932}}"
111,Male,White,gender=Male,<=50K,"{""age"": ""33"", ""workclass"": ""Private"", ""education"": ""HS-grad"", ""educational-num"": ""9"", ""race"": ""White"", ""capital-gain"": ""0"", ""capital-loss"": ""0"", ""hours-per-week"": ""32"", ""native-country"": ""United-States""}",gender=Male,gender=Male,gender=Male,,gender=Female,gender=Female,gender=Male,0,<=50K | HS-grad | Private,2,2,"{""gender=Female"": ""<=50K"", ""gender=Male"": ""<=50K""}","{""gender=Female"": {""alpha"": 1.0, ""margin"": 0.8851518503449192, ""p_observed"": 0.9425759251724595, ""prior_probability"": 0.3531869020347662, ""score"": 0.9425759251724595}, ""gender=Male"": {""alpha"": 1.0, ""margin"": 0.7476512483024281, ""p_observed"": 0.873825624151214, ""prior_probability"": 0.6468130979652338, ""score"": 0.873825624151214}}","{""gender=Female"": {""alpha"": 1.0, ""margin"": 0.8851518503449192, ""p_observed"": 0.9425759251724595, ""prior_probability"": 0.3531869020347662, ""score"": 0.8851518503449192}, ""gender=Male"": {""alpha"": 1.0, ""margin"": 0.7476512483024281, ""p_observed"": 0.873825624151214, ""prior_probability"": 0.6468130979652338, ""score"": 0.7476512483024281}}","{""gender=Female"": {""alpha"": 2.0, ""margin"": 0.8851518503449192, ""p_observed"": 0.9425759251724595, ""prior_probability"": 0.3531869020347662, ""score"": -1.1590355060314683}, ""gender=Male"": {""alpha"": 2.0, ""margin"": 0.7476512483024281, ""p_observed"": 0.873825624151214, ""prior_probability"": 0.6468130979652338, ""score"": -0.7054467769410221}}"
112,Male,White,gender=Male,<=50K,"{""age"": ""58"", ""workclass"": ""Private"", ""education"": ""HS-grad"", ""educational-num"": ""9"", ""race"": ""White"", ""capital-gain"": ""0"", ""capital-loss"": ""0"", ""hours-per-week"": ""45"", ""native-country"": ""United-States""}",gender=Male,gender=Male,gender=Male,,gender=Female,gender=Female,gender=Male,0,<=50K | HS-grad | Private,2,2,"{""gender=Female"": ""<=50K"", ""gender=Male"": ""<=50K""}","{""gender=Female"": {""alpha"": 1.0, ""margin"": 0.7773170630191977, ""p_observed"": 0.8886585315095987, ""prior_probability"": 0.3531869020347662, ""score"": 0.8886585315095987}, ""gender=Male"": {""alpha"": 1.0, ""margin"": 0.4357514758936494, ""p_observed"": 0.7178757379468247, ""prior_probability"": 0.6468130979652338, ""score"": 0.7178757379468247}}","{""gender=Female"": {""alpha"": 1.0, ""margin"": 0.7773170630191977, ""p_observed"": 0.8886585315095987, ""prior_probability"": 0.3531869020347662, ""score"": 0.7773170630191977}, ""gender=Male"": {""alpha"": 1.0, ""margin"": 0.4357514758936494, ""p_observed"": 0.7178757379468247, ""prior_probability"": 0.6468130979652338, ""score"": 0.4357514758936494}}","{""gender=Female"": {""alpha"": 2.0, ""margin"": 0.7773170630191977, ""p_observed"": 0.8886585315095987, ""prior_probability"": 0.3531869020347662, ""score"": -1.276842337234288}, ""gender=Male"": {""alpha"": 2.0, ""margin"": 0.4357514758936494, ""p_observed"": 0.7178757379468247, ""prior_probability"": 0.6468130979652338, ""score"": -1.0986154847504503}}"
113,Female,White,gender=Female,<=50K,"{""age"": ""37"", ""workclass"": ""Private"", ""education"": ""HS-grad"", ""educational-num"": ""9"", ""race"": ""White"", ""capital-gain"": ""0"", ""capital-loss"": ""0"", ""hours-per-week"": ""40"", ""native-country"": ""United-States""}",gender=Male,gender=Male,gender=Male,,gender=Female,gender=Female,gender=Male,0,<=50K | HS-grad | Private,2,2,"{""gender=Female"": ""<=50K"", ""gender=Male"": ""<=50K""}","{""gender=Female"": {""alpha"": 1.0, ""margin"": 0.809621210804284, ""p_observed"": 0.9048106054021419, ""prior_probability"": 0.3531869020347662, ""score"": 0.9048106054021419}, ""gender=Male"": {""alpha"": 1.0, ""margin"": 0.5377091215342054, ""p_observed"": 0.7688545607671027, ""prior_probability"": 0.6468130979652338, ""score"": 0.7688545607671027}}","{""gender=Female"": {""alpha"": 1.0, ""margin"": 0.809621210804284, ""p_observed"": 0.9048106054021419, ""prior_probability"": 0.3531869020347662, ""score"": 0.809621210804284}, ""gender=Male"": {""alpha"": 1.0, ""margin"": 0.5377091215342054, ""p_observed"": 0.7688545607671027, ""prior_probability"": 0.6468130979652338, ""score"": 0.5377091215342054}}","{""gender=Female"": {""alpha"": 2.0, ""margin"": 0.809621210804284, ""p_observed"": 0.9048106054021419, ""prior_probability"": 0.3531869020347662, ""score"": -1.2408171606110967}, ""gender=Male"": {""alpha"": 2.0, ""margin"": 0.5377091215342054, ""p_observed"": 0.7688545607671027, ""prior_probability"": 0.6468130979652338, ""score"": -0.9614048112831282}}"
114,Female,White,gender=Female,<=50K,"{""age"": ""33"", ""workclass"": ""Self-emp-inc"", ""education"": ""Bachelors"", ""educational-num"": ""13"", ""race"": ""White"", ""capital-gain"": ""0"", ""capital-loss"": ""0"", ""hours-per-week"": ""40"", ""native-country"": ""United-States""}",gender=Male,gender=Male,gender=Male,gender=Male,gender=Female,gender=Female,gender=Female,1,<=50K | Bachelors | Self-emp-inc,2,2,"{""gender=Female"": ""<=50K"", ""gender=Male"": ""<=50K""}","{""gender=Female"": {""alpha"": 1.0, ""margin"": 0.44682505337218476, ""p_observed"": 0.7234125266860922, ""prior_probability"": 0.4140684410646388, ""score"": 0.7234125266860922}, ""gender=Male"": {""alpha"": 1.0, ""margin"": 0.11712037892142352, ""p_observed"": 0.5585601894607117, ""prior_probability"": 0.5859315589353612, ""score"": 0.5585601894607117}}","{""gender=Female"": {""alpha"": 1.0, ""margin"": 0.44682505337218476, ""p_observed"": 0.7234125266860922, ""prior_probability"": 0.4140684410646388, ""score"": 0.44682505337218476}, ""gender=Male"": {""alpha"": 1.0, ""margin"": 0.11712037892142352, ""p_observed"": 0.5585601894607117, ""prior_probability"": 0.5859315589353612, ""score"": 0.11712037892142352}}","{""gender=Female"": {""alpha"": 2.0, ""margin"": 0.44682505337218476, ""p_observed"": 0.7234125266860922, ""prior_probability"": 0.4140684410646388, ""score"": -1.5292752886605352}, ""gender=Male"": {""alpha"": 2.0, ""margin"": 0.11712037892142352, ""p_observed"": 0.5585601894607117, ""prior_probability"": 0.5859315589353612, ""score"": -1.699338082712802}}"
115,Male,White,gender=Male,>50K,"{""age"": ""40"", ""workclass"": ""Private"", ""education"": ""Bachelors"", ""educational-num"": ""13"", ""race"": ""White"", ""capital-gain"": ""0"", ""capital-loss"": ""0"", ""hours-per-week"": ""50"", ""native-country"": ""United-States""}",gender=Male,gender=Male,gender=Male,,gender=Male,gender=Male,gender=Male,0,>50K | Bachelors | Private,2,2,"{""gender=Female"": ""<=50K"", ""gender=Male"": "">50K""}","{""gender=Female"": {""alpha"": 1.0, ""margin"": -0.3439081717807527, ""p_observed"": 0.3280459141096236, ""prior_probability"": 0.15218508997429306, ""score"": 0.3280459141096236}, ""gender=Male"": {""alpha"": 1.0, ""margin"": 0.18697389925823477, ""p_observed"": 0.5934869496291174, ""prior_probability"": 0.847814910025707, ""score"": 0.5934869496291174}}","{""gender=Female"": {""alpha"": 1.0, ""margin"": -0.3439081717807527, ""p_observed"": 0.3280459141096236, ""prior_probability"": 0.15218508997429306, ""score"": -0.3439081717807527}, ""gender=Male"": {""alpha"": 1.0, ""margin"": 0.18697389925823477, ""p_observed"": 0.5934869496291174, ""prior_probability"": 0.847814910025707, ""score"": 0.18697389925823477}}","{""gender=Female"": {""alpha"": 2.0, ""margin"": -0.3439081717807527, ""p_observed"": 0.3280459141096236, ""prior_probability"": 0.15218508997429306, ""score"": -4.111861198434546}, ""gender=Male"": {""alpha"": 2.0, ""margin"": 0.18697389925823477, ""p_observed"": 0.5934869496291174, ""prior_probability"": 0.847814910025707, ""score"": -1.2085730415022278}}"
116,Male,Black,gender=Male,<=50K,"{""age"": ""33"", ""workclass"": ""Private"", ""education"": ""HS-grad"", ""educational-num"": ""9"", ""race"": ""Black"", ""capital-gain"": ""0"", ""capital-loss"": ""0"", ""hours-per-week"": ""40"", ""native-country"": ""United-States""}",gender=Male,gender=Male,gender=Male,,gender=Female,gender=Female,gender=Male,0,<=50K | HS-grad | Private,2,2,"{""gender=Female"": ""<=50K"", ""gender=Male"": ""<=50K""}","{""gender=Female"": {""alpha"": 1.0, ""margin"": 0.9390486689394374, ""p_observed"": 0.9695243344697186, ""prior_probability"": 0.3531869020347662, ""score"": 0.9695243344697186}, ""gender=Male"": {""alpha"": 1.0, ""margin"": 0.8057771804023417, ""p_observed"": 0.9028885902011707, ""prior_probability"": 0.6468130979652338, ""score"": 0.9028885902011707}}","{""gender=Female"": {""alpha"": 1.0, ""margin"": 0.9390486689394374, ""p_observed"": 0.9695243344697186, ""prior_probability"": 0.3531869020347662, ""score"": 0.9390486689394374}, ""gender=Male"": {""alpha"": 1.0, ""margin"": 0.8057771804023417, ""p_observed"": 0.9028885902011707, ""prior_probability"": 0.6468130979652338, ""score"": 0.8057771804023417}}","{""gender=Female"": {""alpha"": 2.0, ""margin"": 0.9390486689394374, ""p_observed"": 0.9695243344697186, ""prior_probability"": 0.3531869020347662, ""score"": -1.1026573038349108}, ""gender=Male"": {""alpha"": 2.0, ""margin"": 0.8057771804023417, ""p_observed"": 0.9028885902011707, ""prior_probability"": 0.6468130979652338, ""score"": -0.6400101222423741}}"
117,Male,Black,gender=Male,>50K,"{""age"": ""45"", ""workclass"": ""Private"", ""education"": ""HS-grad"", ""educational-num"": ""9"", ""race"": ""Black"", ""capital-gain"": ""0"", ""capital-loss"": ""0"", ""hours-per-week"": ""40"", ""native-country"": ""United-States""}",gender=Male,gender=Male,gender=Male,,gender=Male,gender=Male,gender=Male,0,>50K | HS-grad | Private,2,2,"{""gender=Female"": ""<=50K"", ""gender=Male"": ""<=50K""}","{""gender=Female"": {""alpha"": 1.0, ""margin"": -0.8797673244361328, ""p_observed"": 0.060116337781933614, ""prior_probability"": 0.129565816678153, ""score"": 0.060116337781933614}, ""gender=Male"": {""alpha"": 1.0, ""margin"": -0.6545907940356217, ""p_observed"": 0.17270460298218898, ""prior_probability"": 0.870434183321847, ""score"": 0.17270460298218898}}","{""gender=Female"": {""alpha"": 1.0, ""margin"": -0.8797673244361328, ""p_observed"": 0.060116337781933614, ""prior_probability"": 0.129565816678153, ""score"": -0.8797673244361328}, ""gender=Male"": {""alpha"": 1.0, ""margin"": -0.6545907940356217, ""p_observed"": 0.17270460298218898, ""prior_probability"": 0.870434183321847, ""score"": -0.6545907940356217}}","{""gender=Female"": {""alpha"": 2.0, ""margin"": -0.8797673244361328, ""p_observed"": 0.060116337781933614, ""prior_probability"": 0.129565816678153, ""score"": -7.6665135522347665}, ""gender=Male"": {""alpha"": 2.0, ""margin"": -0.6545907940356217, ""p_observed"": 0.17270460298218898, ""prior_probability"": 0.870434183321847, ""score"": -3.65110841279782}}"
118,Male,White,gender=Male,<=50K,"{""age"": ""28"", ""workclass"": ""Private"", ""education"": ""HS-grad"", ""educational-num"": ""9"", ""race"": ""White"", ""capital-gain"": ""0"", ""capital-loss"": ""0"", ""hours-per-week"": ""40"", ""native-country"": ""United-States""}",gender=Male,gender=Male,gender=Male,,gender=Female,gender=Female,gender=Male,0,<=50K | HS-grad | Private,2,2,"{""gender=Female"": ""<=50K"", ""gender=Male"": ""<=50K""}","{""gender=Female"": {""alpha"": 1.0, ""margin"": 0.8998575929741198, ""p_observed"": 0.94992879648706, ""prior_probability"": 0.3531869020347662, ""score"": 0.94992879648706}, ""gender=Male"": {""alpha"": 1.0, ""margin"": 0.7994937763391441, ""p_observed"": 0.899746888169572, ""prior_probability"": 0.6468130979652338, ""score"": 0.899746888169572}}","{""gender=Female"": {""alpha"": 1.0, ""margin"": 0.8998575929741198, ""p_observed"": 0.94992879648706, ""prior_probability"": 0.3531869020347662, ""score"": 0.8998575929741198}, ""gender=Male"": {""alpha"": 1.0, ""margin"": 0.7994937763391441, ""p_observed"": 0.899746888169572, ""prior_probability"": 0.6468130979652338, ""score"": 0.7994937763391441}}","{""gender=Female"": {""alpha"": 2.0, ""margin"": 0.8998575929741198, ""p_observed"": 0.94992879648706, ""prior_probability"": 0.3531869020347662, ""score"": -1.1434943911722766}, ""gender=Male"": {""alpha"": 2.0, ""margin"": 0.7994937763391441, ""p_observed"": 0.899746888169572, ""prior_probability"": 0.6468130979652338, ""score"": -0.6469814822322524}}"
119,Male,White,gender=Male,>50K,"{""age"": ""35"", ""workclass"": ""Private"", ""education"": ""Prof-school"", ""educational-num"": ""15"", ""race"": ""White"", ""capital-gain"": ""0"", ""capital-loss"": ""0"", ""hours-per-week"": ""80"", ""native-country"": ""United-States""}",gender=Male,gender=Male,gender=Male,,gender=Male,gender=Male,gender=Male,0,>50K | Prof-school | Private,2,2,"{""gender=Female"": ""<=50K"", ""gender=Male"": "">50K""}","{""gender=Female"": {""alpha"": 1.0, ""margin"": -0.025473487230686154, ""p_observed"": 0.4872632563846569, ""prior_probability"": 0.10638297872340426, ""score"": 0.4872632563846569}, ""gender=Male"": {""alpha"": 1.0, ""margin"": 0.3669605396606257, ""p_observed"": 0.6834802698303127, ""prior_probability"": 0.8936170212765957, ""score"": 0.6834802698303127}}","{""gender=Female"": {""alpha"": 1.0, ""margin"": -0.025473487230686154, ""p_observed"": 0.4872632563846569, ""prior_probability"": 0.10638297872340426, ""score"": -0.025473487230686154}, ""gender=Male"": {""alpha"": 1.0, ""margin"": 0.3669605396606257, ""p_observed"": 0.6834802698303127, ""prior_probability"": 0.8936170212765957, ""score"": 0.3669605396606257}}","{""gender=Female"": {""alpha"": 2.0, ""margin"": -0.025473487230686154, ""p_observed"": 0.4872632563846569, ""prior_probability"": 0.10638297872340426, ""score"": -3.6786111581331116}, ""gender=Male"": {""alpha"": 2.0, ""margin"": 0.3669605396606257, ""p_observed"": 0.6834802698303127, ""prior_probability"": 0.8936170212765957, ""score"": -0.8735929626531886}}"
120,Male,White,gender=Male,>50K,"{""age"": ""38"", ""workclass"": ""Private"", ""education"": ""Bachelors"", ""educational-num"": ""13"", ""race"": ""White"", ""capital-gain"": ""0"", ""capital-loss"": ""0"", ""hours-per-week"": ""45"", ""native-country"": ""United-States""}",gender=Male,gender=Male,gender=Male,,gender=Male,gender=Male,gender=Male,0,>50K | Bachelors | Private,2,2,"{""gender=Female"": ""<=50K"", ""gender=Male"": "">50K""}","{""gender=Female"": {""alpha"": 1.0, ""margin"": -0.44204951648023955, ""p_observed"": 0.27897524175988025, ""prior_probability"": 0.15218508997429306, ""score"": 0.27897524175988025}, ""gender=Male"": {""alpha"": 1.0, ""margin"": 0.18333336146482054, ""p_observed"": 0.5916666807324102, ""prior_probability"": 0.847814910025707, ""score"": 0.5916666807324102}}","{""gender=Female"": {""alpha"": 1.0, ""margin"": -0.44204951648023955, ""p_observed"": 0.27897524175988025, ""prior_probability"": 0.15218508997429306, ""score"": -0.44204951648023955}, ""gender=Male"": {""alpha"": 1.0, ""margin"": 0.18333336146482054, ""p_observed"": 0.5916666807324102, ""prior_probability"": 0.847814910025707, ""score"": 0.18333336146482054}}","{""gender=Female"": {""alpha"": 2.0, ""margin"": -0.44204951648023955, ""p_observed"": 0.27897524175988025, ""prior_probability"": 0.15218508997429306, ""score"": -4.43592228234894}, ""gender=Male"": {""alpha"": 2.0, ""margin"": 0.18333336146482054, ""p_observed"": 0.5916666807324102, ""prior_probability"": 0.847814910025707, ""score"": -1.214716617428234}}"
121,Male,White,gender=Male,<=50K,"{""age"": ""35"", ""workclass"": ""Self-emp-not-inc"", ""education"": ""Bachelors"", ""educational-num"": ""13"", ""race"": ""White"", ""capital-gain"": ""0"", ""capital-loss"": ""0"", ""hours-per-week"": ""40"", ""native-country"": ""United-States""}",gender=Male,gender=Male,gender=Male,,gender=Female,gender=Female,gender=Female,0,<=50K | Bachelors | Self-emp-not-inc,2,2,"{""gender=Female"": ""<=50K"", ""gender=Male"": ""<=50K""}","{""gender=Female"": {""alpha"": 1.0, ""margin"": 0.4720269653476236, ""p_observed"": 0.7360134826738117, ""prior_probability"": 0.4140684410646388, ""score"": 0.7360134826738117}, ""gender=Male"": {""alpha"": 1.0, ""margin"": 0.13762002658162015, ""p_observed"": 0.56881001329081, ""prior_probability"": 0.5859315589353612, ""score"": 0.56881001329081}}","{""gender=Female"": {""alpha"": 1.0, ""margin"": 0.4720269653476236, ""p_observed"": 0.7360134826738117, ""prior_probability"": 0.4140684410646388, ""score"": 0.4720269653476236}, ""gender=Male"": {""alpha"": 1.0, ""margin"": 0.13762002658162015, ""p_observed"": 0.56881001329081, ""prior_probability"": 0.5859315589353612, ""score"": 0.13762002658162015}}","{""gender=Female"": {""alpha"": 2.0, ""margin"": 0.4720269653476236, ""p_observed"": 0.7360134826738117, ""prior_probability"": 0.4140684410646388, ""score"": -1.4947376853803722}, ""gender=Male"": {""alpha"": 2.0, ""margin"": 0.13762002658162015, ""p_observed"": 0.56881001329081, ""prior_probability"": 0.5859315589353612, ""score"": -1.6629698826709833}}"
122,Male,Asian-Pac-Islander,gender=Male,<=50K,"{""age"": ""30"", ""workclass"": ""State-gov"", ""education"": ""Masters"", ""educational-num"": ""14"", ""race"": ""Asian-Pac-Islander"", ""capital-gain"": ""0"", ""capital-loss"": ""0"", ""hours-per-week"": ""20"", ""native-country"": ""Taiwan""}",gender=Male,gender=Male,gender=Male,,gender=Female,gender=Female,gender=Male,0,<=50K | Masters | State-gov,2,2,"{""gender=Female"": ""<=50K"", ""gender=Male"": ""<=50K""}","{""gender=Female"": {""alpha"": 1.0, ""margin"": 0.6219848725286603, ""p_observed"": 0.8109924362643302, ""prior_probability"": 0.4722222222222222, ""score"": 0.8109924362643302}, ""gender=Male"": {""alpha"": 1.0, ""margin"": 0.6136478714477895, ""p_observed"": 0.8068239357238948, ""prior_probability"": 0.5277777777777778, ""score"": 0.8068239357238948}}","{""gender=Female"": {""alpha"": 1.0, ""margin"": 0.6219848725286603, ""p_observed"": 0.8109924362643302, ""prior_probability"": 0.4722222222222222, ""score"": 0.6219848725286603}, ""gender=Male"": {""alpha"": 1.0, ""margin"": 0.6136478714477895, ""p_observed"": 0.8068239357238948, ""prior_probability"": 0.5277777777777778, ""score"": 0.6136478714477895}}","{""gender=Female"": {""alpha"": 2.0, ""margin"": 0.6219848725286603, ""p_observed"": 0.8109924362643302, ""prior_probability"": 0.4722222222222222, ""score"": -1.169298697082643}, ""gender=Male"": {""alpha"": 2.0, ""margin"": 0.6136478714477895, ""p_observed"": 0.8068239357238948, ""prior_probability"": 0.5277777777777778, ""score"": -1.068379571011417}}"
123,Male,White,gender=Male,>50K,"{""age"": ""33"", ""workclass"": ""Private"", ""education"": ""Bachelors"", ""educational-num"": ""13"", ""race"": ""White"", ""capital-gain"": ""0"", ""capital-loss"": ""0"", ""hours-per-week"": ""38"", ""native-country"": ""United-States""}",gender=Male,gender=Male,gender=Male,,gender=Male,gender=Male,gender=Male,0,>50K | Bachelors | Private,2,2,"{""gender=Female"": ""<=50K"", ""gender=Male"": ""<=50K""}","{""gender=Female"": {""alpha"": 1.0, ""margin"": -0.5620084143062687, ""p_observed"": 0.21899579284686554, ""prior_probability"": 0.15218508997429306, ""score"": 0.21899579284686554}, ""gender=Male"": {""alpha"": 1.0, ""margin"": -0.2150374334093254, ""p_observed"": 0.3924812832953373, ""prior_probability"": 0.847814910025707, ""score"": 0.3924812832953373}}","{""gender=Female"": {""alpha"": 1.0, ""margin"": -0.5620084143062687, ""p_observed"": 0.21899579284686554, ""prior_probability"": 0.15218508997429306, ""score"": -0.5620084143062687}, ""gender=Male"": {""alpha"": 1.0, ""margin"": -0.2150374334093254, ""p_observed"": 0.3924812832953373, ""prior_probability"": 0.847814910025707, ""score"": -0.2150374334093254}}","{""gender=Female"": {""alpha"": 2.0, ""margin"": -0.5620084143062687, ""p_observed"": 0.21899579284686554, ""prior_probability"": 0.15218508997429306, ""score"": -4.9200633219186285}, ""gender=Male"": {""alpha"": 2.0, ""margin"": -0.2150374334093254, ""p_observed"": 0.3924812832953373, ""prior_probability"": 0.847814910025707, ""score"": -2.035625791029814}}"
124,Female,White,gender=Female,<=50K,"{""age"": ""26"", ""workclass"": ""State-gov"", ""education"": ""Masters"", ""educational-num"": ""14"", ""race"": ""White"", ""capital-gain"": ""0"", ""capital-loss"": ""0"", ""hours-per-week"": ""40"", ""native-country"": ""United-States""}",gender=Male,gender=Male,gender=Male,,gender=Female,gender=Female,gender=Female,0,<=50K | Masters | State-gov,2,2,"{""gender=Female"": ""<=50K"", ""gender=Male"": ""<=50K""}","{""gender=Female"": {""alpha"": 1.0, ""margin"": 0.7138016263690248, ""p_observed"": 0.8569008131845124, ""prior_probability"": 0.4722222222222222, ""score"": 0.8569008131845124}, ""gender=Male"": {""alpha"": 1.0, ""margin"": 0.5173353703120278, ""p_observed"": 0.7586676851560138, ""prior_probability"": 0.5277777777777778, ""score"": 0.7586676851560138}}","{""gender=Female"": {""alpha"": 1.0, ""margin"": 0.7138016263690248, ""p_observed"": 0.8569008131845124, ""prior_probability"": 0.4722222222222222, ""score"": 0.7138016263690248}, ""gender=Male"": {""alpha"": 1.0, ""margin"": 0.5173353703120278, ""p_observed"": 0.7586676851560138, ""prior_probability"": 0.5277777777777778, ""score"": 0.5173353703120278}}","{""gender=Female"": {""alpha"": 2.0, ""margin"": 0.7138016263690248, ""p_observed"": 0.8569008131845124, ""prior_probability"": 0.4722222222222222, ""score"": -1.059171803046636}, ""gender=Male"": {""alpha"": 2.0, ""margin"": 0.5173353703120278, ""p_observed"": 0.7586676851560138, ""prior_probability"": 0.5277777777777778, ""score"": -1.1914628191539673}}"
125,Female,White,gender=Female,<=50K,"{""age"": ""51"", ""workclass"": ""Private"", ""education"": ""10th"", ""educational-num"": ""6"", ""race"": ""White"", ""capital-gain"": ""0"", ""capital-loss"": ""0"", ""hours-per-week"": ""25"", ""native-country"": ""United-States""}",gender=Male,gender=Male,gender=Male,,gender=Female,gender=Female,gender=Male,0,<=50K | 10th | Private,2,2,"{""gender=Female"": ""<=50K"", ""gender=Male"": ""<=50K""}","{""gender=Female"": {""alpha"": 1.0, ""margin"": 0.9085585874866768, ""p_observed"": 0.9542792937433384, ""prior_probability"": 0.3323572474377745, ""score"": 0.9542792937433384}, ""gender=Male"": {""alpha"": 1.0, ""margin"": 0.732759426662082, ""p_observed"": 0.866379713331041, ""prior_probability"": 0.6676427525622255, ""score"": 0.866379713331041}}","{""gender=Female"": {""alpha"": 1.0, ""margin"": 0.9085585874866768, ""p_observed"": 0.9542792937433384, ""prior_probability"": 0.3323572474377745, ""score"": 0.9085585874866768}, ""gender=Male"": {""alpha"": 1.0, ""margin"": 0.732759426662082, ""p_observed"": 0.866379713331041, ""prior_probability"": 0.6676427525622255, ""score"": 0.732759426662082}}","{""gender=Female"": {""alpha"": 2.0, ""margin"": 0.9085585874866768, ""p_observed"": 0.9542792937433384, ""prior_probability"": 0.3323572474377745, ""score"": -1.1951426213747092}, ""gender=Male"": {""alpha"": 2.0, ""margin"": 0.732759426662082, ""p_observed"": 0.866379713331041, ""prior_probability"": 0.6676427525622255, ""score"": -0.6908660469944568}}"
126,Male,White,gender=Male,<=50K,"{""age"": ""34"", ""workclass"": ""Private"", ""education"": ""11th"", ""educational-num"": ""7"", ""race"": ""White"", ""capital-gain"": ""0"", ""capital-loss"": ""0"", ""hours-per-week"": ""50"", ""native-country"": ""United-States""}",gender=Male,gender=Male,gender=Male,,gender=Female,gender=Female,gender=Male,0,<=50K | 11th | Private,2,2,"{""gender=Female"": ""<=50K"", ""gender=Male"": ""<=50K""}","{""gender=Female"": {""alpha"": 1.0, ""margin"": 0.8230988332597755, ""p_observed"": 0.9115494166298879, ""prior_probability"": 0.3555070883315158, ""score"": 0.9115494166298879}, ""gender=Male"": {""alpha"": 1.0, ""margin"": 0.694283260558493, ""p_observed"": 0.8471416302792465, ""prior_probability"": 0.6444929116684842, ""score"": 0.8471416302792465}}","{""gender=Female"": {""alpha"": 1.0, ""margin"": 0.8230988332597755, ""p_observed"": 0.9115494166298879, ""prior_probability"": 0.3555070883315158, ""score"": 0.8230988332597755}, ""gender=Male"": {""alpha"": 1.0, ""margin"": 0.694283260558493, ""p_observed"": 0.8471416302792465, ""prior_probability"": 0.6444929116684842, ""score"": 0.694283260558493}}","{""gender=Female"": {""alpha"": 2.0, ""margin"": 0.8230988332597755, ""p_observed"": 0.9115494166298879, ""prior_probability"": 0.3555070883315158, ""score"": -1.2194290343074699}, ""gender=Male"": {""alpha"": 2.0, ""margin"": 0.694283260558493, ""p_observed"": 0.8471416302792465, ""prior_probability"": 0.6444929116684842, ""score"": -0.7710662234177768}}"
127,Male,White,gender=Male,<=50K,"{""age"": ""48"", ""workclass"": ""Private"", ""education"": ""Some-college"", ""educational-num"": ""10"", ""race"": ""White"", ""capital-gain"": ""3325"", ""capital-loss"": ""0"", ""hours-per-week"": ""53"", ""native-country"": ""United-States""}",gender=Male,gender=Male,gender=Male,,gender=Female,gender=Female,gender=Female,0,<=50K | Some-college | Private,2,2,"{""gender=Female"": ""<=50K"", ""gender=Male"": ""<=50K""}","{""gender=Female"": {""alpha"": 1.0, ""margin"": 0.7226328347244058, ""p_observed"": 0.8613164173622028, ""prior_probability"": 0.44275132275132273, ""score"": 0.8613164173622028}, ""gender=Male"": {""alpha"": 1.0, ""margin"": 0.28038670547050637, ""p_observed"": 0.6401933527352532, ""prior_probability"": 0.5572486772486772, ""score"": 0.6401933527352532}}","{""gender=Female"": {""alpha"": 1.0, ""margin"": 0.7226328347244058, ""p_observed"": 0.8613164173622028, ""prior_probability"": 0.44275132275132273, ""score"": 0.7226328347244058}, ""gender=Male"": {""alpha"": 1.0, ""margin"": 0.28038670547050637, ""p_observed"": 0.6401933527352532, ""prior_probability"": 0.5572486772486772, ""score"": 0.28038670547050637}}","{""gender=Female"": {""alpha"": 2.0, ""margin"": 0.7226328347244058, ""p_observed"": 0.8613164173622028, ""prior_probability"": 0.44275132275132273, ""score"": -1.1133336991949814}, ""gender=Male"": {""alpha"": 2.0, ""margin"": 0.28038670547050637, ""p_observed"": 0.6401933527352532, ""prior_probability"": 0.5572486772486772, ""score"": -1.4767137496449843}}"
128,Male,White,gender=Male,<=50K,"{""age"": ""43"", ""workclass"": ""Self-emp-inc"", ""education"": ""Masters"", ""educational-num"": ""14"", ""race"": ""White"", ""capital-gain"": ""5013"", ""capital-loss"": ""0"", ""hours-per-week"": ""45"", ""native-country"": ""United-States""}",gender=Male,gender=Male,gender=Male,,gender=Female,gender=Female,gender=Female,0,<=50K | Masters | Self-emp-inc,2,2,"{""gender=Female"": "">50K"", ""gender=Male"": "">50K""}","{""gender=Female"": {""alpha"": 1.0, ""margin"": -0.018264556400840237, ""p_observed"": 0.4908677217995798, ""prior_probability"": 0.4722222222222222, ""score"": 0.4908677217995798}, ""gender=Male"": {""alpha"": 1.0, ""margin"": -0.30148823277514947, ""p_observed"": 0.3492558836124252, ""prior_probability"": 0.5277777777777778, ""score"": 0.3492558836124252}}","{""gender=Female"": {""alpha"": 1.0, ""margin"": -0.018264556400840237, ""p_observed"": 0.4908677217995798, ""prior_probability"": 0.4722222222222222, ""score"": -0.018264556400840237}, ""gender=Male"": {""alpha"": 1.0, ""margin"": -0.30148823277514947, ""p_observed"": 0.3492558836124252, ""prior_probability"": 0.5277777777777778, ""score"": -0.30148823277514947}}","{""gender=Female"": {""alpha"": 2.0, ""margin"": -0.018264556400840237, ""p_observed"": 0.4908677217995798, ""prior_probability"": 0.4722222222222222, ""score"": -2.1734667807746053}, ""gender=Male"": {""alpha"": 2.0, ""margin"": -0.30148823277514947, ""p_observed"": 0.3492558836124252, ""prior_probability"": 0.5277777777777778, ""score"": -2.7429808284222243}}"
129,Male,Black,gender=Male,<=50K,"{""age"": ""17"", ""workclass"": ""Private"", ""education"": ""11th"", ""educational-num"": ""7"", ""race"": ""Black"", ""capital-gain"": ""0"", ""capital-loss"": ""0"", ""hours-per-week"": ""20"", ""native-country"": ""United-States""}",gender=Male,gender=Male,gender=Male,,gender=Female,gender=Female,gender=Male,0,<=50K | 11th | Private,2,2,"{""gender=Female"": ""<=50K"", ""gender=Male"": ""<=50K""}","{""gender=Female"": {""alpha"": 1.0, ""margin"": 0.9791205911802076, ""p_observed"": 0.9895602955901037, ""prior_probability"": 0.3555070883315158, ""score"": 0.9895602955901037}, ""gender=Male"": {""alpha"": 1.0, ""margin"": 0.9523680498524725, ""p_observed"": 0.9761840249262363, ""prior_probability"": 0.6444929116684842, ""score"": 0.9761840249262363}}","{""gender=Female"": {""alpha"": 1.0, ""margin"": 0.9791205911802076, ""p_observed"": 0.9895602955901037, ""prior_probability"": 0.3555070883315158, ""score"": 0.9791205911802076}, ""gender=Male"": {""alpha"": 1.0, ""margin"": 0.9523680498524725, ""p_observed"": 0.9761840249262363, ""prior_probability"": 0.6444929116684842, ""score"": 0.9523680498524725}}","{""gender=Female"": {""alpha"": 2.0, ""margin"": 0.9791205911802076, ""p_observed"": 0.9895602955901037, ""prior_probability"": 0.3555070883315158, ""score"": -1.0551992516579063}, ""gender=Male"": {""alpha"": 2.0, ""margin"": 0.9523680498524725, ""p_observed"": 0.9761840249262363, ""prior_probability"": 0.6444929116684842, ""score"": -0.4874997752764578}}"
130,Male,Other,gender=Male,<=50K,"{""age"": ""17"", ""workclass"": ""Private"", ""education"": ""11th"", ""educational-num"": ""7"", ""race"": ""Other"", ""capital-gain"": ""0"", ""capital-loss"": ""0"", ""hours-per-week"": ""12"", ""native-country"": ""United-States""}",gender=Male,gender=Male,gender=Male,,gender=Female,gender=Female,gender=Male,0,<=50K | 11th | Private,2,2,"{""gender=Female"": ""<=50K"", ""gender=Male"": ""<=50K""}","{""gender=Female"": {""alpha"": 1.0, ""margin"": 0.9758461123822118, ""p_observed"": 0.9879230561911058, ""prior_probability"": 0.3555070883315158, ""score"": 0.9879230561911058}, ""gender=Male"": {""alpha"": 1.0, ""margin"": 0.9502798422430754, ""p_observed"": 0.9751399211215377, ""prior_probability"": 0.6444929116684842, ""score"": 0.9751399211215377}}","{""gender=Female"": {""alpha"": 1.0, ""margin"": 0.9758461123822118, ""p_observed"": 0.9879230561911058, ""prior_probability"": 0.3555070883315158, ""score"": 0.9758461123822118}, ""gender=Male"": {""alpha"": 1.0, ""margin"": 0.9502798422430754, ""p_observed"": 0.9751399211215377, ""prior_probability"": 0.6444929116684842, ""score"": 0.9502798422430754}}","{""gender=Female"": {""alpha"": 2.0, ""margin"": 0.9758461123822118, ""p_observed"": 0.9879230561911058, ""prior_probability"": 0.3555070883315158, ""score"": -1.0585110161218145}, ""gender=Male"": {""alpha"": 2.0, ""margin"": 0.9502798422430754, ""p_observed"": 0.9751399211215377, ""prior_probability"": 0.6444929116684842, ""score"": -0.4896400737265586}}"
131,Male,Black,gender=Male,<=50K,"{""age"": ""48"", ""workclass"": ""Private"", ""education"": ""10th"", ""educational-num"": ""6"", ""race"": ""Black"", ""capital-gain"": ""0"", ""capital-loss"": ""0"", ""hours-per-week"": ""40"", ""native-country"": ""United-States""}",gender=Male,gender=Male,gender=Male,,gender=Female,gender=Female,gender=Male,0,<=50K | 10th | Private,2,2,"{""gender=Female"": ""<=50K"", ""gender=Male"": ""<=50K""}","{""gender=Female"": {""alpha"": 1.0, ""margin"": 0.9304626633387576, ""p_observed"": 0.9652313316693789, ""prior_probability"": 0.3323572474377745, ""score"": 0.9652313316693789}, ""gender=Male"": {""alpha"": 1.0, ""margin"": 0.7477608268515344, ""p_observed"": 0.8738804134257672, ""prior_probability"": 0.6676427525622255, ""score"": 0.8738804134257672}}","{""gender=Female"": {""alpha"": 1.0, ""margin"": 0.9304626633387576, ""p_observed"": 0.9652313316693789, ""prior_probability"": 0.3323572474377745, ""score"": 0.9304626633387576}, ""gender=Male"": {""alpha"": 1.0, ""margin"": 0.7477608268515344, ""p_observed"": 0.8738804134257672, ""prior_probability"": 0.6676427525622255, ""score"": 0.7477608268515344}}","{""gender=Female"": {""alpha"": 2.0, ""margin"": 0.9304626633387576, ""p_observed"": 0.9652313316693789, ""prior_probability"": 0.3323572474377745, ""score"": -1.172319810958754}, ""gender=Male"": {""alpha"": 2.0, ""margin"": 0.7477608268515344, ""p_observed"": 0.8738804134257672, ""prior_probability"": 0.6676427525622255, ""score"": -0.67362552892082}}"
132,Female,Asian-Pac-Islander,gender=Female,<=50K,"{""age"": ""45"", ""workclass"": ""Self-emp-inc"", ""education"": ""Bachelors"", ""educational-num"": ""13"", ""race"": ""Asian-Pac-Islander"", ""capital-gain"": ""0"", ""capital-loss"": ""0"", ""hours-per-week"": ""35"", ""native-country"": ""South""}",gender=Male,gender=Male,gender=Male,gender=Male,gender=Female,gender=Female,gender=Female,1,<=50K | Bachelors | Self-emp-inc,2,2,"{""gender=Female"": ""<=50K"", ""gender=Male"": ""<=50K""}","{""gender=Female"": {""alpha"": 1.0, ""margin"": 0.4696674383045554, ""p_observed"": 0.7348337191522776, ""prior_probability"": 0.4140684410646388, ""score"": 0.7348337191522776}, ""gender=Male"": {""alpha"": 1.0, ""margin"": 0.052439947082883576, ""p_observed"": 0.5262199735414417, ""prior_probability"": 0.5859315589353612, ""score"": 0.5262199735414417}}","{""gender=Female"": {""alpha"": 1.0, ""margin"": 0.4696674383045554, ""p_observed"": 0.7348337191522776, ""prior_probability"": 0.4140684410646388, ""score"": 0.4696674383045554}, ""gender=Male"": {""alpha"": 1.0, ""margin"": 0.052439947082883576, ""p_observed"": 0.5262199735414417, ""prior_probability"": 0.5859315589353612, ""score"": 0.052439947082883576}}","{""gender=Female"": {""alpha"": 2.0, ""margin"": 0.4696674383045554, ""p_observed"": 0.7348337191522776, ""prior_probability"": 0.4140684410646388, ""score"": -1.4979460778580522}, ""gender=Male"": {""alpha"": 2.0, ""margin"": 0.052439947082883576, ""p_observed"": 0.5262199735414417, ""prior_probability"": 0.5859315589353612, ""score"": -1.81862419588533}}"
133,Male,White,gender=Male,>50K,"{""age"": ""38"", ""workclass"": ""Local-gov"", ""education"": ""Bachelors"", ""educational-num"": ""13"", ""race"": ""White"", ""capital-gain"": ""0"", ""capital-loss"": ""0"", ""hours-per-week"": ""40"", ""native-country"": ""United-States""}",gender=Male,gender=Male,gender=Male,,gender=Male,gender=Male,gender=Male,0,>50K | Bachelors | Local-gov,2,2,"{""gender=Female"": ""<=50K"", ""gender=Male"": ""<=50K""}","{""gender=Female"": {""alpha"": 1.0, ""margin"": -0.5359298591424377, ""p_observed"": 0.23203507042878102, ""prior_probability"": 0.15218508997429306, ""score"": 0.23203507042878102}, ""gender=Male"": {""alpha"": 1.0, ""margin"": -0.09015886296916353, ""p_observed"": 0.4549205685154182, ""prior_probability"": 0.847814910025707, ""score"": 0.4549205685154182}}","{""gender=Female"": {""alpha"": 1.0, ""margin"": -0.5359298591424377, ""p_observed"": 0.23203507042878102, ""prior_probability"": 0.15218508997429306, ""score"": -0.5359298591424377}, ""gender=Male"": {""alpha"": 1.0, ""margin"": -0.09015886296916353, ""p_observed"": 0.4549205685154182, ""prior_probability"": 0.847814910025707, ""score"": -0.09015886296916353}}","{""gender=Female"": {""alpha"": 2.0, ""margin"": -0.5359298591424377, ""p_observed"": 0.23203507042878102, ""prior_probability"": 0.15218508997429306, ""score"": -4.804391307926294}, ""gender=Male"": {""alpha"": 2.0, ""margin"": -0.09015886296916353, ""p_observed"": 0.4549205685154182, ""prior_probability"": 0.847814910025707, ""score"": -1.7403578334179683}}"
134,Male,White,gender=Male,<=50K,"{""age"": ""30"", ""workclass"": ""Private"", ""education"": ""Some-college"", ""educational-num"": ""10"", ""race"": ""White"", ""capital-gain"": ""0"", ""capital-loss"": ""0"", ""hours-per-week"": ""40"", ""native-country"": ""United-States""}",gender=Male,gender=Male,gender=Male,,gender=Female,gender=Female,gender=Male,0,<=50K | Some-college | Private,2,2,"{""gender=Female"": ""<=50K"", ""gender=Male"": ""<=50K""}","{""gender=Female"": {""alpha"": 1.0, ""margin"": 0.8411343931815103, ""p_observed"": 0.920567196590755, ""prior_probability"": 0.44275132275132273, ""score"": 0.920567196590755}, ""gender=Male"": {""alpha"": 1.0, ""margin"": 0.6436600129261345, ""p_observed"": 0.8218300064630671, ""prior_probability"": 0.5572486772486772, ""score"": 0.8218300064630671}}","{""gender=Female"": {""alpha"": 1.0, ""margin"": 0.8411343931815103, ""p_observed"": 0.920567196590755, ""prior_probability"": 0.44275132275132273, ""score"": 0.8411343931815103}, ""gender=Male"": {""alpha"": 1.0, ""margin"": 0.6436600129261345, ""p_observed"": 0.8218300064630671, ""prior_probability"": 0.5572486772486772, ""score"": 0.6436600129261345}}","{""gender=Female"": {""alpha"": 2.0, ""margin"": 0.8411343931815103, ""p_observed"": 0.920567196590755, ""prior_probability"": 0.44275132275132273, ""score"": -0.9802775764926074}, ""gender=Male"": {""alpha"": 2.0, ""margin"": 0.6436600129261345, ""p_observed"": 0.8218300064630671, ""prior_probability"": 0.5572486772486772, ""score"": -0.9771871006364785}}"
135,Male,White,gender=Male,<=50K,"{""age"": ""38"", ""workclass"": ""Private"", ""education"": ""HS-grad"", ""educational-num"": ""9"", ""race"": ""White"", ""capital-gain"": ""0"", ""capital-loss"": ""0"", ""hours-per-week"": ""40"", ""native-country"": ""United-States""}",gender=Male,gender=Male,gender=Male,,gender=Female,gender=Female,gender=Male,0,<=50K | HS-grad | Private,2,2,"{""gender=Female"": ""<=50K"", ""gender=Male"": ""<=50K""}","{""gender=Female"": {""alpha"": 1.0, ""margin"": 0.809621210804284, ""p_observed"": 0.9048106054021419, ""prior_probability"": 0.3531869020347662, ""score"": 0.9048106054021419}, ""gender=Male"": {""alpha"": 1.0, ""margin"": 0.5313857977001527, ""p_observed"": 0.7656928988500764, ""prior_probability"": 0.6468130979652338, ""score"": 0.7656928988500764}}","{""gender=Female"": {""alpha"": 1.0, ""margin"": 0.809621210804284, ""p_observed"": 0.9048106054021419, ""prior_probability"": 0.3531869020347662, ""score"": 0.809621210804284}, ""gender=Male"": {""alpha"": 1.0, ""margin"": 0.5313857977001527, ""p_observed"": 0.7656928988500764, ""prior_probability"": 0.6468130979652338, ""score"": 0.5313857977001527}}","{""gender=Female"": {""alpha"": 2.0, ""margin"": 0.809621210804284, ""p_observed"": 0.9048106054021419, ""prior_probability"": 0.3531869020347662, ""score"": -1.2408171606110967}, ""gender=Male"": {""alpha"": 2.0, ""margin"": 0.5313857977001527, ""p_observed"": 0.7656928988500764, ""prior_probability"": 0.6468130979652338, ""score"": -0.969646111011977}}"
136,Female,White,gender=Female,<=50K,"{""age"": ""50"", ""workclass"": ""Private"", ""education"": ""11th"", ""educational-num"": ""7"", ""race"": ""White"", ""capital-gain"": ""0"", ""capital-loss"": ""0"", ""hours-per-week"": ""40"", ""native-country"": ""United-States""}",gender=Male,gender=Male,gender=Male,,gender=Female,gender=Female,gender=Male,0,<=50K | 11th | Private,2,2,"{""gender=Female"": ""<=50K"", ""gender=Male"": ""<=50K""}","{""gender=Female"": {""alpha"": 1.0, ""margin"": 0.8781775400210652, ""p_observed"": 0.9390887700105326, ""prior_probability"": 0.3555070883315158, ""score"": 0.9390887700105326}, ""gender=Male"": {""alpha"": 1.0, ""margin"": 0.7196629187154069, ""p_observed"": 0.8598314593577033, ""prior_probability"": 0.6444929116684842, ""score"": 0.8598314593577033}}","{""gender=Female"": {""alpha"": 1.0, ""margin"": 0.8781775400210652, ""p_observed"": 0.9390887700105326, ""prior_probability"": 0.3555070883315158, ""score"": 0.8781775400210652}, ""gender=Male"": {""alpha"": 1.0, ""margin"": 0.7196629187154069, ""p_observed"": 0.8598314593577033, ""prior_probability"": 0.6444929116684842, ""score"": 0.7196629187154069}}","{""gender=Female"": {""alpha"": 2.0, ""margin"": 0.8781775400210652, ""p_observed"": 0.9390887700105326, ""prior_probability"": 0.3555070883315158, ""score"": -1.1599006258692781}, ""gender=Male"": {""alpha"": 2.0, ""margin"": 0.7196629187154069, ""p_observed"": 0.8598314593577033, ""prior_probability"": 0.6444929116684842, ""score"": -0.7413292277138148}}"
137,Male,White,gender=Male,>50K,"{""age"": ""55"", ""workclass"": ""Private"", ""education"": ""Some-college"", ""educational-num"": ""10"", ""race"": ""White"", ""capital-gain"": ""0"", ""capital-loss"": ""0"", ""hours-per-week"": ""6"", ""native-country"": ""United-States""}",gender=Male,gender=Male,gender=Male,,gender=Male,gender=Male,gender=Male,0,>50K | Some-college | Private,2,2,"{""gender=Female"": ""<=50K"", ""gender=Male"": ""<=50K""}","{""gender=Female"": {""alpha"": 1.0, ""margin"": -0.8003095821509808, ""p_observed"": 0.09984520892450968, ""prior_probability"": 0.1390946502057613, ""score"": 0.09984520892450968}, ""gender=Male"": {""alpha"": 1.0, ""margin"": -0.501207025332939, ""p_observed"": 0.24939648733353031, ""prior_probability"": 0.8609053497942387, ""score"": 0.24939648733353031}}","{""gender=Female"": {""alpha"": 1.0, ""margin"": -0.8003095821509808, ""p_observed"": 0.09984520892450968, ""prior_probability"": 0.1390946502057613, ""score"": -0.8003095821509808}, ""gender=Male"": {""alpha"": 1.0, ""margin"": -0.501207025332939, ""p_observed"": 0.24939648733353031, ""prior_probability"": 0.8609053497942387, ""score"": -0.501207025332939}}","{""gender=Female"": {""alpha"": 2.0, ""margin"": -0.8003095821509808, ""p_observed"": 0.09984520892450968, ""prior_probability"": 0.1390946502057613, ""score"": -6.5808690468526105}, ""gender=Male"": {""alpha"": 2.0, ""margin"": -0.501207025332939, ""p_observed"": 0.24939648733353031, ""prior_probability"": 0.8609053497942387, ""score"": -2.9271933717577636}}"
138,Male,White,gender=Male,<=50K,"{""age"": ""61"", ""workclass"": ""Self-emp-not-inc"", ""education"": ""HS-grad"", ""educational-num"": ""9"", ""race"": ""White"", ""capital-gain"": ""0"", ""capital-loss"": ""0"", ""hours-per-week"": ""20"", ""native-country"": ""United-States""}",gender=Male,gender=Male,gender=Male,,gender=Female,gender=Female,gender=Male,0,<=50K | HS-grad | Self-emp-not-inc,2,2,"{""gender=Female"": ""<=50K"", ""gender=Male"": ""<=50K""}","{""gender=Female"": {""alpha"": 1.0, ""margin"": 0.8162229252568388, ""p_observed"": 0.9081114626284194, ""prior_probability"": 0.3531869020347662, ""score"": 0.9081114626284194}, ""gender=Male"": {""alpha"": 1.0, ""margin"": 0.6896236758507517, ""p_observed"": 0.8448118379253758, ""prior_probability"": 0.6468130979652338, ""score"": 0.8448118379253758}}","{""gender=Female"": {""alpha"": 1.0, ""margin"": 0.8162229252568388, ""p_observed"": 0.9081114626284194, ""prior_probability"": 0.3531869020347662, ""score"": 0.8162229252568388}, ""gender=Male"": {""alpha"": 1.0, ""margin"": 0.6896236758507517, ""p_observed"": 0.8448118379253758, ""prior_probability"": 0.6468130979652338, ""score"": 0.6896236758507517}}","{""gender=Female"": {""alpha"": 2.0, ""margin"": 0.8162229252568388, ""p_observed"": 0.9081114626284194, ""prior_probability"": 0.3531869020347662, ""score"": -1.2335341980788663}, ""gender=Male"": {""alpha"": 2.0, ""margin"": 0.6896236758507517, ""p_observed"": 0.8448118379253758, ""prior_probability"": 0.6468130979652338, ""score"": -0.7729806079392704}}"
139,Male,White,gender=Male,<=50K,"{""age"": ""55"", ""workclass"": ""Private"", ""education"": ""HS-grad"", ""educational-num"": ""9"", ""race"": ""White"", ""capital-gain"": ""0"", ""capital-loss"": ""0"", ""hours-per-week"": ""40"", ""native-country"": ""United-States""}",gender=Male,gender=Male,gender=Male,,gender=Female,gender=Female,gender=Male,0,<=50K | HS-grad | Private,2,2,"{""gender=Female"": ""<=50K"", ""gender=Male"": ""<=50K""}","{""gender=Female"": {""alpha"": 1.0, ""margin"": 0.8155883432749759, ""p_observed"": 0.9077941716374879, ""prior_probability"": 0.3531869020347662, ""score"": 0.9077941716374879}, ""gender=Male"": {""alpha"": 1.0, ""margin"": 0.5144845362736291, ""p_observed"": 0.7572422681368145, ""prior_probability"": 0.6468130979652338, ""score"": 0.7572422681368145}}","{""gender=Female"": {""alpha"": 1.0, ""margin"": 0.8155883432749759, ""p_observed"": 0.9077941716374879, ""prior_probability"": 0.3531869020347662, ""score"": 0.8155883432749759}, ""gender=Male"": {""alpha"": 1.0, ""margin"": 0.5144845362736291, ""p_observed"": 0.7572422681368145, ""prior_probability"": 0.6468130979652338, ""score"": 0.5144845362736291}}","{""gender=Female"": {""alpha"": 2.0, ""margin"": 0.8155883432749759, ""p_observed"": 0.9077941716374879, ""prior_probability"": 0.3531869020347662, ""score"": -1.2342331132387143}, ""gender=Male"": {""alpha"": 2.0, ""margin"": 0.5144845362736291, ""p_observed"": 0.7572422681368145, ""prior_probability"": 0.6468130979652338, ""score"": -0.9918419802277827}}"
140,Female,White,gender=Female,<=50K,"{""age"": ""35"", ""workclass"": ""Private"", ""education"": ""Assoc-acdm"", ""educational-num"": ""12"", ""race"": ""White"", ""capital-gain"": ""0"", ""capital-loss"": ""0"", ""hours-per-week"": ""32"", ""native-country"": ""United-States""}",gender=Male,gender=Male,gender=Male,,gender=Female,gender=Female,gender=Female,0,<=50K | Assoc-acdm | Private,2,2,"{""gender=Female"": ""<=50K"", ""gender=Male"": ""<=50K""}","{""gender=Female"": {""alpha"": 1.0, ""margin"": 0.7478221248384668, ""p_observed"": 0.8739110624192333, ""prior_probability"": 0.4611801242236025, ""score"": 0.8739110624192333}, ""gender=Male"": {""alpha"": 1.0, ""margin"": 0.5706073929396492, ""p_observed"": 0.7853036964698247, ""prior_probability"": 0.5388198757763976, ""score"": 0.7853036964698247}}","{""gender=Female"": {""alpha"": 1.0, ""margin"": 0.7478221248384668, ""p_observed"": 0.8739110624192333, ""prior_probability"": 0.4611801242236025, ""score"": 0.7478221248384668}, ""gender=Male"": {""alpha"": 1.0, ""margin"": 0.5706073929396492, ""p_observed"": 0.7853036964698247, ""prior_probability"": 0.5388198757763976, ""score"": 0.5706073929396492}}","{""gender=Female"": {""alpha"": 2.0, ""margin"": 0.7478221248384668, ""p_observed"": 0.8739110624192333, ""prior_probability"": 0.4611801242236025, ""score"": -1.0435199228019607}, ""gender=Male"": {""alpha"": 2.0, ""margin"": 0.5706073929396492, ""p_observed"": 0.7853036964698247, ""prior_probability"": 0.5388198757763976, ""score"": -1.1017434692225199}}"
141,Male,White,gender=Male,<=50K,"{""age"": ""29"", ""workclass"": ""Private"", ""education"": ""HS-grad"", ""educational-num"": ""9"", ""race"": ""White"", ""capital-gain"": ""0"", ""capital-loss"": ""0"", ""hours-per-week"": ""40"", ""native-country"": ""United-States""}",gender=Male,gender=Male,gender=Male,,gender=Female,gender=Female,gender=Male,0,<=50K | HS-grad | Private,2,2,"{""gender=Female"": ""<=50K"", ""gender=Male"": ""<=50K""}","{""gender=Female"": {""alpha"": 1.0, ""margin"": 0.8872209689870725, ""p_observed"": 0.9436104844935362, ""prior_probability"": 0.3531869020347662, ""score"": 0.9436104844935362}, ""gender=Male"": {""alpha"": 1.0, ""margin"": 0.7634742542382862, ""p_observed"": 0.881737127119143, ""prior_probability"": 0.6468130979652338, ""score"": 0.881737127119143}}","{""gender=Female"": {""alpha"": 1.0, ""margin"": 0.8872209689870725, ""p_observed"": 0.9436104844935362, ""prior_probability"": 0.3531869020347662, ""score"": 0.8872209689870725}, ""gender=Male"": {""alpha"": 1.0, ""margin"": 0.7634742542382862, ""p_observed"": 0.881737127119143, ""prior_probability"": 0.6468130979652338, ""score"": 0.7634742542382862}}","{""gender=Female"": {""alpha"": 2.0, ""margin"": 0.8872209689870725, ""p_observed"": 0.9436104844935362, ""prior_probability"": 0.3531869020347662, ""score"": -1.1568415353411439}, ""gender=Male"": {""alpha"": 2.0, ""margin"": 0.7634742542382862, ""p_observed"": 0.881737127119143, ""prior_probability"": 0.6468130979652338, ""score"": -0.6874205195014813}}"
142,Female,White,gender=Female,<=50K,"{""age"": ""25"", ""workclass"": ""Private"", ""education"": ""10th"", ""educational-num"": ""6"", ""race"": ""White"", ""capital-gain"": ""0"", ""capital-loss"": ""0"", ""hours-per-week"": ""40"", ""native-country"": ""United-States""}",gender=Male,gender=Male,gender=Male,,gender=Female,gender=Female,gender=Male,0,<=50K | 10th | Private,2,2,"{""gender=Female"": ""<=50K"", ""gender=Male"": ""<=50K""}","{""gender=Female"": {""alpha"": 1.0, ""margin"": 0.9589839772628399, ""p_observed"": 0.97949198863142, ""prior_probability"": 0.3323572474377745, ""score"": 0.97949198863142}, ""gender=Male"": {""alpha"": 1.0, ""margin"": 0.8835638923320005, ""p_observed"": 0.9417819461660002, ""prior_probability"": 0.6676427525622255, ""score"": 0.9417819461660002}}","{""gender=Female"": {""alpha"": 1.0, ""margin"": 0.9589839772628399, ""p_observed"": 0.97949198863142, ""prior_probability"": 0.3323572474377745, ""score"": 0.9589839772628399}, ""gender=Male"": {""alpha"": 1.0, ""margin"": 0.8835638923320005, ""p_observed"": 0.9417819461660002, ""prior_probability"": 0.6676427525622255, ""score"": 0.8835638923320005}}","{""gender=Female"": {""alpha"": 2.0, ""margin"": 0.9589839772628399, ""p_observed"": 0.97949198863142, ""prior_probability"": 0.3323572474377745, ""score"": -1.1429872834291217}, ""gender=Male"": {""alpha"": 2.0, ""margin"": 0.8835638923320005, ""p_observed"": 0.9417819461660002, ""prior_probability"": 0.6676427525622255, ""score"": -0.5239650717669077}}"
143,Male,White,gender=Male,>50K,"{""age"": ""43"", ""workclass"": ""Private"", ""education"": ""Masters"", ""educational-num"": ""14"", ""race"": ""White"", ""capital-gain"": ""0"", ""capital-loss"": ""0"", ""hours-per-week"": ""43"", ""native-country"": ""United-States""}",gender=Male,gender=Male,gender=Male,,gender=Male,gender=Male,gender=Male,0,>50K | Masters | Private,2,2,"{""gender=Female"": ""<=50K"", ""gender=Male"": "">50K""}","{""gender=Female"": {""alpha"": 1.0, ""margin"": -0.32743449801037877, ""p_observed"": 0.3362827509948107, ""prior_probability"": 0.18875, ""score"": 0.3362827509948107}, ""gender=Male"": {""alpha"": 1.0, ""margin"": 0.2554096366140735, ""p_observed"": 0.6277048183070367, ""prior_probability"": 0.81125, ""score"": 0.6277048183070367}}","{""gender=Female"": {""alpha"": 1.0, ""margin"": -0.32743449801037877, ""p_observed"": 0.3362827509948107, ""prior_probability"": 0.18875, ""score"": -0.32743449801037877}, ""gender=Male"": {""alpha"": 1.0, ""margin"": 0.2554096366140735, ""p_observed"": 0.6277048183070367, ""prior_probability"": 0.81125, ""score"": 0.2554096366140735}}","{""gender=Female"": {""alpha"": 2.0, ""margin"": -0.32743449801037877, ""p_observed"": 0.3362827509948107, ""prior_probability"": 0.18875, ""score"": -3.846937795015342}, ""gender=Male"": {""alpha"": 2.0, ""margin"": 0.2554096366140735, ""p_observed"": 0.6277048183070367, ""prior_probability"": 0.81125, ""score"": -1.1405495260793108}}"
144,Male,White,gender=Male,<=50K,"{""age"": ""20"", ""workclass"": ""Federal-gov"", ""education"": ""Some-college"", ""educational-num"": ""10"", ""race"": ""White"", ""capital-gain"": ""0"", ""capital-loss"": ""0"", ""hours-per-week"": ""40"", ""native-country"": ""United-States""}",gender=Male,gender=Male,gender=Male,,gender=Female,gender=Female,gender=Male,0,<=50K | Some-college | Federal-gov,2,2,"{""gender=Female"": ""<=50K"", ""gender=Male"": ""<=50K""}","{""gender=Female"": {""alpha"": 1.0, ""margin"": 0.8790310834914814, ""p_observed"": 0.9395155417457406, ""prior_probability"": 0.44275132275132273, ""score"": 0.9395155417457406}, ""gender=Male"": {""alpha"": 1.0, ""margin"": 0.7627742015717353, ""p_observed"": 0.8813871007858676, ""prior_probability"": 0.5572486772486772, ""score"": 0.8813871007858676}}","{""gender=Female"": {""alpha"": 1.0, ""margin"": 0.8790310834914814, ""p_observed"": 0.9395155417457406, ""prior_probability"": 0.44275132275132273, ""score"": 0.8790310834914814}, ""gender=Male"": {""alpha"": 1.0, ""margin"": 0.7627742015717353, ""p_observed"": 0.8813871007858676, ""prior_probability"": 0.5572486772486772, ""score"": 0.7627742015717353}}","{""gender=Female"": {""alpha"": 2.0, ""margin"": 0.8790310834914814, ""p_observed"": 0.9395155417457406, ""prior_probability"": 0.44275132275132273, ""score"": -0.9395288501313084}, ""gender=Male"": {""alpha"": 2.0, ""margin"": 0.7627742015717353, ""p_observed"": 0.8813871007858676, ""prior_probability"": 0.5572486772486772, ""score"": -0.8372604036243342}}"
145,Male,White,gender=Male,<=50K,"{""age"": ""41"", ""workclass"": ""Private"", ""education"": ""HS-grad"", ""educational-num"": ""9"", ""race"": ""White"", ""capital-gain"": ""0"", ""capital-loss"": ""0"", ""hours-per-week"": ""40"", ""native-country"": ""United-States""}",gender=Male,gender=Male,gender=Male,,gender=Female,gender=Female,gender=Male,0,<=50K | HS-grad | Private,2,2,"{""gender=Female"": ""<=50K"", ""gender=Male"": ""<=50K""}","{""gender=Female"": {""alpha"": 1.0, ""margin"": 0.809621210804284, ""p_observed"": 0.9048106054021419, ""prior_probability"": 0.3531869020347662, ""score"": 0.9048106054021419}, ""gender=Male"": {""alpha"": 1.0, ""margin"": 0.5230050603440359, ""p_observed"": 0.761502530172018, ""prior_probability"": 0.6468130979652338, ""score"": 0.761502530172018}}","{""gender=Female"": {""alpha"": 1.0, ""margin"": 0.809621210804284, ""p_observed"": 0.9048106054021419, ""prior_probability"": 0.3531869020347662, ""score"": 0.809621210804284}, ""gender=Male"": {""alpha"": 1.0, ""margin"": 0.5230050603440359, ""p_observed"": 0.761502530172018, ""prior_probability"": 0.6468130979652338, ""score"": 0.5230050603440359}}","{""gender=Female"": {""alpha"": 2.0, ""margin"": 0.809621210804284, ""p_observed"": 0.9048106054021419, ""prior_probability"": 0.3531869020347662, ""score"": -1.2408171606110967}, ""gender=Male"": {""alpha"": 2.0, ""margin"": 0.5230050603440359, ""p_observed"": 0.761502530172018, ""prior_probability"": 0.6468130979652338, ""score"": -0.9806214691472056}}"
146,Male,White,gender=Male,<=50K,"{""age"": ""36"", ""workclass"": ""Private"", ""education"": ""HS-grad"", ""educational-num"": ""9"", ""race"": ""White"", ""capital-gain"": ""0"", ""capital-loss"": ""0"", ""hours-per-week"": ""40"", ""native-country"": ""United-States""}",gender=Male,gender=Male,gender=Male,,gender=Female,gender=Female,gender=Male,0,<=50K | HS-grad | Private,2,2,"{""gender=Female"": ""<=50K"", ""gender=Male"": ""<=50K""}","{""gender=Female"": {""alpha"": 1.0, ""margin"": 0.8128267743052342, ""p_observed"": 0.906413387152617, ""prior_probability"": 0.3531869020347662, ""score"": 0.906413387152617}, ""gender=Male"": {""alpha"": 1.0, ""margin"": 0.5701297250362634, ""p_observed"": 0.7850648625181318, ""prior_probability"": 0.6468130979652338, ""score"": 0.7850648625181318}}","{""gender=Female"": {""alpha"": 1.0, ""margin"": 0.8128267743052342, ""p_observed"": 0.906413387152617, ""prior_probability"": 0.3531869020347662, ""score"": 0.8128267743052342}, ""gender=Male"": {""alpha"": 1.0, ""margin"": 0.5701297250362634, ""p_observed"": 0.7850648625181318, ""prior_probability"": 0.6468130979652338, ""score"": 0.5701297250362634}}","{""gender=Female"": {""alpha"": 2.0, ""margin"": 0.8128267743052342, ""p_observed"": 0.906413387152617, ""prior_probability"": 0.3531869020347662, ""score"": -1.237277494229841}, ""gender=Male"": {""alpha"": 2.0, ""margin"": 0.5701297250362634, ""p_observed"": 0.7850648625181318, ""prior_probability"": 0.6468130979652338, ""score"": -0.919675775477256}}"
147,Male,White,gender=Male,<=50K,"{""age"": ""31"", ""workclass"": ""Private"", ""education"": ""HS-grad"", ""educational-num"": ""9"", ""race"": ""White"", ""capital-gain"": ""0"", ""capital-loss"": ""0"", ""hours-per-week"": ""40"", ""native-country"": ""United-States""}",gender=Male,gender=Male,gender=Male,,gender=Female,gender=Female,gender=Male,0,<=50K | HS-grad | Private,2,2,"{""gender=Female"": ""<=50K"", ""gender=Male"": ""<=50K""}","{""gender=Female"": {""alpha"": 1.0, ""margin"": 0.8660841107915955, ""p_observed"": 0.9330420553957977, ""prior_probability"": 0.3531869020347662, ""score"": 0.9330420553957977}, ""gender=Male"": {""alpha"": 1.0, ""margin"": 0.6896417568322549, ""p_observed"": 0.8448208784161274, ""prior_probability"": 0.6468130979652338, ""score"": 0.8448208784161274}}","{""gender=Female"": {""alpha"": 1.0, ""margin"": 0.8660841107915955, ""p_observed"": 0.9330420553957977, ""prior_probability"": 0.3531869020347662, ""score"": 0.8660841107915955}, ""gender=Male"": {""alpha"": 1.0, ""margin"": 0.6896417568322549, ""p_observed"": 0.8448208784161274, ""prior_probability"": 0.6468130979652338, ""score"": 0.6896417568322549}}","{""gender=Female"": {""alpha"": 2.0, ""margin"": 0.8660841107915955, ""p_observed"": 0.9330420553957977, ""prior_probability"": 0.3531869020347662, ""score"": -1.1793679020460173}, ""gender=Male"": {""alpha"": 2.0, ""margin"": 0.6896417568322549, ""p_observed"": 0.8448208784161274, ""prior_probability"": 0.6468130979652338, ""score"": -0.7729592056767214}}"
148,Male,White,gender=Male,<=50K,"{""age"": ""30"", ""workclass"": ""Local-gov"", ""education"": ""Assoc-voc"", ""educational-num"": ""11"", ""race"": ""White"", ""capital-gain"": ""0"", ""capital-loss"": ""0"", ""hours-per-week"": ""40"", ""native-country"": ""United-States""}",gender=Male,gender=Male,gender=Male,,gender=Female,gender=Female,gender=Male,0,<=50K | Assoc-voc | Local-gov,2,2,"{""gender=Female"": ""<=50K"", ""gender=Male"": ""<=50K""}","{""gender=Female"": {""alpha"": 1.0, ""margin"": 0.8105200926384124, ""p_observed"": 0.9052600463192062, ""prior_probability"": 0.40348837209302324, ""score"": 0.9052600463192062}, ""gender=Male"": {""alpha"": 1.0, ""margin"": 0.5949829925653307, ""p_observed"": 0.7974914962826654, ""prior_probability"": 0.5965116279069768, ""score"": 0.7974914962826654}}","{""gender=Female"": {""alpha"": 1.0, ""margin"": 0.8105200926384124, ""p_observed"": 0.9052600463192062, ""prior_probability"": 0.40348837209302324, ""score"": 0.8105200926384124}, ""gender=Male"": {""alpha"": 1.0, ""margin"": 0.5949829925653307, ""p_observed"": 0.7974914962826654, ""prior_probability"": 0.5965116279069768, ""score"": 0.5949829925653307}}","{""gender=Female"": {""alpha"": 2.0, ""margin"": 0.8105200926384124, ""p_observed"": 0.9052600463192062, ""prior_probability"": 0.40348837209302324, ""score"": -1.1066736744176309}, ""gender=Male"": {""alpha"": 2.0, ""margin"": 0.5949829925653307, ""p_observed"": 0.7974914962826654, ""prior_probability"": 0.5965116279069768, ""score"": -0.9692247587736478}}"
149,Male,White,gender=Male,>50K,"{""age"": ""51"", ""workclass"": ""Private"", ""education"": ""HS-grad"", ""educational-num"": ""9"", ""race"": ""White"", ""capital-gain"": ""7298"", ""capital-loss"": ""0"", ""hours-per-week"": ""40"", ""native-country"": ""El-Salvador""}",gender=Male,gender=Male,gender=Male,,gender=Male,gender=Male,gender=Male,0,>50K | HS-grad | Private,2,2,"{""gender=Female"": "">50K"", ""gender=Male"": "">50K""}","{""gender=Female"": {""alpha"": 1.0, ""margin"": 0.3642102817558832, ""p_observed"": 0.6821051408779416, ""prior_probability"": 0.129565816678153, ""score"": 0.6821051408779416}, ""gender=Male"": {""alpha"": 1.0, ""margin"": 0.576813170025509, ""p_observed"": 0.7884065850127546, ""prior_probability"": 0.870434183321847, ""score"": 0.7884065850127546}}","{""gender=Female"": {""alpha"": 1.0, ""margin"": 0.3642102817558832, ""p_observed"": 0.6821051408779416, ""prior_probability"": 0.129565816678153, ""score"": 0.3642102817558832}, ""gender=Male"": {""alpha"": 1.0, ""margin"": 0.576813170025509, ""p_observed"": 0.7884065850127546, ""prior_probability"": 0.870434183321847, ""score"": 0.576813170025509}}","{""gender=Female"": {""alpha"": 2.0, ""margin"": 0.3642102817558832, ""p_observed"": 0.6821051408779416, ""prior_probability"": 0.129565816678153, ""score"": -2.808709225075794}, ""gender=Male"": {""alpha"": 2.0, ""margin"": 0.576813170025509, ""p_observed"": 0.7884065850127546, ""prior_probability"": 0.870434183321847, ""score"": -0.6142458332598296}}"
150,Female,White,gender=Female,<=50K,"{""age"": ""57"", ""workclass"": ""Private"", ""education"": ""Assoc-voc"", ""educational-num"": ""11"", ""race"": ""White"", ""capital-gain"": ""0"", ""capital-loss"": ""0"", ""hours-per-week"": ""40"", ""native-country"": ""United-States""}",gender=Male,gender=Male,gender=Male,,gender=Female,gender=Female,gender=Female,0,<=50K | Assoc-voc | Private,2,2,"{""gender=Female"": ""<=50K"", ""gender=Male"": ""<=50K""}","{""gender=Female"": {""alpha"": 1.0, ""margin"": 0.7824318852536912, ""p_observed"": 0.8912159426268456, ""prior_probability"": 0.40348837209302324, ""score"": 0.8912159426268456}, ""gender=Male"": {""alpha"": 1.0, ""margin"": 0.4284388591913124, ""p_observed"": 0.7142194295956562, ""prior_probability"": 0.5965116279069768, ""score"": 0.7142194295956562}}","{""gender=Female"": {""alpha"": 1.0, ""margin"": 0.7824318852536912, ""p_observed"": 0.8912159426268456, ""prior_probability"": 0.40348837209302324, ""score"": 0.7824318852536912}, ""gender=Male"": {""alpha"": 1.0, ""margin"": 0.4284388591913124, ""p_observed"": 0.7142194295956562, ""prior_probability"": 0.5965116279069768, ""score"": 0.4284388591913124}}","{""gender=Female"": {""alpha"": 2.0, ""margin"": 0.7824318852536912, ""p_observed"": 0.8912159426268456, ""prior_probability"": 0.40348837209302324, ""score"": -1.1379446513510458}, ""gender=Male"": {""alpha"": 2.0, ""margin"": 0.4284388591913124, ""p_observed"": 0.7142194295956562, ""prior_probability"": 0.5965116279069768, ""score"": -1.189786623063479}}"
151,Male,White,gender=Male,<=50K,"{""age"": ""38"", ""workclass"": ""Private"", ""education"": ""HS-grad"", ""educational-num"": ""9"", ""race"": ""White"", ""capital-gain"": ""0"", ""capital-loss"": ""0"", ""hours-per-week"": ""80"", ""native-country"": ""United-States""}",gender=Male,gender=Male,gender=Male,,gender=Female,gender=Female,gender=Male,0,<=50K | HS-grad | Private,2,2,"{""gender=Female"": ""<=50K"", ""gender=Male"": ""<=50K""}","{""gender=Female"": {""alpha"": 1.0, ""margin"": 0.7647507033427533, ""p_observed"": 0.8823753516713765, ""prior_probability"": 0.3531869020347662, ""score"": 0.8823753516713765}, ""gender=Male"": {""alpha"": 1.0, ""margin"": 0.46527698313601684, ""p_observed"": 0.7326384915680084, ""prior_probability"": 0.6468130979652338, ""score"": 0.7326384915680084}}","{""gender=Female"": {""alpha"": 1.0, ""margin"": 0.7647507033427533, ""p_observed"": 0.8823753516713765, ""prior_probability"": 0.3531869020347662, ""score"": 0.7647507033427533}, ""gender=Male"": {""alpha"": 1.0, ""margin"": 0.46527698313601684, ""p_observed"": 0.7326384915680084, ""prior_probability"": 0.6468130979652338, ""score"": 0.46527698313601684}}","{""gender=Female"": {""alpha"": 2.0, ""margin"": 0.7647507033427533, ""p_observed"": 0.8823753516713765, ""prior_probability"": 0.3531869020347662, ""score"": -1.2910333840780284}, ""gender=Male"": {""alpha"": 2.0, ""margin"": 0.46527698313601684, ""p_observed"": 0.7326384915680084, ""prior_probability"": 0.6468130979652338, ""score"": -1.0579036790237168}}"
152,Male,White,gender=Male,>50K,"{""age"": ""63"", ""workclass"": ""Private"", ""education"": ""Some-college"", ""educational-num"": ""10"", ""race"": ""White"", ""capital-gain"": ""4386"", ""capital-loss"": ""0"", ""hours-per-week"": ""40"", ""native-country"": ""United-States""}",gender=Male,gender=Male,gender=Male,,gender=Male,gender=Male,gender=Male,0,>50K | Some-college | Private,2,2,"{""gender=Female"": ""<=50K"", ""gender=Male"": ""<=50K""}","{""gender=Female"": {""alpha"": 1.0, ""margin"": -0.7826224999388832, ""p_observed"": 0.10868875003055856, ""prior_probability"": 0.1390946502057613, ""score"": 0.10868875003055856}, ""gender=Male"": {""alpha"": 1.0, ""margin"": -0.3947231800150686, ""p_observed"": 0.30263840999246544, ""prior_probability"": 0.8609053497942387, ""score"": 0.30263840999246544}}","{""gender=Female"": {""alpha"": 1.0, ""margin"": -0.7826224999388832, ""p_observed"": 0.10868875003055856, ""prior_probability"": 0.1390946502057613, ""score"": -0.7826224999388832}, ""gender=Male"": {""alpha"": 1.0, ""margin"": -0.3947231800150686, ""p_observed"": 0.30263840999246544, ""prior_probability"": 0.8609053497942387, ""score"": -0.3947231800150686}}","{""gender=Female"": {""alpha"": 2.0, ""margin"": -0.7826224999388832, ""p_observed"": 0.10868875003055856, ""prior_probability"": 0.1390946502057613, ""score"": -6.411134612431672}, ""gender=Male"": {""alpha"": 2.0, ""margin"": -0.3947231800150686, ""p_observed"": 0.30263840999246544, ""prior_probability"": 0.8609053497942387, ""score"": -2.5402038160756053}}"
153,Male,White,gender=Male,<=50K,"{""age"": ""43"", ""workclass"": ""State-gov"", ""education"": ""Prof-school"", ""educational-num"": ""15"", ""race"": ""White"", ""capital-gain"": ""0"", ""capital-loss"": ""0"", ""hours-per-week"": ""50"", ""native-country"": ""United-States""}",gender=Male,gender=Male,gender=Male,,gender=Female,gender=Female,gender=Male,0,<=50K | Prof-school | State-gov,2,2,"{""gender=Female"": "">50K"", ""gender=Male"": "">50K""}","{""gender=Female"": {""alpha"": 1.0, ""margin"": -0.06982149973652013, ""p_observed"": 0.4650892501317399, ""prior_probability"": 0.2966101694915254, ""score"": 0.4650892501317399}, ""gender=Male"": {""alpha"": 1.0, ""margin"": -0.3797258540635327, ""p_observed"": 0.31013707296823373, ""prior_probability"": 0.7033898305084746, ""score"": 0.31013707296823373}}","{""gender=Female"": {""alpha"": 1.0, ""margin"": -0.06982149973652013, ""p_observed"": 0.4650892501317399, ""prior_probability"": 0.2966101694915254, ""score"": -0.06982149973652013}, ""gender=Male"": {""alpha"": 1.0, ""margin"": -0.3797258540635327, ""p_observed"": 0.31013707296823373, ""prior_probability"": 0.7033898305084746, ""score"": -0.3797258540635327}}","{""gender=Female"": {""alpha"": 2.0, ""margin"": -0.06982149973652013, ""p_observed"": 0.4650892501317399, ""prior_probability"": 0.2966101694915254, ""score"": -2.746388475066073}, ""gender=Male"": {""alpha"": 2.0, ""margin"": -0.3797258540635327, ""p_observed"": 0.31013707296823373, ""prior_probability"": 0.7033898305084746, ""score"": -2.693325833401876}}"
154,Male,White,gender=Male,<=50K,"{""age"": ""37"", ""workclass"": ""Federal-gov"", ""education"": ""Some-college"", ""educational-num"": ""10"", ""race"": ""White"", ""capital-gain"": ""0"", ""capital-loss"": ""0"", ""hours-per-week"": ""40"", ""native-country"": ""United-States""}",gender=Male,gender=Male,gender=Male,,gender=Female,gender=Female,gender=Female,0,<=50K | Some-college | Federal-gov,2,2,"{""gender=Female"": ""<=50K"", ""gender=Male"": ""<=50K""}","{""gender=Female"": {""alpha"": 1.0, ""margin"": 0.7462701742468446, ""p_observed"": 0.8731350871234224, ""prior_probability"": 0.44275132275132273, ""score"": 0.8731350871234224}, ""gender=Male"": {""alpha"": 1.0, ""margin"": 0.2796473269598335, ""p_observed"": 0.6398236634799168, ""prior_probability"": 0.5572486772486772, ""score"": 0.6398236634799168}}","{""gender=Female"": {""alpha"": 1.0, ""margin"": 0.7462701742468446, ""p_observed"": 0.8731350871234224, ""prior_probability"": 0.44275132275132273, ""score"": 0.7462701742468446}, ""gender=Male"": {""alpha"": 1.0, ""margin"": 0.2796473269598335, ""p_observed"": 0.6398236634799168, ""prior_probability"": 0.5572486772486772, ""score"": 0.2796473269598335}}","{""gender=Female"": {""alpha"": 2.0, ""margin"": 0.7462701742468446, ""p_observed"": 0.8731350871234224, ""prior_probability"": 0.44275132275132273, ""score"": -1.0860770070237946}, ""gender=Male"": {""alpha"": 2.0, ""margin"": 0.2796473269598335, ""p_observed"": 0.6398236634799168, ""prior_probability"": 0.5572486772486772, ""score"": -1.4778690132420533}}"
155,Male,White,gender=Male,<=50K,"{""age"": ""46"", ""workclass"": ""Private"", ""education"": ""Some-college"", ""educational-num"": ""10"", ""race"": ""White"", ""capital-gain"": ""0"", ""capital-loss"": ""0"", ""hours-per-week"": ""40"", ""native-country"": ""United-States""}",gender=Male,gender=Male,gender=Male,,gender=Female,gender=Female,gender=Female,0,<=50K | Some-college | Private,2,2,"{""gender=Female"": ""<=50K"", ""gender=Male"": ""<=50K""}","{""gender=Female"": {""alpha"": 1.0, ""margin"": 0.7847542616499616, ""p_observed"": 0.8923771308249808, ""prior_probability"": 0.44275132275132273, ""score"": 0.8923771308249808}, ""gender=Male"": {""alpha"": 1.0, ""margin"": 0.37254339401870745, ""p_observed"": 0.6862716970093536, ""prior_probability"": 0.5572486772486772, ""score"": 0.6862716970093536}}","{""gender=Female"": {""alpha"": 1.0, ""margin"": 0.7847542616499616, ""p_observed"": 0.8923771308249808, ""prior_probability"": 0.44275132275132273, ""score"": 0.7847542616499616}, ""gender=Male"": {""alpha"": 1.0, ""margin"": 0.37254339401870745, ""p_observed"": 0.6862716970093536, ""prior_probability"": 0.5572486772486772, ""score"": 0.37254339401870745}}","{""gender=Female"": {""alpha"": 2.0, ""margin"": 0.7847542616499616, ""p_observed"": 0.8923771308249808, ""prior_probability"": 0.44275132275132273, ""score"": -1.0424799014409607}, ""gender=Male"": {""alpha"": 2.0, ""margin"": 0.37254339401870745, ""p_observed"": 0.6862716970093536, ""prior_probability"": 0.5572486772486772, ""score"": -1.3377070202051833}}"
156,Male,White,gender=Male,<=50K,"{""age"": ""20"", ""workclass"": ""Private"", ""education"": ""HS-grad"", ""educational-num"": ""9"", ""race"": ""White"", ""capital-gain"": ""0"", ""capital-loss"": ""0"", ""hours-per-week"": ""30"", ""native-country"": ""United-States""}",gender=Male,gender=Male,gender=Male,,gender=Female,gender=Female,gender=Male,0,<=50K | HS-grad | Private,2,2,"{""gender=Female"": ""<=50K"", ""gender=Male"": ""<=50K""}","{""gender=Female"": {""alpha"": 1.0, ""margin"": 0.9569317730245757, ""p_observed"": 0.9784658865122878, ""prior_probability"": 0.3531869020347662, ""score"": 0.9784658865122878}, ""gender=Male"": {""alpha"": 1.0, ""margin"": 0.9075950128860029, ""p_observed"": 0.9537975064430013, ""prior_probability"": 0.6468130979652338, ""score"": 0.9537975064430013}}","{""gender=Female"": {""alpha"": 1.0, ""margin"": 0.9569317730245757, ""p_observed"": 0.9784658865122878, ""prior_probability"": 0.3531869020347662, ""score"": 0.9569317730245757}, ""gender=Male"": {""alpha"": 1.0, ""margin"": 0.9075950128860029, ""p_observed"": 0.9537975064430013, ""prior_probability"": 0.6468130979652338, ""score"": 0.9075950128860029}}","{""gender=Female"": {""alpha"": 2.0, ""margin"": 0.9569317730245757, ""p_observed"": 0.9784658865122878, ""prior_probability"": 0.3531869020347662, ""score"": -1.0842966062404786}, ""gender=Male"": {""alpha"": 2.0, ""margin"": 0.9075950128860029, ""p_observed"": 0.9537975064430013, ""prior_probability"": 0.6468130979652338, ""score"": -0.5303056759959778}}"
157,Female,White,gender=Female,<=50K,"{""age"": ""23"", ""workclass"": ""Private"", ""education"": ""Some-college"", ""educational-num"": ""10"", ""race"": ""White"", ""capital-gain"": ""0"", ""capital-loss"": ""0"", ""hours-per-week"": ""30"", ""native-country"": ""United-States""}",gender=Male,gender=Male,gender=Male,,gender=Female,gender=Female,gender=Male,0,<=50K | Some-college | Private,2,2,"{""gender=Female"": ""<=50K"", ""gender=Male"": ""<=50K""}","{""gender=Female"": {""alpha"": 1.0, ""margin"": 0.9527926584491524, ""p_observed"": 0.9763963292245762, ""prior_probability"": 0.44275132275132273, ""score"": 0.9763963292245762}, ""gender=Male"": {""alpha"": 1.0, ""margin"": 0.8966233657162788, ""p_observed"": 0.9483116828581393, ""prior_probability"": 0.5572486772486772, ""score"": 0.9483116828581393}}","{""gender=Female"": {""alpha"": 1.0, ""margin"": 0.9527926584491524, ""p_observed"": 0.9763963292245762, ""prior_probability"": 0.44275132275132273, ""score"": 0.9527926584491524}, ""gender=Male"": {""alpha"": 1.0, ""margin"": 0.8966233657162788, ""p_observed"": 0.9483116828581393, ""prior_probability"": 0.5572486772486772, ""score"": 0.8966233657162788}}","{""gender=Female"": {""alpha"": 2.0, ""margin"": 0.9527926584491524, ""p_observed"": 0.9763963292245762, ""prior_probability"": 0.44275132275132273, ""score"": -0.8625204146830571}, ""gender=Male"": {""alpha"": 2.0, ""margin"": 0.8966233657162788, ""p_observed"": 0.9483116828581393, ""prior_probability"": 0.5572486772486772, ""score"": -0.690887783185516}}"
158,Female,White,gender=Female,<=50K,"{""age"": ""23"", ""workclass"": ""Local-gov"", ""education"": ""Bachelors"", ""educational-num"": ""13"", ""race"": ""White"", ""capital-gain"": ""0"", ""capital-loss"": ""0"", ""hours-per-week"": ""43"", ""native-country"": ""United-States""}",gender=Male,gender=Male,gender=Male,,gender=Female,gender=Female,gender=Male,0,<=50K | Bachelors | Local-gov,2,2,"{""gender=Female"": ""<=50K"", ""gender=Male"": ""<=50K""}","{""gender=Female"": {""alpha"": 1.0, ""margin"": 0.7981586082743842, ""p_observed"": 0.8990793041371921, ""prior_probability"": 0.4140684410646388, ""score"": 0.8990793041371921}, ""gender=Male"": {""alpha"": 1.0, ""margin"": 0.5151761193306852, ""p_observed"": 0.7575880596653426, ""prior_probability"": 0.5859315589353612, ""score"": 0.7575880596653426}}","{""gender=Female"": {""alpha"": 1.0, ""margin"": 0.7981586082743842, ""p_observed"": 0.8990793041371921, ""prior_probability"": 0.4140684410646388, ""score"": 0.7981586082743842}, ""gender=Male"": {""alpha"": 1.0, ""margin"": 0.5151761193306852, ""p_observed"": 0.7575880596653426, ""prior_probability"": 0.5859315589353612, ""score"": 0.5151761193306852}}","{""gender=Female"": {""alpha"": 2.0, ""margin"": 0.7981586082743842, ""p_observed"": 0.8990793041371921, ""prior_probability"": 0.4140684410646388, ""score"": -1.0944920715946083}, ""gender=Male"": {""alpha"": 2.0, ""margin"": 0.5151761193306852, ""p_observed"": 0.7575880596653426, ""prior_probability"": 0.5859315589353612, ""score"": -1.0897832857954435}}"
159,Male,White,gender=Male,>50K,"{""age"": ""39"", ""workclass"": ""Private"", ""education"": ""Bachelors"", ""educational-num"": ""13"", ""race"": ""White"", ""capital-gain"": ""0"", ""capital-loss"": ""0"", ""hours-per-week"": ""40"", ""native-country"": ""United-States""}",gender=Male,gender=Male,gender=Male,,gender=Male,gender=Male,gender=Male,0,>50K | Bachelors | Private,2,2,"{""gender=Female"": ""<=50K"", ""gender=Male"": ""<=50K""}","{""gender=Female"": {""alpha"": 1.0, ""margin"": -0.5536175499063736, ""p_observed"": 0.22319122504681316, ""prior_probability"": 0.15218508997429306, ""score"": 0.22319122504681316}, ""gender=Male"": {""alpha"": 1.0, ""margin"": -0.031161082881273117, ""p_observed"": 0.48441945855936347, ""prior_probability"": 0.847814910025707, ""score"": 0.48441945855936347}}","{""gender=Female"": {""alpha"": 1.0, ""margin"": -0.5536175499063736, ""p_observed"": 0.22319122504681316, ""prior_probability"": 0.15218508997429306, ""score"": -0.5536175499063736}, ""gender=Male"": {""alpha"": 1.0, ""margin"": -0.031161082881273117, ""p_observed"": 0.48441945855936347, ""prior_probability"": 0.847814910025707, ""score"": -0.031161082881273117}}","{""gender=Female"": {""alpha"": 2.0, ""margin"": -0.5536175499063736, ""p_observed"": 0.22319122504681316, ""prior_probability"": 0.15218508997429306, ""score"": -4.88211052883689}, ""gender=Male"": {""alpha"": 2.0, ""margin"": -0.031161082881273117, ""p_observed"": 0.48441945855936347, ""prior_probability"": 0.847814910025707, ""score"": -1.6147011288402866}}"
160,Female,White,gender=Female,<=50K,"{""age"": ""32"", ""workclass"": ""Private"", ""education"": ""HS-grad"", ""educational-num"": ""9"", ""race"": ""White"", ""capital-gain"": ""0"", ""capital-loss"": ""0"", ""hours-per-week"": ""37"", ""native-country"": ""United-States""}",gender=Male,gender=Male,gender=Male,,gender=Female,gender=Female,gender=Male,0,<=50K | HS-grad | Private,2,2,"{""gender=Female"": ""<=50K"", ""gender=Male"": ""<=50K""}","{""gender=Female"": {""alpha"": 1.0, ""margin"": 0.8763709409066842, ""p_observed"": 0.9381854704533419, ""prior_probability"": 0.3531869020347662, ""score"": 0.9381854704533419}, ""gender=Male"": {""alpha"": 1.0, ""margin"": 0.7209751703855457, ""p_observed"": 0.8604875851927728, ""prior_probability"": 0.6468130979652338, ""score"": 0.8604875851927728}}","{""gender=Female"": {""alpha"": 1.0, ""margin"": 0.8763709409066842, ""p_observed"": 0.9381854704533419, ""prior_probability"": 0.3531869020347662, ""score"": 0.8763709409066842}, ""gender=Male"": {""alpha"": 1.0, ""margin"": 0.7209751703855457, ""p_observed"": 0.8604875851927728, ""prior_probability"": 0.6468130979652338, ""score"": 0.7209751703855457}}","{""gender=Female"": {""alpha"": 2.0, ""margin"": 0.8763709409066842, ""p_observed"": 0.9381854704533419, ""prior_probability"": 0.3531869020347662, ""score"": -1.1683731343016421}, ""gender=Male"": {""alpha"": 2.0, ""margin"": 0.7209751703855457, ""p_observed"": 0.8604875851927728, ""prior_probability"": 0.6468130979652338, ""score"": -0.736210082812018}}"
161,Female,White,gender=Female,<=50K,"{""age"": ""42"", ""workclass"": ""State-gov"", ""education"": ""Some-college"", ""educational-num"": ""10"", ""race"": ""White"", ""capital-gain"": ""0"", ""capital-loss"": ""0"", ""hours-per-week"": ""45"", ""native-country"": ""United-States""}",gender=Male,gender=Male,gender=Male,,gender=Female,gender=Female,gender=Female,0,<=50K | Some-college | State-gov,2,2,"{""gender=Female"": ""<=50K"", ""gender=Male"": ""<=50K""}","{""gender=Female"": {""alpha"": 1.0, ""margin"": 0.7475992287294783, ""p_observed"": 0.873799614364739, ""prior_probability"": 0.44275132275132273, ""score"": 0.873799614364739}, ""gender=Male"": {""alpha"": 1.0, ""margin"": 0.3024913086123385, ""p_observed"": 0.6512456543061693, ""prior_probability"": 0.5572486772486772, ""score"": 0.6512456543061693}}","{""gender=Female"": {""alpha"": 1.0, ""margin"": 0.7475992287294783, ""p_observed"": 0.873799614364739, ""prior_probability"": 0.44275132275132273, ""score"": 0.7475992287294783}, ""gender=Male"": {""alpha"": 1.0, ""margin"": 0.3024913086123385, ""p_observed"": 0.6512456543061693, ""prior_probability"": 0.5572486772486772, ""score"": 0.3024913086123385}}","{""gender=Female"": {""alpha"": 2.0, ""margin"": 0.7475992287294783, ""p_observed"": 0.873799614364739, ""prior_probability"": 0.44275132275132273, ""score"": -1.0845554223353613}, ""gender=Male"": {""alpha"": 2.0, ""margin"": 0.3024913086123385, ""p_observed"": 0.6512456543061693, ""prior_probability"": 0.5572486772486772, ""score"": -1.4424803980060052}}"
162,Female,Black,gender=Female,<=50K,"{""age"": ""35"", ""workclass"": ""Private"", ""education"": ""HS-grad"", ""educational-num"": ""9"", ""race"": ""Black"", ""capital-gain"": ""0"", ""capital-loss"": ""0"", ""hours-per-week"": ""36"", ""native-country"": ""United-States""}",gender=Male,gender=Male,gender=Male,,gender=Female,gender=Female,gender=Male,0,<=50K | HS-grad | Private,2,2,"{""gender=Female"": ""<=50K"", ""gender=Male"": ""<=50K""}","{""gender=Female"": {""alpha"": 1.0, ""margin"": 0.9346804784076326, ""p_observed"": 0.9673402392038162, ""prior_probability"": 0.3531869020347662, ""score"": 0.9673402392038162}, ""gender=Male"": {""alpha"": 1.0, ""margin"": 0.8049503473353657, ""p_observed"": 0.9024751736676828, ""prior_probability"": 0.6468130979652338, ""score"": 0.9024751736676828}}","{""gender=Female"": {""alpha"": 1.0, ""margin"": 0.9346804784076326, ""p_observed"": 0.9673402392038162, ""prior_probability"": 0.3531869020347662, ""score"": 0.9346804784076326}, ""gender=Male"": {""alpha"": 1.0, ""margin"": 0.8049503473353657, ""p_observed"": 0.9024751736676828, ""prior_probability"": 0.6468130979652338, ""score"": 0.8049503473353657}}","{""gender=Female"": {""alpha"": 2.0, ""margin"": 0.9346804784076326, ""p_observed"": 0.9673402392038162, ""prior_probability"": 0.3531869020347662, ""score"": -1.1071678849490325}, ""gender=Male"": {""alpha"": 2.0, ""margin"": 0.8049503473353657, ""p_observed"": 0.9024751736676828, ""prior_probability"": 0.6468130979652338, ""score"": -0.6409260961839984}}"
163,Female,White,gender=Female,<=50K,"{""age"": ""34"", ""workclass"": ""Private"", ""education"": ""Assoc-voc"", ""educational-num"": ""11"", ""race"": ""White"", ""capital-gain"": ""0"", ""capital-loss"": ""0"", ""hours-per-week"": ""40"", ""native-country"": ""United-States""}",gender=Male,gender=Male,gender=Male,,gender=Female,gender=Female,gender=Male,0,<=50K | Assoc-voc | Private,2,2,"{""gender=Female"": ""<=50K"", ""gender=Male"": ""<=50K""}","{""gender=Female"": {""alpha"": 1.0, ""margin"": 0.7774483088709913, ""p_observed"": 0.8887241544354957, ""prior_probability"": 0.40348837209302324, ""score"": 0.8887241544354957}, ""gender=Male"": {""alpha"": 1.0, ""margin"": 0.5325271347122575, ""p_observed"": 0.7662635673561289, ""prior_probability"": 0.5965116279069768, ""score"": 0.7662635673561289}}","{""gender=Female"": {""alpha"": 1.0, ""margin"": 0.7774483088709913, ""p_observed"": 0.8887241544354957, ""prior_probability"": 0.40348837209302324, ""score"": 0.7774483088709913}, ""gender=Male"": {""alpha"": 1.0, ""margin"": 0.5325271347122575, ""p_observed"": 0.7662635673561289, ""prior_probability"": 0.5965116279069768, ""score"": 0.5325271347122575}}","{""gender=Female"": {""alpha"": 2.0, ""margin"": 0.7774483088709913, ""p_observed"": 0.8887241544354957, ""prior_probability"": 0.40348837209302324, ""score"": -1.1435443674836625}, ""gender=Male"": {""alpha"": 2.0, ""margin"": 0.5325271347122575, ""p_observed"": 0.7662635673561289, ""prior_probability"": 0.5965116279069768, ""score"": -1.0491147155049338}}"
164,Male,White,gender=Male,<=50K,"{""age"": ""23"", ""workclass"": ""Private"", ""education"": ""HS-grad"", ""educational-num"": ""9"", ""race"": ""White"", ""capital-gain"": ""0"", ""capital-loss"": ""0"", ""hours-per-week"": ""40"", ""native-country"": ""United-States""}",gender=Male,gender=Male,gender=Male,,gender=Female,gender=Female,gender=Male,0,<=50K | HS-grad | Private,2,2,"{""gender=Female"": ""<=50K"", ""gender=Male"": ""<=50K""}","{""gender=Female"": {""alpha"": 1.0, ""margin"": 0.9321857407645197, ""p_observed"": 0.9660928703822599, ""prior_probability"": 0.3531869020347662, ""score"": 0.9660928703822599}, ""gender=Male"": {""alpha"": 1.0, ""margin"": 0.8607573863024276, ""p_observed"": 0.9303786931512137, ""prior_probability"": 0.6468130979652338, ""score"": 0.9303786931512137}}","{""gender=Female"": {""alpha"": 1.0, ""margin"": 0.9321857407645197, ""p_observed"": 0.9660928703822599, ""prior_probability"": 0.3531869020347662, ""score"": 0.9321857407645197}, ""gender=Male"": {""alpha"": 1.0, ""margin"": 0.8607573863024276, ""p_observed"": 0.9303786931512137, ""prior_probability"": 0.6468130979652338, ""score"": 0.8607573863024276}}","{""gender=Female"": {""alpha"": 2.0, ""margin"": 0.9321857407645197, ""p_observed"": 0.9660928703822599, ""prior_probability"": 0.3531869020347662, ""score"": -1.1097485152039612}, ""gender=Male"": {""alpha"": 2.0, ""margin"": 0.8607573863024276, ""p_observed"": 0.9303786931512137, ""prior_probability"": 0.6468130979652338, ""score"": -0.5800250586345921}}"
165,Female,Black,gender=Female,>50K,"{""age"": ""45"", ""workclass"": ""Private"", ""education"": ""HS-grad"", ""educational-num"": ""9"", ""race"": ""Black"", ""capital-gain"": ""0"", ""capital-loss"": ""0"", ""hours-per-week"": ""60"", ""native-country"": ""United-States""}",gender=Male,gender=Male,gender=Male,,gender=Male,gender=Male,gender=Male,0,>50K | HS-grad | Private,2,2,"{""gender=Female"": ""<=50K"", ""gender=Male"": ""<=50K""}","{""gender=Female"": {""alpha"": 1.0, ""margin"": -0.8371210523629493, ""p_observed"": 0.08143947381852536, ""prior_probability"": 0.129565816678153, ""score"": 0.08143947381852536}, ""gender=Male"": {""alpha"": 1.0, ""margin"": -0.5266411891346112, ""p_observed"": 0.23667940543269445, ""prior_probability"": 0.870434183321847, ""score"": 0.23667940543269445}}","{""gender=Female"": {""alpha"": 1.0, ""margin"": -0.8371210523629493, ""p_observed"": 0.08143947381852536, ""prior_probability"": 0.129565816678153, ""score"": -0.8371210523629493}, ""gender=Male"": {""alpha"": 1.0, ""margin"": -0.5266411891346112, ""p_observed"": 0.23667940543269445, ""prior_probability"": 0.870434183321847, ""score"": -0.5266411891346112}}","{""gender=Female"": {""alpha"": 2.0, ""margin"": -0.8371210523629493, ""p_observed"": 0.08143947381852536, ""prior_probability"": 0.129565816678153, ""score"": -7.059356664397743}, ""gender=Male"": {""alpha"": 2.0, ""margin"": -0.5266411891346112, ""p_observed"": 0.23667940543269445, ""prior_probability"": 0.870434183321847, ""score"": -3.020860677116681}}"
166,Male,White,gender=Male,>50K,"{""age"": ""29"", ""workclass"": ""Private"", ""education"": ""Some-college"", ""educational-num"": ""10"", ""race"": ""White"", ""capital-gain"": ""0"", ""capital-loss"": ""0"", ""hours-per-week"": ""45"", ""native-country"": ""United-States""}",gender=Male,gender=Male,gender=Male,,gender=Male,gender=Male,gender=Male,0,>50K | Some-college | Private,2,2,"{""gender=Female"": ""<=50K"", ""gender=Male"": ""<=50K""}","{""gender=Female"": {""alpha"": 1.0, ""margin"": -0.8226867710084711, ""p_observed"": 0.08865661449576445, ""prior_probability"": 0.1390946502057613, ""score"": 0.08865661449576445}, ""gender=Male"": {""alpha"": 1.0, ""margin"": -0.6815552666664793, ""p_observed"": 0.15922236666676035, ""prior_probability"": 0.8609053497942387, ""score"": 0.15922236666676035}}","{""gender=Female"": {""alpha"": 1.0, ""margin"": -0.8226867710084711, ""p_observed"": 0.08865661449576445, ""prior_probability"": 0.1390946502057613, ""score"": -0.8226867710084711}, ""gender=Male"": {""alpha"": 1.0, ""margin"": -0.6815552666664793, ""p_observed"": 0.15922236666676035, ""prior_probability"": 0.8609053497942387, ""score"": -0.6815552666664793}}","{""gender=Female"": {""alpha"": 2.0, ""margin"": -0.8226867710084711, ""p_observed"": 0.08865661449576445, ""prior_probability"": 0.1390946502057613, ""score"": -6.8185699121395205}, ""gender=Male"": {""alpha"": 2.0, ""margin"": -0.6815552666664793, ""p_observed"": 0.15922236666676035, ""prior_probability"": 0.8609053497942387, ""score"": -3.8246777537543597}}"
167,Female,White,gender=Female,<=50K,"{""age"": ""22"", ""workclass"": ""Private"", ""education"": ""HS-grad"", ""educational-num"": ""9"", ""race"": ""White"", ""capital-gain"": ""0"", ""capital-loss"": ""0"", ""hours-per-week"": ""40"", ""native-country"": ""United-States""}",gender=Male,gender=Male,gender=Male,,gender=Female,gender=Female,gender=Male,0,<=50K | HS-grad | Private,2,2,"{""gender=Female"": ""<=50K"", ""gender=Male"": ""<=50K""}","{""gender=Female"": {""alpha"": 1.0, ""margin"": 0.9331560778009055, ""p_observed"": 0.9665780389004528, ""prior_probability"": 0.3531869020347662, ""score"": 0.9665780389004528}, ""gender=Male"": {""alpha"": 1.0, ""margin"": 0.8612647603758504, ""p_observed"": 0.9306323801879252, ""prior_probability"": 0.6468130979652338, ""score"": 0.9306323801879252}}","{""gender=Female"": {""alpha"": 1.0, ""margin"": 0.9331560778009055, ""p_observed"": 0.9665780389004528, ""prior_probability"": 0.3531869020347662, ""score"": 0.9331560778009055}, ""gender=Male"": {""alpha"": 1.0, ""margin"": 0.8612647603758504, ""p_observed"": 0.9306323801879252, ""prior_probability"": 0.6468130979652338, ""score"": 0.8612647603758504}}","{""gender=Female"": {""alpha"": 2.0, ""margin"": 0.9331560778009055, ""p_observed"": 0.9665780389004528, ""prior_probability"": 0.3531869020347662, ""score"": -1.1087443741967071}, ""gender=Male"": {""alpha"": 2.0, ""margin"": 0.8612647603758504, ""p_observed"": 0.9306323801879252, ""prior_probability"": 0.6468130979652338, ""score"": -0.5794797915119678}}"
168,Male,White,gender=Male,>50K,"{""age"": ""41"", ""workclass"": ""Private"", ""education"": ""HS-grad"", ""educational-num"": ""9"", ""race"": ""White"", ""capital-gain"": ""0"", ""capital-loss"": ""1485"", ""hours-per-week"": ""40"", ""native-country"": ""United-States""}",gender=Male,gender=Male,gender=Male,,gender=Male,gender=Male,gender=Male,0,>50K | HS-grad | Private,2,2,"{""gender=Female"": ""<=50K"", ""gender=Male"": ""<=50K""}","{""gender=Female"": {""alpha"": 1.0, ""margin"": -0.809621210804284, ""p_observed"": 0.09518939459785788, ""prior_probability"": 0.129565816678153, ""score"": 0.09518939459785788}, ""gender=Male"": {""alpha"": 1.0, ""margin"": -0.5230050603440359, ""p_observed"": 0.23849746982798203, ""prior_probability"": 0.870434183321847, ""score"": 0.23849746982798203}}","{""gender=Female"": {""alpha"": 1.0, ""margin"": -0.809621210804284, ""p_observed"": 0.09518939459785788, ""prior_probability"": 0.129565816678153, ""score"": -0.809621210804284}, ""gender=Male"": {""alpha"": 1.0, ""margin"": -0.5230050603440359, ""p_observed"": 0.23849746982798203, ""prior_probability"": 0.870434183321847, ""score"": -0.5230050603440359}}","{""gender=Female"": {""alpha"": 2.0, ""margin"": -0.809621210804284, ""p_observed"": 0.09518939459785788, ""prior_probability"": 0.129565816678153, ""score"": -6.747339779401052}, ""gender=Male"": {""alpha"": 2.0, ""margin"": -0.5230050603440359, ""p_observed"": 0.23849746982798203, ""prior_probability"": 0.870434183321847, ""score"": -3.0055562853291367}}"
169,Female,White,gender=Female,<=50K,"{""age"": ""47"", ""workclass"": ""Private"", ""education"": ""HS-grad"", ""educational-num"": ""9"", ""race"": ""White"", ""capital-gain"": ""0"", ""capital-loss"": ""0"", ""hours-per-week"": ""40"", ""native-country"": ""United-States""}",gender=Male,gender=Male,gender=Male,,gender=Female,gender=Female,gender=Male,0,<=50K | HS-grad | Private,2,2,"{""gender=Female"": ""<=50K"", ""gender=Male"": ""<=50K""}","{""gender=Female"": {""alpha"": 1.0, ""margin"": 0.809621210804284, ""p_observed"": 0.9048106054021419, ""prior_probability"": 0.3531869020347662, ""score"": 0.9048106054021419}, ""gender=Male"": {""alpha"": 1.0, ""margin"": 0.5105706809159174, ""p_observed"": 0.7552853404579587, ""prior_probability"": 0.6468130979652338, ""score"": 0.7552853404579587}}","{""gender=Female"": {""alpha"": 1.0, ""margin"": 0.809621210804284, ""p_observed"": 0.9048106054021419, ""prior_probability"": 0.3531869020347662, ""score"": 0.809621210804284}, ""gender=Male"": {""alpha"": 1.0, ""margin"": 0.5105706809159174, ""p_observed"": 0.7552853404579587, ""prior_probability"": 0.6468130979652338, ""score"": 0.5105706809159174}}","{""gender=Female"": {""alpha"": 2.0, ""margin"": 0.809621210804284, ""p_observed"": 0.9048106054021419, ""prior_probability"": 0.3531869020347662, ""score"": -1.2408171606110967}, ""gender=Male"": {""alpha"": 2.0, ""margin"": 0.5105706809159174, ""p_observed"": 0.7552853404579587, ""prior_probability"": 0.6468130979652338, ""score"": -0.9970172345759903}}"
170,Female,White,gender=Female,<=50K,"{""age"": ""26"", ""workclass"": ""State-gov"", ""education"": ""Bachelors"", ""educational-num"": ""13"", ""race"": ""White"", ""capital-gain"": ""0"", ""capital-loss"": ""0"", ""hours-per-week"": ""20"", ""native-country"": ""United-States""}",gender=Male,gender=Male,gender=Male,,gender=Female,gender=Female,gender=Male,0,<=50K | Bachelors | State-gov,2,2,"{""gender=Female"": ""<=50K"", ""gender=Male"": ""<=50K""}","{""gender=Female"": {""alpha"": 1.0, ""margin"": 0.8156582506767228, ""p_observed"": 0.9078291253383615, ""prior_probability"": 0.4140684410646388, ""score"": 0.9078291253383615}, ""gender=Male"": {""alpha"": 1.0, ""margin"": 0.7176664920206179, ""p_observed"": 0.8588332460103091, ""prior_probability"": 0.5859315589353612, ""score"": 0.8588332460103091}}","{""gender=Female"": {""alpha"": 1.0, ""margin"": 0.8156582506767228, ""p_observed"": 0.9078291253383615, ""prior_probability"": 0.4140684410646388, ""score"": 0.8156582506767228}, ""gender=Male"": {""alpha"": 1.0, ""margin"": 0.7176664920206179, ""p_observed"": 0.8588332460103091, ""prior_probability"": 0.5859315589353612, ""score"": 0.7176664920206179}}","{""gender=Female"": {""alpha"": 2.0, ""margin"": 0.8156582506767228, ""p_observed"": 0.9078291253383615, ""prior_probability"": 0.4140684410646388, ""score"": -1.0751222143263797}, ""gender=Male"": {""alpha"": 2.0, ""margin"": 0.7176664920206179, ""p_observed"": 0.8588332460103091, ""prior_probability"": 0.5859315589353612, ""score"": -0.8389132929683071}}"
171,Male,Asian-Pac-Islander,gender=Male,<=50K,"{""age"": ""19"", ""workclass"": ""Private"", ""education"": ""Some-college"", ""educational-num"": ""10"", ""race"": ""Asian-Pac-Islander"", ""capital-gain"": ""0"", ""capital-loss"": ""0"", ""hours-per-week"": ""35"", ""native-country"": ""Laos""}",gender=Male,gender=Male,gender=Male,,gender=Female,gender=Female,gender=Male,0,<=50K | Some-college | Private,2,2,"{""gender=Female"": ""<=50K"", ""gender=Male"": ""<=50K""}","{""gender=Female"": {""alpha"": 1.0, ""margin"": 0.9503892525457633, ""p_observed"": 0.9751946262728817, ""prior_probability"": 0.44275132275132273, ""score"": 0.9751946262728817}, ""gender=Male"": {""alpha"": 1.0, ""margin"": 0.8957537309726034, ""p_observed"": 0.9478768654863018, ""prior_probability"": 0.5572486772486772, ""score"": 0.9478768654863018}}","{""gender=Female"": {""alpha"": 1.0, ""margin"": 0.9503892525457633, ""p_observed"": 0.9751946262728817, ""prior_probability"": 0.44275132275132273, ""score"": 0.9503892525457633}, ""gender=Male"": {""alpha"": 1.0, ""margin"": 0.8957537309726034, ""p_observed"": 0.9478768654863018, ""prior_probability"": 0.5572486772486772, ""score"": 0.8957537309726034}}","{""gender=Female"": {""alpha"": 2.0, ""margin"": 0.9503892525457633, ""p_observed"": 0.9751946262728817, ""prior_probability"": 0.44275132275132273, ""score"": -0.8649834371728604}, ""gender=Male"": {""alpha"": 2.0, ""margin"": 0.8957537309726034, ""p_observed"": 0.9478768654863018, ""prior_probability"": 0.5572486772486772, ""score"": -0.6918050282133664}}"
172,Female,White,gender=Female,<=50K,"{""age"": ""40"", ""workclass"": ""Private"", ""education"": ""Assoc-voc"", ""educational-num"": ""11"", ""race"": ""White"", ""capital-gain"": ""0"", ""capital-loss"": ""0"", ""hours-per-week"": ""24"", ""native-country"": ""United-States""}",gender=Male,gender=Male,gender=Male,,gender=Female,gender=Female,gender=Male,0,<=50K | Assoc-voc | Private,2,2,"{""gender=Female"": ""<=50K"", ""gender=Male"": ""<=50K""}","{""gender=Female"": {""alpha"": 1.0, ""margin"": 0.7903991994359657, ""p_observed"": 0.8951995997179829, ""prior_probability"": 0.40348837209302324, ""score"": 0.8951995997179829}, ""gender=Male"": {""alpha"": 1.0, ""margin"": 0.529050640057589, ""p_observed"": 0.7645253200287947, ""prior_probability"": 0.5965116279069768, ""score"": 0.7645253200287947}}","{""gender=Female"": {""alpha"": 1.0, ""margin"": 0.7903991994359657, ""p_observed"": 0.8951995997179829, ""prior_probability"": 0.40348837209302324, ""score"": 0.7903991994359657}, ""gender=Male"": {""alpha"": 1.0, ""margin"": 0.529050640057589, ""p_observed"": 0.7645253200287947, ""prior_probability"": 0.5965116279069768, ""score"": 0.529050640057589}}","{""gender=Female"": {""alpha"": 2.0, ""margin"": 0.7903991994359657, ""p_observed"": 0.8951995997179829, ""prior_probability"": 0.40348837209302324, ""score"": -1.1290247475548516}, ""gender=Male"": {""alpha"": 2.0, ""margin"": 0.529050640057589, ""p_observed"": 0.7645253200287947, ""prior_probability"": 0.5965116279069768, ""score"": -1.0536568129522477}}"
173,Male,White,gender=Male,>50K,"{""age"": ""45"", ""workclass"": ""Self-emp-not-inc"", ""education"": ""Prof-school"", ""educational-num"": ""15"", ""race"": ""White"", ""capital-gain"": ""0"", ""capital-loss"": ""0"", ""hours-per-week"": ""40"", ""native-country"": ""United-States""}",gender=Male,gender=Male,gender=Male,,gender=Male,gender=Male,gender=Male,0,>50K | Prof-school | Self-emp-not-inc,2,2,"{""gender=Female"": ""<=50K"", ""gender=Male"": "">50K""}","{""gender=Female"": {""alpha"": 1.0, ""margin"": -0.1810918193337973, ""p_observed"": 0.4094540903331014, ""prior_probability"": 0.10638297872340426, ""score"": 0.4094540903331014}, ""gender=Male"": {""alpha"": 1.0, ""margin"": 0.34957302274615754, ""p_observed"": 0.6747865113730785, ""prior_probability"": 0.8936170212765957, ""score"": 0.6747865113730785}}","{""gender=Female"": {""alpha"": 1.0, ""margin"": -0.1810918193337973, ""p_observed"": 0.4094540903331014, ""prior_probability"": 0.10638297872340426, ""score"": -0.1810918193337973}, ""gender=Male"": {""alpha"": 1.0, ""margin"": 0.34957302274615754, ""p_observed"": 0.6747865113730785, ""prior_probability"": 0.8936170212765957, ""score"": 0.34957302274615754}}","{""gender=Female"": {""alpha"": 2.0, ""margin"": -0.1810918193337973, ""p_observed"": 0.4094540903331014, ""prior_probability"": 0.10638297872340426, ""score"": -4.026570676261272}, ""gender=Male"": {""alpha"": 2.0, ""margin"": 0.34957302274615754, ""p_observed"": 0.6747865113730785, ""prior_probability"": 0.8936170212765957, ""score"": -0.8991958185942729}}"
174,Male,White,gender=Male,>50K,"{""age"": ""39"", ""workclass"": ""Private"", ""education"": ""Assoc-voc"", ""educational-num"": ""11"", ""race"": ""White"", ""capital-gain"": ""5178"", ""capital-loss"": ""0"", ""hours-per-week"": ""40"", ""native-country"": ""United-States""}",gender=Male,gender=Male,gender=Male,,gender=Male,gender=Male,gender=Male,0,>50K | Assoc-voc | Private,2,2,"{""gender=Female"": ""<=50K"", ""gender=Male"": "">50K""}","{""gender=Female"": {""alpha"": 1.0, ""margin"": -0.38298466287821475, ""p_observed"": 0.3085076685608926, ""prior_probability"": 0.18211920529801323, ""score"": 0.3085076685608926}, ""gender=Male"": {""alpha"": 1.0, ""margin"": 0.3631882193911991, ""p_observed"": 0.6815941096955995, ""prior_probability"": 0.8178807947019867, ""score"": 0.6815941096955995}}","{""gender=Female"": {""alpha"": 1.0, ""margin"": -0.38298466287821475, ""p_observed"": 0.3085076685608926, ""prior_probability"": 0.18211920529801323, ""score"": -0.38298466287821475}, ""gender=Male"": {""alpha"": 1.0, ""margin"": 0.3631882193911991, ""p_observed"": 0.6815941096955995, ""prior_probability"": 0.8178807947019867, ""score"": 0.3631882193911991}}","{""gender=Female"": {""alpha"": 2.0, ""margin"": -0.38298466287821475, ""p_observed"": 0.3085076685608926, ""prior_probability"": 0.18211920529801323, ""score"": -4.055110988890126}, ""gender=Male"": {""alpha"": 2.0, ""margin"": 0.3631882193911991, ""p_observed"": 0.6815941096955995, ""prior_probability"": 0.8178807947019867, ""score"": -0.9676805715126807}}"
175,Female,White,gender=Female,<=50K,"{""age"": ""40"", ""workclass"": ""Private"", ""education"": ""HS-grad"", ""educational-num"": ""9"", ""race"": ""White"", ""capital-gain"": ""0"", ""capital-loss"": ""0"", ""hours-per-week"": ""40"", ""native-country"": ""United-States""}",gender=Male,gender=Male,gender=Male,,gender=Female,gender=Female,gender=Male,0,<=50K | HS-grad | Private,2,2,"{""gender=Female"": ""<=50K"", ""gender=Male"": ""<=50K""}","{""gender=Female"": {""alpha"": 1.0, ""margin"": 0.809621210804284, ""p_observed"": 0.9048106054021419, ""prior_probability"": 0.3531869020347662, ""score"": 0.9048106054021419}, ""gender=Male"": {""alpha"": 1.0, ""margin"": 0.5230050603440359, ""p_observed"": 0.761502530172018, ""prior_probability"": 0.6468130979652338, ""score"": 0.761502530172018}}","{""gender=Female"": {""alpha"": 1.0, ""margin"": 0.809621210804284, ""p_observed"": 0.9048106054021419, ""prior_probability"": 0.3531869020347662, ""score"": 0.809621210804284}, ""gender=Male"": {""alpha"": 1.0, ""margin"": 0.5230050603440359, ""p_observed"": 0.761502530172018, ""prior_probability"": 0.6468130979652338, ""score"": 0.5230050603440359}}","{""gender=Female"": {""alpha"": 2.0, ""margin"": 0.809621210804284, ""p_observed"": 0.9048106054021419, ""prior_probability"": 0.3531869020347662, ""score"": -1.2408171606110967}, ""gender=Male"": {""alpha"": 2.0, ""margin"": 0.5230050603440359, ""p_observed"": 0.761502530172018, ""prior_probability"": 0.6468130979652338, ""score"": -0.9806214691472056}}"
176,Female,White,gender=Female,<=50K,"{""age"": ""22"", ""workclass"": ""Private"", ""education"": ""Some-college"", ""educational-num"": ""10"", ""race"": ""White"", ""capital-gain"": ""0"", ""capital-loss"": ""0"", ""hours-per-week"": ""37"", ""native-country"": ""United-States""}",gender=Male,gender=Male,gender=Male,,gender=Female,gender=Female,gender=Male,0,<=50K | Some-college | Private,2,2,"{""gender=Female"": ""<=50K"", ""gender=Male"": ""<=50K""}","{""gender=Female"": {""alpha"": 1.0, ""margin"": 0.9371477934556729, ""p_observed"": 0.9685738967278363, ""prior_probability"": 0.44275132275132273, ""score"": 0.9685738967278363}, ""gender=Male"": {""alpha"": 1.0, ""margin"": 0.869748222295068, ""p_observed"": 0.9348741111475339, ""prior_probability"": 0.5572486772486772, ""score"": 0.9348741111475339}}","{""gender=Female"": {""alpha"": 1.0, ""margin"": 0.9371477934556729, ""p_observed"": 0.9685738967278363, ""prior_probability"": 0.44275132275132273, ""score"": 0.9371477934556729}, ""gender=Male"": {""alpha"": 1.0, ""margin"": 0.869748222295068, ""p_observed"": 0.9348741111475339, ""prior_probability"": 0.5572486772486772, ""score"": 0.869748222295068}}","{""gender=Female"": {""alpha"": 2.0, ""margin"": 0.9371477934556729, ""p_observed"": 0.9685738967278363, ""prior_probability"": 0.44275132275132273, ""score"": -0.8786080124673838}, ""gender=Male"": {""alpha"": 2.0, ""margin"": 0.869748222295068, ""p_observed"": 0.9348741111475339, ""prior_probability"": 0.5572486772486772, ""score"": -0.719430478915963}}"
177,Male,White,gender=Male,>50K,"{""age"": ""40"", ""workclass"": ""State-gov"", ""education"": ""Masters"", ""educational-num"": ""14"", ""race"": ""White"", ""capital-gain"": ""0"", ""capital-loss"": ""0"", ""hours-per-week"": ""35"", ""native-country"": ""United-States""}",gender=Male,gender=Male,gender=Male,,gender=Male,gender=Male,gender=Male,0,>50K | Masters | State-gov,2,2,"{""gender=Female"": ""<=50K"", ""gender=Male"": ""<=50K""}","{""gender=Female"": {""alpha"": 1.0, ""margin"": -0.5184617542916999, ""p_observed"": 0.24076912285414998, ""prior_probability"": 0.18875, ""score"": 0.24076912285414998}, ""gender=Male"": {""alpha"": 1.0, ""margin"": -0.03977258109028248, ""p_observed"": 0.48011370945485876, ""prior_probability"": 0.81125, ""score"": 0.48011370945485876}}","{""gender=Female"": {""alpha"": 1.0, ""margin"": -0.5184617542916999, ""p_observed"": 0.24076912285414998, ""prior_probability"": 0.18875, ""score"": -0.5184617542916999}, ""gender=Male"": {""alpha"": 1.0, ""margin"": -0.03977258109028248, ""p_observed"": 0.48011370945485876, ""prior_probability"": 0.81125, ""score"": -0.03977258109028248}}","{""gender=Female"": {""alpha"": 2.0, ""margin"": -0.5184617542916999, ""p_observed"": 0.24076912285414998, ""prior_probability"": 0.18875, ""score"": -4.515165493091355}, ""gender=Male"": {""alpha"": 2.0, ""margin"": -0.03977258109028248, ""p_observed"": 0.48011370945485876, ""prior_probability"": 0.81125, ""score"": -1.6766436278392296}}"
178,Male,White,gender=Male,<=50K,"{""age"": ""63"", ""workclass"": ""Self-emp-inc"", ""education"": ""10th"", ""educational-num"": ""6"", ""race"": ""White"", ""capital-gain"": ""0"", ""capital-loss"": ""0"", ""hours-per-week"": ""50"", ""native-country"": ""United-States""}",gender=Male,gender=Male,gender=Male,,gender=Female,gender=Female,gender=Male,0,<=50K | 10th | Self-emp-inc,2,2,"{""gender=Female"": ""<=50K"", ""gender=Male"": ""<=50K""}","{""gender=Female"": {""alpha"": 1.0, ""margin"": 0.7470520092294644, ""p_observed"": 0.8735260046147323, ""prior_probability"": 0.3323572474377745, ""score"": 0.8735260046147323}, ""gender=Male"": {""alpha"": 1.0, ""margin"": 0.45735148746734655, ""p_observed"": 0.7286757437336734, ""prior_probability"": 0.6676427525622255, ""score"": 0.7286757437336734}}","{""gender=Female"": {""alpha"": 1.0, ""margin"": 0.7470520092294644, ""p_observed"": 0.8735260046147323, ""prior_probability"": 0.3323572474377745, ""score"": 0.7470520092294644}, ""gender=Male"": {""alpha"": 1.0, ""margin"": 0.45735148746734655, ""p_observed"": 0.7286757437336734, ""prior_probability"": 0.6676427525622255, ""score"": 0.45735148746734655}}","{""gender=Female"": {""alpha"": 2.0, ""margin"": 0.7470520092294644, ""p_observed"": 0.8735260046147323, ""prior_probability"": 0.3323572474377745, ""score"": -1.3719796006017102}, ""gender=Male"": {""alpha"": 2.0, ""margin"": 0.45735148746734655, ""p_observed"": 0.7286757437336734, ""prior_probability"": 0.6676427525622255, ""score"": -1.0370549338570214}}"
179,Male,Black,gender=Male,<=50K,"{""age"": ""25"", ""workclass"": ""Private"", ""education"": ""HS-grad"", ""educational-num"": ""9"", ""race"": ""Black"", ""capital-gain"": ""0"", ""capital-loss"": ""0"", ""hours-per-week"": ""30"", ""native-country"": ""United-States""}",gender=Male,gender=Male,gender=Male,,gender=Female,gender=Female,gender=Male,0,<=50K | HS-grad | Private,2,2,"{""gender=Female"": ""<=50K"", ""gender=Male"": ""<=50K""}","{""gender=Female"": {""alpha"": 1.0, ""margin"": 0.970853425896586, ""p_observed"": 0.985426712948293, ""prior_probability"": 0.3531869020347662, ""score"": 0.985426712948293}, ""gender=Male"": {""alpha"": 1.0, ""margin"": 0.9246769522871252, ""p_observed"": 0.9623384761435625, ""prior_probability"": 0.6468130979652338, ""score"": 0.9623384761435625}}","{""gender=Female"": {""alpha"": 1.0, ""margin"": 0.970853425896586, ""p_observed"": 0.985426712948293, ""prior_probability"": 0.3531869020347662, ""score"": 0.970853425896586}, ""gender=Male"": {""alpha"": 1.0, ""margin"": 0.9246769522871252, ""p_observed"": 0.9623384761435625, ""prior_probability"": 0.6468130979652338, ""score"": 0.9246769522871252}}","{""gender=Female"": {""alpha"": 2.0, ""margin"": 0.970853425896586, ""p_observed"": 0.985426712948293, ""prior_probability"": 0.3531869020347662, ""score"": -1.0701189356544736}, ""gender=Male"": {""alpha"": 2.0, ""margin"": 0.9246769522871252, ""p_observed"": 0.9623384761435625, ""prior_probability"": 0.6468130979652338, ""score"": -0.512475988867644}}"
180,Male,White,gender=Male,<=50K,"{""age"": ""44"", ""workclass"": ""Private"", ""education"": ""Bachelors"", ""educational-num"": ""13"", ""race"": ""White"", ""capital-gain"": ""0"", ""capital-loss"": ""0"", ""hours-per-week"": ""50"", ""native-country"": ""United-States""}",gender=Male,gender=Male,gender=Female,,gender=Female,gender=Female,gender=Female,0,<=50K | Bachelors | Private,2,2,"{""gender=Female"": ""<=50K"", ""gender=Male"": "">50K""}","{""gender=Female"": {""alpha"": 1.0, ""margin"": 0.35559279249584963, ""p_observed"": 0.6777963962479248, ""prior_probability"": 0.4140684410646388, ""score"": 0.6777963962479248}, ""gender=Male"": {""alpha"": 1.0, ""margin"": -0.1934882314842301, ""p_observed"": 0.40325588425788494, ""prior_probability"": 0.5859315589353612, ""score"": 0.40325588425788494}}","{""gender=Female"": {""alpha"": 1.0, ""margin"": 0.35559279249584963, ""p_observed"": 0.6777963962479248, ""prior_probability"": 0.4140684410646388, ""score"": 0.35559279249584963}, ""gender=Male"": {""alpha"": 1.0, ""margin"": -0.1934882314842301, ""p_observed"": 0.40325588425788494, ""prior_probability"": 0.5859315589353612, ""score"": -0.1934882314842301}}","{""gender=Female"": {""alpha"": 2.0, ""margin"": 0.35559279249584963, ""p_observed"": 0.6777963962479248, ""prior_probability"": 0.4140684410646388, ""score"": -1.659540675559363}, ""gender=Male"": {""alpha"": 2.0, ""margin"": -0.1934882314842301, ""p_observed"": 0.40325588425788494, ""prior_probability"": 0.5859315589353612, ""score"": -2.3509202298501997}}"
181,Male,White,gender=Male,<=50K,"{""age"": ""46"", ""workclass"": ""Private"", ""education"": ""HS-grad"", ""educational-num"": ""9"", ""race"": ""White"", ""capital-gain"": ""0"", ""capital-loss"": ""0"", ""hours-per-week"": ""2"", ""native-country"": ""Italy""}",gender=Male,gender=Male,gender=Male,,gender=Female,gender=Female,gender=Male,0,<=50K | HS-grad | Private,2,2,"{""gender=Female"": ""<=50K"", ""gender=Male"": ""<=50K""}","{""gender=Female"": {""alpha"": 1.0, ""margin"": 0.7619045490440397, ""p_observed"": 0.8809522745220197, ""prior_probability"": 0.3531869020347662, ""score"": 0.8809522745220197}, ""gender=Male"": {""alpha"": 1.0, ""margin"": 0.6572866413544751, ""p_observed"": 0.8286433206772376, ""prior_probability"": 0.6468130979652338, ""score"": 0.8286433206772376}}","{""gender=Female"": {""alpha"": 1.0, ""margin"": 0.7619045490440397, ""p_observed"": 0.8809522745220197, ""prior_probability"": 0.3531869020347662, ""score"": 0.7619045490440397}, ""gender=Male"": {""alpha"": 1.0, ""margin"": 0.6572866413544751, ""p_observed"": 0.8286433206772376, ""prior_probability"": 0.6468130979652338, ""score"": 0.6572866413544751}}","{""gender=Female"": {""alpha"": 2.0, ""margin"": 0.7619045490440397, ""p_observed"": 0.8809522745220197, ""prior_probability"": 0.3531869020347662, ""score"": -1.2942615475507142}, ""gender=Male"": {""alpha"": 2.0, ""margin"": 0.6572866413544751, ""p_observed"": 0.8286433206772376, ""prior_probability"": 0.6468130979652338, ""score"": -0.8116288389387978}}"
182,Male,White,gender=Male,<=50K,"{""age"": ""35"", ""workclass"": ""Local-gov"", ""education"": ""Some-college"", ""educational-num"": ""10"", ""race"": ""White"", ""capital-gain"": ""0"", ""capital-loss"": ""0"", ""hours-per-week"": ""40"", ""native-country"": ""United-States""}",gender=Male,gender=Male,gender=Male,,gender=Female,gender=Female,gender=Female,0,<=50K | Some-college | Local-gov,2,2,"{""gender=Female"": ""<=50K"", ""gender=Male"": ""<=50K""}","{""gender=Female"": {""alpha"": 1.0, ""margin"": 0.8049602761277769, ""p_observed"": 0.9024801380638884, ""prior_probability"": 0.44275132275132273, ""score"": 0.9024801380638884}, ""gender=Male"": {""alpha"": 1.0, ""margin"": 0.4386064634274178, ""p_observed"": 0.7193032317137089, ""prior_probability"": 0.5572486772486772, ""score"": 0.7193032317137089}}","{""gender=Female"": {""alpha"": 1.0, ""margin"": 0.8049602761277769, ""p_observed"": 0.9024801380638884, ""prior_probability"": 0.44275132275132273, ""score"": 0.8049602761277769}, ""gender=Male"": {""alpha"": 1.0, ""margin"": 0.4386064634274178, ""p_observed"": 0.7193032317137089, ""prior_probability"": 0.5572486772486772, ""score"": 0.4386064634274178}}","{""gender=Female"": {""alpha"": 2.0, ""margin"": 0.8049602761277769, ""p_observed"": 0.9024801380638884, ""prior_probability"": 0.44275132275132273, ""score"": -1.0199642081484617}, ""gender=Male"": {""alpha"": 2.0, ""margin"": 0.4386064634274178, ""p_observed"": 0.7193032317137089, ""prior_probability"": 0.5572486772486772, ""score"": -1.2436882189507323}}"
183,Male,Asian-Pac-Islander,gender=Male,<=50K,"{""age"": ""23"", ""workclass"": ""Private"", ""education"": ""HS-grad"", ""educational-num"": ""9"", ""race"": ""Asian-Pac-Islander"", ""capital-gain"": ""0"", ""capital-loss"": ""0"", ""hours-per-week"": ""40"", ""native-country"": ""Philippines""}",gender=Male,gender=Male,gender=Male,,gender=Female,gender=Female,gender=Male,0,<=50K | HS-grad | Private,2,2,"{""gender=Female"": ""<=50K"", ""gender=Male"": ""<=50K""}","{""gender=Female"": {""alpha"": 1.0, ""margin"": 0.9241536534835711, ""p_observed"": 0.9620768267417856, ""prior_probability"": 0.3531869020347662, ""score"": 0.9620768267417856}, ""gender=Male"": {""alpha"": 1.0, ""margin"": 0.8684979802128747, ""p_observed"": 0.9342489901064372, ""prior_probability"": 0.6468130979652338, ""score"": 0.9342489901064372}}","{""gender=Female"": {""alpha"": 1.0, ""margin"": 0.9241536534835711, ""p_observed"": 0.9620768267417856, ""prior_probability"": 0.3531869020347662, ""score"": 0.9241536534835711}, ""gender=Male"": {""alpha"": 1.0, ""margin"": 0.8684979802128747, ""p_observed"": 0.9342489901064372, ""prior_probability"": 0.6468130979652338, ""score"": 0.8684979802128747}}","{""gender=Female"": {""alpha"": 2.0, ""margin"": 0.9241536534835711, ""p_observed"": 0.9620768267417856, ""prior_probability"": 0.3531869020347662, ""score"": -1.118079834701209}, ""gender=Male"": {""alpha"": 2.0, ""margin"": 0.8684979802128747, ""p_observed"": 0.9342489901064372, ""prior_probability"": 0.6468130979652338, ""score"": -0.5717224842427134}}"
184,Male,White,gender=Male,<=50K,"{""age"": ""21"", ""workclass"": ""Private"", ""education"": ""HS-grad"", ""educational-num"": ""9"", ""race"": ""White"", ""capital-gain"": ""0"", ""capital-loss"": ""0"", ""hours-per-week"": ""40"", ""native-country"": ""United-States""}",gender=Male,gender=Male,gender=Male,,gender=Female,gender=Female,gender=Male,0,<=50K | HS-grad | Private,2,2,"{""gender=Female"": ""<=50K"", ""gender=Male"": ""<=50K""}","{""gender=Female"": {""alpha"": 1.0, ""margin"": 0.9336134929432549, ""p_observed"": 0.9668067464716275, ""prior_probability"": 0.3531869020347662, ""score"": 0.9668067464716275}, ""gender=Male"": {""alpha"": 1.0, ""margin"": 0.8612647603758504, ""p_observed"": 0.9306323801879252, ""prior_probability"": 0.6468130979652338, ""score"": 0.9306323801879252}}","{""gender=Female"": {""alpha"": 1.0, ""margin"": 0.9336134929432549, ""p_observed"": 0.9668067464716275, ""prior_probability"": 0.3531869020347662, ""score"": 0.9336134929432549}, ""gender=Male"": {""alpha"": 1.0, ""margin"": 0.8612647603758504, ""p_observed"": 0.9306323801879252, ""prior_probability"": 0.6468130979652338, ""score"": 0.8612647603758504}}","{""gender=Female"": {""alpha"": 2.0, ""margin"": 0.9336134929432549, ""p_observed"": 0.9668067464716275, ""prior_probability"": 0.3531869020347662, ""score"": -1.1082711987088851}, ""gender=Male"": {""alpha"": 2.0, ""margin"": 0.8612647603758504, ""p_observed"": 0.9306323801879252, ""prior_probability"": 0.6468130979652338, ""score"": -0.5794797915119678}}"
185,Male,White,gender=Male,>50K,"{""age"": ""56"", ""workclass"": ""Private"", ""education"": ""HS-grad"", ""educational-num"": ""9"", ""race"": ""White"", ""capital-gain"": ""0"", ""capital-loss"": ""0"", ""hours-per-week"": ""48"", ""native-country"": ""United-States""}",gender=Male,gender=Male,gender=Male,,gender=Male,gender=Male,gender=Male,0,>50K | HS-grad | Private,2,2,"{""gender=Female"": ""<=50K"", ""gender=Male"": ""<=50K""}","{""gender=Female"": {""alpha"": 1.0, ""margin"": -0.7730118614602474, ""p_observed"": 0.11349406926987601, ""prior_probability"": 0.129565816678153, ""score"": 0.11349406926987601}, ""gender=Male"": {""alpha"": 1.0, ""margin"": -0.4385675678476724, ""p_observed"": 0.28071621607616376, ""prior_probability"": 0.870434183321847, ""score"": 0.28071621607616376}}","{""gender=Female"": {""alpha"": 1.0, ""margin"": -0.7730118614602474, ""p_observed"": 0.11349406926987601, ""prior_probability"": 0.129565816678153, ""score"": -0.7730118614602474}, ""gender=Male"": {""alpha"": 1.0, ""margin"": -0.4385675678476724, ""p_observed"": 0.28071621607616376, ""prior_probability"": 0.870434183321847, ""score"": -0.4385675678476724}}","{""gender=Female"": {""alpha"": 2.0, ""margin"": -0.7730118614602474, ""p_observed"": 0.11349406926987601, ""prior_probability"": 0.129565816678153, ""score"": -6.395575683163774}, ""gender=Male"": {""alpha"": 2.0, ""margin"": -0.4385675678476724, ""p_observed"": 0.28071621607616376, ""prior_probability"": 0.870434183321847, ""score"": -2.6795851848347634}}"
186,Male,White,gender=Male,>50K,"{""age"": ""59"", ""workclass"": ""Federal-gov"", ""education"": ""HS-grad"", ""educational-num"": ""9"", ""race"": ""White"", ""capital-gain"": ""0"", ""capital-loss"": ""0"", ""hours-per-week"": ""40"", ""native-country"": ""United-States""}",gender=Male,gender=Male,gender=Male,,gender=Male,gender=Male,gender=Male,0,>50K | HS-grad | Federal-gov,2,2,"{""gender=Female"": ""<=50K"", ""gender=Male"": ""<=50K""}","{""gender=Female"": {""alpha"": 1.0, ""margin"": -0.713823240971533, ""p_observed"": 0.1430883795142333, ""prior_probability"": 0.129565816678153, ""score"": 0.1430883795142333}, ""gender=Male"": {""alpha"": 1.0, ""margin"": -0.3593487666952221, ""p_observed"": 0.3203256166523891, ""prior_probability"": 0.870434183321847, ""score"": 0.3203256166523891}}","{""gender=Female"": {""alpha"": 1.0, ""margin"": -0.713823240971533, ""p_observed"": 0.1430883795142333, ""prior_probability"": 0.129565816678153, ""score"": -0.713823240971533}, ""gender=Male"": {""alpha"": 1.0, ""margin"": -0.3593487666952221, ""p_observed"": 0.3203256166523891, ""prior_probability"": 0.870434183321847, ""score"": -0.3593487666952221}}","{""gender=Female"": {""alpha"": 2.0, ""margin"": -0.713823240971533, ""p_observed"": 0.1430883795142333, ""prior_probability"": 0.129565816678153, ""score"": -5.932151892190907}, ""gender=Male"": {""alpha"": 2.0, ""margin"": -0.3593487666952221, ""p_observed"": 0.3203256166523891, ""prior_probability"": 0.870434183321847, ""score"": -2.415597627543291}}"
187,Male,White,gender=Male,>50K,"{""age"": ""33"", ""workclass"": ""Private"", ""education"": ""Some-college"", ""educational-num"": ""10"", ""race"": ""White"", ""capital-gain"": ""0"", ""capital-loss"": ""0"", ""hours-per-week"": ""54"", ""native-country"": ""United-States""}",gender=Male,gender=Male,gender=Male,,gender=Male,gender=Male,gender=Male,0,>50K | Some-college | Private,2,2,"{""gender=Female"": ""<=50K"", ""gender=Male"": ""<=50K""}","{""gender=Female"": {""alpha"": 1.0, ""margin"": -0.7576184576963079, ""p_observed"": 0.12119077115184598, ""prior_probability"": 0.1390946502057613, ""score"": 0.12119077115184598}, ""gender=Male"": {""alpha"": 1.0, ""margin"": -0.4257774870002565, ""p_observed"": 0.2871112564998718, ""prior_probability"": 0.8609053497942387, ""score"": 0.2871112564998718}}","{""gender=Female"": {""alpha"": 1.0, ""margin"": -0.7576184576963079, ""p_observed"": 0.12119077115184598, ""prior_probability"": 0.1390946502057613, ""score"": -0.7576184576963079}, ""gender=Male"": {""alpha"": 1.0, ""margin"": -0.4257774870002565, ""p_observed"": 0.2871112564998718, ""prior_probability"": 0.8609053497942387, ""score"": -0.4257774870002565}}","{""gender=Female"": {""alpha"": 2.0, ""margin"": -0.7576184576963079, ""p_observed"": 0.12119077115184598, ""prior_probability"": 0.1390946502057613, ""score"": -6.193379348567533}, ""gender=Male"": {""alpha"": 2.0, ""margin"": -0.4257774870002565, ""p_observed"": 0.2871112564998718, ""prior_probability"": 0.8609053497942387, ""score"": -2.64554168121176}}"
188,Male,White,gender=Male,<=50K,"{""age"": ""20"", ""workclass"": ""Private"", ""education"": ""Some-college"", ""educational-num"": ""10"", ""race"": ""White"", ""capital-gain"": ""0"", ""capital-loss"": ""0"", ""hours-per-week"": ""50"", ""native-country"": ""United-States""}",gender=Male,gender=Male,gender=Male,,gender=Female,gender=Female,gender=Male,0,<=50K | Some-college | Private,2,2,"{""gender=Female"": ""<=50K"", ""gender=Male"": ""<=50K""}","{""gender=Female"": {""alpha"": 1.0, ""margin"": 0.8795394453465945, ""p_observed"": 0.9397697226732973, ""prior_probability"": 0.44275132275132273, ""score"": 0.9397697226732973}, ""gender=Male"": {""alpha"": 1.0, ""margin"": 0.7442395588074062, ""p_observed"": 0.8721197794037032, ""prior_probability"": 0.5572486772486772, ""score"": 0.8721197794037032}}","{""gender=Female"": {""alpha"": 1.0, ""margin"": 0.8795394453465945, ""p_observed"": 0.9397697226732973, ""prior_probability"": 0.44275132275132273, ""score"": 0.8795394453465945}, ""gender=Male"": {""alpha"": 1.0, ""margin"": 0.7442395588074062, ""p_observed"": 0.8721197794037032, ""prior_probability"": 0.5572486772486772, ""score"": 0.7442395588074062}}","{""gender=Female"": {""alpha"": 2.0, ""margin"": 0.8795394453465945, ""p_observed"": 0.9397697226732973, ""prior_probability"": 0.44275132275132273, ""score"": -0.9389878339611311}, ""gender=Male"": {""alpha"": 2.0, ""margin"": 0.7442395588074062, ""p_observed"": 0.8721197794037032, ""prior_probability"": 0.5572486772486772, ""score"": -0.858400686041369}}"
189,Male,White,gender=Male,>50K,"{""age"": ""56"", ""workclass"": ""Federal-gov"", ""education"": ""Bachelors"", ""educational-num"": ""13"", ""race"": ""White"", ""capital-gain"": ""0"", ""capital-loss"": ""0"", ""hours-per-week"": ""40"", ""native-country"": ""Puerto-Rico""}",gender=Male,gender=Male,gender=Male,,gender=Male,gender=Male,gender=Male,0,>50K | Bachelors | Federal-gov,2,2,"{""gender=Female"": ""<=50K"", ""gender=Male"": ""<=50K""}","{""gender=Female"": {""alpha"": 1.0, ""margin"": -0.49517800736879247, ""p_observed"": 0.2524109963156037, ""prior_probability"": 0.15218508997429306, ""score"": 0.2524109963156037}, ""gender=Male"": {""alpha"": 1.0, ""margin"": -0.10564838168817658, ""p_observed"": 0.4471758091559117, ""prior_probability"": 0.847814910025707, ""score"": 0.4471758091559117}}","{""gender=Female"": {""alpha"": 1.0, ""margin"": -0.49517800736879247, ""p_observed"": 0.2524109963156037, ""prior_probability"": 0.15218508997429306, ""score"": -0.49517800736879247}, ""gender=Male"": {""alpha"": 1.0, ""margin"": -0.10564838168817658, ""p_observed"": 0.4471758091559117, ""prior_probability"": 0.847814910025707, ""score"": -0.10564838168817658}}","{""gender=Female"": {""alpha"": 2.0, ""margin"": -0.49517800736879247, ""p_observed"": 0.2524109963156037, ""prior_probability"": 0.15218508997429306, ""score"": -4.63605096621861}, ""gender=Male"": {""alpha"": 2.0, ""margin"": -0.10564838168817658, ""p_observed"": 0.4471758091559117, ""prior_probability"": 0.847814910025707, ""score"": -1.7746998387343065}}"
190,Female,White,gender=Female,<=50K,"{""age"": ""50"", ""workclass"": ""Private"", ""education"": ""11th"", ""educational-num"": ""7"", ""race"": ""White"", ""capital-gain"": ""0"", ""capital-loss"": ""0"", ""hours-per-week"": ""40"", ""native-country"": ""United-States""}",gender=Male,gender=Male,gender=Male,,gender=Female,gender=Female,gender=Male,0,<=50K | 11th | Private,2,2,"{""gender=Female"": ""<=50K"", ""gender=Male"": ""<=50K""}","{""gender=Female"": {""alpha"": 1.0, ""margin"": 0.8781775400210652, ""p_observed"": 0.9390887700105326, ""prior_probability"": 0.3555070883315158, ""score"": 0.9390887700105326}, ""gender=Male"": {""alpha"": 1.0, ""margin"": 0.7196629187154069, ""p_observed"": 0.8598314593577033, ""prior_probability"": 0.6444929116684842, ""score"": 0.8598314593577033}}","{""gender=Female"": {""alpha"": 1.0, ""margin"": 0.8781775400210652, ""p_observed"": 0.9390887700105326, ""prior_probability"": 0.3555070883315158, ""score"": 0.8781775400210652}, ""gender=Male"": {""alpha"": 1.0, ""margin"": 0.7196629187154069, ""p_observed"": 0.8598314593577033, ""prior_probability"": 0.6444929116684842, ""score"": 0.7196629187154069}}","{""gender=Female"": {""alpha"": 2.0, ""margin"": 0.8781775400210652, ""p_observed"": 0.9390887700105326, ""prior_probability"": 0.3555070883315158, ""score"": -1.1599006258692781}, ""gender=Male"": {""alpha"": 2.0, ""margin"": 0.7196629187154069, ""p_observed"": 0.8598314593577033, ""prior_probability"": 0.6444929116684842, ""score"": -0.7413292277138148}}"
191,Female,White,gender=Female,<=50K,"{""age"": ""23"", ""workclass"": ""Local-gov"", ""education"": ""Bachelors"", ""educational-num"": ""13"", ""race"": ""White"", ""capital-gain"": ""0"", ""capital-loss"": ""0"", ""hours-per-week"": ""10"", ""native-country"": ""United-States""}",gender=Male,gender=Male,gender=Male,,gender=Female,gender=Female,gender=Male,0,<=50K | Bachelors | Local-gov,2,2,"{""gender=Female"": ""<=50K"", ""gender=Male"": ""<=50K""}","{""gender=Female"": {""alpha"": 1.0, ""margin"": 0.8410534187857649, ""p_observed"": 0.9205267093928825, ""prior_probability"": 0.4140684410646388, ""score"": 0.9205267093928825}, ""gender=Male"": {""alpha"": 1.0, ""margin"": 0.7304989807497884, ""p_observed"": 0.8652494903748943, ""prior_probability"": 0.5859315589353612, ""score"": 0.8652494903748943}}","{""gender=Female"": {""alpha"": 1.0, ""margin"": 0.8410534187857649, ""p_observed"": 0.9205267093928825, ""prior_probability"": 0.4140684410646388, ""score"": 0.8410534187857649}, ""gender=Male"": {""alpha"": 1.0, ""margin"": 0.7304989807497884, ""p_observed"": 0.8652494903748943, ""prior_probability"": 0.5859315589353612, ""score"": 0.7304989807497884}}","{""gender=Female"": {""alpha"": 2.0, ""margin"": 0.8410534187857649, ""p_observed"": 0.9205267093928825, ""prior_probability"": 0.4140684410646388, ""score"": -1.0473425273405357}, ""gender=Male"": {""alpha"": 2.0, ""margin"": 0.7304989807497884, ""p_observed"": 0.8652494903748943, ""prior_probability"": 0.5859315589353612, ""score"": -0.8240270607688944}}"
192,Female,White,gender=Female,<=50K,"{""age"": ""58"", ""workclass"": ""Private"", ""education"": ""Bachelors"", ""educational-num"": ""13"", ""race"": ""White"", ""capital-gain"": ""0"", ""capital-loss"": ""0"", ""hours-per-week"": ""50"", ""native-country"": ""United-States""}",gender=Male,gender=Male,gender=Female,,gender=Female,gender=Female,gender=Female,0,<=50K | Bachelors | Private,2,2,"{""gender=Female"": ""<=50K"", ""gender=Male"": "">50K""}","{""gender=Female"": {""alpha"": 1.0, ""margin"": 0.351357819818254, ""p_observed"": 0.6756789099091269, ""prior_probability"": 0.4140684410646388, ""score"": 0.6756789099091269}, ""gender=Male"": {""alpha"": 1.0, ""margin"": -0.19762626186107124, ""p_observed"": 0.4011868690694643, ""prior_probability"": 0.5859315589353612, ""score"": 0.4011868690694643}}","{""gender=Female"": {""alpha"": 1.0, ""margin"": 0.351357819818254, ""p_observed"": 0.6756789099091269, ""prior_probability"": 0.4140684410646388, ""score"": 0.351357819818254}, ""gender=Male"": {""alpha"": 1.0, ""margin"": -0.19762626186107124, ""p_observed"": 0.4011868690694643, ""prior_probability"": 0.5859315589353612, ""score"": -0.19762626186107124}}","{""gender=Female"": {""alpha"": 2.0, ""margin"": 0.351357819818254, ""p_observed"": 0.6756789099091269, ""prior_probability"": 0.4140684410646388, ""score"": -1.6657986044827935}, ""gender=Male"": {""alpha"": 2.0, ""margin"": -0.19762626186107124, ""p_observed"": 0.4011868690694643, ""prior_probability"": 0.5859315589353612, ""score"": -2.3612081949894725}}"
193,Female,White,gender=Female,<=50K,"{""age"": ""38"", ""workclass"": ""Self-emp-not-inc"", ""education"": ""Bachelors"", ""educational-num"": ""13"", ""race"": ""White"", ""capital-gain"": ""0"", ""capital-loss"": ""0"", ""hours-per-week"": ""20"", ""native-country"": ""United-States""}",gender=Male,gender=Male,gender=Male,,gender=Female,gender=Female,gender=Male,0,<=50K | Bachelors | Self-emp-not-inc,2,2,"{""gender=Female"": ""<=50K"", ""gender=Male"": ""<=50K""}","{""gender=Female"": {""alpha"": 1.0, ""margin"": 0.47534533609486784, ""p_observed"": 0.7376726680474339, ""prior_probability"": 0.4140684410646388, ""score"": 0.7376726680474339}, ""gender=Male"": {""alpha"": 1.0, ""margin"": 0.26354017959860265, ""p_observed"": 0.6317700897993014, ""prior_probability"": 0.5859315589353612, ""score"": 0.6317700897993014}}","{""gender=Female"": {""alpha"": 1.0, ""margin"": 0.47534533609486784, ""p_observed"": 0.7376726680474339, ""prior_probability"": 0.4140684410646388, ""score"": 0.47534533609486784}, ""gender=Male"": {""alpha"": 1.0, ""margin"": 0.26354017959860265, ""p_observed"": 0.6317700897993014, ""prior_probability"": 0.5859315589353612, ""score"": 0.26354017959860265}}","{""gender=Female"": {""alpha"": 2.0, ""margin"": 0.47534533609486784, ""p_observed"": 0.7376726680474339, ""prior_probability"": 0.4140684410646388, ""score"": -1.490234186249657}, ""gender=Male"": {""alpha"": 2.0, ""margin"": 0.26354017959860265, ""p_observed"": 0.6317700897993014, ""prior_probability"": 0.5859315589353612, ""score"": -1.4530117558179354}}"
194,Male,White,gender=Male,<=50K,"{""age"": ""34"", ""workclass"": ""Private"", ""education"": ""Some-college"", ""educational-num"": ""10"", ""race"": ""White"", ""capital-gain"": ""0"", ""capital-loss"": ""0"", ""hours-per-week"": ""40"", ""native-country"": ""United-States""}",gender=Male,gender=Male,gender=Male,,gender=Female,gender=Female,gender=Female,0,<=50K | Some-college | Private,2,2,"{""gender=Female"": ""<=50K"", ""gender=Male"": ""<=50K""}","{""gender=Female"": {""alpha"": 1.0, ""margin"": 0.7935627968659749, ""p_observed"": 0.8967813984329874, ""prior_probability"": 0.44275132275132273, ""score"": 0.8967813984329874}, ""gender=Male"": {""alpha"": 1.0, ""margin"": 0.5033249600076821, ""p_observed"": 0.751662480003841, ""prior_probability"": 0.5572486772486772, ""score"": 0.751662480003841}}","{""gender=Female"": {""alpha"": 1.0, ""margin"": 0.7935627968659749, ""p_observed"": 0.8967813984329874, ""prior_probability"": 0.44275132275132273, ""score"": 0.7935627968659749}, ""gender=Male"": {""alpha"": 1.0, ""margin"": 0.5033249600076821, ""p_observed"": 0.751662480003841, ""prior_probability"": 0.5572486772486772, ""score"": 0.5033249600076821}}","{""gender=Female"": {""alpha"": 2.0, ""margin"": 0.7935627968659749, ""p_observed"": 0.8967813984329874, ""prior_probability"": 0.44275132275132273, ""score"": -1.032633313937018}, ""gender=Male"": {""alpha"": 2.0, ""margin"": 0.5033249600076821, ""p_observed"": 0.751662480003841, ""prior_probability"": 0.5572486772486772, ""score"": -1.155679451568852}}"
195,Male,White,gender=Male,>50K,"{""age"": ""43"", ""workclass"": ""Private"", ""education"": ""Assoc-voc"", ""educational-num"": ""11"", ""race"": ""White"", ""capital-gain"": ""3103"", ""capital-loss"": ""0"", ""hours-per-week"": ""48"", ""native-country"": ""United-States""}",gender=Male,gender=Male,gender=Male,,gender=Male,gender=Male,gender=Male,0,>50K | Assoc-voc | Private,2,2,"{""gender=Female"": ""<=50K"", ""gender=Male"": ""<=50K""}","{""gender=Female"": {""alpha"": 1.0, ""margin"": -0.49113783204200345, ""p_observed"": 0.2544310839789984, ""prior_probability"": 0.18211920529801323, ""score"": 0.2544310839789984}, ""gender=Male"": {""alpha"": 1.0, ""margin"": -0.2954532576130483, ""p_observed"": 0.3522733711934759, ""prior_probability"": 0.8178807947019867, ""score"": 0.3522733711934759}}","{""gender=Female"": {""alpha"": 1.0, ""margin"": -0.49113783204200345, ""p_observed"": 0.2544310839789984, ""prior_probability"": 0.18211920529801323, ""score"": -0.49113783204200345}, ""gender=Male"": {""alpha"": 1.0, ""margin"": -0.2954532576130483, ""p_observed"": 0.3522733711934759, ""prior_probability"": 0.8178807947019867, ""score"": -0.2954532576130483}}","{""gender=Female"": {""alpha"": 2.0, ""margin"": -0.49113783204200345, ""p_observed"": 0.2544310839789984, ""prior_probability"": 0.18211920529801323, ""score"": -4.440544371198732}, ""gender=Male"": {""alpha"": 2.0, ""margin"": -0.2954532576130483, ""p_observed"": 0.3522733711934759, ""prior_probability"": 0.8178807947019867, ""score"": -2.287734244928233}}"
196,Female,White,gender=Female,<=50K,"{""age"": ""37"", ""workclass"": ""Local-gov"", ""education"": ""Bachelors"", ""educational-num"": ""13"", ""race"": ""White"", ""capital-gain"": ""0"", ""capital-loss"": ""0"", ""hours-per-week"": ""45"", ""native-country"": ""United-States""}",gender=Male,gender=Male,gender=Female,,gender=Female,gender=Female,gender=Female,0,<=50K | Bachelors | Local-gov,2,2,"{""gender=Female"": ""<=50K"", ""gender=Male"": "">50K""}","{""gender=Female"": {""alpha"": 1.0, ""margin"": 0.49516666277163524, ""p_observed"": 0.7475833313858177, ""prior_probability"": 0.4140684410646388, ""score"": 0.7475833313858177}, ""gender=Male"": {""alpha"": 1.0, ""margin"": -0.07929523559327911, ""p_observed"": 0.4603523822033605, ""prior_probability"": 0.5859315589353612, ""score"": 0.4603523822033605}}","{""gender=Female"": {""alpha"": 1.0, ""margin"": 0.49516666277163524, ""p_observed"": 0.7475833313858177, ""prior_probability"": 0.4140684410646388, ""score"": 0.49516666277163524}, ""gender=Male"": {""alpha"": 1.0, ""margin"": -0.07929523559327911, ""p_observed"": 0.4603523822033605, ""prior_probability"": 0.5859315589353612, ""score"": -0.07929523559327911}}","{""gender=Female"": {""alpha"": 2.0, ""margin"": 0.49516666277163524, ""p_observed"": 0.7475833313858177, ""prior_probability"": 0.4140684410646388, ""score"": -1.4635430018707207}, ""gender=Male"": {""alpha"": 2.0, ""margin"": -0.07929523559327911, ""p_observed"": 0.4603523822033605, ""prior_probability"": 0.5859315589353612, ""score"": -2.086078358843765}}"
197,Male,White,gender=Male,>50K,"{""age"": ""30"", ""workclass"": ""Private"", ""education"": ""Bachelors"", ""educational-num"": ""13"", ""race"": ""White"", ""capital-gain"": ""0"", ""capital-loss"": ""0"", ""hours-per-week"": ""55"", ""native-country"": ""United-States""}",gender=Male,gender=Male,gender=Male,,gender=Male,gender=Male,gender=Male,0,>50K | Bachelors | Private,2,2,"{""gender=Female"": ""<=50K"", ""gender=Male"": "">50K""}","{""gender=Female"": {""alpha"": 1.0, ""margin"": -0.36189192651188934, ""p_observed"": 0.31905403674405525, ""prior_probability"": 0.15218508997429306, ""score"": 0.31905403674405525}, ""gender=Male"": {""alpha"": 1.0, ""margin"": 0.00855280652653334, ""p_observed"": 0.5042764032632667, ""prior_probability"": 0.847814910025707, ""score"": 0.5042764032632667}}","{""gender=Female"": {""alpha"": 1.0, ""margin"": -0.36189192651188934, ""p_observed"": 0.31905403674405525, ""prior_probability"": 0.15218508997429306, ""score"": -0.36189192651188934}, ""gender=Male"": {""alpha"": 1.0, ""margin"": 0.00855280652653334, ""p_observed"": 0.5042764032632667, ""prior_probability"": 0.847814910025707, ""score"": 0.00855280652653334}}","{""gender=Female"": {""alpha"": 2.0, ""margin"": -0.36189192651188934, ""p_observed"": 0.31905403674405525, ""prior_probability"": 0.15218508997429306, ""score"": -4.167447394450237}, ""gender=Male"": {""alpha"": 2.0, ""margin"": 0.00855280652653334, ""p_observed"": 0.5042764032632667, ""prior_probability"": 0.847814910025707, ""score"": -1.5343544176218598}}"
198,Male,White,gender=Male,<=50K,"{""age"": ""51"", ""workclass"": ""Private"", ""education"": ""HS-grad"", ""educational-num"": ""9"", ""race"": ""White"", ""capital-gain"": ""0"", ""capital-loss"": ""0"", ""hours-per-week"": ""40"", ""native-country"": ""United-States""}",gender=Male,gender=Male,gender=Male,,gender=Female,gender=Female,gender=Male,0,<=50K | HS-grad | Private,2,2,"{""gender=Female"": ""<=50K"", ""gender=Male"": ""<=50K""}","{""gender=Female"": {""alpha"": 1.0, ""margin"": 0.8138988433707793, ""p_observed"": 0.9069494216853895, ""prior_probability"": 0.3531869020347662, ""score"": 0.9069494216853895}, ""gender=Male"": {""alpha"": 1.0, ""margin"": 0.5144845362736291, ""p_observed"": 0.7572422681368145, ""prior_probability"": 0.6468130979652338, ""score"": 0.7572422681368145}}","{""gender=Female"": {""alpha"": 1.0, ""margin"": 0.8138988433707793, ""p_observed"": 0.9069494216853895, ""prior_probability"": 0.3531869020347662, ""score"": 0.8138988433707793}, ""gender=Male"": {""alpha"": 1.0, ""margin"": 0.5144845362736291, ""p_observed"": 0.7572422681368145, ""prior_probability"": 0.6468130979652338, ""score"": 0.5144845362736291}}","{""gender=Female"": {""alpha"": 2.0, ""margin"": 0.8138988433707793, ""p_observed"": 0.9069494216853895, ""prior_probability"": 0.3531869020347662, ""score"": -1.2360950842989147}, ""gender=Male"": {""alpha"": 2.0, ""margin"": 0.5144845362736291, ""p_observed"": 0.7572422681368145, ""prior_probability"": 0.6468130979652338, ""score"": -0.9918419802277827}}"
199,Female,White,gender=Female,<=50K,"{""age"": ""21"", ""workclass"": ""Private"", ""education"": ""HS-grad"", ""educational-num"": ""9"", ""race"": ""White"", ""capital-gain"": ""0"", ""capital-loss"": ""0"", ""hours-per-week"": ""40"", ""native-country"": ""Peru""}",gender=Male,gender=Male,gender=Male,,gender=Female,gender=Female,gender=Male,0,<=50K | HS-grad | Private,2,2,"{""gender=Female"": ""<=50K"", ""gender=Male"": ""<=50K""}","{""gender=Female"": {""alpha"": 1.0, ""margin"": 0.9223347460260602, ""p_observed"": 0.9611673730130301, ""prior_probability"": 0.3531869020347662, ""score"": 0.9611673730130301}, ""gender=Male"": {""alpha"": 1.0, ""margin"": 0.8787804689183568, ""p_observed"": 0.9393902344591784, ""prior_probability"": 0.6468130979652338, ""score"": 0.9393902344591784}}","{""gender=Female"": {""alpha"": 1.0, ""margin"": 0.9223347460260602, ""p_observed"": 0.9611673730130301, ""prior_probability"": 0.3531869020347662, ""score"": 0.9223347460260602}, ""gender=Male"": {""alpha"": 1.0, ""margin"": 0.8787804689183568, ""p_observed"": 0.9393902344591784, ""prior_probability"": 0.6468130979652338, ""score"": 0.8787804689183568}}","{""gender=Female"": {""alpha"": 2.0, ""margin"": 0.9223347460260602, ""p_observed"": 0.9611673730130301, ""prior_probability"": 0.3531869020347662, ""score"": -1.1199713340680795}, ""gender=Male"": {""alpha"": 2.0, ""margin"": 0.8787804689183568, ""p_observed"": 0.9393902344591784, ""prior_probability"": 0.6468130979652338, ""score"": -0.5607465029779944}}"
200,Male,White,gender=Male,<=50K,"{""age"": ""30"", ""workclass"": ""Private"", ""education"": ""HS-grad"", ""educational-num"": ""9"", ""race"": ""White"", ""capital-gain"": ""0"", ""capital-loss"": ""0"", ""hours-per-week"": ""40"", ""native-country"": ""United-States""}",gender=Male,gender=Male,gender=Male,,gender=Female,gender=Female,gender=Male,0,<=50K | HS-grad | Private,2,2,"{""gender=Female"": ""<=50K"", ""gender=Male"": ""<=50K""}","{""gender=Female"": {""alpha"": 1.0, ""margin"": 0.872796749745653, ""p_observed"": 0.9363983748728264, ""prior_probability"": 0.3531869020347662, ""score"": 0.9363983748728264}, ""gender=Male"": {""alpha"": 1.0, ""margin"": 0.7161247331266585, ""p_observed"": 0.8580623665633291, ""prior_probability"": 0.6468130979652338, ""score"": 0.8580623665633291}}","{""gender=Female"": {""alpha"": 1.0, ""margin"": 0.872796749745653, ""p_observed"": 0.9363983748728264, ""prior_probability"": 0.3531869020347662, ""score"": 0.872796749745653}, ""gender=Male"": {""alpha"": 1.0, ""margin"": 0.7161247331266585, ""p_observed"": 0.8580623665633291, ""prior_probability"": 0.6468130979652338, ""score"": 0.7161247331266585}}","{""gender=Female"": {""alpha"": 2.0, ""margin"": 0.872796749745653, ""p_observed"": 0.9363983748728264, ""prior_probability"": 0.3531869020347662, ""score"": -1.1721864523911245}, ""gender=Male"": {""alpha"": 2.0, ""margin"": 0.7161247331266585, ""p_observed"": 0.8580623665633291, ""prior_probability"": 0.6468130979652338, ""score"": -0.7418548887413373}}"
201,Male,Other,gender=Male,<=50K,"{""age"": ""21"", ""workclass"": ""Private"", ""education"": ""Assoc-voc"", ""educational-num"": ""11"", ""race"": ""Other"", ""capital-gain"": ""0"", ""capital-loss"": ""0"", ""hours-per-week"": ""40"", ""native-country"": ""United-States""}",gender=Male,gender=Male,gender=Male,,gender=Female,gender=Female,gender=Male,0,<=50K | Assoc-voc | Private,2,2,"{""gender=Female"": ""<=50K"", ""gender=Male"": ""<=50K""}","{""gender=Female"": {""alpha"": 1.0, ""margin"": 0.9154471335759574, ""p_observed"": 0.9577235667879787, ""prior_probability"": 0.40348837209302324, ""score"": 0.9577235667879787}, ""gender=Male"": {""alpha"": 1.0, ""margin"": 0.8160171459163794, ""p_observed"": 0.9080085729581897, ""prior_probability"": 0.5965116279069768, ""score"": 0.9080085729581897}}","{""gender=Female"": {""alpha"": 1.0, ""margin"": 0.9154471335759574, ""p_observed"": 0.9577235667879787, ""prior_probability"": 0.40348837209302324, ""score"": 0.9154471335759574}, ""gender=Male"": {""alpha"": 1.0, ""margin"": 0.8160171459163794, ""p_observed"": 0.9080085729581897, ""prior_probability"": 0.5965116279069768, ""score"": 0.8160171459163794}}","{""gender=Female"": {""alpha"": 2.0, ""margin"": 0.9154471335759574, ""p_observed"": 0.9577235667879787, ""prior_probability"": 0.40348837209302324, ""score"": -0.99399979942853}, ""gender=Male"": {""alpha"": 2.0, ""margin"": 0.8160171459163794, ""p_observed"": 0.9080085729581897, ""prior_probability"": 0.5965116279069768, ""score"": -0.7096594617597956}}"
202,Male,White,gender=Male,<=50K,"{""age"": ""29"", ""workclass"": ""Private"", ""education"": ""Assoc-acdm"", ""educational-num"": ""12"", ""race"": ""White"", ""capital-gain"": ""0"", ""capital-loss"": ""0"", ""hours-per-week"": ""60"", ""native-country"": ""United-States""}",gender=Male,gender=Male,gender=Male,,gender=Female,gender=Female,gender=Male,0,<=50K | Assoc-acdm | Private,2,2,"{""gender=Female"": ""<=50K"", ""gender=Male"": ""<=50K""}","{""gender=Female"": {""alpha"": 1.0, ""margin"": 0.6884972384294439, ""p_observed"": 0.8442486192147222, ""prior_probability"": 0.4611801242236025, ""score"": 0.8442486192147222}, ""gender=Male"": {""alpha"": 1.0, ""margin"": 0.5626008666811741, ""p_observed"": 0.7813004333405872, ""prior_probability"": 0.5388198757763976, ""score"": 0.7813004333405872}}","{""gender=Female"": {""alpha"": 1.0, ""margin"": 0.6884972384294439, ""p_observed"": 0.8442486192147222, ""prior_probability"": 0.4611801242236025, ""score"": 0.6884972384294439}, ""gender=Male"": {""alpha"": 1.0, ""margin"": 0.5626008666811741, ""p_observed"": 0.7813004333405872, ""prior_probability"": 0.5388198757763976, ""score"": 0.5626008666811741}}","{""gender=Female"": {""alpha"": 2.0, ""margin"": 0.6884972384294439, ""p_observed"": 0.8442486192147222, ""prior_probability"": 0.4611801242236025, ""score"": -1.1125830977713687}, ""gender=Male"": {""alpha"": 2.0, ""margin"": 0.5626008666811741, ""p_observed"": 0.7813004333405872, ""prior_probability"": 0.5388198757763976, ""score"": -1.1119649968357694}}"
203,Male,White,gender=Male,<=50K,"{""age"": ""17"", ""workclass"": ""Private"", ""education"": ""12th"", ""educational-num"": ""8"", ""race"": ""White"", ""capital-gain"": ""0"", ""capital-loss"": ""0"", ""hours-per-week"": ""12"", ""native-country"": ""United-States""}",gender=Male,gender=Male,gender=Male,,gender=Female,gender=Female,gender=Male,0,<=50K | 12th | Private,2,2,"{""gender=Female"": ""<=50K"", ""gender=Male"": ""<=50K""}","{""gender=Female"": {""alpha"": 1.0, ""margin"": 0.9712400384540759, ""p_observed"": 0.9856200192270379, ""prior_probability"": 0.345565749235474, ""score"": 0.9856200192270379}, ""gender=Male"": {""alpha"": 1.0, ""margin"": 0.9298813085069189, ""p_observed"": 0.9649406542534594, ""prior_probability"": 0.654434250764526, ""score"": 0.9649406542534594}}","{""gender=Female"": {""alpha"": 1.0, ""margin"": 0.9712400384540759, ""p_observed"": 0.9856200192270379, ""prior_probability"": 0.345565749235474, ""score"": 0.9712400384540759}, ""gender=Male"": {""alpha"": 1.0, ""margin"": 0.9298813085069189, ""p_observed"": 0.9649406542534594, ""prior_probability"": 0.654434250764526, ""score"": 0.9298813085069189}}","{""gender=Female"": {""alpha"": 2.0, ""margin"": 0.9712400384540759, ""p_observed"": 0.9856200192270379, ""prior_probability"": 0.345565749235474, ""score"": -1.0915411015717473}, ""gender=Male"": {""alpha"": 2.0, ""margin"": 0.9298813085069189, ""p_observed"": 0.9649406542534594, ""prior_probability"": 0.654434250764526, ""score"": -0.4953615113097729}}"
204,Male,White,gender=Male,<=50K,"{""age"": ""30"", ""workclass"": ""Private"", ""education"": ""11th"", ""educational-num"": ""7"", ""race"": ""White"", ""capital-gain"": ""0"", ""capital-loss"": ""0"", ""hours-per-week"": ""40"", ""native-country"": ""United-States""}",gender=Male,gender=Male,gender=Male,,gender=Female,gender=Female,gender=Male,0,<=50K | 11th | Private,2,2,"{""gender=Female"": ""<=50K"", ""gender=Male"": ""<=50K""}","{""gender=Female"": {""alpha"": 1.0, ""margin"": 0.8952989132490293, ""p_observed"": 0.9476494566245146, ""prior_probability"": 0.3555070883315158, ""score"": 0.9476494566245146}, ""gender=Male"": {""alpha"": 1.0, ""margin"": 0.815245867441614, ""p_observed"": 0.9076229337208069, ""prior_probability"": 0.6444929116684842, ""score"": 0.9076229337208069}}","{""gender=Female"": {""alpha"": 1.0, ""margin"": 0.8952989132490293, ""p_observed"": 0.9476494566245146, ""prior_probability"": 0.3555070883315158, ""score"": 0.8952989132490293}, ""gender=Male"": {""alpha"": 1.0, ""margin"": 0.815245867441614, ""p_observed"": 0.9076229337208069, ""prior_probability"": 0.6444929116684842, ""score"": 0.815245867441614}}","{""gender=Female"": {""alpha"": 2.0, ""margin"": 0.8952989132490293, ""p_observed"": 0.9476494566245146, ""prior_probability"": 0.3555070883315158, ""score"": -1.1417513240949166}, ""gender=Male"": {""alpha"": 2.0, ""margin"": 0.815245867441614, ""p_observed"": 0.9076229337208069, ""prior_probability"": 0.6444929116684842, ""score"": -0.633143970575191}}"
205,Male,White,gender=Male,>50K,"{""age"": ""49"", ""workclass"": ""Private"", ""education"": ""Bachelors"", ""educational-num"": ""13"", ""race"": ""White"", ""capital-gain"": ""0"", ""capital-loss"": ""0"", ""hours-per-week"": ""50"", ""native-country"": ""United-States""}",gender=Male,gender=Male,gender=Male,,gender=Male,gender=Male,gender=Male,0,>50K | Bachelors | Private,2,2,"{""gender=Female"": ""<=50K"", ""gender=Male"": "">50K""}","{""gender=Female"": {""alpha"": 1.0, ""margin"": -0.351357819818254, ""p_observed"": 0.32432109009087295, ""prior_probability"": 0.15218508997429306, ""score"": 0.32432109009087295}, ""gender=Male"": {""alpha"": 1.0, ""margin"": 0.19509573878227449, ""p_observed"": 0.5975478693911372, ""prior_probability"": 0.847814910025707, ""score"": 0.5975478693911372}}","{""gender=Female"": {""alpha"": 1.0, ""margin"": -0.351357819818254, ""p_observed"": 0.32432109009087295, ""prior_probability"": 0.15218508997429306, ""score"": -0.351357819818254}, ""gender=Male"": {""alpha"": 1.0, ""margin"": 0.19509573878227449, ""p_observed"": 0.5975478693911372, ""prior_probability"": 0.847814910025707, ""score"": 0.19509573878227449}}","{""gender=Female"": {""alpha"": 2.0, ""margin"": -0.351357819818254, ""p_observed"": 0.32432109009087295, ""prior_probability"": 0.15218508997429306, ""score"": -4.134700271979997}, ""gender=Male"": {""alpha"": 2.0, ""margin"": 0.19509573878227449, ""p_observed"": 0.5975478693911372, ""prior_probability"": 0.847814910025707, ""score"": -1.1949346979925535}}"
206,Male,White,gender=Male,>50K,"{""age"": ""55"", ""workclass"": ""Private"", ""education"": ""Bachelors"", ""educational-num"": ""13"", ""race"": ""White"", ""capital-gain"": ""15024"", ""capital-loss"": ""0"", ""hours-per-week"": ""50"", ""native-country"": ""United-States""}",gender=Male,gender=Male,gender=Male,,gender=Male,gender=Male,gender=Male,0,>50K | Bachelors | Private,2,2,"{""gender=Female"": "">50K"", ""gender=Male"": "">50K""}","{""gender=Female"": {""alpha"": 1.0, ""margin"": 0.5718356545638329, ""p_observed"": 0.7859178272819165, ""prior_probability"": 0.15218508997429306, ""score"": 0.7859178272819165}, ""gender=Male"": {""alpha"": 1.0, ""margin"": 0.8322117292428294, ""p_observed"": 0.9161058646214146, ""prior_probability"": 0.847814910025707, ""score"": 0.9161058646214146}}","{""gender=Female"": {""alpha"": 1.0, ""margin"": 0.5718356545638329, ""p_observed"": 0.7859178272819165, ""prior_probability"": 0.15218508997429306, ""score"": 0.5718356545638329}, ""gender=Male"": {""alpha"": 1.0, ""margin"": 0.8322117292428294, ""p_observed"": 0.9161058646214146, ""prior_probability"": 0.847814910025707, ""score"": 0.8322117292428294}}","{""gender=Female"": {""alpha"": 2.0, ""margin"": 0.5718356545638329, ""p_observed"": 0.7859178272819165, ""prior_probability"": 0.15218508997429306, ""score"": -2.3644638766505675}, ""gender=Male"": {""alpha"": 2.0, ""margin"": 0.8322117292428294, ""p_observed"": 0.9161058646214146, ""prior_probability"": 0.847814910025707, ""score"": -0.34033963000338435}}"
207,Female,White,gender=Female,<=50K,"{""age"": ""59"", ""workclass"": ""Private"", ""education"": ""HS-grad"", ""educational-num"": ""9"", ""race"": ""White"", ""capital-gain"": ""0"", ""capital-loss"": ""0"", ""hours-per-week"": ""16"", ""native-country"": ""United-States""}",gender=Male,gender=Male,gender=Male,,gender=Female,gender=Female,gender=Male,0,<=50K | HS-grad | Private,2,2,"{""gender=Female"": ""<=50K"", ""gender=Male"": ""<=50K""}","{""gender=Female"": {""alpha"": 1.0, ""margin"": 0.8517435420833602, ""p_observed"": 0.9258717710416802, ""prior_probability"": 0.3531869020347662, ""score"": 0.9258717710416802}, ""gender=Male"": {""alpha"": 1.0, ""margin"": 0.6552400532282794, ""p_observed"": 0.8276200266141396, ""prior_probability"": 0.6468130979652338, ""score"": 0.8276200266141396}}","{""gender=Female"": {""alpha"": 1.0, ""margin"": 0.8517435420833602, ""p_observed"": 0.9258717710416802, ""prior_probability"": 0.3531869020347662, ""score"": 0.8517435420833602}, ""gender=Male"": {""alpha"": 1.0, ""margin"": 0.6552400532282794, ""p_observed"": 0.8276200266141396, ""prior_probability"": 0.6468130979652338, ""score"": 0.6552400532282794}}","{""gender=Female"": {""alpha"": 2.0, ""margin"": 0.8517435420833602, ""p_observed"": 0.9258717710416802, ""prior_probability"": 0.3531869020347662, ""score"": -1.1947969548898492}, ""gender=Male"": {""alpha"": 2.0, ""margin"": 0.6552400532282794, ""p_observed"": 0.8276200266141396, ""prior_probability"": 0.6468130979652338, ""score"": -0.8141001710369804}}"
208,Female,White,gender=Female,>50K,"{""age"": ""41"", ""workclass"": ""Private"", ""education"": ""Masters"", ""educational-num"": ""14"", ""race"": ""White"", ""capital-gain"": ""0"", ""capital-loss"": ""0"", ""hours-per-week"": ""50"", ""native-country"": ""United-States""}",gender=Male,gender=Male,gender=Male,,gender=Male,gender=Male,gender=Male,0,>50K | Masters | Private,2,2,"{""gender=Female"": ""<=50K"", ""gender=Male"": "">50K""}","{""gender=Female"": {""alpha"": 1.0, ""margin"": -0.20436811695366985, ""p_observed"": 0.39781594152316513, ""prior_probability"": 0.18875, ""score"": 0.39781594152316513}, ""gender=Male"": {""alpha"": 1.0, ""margin"": 0.34629964886877, ""p_observed"": 0.673149824434385, ""prior_probability"": 0.81125, ""score"": 0.673149824434385}}","{""gender=Female"": {""alpha"": 1.0, ""margin"": -0.20436811695366985, ""p_observed"": 0.39781594152316513, ""prior_probability"": 0.18875, ""score"": -0.20436811695366985}, ""gender=Male"": {""alpha"": 1.0, ""margin"": 0.34629964886877, ""p_observed"": 0.673149824434385, ""prior_probability"": 0.81125, ""score"": 0.34629964886877}}","{""gender=Female"": {""alpha"": 2.0, ""margin"": -0.20436811695366985, ""p_observed"": 0.39781594152316513, ""prior_probability"": 0.18875, ""score"": -3.5108635691512307}, ""gender=Male"": {""alpha"": 2.0, ""margin"": 0.34629964886877, ""p_observed"": 0.673149824434385, ""prior_probability"": 0.81125, ""score"": -1.0007537157017428}}"
209,Male,White,gender=Male,<=50K,"{""age"": ""44"", ""workclass"": ""Private"", ""education"": ""Some-college"", ""educational-num"": ""10"", ""race"": ""White"", ""capital-gain"": ""0"", ""capital-loss"": ""0"", ""hours-per-week"": ""60"", ""native-country"": ""United-States""}",gender=Male,gender=Male,gender=Male,,gender=Female,gender=Female,gender=Female,0,<=50K | Some-college | Private,2,2,"{""gender=Female"": ""<=50K"", ""gender=Male"": ""<=50K""}","{""gender=Female"": {""alpha"": 1.0, ""margin"": 0.7144038463579145, ""p_observed"": 0.8572019231789572, ""prior_probability"": 0.44275132275132273, ""score"": 0.8572019231789572}, ""gender=Male"": {""alpha"": 1.0, ""margin"": 0.2689780522667745, ""p_observed"": 0.6344890261333873, ""prior_probability"": 0.5572486772486772, ""score"": 0.6344890261333873}}","{""gender=Female"": {""alpha"": 1.0, ""margin"": 0.7144038463579145, ""p_observed"": 0.8572019231789572, ""prior_probability"": 0.44275132275132273, ""score"": 0.7144038463579145}, ""gender=Male"": {""alpha"": 1.0, ""margin"": 0.2689780522667745, ""p_observed"": 0.6344890261333873, ""prior_probability"": 0.5572486772486772, ""score"": 0.2689780522667745}}","{""gender=Female"": {""alpha"": 2.0, ""margin"": 0.7144038463579145, ""p_observed"": 0.8572019231789572, ""prior_probability"": 0.44275132275132273, ""score"": -1.122910558395068}, ""gender=Male"": {""alpha"": 2.0, ""margin"": 0.2689780522667745, ""p_observed"": 0.6344890261333873, ""prior_probability"": 0.5572486772486772, ""score"": -1.494614254982154}}"
210,Male,White,gender=Male,<=50K,"{""age"": ""38"", ""workclass"": ""Private"", ""education"": ""Assoc-voc"", ""educational-num"": ""11"", ""race"": ""White"", ""capital-gain"": ""0"", ""capital-loss"": ""0"", ""hours-per-week"": ""40"", ""native-country"": ""United-States""}",gender=Male,gender=Male,gender=Male,,gender=Female,gender=Female,gender=Female,0,<=50K | Assoc-voc | Private,2,2,"{""gender=Female"": ""<=50K"", ""gender=Male"": ""<=50K""}","{""gender=Female"": {""alpha"": 1.0, ""margin"": 0.7722454871938601, ""p_observed"": 0.8861227435969301, ""prior_probability"": 0.40348837209302324, ""score"": 0.8861227435969301}, ""gender=Male"": {""alpha"": 1.0, ""margin"": 0.44602634784462125, ""p_observed"": 0.7230131739223107, ""prior_probability"": 0.5965116279069768, ""score"": 0.7230131739223107}}","{""gender=Female"": {""alpha"": 1.0, ""margin"": 0.7722454871938601, ""p_observed"": 0.8861227435969301, ""prior_probability"": 0.40348837209302324, ""score"": 0.7722454871938601}, ""gender=Male"": {""alpha"": 1.0, ""margin"": 0.44602634784462125, ""p_observed"": 0.7230131739223107, ""prior_probability"": 0.5965116279069768, ""score"": 0.44602634784462125}}","{""gender=Female"": {""alpha"": 2.0, ""margin"": 0.7722454871938601, ""p_observed"": 0.8861227435969301, ""prior_probability"": 0.40348837209302324, ""score"": -1.1494072116632417}, ""gender=Male"": {""alpha"": 2.0, ""margin"": 0.44602634784462125, ""p_observed"": 0.7230131739223107, ""prior_probability"": 0.5965116279069768, ""score"": -1.165312215670168}}"
211,Male,White,gender=Male,<=50K,"{""age"": ""53"", ""workclass"": ""Private"", ""education"": ""7th-8th"", ""educational-num"": ""4"", ""race"": ""White"", ""capital-gain"": ""0"", ""capital-loss"": ""0"", ""hours-per-week"": ""40"", ""native-country"": ""United-States""}",gender=Male,gender=Male,gender=Male,,gender=Female,gender=Female,gender=Male,0,<=50K | 7th-8th | Private,2,2,"{""gender=Female"": ""<=50K"", ""gender=Male"": ""<=50K""}","{""gender=Female"": {""alpha"": 1.0, ""margin"": 0.8874923049387464, ""p_observed"": 0.9437461524693731, ""prior_probability"": 0.2653061224489796, ""score"": 0.9437461524693731}, ""gender=Male"": {""alpha"": 1.0, ""margin"": 0.7063037028676014, ""p_observed"": 0.8531518514338006, ""prior_probability"": 0.7346938775510204, ""score"": 0.8531518514338006}}","{""gender=Female"": {""alpha"": 1.0, ""margin"": 0.8874923049387464, ""p_observed"": 0.9437461524693731, ""prior_probability"": 0.2653061224489796, ""score"": 0.8874923049387464}, ""gender=Male"": {""alpha"": 1.0, ""margin"": 0.7063037028676014, ""p_observed"": 0.8531518514338006, ""prior_probability"": 0.7346938775510204, ""score"": 0.7063037028676014}}","{""gender=Female"": {""alpha"": 2.0, ""margin"": 0.8874923049387464, ""p_observed"": 0.9437461524693731, ""prior_probability"": 0.2653061224489796, ""score"": -1.4426670512108044}, ""gender=Male"": {""alpha"": 2.0, ""margin"": 0.7063037028676014, ""p_observed"": 0.8531518514338006, ""prior_probability"": 0.7346938775510204, ""score"": -0.6259368134465108}}"
212,Male,White,gender=Male,>50K,"{""age"": ""33"", ""workclass"": ""Private"", ""education"": ""Some-college"", ""educational-num"": ""10"", ""race"": ""White"", ""capital-gain"": ""7298"", ""capital-loss"": ""0"", ""hours-per-week"": ""50"", ""native-country"": ""United-States""}",gender=Male,gender=Male,gender=Male,,gender=Male,gender=Male,gender=Male,0,>50K | Some-college | Private,2,2,"{""gender=Female"": "">50K"", ""gender=Male"": "">50K""}","{""gender=Female"": {""alpha"": 1.0, ""margin"": 0.2894496228165203, ""p_observed"": 0.64472481140826, ""prior_probability"": 0.1390946502057613, ""score"": 0.64472481140826}, ""gender=Male"": {""alpha"": 1.0, ""margin"": 0.6330844340466006, ""p_observed"": 0.8165422170233004, ""prior_probability"": 0.8609053497942387, ""score"": 0.8165422170233004}}","{""gender=Female"": {""alpha"": 1.0, ""margin"": 0.2894496228165203, ""p_observed"": 0.64472481140826, ""prior_probability"": 0.1390946502057613, ""score"": 0.2894496228165203}, ""gender=Male"": {""alpha"": 1.0, ""margin"": 0.6330844340466006, ""p_observed"": 0.8165422170233004, ""prior_probability"": 0.8609053497942387, ""score"": 0.6330844340466006}}","{""gender=Female"": {""alpha"": 2.0, ""margin"": 0.2894496228165203, ""p_observed"": 0.64472481140826, ""prior_probability"": 0.1390946502057613, ""score"": -2.8504640452643315}, ""gender=Male"": {""alpha"": 2.0, ""margin"": 0.6330844340466006, ""p_observed"": 0.8165422170233004, ""prior_probability"": 0.8609053497942387, ""score"": -0.5551240372337982}}"
213,Female,White,gender=Female,<=50K,"{""age"": ""52"", ""workclass"": ""Private"", ""education"": ""7th-8th"", ""educational-num"": ""4"", ""race"": ""White"", ""capital-gain"": ""0"", ""capital-loss"": ""0"", ""hours-per-week"": ""50"", ""native-country"": ""United-States""}",gender=Male,gender=Male,gender=Male,,gender=Female,gender=Female,gender=Male,0,<=50K | 7th-8th | Private,2,2,"{""gender=Female"": ""<=50K"", ""gender=Male"": ""<=50K""}","{""gender=Female"": {""alpha"": 1.0, ""margin"": 0.8299302526273346, ""p_observed"": 0.9149651263136673, ""prior_probability"": 0.2653061224489796, ""score"": 0.9149651263136673}, ""gender=Male"": {""alpha"": 1.0, ""margin"": 0.6026774321930006, ""p_observed"": 0.8013387160965003, ""prior_probability"": 0.7346938775510204, ""score"": 0.8013387160965003}}","{""gender=Female"": {""alpha"": 1.0, ""margin"": 0.8299302526273346, ""p_observed"": 0.9149651263136673, ""prior_probability"": 0.2653061224489796, ""score"": 0.8299302526273346}, ""gender=Male"": {""alpha"": 1.0, ""margin"": 0.6026774321930006, ""p_observed"": 0.8013387160965003, ""prior_probability"": 0.7346938775510204, ""score"": 0.6026774321930006}}","{""gender=Female"": {""alpha"": 2.0, ""margin"": 0.8299302526273346, ""p_observed"": 0.9149651263136673, ""prior_probability"": 0.2653061224489796, ""score"": -1.5046095961517758}, ""gender=Male"": {""alpha"": 2.0, ""margin"": 0.6026774321930006, ""p_observed"": 0.8013387160965003, ""prior_probability"": 0.7346938775510204, ""score"": -0.7512444691728792}}"
214,Female,Black,gender=Female,<=50K,"{""age"": ""39"", ""workclass"": ""Private"", ""education"": ""HS-grad"", ""educational-num"": ""9"", ""race"": ""Black"", ""capital-gain"": ""0"", ""capital-loss"": ""0"", ""hours-per-week"": ""40"", ""native-country"": ""United-States""}",gender=Male,gender=Male,gender=Male,,gender=Female,gender=Female,gender=Male,0,<=50K | HS-grad | Private,2,2,"{""gender=Female"": ""<=50K"", ""gender=Male"": ""<=50K""}","{""gender=Female"": {""alpha"": 1.0, ""margin"": 0.8988416072058577, ""p_observed"": 0.9494208036029288, ""prior_probability"": 0.3531869020347662, ""score"": 0.9494208036029288}, ""gender=Male"": {""alpha"": 1.0, ""margin"": 0.6779670510629303, ""p_observed"": 0.838983525531465, ""prior_probability"": 0.6468130979652338, ""score"": 0.838983525531465}}","{""gender=Female"": {""alpha"": 1.0, ""margin"": 0.8988416072058577, ""p_observed"": 0.9494208036029288, ""prior_probability"": 0.3531869020347662, ""score"": 0.8988416072058577}, ""gender=Male"": {""alpha"": 1.0, ""margin"": 0.6779670510629303, ""p_observed"": 0.838983525531465, ""prior_probability"": 0.6468130979652338, ""score"": 0.6779670510629303}}","{""gender=Female"": {""alpha"": 2.0, ""margin"": 0.8988416072058577, ""p_observed"": 0.9494208036029288, ""prior_probability"": 0.3531869020347662, ""score"": -1.1445642161191316}, ""gender=Male"": {""alpha"": 2.0, ""margin"": 0.6779670510629303, ""p_observed"": 0.838983525531465, ""prior_probability"": 0.6468130979652338, ""score"": -0.7868263181666639}}"
215,Male,White,gender=Male,<=50K,"{""age"": ""60"", ""workclass"": ""Private"", ""education"": ""7th-8th"", ""educational-num"": ""4"", ""race"": ""White"", ""capital-gain"": ""0"", ""capital-loss"": ""0"", ""hours-per-week"": ""40"", ""native-country"": ""United-States""}",gender=Male,gender=Male,gender=Male,,gender=Female,gender=Female,gender=Male,0,<=50K | 7th-8th | Private,2,2,"{""gender=Female"": ""<=50K"", ""gender=Male"": ""<=50K""}","{""gender=Female"": {""alpha"": 1.0, ""margin"": 0.8862009263807825, ""p_observed"": 0.9431004631903912, ""prior_probability"": 0.2653061224489796, ""score"": 0.9431004631903912}, ""gender=Male"": {""alpha"": 1.0, ""margin"": 0.69220927761829, ""p_observed"": 0.8461046388091449, ""prior_probability"": 0.7346938775510204, ""score"": 0.8461046388091449}}","{""gender=Female"": {""alpha"": 1.0, ""margin"": 0.8862009263807825, ""p_observed"": 0.9431004631903912, ""prior_probability"": 0.2653061224489796, ""score"": 0.8862009263807825}, ""gender=Male"": {""alpha"": 1.0, ""margin"": 0.69220927761829, ""p_observed"": 0.8461046388091449, ""prior_probability"": 0.7346938775510204, ""score"": 0.69220927761829}}","{""gender=Female"": {""alpha"": 2.0, ""margin"": 0.8862009263807825, ""p_observed"": 0.9431004631903912, ""prior_probability"": 0.2653061224489796, ""score"": -1.444035873241864}, ""gender=Male"": {""alpha"": 2.0, ""margin"": 0.69220927761829, ""p_observed"": 0.8461046388091449, ""prior_probability"": 0.7346938775510204, ""score"": -0.6425258406321773}}"
216,Male,White,gender=Male,<=50K,"{""age"": ""48"", ""workclass"": ""Private"", ""education"": ""HS-grad"", ""educational-num"": ""9"", ""race"": ""White"", ""capital-gain"": ""0"", ""capital-loss"": ""0"", ""hours-per-week"": ""60"", ""native-country"": ""United-States""}",gender=Male,gender=Male,gender=Male,,gender=Female,gender=Female,gender=Male,0,<=50K | HS-grad | Private,2,2,"{""gender=Female"": ""<=50K"", ""gender=Male"": ""<=50K""}","{""gender=Female"": {""alpha"": 1.0, ""margin"": 0.752781583060596, ""p_observed"": 0.8763907915302976, ""prior_probability"": 0.3531869020347662, ""score"": 0.8763907915302976}, ""gender=Male"": {""alpha"": 1.0, ""margin"": 0.43535390821500786, ""p_observed"": 0.7176769541075039, ""prior_probability"": 0.6468130979652338, ""score"": 0.7176769541075039}}","{""gender=Female"": {""alpha"": 1.0, ""margin"": 0.752781583060596, ""p_observed"": 0.8763907915302976, ""prior_probability"": 0.3531869020347662, ""score"": 0.752781583060596}, ""gender=Male"": {""alpha"": 1.0, ""margin"": 0.43535390821500786, ""p_observed"": 0.7176769541075039, ""prior_probability"": 0.6468130979652338, ""score"": 0.43535390821500786}}","{""gender=Female"": {""alpha"": 2.0, ""margin"": 0.752781583060596, ""p_observed"": 0.8763907915302976, ""prior_probability"": 0.3531869020347662, ""score"": -1.304644251586635}, ""gender=Male"": {""alpha"": 2.0, ""margin"": 0.43535390821500786, ""p_observed"": 0.7176769541075039, ""prior_probability"": 0.6468130979652338, ""score"": -1.0991693727176188}}"
217,Female,Black,gender=Female,<=50K,"{""age"": ""38"", ""workclass"": ""Private"", ""education"": ""HS-grad"", ""educational-num"": ""9"", ""race"": ""Black"", ""capital-gain"": ""0"", ""capital-loss"": ""0"", ""hours-per-week"": ""40"", ""native-country"": ""United-States""}",gender=Male,gender=Male,gender=Male,,gender=Female,gender=Female,gender=Male,0,<=50K | HS-grad | Private,2,2,"{""gender=Female"": ""<=50K"", ""gender=Male"": ""<=50K""}","{""gender=Female"": {""alpha"": 1.0, ""margin"": 0.9044516623685576, ""p_observed"": 0.9522258311842787, ""prior_probability"": 0.3531869020347662, ""score"": 0.9522258311842787}, ""gender=Male"": {""alpha"": 1.0, ""margin"": 0.6780919261878053, ""p_observed"": 0.8390459630939026, ""prior_probability"": 0.6468130979652338, ""score"": 0.8390459630939026}}","{""gender=Female"": {""alpha"": 1.0, ""margin"": 0.9044516623685576, ""p_observed"": 0.9522258311842787, ""prior_probability"": 0.3531869020347662, ""score"": 0.9044516623685576}, ""gender=Male"": {""alpha"": 1.0, ""margin"": 0.6780919261878053, ""p_observed"": 0.8390459630939026, ""prior_probability"": 0.6468130979652338, ""score"": 0.6780919261878053}}","{""gender=Female"": {""alpha"": 2.0, ""margin"": 0.9044516623685576, ""p_observed"": 0.9522258311842787, ""prior_probability"": 0.3531869020347662, ""score"": -1.1386640040304874}, ""gender=Male"": {""alpha"": 2.0, ""margin"": 0.6780919261878053, ""p_observed"": 0.8390459630939026, ""prior_probability"": 0.6468130979652338, ""score"": -0.7866774827310783}}"
218,Male,White,gender=Male,>50K,"{""age"": ""34"", ""workclass"": ""Private"", ""education"": ""Some-college"", ""educational-num"": ""10"", ""race"": ""White"", ""capital-gain"": ""0"", ""capital-loss"": ""0"", ""hours-per-week"": ""40"", ""native-country"": ""United-States""}",gender=Male,gender=Male,gender=Male,,gender=Male,gender=Male,gender=Male,0,>50K | Some-college | Private,2,2,"{""gender=Female"": ""<=50K"", ""gender=Male"": ""<=50K""}","{""gender=Female"": {""alpha"": 1.0, ""margin"": -0.7935627968659749, ""p_observed"": 0.10321860156701254, ""prior_probability"": 0.1390946502057613, ""score"": 0.10321860156701254}, ""gender=Male"": {""alpha"": 1.0, ""margin"": -0.5033249600076821, ""p_observed"": 0.24833751999615888, ""prior_probability"": 0.8609053497942387, ""score"": 0.24833751999615888}}","{""gender=Female"": {""alpha"": 1.0, ""margin"": -0.7935627968659749, ""p_observed"": 0.10321860156701254, ""prior_probability"": 0.1390946502057613, ""score"": -0.7935627968659749}, ""gender=Male"": {""alpha"": 1.0, ""margin"": -0.5033249600076821, ""p_observed"": 0.24833751999615888, ""prior_probability"": 0.8609053497942387, ""score"": -0.5033249600076821}}","{""gender=Female"": {""alpha"": 2.0, ""margin"": -0.7935627968659749, ""p_observed"": 0.10321860156701254, ""prior_probability"": 0.1390946502057613, ""score"": -6.51441302972153}, ""gender=Male"": {""alpha"": 2.0, ""margin"": -0.5033249600076821, ""p_observed"": 0.24833751999615888, ""prior_probability"": 0.8609053497942387, ""score"": -2.935703691885509}}"
219,Male,White,gender=Male,<=50K,"{""age"": ""22"", ""workclass"": ""Private"", ""education"": ""HS-grad"", ""educational-num"": ""9"", ""race"": ""White"", ""capital-gain"": ""0"", ""capital-loss"": ""0"", ""hours-per-week"": ""40"", ""native-country"": ""United-States""}",gender=Male,gender=Male,gender=Male,,gender=Female,gender=Female,gender=Male,0,<=50K | HS-grad | Private,2,2,"{""gender=Female"": ""<=50K"", ""gender=Male"": ""<=50K""}","{""gender=Female"": {""alpha"": 1.0, ""margin"": 0.9331560778009055, ""p_observed"": 0.9665780389004528, ""prior_probability"": 0.3531869020347662, ""score"": 0.9665780389004528}, ""gender=Male"": {""alpha"": 1.0, ""margin"": 0.8612647603758504, ""p_observed"": 0.9306323801879252, ""prior_probability"": 0.6468130979652338, ""score"": 0.9306323801879252}}","{""gender=Female"": {""alpha"": 1.0, ""margin"": 0.9331560778009055, ""p_observed"": 0.9665780389004528, ""prior_probability"": 0.3531869020347662, ""score"": 0.9331560778009055}, ""gender=Male"": {""alpha"": 1.0, ""margin"": 0.8612647603758504, ""p_observed"": 0.9306323801879252, ""prior_probability"": 0.6468130979652338, ""score"": 0.8612647603758504}}","{""gender=Female"": {""alpha"": 2.0, ""margin"": 0.9331560778009055, ""p_observed"": 0.9665780389004528, ""prior_probability"": 0.3531869020347662, ""score"": -1.1087443741967071}, ""gender=Male"": {""alpha"": 2.0, ""margin"": 0.8612647603758504, ""p_observed"": 0.9306323801879252, ""prior_probability"": 0.6468130979652338, ""score"": -0.5794797915119678}}"
220,Female,White,gender=Female,<=50K,"{""age"": ""17"", ""workclass"": ""Private"", ""education"": ""11th"", ""educational-num"": ""7"", ""race"": ""White"", ""capital-gain"": ""0"", ""capital-loss"": ""0"", ""hours-per-week"": ""19"", ""native-country"": ""United-States""}",gender=Male,gender=Male,gender=Male,,gender=Female,gender=Female,gender=Male,0,<=50K | 11th | Private,2,2,"{""gender=Female"": ""<=50K"", ""gender=Male"": ""<=50K""}","{""gender=Female"": {""alpha"": 1.0, ""margin"": 0.9792830324406109, ""p_observed"": 0.9896415162203054, ""prior_probability"": 0.3555070883315158, ""score"": 0.9896415162203054}, ""gender=Male"": {""alpha"": 1.0, ""margin"": 0.9450957319963798, ""p_observed"": 0.9725478659981899, ""prior_probability"": 0.6444929116684842, ""score"": 0.9725478659981899}}","{""gender=Female"": {""alpha"": 1.0, ""margin"": 0.9792830324406109, ""p_observed"": 0.9896415162203054, ""prior_probability"": 0.3555070883315158, ""score"": 0.9792830324406109}, ""gender=Male"": {""alpha"": 1.0, ""margin"": 0.9450957319963798, ""p_observed"": 0.9725478659981899, ""prior_probability"": 0.6444929116684842, ""score"": 0.9450957319963798}}","{""gender=Female"": {""alpha"": 2.0, ""margin"": 0.9792830324406109, ""p_observed"": 0.9896415162203054, ""prior_probability"": 0.3555070883315158, ""score"": -1.0550351034042769}, ""gender=Male"": {""alpha"": 2.0, ""margin"": 0.9450957319963798, ""p_observed"": 0.9725478659981899, ""prior_probability"": 0.6444929116684842, ""score"": -0.4949634251810937}}"
221,Female,White,gender=Female,<=50K,"{""age"": ""29"", ""workclass"": ""Private"", ""education"": ""HS-grad"", ""educational-num"": ""9"", ""race"": ""White"", ""capital-gain"": ""0"", ""capital-loss"": ""0"", ""hours-per-week"": ""30"", ""native-country"": ""United-States""}",gender=Male,gender=Male,gender=Male,,gender=Female,gender=Female,gender=Male,0,<=50K | HS-grad | Private,2,2,"{""gender=Female"": ""<=50K"", ""gender=Male"": ""<=50K""}","{""gender=Female"": {""alpha"": 1.0, ""margin"": 0.9142978166301705, ""p_observed"": 0.9571489083150853, ""prior_probability"": 0.3531869020347662, ""score"": 0.9571489083150853}, ""gender=Male"": {""alpha"": 1.0, ""margin"": 0.8386876964732872, ""p_observed"": 0.9193438482366435, ""prior_probability"": 0.6468130979652338, ""score"": 0.9193438482366435}}","{""gender=Female"": {""alpha"": 1.0, ""margin"": 0.9142978166301705, ""p_observed"": 0.9571489083150853, ""prior_probability"": 0.3531869020347662, ""score"": 0.9142978166301705}, ""gender=Male"": {""alpha"": 1.0, ""margin"": 0.8386876964732872, ""p_observed"": 0.9193438482366435, ""prior_probability"": 0.6468130979652338, ""score"": 0.8386876964732872}}","{""gender=Female"": {""alpha"": 2.0, ""margin"": 0.9142978166301705, ""p_observed"": 0.9571489083150853, ""prior_probability"": 0.3531869020347662, ""score"": -1.1283504957630053}, ""gender=Male"": {""alpha"": 2.0, ""margin"": 0.8386876964732872, ""p_observed"": 0.9193438482366435, ""prior_probability"": 0.6468130979652338, ""score"": -0.6038880447373782}}"
222,Male,White,gender=Male,>50K,"{""age"": ""42"", ""workclass"": ""Private"", ""education"": ""Masters"", ""educational-num"": ""14"", ""race"": ""White"", ""capital-gain"": ""0"", ""capital-loss"": ""0"", ""hours-per-week"": ""45"", ""native-country"": ""United-States""}",gender=Male,gender=Male,gender=Male,,gender=Male,gender=Male,gender=Male,0,>50K | Masters | Private,2,2,"{""gender=Female"": ""<=50K"", ""gender=Male"": "">50K""}","{""gender=Female"": {""alpha"": 1.0, ""margin"": -0.2951071632338139, ""p_observed"": 0.3524464183830932, ""prior_probability"": 0.18875, ""score"": 0.3524464183830932}, ""gender=Male"": {""alpha"": 1.0, ""margin"": 0.30958829009811245, ""p_observed"": 0.6547941450490562, ""prior_probability"": 0.81125, ""score"": 0.6547941450490562}}","{""gender=Female"": {""alpha"": 1.0, ""margin"": -0.2951071632338139, ""p_observed"": 0.3524464183830932, ""prior_probability"": 0.18875, ""score"": -0.2951071632338139}, ""gender=Male"": {""alpha"": 1.0, ""margin"": 0.30958829009811245, ""p_observed"": 0.6547941450490562, ""prior_probability"": 0.81125, ""score"": 0.30958829009811245}}","{""gender=Female"": {""alpha"": 2.0, ""margin"": -0.2951071632338139, ""p_observed"": 0.3524464183830932, ""prior_probability"": 0.18875, ""score"": -3.753045236594306}, ""gender=Male"": {""alpha"": 2.0, ""margin"": 0.30958829009811245, ""p_observed"": 0.6547941450490562, ""prior_probability"": 0.81125, ""score"": -1.0560477611874206}}"
223,Male,White,gender=Male,<=50K,"{""age"": ""38"", ""workclass"": ""Private"", ""education"": ""HS-grad"", ""educational-num"": ""9"", ""race"": ""White"", ""capital-gain"": ""0"", ""capital-loss"": ""0"", ""hours-per-week"": ""55"", ""native-country"": ""United-States""}",gender=Male,gender=Male,gender=Male,,gender=Female,gender=Female,gender=Male,0,<=50K | HS-grad | Private,2,2,"{""gender=Female"": ""<=50K"", ""gender=Male"": ""<=50K""}","{""gender=Female"": {""alpha"": 1.0, ""margin"": 0.7731390375165389, ""p_observed"": 0.8865695187582692, ""prior_probability"": 0.3531869020347662, ""score"": 0.8865695187582692}, ""gender=Male"": {""alpha"": 1.0, ""margin"": 0.4576259930578741, ""p_observed"": 0.728812996528937, ""prior_probability"": 0.6468130979652338, ""score"": 0.728812996528937}}","{""gender=Female"": {""alpha"": 1.0, ""margin"": 0.7731390375165389, ""p_observed"": 0.8865695187582692, ""prior_probability"": 0.3531869020347662, ""score"": 0.7731390375165389}, ""gender=Male"": {""alpha"": 1.0, ""margin"": 0.4576259930578741, ""p_observed"": 0.728812996528937, ""prior_probability"": 0.6468130979652338, ""score"": 0.4576259930578741}}","{""gender=Female"": {""alpha"": 2.0, ""margin"": 0.7731390375165389, ""p_observed"": 0.8865695187582692, ""prior_probability"": 0.3531869020347662, ""score"": -1.2815493690216107}, ""gender=Male"": {""alpha"": 2.0, ""margin"": 0.4576259930578741, ""p_observed"": 0.728812996528937, ""prior_probability"": 0.6468130979652338, ""score"": -1.068374101908025}}"
224,Male,White,gender=Male,<=50K,"{""age"": ""36"", ""workclass"": ""Private"", ""education"": ""HS-grad"", ""educational-num"": ""9"", ""race"": ""White"", ""capital-gain"": ""0"", ""capital-loss"": ""0"", ""hours-per-week"": ""50"", ""native-country"": ""United-States""}",gender=Male,gender=Male,gender=Male,,gender=Female,gender=Female,gender=Male,0,<=50K | HS-grad | Private,2,2,"{""gender=Female"": ""<=50K"", ""gender=Male"": ""<=50K""}","{""gender=Female"": {""alpha"": 1.0, ""margin"": 0.7798972606746778, ""p_observed"": 0.8899486303373386, ""prior_probability"": 0.3531869020347662, ""score"": 0.8899486303373386}, ""gender=Male"": {""alpha"": 1.0, ""margin"": 0.47091459073129366, ""p_observed"": 0.7354572953656469, ""prior_probability"": 0.6468130979652338, ""score"": 0.7354572953656469}}","{""gender=Female"": {""alpha"": 1.0, ""margin"": 0.7798972606746778, ""p_observed"": 0.8899486303373386, ""prior_probability"": 0.3531869020347662, ""score"": 0.7798972606746778}, ""gender=Male"": {""alpha"": 1.0, ""margin"": 0.47091459073129366, ""p_observed"": 0.7354572953656469, ""prior_probability"": 0.6468130979652338, ""score"": 0.47091459073129366}}","{""gender=Female"": {""alpha"": 2.0, ""margin"": 0.7798972606746778, ""p_observed"": 0.8899486303373386, ""prior_probability"": 0.3531869020347662, ""score"": -1.273940967934392}, ""gender=Male"": {""alpha"": 2.0, ""margin"": 0.47091459073129366, ""p_observed"": 0.7354572953656469, ""prior_probability"": 0.6468130979652338, ""score"": -1.0502235064174679}}"
225,Male,White,gender=Male,>50K,"{""age"": ""28"", ""workclass"": ""Private"", ""education"": ""Bachelors"", ""educational-num"": ""13"", ""race"": ""White"", ""capital-gain"": ""0"", ""capital-loss"": ""0"", ""hours-per-week"": ""45"", ""native-country"": ""United-States""}",gender=Male,gender=Male,gender=Male,,gender=Male,gender=Male,gender=Male,0,>50K | Bachelors | Private,2,2,"{""gender=Female"": ""<=50K"", ""gender=Male"": ""<=50K""}","{""gender=Female"": {""alpha"": 1.0, ""margin"": -0.5484531013946435, ""p_observed"": 0.22577344930267831, ""prior_probability"": 0.15218508997429306, ""score"": 0.22577344930267831}, ""gender=Male"": {""alpha"": 1.0, ""margin"": -0.21959576906424627, ""p_observed"": 0.39020211546787686, ""prior_probability"": 0.847814910025707, ""score"": 0.39020211546787686}}","{""gender=Female"": {""alpha"": 1.0, ""margin"": -0.5484531013946435, ""p_observed"": 0.22577344930267831, ""prior_probability"": 0.15218508997429306, ""score"": -0.5484531013946435}, ""gender=Male"": {""alpha"": 1.0, ""margin"": -0.21959576906424627, ""p_observed"": 0.39020211546787686, ""prior_probability"": 0.847814910025707, ""score"": -0.21959576906424627}}","{""gender=Female"": {""alpha"": 2.0, ""margin"": -0.5484531013946435, ""p_observed"": 0.22577344930267831, ""prior_probability"": 0.15218508997429306, ""score"": -4.859104240127237}, ""gender=Male"": {""alpha"": 2.0, ""margin"": -0.21959576906424627, ""p_observed"": 0.39020211546787686, ""prior_probability"": 0.847814910025707, ""score"": -2.0472737921158872}}"
226,Male,White,gender=Male,>50K,"{""age"": ""53"", ""workclass"": ""State-gov"", ""education"": ""Masters"", ""educational-num"": ""14"", ""race"": ""White"", ""capital-gain"": ""0"", ""capital-loss"": ""0"", ""hours-per-week"": ""60"", ""native-country"": ""United-States""}",gender=Male,gender=Male,gender=Male,,gender=Male,gender=Male,gender=Male,0,>50K | Masters | State-gov,2,2,"{""gender=Female"": ""<=50K"", ""gender=Male"": "">50K""}","{""gender=Female"": {""alpha"": 1.0, ""margin"": -0.28860056657604716, ""p_observed"": 0.3556997167119764, ""prior_probability"": 0.18875, ""score"": 0.3556997167119764}, ""gender=Male"": {""alpha"": 1.0, ""margin"": 0.24581441576027263, ""p_observed"": 0.6229072078801363, ""prior_probability"": 0.81125, ""score"": 0.6229072078801363}}","{""gender=Female"": {""alpha"": 1.0, ""margin"": -0.28860056657604716, ""p_observed"": 0.3556997167119764, ""prior_probability"": 0.18875, ""score"": -0.28860056657604716}, ""gender=Male"": {""alpha"": 1.0, ""margin"": 0.24581441576027263, ""p_observed"": 0.6229072078801363, ""prior_probability"": 0.81125, ""score"": 0.24581441576027263}}","{""gender=Female"": {""alpha"": 2.0, ""margin"": -0.28860056657604716, ""p_observed"": 0.3556997167119764, ""prior_probability"": 0.18875, ""score"": -3.73466868375713}, ""gender=Male"": {""alpha"": 2.0, ""margin"": 0.24581441576027263, ""p_observed"": 0.6229072078801363, ""prior_probability"": 0.81125, ""score"": -1.1558944415649717}}"
227,Female,White,gender=Female,<=50K,"{""age"": ""35"", ""workclass"": ""Private"", ""education"": ""HS-grad"", ""educational-num"": ""9"", ""race"": ""White"", ""capital-gain"": ""0"", ""capital-loss"": ""0"", ""hours-per-week"": ""40"", ""native-country"": ""United-States""}",gender=Male,gender=Male,gender=Male,,gender=Female,gender=Female,gender=Male,0,<=50K | HS-grad | Private,2,2,"{""gender=Female"": ""<=50K"", ""gender=Male"": ""<=50K""}","{""gender=Female"": {""alpha"": 1.0, ""margin"": 0.828263693249992, ""p_observed"": 0.9141318466249959, ""prior_probability"": 0.3531869020347662, ""score"": 0.9141318466249959}, ""gender=Male"": {""alpha"": 1.0, ""margin"": 0.6327510914263796, ""p_observed"": 0.8163755457131898, ""prior_probability"": 0.6468130979652338, ""score"": 0.8163755457131898}}","{""gender=Female"": {""alpha"": 1.0, ""margin"": 0.828263693249992, ""p_observed"": 0.9141318466249959, ""prior_probability"": 0.3531869020347662, ""score"": 0.828263693249992}, ""gender=Male"": {""alpha"": 1.0, ""margin"": 0.6327510914263796, ""p_observed"": 0.8163755457131898, ""prior_probability"": 0.6468130979652338, ""score"": 0.6327510914263796}}","{""gender=Female"": {""alpha"": 2.0, ""margin"": 0.828263693249992, ""p_observed"": 0.9141318466249959, ""prior_probability"": 0.3531869020347662, ""score"": -1.2203188258595519}, ""gender=Male"": {""alpha"": 2.0, ""margin"": 0.6327510914263796, ""p_observed"": 0.8163755457131898, ""prior_probability"": 0.6468130979652338, ""score"": -0.8414595056752943}}"
228,Female,White,gender=Female,<=50K,"{""age"": ""31"", ""workclass"": ""Private"", ""education"": ""10th"", ""educational-num"": ""6"", ""race"": ""White"", ""capital-gain"": ""0"", ""capital-loss"": ""0"", ""hours-per-week"": ""40"", ""native-country"": ""United-States""}",gender=Male,gender=Male,gender=Male,,gender=Female,gender=Female,gender=Male,0,<=50K | 10th | Private,2,2,"{""gender=Female"": ""<=50K"", ""gender=Male"": ""<=50K""}","{""gender=Female"": {""alpha"": 1.0, ""margin"": 0.9192747389075274, ""p_observed"": 0.9596373694537637, ""prior_probability"": 0.3323572474377745, ""score"": 0.9596373694537637}, ""gender=Male"": {""alpha"": 1.0, ""margin"": 0.7723391761296583, ""p_observed"": 0.8861695880648289, ""prior_probability"": 0.6676427525622255, ""score"": 0.8861695880648289}}","{""gender=Female"": {""alpha"": 1.0, ""margin"": 0.9192747389075274, ""p_observed"": 0.9596373694537637, ""prior_probability"": 0.3323572474377745, ""score"": 0.9192747389075274}, ""gender=Male"": {""alpha"": 1.0, ""margin"": 0.7723391761296583, ""p_observed"": 0.8861695880648289, ""prior_probability"": 0.6676427525622255, ""score"": 0.7723391761296583}}","{""gender=Female"": {""alpha"": 2.0, ""margin"": 0.9192747389075274, ""p_observed"": 0.9596373694537637, ""prior_probability"": 0.3323572474377745, ""score"": -1.183944454158122}, ""gender=Male"": {""alpha"": 2.0, ""margin"": 0.7723391761296583, ""p_observed"": 0.8861695880648289, ""prior_probability"": 0.6676427525622255, ""score"": -0.6456959261410165}}"
229,Male,White,gender=Male,>50K,"{""age"": ""45"", ""workclass"": ""Federal-gov"", ""education"": ""Masters"", ""educational-num"": ""14"", ""race"": ""White"", ""capital-gain"": ""0"", ""capital-loss"": ""0"", ""hours-per-week"": ""50"", ""native-country"": ""United-States""}",gender=Male,gender=Male,gender=Male,,gender=Male,gender=Male,gender=Male,0,>50K | Masters | Federal-gov,2,2,"{""gender=Female"": ""<=50K"", ""gender=Male"": "">50K""}","{""gender=Female"": {""alpha"": 1.0, ""margin"": -0.18029745479511333, ""p_observed"": 0.4098512726024433, ""prior_probability"": 0.18875, ""score"": 0.4098512726024433}, ""gender=Male"": {""alpha"": 1.0, ""margin"": 0.3727181656486781, ""p_observed"": 0.6863590828243391, ""prior_probability"": 0.81125, ""score"": 0.6863590828243391}}","{""gender=Female"": {""alpha"": 1.0, ""margin"": -0.18029745479511333, ""p_observed"": 0.4098512726024433, ""prior_probability"": 0.18875, ""score"": -0.18029745479511333}, ""gender=Male"": {""alpha"": 1.0, ""margin"": 0.3727181656486781, ""p_observed"": 0.6863590828243391, ""prior_probability"": 0.81125, ""score"": 0.3727181656486781}}","{""gender=Female"": {""alpha"": 2.0, ""margin"": -0.18029745479511333, ""p_observed"": 0.4098512726024433, ""prior_probability"": 0.18875, ""score"": -3.451253760540059}, ""gender=Male"": {""alpha"": 2.0, ""margin"": 0.3727181656486781, ""p_observed"": 0.6863590828243391, ""prior_probability"": 0.81125, ""score"": -0.9618876986740555}}"
230,Male,Amer-Indian-Eskimo,gender=Male,<=50K,"{""age"": ""34"", ""workclass"": ""Private"", ""education"": ""HS-grad"", ""educational-num"": ""9"", ""race"": ""Amer-Indian-Eskimo"", ""capital-gain"": ""0"", ""capital-loss"": ""0"", ""hours-per-week"": ""40"", ""native-country"": ""Mexico""}",gender=Male,gender=Male,gender=Male,,gender=Female,gender=Female,gender=Male,0,<=50K | HS-grad | Private,2,2,"{""gender=Female"": ""<=50K"", ""gender=Male"": ""<=50K""}","{""gender=Female"": {""alpha"": 1.0, ""margin"": 0.9099464250130331, ""p_observed"": 0.9549732125065166, ""prior_probability"": 0.3531869020347662, ""score"": 0.9549732125065166}, ""gender=Male"": {""alpha"": 1.0, ""margin"": 0.7850334274270092, ""p_observed"": 0.8925167137135045, ""prior_probability"": 0.6468130979652338, ""score"": 0.8925167137135045}}","{""gender=Female"": {""alpha"": 1.0, ""margin"": 0.9099464250130331, ""p_observed"": 0.9549732125065166, ""prior_probability"": 0.3531869020347662, ""score"": 0.9099464250130331}, ""gender=Male"": {""alpha"": 1.0, ""margin"": 0.7850334274270092, ""p_observed"": 0.8925167137135045, ""prior_probability"": 0.6468130979652338, ""score"": 0.7850334274270092}}","{""gender=Female"": {""alpha"": 2.0, ""margin"": 0.9099464250130331, ""p_observed"": 0.9549732125065166, ""prior_probability"": 0.3531869020347662, ""score"": -1.1329018718991353}, ""gender=Male"": {""alpha"": 2.0, ""margin"": 0.7850334274270092, ""p_observed"": 0.8925167137135045, ""prior_probability"": 0.6468130979652338, ""score"": -0.6631179783817976}}"
231,Male,White,gender=Male,<=50K,"{""age"": ""57"", ""workclass"": ""Self-emp-not-inc"", ""education"": ""7th-8th"", ""educational-num"": ""4"", ""race"": ""White"", ""capital-gain"": ""0"", ""capital-loss"": ""0"", ""hours-per-week"": ""40"", ""native-country"": ""United-States""}",gender=Male,gender=Male,gender=Male,,gender=Female,gender=Female,gender=Male,0,<=50K | 7th-8th | Self-emp-not-inc,2,2,"{""gender=Female"": ""<=50K"", ""gender=Male"": ""<=50K""}","{""gender=Female"": {""alpha"": 1.0, ""margin"": 0.8703571292906409, ""p_observed"": 0.9351785646453203, ""prior_probability"": 0.2653061224489796, ""score"": 0.9351785646453203}, ""gender=Male"": {""alpha"": 1.0, ""margin"": 0.6369287209892228, ""p_observed"": 0.8184643604946114, ""prior_probability"": 0.7346938775510204, ""score"": 0.8184643604946114}}","{""gender=Female"": {""alpha"": 1.0, ""margin"": 0.8703571292906409, ""p_observed"": 0.9351785646453203, ""prior_probability"": 0.2653061224489796, ""score"": 0.8703571292906409}, ""gender=Male"": {""alpha"": 1.0, ""margin"": 0.6369287209892228, ""p_observed"": 0.8184643604946114, ""prior_probability"": 0.7346938775510204, ""score"": 0.6369287209892228}}","{""gender=Female"": {""alpha"": 2.0, ""margin"": 0.8703571292906409, ""p_observed"": 0.9351785646453203, ""prior_probability"": 0.2653061224489796, ""score"": -1.460906520043453}, ""gender=Male"": {""alpha"": 2.0, ""margin"": 0.6369287209892228, ""p_observed"": 0.8184643604946114, ""prior_probability"": 0.7346938775510204, ""score"": -0.708952210817003}}"
232,Male,White,gender=Male,>50K,"{""age"": ""37"", ""workclass"": ""Federal-gov"", ""education"": ""HS-grad"", ""educational-num"": ""9"", ""race"": ""White"", ""capital-gain"": ""0"", ""capital-loss"": ""0"", ""hours-per-week"": ""40"", ""native-country"": ""England""}",gender=Male,gender=Male,gender=Male,,gender=Male,gender=Male,gender=Male,0,>50K | HS-grad | Federal-gov,2,2,"{""gender=Female"": ""<=50K"", ""gender=Male"": ""<=50K""}","{""gender=Female"": {""alpha"": 1.0, ""margin"": -0.6276665579095926, ""p_observed"": 0.18616672104520365, ""prior_probability"": 0.129565816678153, ""score"": 0.18616672104520365}, ""gender=Male"": {""alpha"": 1.0, ""margin"": -0.2856423829957525, ""p_observed"": 0.3571788085021238, ""prior_probability"": 0.870434183321847, ""score"": 0.3571788085021238}}","{""gender=Female"": {""alpha"": 1.0, ""margin"": -0.6276665579095926, ""p_observed"": 0.18616672104520365, ""prior_probability"": 0.129565816678153, ""score"": -0.6276665579095926}, ""gender=Male"": {""alpha"": 1.0, ""margin"": -0.2856423829957525, ""p_observed"": 0.3571788085021238, ""prior_probability"": 0.870434183321847, ""score"": -0.2856423829957525}}","{""gender=Female"": {""alpha"": 2.0, ""margin"": -0.6276665579095926, ""p_observed"": 0.18616672104520365, ""prior_probability"": 0.129565816678153, ""score"": -5.405791604144325}, ""gender=Male"": {""alpha"": 2.0, ""margin"": -0.2856423829957525, ""p_observed"": 0.3571788085021238, ""prior_probability"": 0.870434183321847, ""score"": -2.1978006474166416}}"
233,Male,White,gender=Male,<=50K,"{""age"": ""55"", ""workclass"": ""Self-emp-not-inc"", ""education"": ""HS-grad"", ""educational-num"": ""9"", ""race"": ""White"", ""capital-gain"": ""0"", ""capital-loss"": ""2057"", ""hours-per-week"": ""60"", ""native-country"": ""United-States""}",gender=Male,gender=Male,gender=Male,,gender=Female,gender=Female,gender=Male,0,<=50K | HS-grad | Self-emp-not-inc,2,2,"{""gender=Female"": ""<=50K"", ""gender=Male"": ""<=50K""}","{""gender=Female"": {""alpha"": 1.0, ""margin"": 0.2913892631435786, ""p_observed"": 0.6456946315717892, ""prior_probability"": 0.3531869020347662, ""score"": 0.6456946315717892}, ""gender=Male"": {""alpha"": 1.0, ""margin"": 0.10934349579550467, ""p_observed"": 0.5546717478977523, ""prior_probability"": 0.6468130979652338, ""score"": 0.5546717478977523}}","{""gender=Female"": {""alpha"": 1.0, ""margin"": 0.2913892631435786, ""p_observed"": 0.6456946315717892, ""prior_probability"": 0.3531869020347662, ""score"": 0.2913892631435786}, ""gender=Male"": {""alpha"": 1.0, ""margin"": 0.10934349579550467, ""p_observed"": 0.5546717478977523, ""prior_probability"": 0.6468130979652338, ""score"": 0.10934349579550467}}","{""gender=Female"": {""alpha"": 2.0, ""margin"": 0.2913892631435786, ""p_observed"": 0.6456946315717892, ""prior_probability"": 0.3531869020347662, ""score"": -1.9156150816581543}, ""gender=Male"": {""alpha"": 2.0, ""margin"": 0.10934349579550467, ""p_observed"": 0.5546717478977523, ""prior_probability"": 0.6468130979652338, ""score"": -1.614455471949555}}"
234,Male,White,gender=Male,<=50K,"{""age"": ""36"", ""workclass"": ""Private"", ""education"": ""Some-college"", ""educational-num"": ""10"", ""race"": ""White"", ""capital-gain"": ""0"", ""capital-loss"": ""0"", ""hours-per-week"": ""40"", ""native-country"": ""United-States""}",gender=Male,gender=Male,gender=Male,,gender=Female,gender=Female,gender=Female,0,<=50K | Some-college | Private,2,2,"{""gender=Female"": ""<=50K"", ""gender=Male"": ""<=50K""}","{""gender=Female"": {""alpha"": 1.0, ""margin"": 0.7847542616499616, ""p_observed"": 0.8923771308249808, ""prior_probability"": 0.44275132275132273, ""score"": 0.8923771308249808}, ""gender=Male"": {""alpha"": 1.0, ""margin"": 0.4334512826910152, ""p_observed"": 0.7167256413455075, ""prior_probability"": 0.5572486772486772, ""score"": 0.7167256413455075}}","{""gender=Female"": {""alpha"": 1.0, ""margin"": 0.7847542616499616, ""p_observed"": 0.8923771308249808, ""prior_probability"": 0.44275132275132273, ""score"": 0.7847542616499616}, ""gender=Male"": {""alpha"": 1.0, ""margin"": 0.4334512826910152, ""p_observed"": 0.7167256413455075, ""prior_probability"": 0.5572486772486772, ""score"": 0.4334512826910152}}","{""gender=Female"": {""alpha"": 2.0, ""margin"": 0.7847542616499616, ""p_observed"": 0.8923771308249808, ""prior_probability"": 0.44275132275132273, ""score"": -1.0424799014409607}, ""gender=Male"": {""alpha"": 2.0, ""margin"": 0.4334512826910152, ""p_observed"": 0.7167256413455075, ""prior_probability"": 0.5572486772486772, ""score"": -1.2508679997608332}}"
235,Female,White,gender=Female,<=50K,"{""age"": ""17"", ""workclass"": ""Private"", ""education"": ""10th"", ""educational-num"": ""6"", ""race"": ""White"", ""capital-gain"": ""0"", ""capital-loss"": ""0"", ""hours-per-week"": ""18"", ""native-country"": ""United-States""}",gender=Male,gender=Male,gender=Male,,gender=Female,gender=Female,gender=Male,0,<=50K | 10th | Private,2,2,"{""gender=Female"": ""<=50K"", ""gender=Male"": ""<=50K""}","{""gender=Female"": {""alpha"": 1.0, ""margin"": 0.9756215349308062, ""p_observed"": 0.9878107674654031, ""prior_probability"": 0.3323572474377745, ""score"": 0.9878107674654031}, ""gender=Male"": {""alpha"": 1.0, ""margin"": 0.9281747372964972, ""p_observed"": 0.9640873686482486, ""prior_probability"": 0.6676427525622255, ""score"": 0.9640873686482486}}","{""gender=Female"": {""alpha"": 1.0, ""margin"": 0.9756215349308062, ""p_observed"": 0.9878107674654031, ""prior_probability"": 0.3323572474377745, ""score"": 0.9756215349308062}, ""gender=Male"": {""alpha"": 1.0, ""margin"": 0.9281747372964972, ""p_observed"": 0.9640873686482486, ""prior_probability"": 0.6676427525622255, ""score"": 0.9281747372964972}}","{""gender=Female"": {""alpha"": 2.0, ""margin"": 0.9756215349308062, ""p_observed"": 0.9878107674654031, ""prior_probability"": 0.3323572474377745, ""score"": -1.1260731030576234}, ""gender=Male"": {""alpha"": 2.0, ""margin"": 0.9281747372964972, ""p_observed"": 0.9640873686482486, ""prior_probability"": 0.6676427525622255, ""score"": -0.4771487642574347}}"
236,Female,White,gender=Female,<=50K,"{""age"": ""31"", ""workclass"": ""Private"", ""education"": ""Some-college"", ""educational-num"": ""10"", ""race"": ""White"", ""capital-gain"": ""0"", ""capital-loss"": ""0"", ""hours-per-week"": ""40"", ""native-country"": ""United-States""}",gender=Male,gender=Male,gender=Male,,gender=Female,gender=Female,gender=Female,0,<=50K | Some-college | Private,2,2,"{""gender=Female"": ""<=50K"", ""gender=Male"": ""<=50K""}","{""gender=Female"": {""alpha"": 1.0, ""margin"": 0.8342407759947099, ""p_observed"": 0.9171203879973548, ""prior_probability"": 0.44275132275132273, ""score"": 0.9171203879973548}, ""gender=Male"": {""alpha"": 1.0, ""margin"": 0.6165866643637818, ""p_observed"": 0.8082933321818908, ""prior_probability"": 0.5572486772486772, ""score"": 0.8082933321818908}}","{""gender=Female"": {""alpha"": 1.0, ""margin"": 0.8342407759947099, ""p_observed"": 0.9171203879973548, ""prior_probability"": 0.44275132275132273, ""score"": 0.8342407759947099}, ""gender=Male"": {""alpha"": 1.0, ""margin"": 0.6165866643637818, ""p_observed"": 0.8082933321818908, ""prior_probability"": 0.5572486772486772, ""score"": 0.6165866643637818}}","{""gender=Female"": {""alpha"": 2.0, ""margin"": 0.8342407759947099, ""p_observed"": 0.9171203879973548, ""prior_probability"": 0.44275132275132273, ""score"": -0.9877800761867402}, ""gender=Male"": {""alpha"": 2.0, ""margin"": 0.6165866643637818, ""p_observed"": 0.8082933321818908, ""prior_probability"": 0.5572486772486772, ""score"": -1.0104041833588961}}"
237,Male,White,gender=Male,<=50K,"{""age"": ""51"", ""workclass"": ""Private"", ""education"": ""Bachelors"", ""educational-num"": ""13"", ""race"": ""White"", ""capital-gain"": ""0"", ""capital-loss"": ""0"", ""hours-per-week"": ""50"", ""native-country"": ""United-States""}",gender=Male,gender=Male,gender=Female,,gender=Female,gender=Female,gender=Female,0,<=50K | Bachelors | Private,2,2,"{""gender=Female"": ""<=50K"", ""gender=Male"": "">50K""}","{""gender=Female"": {""alpha"": 1.0, ""margin"": 0.351357819818254, ""p_observed"": 0.6756789099091269, ""prior_probability"": 0.4140684410646388, ""score"": 0.6756789099091269}, ""gender=Male"": {""alpha"": 1.0, ""margin"": -0.19762626186107124, ""p_observed"": 0.4011868690694643, ""prior_probability"": 0.5859315589353612, ""score"": 0.4011868690694643}}","{""gender=Female"": {""alpha"": 1.0, ""margin"": 0.351357819818254, ""p_observed"": 0.6756789099091269, ""prior_probability"": 0.4140684410646388, ""score"": 0.351357819818254}, ""gender=Male"": {""alpha"": 1.0, ""margin"": -0.19762626186107124, ""p_observed"": 0.4011868690694643, ""prior_probability"": 0.5859315589353612, ""score"": -0.19762626186107124}}","{""gender=Female"": {""alpha"": 2.0, ""margin"": 0.351357819818254, ""p_observed"": 0.6756789099091269, ""prior_probability"": 0.4140684410646388, ""score"": -1.6657986044827935}, ""gender=Male"": {""alpha"": 2.0, ""margin"": -0.19762626186107124, ""p_observed"": 0.4011868690694643, ""prior_probability"": 0.5859315589353612, ""score"": -2.3612081949894725}}"
238,Male,White,gender=Male,<=50K,"{""age"": ""56"", ""workclass"": ""Private"", ""education"": ""HS-grad"", ""educational-num"": ""9"", ""race"": ""White"", ""capital-gain"": ""0"", ""capital-loss"": ""0"", ""hours-per-week"": ""40"", ""native-country"": ""United-States""}",gender=Male,gender=Male,gender=Male,,gender=Female,gender=Female,gender=Male,0,<=50K | HS-grad | Private,2,2,"{""gender=Female"": ""<=50K"", ""gender=Male"": ""<=50K""}","{""gender=Female"": {""alpha"": 1.0, ""margin"": 0.8155883432749759, ""p_observed"": 0.9077941716374879, ""prior_probability"": 0.3531869020347662, ""score"": 0.9077941716374879}, ""gender=Male"": {""alpha"": 1.0, ""margin"": 0.5144845362736291, ""p_observed"": 0.7572422681368145, ""prior_probability"": 0.6468130979652338, ""score"": 0.7572422681368145}}","{""gender=Female"": {""alpha"": 1.0, ""margin"": 0.8155883432749759, ""p_observed"": 0.9077941716374879, ""prior_probability"": 0.3531869020347662, ""score"": 0.8155883432749759}, ""gender=Male"": {""alpha"": 1.0, ""margin"": 0.5144845362736291, ""p_observed"": 0.7572422681368145, ""prior_probability"": 0.6468130979652338, ""score"": 0.5144845362736291}}","{""gender=Female"": {""alpha"": 2.0, ""margin"": 0.8155883432749759, ""p_observed"": 0.9077941716374879, ""prior_probability"": 0.3531869020347662, ""score"": -1.2342331132387143}, ""gender=Male"": {""alpha"": 2.0, ""margin"": 0.5144845362736291, ""p_observed"": 0.7572422681368145, ""prior_probability"": 0.6468130979652338, ""score"": -0.9918419802277827}}"
239,Male,White,gender=Male,<=50K,"{""age"": ""24"", ""workclass"": ""Private"", ""education"": ""Assoc-voc"", ""educational-num"": ""11"", ""race"": ""White"", ""capital-gain"": ""0"", ""capital-loss"": ""0"", ""hours-per-week"": ""40"", ""native-country"": ""United-States""}",gender=Male,gender=Male,gender=Male,,gender=Female,gender=Female,gender=Male,0,<=50K | Assoc-voc | Private,2,2,"{""gender=Female"": ""<=50K"", ""gender=Male"": ""<=50K""}","{""gender=Female"": {""alpha"": 1.0, ""margin"": 0.8961537114913908, ""p_observed"": 0.9480768557456953, ""prior_probability"": 0.40348837209302324, ""score"": 0.9480768557456953}, ""gender=Male"": {""alpha"": 1.0, ""margin"": 0.7951811475121469, ""p_observed"": 0.8975905737560735, ""prior_probability"": 0.5965116279069768, ""score"": 0.8975905737560735}}","{""gender=Female"": {""alpha"": 1.0, ""margin"": 0.8961537114913908, ""p_observed"": 0.9480768557456953, ""prior_probability"": 0.40348837209302324, ""score"": 0.8961537114913908}, ""gender=Male"": {""alpha"": 1.0, ""margin"": 0.7951811475121469, ""p_observed"": 0.8975905737560735, ""prior_probability"": 0.5965116279069768, ""score"": 0.7951811475121469}}","{""gender=Female"": {""alpha"": 2.0, ""margin"": 0.8961537114913908, ""p_observed"": 0.9480768557456953, ""prior_probability"": 0.40348837209302324, ""score"": -1.0142470264037435}, ""gender=Male"": {""alpha"": 2.0, ""margin"": 0.7951811475121469, ""p_observed"": 0.8975905737560735, ""prior_probability"": 0.5965116279069768, ""score"": -0.7327390358317837}}"
240,Male,White,gender=Male,>50K,"{""age"": ""58"", ""workclass"": ""Private"", ""education"": ""Bachelors"", ""educational-num"": ""13"", ""race"": ""White"", ""capital-gain"": ""0"", ""capital-loss"": ""0"", ""hours-per-week"": ""40"", ""native-country"": ""United-States""}",gender=Male,gender=Male,gender=Male,,gender=Male,gender=Male,gender=Male,0,>50K | Bachelors | Private,2,2,"{""gender=Female"": ""<=50K"", ""gender=Male"": ""<=50K""}","{""gender=Female"": {""alpha"": 1.0, ""margin"": -0.550743248810158, ""p_observed"": 0.2246283755949209, ""prior_probability"": 0.15218508997429306, ""score"": 0.2246283755949209}, ""gender=Male"": {""alpha"": 1.0, ""margin"": -0.016650535105227682, ""p_observed"": 0.4916747324473862, ""prior_probability"": 0.847814910025707, ""score"": 0.4916747324473862}}","{""gender=Female"": {""alpha"": 1.0, ""margin"": -0.550743248810158, ""p_observed"": 0.2246283755949209, ""prior_probability"": 0.15218508997429306, ""score"": -0.550743248810158}, ""gender=Male"": {""alpha"": 1.0, ""margin"": -0.016650535105227682, ""p_observed"": 0.4916747324473862, ""prior_probability"": 0.847814910025707, ""score"": -0.016650535105227682}}","{""gender=Female"": {""alpha"": 2.0, ""margin"": -0.550743248810158, ""p_observed"": 0.2246283755949209, ""prior_probability"": 0.15218508997429306, ""score"": -4.869273614330657}, ""gender=Male"": {""alpha"": 2.0, ""margin"": -0.016650535105227682, ""p_observed"": 0.4916747324473862, ""prior_probability"": 0.847814910025707, ""score"": -1.5849687215592518}}"
241,Male,White,gender=Male,<=50K,"{""age"": ""39"", ""workclass"": ""Private"", ""education"": ""10th"", ""educational-num"": ""6"", ""race"": ""White"", ""capital-gain"": ""0"", ""capital-loss"": ""0"", ""hours-per-week"": ""40"", ""native-country"": ""United-States""}",gender=Male,gender=Male,gender=Male,,gender=Female,gender=Female,gender=Male,0,<=50K | 10th | Private,2,2,"{""gender=Female"": ""<=50K"", ""gender=Male"": ""<=50K""}","{""gender=Female"": {""alpha"": 1.0, ""margin"": 0.9054308273033569, ""p_observed"": 0.9527154136516783, ""prior_probability"": 0.3323572474377745, ""score"": 0.9527154136516783}, ""gender=Male"": {""alpha"": 1.0, ""margin"": 0.6526970447744472, ""p_observed"": 0.8263485223872236, ""prior_probability"": 0.6676427525622255, ""score"": 0.8263485223872236}}","{""gender=Female"": {""alpha"": 1.0, ""margin"": 0.9054308273033569, ""p_observed"": 0.9527154136516783, ""prior_probability"": 0.3323572474377745, ""score"": 0.9054308273033569}, ""gender=Male"": {""alpha"": 1.0, ""margin"": 0.6526970447744472, ""p_observed"": 0.8263485223872236, ""prior_probability"": 0.6676427525622255, ""score"": 0.6526970447744472}}","{""gender=Female"": {""alpha"": 2.0, ""margin"": 0.9054308273033569, ""p_observed"": 0.9527154136516783, ""prior_probability"": 0.3323572474377745, ""score"": -1.1984229250612968}, ""gender=Male"": {""alpha"": 2.0, ""margin"": 0.6526970447744472, ""p_observed"": 0.8263485223872236, ""prior_probability"": 0.6676427525622255, ""score"": -0.7854793590897559}}"
242,Female,White,gender=Female,<=50K,"{""age"": ""35"", ""workclass"": ""Private"", ""education"": ""HS-grad"", ""educational-num"": ""9"", ""race"": ""White"", ""capital-gain"": ""0"", ""capital-loss"": ""0"", ""hours-per-week"": ""35"", ""native-country"": ""United-States""}",gender=Male,gender=Male,gender=Male,,gender=Female,gender=Female,gender=Male,0,<=50K | HS-grad | Private,2,2,"{""gender=Female"": ""<=50K"", ""gender=Male"": ""<=50K""}","{""gender=Female"": {""alpha"": 1.0, ""margin"": 0.8584969548591735, ""p_observed"": 0.9292484774295866, ""prior_probability"": 0.3531869020347662, ""score"": 0.9292484774295866}, ""gender=Male"": {""alpha"": 1.0, ""margin"": 0.7142580512188568, ""p_observed"": 0.8571290256094283, ""prior_probability"": 0.6468130979652338, ""score"": 0.8571290256094283}}","{""gender=Female"": {""alpha"": 1.0, ""margin"": 0.8584969548591735, ""p_observed"": 0.9292484774295866, ""prior_probability"": 0.3531869020347662, ""score"": 0.8584969548591735}, ""gender=Male"": {""alpha"": 1.0, ""margin"": 0.7142580512188568, ""p_observed"": 0.8571290256094283, ""prior_probability"": 0.6468130979652338, ""score"": 0.7142580512188568}}","{""gender=Female"": {""alpha"": 2.0, ""margin"": 0.8584969548591735, ""p_observed"": 0.9292484774295866, ""prior_probability"": 0.3531869020347662, ""score"": -1.18751611124667}, ""gender=Male"": {""alpha"": 2.0, ""margin"": 0.7142580512188568, ""p_observed"": 0.8571290256094283, ""prior_probability"": 0.6468130979652338, ""score"": -0.7440315345670674}}"
243,Female,White,gender=Female,<=50K,"{""age"": ""24"", ""workclass"": ""Private"", ""education"": ""Some-college"", ""educational-num"": ""10"", ""race"": ""White"", ""capital-gain"": ""0"", ""capital-loss"": ""0"", ""hours-per-week"": ""40"", ""native-country"": ""United-States""}",gender=Male,gender=Male,gender=Male,,gender=Female,gender=Female,gender=Male,0,<=50K | Some-college | Private,2,2,"{""gender=Female"": ""<=50K"", ""gender=Male"": ""<=50K""}","{""gender=Female"": {""alpha"": 1.0, ""margin"": 0.9225576812107018, ""p_observed"": 0.9612788406053507, ""prior_probability"": 0.44275132275132273, ""score"": 0.9612788406053507}, ""gender=Male"": {""alpha"": 1.0, ""margin"": 0.8497422332514515, ""p_observed"": 0.9248711166257257, ""prior_probability"": 0.5572486772486772, ""score"": 0.9248711166257257}}","{""gender=Female"": {""alpha"": 1.0, ""margin"": 0.9225576812107018, ""p_observed"": 0.9612788406053507, ""prior_probability"": 0.44275132275132273, ""score"": 0.9225576812107018}, ""gender=Male"": {""alpha"": 1.0, ""margin"": 0.8497422332514515, ""p_observed"": 0.9248711166257257, ""prior_probability"": 0.5572486772486772, ""score"": 0.8497422332514515}}","{""gender=Female"": {""alpha"": 2.0, ""margin"": 0.9225576812107018, ""p_observed"": 0.9612788406053507, ""prior_probability"": 0.44275132275132273, ""score"": -0.8937285255067043}, ""gender=Male"": {""alpha"": 2.0, ""margin"": 0.8497422332514515, ""p_observed"": 0.9248711166257257, ""prior_probability"": 0.5572486772486772, ""score"": -0.7409454495417387}}"
244,Male,White,gender=Male,<=50K,"{""age"": ""31"", ""workclass"": ""Private"", ""education"": ""HS-grad"", ""educational-num"": ""9"", ""race"": ""White"", ""capital-gain"": ""0"", ""capital-loss"": ""0"", ""hours-per-week"": ""40"", ""native-country"": ""United-States""}",gender=Male,gender=Male,gender=Male,,gender=Female,gender=Female,gender=Male,0,<=50K | HS-grad | Private,2,2,"{""gender=Female"": ""<=50K"", ""gender=Male"": ""<=50K""}","{""gender=Female"": {""alpha"": 1.0, ""margin"": 0.8660841107915955, ""p_observed"": 0.9330420553957977, ""prior_probability"": 0.3531869020347662, ""score"": 0.9330420553957977}, ""gender=Male"": {""alpha"": 1.0, ""margin"": 0.6896417568322549, ""p_observed"": 0.8448208784161274, ""prior_probability"": 0.6468130979652338, ""score"": 0.8448208784161274}}","{""gender=Female"": {""alpha"": 1.0, ""margin"": 0.8660841107915955, ""p_observed"": 0.9330420553957977, ""prior_probability"": 0.3531869020347662, ""score"": 0.8660841107915955}, ""gender=Male"": {""alpha"": 1.0, ""margin"": 0.6896417568322549, ""p_observed"": 0.8448208784161274, ""prior_probability"": 0.6468130979652338, ""score"": 0.6896417568322549}}","{""gender=Female"": {""alpha"": 2.0, ""margin"": 0.8660841107915955, ""p_observed"": 0.9330420553957977, ""prior_probability"": 0.3531869020347662, ""score"": -1.1793679020460173}, ""gender=Male"": {""alpha"": 2.0, ""margin"": 0.6896417568322549, ""p_observed"": 0.8448208784161274, ""prior_probability"": 0.6468130979652338, ""score"": -0.7729592056767214}}"
245,Male,White,gender=Male,>50K,"{""age"": ""41"", ""workclass"": ""Private"", ""education"": ""Bachelors"", ""educational-num"": ""13"", ""race"": ""White"", ""capital-gain"": ""0"", ""capital-loss"": ""0"", ""hours-per-week"": ""40"", ""native-country"": ""United-States""}",gender=Male,gender=Male,gender=Male,,gender=Male,gender=Male,gender=Male,0,>50K | Bachelors | Private,2,2,"{""gender=Female"": ""<=50K"", ""gender=Male"": ""<=50K""}","{""gender=Female"": {""alpha"": 1.0, ""margin"": -0.5471449779468214, ""p_observed"": 0.2264275110265892, ""prior_probability"": 0.15218508997429306, ""score"": 0.2264275110265892}, ""gender=Male"": {""alpha"": 1.0, ""margin"": -0.028558998790639334, ""p_observed"": 0.48572050060468036, ""prior_probability"": 0.847814910025707, ""score"": 0.48572050060468036}}","{""gender=Female"": {""alpha"": 1.0, ""margin"": -0.5471449779468214, ""p_observed"": 0.2264275110265892, ""prior_probability"": 0.15218508997429306, ""score"": -0.5471449779468214}, ""gender=Male"": {""alpha"": 1.0, ""margin"": -0.028558998790639334, ""p_observed"": 0.48572050060468036, ""prior_probability"": 0.847814910025707, ""score"": -0.028558998790639334}}","{""gender=Female"": {""alpha"": 2.0, ""margin"": -0.5471449779468214, ""p_observed"": 0.2264275110265892, ""prior_probability"": 0.15218508997429306, ""score"": -4.853318651529214}, ""gender=Male"": {""alpha"": 2.0, ""margin"": -0.028558998790639334, ""p_observed"": 0.48572050060468036, ""prior_probability"": 0.847814910025707, ""score"": -1.6093367777979086}}"
246,Male,White,gender=Male,>50K,"{""age"": ""39"", ""workclass"": ""Federal-gov"", ""education"": ""Bachelors"", ""educational-num"": ""13"", ""race"": ""White"", ""capital-gain"": ""0"", ""capital-loss"": ""1887"", ""hours-per-week"": ""60"", ""native-country"": ""United-States""}",gender=Male,gender=Male,gender=Male,,gender=Male,gender=Male,gender=Male,0,>50K | Bachelors | Federal-gov,2,2,"{""gender=Female"": "">50K"", ""gender=Male"": "">50K""}","{""gender=Female"": {""alpha"": 1.0, ""margin"": 0.19896647376348547, ""p_observed"": 0.5994832368817428, ""prior_probability"": 0.15218508997429306, ""score"": 0.5994832368817428}, ""gender=Male"": {""alpha"": 1.0, ""margin"": 0.4959320896125413, ""p_observed"": 0.7479660448062706, ""prior_probability"": 0.847814910025707, ""score"": 0.7479660448062706}}","{""gender=Female"": {""alpha"": 1.0, ""margin"": 0.19896647376348547, ""p_observed"": 0.5994832368817428, ""prior_probability"": 0.15218508997429306, ""score"": 0.19896647376348547}, ""gender=Male"": {""alpha"": 1.0, ""margin"": 0.4959320896125413, ""p_observed"": 0.7479660448062706, ""prior_probability"": 0.847814910025707, ""score"": 0.4959320896125413}}","{""gender=Female"": {""alpha"": 2.0, ""margin"": 0.19896647376348547, ""p_observed"": 0.5994832368817428, ""prior_probability"": 0.15218508997429306, ""score"": -2.906032335203412}, ""gender=Male"": {""alpha"": 2.0, ""margin"": 0.4959320896125413, ""p_observed"": 0.7479660448062706, ""prior_probability"": 0.847814910025707, ""score"": -0.74588832685705}}"
247,Male,Asian-Pac-Islander,gender=Male,<=50K,"{""age"": ""21"", ""workclass"": ""Private"", ""education"": ""Some-college"", ""educational-num"": ""10"", ""race"": ""Asian-Pac-Islander"", ""capital-gain"": ""0"", ""capital-loss"": ""1974"", ""hours-per-week"": ""40"", ""native-country"": ""United-States""}",gender=Male,gender=Male,gender=Male,,gender=Female,gender=Female,gender=Female,0,<=50K | Some-college | Private,2,2,"{""gender=Female"": ""<=50K"", ""gender=Male"": ""<=50K""}","{""gender=Female"": {""alpha"": 1.0, ""margin"": 0.48057953620873967, ""p_observed"": 0.7402897681043699, ""prior_probability"": 0.44275132275132273, ""score"": 0.7402897681043699}, ""gender=Male"": {""alpha"": 1.0, ""margin"": 0.3067588769315228, ""p_observed"": 0.6533794384657615, ""prior_probability"": 0.5572486772486772, ""score"": 0.6533794384657615}}","{""gender=Female"": {""alpha"": 1.0, ""margin"": 0.48057953620873967, ""p_observed"": 0.7402897681043699, ""prior_probability"": 0.44275132275132273, ""score"": 0.48057953620873967}, ""gender=Male"": {""alpha"": 1.0, ""margin"": 0.3067588769315228, ""p_observed"": 0.6533794384657615, ""prior_probability"": 0.5572486772486772, ""score"": 0.3067588769315228}}","{""gender=Female"": {""alpha"": 2.0, ""margin"": 0.48057953620873967, ""p_observed"": 0.7402897681043699, ""prior_probability"": 0.44275132275132273, ""score"": -1.416174196565756}, ""gender=Male"": {""alpha"": 2.0, ""margin"": 0.3067588769315228, ""p_observed"": 0.6533794384657615, ""prior_probability"": 0.5572486772486772, ""score"": -1.4359381781021678}}"
248,Female,Amer-Indian-Eskimo,gender=Female,>50K,"{""age"": ""34"", ""workclass"": ""Private"", ""education"": ""Assoc-voc"", ""educational-num"": ""11"", ""race"": ""Amer-Indian-Eskimo"", ""capital-gain"": ""0"", ""capital-loss"": ""0"", ""hours-per-week"": ""27"", ""native-country"": ""United-States""}",gender=Male,gender=Male,gender=Male,,gender=Male,gender=Male,gender=Male,0,>50K | Assoc-voc | Private,2,2,"{""gender=Female"": ""<=50K"", ""gender=Male"": ""<=50K""}","{""gender=Female"": {""alpha"": 1.0, ""margin"": -0.8445825963949374, ""p_observed"": 0.07770870180253128, ""prior_probability"": 0.18211920529801323, ""score"": 0.07770870180253128}, ""gender=Male"": {""alpha"": 1.0, ""margin"": -0.670891896402416, ""p_observed"": 0.16455405179879204, ""prior_probability"": 0.8178807947019867, ""score"": 0.16455405179879204}}","{""gender=Female"": {""alpha"": 1.0, ""margin"": -0.8445825963949374, ""p_observed"": 0.07770870180253128, ""prior_probability"": 0.18211920529801323, ""score"": -0.8445825963949374}, ""gender=Male"": {""alpha"": 1.0, ""margin"": -0.670891896402416, ""p_observed"": 0.16455405179879204, ""prior_probability"": 0.8178807947019867, ""score"": -0.670891896402416}}","{""gender=Female"": {""alpha"": 2.0, ""margin"": -0.8445825963949374, ""p_observed"": 0.07770870180253128, ""prior_probability"": 0.18211920529801323, ""score"": -6.81266990327967}, ""gender=Male"": {""alpha"": 2.0, ""margin"": -0.670891896402416, ""p_observed"": 0.16455405179879204, ""prior_probability"": 0.8178807947019867, ""score"": -3.8100710415160837}}"
249,Male,Black,gender=Male,<=50K,"{""age"": ""42"", ""workclass"": ""Self-emp-inc"", ""education"": ""Bachelors"", ""educational-num"": ""13"", ""race"": ""Black"", ""capital-gain"": ""0"", ""capital-loss"": ""0"", ""hours-per-week"": ""60"", ""native-country"": ""United-States""}",gender=Male,gender=Male,gender=Female,gender=Female,gender=Female,gender=Female,gender=Female,1,<=50K | Bachelors | Self-emp-inc,2,2,"{""gender=Female"": ""<=50K"", ""gender=Male"": "">50K""}","{""gender=Female"": {""alpha"": 1.0, ""margin"": 0.3145468065982531, ""p_observed"": 0.6572734032991263, ""prior_probability"": 0.4140684410646388, ""score"": 0.6572734032991263}, ""gender=Male"": {""alpha"": 1.0, ""margin"": -0.24791225902206127, ""p_observed"": 0.37604387048896937, ""prior_probability"": 0.5859315589353612, ""score"": 0.37604387048896937}}","{""gender=Female"": {""alpha"": 1.0, ""margin"": 0.3145468065982531, ""p_observed"": 0.6572734032991263, ""prior_probability"": 0.4140684410646388, ""score"": 0.3145468065982531}, ""gender=Male"": {""alpha"": 1.0, ""margin"": -0.24791225902206127, ""p_observed"": 0.37604387048896937, ""prior_probability"": 0.5859315589353612, ""score"": -0.24791225902206127}}","{""gender=Female"": {""alpha"": 2.0, ""margin"": 0.3145468065982531, ""p_observed"": 0.6572734032991263, ""prior_probability"": 0.4140684410646388, ""score"": -1.7210344184301873}, ""gender=Male"": {""alpha"": 2.0, ""margin"": -0.24791225902206127, ""p_observed"": 0.37604387048896937, ""prior_probability"": 0.5859315589353612, ""score"": -2.4906512209838736}}"
250,Male,White,gender=Male,>50K,"{""age"": ""49"", ""workclass"": ""Private"", ""education"": ""Assoc-acdm"", ""educational-num"": ""12"", ""race"": ""White"", ""capital-gain"": ""15024"", ""capital-loss"": ""0"", ""hours-per-week"": ""60"", ""native-country"": ""United-States""}",gender=Male,gender=Male,gender=Male,,gender=Male,gender=Male,gender=Male,0,>50K | Assoc-acdm | Private,2,2,"{""gender=Female"": "">50K"", ""gender=Male"": "">50K""}","{""gender=Female"": {""alpha"": 1.0, ""margin"": 0.47170045724462645, ""p_observed"": 0.7358502286223132, ""prior_probability"": 0.19827586206896552, ""score"": 0.7358502286223132}, ""gender=Male"": {""alpha"": 1.0, ""margin"": 0.6850808313007495, ""p_observed"": 0.8425404156503747, ""prior_probability"": 0.8017241379310345, ""score"": 0.8425404156503747}}","{""gender=Female"": {""alpha"": 1.0, ""margin"": 0.47170045724462645, ""p_observed"": 0.7358502286223132, ""prior_probability"": 0.19827586206896552, ""score"": 0.47170045724462645}, ""gender=Male"": {""alpha"": 1.0, ""margin"": 0.6850808313007495, ""p_observed"": 0.8425404156503747, ""prior_probability"": 0.8017241379310345, ""score"": 0.6850808313007495}}","{""gender=Female"": {""alpha"": 2.0, ""margin"": 0.47170045724462645, ""p_observed"": 0.7358502286223132, ""prior_probability"": 0.19827586206896552, ""score"": -2.231553324538415}, ""gender=Male"": {""alpha"": 2.0, ""margin"": 0.6850808313007495, ""p_observed"": 0.8425404156503747, ""prior_probability"": 0.8017241379310345, ""score"": -0.5636579915687666}}"
251,Female,White,gender=Female,<=50K,"{""age"": ""22"", ""workclass"": ""Private"", ""education"": ""HS-grad"", ""educational-num"": ""9"", ""race"": ""White"", ""capital-gain"": ""0"", ""capital-loss"": ""0"", ""hours-per-week"": ""40"", ""native-country"": ""United-States""}",gender=Male,gender=Male,gender=Male,,gender=Female,gender=Female,gender=Male,0,<=50K | HS-grad | Private,2,2,"{""gender=Female"": ""<=50K"", ""gender=Male"": ""<=50K""}","{""gender=Female"": {""alpha"": 1.0, ""margin"": 0.9331560778009055, ""p_observed"": 0.9665780389004528, ""prior_probability"": 0.3531869020347662, ""score"": 0.9665780389004528}, ""gender=Male"": {""alpha"": 1.0, ""margin"": 0.8612647603758504, ""p_observed"": 0.9306323801879252, ""prior_probability"": 0.6468130979652338, ""score"": 0.9306323801879252}}","{""gender=Female"": {""alpha"": 1.0, ""margin"": 0.9331560778009055, ""p_observed"": 0.9665780389004528, ""prior_probability"": 0.3531869020347662, ""score"": 0.9331560778009055}, ""gender=Male"": {""alpha"": 1.0, ""margin"": 0.8612647603758504, ""p_observed"": 0.9306323801879252, ""prior_probability"": 0.6468130979652338, ""score"": 0.8612647603758504}}","{""gender=Female"": {""alpha"": 2.0, ""margin"": 0.9331560778009055, ""p_observed"": 0.9665780389004528, ""prior_probability"": 0.3531869020347662, ""score"": -1.1087443741967071}, ""gender=Male"": {""alpha"": 2.0, ""margin"": 0.8612647603758504, ""p_observed"": 0.9306323801879252, ""prior_probability"": 0.6468130979652338, ""score"": -0.5794797915119678}}"
252,Male,White,gender=Male,>50K,"{""age"": ""41"", ""workclass"": ""Private"", ""education"": ""Bachelors"", ""educational-num"": ""13"", ""race"": ""White"", ""capital-gain"": ""0"", ""capital-loss"": ""1887"", ""hours-per-week"": ""50"", ""native-country"": ""United-States""}",gender=Male,gender=Male,gender=Male,,gender=Male,gender=Male,gender=Male,0,>50K | Bachelors | Private,2,2,"{""gender=Female"": "">50K"", ""gender=Male"": "">50K""}","{""gender=Female"": {""alpha"": 1.0, ""margin"": 0.24301354853764007, ""p_observed"": 0.6215067742688201, ""prior_probability"": 0.15218508997429306, ""score"": 0.6215067742688201}, ""gender=Male"": {""alpha"": 1.0, ""margin"": 0.6852297383922168, ""p_observed"": 0.8426148691961085, ""prior_probability"": 0.847814910025707, ""score"": 0.8426148691961085}}","{""gender=Female"": {""alpha"": 1.0, ""margin"": 0.24301354853764007, ""p_observed"": 0.6215067742688201, ""prior_probability"": 0.15218508997429306, ""score"": 0.24301354853764007}, ""gender=Male"": {""alpha"": 1.0, ""margin"": 0.6852297383922168, ""p_observed"": 0.8426148691961085, ""prior_probability"": 0.847814910025707, ""score"": 0.6852297383922168}}","{""gender=Female"": {""alpha"": 2.0, ""margin"": 0.24301354853764007, ""p_observed"": 0.6215067742688201, ""prior_probability"": 0.15218508997429306, ""score"": -2.8338747381712737}, ""gender=Male"": {""alpha"": 2.0, ""margin"": 0.6852297383922168, ""p_observed"": 0.8426148691961085, ""prior_probability"": 0.847814910025707, ""score"": -0.5075834990730312}}"
253,Male,Black,gender=Male,<=50K,"{""age"": ""45"", ""workclass"": ""Private"", ""education"": ""HS-grad"", ""educational-num"": ""9"", ""race"": ""Black"", ""capital-gain"": ""3137"", ""capital-loss"": ""0"", ""hours-per-week"": ""35"", ""native-country"": ""United-States""}",gender=Male,gender=Male,gender=Male,,gender=Female,gender=Female,gender=Male,0,<=50K | HS-grad | Private,2,2,"{""gender=Female"": ""<=50K"", ""gender=Male"": ""<=50K""}","{""gender=Female"": {""alpha"": 1.0, ""margin"": 0.899203026071039, ""p_observed"": 0.9496015130355195, ""prior_probability"": 0.3531869020347662, ""score"": 0.9496015130355195}, ""gender=Male"": {""alpha"": 1.0, ""margin"": 0.7355442784007449, ""p_observed"": 0.8677721392003723, ""prior_probability"": 0.6468130979652338, ""score"": 0.8677721392003723}}","{""gender=Female"": {""alpha"": 1.0, ""margin"": 0.899203026071039, ""p_observed"": 0.9496015130355195, ""prior_probability"": 0.3531869020347662, ""score"": 0.899203026071039}, ""gender=Male"": {""alpha"": 1.0, ""margin"": 0.7355442784007449, ""p_observed"": 0.8677721392003723, ""prior_probability"": 0.6468130979652338, ""score"": 0.7355442784007449}}","{""gender=Female"": {""alpha"": 2.0, ""margin"": 0.899203026071039, ""p_observed"": 0.9496015130355195, ""prior_probability"": 0.3531869020347662, ""score"": -1.1441835793429276}, ""gender=Male"": {""alpha"": 2.0, ""margin"": 0.7355442784007449, ""p_observed"": 0.8677721392003723, ""prior_probability"": 0.6468130979652338, ""score"": -0.7193501235265047}}"
254,Male,White,gender=Male,<=50K,"{""age"": ""52"", ""workclass"": ""Private"", ""education"": ""12th"", ""educational-num"": ""8"", ""race"": ""White"", ""capital-gain"": ""0"", ""capital-loss"": ""0"", ""hours-per-week"": ""40"", ""native-country"": ""United-States""}",gender=Male,gender=Male,gender=Male,,gender=Female,gender=Female,gender=Male,0,<=50K | 12th | Private,2,2,"{""gender=Female"": ""<=50K"", ""gender=Male"": ""<=50K""}","{""gender=Female"": {""alpha"": 1.0, ""margin"": 0.8351894942844191, ""p_observed"": 0.9175947471422095, ""prior_probability"": 0.345565749235474, ""score"": 0.9175947471422095}, ""gender=Male"": {""alpha"": 1.0, ""margin"": 0.5731229144226881, ""p_observed"": 0.786561457211344, ""prior_probability"": 0.654434250764526, ""score"": 0.786561457211344}}","{""gender=Female"": {""alpha"": 1.0, ""margin"": 0.8351894942844191, ""p_observed"": 0.9175947471422095, ""prior_probability"": 0.345565749235474, ""score"": 0.8351894942844191}, ""gender=Male"": {""alpha"": 1.0, ""margin"": 0.5731229144226881, ""p_observed"": 0.786561457211344, ""prior_probability"": 0.654434250764526, ""score"": 0.5731229144226881}}","{""gender=Female"": {""alpha"": 2.0, ""margin"": 0.8351894942844191, ""p_observed"": 0.9175947471422095, ""prior_probability"": 0.345565749235474, ""score"": -1.2345712276749805}, ""gender=Male"": {""alpha"": 2.0, ""margin"": 0.5731229144226881, ""p_observed"": 0.786561457211344, ""prior_probability"": 0.654434250764526, ""score"": -0.904152994690864}}"
255,Male,White,gender=Male,<=50K,"{""age"": ""31"", ""workclass"": ""Private"", ""education"": ""1st-4th"", ""educational-num"": ""2"", ""race"": ""White"", ""capital-gain"": ""0"", ""capital-loss"": ""0"", ""hours-per-week"": ""45"", ""native-country"": ""United-States""}",gender=Male,gender=Male,gender=Male,,gender=Female,gender=Female,gender=Male,0,<=50K | 1st-4th | Private,2,2,"{""gender=Female"": ""<=50K"", ""gender=Male"": ""<=50K""}","{""gender=Female"": {""alpha"": 1.0, ""margin"": 0.8275666131898329, ""p_observed"": 0.9137833065949165, ""prior_probability"": 0.2535211267605634, ""score"": 0.9137833065949165}, ""gender=Male"": {""alpha"": 1.0, ""margin"": 0.6652101523065799, ""p_observed"": 0.8326050761532902, ""prior_probability"": 0.7464788732394366, ""score"": 0.8326050761532902}}","{""gender=Female"": {""alpha"": 1.0, ""margin"": 0.8275666131898329, ""p_observed"": 0.9137833065949165, ""prior_probability"": 0.2535211267605634, ""score"": 0.8275666131898329}, ""gender=Male"": {""alpha"": 1.0, ""margin"": 0.6652101523065799, ""p_observed"": 0.8326050761532902, ""prior_probability"": 0.7464788732394366, ""score"": 0.6652101523065799}}","{""gender=Female"": {""alpha"": 2.0, ""margin"": 0.8275666131898329, ""p_observed"": 0.9137833065949165, ""prior_probability"": 0.2535211267605634, ""score"": -1.5526317554183051}, ""gender=Male"": {""alpha"": 2.0, ""margin"": 0.6652101523065799, ""p_observed"": 0.8326050761532902, ""prior_probability"": 0.7464788732394366, ""score"": -0.6587796584707131}}"
256,Male,White,gender=Male,<=50K,"{""age"": ""59"", ""workclass"": ""Private"", ""education"": ""HS-grad"", ""educational-num"": ""9"", ""race"": ""White"", ""capital-gain"": ""0"", ""capital-loss"": ""0"", ""hours-per-week"": ""45"", ""native-country"": ""United-States""}",gender=Male,gender=Male,gender=Male,,gender=Female,gender=Female,gender=Male,0,<=50K | HS-grad | Private,2,2,"{""gender=Female"": ""<=50K"", ""gender=Male"": ""<=50K""}","{""gender=Female"": {""alpha"": 1.0, ""margin"": 0.7809038083271743, ""p_observed"": 0.890451904163587, ""prior_probability"": 0.3531869020347662, ""score"": 0.890451904163587}, ""gender=Male"": {""alpha"": 1.0, ""margin"": 0.4357514758936494, ""p_observed"": 0.7178757379468247, ""prior_probability"": 0.6468130979652338, ""score"": 0.7178757379468247}}","{""gender=Female"": {""alpha"": 1.0, ""margin"": 0.7809038083271743, ""p_observed"": 0.890451904163587, ""prior_probability"": 0.3531869020347662, ""score"": 0.7809038083271743}, ""gender=Male"": {""alpha"": 1.0, ""margin"": 0.4357514758936494, ""p_observed"": 0.7178757379468247, ""prior_probability"": 0.6468130979652338, ""score"": 0.4357514758936494}}","{""gender=Female"": {""alpha"": 2.0, ""margin"": 0.7809038083271743, ""p_observed"": 0.890451904163587, ""prior_probability"": 0.3531869020347662, ""score"": -1.2728102699147037}, ""gender=Male"": {""alpha"": 2.0, ""margin"": 0.4357514758936494, ""p_observed"": 0.7178757379468247, ""prior_probability"": 0.6468130979652338, ""score"": -1.0986154847504503}}"
257,Female,White,gender=Female,<=50K,"{""age"": ""37"", ""workclass"": ""Private"", ""education"": ""Bachelors"", ""educational-num"": ""13"", ""race"": ""White"", ""capital-gain"": ""0"", ""capital-loss"": ""0"", ""hours-per-week"": ""50"", ""native-country"": ""United-States""}",gender=Male,gender=Male,gender=Female,,gender=Female,gender=Female,gender=Female,0,<=50K | Bachelors | Private,2,2,"{""gender=Female"": ""<=50K"", ""gender=Male"": "">50K""}","{""gender=Female"": {""alpha"": 1.0, ""margin"": 0.3422679486593508, ""p_observed"": 0.6711339743296754, ""prior_probability"": 0.4140684410646388, ""score"": 0.6711339743296754}, ""gender=Male"": {""alpha"": 1.0, ""margin"": -0.18068564556354727, ""p_observed"": 0.40965717721822636, ""prior_probability"": 0.5859315589353612, ""score"": 0.40965717721822636}}","{""gender=Female"": {""alpha"": 1.0, ""margin"": 0.3422679486593508, ""p_observed"": 0.6711339743296754, ""prior_probability"": 0.4140684410646388, ""score"": 0.3422679486593508}, ""gender=Male"": {""alpha"": 1.0, ""margin"": -0.18068564556354727, ""p_observed"": 0.40965717721822636, ""prior_probability"": 0.5859315589353612, ""score"": -0.18068564556354727}}","{""gender=Female"": {""alpha"": 2.0, ""margin"": 0.3422679486593508, ""p_observed"": 0.6711339743296754, ""prior_probability"": 0.4140684410646388, ""score"": -1.6792969987588615}, ""gender=Male"": {""alpha"": 2.0, ""margin"": -0.18068564556354727, ""p_observed"": 0.40965717721822636, ""prior_probability"": 0.5859315589353612, ""score"": -2.319421534213843}}"
258,Female,White,gender=Female,<=50K,"{""age"": ""22"", ""workclass"": ""Private"", ""education"": ""Some-college"", ""educational-num"": ""10"", ""race"": ""White"", ""capital-gain"": ""0"", ""capital-loss"": ""0"", ""hours-per-week"": ""28"", ""native-country"": ""United-States""}",gender=Male,gender=Male,gender=Male,,gender=Female,gender=Female,gender=Male,0,<=50K | Some-college | Private,2,2,"{""gender=Female"": ""<=50K"", ""gender=Male"": ""<=50K""}","{""gender=Female"": {""alpha"": 1.0, ""margin"": 0.9526486135121048, ""p_observed"": 0.9763243067560523, ""prior_probability"": 0.44275132275132273, ""score"": 0.9763243067560523}, ""gender=Male"": {""alpha"": 1.0, ""margin"": 0.8961494320669896, ""p_observed"": 0.9480747160334946, ""prior_probability"": 0.5572486772486772, ""score"": 0.9480747160334946}}","{""gender=Female"": {""alpha"": 1.0, ""margin"": 0.9526486135121048, ""p_observed"": 0.9763243067560523, ""prior_probability"": 0.44275132275132273, ""score"": 0.9526486135121048}, ""gender=Male"": {""alpha"": 1.0, ""margin"": 0.8961494320669896, ""p_observed"": 0.9480747160334946, ""prior_probability"": 0.5572486772486772, ""score"": 0.8961494320669896}}","{""gender=Female"": {""alpha"": 2.0, ""margin"": 0.9526486135121048, ""p_observed"": 0.9763243067560523, ""prior_probability"": 0.44275132275132273, ""score"": -0.8626679472429727}, ""gender=Male"": {""alpha"": 2.0, ""margin"": 0.8961494320669896, ""p_observed"": 0.9480747160334946, ""prior_probability"": 0.5572486772486772, ""score"": -0.6913876113344979}}"
259,Male,White,gender=Male,>50K,"{""age"": ""61"", ""workclass"": ""Federal-gov"", ""education"": ""Some-college"", ""educational-num"": ""10"", ""race"": ""White"", ""capital-gain"": ""9386"", ""capital-loss"": ""0"", ""hours-per-week"": ""40"", ""native-country"": ""United-States""}",gender=Male,gender=Male,gender=Male,,gender=Male,gender=Male,gender=Male,0,>50K | Some-college | Federal-gov,2,2,"{""gender=Female"": "">50K"", ""gender=Male"": "">50K""}","{""gender=Female"": {""alpha"": 1.0, ""margin"": 0.4330384401323332, ""p_observed"": 0.7165192200661664, ""prior_probability"": 0.1390946502057613, ""score"": 0.7165192200661664}, ""gender=Male"": {""alpha"": 1.0, ""margin"": 0.6409089895652553, ""p_observed"": 0.8204544947826277, ""prior_probability"": 0.8609053497942387, ""score"": 0.8204544947826277}}","{""gender=Female"": {""alpha"": 1.0, ""margin"": 0.4330384401323332, ""p_observed"": 0.7165192200661664, ""prior_probability"": 0.1390946502057613, ""score"": 0.4330384401323332}, ""gender=Male"": {""alpha"": 1.0, ""margin"": 0.6409089895652553, ""p_observed"": 0.8204544947826277, ""prior_probability"": 0.8609053497942387, ""score"": 0.6409089895652553}}","{""gender=Female"": {""alpha"": 2.0, ""margin"": 0.4330384401323332, ""p_observed"": 0.7165192200661664, ""prior_probability"": 0.1390946502057613, ""score"": -2.639301055128294}, ""gender=Male"": {""alpha"": 2.0, ""margin"": 0.6409089895652553, ""p_observed"": 0.8204544947826277, ""prior_probability"": 0.8609053497942387, ""score"": -0.5455643718302088}}"
260,Male,White,gender=Male,<=50K,"{""age"": ""47"", ""workclass"": ""Private"", ""education"": ""HS-grad"", ""educational-num"": ""9"", ""race"": ""White"", ""capital-gain"": ""0"", ""capital-loss"": ""0"", ""hours-per-week"": ""60"", ""native-country"": ""United-States""}",gender=Male,gender=Male,gender=Male,,gender=Female,gender=Female,gender=Male,0,<=50K | HS-grad | Private,2,2,"{""gender=Female"": ""<=50K"", ""gender=Male"": ""<=50K""}","{""gender=Female"": {""alpha"": 1.0, ""margin"": 0.752781583060596, ""p_observed"": 0.8763907915302976, ""prior_probability"": 0.3531869020347662, ""score"": 0.8763907915302976}, ""gender=Male"": {""alpha"": 1.0, ""margin"": 0.43144005285729614, ""p_observed"": 0.7157200264286481, ""prior_probability"": 0.6468130979652338, ""score"": 0.7157200264286481}}","{""gender=Female"": {""alpha"": 1.0, ""margin"": 0.752781583060596, ""p_observed"": 0.8763907915302976, ""prior_probability"": 0.3531869020347662, ""score"": 0.752781583060596}, ""gender=Male"": {""alpha"": 1.0, ""margin"": 0.43144005285729614, ""p_observed"": 0.7157200264286481, ""prior_probability"": 0.6468130979652338, ""score"": 0.43144005285729614}}","{""gender=Female"": {""alpha"": 2.0, ""margin"": 0.752781583060596, ""p_observed"": 0.8763907915302976, ""prior_probability"": 0.3531869020347662, ""score"": -1.304644251586635}, ""gender=Male"": {""alpha"": 2.0, ""margin"": 0.43144005285729614, ""p_observed"": 0.7157200264286481, ""prior_probability"": 0.6468130979652338, ""score"": -1.1046303271391846}}"
261,Male,White,gender=Male,<=50K,"{""age"": ""23"", ""workclass"": ""Private"", ""education"": ""10th"", ""educational-num"": ""6"", ""race"": ""White"", ""capital-gain"": ""0"", ""capital-loss"": ""0"", ""hours-per-week"": ""40"", ""native-country"": ""Mexico""}",gender=Male,gender=Male,gender=Male,,gender=Female,gender=Female,gender=Male,0,<=50K | 10th | Private,2,2,"{""gender=Female"": ""<=50K"", ""gender=Male"": ""<=50K""}","{""gender=Female"": {""alpha"": 1.0, ""margin"": 0.9718438168304316, ""p_observed"": 0.9859219084152159, ""prior_probability"": 0.3323572474377745, ""score"": 0.9859219084152159}, ""gender=Male"": {""alpha"": 1.0, ""margin"": 0.9384316154729835, ""p_observed"": 0.9692158077364917, ""prior_probability"": 0.6676427525622255, ""score"": 0.9692158077364917}}","{""gender=Female"": {""alpha"": 1.0, ""margin"": 0.9718438168304316, ""p_observed"": 0.9859219084152159, ""prior_probability"": 0.3323572474377745, ""score"": 0.9718438168304316}, ""gender=Male"": {""alpha"": 1.0, ""margin"": 0.9384316154729835, ""p_observed"": 0.9692158077364917, ""prior_probability"": 0.6676427525622255, ""score"": 0.9384316154729835}}","{""gender=Female"": {""alpha"": 2.0, ""margin"": 0.9718438168304316, ""p_observed"": 0.9859219084152159, ""prior_probability"": 0.3323572474377745, ""score"": -1.1299010979019188}, ""gender=Male"": {""alpha"": 2.0, ""margin"": 0.9384316154729835, ""p_observed"": 0.9692158077364917, ""prior_probability"": 0.6676427525622255, ""score"": -0.4665380102275992}}"
262,Male,White,gender=Male,>50K,"{""age"": ""31"", ""workclass"": ""Private"", ""education"": ""Masters"", ""educational-num"": ""14"", ""race"": ""White"", ""capital-gain"": ""0"", ""capital-loss"": ""0"", ""hours-per-week"": ""40"", ""native-country"": ""United-States""}",gender=Male,gender=Male,gender=Male,,gender=Male,gender=Male,gender=Male,0,>50K | Masters | Private,2,2,"{""gender=Female"": ""<=50K"", ""gender=Male"": "">50K""}","{""gender=Female"": {""alpha"": 1.0, ""margin"": -0.45506032608372377, ""p_observed"": 0.27246983695813815, ""prior_probability"": 0.18875, ""score"": 0.27246983695813815}, ""gender=Male"": {""alpha"": 1.0, ""margin"": 0.027502053159289885, ""p_observed"": 0.513751026579645, ""prior_probability"": 0.81125, ""score"": 0.513751026579645}}","{""gender=Female"": {""alpha"": 1.0, ""margin"": -0.45506032608372377, ""p_observed"": 0.27246983695813815, ""prior_probability"": 0.18875, ""score"": -0.45506032608372377}, ""gender=Male"": {""alpha"": 1.0, ""margin"": 0.027502053159289885, ""p_observed"": 0.513751026579645, ""prior_probability"": 0.81125, ""score"": 0.027502053159289885}}","{""gender=Female"": {""alpha"": 2.0, ""margin"": -0.45506032608372377, ""p_observed"": 0.27246983695813815, ""prior_probability"": 0.18875, ""score"": -4.2677866129876305}, ""gender=Male"": {""alpha"": 2.0, ""margin"": 0.027502053159289885, ""p_observed"": 0.513751026579645, ""prior_probability"": 0.81125, ""score"": -1.541212040894106}}"
263,Male,White,gender=Male,<=50K,"{""age"": ""27"", ""workclass"": ""Private"", ""education"": ""HS-grad"", ""educational-num"": ""9"", ""race"": ""White"", ""capital-gain"": ""0"", ""capital-loss"": ""0"", ""hours-per-week"": ""40"", ""native-country"": ""United-States""}",gender=Male,gender=Male,gender=Male,,gender=Female,gender=Female,gender=Male,0,<=50K | HS-grad | Private,2,2,"{""gender=Female"": ""<=50K"", ""gender=Male"": ""<=50K""}","{""gender=Female"": {""alpha"": 1.0, ""margin"": 0.917475587486382, ""p_observed"": 0.958737793743191, ""prior_probability"": 0.3531869020347662, ""score"": 0.958737793743191}, ""gender=Male"": {""alpha"": 1.0, ""margin"": 0.826030873098181, ""p_observed"": 0.9130154365490905, ""prior_probability"": 0.6468130979652338, ""score"": 0.9130154365490905}}","{""gender=Female"": {""alpha"": 1.0, ""margin"": 0.917475587486382, ""p_observed"": 0.958737793743191, ""prior_probability"": 0.3531869020347662, ""score"": 0.917475587486382}, ""gender=Male"": {""alpha"": 1.0, ""margin"": 0.826030873098181, ""p_observed"": 0.9130154365490905, ""prior_probability"": 0.6468130979652338, ""score"": 0.826030873098181}}","{""gender=Female"": {""alpha"": 2.0, ""margin"": 0.917475587486382, ""p_observed"": 0.958737793743191, ""prior_probability"": 0.3531869020347662, ""score"": -1.1250332102666063}, ""gender=Male"": {""alpha"": 2.0, ""margin"": 0.826030873098181, ""p_observed"": 0.9130154365490905, ""prior_probability"": 0.6468130979652338, ""score"": -0.6177028831308649}}"
264,Female,White,gender=Female,>50K,"{""age"": ""39"", ""workclass"": ""Private"", ""education"": ""Some-college"", ""educational-num"": ""10"", ""race"": ""White"", ""capital-gain"": ""0"", ""capital-loss"": ""0"", ""hours-per-week"": ""45"", ""native-country"": ""United-States""}",gender=Male,gender=Male,gender=Male,,gender=Male,gender=Male,gender=Male,0,>50K | Some-college | Private,2,2,"{""gender=Female"": ""<=50K"", ""gender=Male"": ""<=50K""}","{""gender=Female"": {""alpha"": 1.0, ""margin"": -0.7149034222825814, ""p_observed"": 0.14254828885870913, ""prior_probability"": 0.1390946502057613, ""score"": 0.14254828885870913}, ""gender=Male"": {""alpha"": 1.0, ""margin"": -0.28753841288937243, ""p_observed"": 0.35623079355531384, ""prior_probability"": 0.8609053497942387, ""score"": 0.35623079355531384}}","{""gender=Female"": {""alpha"": 1.0, ""margin"": -0.7149034222825814, ""p_observed"": 0.14254828885870913, ""prior_probability"": 0.1390946502057613, ""score"": -0.7149034222825814}, ""gender=Male"": {""alpha"": 1.0, ""margin"": -0.28753841288937243, ""p_observed"": 0.35623079355531384, ""prior_probability"": 0.8609053497942387, ""score"": -0.28753841288937243}}","{""gender=Female"": {""alpha"": 2.0, ""margin"": -0.7149034222825814, ""p_observed"": 0.14254828885870913, ""prior_probability"": 0.1390946502057613, ""score"": -5.86874957583698}, ""gender=Male"": {""alpha"": 2.0, ""margin"": -0.28753841288937243, ""p_observed"": 0.35623079355531384, ""prior_probability"": 0.8609053497942387, ""score"": -2.2141236345094097}}"
265,Male,White,gender=Male,<=50K,"{""age"": ""50"", ""workclass"": ""Private"", ""education"": ""10th"", ""educational-num"": ""6"", ""race"": ""White"", ""capital-gain"": ""0"", ""capital-loss"": ""0"", ""hours-per-week"": ""32"", ""native-country"": ""United-States""}",gender=Male,gender=Male,gender=Male,,gender=Female,gender=Female,gender=Male,0,<=50K | 10th | Private,2,2,"{""gender=Female"": ""<=50K"", ""gender=Male"": ""<=50K""}","{""gender=Female"": {""alpha"": 1.0, ""margin"": 0.9067541798674377, ""p_observed"": 0.9533770899337188, ""prior_probability"": 0.3323572474377745, ""score"": 0.9533770899337188}, ""gender=Male"": {""alpha"": 1.0, ""margin"": 0.7015866990948052, ""p_observed"": 0.8507933495474027, ""prior_probability"": 0.6676427525622255, ""score"": 0.8507933495474027}}","{""gender=Female"": {""alpha"": 1.0, ""margin"": 0.9067541798674377, ""p_observed"": 0.9533770899337188, ""prior_probability"": 0.3323572474377745, ""score"": 0.9067541798674377}, ""gender=Male"": {""alpha"": 1.0, ""margin"": 0.7015866990948052, ""p_observed"": 0.8507933495474027, ""prior_probability"": 0.6676427525622255, ""score"": 0.7015866990948052}}","{""gender=Female"": {""alpha"": 2.0, ""margin"": 0.9067541798674377, ""p_observed"": 0.9533770899337188, ""prior_probability"": 0.3323572474377745, ""score"": -1.1970343748049492}, ""gender=Male"": {""alpha"": 2.0, ""margin"": 0.7015866990948052, ""p_observed"": 0.8507933495474027, ""prior_probability"": 0.6676427525622255, ""score"": -0.7271740748395756}}"
266,Male,White,gender=Male,<=50K,"{""age"": ""46"", ""workclass"": ""Private"", ""education"": ""Some-college"", ""educational-num"": ""10"", ""race"": ""White"", ""capital-gain"": ""0"", ""capital-loss"": ""0"", ""hours-per-week"": ""40"", ""native-country"": ""United-States""}",gender=Male,gender=Male,gender=Male,,gender=Female,gender=Female,gender=Female,0,<=50K | Some-college | Private,2,2,"{""gender=Female"": ""<=50K"", ""gender=Male"": ""<=50K""}","{""gender=Female"": {""alpha"": 1.0, ""margin"": 0.7847542616499616, ""p_observed"": 0.8923771308249808, ""prior_probability"": 0.44275132275132273, ""score"": 0.8923771308249808}, ""gender=Male"": {""alpha"": 1.0, ""margin"": 0.37254339401870745, ""p_observed"": 0.6862716970093536, ""prior_probability"": 0.5572486772486772, ""score"": 0.6862716970093536}}","{""gender=Female"": {""alpha"": 1.0, ""margin"": 0.7847542616499616, ""p_observed"": 0.8923771308249808, ""prior_probability"": 0.44275132275132273, ""score"": 0.7847542616499616}, ""gender=Male"": {""alpha"": 1.0, ""margin"": 0.37254339401870745, ""p_observed"": 0.6862716970093536, ""prior_probability"": 0.5572486772486772, ""score"": 0.37254339401870745}}","{""gender=Female"": {""alpha"": 2.0, ""margin"": 0.7847542616499616, ""p_observed"": 0.8923771308249808, ""prior_probability"": 0.44275132275132273, ""score"": -1.0424799014409607}, ""gender=Male"": {""alpha"": 2.0, ""margin"": 0.37254339401870745, ""p_observed"": 0.6862716970093536, ""prior_probability"": 0.5572486772486772, ""score"": -1.3377070202051833}}"
267,Male,White,gender=Male,>50K,"{""age"": ""50"", ""workclass"": ""Private"", ""education"": ""Prof-school"", ""educational-num"": ""15"", ""race"": ""White"", ""capital-gain"": ""0"", ""capital-loss"": ""0"", ""hours-per-week"": ""36"", ""native-country"": ""United-States""}",gender=Male,gender=Male,gender=Male,,gender=Male,gender=Male,gender=Male,0,>50K | Prof-school | Private,2,2,"{""gender=Female"": ""<=50K"", ""gender=Male"": "">50K""}","{""gender=Female"": {""alpha"": 1.0, ""margin"": -0.32950368542586506, ""p_observed"": 0.3352481572870676, ""prior_probability"": 0.10638297872340426, ""score"": 0.3352481572870676}, ""gender=Male"": {""alpha"": 1.0, ""margin"": 0.24293057378911148, ""p_observed"": 0.6214652868945556, ""prior_probability"": 0.8936170212765957, ""score"": 0.6214652868945556}}","{""gender=Female"": {""alpha"": 1.0, ""margin"": -0.32950368542586506, ""p_observed"": 0.3352481572870676, ""prior_probability"": 0.10638297872340426, ""score"": -0.32950368542586506}, ""gender=Male"": {""alpha"": 1.0, ""margin"": 0.24293057378911148, ""p_observed"": 0.6214652868945556, ""prior_probability"": 0.8936170212765957, ""score"": 0.24293057378911148}}","{""gender=Female"": {""alpha"": 2.0, ""margin"": -0.32950368542586506, ""p_observed"": 0.3352481572870676, ""prior_probability"": 0.10638297872340426, ""score"": -4.426478196014325}, ""gender=Male"": {""alpha"": 2.0, ""margin"": 0.24293057378911148, ""p_observed"": 0.6214652868945556, ""prior_probability"": 0.8936170212765957, ""score"": -1.0638284301086092}}"
268,Male,White,gender=Male,>50K,"{""age"": ""52"", ""workclass"": ""Self-emp-not-inc"", ""education"": ""Bachelors"", ""educational-num"": ""13"", ""race"": ""White"", ""capital-gain"": ""15024"", ""capital-loss"": ""0"", ""hours-per-week"": ""55"", ""native-country"": ""United-States""}",gender=Male,gender=Male,gender=Male,,gender=Male,gender=Male,gender=Male,0,>50K | Bachelors | Self-emp-not-inc,2,2,"{""gender=Female"": "">50K"", ""gender=Male"": "">50K""}","{""gender=Female"": {""alpha"": 1.0, ""margin"": 0.7037827444561273, ""p_observed"": 0.8518913722280637, ""prior_probability"": 0.15218508997429306, ""score"": 0.8518913722280637}, ""gender=Male"": {""alpha"": 1.0, ""margin"": 0.8243290601161992, ""p_observed"": 0.9121645300580996, ""prior_probability"": 0.847814910025707, ""score"": 0.9121645300580996}}","{""gender=Female"": {""alpha"": 1.0, ""margin"": 0.7037827444561273, ""p_observed"": 0.8518913722280637, ""prior_probability"": 0.15218508997429306, ""score"": 0.7037827444561273}, ""gender=Male"": {""alpha"": 1.0, ""margin"": 0.8243290601161992, ""p_observed"": 0.9121645300580996, ""prior_probability"": 0.847814910025707, ""score"": 0.8243290601161992}}","{""gender=Female"": {""alpha"": 2.0, ""margin"": 0.7037827444561273, ""p_observed"": 0.8518913722280637, ""prior_probability"": 0.15218508997429306, ""score"": -2.2032503170608977}, ""gender=Male"": {""alpha"": 2.0, ""margin"": 0.8243290601161992, ""p_observed"": 0.9121645300580996, ""prior_probability"": 0.847814910025707, ""score"": -0.3489627323199652}}"
269,Female,White,gender=Female,<=50K,"{""age"": ""18"", ""workclass"": ""Private"", ""education"": ""12th"", ""educational-num"": ""8"", ""race"": ""White"", ""capital-gain"": ""0"", ""capital-loss"": ""0"", ""hours-per-week"": ""30"", ""native-country"": ""United-States""}",gender=Male,gender=Male,gender=Male,,gender=Female,gender=Female,gender=Male,0,<=50K | 12th | Private,2,2,"{""gender=Female"": ""<=50K"", ""gender=Male"": ""<=50K""}","{""gender=Female"": {""alpha"": 1.0, ""margin"": 0.9703259341760008, ""p_observed"": 0.9851629670880001, ""prior_probability"": 0.345565749235474, ""score"": 0.9851629670880001}, ""gender=Male"": {""alpha"": 1.0, ""margin"": 0.9284616091472878, ""p_observed"": 0.9642308045736439, ""prior_probability"": 0.654434250764526, ""score"": 0.9642308045736439}}","{""gender=Female"": {""alpha"": 1.0, ""margin"": 0.9703259341760008, ""p_observed"": 0.9851629670880001, ""prior_probability"": 0.345565749235474, ""score"": 0.9703259341760008}, ""gender=Male"": {""alpha"": 1.0, ""margin"": 0.9284616091472878, ""p_observed"": 0.9642308045736439, ""prior_probability"": 0.654434250764526, ""score"": 0.9284616091472878}}","{""gender=Female"": {""alpha"": 2.0, ""margin"": 0.9703259341760008, ""p_observed"": 0.9851629670880001, ""prior_probability"": 0.345565749235474, ""score"": -1.0924687575346932}, ""gender=Male"": {""alpha"": 2.0, ""margin"": 0.9284616091472878, ""p_observed"": 0.9642308045736439, ""prior_probability"": 0.654434250764526, ""score"": -0.4968333342700462}}"
270,Female,Black,gender=Female,<=50K,"{""age"": ""29"", ""workclass"": ""Private"", ""education"": ""Some-college"", ""educational-num"": ""10"", ""race"": ""Black"", ""capital-gain"": ""0"", ""capital-loss"": ""0"", ""hours-per-week"": ""40"", ""native-country"": ""United-States""}",gender=Male,gender=Male,gender=Male,,gender=Female,gender=Female,gender=Male,0,<=50K | Some-college | Private,2,2,"{""gender=Female"": ""<=50K"", ""gender=Male"": ""<=50K""}","{""gender=Female"": {""alpha"": 1.0, ""margin"": 0.9187649943769829, ""p_observed"": 0.9593824971884912, ""prior_probability"": 0.44275132275132273, ""score"": 0.9593824971884912}, ""gender=Male"": {""alpha"": 1.0, ""margin"": 0.789915732071666, ""p_observed"": 0.8949578660358328, ""prior_probability"": 0.5572486772486772, ""score"": 0.8949578660358328}}","{""gender=Female"": {""alpha"": 1.0, ""margin"": 0.9187649943769829, ""p_observed"": 0.9593824971884912, ""prior_probability"": 0.44275132275132273, ""score"": 0.9187649943769829}, ""gender=Male"": {""alpha"": 1.0, ""margin"": 0.789915732071666, ""p_observed"": 0.8949578660358328, ""prior_probability"": 0.5572486772486772, ""score"": 0.789915732071666}}","{""gender=Female"": {""alpha"": 2.0, ""margin"": 0.9187649943769829, ""p_observed"": 0.9593824971884912, ""prior_probability"": 0.44275132275132273, ""score"": -0.8976778818992212}, ""gender=Male"": {""alpha"": 2.0, ""margin"": 0.789915732071666, ""p_observed"": 0.8949578660358328, ""prior_probability"": 0.5572486772486772, ""score"": -0.8067009581722866}}"
271,Male,White,gender=Male,>50K,"{""age"": ""35"", ""workclass"": ""Self-emp-inc"", ""education"": ""Prof-school"", ""educational-num"": ""15"", ""race"": ""White"", ""capital-gain"": ""0"", ""capital-loss"": ""0"", ""hours-per-week"": ""50"", ""native-country"": ""United-States""}",gender=Male,gender=Male,gender=Male,,gender=Male,gender=Male,gender=Male,0,>50K | Prof-school | Self-emp-inc,2,2,"{""gender=Female"": "">50K"", ""gender=Male"": "">50K""}","{""gender=Female"": {""alpha"": 1.0, ""margin"": 0.22535152552987686, ""p_observed"": 0.6126757627649384, ""prior_probability"": 0.10638297872340426, ""score"": 0.6126757627649384}, ""gender=Male"": {""alpha"": 1.0, ""margin"": 0.5977024799605178, ""p_observed"": 0.7988512399802589, ""prior_probability"": 0.8936170212765957, ""score"": 0.7988512399802589}}","{""gender=Female"": {""alpha"": 1.0, ""margin"": 0.22535152552987686, ""p_observed"": 0.6126757627649384, ""prior_probability"": 0.10638297872340426, ""score"": 0.22535152552987686}, ""gender=Male"": {""alpha"": 1.0, ""margin"": 0.5977024799605178, ""p_observed"": 0.7988512399802589, ""prior_probability"": 0.8936170212765957, ""score"": 0.5977024799605178}}","{""gender=Female"": {""alpha"": 2.0, ""margin"": 0.22535152552987686, ""p_observed"": 0.6126757627649384, ""prior_probability"": 0.10638297872340426, ""score"": -3.220548525500088}, ""gender=Male"": {""alpha"": 2.0, ""margin"": 0.5977024799605178, ""p_observed"": 0.7988512399802589, ""prior_probability"": 0.8936170212765957, ""score"": -0.5616390500329714}}"
272,Male,White,gender=Male,<=50K,"{""age"": ""45"", ""workclass"": ""Private"", ""education"": ""HS-grad"", ""educational-num"": ""9"", ""race"": ""White"", ""capital-gain"": ""0"", ""capital-loss"": ""0"", ""hours-per-week"": ""40"", ""native-country"": ""United-States""}",gender=Male,gender=Male,gender=Male,,gender=Female,gender=Female,gender=Male,0,<=50K | HS-grad | Private,2,2,"{""gender=Female"": ""<=50K"", ""gender=Male"": ""<=50K""}","{""gender=Female"": {""alpha"": 1.0, ""margin"": 0.809621210804284, ""p_observed"": 0.9048106054021419, ""prior_probability"": 0.3531869020347662, ""score"": 0.9048106054021419}, ""gender=Male"": {""alpha"": 1.0, ""margin"": 0.518802528080867, ""p_observed"": 0.7594012640404334, ""prior_probability"": 0.6468130979652338, ""score"": 0.7594012640404334}}","{""gender=Female"": {""alpha"": 1.0, ""margin"": 0.809621210804284, ""p_observed"": 0.9048106054021419, ""prior_probability"": 0.3531869020347662, ""score"": 0.809621210804284}, ""gender=Male"": {""alpha"": 1.0, ""margin"": 0.518802528080867, ""p_observed"": 0.7594012640404334, ""prior_probability"": 0.6468130979652338, ""score"": 0.518802528080867}}","{""gender=Female"": {""alpha"": 2.0, ""margin"": 0.809621210804284, ""p_observed"": 0.9048106054021419, ""prior_probability"": 0.3531869020347662, ""score"": -1.2408171606110967}, ""gender=Male"": {""alpha"": 2.0, ""margin"": 0.518802528080867, ""p_observed"": 0.7594012640404334, ""prior_probability"": 0.6468130979652338, ""score"": -0.9861478343954013}}"
273,Male,White,gender=Male,>50K,"{""age"": ""36"", ""workclass"": ""Self-emp-not-inc"", ""education"": ""Prof-school"", ""educational-num"": ""15"", ""race"": ""White"", ""capital-gain"": ""0"", ""capital-loss"": ""0"", ""hours-per-week"": ""30"", ""native-country"": ""United-States""}",gender=Male,gender=Male,gender=Male,,gender=Male,gender=Male,gender=Male,0,>50K | Prof-school | Self-emp-not-inc,2,2,"{""gender=Female"": ""<=50K"", ""gender=Male"": "">50K""}","{""gender=Female"": {""alpha"": 1.0, ""margin"": -0.227842392642839, ""p_observed"": 0.3860788036785806, ""prior_probability"": 0.10638297872340426, ""score"": 0.3860788036785806}, ""gender=Male"": {""alpha"": 1.0, ""margin"": 0.23865492047745523, ""p_observed"": 0.6193274602387275, ""prior_probability"": 0.8936170212765957, ""score"": 0.6193274602387275}}","{""gender=Female"": {""alpha"": 1.0, ""margin"": -0.227842392642839, ""p_observed"": 0.3860788036785806, ""prior_probability"": 0.10638297872340426, ""score"": -0.227842392642839}, ""gender=Male"": {""alpha"": 1.0, ""margin"": 0.23865492047745523, ""p_observed"": 0.6193274602387275, ""prior_probability"": 0.8936170212765957, ""score"": 0.23865492047745523}}","{""gender=Female"": {""alpha"": 2.0, ""margin"": -0.227842392642839, ""p_observed"": 0.3860788036785806, ""prior_probability"": 0.10638297872340426, ""score"": -4.1441372407685595}, ""gender=Male"": {""alpha"": 2.0, ""margin"": 0.23865492047745523, ""p_observed"": 0.6193274602387275, ""prior_probability"": 0.8936170212765957, ""score"": -1.0707202459294107}}"
274,Female,White,gender=Female,<=50K,"{""age"": ""44"", ""workclass"": ""Private"", ""education"": ""7th-8th"", ""educational-num"": ""4"", ""race"": ""White"", ""capital-gain"": ""0"", ""capital-loss"": ""0"", ""hours-per-week"": ""40"", ""native-country"": ""Dominican-Republic""}",gender=Male,gender=Male,gender=Male,,gender=Female,gender=Female,gender=Male,0,<=50K | 7th-8th | Private,2,2,"{""gender=Female"": ""<=50K"", ""gender=Male"": ""<=50K""}","{""gender=Female"": {""alpha"": 1.0, ""margin"": 0.8959891221123394, ""p_observed"": 0.9479945610561696, ""prior_probability"": 0.2653061224489796, ""score"": 0.9479945610561696}, ""gender=Male"": {""alpha"": 1.0, ""margin"": 0.7436519988029124, ""p_observed"": 0.8718259994014561, ""prior_probability"": 0.7346938775510204, ""score"": 0.8718259994014561}}","{""gender=Female"": {""alpha"": 1.0, ""margin"": 0.8959891221123394, ""p_observed"": 0.9479945610561696, ""prior_probability"": 0.2653061224489796, ""score"": 0.8959891221123394}, ""gender=Male"": {""alpha"": 1.0, ""margin"": 0.7436519988029124, ""p_observed"": 0.8718259994014561, ""prior_probability"": 0.7346938775510204, ""score"": 0.7436519988029124}}","{""gender=Female"": {""alpha"": 2.0, ""margin"": 0.8959891221123394, ""p_observed"": 0.9479945610561696, ""prior_probability"": 0.2653061224489796, ""score"": -1.4336839687012797}, ""gender=Male"": {""alpha"": 2.0, ""margin"": 0.7436519988029124, ""p_observed"": 0.8718259994014561, ""prior_probability"": 0.7346938775510204, ""score"": -0.5826321935647415}}"
275,Male,Amer-Indian-Eskimo,gender=Male,<=50K,"{""age"": ""28"", ""workclass"": ""Private"", ""education"": ""HS-grad"", ""educational-num"": ""9"", ""race"": ""Amer-Indian-Eskimo"", ""capital-gain"": ""0"", ""capital-loss"": ""0"", ""hours-per-week"": ""45"", ""native-country"": ""United-States""}",gender=Male,gender=Male,gender=Male,,gender=Female,gender=Female,gender=Male,0,<=50K | HS-grad | Private,2,2,"{""gender=Female"": ""<=50K"", ""gender=Male"": ""<=50K""}","{""gender=Female"": {""alpha"": 1.0, ""margin"": 0.8890847796691628, ""p_observed"": 0.9445423898345817, ""prior_probability"": 0.3531869020347662, ""score"": 0.9445423898345817}, ""gender=Male"": {""alpha"": 1.0, ""margin"": 0.8002716974134091, ""p_observed"": 0.9001358487067046, ""prior_probability"": 0.6468130979652338, ""score"": 0.9001358487067046}}","{""gender=Female"": {""alpha"": 1.0, ""margin"": 0.8890847796691628, ""p_observed"": 0.9445423898345817, ""prior_probability"": 0.3531869020347662, ""score"": 0.8890847796691628}, ""gender=Male"": {""alpha"": 1.0, ""margin"": 0.8002716974134091, ""p_observed"": 0.9001358487067046, ""prior_probability"": 0.6468130979652338, ""score"": 0.8002716974134091}}","{""gender=Female"": {""alpha"": 2.0, ""margin"": 0.8890847796691628, ""p_observed"": 0.9445423898345817, ""prior_probability"": 0.3531869020347662, ""score"": -1.154867319313649}, ""gender=Male"": {""alpha"": 2.0, ""margin"": 0.8002716974134091, ""p_observed"": 0.9001358487067046, ""prior_probability"": 0.6468130979652338, ""score"": -0.6461170691564039}}"
276,Male,White,gender=Male,<=50K,"{""age"": ""23"", ""workclass"": ""Private"", ""education"": ""Some-college"", ""educational-num"": ""10"", ""race"": ""White"", ""capital-gain"": ""0"", ""capital-loss"": ""0"", ""hours-per-week"": ""40"", ""native-country"": ""United-States""}",gender=Male,gender=Male,gender=Male,,gender=Female,gender=Female,gender=Male,0,<=50K | Some-college | Private,2,2,"{""gender=Female"": ""<=50K"", ""gender=Male"": ""<=50K""}","{""gender=Female"": {""alpha"": 1.0, ""margin"": 0.9289565198623899, ""p_observed"": 0.9644782599311948, ""prior_probability"": 0.44275132275132273, ""score"": 0.9644782599311948}, ""gender=Male"": {""alpha"": 1.0, ""margin"": 0.8538709685183076, ""p_observed"": 0.9269354842591537, ""prior_probability"": 0.5572486772486772, ""score"": 0.9269354842591537}}","{""gender=Female"": {""alpha"": 1.0, ""margin"": 0.9289565198623899, ""p_observed"": 0.9644782599311948, ""prior_probability"": 0.44275132275132273, ""score"": 0.9289565198623899}, ""gender=Male"": {""alpha"": 1.0, ""margin"": 0.8538709685183076, ""p_observed"": 0.9269354842591537, ""prior_probability"": 0.5572486772486772, ""score"": 0.8538709685183076}}","{""gender=Female"": {""alpha"": 2.0, ""margin"": 0.9289565198623899, ""p_observed"": 0.9644782599311948, ""prior_probability"": 0.44275132275132273, ""score"": -0.8870829890189962}, ""gender=Male"": {""alpha"": 2.0, ""margin"": 0.8538709685183076, ""p_observed"": 0.9269354842591537, ""prior_probability"": 0.5572486772486772, ""score"": -0.7364863046448481}}"
277,Male,White,gender=Male,<=50K,"{""age"": ""32"", ""workclass"": ""Self-emp-inc"", ""education"": ""Bachelors"", ""educational-num"": ""13"", ""race"": ""White"", ""capital-gain"": ""0"", ""capital-loss"": ""0"", ""hours-per-week"": ""55"", ""native-country"": ""United-States""}",gender=Male,gender=Male,gender=Female,gender=Female,gender=Female,gender=Female,gender=Female,1,<=50K | Bachelors | Self-emp-inc,2,2,"{""gender=Female"": ""<=50K"", ""gender=Male"": "">50K""}","{""gender=Female"": {""alpha"": 1.0, ""margin"": 0.2740554439470573, ""p_observed"": 0.6370277219735286, ""prior_probability"": 0.4140684410646388, ""score"": 0.6370277219735286}, ""gender=Male"": {""alpha"": 1.0, ""margin"": -0.1556939507765272, ""p_observed"": 0.42215302461173626, ""prior_probability"": 0.5859315589353612, ""score"": 0.42215302461173626}}","{""gender=Female"": {""alpha"": 1.0, ""margin"": 0.2740554439470573, ""p_observed"": 0.6370277219735286, ""prior_probability"": 0.4140684410646388, ""score"": 0.2740554439470573}, ""gender=Male"": {""alpha"": 1.0, ""margin"": -0.1556939507765272, ""p_observed"": 0.42215302461173626, ""prior_probability"": 0.5859315589353612, ""score"": -0.1556939507765272}}","{""gender=Female"": {""alpha"": 2.0, ""margin"": 0.2740554439470573, ""p_observed"": 0.6370277219735286, ""prior_probability"": 0.4140684410646388, ""score"": -1.7836082117893408}, ""gender=Male"": {""alpha"": 2.0, ""margin"": -0.1556939507765272, ""p_observed"": 0.42215302461173626, ""prior_probability"": 0.5859315589353612, ""score"": -2.2593271160769515}}"
278,Male,White,gender=Male,>50K,"{""age"": ""47"", ""workclass"": ""Private"", ""education"": ""Bachelors"", ""educational-num"": ""13"", ""race"": ""White"", ""capital-gain"": ""15024"", ""capital-loss"": ""0"", ""hours-per-week"": ""50"", ""native-country"": ""United-States""}",gender=Male,gender=Male,gender=Male,,gender=Male,gender=Male,gender=Male,0,>50K | Bachelors | Private,2,2,"{""gender=Female"": "">50K"", ""gender=Male"": "">50K""}","{""gender=Female"": {""alpha"": 1.0, ""margin"": 0.5727615804897588, ""p_observed"": 0.7863807902448795, ""prior_probability"": 0.15218508997429306, ""score"": 0.7863807902448795}, ""gender=Male"": {""alpha"": 1.0, ""margin"": 0.8333214786981674, ""p_observed"": 0.9166607393490838, ""prior_probability"": 0.847814910025707, ""score"": 0.9166607393490838}}","{""gender=Female"": {""alpha"": 1.0, ""margin"": 0.5727615804897588, ""p_observed"": 0.7863807902448795, ""prior_probability"": 0.15218508997429306, ""score"": 0.5727615804897588}, ""gender=Male"": {""alpha"": 1.0, ""margin"": 0.8333214786981674, ""p_observed"": 0.9166607393490838, ""prior_probability"": 0.847814910025707, ""score"": 0.8333214786981674}}","{""gender=Female"": {""alpha"": 2.0, ""margin"": 0.5727615804897588, ""p_observed"": 0.7863807902448795, ""prior_probability"": 0.15218508997429306, ""score"": -2.3632860775450233}, ""gender=Male"": {""alpha"": 2.0, ""margin"": 0.8333214786981674, ""p_observed"": 0.9166607393490838, ""prior_probability"": 0.847814910025707, ""score"": -0.3391286198432905}}"
279,Male,White,gender=Male,<=50K,"{""age"": ""22"", ""workclass"": ""Private"", ""education"": ""HS-grad"", ""educational-num"": ""9"", ""race"": ""White"", ""capital-gain"": ""0"", ""capital-loss"": ""0"", ""hours-per-week"": ""35"", ""native-country"": ""United-States""}",gender=Male,gender=Male,gender=Male,,gender=Female,gender=Female,gender=Male,0,<=50K | HS-grad | Private,2,2,"{""gender=Female"": ""<=50K"", ""gender=Male"": ""<=50K""}","{""gender=Female"": {""alpha"": 1.0, ""margin"": 0.9494907007018587, ""p_observed"": 0.9747453503509294, ""prior_probability"": 0.3531869020347662, ""score"": 0.9747453503509294}, ""gender=Male"": {""alpha"": 1.0, ""margin"": 0.9014847298258201, ""p_observed"": 0.95074236491291, ""prior_probability"": 0.6468130979652338, ""score"": 0.95074236491291}}","{""gender=Female"": {""alpha"": 1.0, ""margin"": 0.9494907007018587, ""p_observed"": 0.9747453503509294, ""prior_probability"": 0.3531869020347662, ""score"": 0.9494907007018587}, ""gender=Male"": {""alpha"": 1.0, ""margin"": 0.9014847298258201, ""p_observed"": 0.95074236491291, ""prior_probability"": 0.6468130979652338, ""score"": 0.9014847298258201}}","{""gender=Female"": {""alpha"": 2.0, ""margin"": 0.9494907007018587, ""p_observed"": 0.9747453503509294, ""prior_probability"": 0.3531869020347662, ""score"": -1.091915937096227}, ""gender=Male"": {""alpha"": 2.0, ""margin"": 0.9014847298258201, ""p_observed"": 0.95074236491291, ""prior_probability"": 0.6468130979652338, ""score"": -0.536722226673851}}"
280,Male,White,gender=Male,<=50K,"{""age"": ""35"", ""workclass"": ""Self-emp-not-inc"", ""education"": ""HS-grad"", ""educational-num"": ""9"", ""race"": ""White"", ""capital-gain"": ""0"", ""capital-loss"": ""0"", ""hours-per-week"": ""99"", ""native-country"": ""United-States""}",gender=Male,gender=Male,gender=Male,,gender=Female,gender=Female,gender=Male,0,<=50K | HS-grad | Self-emp-not-inc,2,2,"{""gender=Female"": ""<=50K"", ""gender=Male"": ""<=50K""}","{""gender=Female"": {""alpha"": 1.0, ""margin"": 0.756150150767757, ""p_observed"": 0.8780750753838784, ""prior_probability"": 0.3531869020347662, ""score"": 0.8780750753838784}, ""gender=Male"": {""alpha"": 1.0, ""margin"": 0.5281238207050749, ""p_observed"": 0.7640619103525376, ""prior_probability"": 0.6468130979652338, ""score"": 0.7640619103525376}}","{""gender=Female"": {""alpha"": 1.0, ""margin"": 0.756150150767757, ""p_observed"": 0.8780750753838784, ""prior_probability"": 0.3531869020347662, ""score"": 0.756150150767757}, ""gender=Male"": {""alpha"": 1.0, ""margin"": 0.5281238207050749, ""p_observed"": 0.7640619103525376, ""prior_probability"": 0.6468130979652338, ""score"": 0.5281238207050749}}","{""gender=Female"": {""alpha"": 2.0, ""margin"": 0.756150150767757, ""p_observed"": 0.8780750753838784, ""prior_probability"": 0.3531869020347662, ""score"": -1.3008042581099803}, ""gender=Male"": {""alpha"": 2.0, ""margin"": 0.5281238207050749, ""p_observed"": 0.7640619103525376, ""prior_probability"": 0.6468130979652338, ""score"": -0.9739108182859183}}"
281,Male,White,gender=Male,<=50K,"{""age"": ""20"", ""workclass"": ""Private"", ""education"": ""Some-college"", ""educational-num"": ""10"", ""race"": ""White"", ""capital-gain"": ""0"", ""capital-loss"": ""0"", ""hours-per-week"": ""30"", ""native-country"": ""United-States""}",gender=Male,gender=Male,gender=Male,,gender=Female,gender=Female,gender=Male,0,<=50K | Some-college | Private,2,2,"{""gender=Female"": ""<=50K"", ""gender=Male"": ""<=50K""}","{""gender=Female"": {""alpha"": 1.0, ""margin"": 0.9532272841657956, ""p_observed"": 0.9766136420828978, ""prior_probability"": 0.44275132275132273, ""score"": 0.9766136420828978}, ""gender=Male"": {""alpha"": 1.0, ""margin"": 0.8975012403989324, ""p_observed"": 0.9487506201994661, ""prior_probability"": 0.5572486772486772, ""score"": 0.9487506201994661}}","{""gender=Female"": {""alpha"": 1.0, ""margin"": 0.9532272841657956, ""p_observed"": 0.9766136420828978, ""prior_probability"": 0.44275132275132273, ""score"": 0.9532272841657956}, ""gender=Male"": {""alpha"": 1.0, ""margin"": 0.8975012403989324, ""p_observed"": 0.9487506201994661, ""prior_probability"": 0.5572486772486772, ""score"": 0.8975012403989324}}","{""gender=Female"": {""alpha"": 2.0, ""margin"": 0.9532272841657956, ""p_observed"": 0.9766136420828978, ""prior_probability"": 0.44275132275132273, ""score"": -0.8620753317343551}, ""gender=Male"": {""alpha"": 2.0, ""margin"": 0.8975012403989324, ""p_observed"": 0.9487506201994661, ""prior_probability"": 0.5572486772486772, ""score"": -0.6899622735732017}}"
282,Male,White,gender=Male,<=50K,"{""age"": ""38"", ""workclass"": ""Private"", ""education"": ""Bachelors"", ""educational-num"": ""13"", ""race"": ""White"", ""capital-gain"": ""2202"", ""capital-loss"": ""0"", ""hours-per-week"": ""45"", ""native-country"": ""United-States""}",gender=Male,gender=Male,gender=Female,,gender=Female,gender=Female,gender=Female,0,<=50K | Bachelors | Private,2,2,"{""gender=Female"": ""<=50K"", ""gender=Male"": "">50K""}","{""gender=Female"": {""alpha"": 1.0, ""margin"": 0.4549296054445815, ""p_observed"": 0.7274648027222909, ""prior_probability"": 0.4140684410646388, ""score"": 0.7274648027222909}, ""gender=Male"": {""alpha"": 1.0, ""margin"": -0.1618616256423745, ""p_observed"": 0.4190691871788127, ""prior_probability"": 0.5859315589353612, ""score"": 0.4190691871788127}}","{""gender=Female"": {""alpha"": 1.0, ""margin"": 0.4549296054445815, ""p_observed"": 0.7274648027222909, ""prior_probability"": 0.4140684410646388, ""score"": 0.4549296054445815}, ""gender=Male"": {""alpha"": 1.0, ""margin"": -0.1618616256423745, ""p_observed"": 0.4190691871788127, ""prior_probability"": 0.5859315589353612, ""score"": -0.1618616256423745}}","{""gender=Female"": {""alpha"": 2.0, ""margin"": 0.4549296054445815, ""p_observed"": 0.7274648027222909, ""prior_probability"": 0.4140684410646388, ""score"": -1.5181033267281276}, ""gender=Male"": {""alpha"": 2.0, ""margin"": -0.1618616256423745, ""p_observed"": 0.4190691871788127, ""prior_probability"": 0.5859315589353612, ""score"": -2.2739907861712583}}"
283,Male,White,gender=Male,<=50K,"{""age"": ""46"", ""workclass"": ""Private"", ""education"": ""7th-8th"", ""educational-num"": ""4"", ""race"": ""White"", ""capital-gain"": ""0"", ""capital-loss"": ""0"", ""hours-per-week"": ""40"", ""native-country"": ""United-States""}",gender=Male,gender=Male,gender=Male,,gender=Female,gender=Female,gender=Male,0,<=50K | 7th-8th | Private,2,2,"{""gender=Female"": ""<=50K"", ""gender=Male"": ""<=50K""}","{""gender=Female"": {""alpha"": 1.0, ""margin"": 0.8862673387923565, ""p_observed"": 0.9431336693961783, ""prior_probability"": 0.2653061224489796, ""score"": 0.9431336693961783}, ""gender=Male"": {""alpha"": 1.0, ""margin"": 0.7063037028676014, ""p_observed"": 0.8531518514338006, ""prior_probability"": 0.7346938775510204, ""score"": 0.8531518514338006}}","{""gender=Female"": {""alpha"": 1.0, ""margin"": 0.8862673387923565, ""p_observed"": 0.9431336693961783, ""prior_probability"": 0.2653061224489796, ""score"": 0.8862673387923565}, ""gender=Male"": {""alpha"": 1.0, ""margin"": 0.7063037028676014, ""p_observed"": 0.8531518514338006, ""prior_probability"": 0.7346938775510204, ""score"": 0.7063037028676014}}","{""gender=Female"": {""alpha"": 2.0, ""margin"": 0.8862673387923565, ""p_observed"": 0.9431336693961783, ""prior_probability"": 0.2653061224489796, ""score"": -1.4439654552482186}, ""gender=Male"": {""alpha"": 2.0, ""margin"": 0.7063037028676014, ""p_observed"": 0.8531518514338006, ""prior_probability"": 0.7346938775510204, ""score"": -0.6259368134465108}}"
284,Female,White,gender=Female,>50K,"{""age"": ""46"", ""workclass"": ""Private"", ""education"": ""HS-grad"", ""educational-num"": ""9"", ""race"": ""White"", ""capital-gain"": ""7688"", ""capital-loss"": ""0"", ""hours-per-week"": ""40"", ""native-country"": ""United-States""}",gender=Male,gender=Male,gender=Male,,gender=Male,gender=Male,gender=Male,0,>50K | HS-grad | Private,2,2,"{""gender=Female"": "">50K"", ""gender=Male"": "">50K""}","{""gender=Female"": {""alpha"": 1.0, ""margin"": 0.3848240103713727, ""p_observed"": 0.6924120051856864, ""prior_probability"": 0.129565816678153, ""score"": 0.6924120051856864}, ""gender=Male"": {""alpha"": 1.0, ""margin"": 0.5894455746208452, ""p_observed"": 0.7947227873104227, ""prior_probability"": 0.870434183321847, ""score"": 0.7947227873104227}}","{""gender=Female"": {""alpha"": 1.0, ""margin"": 0.3848240103713727, ""p_observed"": 0.6924120051856864, ""prior_probability"": 0.129565816678153, ""score"": 0.3848240103713727}, ""gender=Male"": {""alpha"": 1.0, ""margin"": 0.5894455746208452, ""p_observed"": 0.7947227873104227, ""prior_probability"": 0.870434183321847, ""score"": 0.5894455746208452}}","{""gender=Female"": {""alpha"": 2.0, ""margin"": 0.3848240103713727, ""p_observed"": 0.6924120051856864, ""prior_probability"": 0.129565816678153, ""score"": -2.7787145246910896}, ""gender=Male"": {""alpha"": 2.0, ""margin"": 0.5894455746208452, ""p_observed"": 0.7947227873104227, ""prior_probability"": 0.870434183321847, ""score"": -0.5982869712199577}}"
285,Female,White,gender=Female,<=50K,"{""age"": ""22"", ""workclass"": ""Private"", ""education"": ""Assoc-acdm"", ""educational-num"": ""12"", ""race"": ""White"", ""capital-gain"": ""0"", ""capital-loss"": ""0"", ""hours-per-week"": ""15"", ""native-country"": ""United-States""}",gender=Male,gender=Male,gender=Male,,gender=Female,gender=Female,gender=Male,0,<=50K | Assoc-acdm | Private,2,2,"{""gender=Female"": ""<=50K"", ""gender=Male"": ""<=50K""}","{""gender=Female"": {""alpha"": 1.0, ""margin"": 0.9084861986628736, ""p_observed"": 0.9542430993314367, ""prior_probability"": 0.4611801242236025, ""score"": 0.9542430993314367}, ""gender=Male"": {""alpha"": 1.0, ""margin"": 0.8448352339959645, ""p_observed"": 0.9224176169979824, ""prior_probability"": 0.5388198757763976, ""score"": 0.9224176169979824}}","{""gender=Female"": {""alpha"": 1.0, ""margin"": 0.9084861986628736, ""p_observed"": 0.9542430993314367, ""prior_probability"": 0.4611801242236025, ""score"": 0.9084861986628736}, ""gender=Male"": {""alpha"": 1.0, ""margin"": 0.8448352339959645, ""p_observed"": 0.9224176169979824, ""prior_probability"": 0.5388198757763976, ""score"": 0.8448352339959645}}","{""gender=Female"": {""alpha"": 2.0, ""margin"": 0.9084861986628736, ""p_observed"": 0.9542430993314367, ""prior_probability"": 0.4611801242236025, ""score"": -0.8676402250878504}, ""gender=Male"": {""alpha"": 2.0, ""margin"": 0.8448352339959645, ""p_observed"": 0.9224176169979824, ""prior_probability"": 0.5388198757763976, ""score"": -0.7798883684025506}}"
286,Male,White,gender=Male,<=50K,"{""age"": ""18"", ""workclass"": ""Private"", ""education"": ""11th"", ""educational-num"": ""7"", ""race"": ""White"", ""capital-gain"": ""0"", ""capital-loss"": ""0"", ""hours-per-week"": ""40"", ""native-country"": ""United-States""}",gender=Male,gender=Male,gender=Male,,gender=Female,gender=Female,gender=Male,0,<=50K | 11th | Private,2,2,"{""gender=Female"": ""<=50K"", ""gender=Male"": ""<=50K""}","{""gender=Female"": {""alpha"": 1.0, ""margin"": 0.9658444601634785, ""p_observed"": 0.9829222300817392, ""prior_probability"": 0.3555070883315158, ""score"": 0.9829222300817392}, ""gender=Male"": {""alpha"": 1.0, ""margin"": 0.9236165581271286, ""p_observed"": 0.9618082790635644, ""prior_probability"": 0.6444929116684842, ""score"": 0.9618082790635644}}","{""gender=Female"": {""alpha"": 1.0, ""margin"": 0.9658444601634785, ""p_observed"": 0.9829222300817392, ""prior_probability"": 0.3555070883315158, ""score"": 0.9658444601634785}, ""gender=Male"": {""alpha"": 1.0, ""margin"": 0.9236165581271286, ""p_observed"": 0.9618082790635644, ""prior_probability"": 0.6444929116684842, ""score"": 0.9236165581271286}}","{""gender=Female"": {""alpha"": 2.0, ""margin"": 0.9658444601634785, ""p_observed"": 0.9829222300817392, ""prior_probability"": 0.3555070883315158, ""score"": -1.0686606445613294}, ""gender=Male"": {""alpha"": 2.0, ""margin"": 0.9236165581271286, ""p_observed"": 0.9618082790635644, ""prior_probability"": 0.6444929116684842, ""score"": -0.5171717394320869}}"
287,Male,White,gender=Male,<=50K,"{""age"": ""47"", ""workclass"": ""Private"", ""education"": ""Preschool"", ""educational-num"": ""1"", ""race"": ""White"", ""capital-gain"": ""0"", ""capital-loss"": ""0"", ""hours-per-week"": ""25"", ""native-country"": ""El-Salvador""}",gender=Male,gender=Male,gender=Male,,gender=Female,gender=Female,gender=Male,0,<=50K | Preschool | Private,2,2,"{""gender=Female"": ""<=50K"", ""gender=Male"": ""<=50K""}","{""gender=Female"": {""alpha"": 1.0, ""margin"": 0.8620749909615234, ""p_observed"": 0.9310374954807615, ""prior_probability"": 0.19047619047619047, ""score"": 0.9310374954807615}, ""gender=Male"": {""alpha"": 1.0, ""margin"": 0.7542971459721688, ""p_observed"": 0.8771485729860844, ""prior_probability"": 0.8095238095238095, ""score"": 0.8771485729860844}}","{""gender=Female"": {""alpha"": 1.0, ""margin"": 0.8620749909615234, ""p_observed"": 0.9310374954807615, ""prior_probability"": 0.19047619047619047, ""score"": 0.8620749909615234}, ""gender=Male"": {""alpha"": 1.0, ""margin"": 0.7542971459721688, ""p_observed"": 0.8771485729860844, ""prior_probability"": 0.8095238095238095, ""score"": 0.7542971459721688}}","{""gender=Female"": {""alpha"": 2.0, ""margin"": 0.8620749909615234, ""p_observed"": 0.9310374954807615, ""prior_probability"": 0.19047619047619047, ""score"": -1.8011395328048057}, ""gender=Male"": {""alpha"": 2.0, ""margin"": 0.7542971459721688, ""p_observed"": 0.8771485729860844, ""prior_probability"": 0.8095238095238095, ""score"": -0.4734668746349016}}"
288,Male,White,gender=Male,<=50K,"{""age"": ""53"", ""workclass"": ""Private"", ""education"": ""7th-8th"", ""educational-num"": ""4"", ""race"": ""White"", ""capital-gain"": ""0"", ""capital-loss"": ""0"", ""hours-per-week"": ""40"", ""native-country"": ""United-States""}",gender=Male,gender=Male,gender=Male,,gender=Female,gender=Female,gender=Male,0,<=50K | 7th-8th | Private,2,2,"{""gender=Female"": ""<=50K"", ""gender=Male"": ""<=50K""}","{""gender=Female"": {""alpha"": 1.0, ""margin"": 0.8874923049387464, ""p_observed"": 0.9437461524693731, ""prior_probability"": 0.2653061224489796, ""score"": 0.9437461524693731}, ""gender=Male"": {""alpha"": 1.0, ""margin"": 0.7063037028676014, ""p_observed"": 0.8531518514338006, ""prior_probability"": 0.7346938775510204, ""score"": 0.8531518514338006}}","{""gender=Female"": {""alpha"": 1.0, ""margin"": 0.8874923049387464, ""p_observed"": 0.9437461524693731, ""prior_probability"": 0.2653061224489796, ""score"": 0.8874923049387464}, ""gender=Male"": {""alpha"": 1.0, ""margin"": 0.7063037028676014, ""p_observed"": 0.8531518514338006, ""prior_probability"": 0.7346938775510204, ""score"": 0.7063037028676014}}","{""gender=Female"": {""alpha"": 2.0, ""margin"": 0.8874923049387464, ""p_observed"": 0.9437461524693731, ""prior_probability"": 0.2653061224489796, ""score"": -1.4426670512108044}, ""gender=Male"": {""alpha"": 2.0, ""margin"": 0.7063037028676014, ""p_observed"": 0.8531518514338006, ""prior_probability"": 0.7346938775510204, ""score"": -0.6259368134465108}}"
289,Female,White,gender=Female,<=50K,"{""age"": ""73"", ""workclass"": ""State-gov"", ""education"": ""HS-grad"", ""educational-num"": ""9"", ""race"": ""White"", ""capital-gain"": ""0"", ""capital-loss"": ""0"", ""hours-per-week"": ""40"", ""native-country"": ""United-States""}",gender=Male,gender=Male,gender=Male,,gender=Female,gender=Female,gender=Male,0,<=50K | HS-grad | State-gov,2,2,"{""gender=Female"": ""<=50K"", ""gender=Male"": ""<=50K""}","{""gender=Female"": {""alpha"": 1.0, ""margin"": 0.816261374858857, ""p_observed"": 0.9081306874294285, ""prior_probability"": 0.3531869020347662, ""score"": 0.9081306874294285}, ""gender=Male"": {""alpha"": 1.0, ""margin"": 0.5662775059718095, ""p_observed"": 0.7831387529859047, ""prior_probability"": 0.6468130979652338, ""score"": 0.7831387529859047}}","{""gender=Female"": {""alpha"": 1.0, ""margin"": 0.816261374858857, ""p_observed"": 0.9081306874294285, ""prior_probability"": 0.3531869020347662, ""score"": 0.816261374858857}, ""gender=Male"": {""alpha"": 1.0, ""margin"": 0.5662775059718095, ""p_observed"": 0.7831387529859047, ""prior_probability"": 0.6468130979652338, ""score"": 0.5662775059718095}}","{""gender=Female"": {""alpha"": 2.0, ""margin"": 0.816261374858857, ""p_observed"": 0.9081306874294285, ""prior_probability"": 0.3531869020347662, ""score"": -1.23349185834788}, ""gender=Male"": {""alpha"": 2.0, ""margin"": 0.5662775059718095, ""p_observed"": 0.7831387529859047, ""prior_probability"": 0.6468130979652338, ""score"": -0.9245886846982875}}"
290,Male,White,gender=Male,>50K,"{""age"": ""25"", ""workclass"": ""Private"", ""education"": ""Assoc-voc"", ""educational-num"": ""11"", ""race"": ""White"", ""capital-gain"": ""0"", ""capital-loss"": ""0"", ""hours-per-week"": ""65"", ""native-country"": ""Canada""}",gender=Male,gender=Male,gender=Male,,gender=Male,gender=Male,gender=Male,0,>50K | Assoc-voc | Private,2,2,"{""gender=Female"": ""<=50K"", ""gender=Male"": ""<=50K""}","{""gender=Female"": {""alpha"": 1.0, ""margin"": -0.7803997509007683, ""p_observed"": 0.10980012454961582, ""prior_probability"": 0.18211920529801323, ""score"": 0.10980012454961582}, ""gender=Male"": {""alpha"": 1.0, ""margin"": -0.6419671084831166, ""p_observed"": 0.17901644575844167, ""prior_probability"": 0.8178807947019867, ""score"": 0.17901644575844167}}","{""gender=Female"": {""alpha"": 1.0, ""margin"": -0.7803997509007683, ""p_observed"": 0.10980012454961582, ""prior_probability"": 0.18211920529801323, ""score"": -0.7803997509007683}, ""gender=Male"": {""alpha"": 1.0, ""margin"": -0.6419671084831166, ""p_observed"": 0.17901644575844167, ""prior_probability"": 0.8178807947019867, ""score"": -0.6419671084831166}}","{""gender=Female"": {""alpha"": 2.0, ""margin"": -0.7803997509007683, ""p_observed"": 0.10980012454961582, ""prior_probability"": 0.18211920529801323, ""score"": -6.121281063293787}, ""gender=Male"": {""alpha"": 2.0, ""margin"": -0.6419671084831166, ""p_observed"": 0.17901644575844167, ""prior_probability"": 0.8178807947019867, ""score"": -3.6415938839793243}}"
291,Male,White,gender=Male,<=50K,"{""age"": ""24"", ""workclass"": ""Private"", ""education"": ""Some-college"", ""educational-num"": ""10"", ""race"": ""White"", ""capital-gain"": ""0"", ""capital-loss"": ""0"", ""hours-per-week"": ""45"", ""native-country"": ""United-States""}",gender=Male,gender=Male,gender=Male,,gender=Female,gender=Female,gender=Male,0,<=50K | Some-college | Private,2,2,"{""gender=Female"": ""<=50K"", ""gender=Male"": ""<=50K""}","{""gender=Female"": {""alpha"": 1.0, ""margin"": 0.8798832141158237, ""p_observed"": 0.9399416070579119, ""prior_probability"": 0.44275132275132273, ""score"": 0.9399416070579119}, ""gender=Male"": {""alpha"": 1.0, ""margin"": 0.7599119405287205, ""p_observed"": 0.8799559702643602, ""prior_probability"": 0.5572486772486772, ""score"": 0.8799559702643602}}","{""gender=Female"": {""alpha"": 1.0, ""margin"": 0.8798832141158237, ""p_observed"": 0.9399416070579119, ""prior_probability"": 0.44275132275132273, ""score"": 0.8798832141158237}, ""gender=Male"": {""alpha"": 1.0, ""margin"": 0.7599119405287205, ""p_observed"": 0.8799559702643602, ""prior_probability"": 0.5572486772486772, ""score"": 0.7599119405287205}}","{""gender=Female"": {""alpha"": 2.0, ""margin"": 0.8798832141158237, ""p_observed"": 0.9399416070579119, ""prior_probability"": 0.44275132275132273, ""score"": -0.9386220663405929}, ""gender=Male"": {""alpha"": 2.0, ""margin"": 0.7599119405287205, ""p_observed"": 0.8799559702643602, ""prior_probability"": 0.5572486772486772, ""score"": -0.8405104935357668}}"
292,Male,White,gender=Male,<=50K,"{""age"": ""50"", ""workclass"": ""Private"", ""education"": ""Some-college"", ""educational-num"": ""10"", ""race"": ""White"", ""capital-gain"": ""0"", ""capital-loss"": ""0"", ""hours-per-week"": ""44"", ""native-country"": ""United-States""}",gender=Male,gender=Male,gender=Male,,gender=Female,gender=Female,gender=Female,0,<=50K | Some-college | Private,2,2,"{""gender=Female"": ""<=50K"", ""gender=Male"": ""<=50K""}","{""gender=Female"": {""alpha"": 1.0, ""margin"": 0.7134685193145045, ""p_observed"": 0.8567342596572521, ""prior_probability"": 0.44275132275132273, ""score"": 0.8567342596572521}, ""gender=Male"": {""alpha"": 1.0, ""margin"": 0.28587051372986955, ""p_observed"": 0.6429352568649348, ""prior_probability"": 0.5572486772486772, ""score"": 0.6429352568649348}}","{""gender=Female"": {""alpha"": 1.0, ""margin"": 0.7134685193145045, ""p_observed"": 0.8567342596572521, ""prior_probability"": 0.44275132275132273, ""score"": 0.7134685193145045}, ""gender=Male"": {""alpha"": 1.0, ""margin"": 0.28587051372986955, ""p_observed"": 0.6429352568649348, ""prior_probability"": 0.5572486772486772, ""score"": 0.28587051372986955}}","{""gender=Female"": {""alpha"": 2.0, ""margin"": 0.7134685193145045, ""p_observed"": 0.8567342596572521, ""prior_probability"": 0.44275132275132273, ""score"": -1.1240019958429601}, ""gender=Male"": {""alpha"": 2.0, ""margin"": 0.28587051372986955, ""p_observed"": 0.6429352568649348, ""prior_probability"": 0.5572486772486772, ""score"": -1.4681661783956863}}"
293,Male,Black,gender=Male,>50K,"{""age"": ""36"", ""workclass"": ""Private"", ""education"": ""Bachelors"", ""educational-num"": ""13"", ""race"": ""Black"", ""capital-gain"": ""7298"", ""capital-loss"": ""0"", ""hours-per-week"": ""36"", ""native-country"": ""United-States""}",gender=Male,gender=Male,gender=Male,,gender=Male,gender=Male,gender=Male,0,>50K | Bachelors | Private,2,2,"{""gender=Female"": "">50K"", ""gender=Male"": "">50K""}","{""gender=Female"": {""alpha"": 1.0, ""margin"": 0.25884671878265064, ""p_observed"": 0.6294233593913253, ""prior_probability"": 0.15218508997429306, ""score"": 0.6294233593913253}, ""gender=Male"": {""alpha"": 1.0, ""margin"": 0.5694538563959086, ""p_observed"": 0.7847269281979542, ""prior_probability"": 0.847814910025707, ""score"": 0.7847269281979542}}","{""gender=Female"": {""alpha"": 1.0, ""margin"": 0.25884671878265064, ""p_observed"": 0.6294233593913253, ""prior_probability"": 0.15218508997429306, ""score"": 0.25884671878265064}, ""gender=Male"": {""alpha"": 1.0, ""margin"": 0.5694538563959086, ""p_observed"": 0.7847269281979542, ""prior_probability"": 0.847814910025707, ""score"": 0.5694538563959086}}","{""gender=Female"": {""alpha"": 2.0, ""margin"": 0.25884671878265064, ""p_observed"": 0.6294233593913253, ""prior_probability"": 0.15218508997429306, ""score"": -2.8085601643188367}, ""gender=Male"": {""alpha"": 2.0, ""margin"": 0.5694538563959086, ""p_observed"": 0.7847269281979542, ""prior_probability"": 0.847814910025707, ""score"": -0.6499319012649856}}"
294,Male,White,gender=Male,<=50K,"{""age"": ""68"", ""workclass"": ""Private"", ""education"": ""HS-grad"", ""educational-num"": ""9"", ""race"": ""White"", ""capital-gain"": ""0"", ""capital-loss"": ""0"", ""hours-per-week"": ""24"", ""native-country"": ""United-States""}",gender=Male,gender=Male,gender=Male,,gender=Female,gender=Female,gender=Male,0,<=50K | HS-grad | Private,2,2,"{""gender=Female"": ""<=50K"", ""gender=Male"": ""<=50K""}","{""gender=Female"": {""alpha"": 1.0, ""margin"": 0.8637258432459791, ""p_observed"": 0.9318629216229896, ""prior_probability"": 0.3531869020347662, ""score"": 0.9318629216229896}, ""gender=Male"": {""alpha"": 1.0, ""margin"": 0.6668575545404761, ""p_observed"": 0.833428777270238, ""prior_probability"": 0.6468130979652338, ""score"": 0.833428777270238}}","{""gender=Female"": {""alpha"": 1.0, ""margin"": 0.8637258432459791, ""p_observed"": 0.9318629216229896, ""prior_probability"": 0.3531869020347662, ""score"": 0.8637258432459791}, ""gender=Male"": {""alpha"": 1.0, ""margin"": 0.6668575545404761, ""p_observed"": 0.833428777270238, ""prior_probability"": 0.6468130979652338, ""score"": 0.6668575545404761}}","{""gender=Female"": {""alpha"": 2.0, ""margin"": 0.8637258432459791, ""p_observed"": 0.9318629216229896, ""prior_probability"": 0.3531869020347662, ""score"": -1.1818970044817274}, ""gender=Male"": {""alpha"": 2.0, ""margin"": 0.6668575545404761, ""p_observed"": 0.833428777270238, ""prior_probability"": 0.6468130979652338, ""score"": -0.8001119623302327}}"
295,Male,Asian-Pac-Islander,gender=Male,<=50K,"{""age"": ""33"", ""workclass"": ""State-gov"", ""education"": ""Doctorate"", ""educational-num"": ""16"", ""race"": ""Asian-Pac-Islander"", ""capital-gain"": ""0"", ""capital-loss"": ""0"", ""hours-per-week"": ""50"", ""native-country"": ""Hong""}",gender=Male,gender=Male,gender=Female,,gender=Female,gender=Female,gender=Female,0,<=50K | Doctorate | State-gov,2,2,"{""gender=Female"": ""<=50K"", ""gender=Male"": "">50K""}","{""gender=Female"": {""alpha"": 1.0, ""margin"": 0.0991806878350312, ""p_observed"": 0.5495903439175156, ""prior_probability"": 0.3673469387755102, ""score"": 0.5495903439175156}, ""gender=Male"": {""alpha"": 1.0, ""margin"": -0.282387121898832, ""p_observed"": 0.3588064390505839, ""prior_probability"": 0.6326530612244898, ""score"": 0.3588064390505839}}","{""gender=Female"": {""alpha"": 1.0, ""margin"": 0.0991806878350312, ""p_observed"": 0.5495903439175156, ""prior_probability"": 0.3673469387755102, ""score"": 0.0991806878350312}, ""gender=Male"": {""alpha"": 1.0, ""margin"": -0.282387121898832, ""p_observed"": 0.3588064390505839, ""prior_probability"": 0.6326530612244898, ""score"": -0.282387121898832}}","{""gender=Female"": {""alpha"": 2.0, ""margin"": 0.0991806878350312, ""p_observed"": 0.5495903439175156, ""prior_probability"": 0.3673469387755102, ""score"": -2.198612755253689}, ""gender=Male"": {""alpha"": 2.0, ""margin"": -0.282387121898832, ""p_observed"": 0.3588064390505839, ""prior_probability"": 0.6326530612244898, ""score"": -2.5077774993988067}}"
296,Male,White,gender=Male,<=50K,"{""age"": ""58"", ""workclass"": ""Private"", ""education"": ""HS-grad"", ""educational-num"": ""9"", ""race"": ""White"", ""capital-gain"": ""0"", ""capital-loss"": ""0"", ""hours-per-week"": ""45"", ""native-country"": ""United-States""}",gender=Male,gender=Male,gender=Male,,gender=Female,gender=Female,gender=Male,0,<=50K | HS-grad | Private,2,2,"{""gender=Female"": ""<=50K"", ""gender=Male"": ""<=50K""}","{""gender=Female"": {""alpha"": 1.0, ""margin"": 0.7773170630191977, ""p_observed"": 0.8886585315095987, ""prior_probability"": 0.3531869020347662, ""score"": 0.8886585315095987}, ""gender=Male"": {""alpha"": 1.0, ""margin"": 0.4357514758936494, ""p_observed"": 0.7178757379468247, ""prior_probability"": 0.6468130979652338, ""score"": 0.7178757379468247}}","{""gender=Female"": {""alpha"": 1.0, ""margin"": 0.7773170630191977, ""p_observed"": 0.8886585315095987, ""prior_probability"": 0.3531869020347662, ""score"": 0.7773170630191977}, ""gender=Male"": {""alpha"": 1.0, ""margin"": 0.4357514758936494, ""p_observed"": 0.7178757379468247, ""prior_probability"": 0.6468130979652338, ""score"": 0.4357514758936494}}","{""gender=Female"": {""alpha"": 2.0, ""margin"": 0.7773170630191977, ""p_observed"": 0.8886585315095987, ""prior_probability"": 0.3531869020347662, ""score"": -1.276842337234288}, ""gender=Male"": {""alpha"": 2.0, ""margin"": 0.4357514758936494, ""p_observed"": 0.7178757379468247, ""prior_probability"": 0.6468130979652338, ""score"": -1.0986154847504503}}"
297,Male,White,gender=Male,<=50K,"{""age"": ""33"", ""workclass"": ""Private"", ""education"": ""Some-college"", ""educational-num"": ""10"", ""race"": ""White"", ""capital-gain"": ""0"", ""capital-loss"": ""0"", ""hours-per-week"": ""70"", ""native-country"": ""United-States""}",gender=Male,gender=Male,gender=Male,,gender=Female,gender=Female,gender=Female,0,<=50K | Some-college | Private,2,2,"{""gender=Female"": ""<=50K"", ""gender=Male"": ""<=50K""}","{""gender=Female"": {""alpha"": 1.0, ""margin"": 0.7588409160470235, ""p_observed"": 0.8794204580235115, ""prior_probability"": 0.44275132275132273, ""score"": 0.8794204580235115}, ""gender=Male"": {""alpha"": 1.0, ""margin"": 0.42755193615143866, ""p_observed"": 0.7137759680757194, ""prior_probability"": 0.5572486772486772, ""score"": 0.7137759680757194}}","{""gender=Female"": {""alpha"": 1.0, ""margin"": 0.7588409160470235, ""p_observed"": 0.8794204580235115, ""prior_probability"": 0.44275132275132273, ""score"": 0.7588409160470235}, ""gender=Male"": {""alpha"": 1.0, ""margin"": 0.42755193615143866, ""p_observed"": 0.7137759680757194, ""prior_probability"": 0.5572486772486772, ""score"": 0.42755193615143866}}","{""gender=Female"": {""alpha"": 2.0, ""margin"": 0.7588409160470235, ""p_observed"": 0.8794204580235115, ""prior_probability"": 0.44275132275132273, ""score"": -1.0717313325239788}, ""gender=Male"": {""alpha"": 2.0, ""margin"": 0.42755193615143866, ""p_observed"": 0.7137759680757194, ""prior_probability"": 0.5572486772486772, ""score"": -1.2591159525931253}}"
298,Male,White,gender=Male,>50K,"{""age"": ""43"", ""workclass"": ""State-gov"", ""education"": ""Bachelors"", ""educational-num"": ""13"", ""race"": ""White"", ""capital-gain"": ""0"", ""capital-loss"": ""0"", ""hours-per-week"": ""37"", ""native-country"": ""United-States""}",gender=Male,gender=Male,gender=Male,,gender=Male,gender=Male,gender=Male,0,>50K | Bachelors | State-gov,2,2,"{""gender=Female"": ""<=50K"", ""gender=Male"": ""<=50K""}","{""gender=Female"": {""alpha"": 1.0, ""margin"": -0.5670868172655177, ""p_observed"": 0.216456591367241, ""prior_probability"": 0.15218508997429306, ""score"": 0.216456591367241}, ""gender=Male"": {""alpha"": 1.0, ""margin"": -0.1677538249042747, ""p_observed"": 0.41612308754786254, ""prior_probability"": 0.847814910025707, ""score"": 0.41612308754786254}}","{""gender=Female"": {""alpha"": 1.0, ""margin"": -0.5670868172655177, ""p_observed"": 0.216456591367241, ""prior_probability"": 0.15218508997429306, ""score"": -0.5670868172655177}, ""gender=Male"": {""alpha"": 1.0, ""margin"": -0.1677538249042747, ""p_observed"": 0.41612308754786254, ""prior_probability"": 0.847814910025707, ""score"": -0.1677538249042747}}","{""gender=Female"": {""alpha"": 2.0, ""margin"": -0.5670868172655177, ""p_observed"": 0.216456591367241, ""prior_probability"": 0.15218508997429306, ""score"": -4.943388308549885}, ""gender=Male"": {""alpha"": 2.0, ""margin"": -0.1677538249042747, ""p_observed"": 0.41612308754786254, ""prior_probability"": 0.847814910025707, ""score"": -1.9186412914074609}}"
299,Male,White,gender=Male,>50K,"{""age"": ""34"", ""workclass"": ""Private"", ""education"": ""Bachelors"", ""educational-num"": ""13"", ""race"": ""White"", ""capital-gain"": ""0"", ""capital-loss"": ""0"", ""hours-per-week"": ""40"", ""native-country"": ""United-States""}",gender=Male,gender=Male,gender=Male,,gender=Male,gender=Male,gender=Male,0,>50K | Bachelors | Private,2,2,"{""gender=Female"": ""<=50K"", ""gender=Male"": ""<=50K""}","{""gender=Female"": {""alpha"": 1.0, ""margin"": -0.5567027735841181, ""p_observed"": 0.22164861320794085, ""prior_probability"": 0.15218508997429306, ""score"": 0.22164861320794085}, ""gender=Male"": {""alpha"": 1.0, ""margin"": -0.09296896943759403, ""p_observed"": 0.45351551528120304, ""prior_probability"": 0.847814910025707, ""score"": 0.45351551528120304}}","{""gender=Female"": {""alpha"": 1.0, ""margin"": -0.5567027735841181, ""p_observed"": 0.22164861320794085, ""prior_probability"": 0.15218508997429306, ""score"": -0.5567027735841181}, ""gender=Male"": {""alpha"": 1.0, ""margin"": -0.09296896943759403, ""p_observed"": 0.45351551528120304, ""prior_probability"": 0.847814910025707, ""score"": -0.09296896943759403}}","{""gender=Female"": {""alpha"": 2.0, ""margin"": -0.5567027735841181, ""p_observed"": 0.22164861320794085, ""prior_probability"": 0.15218508997429306, ""score"": -4.895981750700191}, ""gender=Male"": {""alpha"": 2.0, ""margin"": -0.09296896943759403, ""p_observed"": 0.45351551528120304, ""prior_probability"": 0.847814910025707, ""score"": -1.7465445289033892}}"
300,Male,White,gender=Male,<=50K,"{""age"": ""41"", ""workclass"": ""Private"", ""education"": ""Bachelors"", ""educational-num"": ""13"", ""race"": ""White"", ""capital-gain"": ""0"", ""capital-loss"": ""0"", ""hours-per-week"": ""60"", ""native-country"": ""United-States""}",gender=Male,gender=Male,gender=Female,,gender=Female,gender=Female,gender=Female,0,<=50K | Bachelors | Private,2,2,"{""gender=Female"": ""<=50K"", ""gender=Male"": "">50K""}","{""gender=Female"": {""alpha"": 1.0, ""margin"": 0.3407877073395337, ""p_observed"": 0.6703938536697668, ""prior_probability"": 0.4140684410646388, ""score"": 0.6703938536697668}, ""gender=Male"": {""alpha"": 1.0, ""margin"": -0.1806675409145041, ""p_observed"": 0.4096662295427479, ""prior_probability"": 0.5859315589353612, ""score"": 0.4096662295427479}}","{""gender=Female"": {""alpha"": 1.0, ""margin"": 0.3407877073395337, ""p_observed"": 0.6703938536697668, ""prior_probability"": 0.4140684410646388, ""score"": 0.3407877073395337}, ""gender=Male"": {""alpha"": 1.0, ""margin"": -0.1806675409145041, ""p_observed"": 0.4096662295427479, ""prior_probability"": 0.5859315589353612, ""score"": -0.1806675409145041}}","{""gender=Female"": {""alpha"": 2.0, ""margin"": 0.3407877073395337, ""p_observed"": 0.6703938536697668, ""prior_probability"": 0.4140684410646388, ""score"": -1.6815037982588112}, ""gender=Male"": {""alpha"": 2.0, ""margin"": -0.1806675409145041, ""p_observed"": 0.4096662295427479, ""prior_probability"": 0.5859315589353612, ""score"": -2.319377340068053}}"
301,Male,White,gender=Male,<=50K,"{""age"": ""39"", ""workclass"": ""Private"", ""education"": ""Some-college"", ""educational-num"": ""10"", ""race"": ""White"", ""capital-gain"": ""0"", ""capital-loss"": ""0"", ""hours-per-week"": ""60"", ""native-country"": ""United-States""}",gender=Male,gender=Male,gender=Male,,gender=Female,gender=Female,gender=Female,0,<=50K | Some-college | Private,2,2,"{""gender=Female"": ""<=50K"", ""gender=Male"": ""<=50K""}","{""gender=Female"": {""alpha"": 1.0, ""margin"": 0.7144038463579145, ""p_observed"": 0.8572019231789572, ""prior_probability"": 0.44275132275132273, ""score"": 0.8572019231789572}, ""gender=Male"": {""alpha"": 1.0, ""margin"": 0.2785175963937959, ""p_observed"": 0.639258798196898, ""prior_probability"": 0.5572486772486772, ""score"": 0.639258798196898}}","{""gender=Female"": {""alpha"": 1.0, ""margin"": 0.7144038463579145, ""p_observed"": 0.8572019231789572, ""prior_probability"": 0.44275132275132273, ""score"": 0.7144038463579145}, ""gender=Male"": {""alpha"": 1.0, ""margin"": 0.2785175963937959, ""p_observed"": 0.639258798196898, ""prior_probability"": 0.5572486772486772, ""score"": 0.2785175963937959}}","{""gender=Female"": {""alpha"": 2.0, ""margin"": 0.7144038463579145, ""p_observed"": 0.8572019231789572, ""prior_probability"": 0.44275132275132273, ""score"": -1.122910558395068}, ""gender=Male"": {""alpha"": 2.0, ""margin"": 0.2785175963937959, ""p_observed"": 0.639258798196898, ""prior_probability"": 0.5572486772486772, ""score"": -1.479635483619575}}"
302,Male,White,gender=Male,<=50K,"{""age"": ""27"", ""workclass"": ""Self-emp-not-inc"", ""education"": ""Some-college"", ""educational-num"": ""10"", ""race"": ""White"", ""capital-gain"": ""0"", ""capital-loss"": ""0"", ""hours-per-week"": ""50"", ""native-country"": ""United-States""}",gender=Male,gender=Male,gender=Male,,gender=Female,gender=Female,gender=Female,0,<=50K | Some-college | Self-emp-not-inc,2,2,"{""gender=Female"": ""<=50K"", ""gender=Male"": ""<=50K""}","{""gender=Female"": {""alpha"": 1.0, ""margin"": 0.7979195951621288, ""p_observed"": 0.8989597975810645, ""prior_probability"": 0.44275132275132273, ""score"": 0.8989597975810645}, ""gender=Male"": {""alpha"": 1.0, ""margin"": 0.5825057262172413, ""p_observed"": 0.7912528631086208, ""prior_probability"": 0.5572486772486772, ""score"": 0.7912528631086208}}","{""gender=Female"": {""alpha"": 1.0, ""margin"": 0.7979195951621288, ""p_observed"": 0.8989597975810645, ""prior_probability"": 0.44275132275132273, ""score"": 0.7979195951621288}, ""gender=Male"": {""alpha"": 1.0, ""margin"": 0.5825057262172413, ""p_observed"": 0.7912528631086208, ""prior_probability"": 0.5572486772486772, ""score"": 0.5825057262172413}}","{""gender=Female"": {""alpha"": 2.0, ""margin"": 0.7979195951621288, ""p_observed"": 0.8989597975810645, ""prior_probability"": 0.44275132275132273, ""score"": -1.0277809438483105}, ""gender=Male"": {""alpha"": 2.0, ""margin"": 0.5825057262172413, ""p_observed"": 0.7912528631086208, ""prior_probability"": 0.5572486772486772, ""score"": -1.0530190545667055}}"
303,Male,White,gender=Male,<=50K,"{""age"": ""21"", ""workclass"": ""Private"", ""education"": ""Some-college"", ""educational-num"": ""10"", ""race"": ""White"", ""capital-gain"": ""0"", ""capital-loss"": ""0"", ""hours-per-week"": ""20"", ""native-country"": ""United-States""}",gender=Male,gender=Male,gender=Male,,gender=Female,gender=Female,gender=Male,0,<=50K | Some-college | Private,2,2,"{""gender=Female"": ""<=50K"", ""gender=Male"": ""<=50K""}","{""gender=Female"": {""alpha"": 1.0, ""margin"": 0.9542775156625176, ""p_observed"": 0.9771387578312588, ""prior_probability"": 0.44275132275132273, ""score"": 0.9771387578312588}, ""gender=Male"": {""alpha"": 1.0, ""margin"": 0.8978867029539985, ""p_observed"": 0.9489433514769992, ""prior_probability"": 0.5572486772486772, ""score"": 0.9489433514769992}}","{""gender=Female"": {""alpha"": 1.0, ""margin"": 0.9542775156625176, ""p_observed"": 0.9771387578312588, ""prior_probability"": 0.44275132275132273, ""score"": 0.9542775156625176}, ""gender=Male"": {""alpha"": 1.0, ""margin"": 0.8978867029539985, ""p_observed"": 0.9489433514769992, ""prior_probability"": 0.5572486772486772, ""score"": 0.8978867029539985}}","{""gender=Female"": {""alpha"": 2.0, ""margin"": 0.9542775156625176, ""p_observed"": 0.9771387578312588, ""prior_probability"": 0.44275132275132273, ""score"": -0.8610002400061941}, ""gender=Male"": {""alpha"": 2.0, ""margin"": 0.8978867029539985, ""p_observed"": 0.9489433514769992, ""prior_probability"": 0.5572486772486772, ""score"": -0.6895560304569306}}"
304,Female,White,gender=Female,<=50K,"{""age"": ""25"", ""workclass"": ""Private"", ""education"": ""HS-grad"", ""educational-num"": ""9"", ""race"": ""White"", ""capital-gain"": ""0"", ""capital-loss"": ""0"", ""hours-per-week"": ""25"", ""native-country"": ""United-States""}",gender=Male,gender=Male,gender=Male,,gender=Female,gender=Female,gender=Male,0,<=50K | HS-grad | Private,2,2,"{""gender=Female"": ""<=50K"", ""gender=Male"": ""<=50K""}","{""gender=Female"": {""alpha"": 1.0, ""margin"": 0.9488661585690007, ""p_observed"": 0.9744330792845004, ""prior_probability"": 0.3531869020347662, ""score"": 0.9744330792845004}, ""gender=Male"": {""alpha"": 1.0, ""margin"": 0.9025834237180301, ""p_observed"": 0.9512917118590151, ""prior_probability"": 0.6468130979652338, ""score"": 0.9512917118590151}}","{""gender=Female"": {""alpha"": 1.0, ""margin"": 0.9488661585690007, ""p_observed"": 0.9744330792845004, ""prior_probability"": 0.3531869020347662, ""score"": 0.9488661585690007}, ""gender=Male"": {""alpha"": 1.0, ""margin"": 0.9025834237180301, ""p_observed"": 0.9512917118590151, ""prior_probability"": 0.6468130979652338, ""score"": 0.9025834237180301}}","{""gender=Female"": {""alpha"": 2.0, ""margin"": 0.9488661585690007, ""p_observed"": 0.9744330792845004, ""prior_probability"": 0.3531869020347662, ""score"": -1.0925567631270363}, ""gender=Male"": {""alpha"": 2.0, ""margin"": 0.9025834237180301, ""p_observed"": 0.9512917118590151, ""prior_probability"": 0.6468130979652338, ""score"": -0.5355669435628093}}"
305,Male,White,gender=Male,>50K,"{""age"": ""27"", ""workclass"": ""Private"", ""education"": ""HS-grad"", ""educational-num"": ""9"", ""race"": ""White"", ""capital-gain"": ""0"", ""capital-loss"": ""0"", ""hours-per-week"": ""45"", ""native-country"": ""United-States""}",gender=Male,gender=Male,gender=Male,,gender=Male,gender=Male,gender=Male,0,>50K | HS-grad | Private,2,2,"{""gender=Female"": ""<=50K"", ""gender=Male"": ""<=50K""}","{""gender=Female"": {""alpha"": 1.0, ""margin"": -0.87785725640385, ""p_observed"": 0.0610713717980752, ""prior_probability"": 0.129565816678153, ""score"": 0.0610713717980752}, ""gender=Male"": {""alpha"": 1.0, ""margin"": -0.7578016843507763, ""p_observed"": 0.12109915782461193, ""prior_probability"": 0.870434183321847, ""score"": 0.12109915782461193}}","{""gender=Female"": {""alpha"": 1.0, ""margin"": -0.87785725640385, ""p_observed"": 0.0610713717980752, ""prior_probability"": 0.129565816678153, ""score"": -0.87785725640385}, ""gender=Male"": {""alpha"": 1.0, ""margin"": -0.7578016843507763, ""p_observed"": 0.12109915782461193, ""prior_probability"": 0.870434183321847, ""score"": -0.7578016843507763}}","{""gender=Female"": {""alpha"": 2.0, ""margin"": -0.87785725640385, ""p_observed"": 0.0610713717980752, ""prior_probability"": 0.129565816678153, ""score"": -7.634990428620695}, ""gender=Male"": {""alpha"": 2.0, ""margin"": -0.7578016843507763, ""p_observed"": 0.12109915782461193, ""prior_probability"": 0.870434183321847, ""score"": -4.3610542961877465}}"
306,Male,Black,gender=Male,>50K,"{""age"": ""53"", ""workclass"": ""Self-emp-not-inc"", ""education"": ""HS-grad"", ""educational-num"": ""9"", ""race"": ""Black"", ""capital-gain"": ""0"", ""capital-loss"": ""0"", ""hours-per-week"": ""45"", ""native-country"": ""United-States""}",gender=Male,gender=Male,gender=Male,,gender=Male,gender=Male,gender=Male,0,>50K | HS-grad | Self-emp-not-inc,2,2,"{""gender=Female"": ""<=50K"", ""gender=Male"": ""<=50K""}","{""gender=Female"": {""alpha"": 1.0, ""margin"": -0.8071605518623327, ""p_observed"": 0.09641972406883362, ""prior_probability"": 0.129565816678153, ""score"": 0.09641972406883362}, ""gender=Male"": {""alpha"": 1.0, ""margin"": -0.5616919899511161, ""p_observed"": 0.21915400502444218, ""prior_probability"": 0.870434183321847, ""score"": 0.21915400502444218}}","{""gender=Female"": {""alpha"": 1.0, ""margin"": -0.8071605518623327, ""p_observed"": 0.09641972406883362, ""prior_probability"": 0.129565816678153, ""score"": -0.8071605518623327}, ""gender=Male"": {""alpha"": 1.0, ""margin"": -0.5616919899511161, ""p_observed"": 0.21915400502444218, ""prior_probability"": 0.870434183321847, ""score"": -0.5616919899511161}}","{""gender=Female"": {""alpha"": 2.0, ""margin"": -0.8071605518623327, ""p_observed"": 0.09641972406883362, ""prior_probability"": 0.129565816678153, ""score"": -6.721655273597292}, ""gender=Male"": {""alpha"": 2.0, ""margin"": -0.5616919899511161, ""p_observed"": 0.21915400502444218, ""prior_probability"": 0.870434183321847, ""score"": -3.174724284571244}}"
307,Female,Black,gender=Female,<=50K,"{""age"": ""40"", ""workclass"": ""Private"", ""education"": ""Assoc-acdm"", ""educational-num"": ""12"", ""race"": ""Black"", ""capital-gain"": ""0"", ""capital-loss"": ""0"", ""hours-per-week"": ""32"", ""native-country"": ""United-States""}",gender=Male,gender=Male,gender=Male,,gender=Female,gender=Female,gender=Female,0,<=50K | Assoc-acdm | Private,2,2,"{""gender=Female"": ""<=50K"", ""gender=Male"": ""<=50K""}","{""gender=Female"": {""alpha"": 1.0, ""margin"": 0.8469463558582149, ""p_observed"": 0.9234731779291074, ""prior_probability"": 0.4611801242236025, ""score"": 0.9234731779291074}, ""gender=Male"": {""alpha"": 1.0, ""margin"": 0.6913152535115844, ""p_observed"": 0.8456576267557923, ""prior_probability"": 0.5388198757763976, ""score"": 0.8456576267557923}}","{""gender=Female"": {""alpha"": 1.0, ""margin"": 0.8469463558582149, ""p_observed"": 0.9234731779291074, ""prior_probability"": 0.4611801242236025, ""score"": 0.8469463558582149}, ""gender=Male"": {""alpha"": 1.0, ""margin"": 0.6913152535115844, ""p_observed"": 0.8456576267557923, ""prior_probability"": 0.5388198757763976, ""score"": 0.6913152535115844}}","{""gender=Female"": {""alpha"": 2.0, ""margin"": 0.8469463558582149, ""p_observed"": 0.9234731779291074, ""prior_probability"": 0.4611801242236025, ""score"": -0.933193634694235}, ""gender=Male"": {""alpha"": 2.0, ""margin"": 0.6913152535115844, ""p_observed"": 0.8456576267557923, ""prior_probability"": 0.5388198757763976, ""score"": -0.9536553417450961}}"
308,Male,White,gender=Male,<=50K,"{""age"": ""23"", ""workclass"": ""Private"", ""education"": ""HS-grad"", ""educational-num"": ""9"", ""race"": ""White"", ""capital-gain"": ""0"", ""capital-loss"": ""0"", ""hours-per-week"": ""40"", ""native-country"": ""United-States""}",gender=Male,gender=Male,gender=Male,,gender=Female,gender=Female,gender=Male,0,<=50K | HS-grad | Private,2,2,"{""gender=Female"": ""<=50K"", ""gender=Male"": ""<=50K""}","{""gender=Female"": {""alpha"": 1.0, ""margin"": 0.9321857407645197, ""p_observed"": 0.9660928703822599, ""prior_probability"": 0.3531869020347662, ""score"": 0.9660928703822599}, ""gender=Male"": {""alpha"": 1.0, ""margin"": 0.8607573863024276, ""p_observed"": 0.9303786931512137, ""prior_probability"": 0.6468130979652338, ""score"": 0.9303786931512137}}","{""gender=Female"": {""alpha"": 1.0, ""margin"": 0.9321857407645197, ""p_observed"": 0.9660928703822599, ""prior_probability"": 0.3531869020347662, ""score"": 0.9321857407645197}, ""gender=Male"": {""alpha"": 1.0, ""margin"": 0.8607573863024276, ""p_observed"": 0.9303786931512137, ""prior_probability"": 0.6468130979652338, ""score"": 0.8607573863024276}}","{""gender=Female"": {""alpha"": 2.0, ""margin"": 0.9321857407645197, ""p_observed"": 0.9660928703822599, ""prior_probability"": 0.3531869020347662, ""score"": -1.1097485152039612}, ""gender=Male"": {""alpha"": 2.0, ""margin"": 0.8607573863024276, ""p_observed"": 0.9303786931512137, ""prior_probability"": 0.6468130979652338, ""score"": -0.5800250586345921}}"
309,Female,White,gender=Female,>50K,"{""age"": ""59"", ""workclass"": ""Local-gov"", ""education"": ""Masters"", ""educational-num"": ""14"", ""race"": ""White"", ""capital-gain"": ""8614"", ""capital-loss"": ""0"", ""hours-per-week"": ""60"", ""native-country"": ""United-States""}",gender=Male,gender=Male,gender=Male,,gender=Male,gender=Male,gender=Male,0,>50K | Masters | Local-gov,2,2,"{""gender=Female"": "">50K"", ""gender=Male"": "">50K""}","{""gender=Female"": {""alpha"": 1.0, ""margin"": 0.6828129360753841, ""p_observed"": 0.8414064680376919, ""prior_probability"": 0.18875, ""score"": 0.8414064680376919}, ""gender=Male"": {""alpha"": 1.0, ""margin"": 0.7922077695685061, ""p_observed"": 0.8961038847842531, ""prior_probability"": 0.81125, ""score"": 0.8961038847842531}}","{""gender=Female"": {""alpha"": 1.0, ""margin"": 0.6828129360753841, ""p_observed"": 0.8414064680376919, ""prior_probability"": 0.18875, ""score"": 0.6828129360753841}, ""gender=Male"": {""alpha"": 1.0, ""margin"": 0.7922077695685061, ""p_observed"": 0.8961038847842531, ""prior_probability"": 0.81125, ""score"": 0.7922077695685061}}","{""gender=Female"": {""alpha"": 2.0, ""margin"": 0.6828129360753841, ""p_observed"": 0.8414064680376919, ""prior_probability"": 0.18875, ""score"": -2.012692732097896}, ""gender=Male"": {""alpha"": 2.0, ""margin"": 0.7922077695685061, ""p_observed"": 0.8961038847842531, ""prior_probability"": 0.81125, ""score"": -0.4285768707408172}}"
310,Female,White,gender=Female,<=50K,"{""age"": ""21"", ""workclass"": ""Private"", ""education"": ""Some-college"", ""educational-num"": ""10"", ""race"": ""White"", ""capital-gain"": ""0"", ""capital-loss"": ""0"", ""hours-per-week"": ""20"", ""native-country"": ""United-States""}",gender=Male,gender=Male,gender=Male,,gender=Female,gender=Female,gender=Male,0,<=50K | Some-college | Private,2,2,"{""gender=Female"": ""<=50K"", ""gender=Male"": ""<=50K""}","{""gender=Female"": {""alpha"": 1.0, ""margin"": 0.9542775156625176, ""p_observed"": 0.9771387578312588, ""prior_probability"": 0.44275132275132273, ""score"": 0.9771387578312588}, ""gender=Male"": {""alpha"": 1.0, ""margin"": 0.8978867029539985, ""p_observed"": 0.9489433514769992, ""prior_probability"": 0.5572486772486772, ""score"": 0.9489433514769992}}","{""gender=Female"": {""alpha"": 1.0, ""margin"": 0.9542775156625176, ""p_observed"": 0.9771387578312588, ""prior_probability"": 0.44275132275132273, ""score"": 0.9542775156625176}, ""gender=Male"": {""alpha"": 1.0, ""margin"": 0.8978867029539985, ""p_observed"": 0.9489433514769992, ""prior_probability"": 0.5572486772486772, ""score"": 0.8978867029539985}}","{""gender=Female"": {""alpha"": 2.0, ""margin"": 0.9542775156625176, ""p_observed"": 0.9771387578312588, ""prior_probability"": 0.44275132275132273, ""score"": -0.8610002400061941}, ""gender=Male"": {""alpha"": 2.0, ""margin"": 0.8978867029539985, ""p_observed"": 0.9489433514769992, ""prior_probability"": 0.5572486772486772, ""score"": -0.6895560304569306}}"
311,Female,White,gender=Female,>50K,"{""age"": ""42"", ""workclass"": ""Private"", ""education"": ""Some-college"", ""educational-num"": ""10"", ""race"": ""White"", ""capital-gain"": ""8614"", ""capital-loss"": ""0"", ""hours-per-week"": ""52"", ""native-country"": ""United-States""}",gender=Male,gender=Male,gender=Male,,gender=Male,gender=Male,gender=Male,0,>50K | Some-college | Private,2,2,"{""gender=Female"": "">50K"", ""gender=Male"": "">50K""}","{""gender=Female"": {""alpha"": 1.0, ""margin"": 0.39183754127147313, ""p_observed"": 0.6959187706357365, ""prior_probability"": 0.1390946502057613, ""score"": 0.6959187706357365}, ""gender=Male"": {""alpha"": 1.0, ""margin"": 0.6768434909445651, ""p_observed"": 0.8384217454722827, ""prior_probability"": 0.8609053497942387, ""score"": 0.8384217454722827}}","{""gender=Female"": {""alpha"": 1.0, ""margin"": 0.39183754127147313, ""p_observed"": 0.6959187706357365, ""prior_probability"": 0.1390946502057613, ""score"": 0.39183754127147313}, ""gender=Male"": {""alpha"": 1.0, ""margin"": 0.6768434909445651, ""p_observed"": 0.8384217454722827, ""prior_probability"": 0.8609053497942387, ""score"": 0.6768434909445651}}","{""gender=Female"": {""alpha"": 2.0, ""margin"": 0.39183754127147313, ""p_observed"": 0.6959187706357365, ""prior_probability"": 0.1390946502057613, ""score"": -2.697645309482428}, ""gender=Male"": {""alpha"": 2.0, ""margin"": 0.6768434909445651, ""p_observed"": 0.8384217454722827, ""prior_probability"": 0.8609053497942387, ""score"": -0.5022387689120766}}"
312,Male,White,gender=Male,<=50K,"{""age"": ""23"", ""workclass"": ""Private"", ""education"": ""Some-college"", ""educational-num"": ""10"", ""race"": ""White"", ""capital-gain"": ""0"", ""capital-loss"": ""0"", ""hours-per-week"": ""20"", ""native-country"": ""United-States""}",gender=Male,gender=Male,gender=Male,,gender=Female,gender=Female,gender=Male,0,<=50K | Some-college | Private,2,2,"{""gender=Female"": ""<=50K"", ""gender=Male"": ""<=50K""}","{""gender=Female"": {""alpha"": 1.0, ""margin"": 0.9538428899458744, ""p_observed"": 0.9769214449729372, ""prior_probability"": 0.44275132275132273, ""score"": 0.9769214449729372}, ""gender=Male"": {""alpha"": 1.0, ""margin"": 0.897008828271345, ""p_observed"": 0.9485044141356724, ""prior_probability"": 0.5572486772486772, ""score"": 0.9485044141356724}}","{""gender=Female"": {""alpha"": 1.0, ""margin"": 0.9538428899458744, ""p_observed"": 0.9769214449729372, ""prior_probability"": 0.44275132275132273, ""score"": 0.9538428899458744}, ""gender=Male"": {""alpha"": 1.0, ""margin"": 0.897008828271345, ""p_observed"": 0.9485044141356724, ""prior_probability"": 0.5572486772486772, ""score"": 0.897008828271345}}","{""gender=Female"": {""alpha"": 2.0, ""margin"": 0.9538428899458744, ""p_observed"": 0.9769214449729372, ""prior_probability"": 0.44275132275132273, ""score"": -0.8614450837400885}, ""gender=Male"": {""alpha"": 2.0, ""margin"": 0.897008828271345, ""p_observed"": 0.9485044141356724, ""prior_probability"": 0.5572486772486772, ""score"": -0.690481352053891}}"
313,Female,White,gender=Female,>50K,"{""age"": ""31"", ""workclass"": ""Private"", ""education"": ""Masters"", ""educational-num"": ""14"", ""race"": ""White"", ""capital-gain"": ""0"", ""capital-loss"": ""1902"", ""hours-per-week"": ""45"", ""native-country"": ""United-States""}",gender=Male,gender=Male,gender=Male,,gender=Male,gender=Male,gender=Male,0,>50K | Masters | Private,2,2,"{""gender=Female"": "">50K"", ""gender=Male"": "">50K""}","{""gender=Female"": {""alpha"": 1.0, ""margin"": 0.02772556060103437, ""p_observed"": 0.5138627803005172, ""prior_probability"": 0.18875, ""score"": 0.5138627803005172}, ""gender=Male"": {""alpha"": 1.0, ""margin"": 0.5931415608383711, ""p_observed"": 0.7965707804191855, ""prior_probability"": 0.81125, ""score"": 0.7965707804191855}}","{""gender=Female"": {""alpha"": 1.0, ""margin"": 0.02772556060103437, ""p_observed"": 0.5138627803005172, ""prior_probability"": 0.18875, ""score"": 0.02772556060103437}, ""gender=Male"": {""alpha"": 1.0, ""margin"": 0.5931415608383711, ""p_observed"": 0.7965707804191855, ""prior_probability"": 0.81125, ""score"": 0.5931415608383711}}","{""gender=Female"": {""alpha"": 2.0, ""margin"": 0.02772556060103437, ""p_observed"": 0.5138627803005172, ""prior_probability"": 0.18875, ""score"": -2.998929917981384}, ""gender=Male"": {""alpha"": 2.0, ""margin"": 0.5931415608383711, ""p_observed"": 0.7965707804191855, ""prior_probability"": 0.81125, ""score"": -0.6640575895136667}}"
314,Male,White,gender=Male,<=50K,"{""age"": ""22"", ""workclass"": ""Private"", ""education"": ""Assoc-acdm"", ""educational-num"": ""12"", ""race"": ""White"", ""capital-gain"": ""0"", ""capital-loss"": ""0"", ""hours-per-week"": ""60"", ""native-country"": ""United-States""}",gender=Male,gender=Male,gender=Male,,gender=Female,gender=Female,gender=Male,0,<=50K | Assoc-acdm | Private,2,2,"{""gender=Female"": ""<=50K"", ""gender=Male"": ""<=50K""}","{""gender=Female"": {""alpha"": 1.0, ""margin"": 0.7912613905055405, ""p_observed"": 0.8956306952527704, ""prior_probability"": 0.4611801242236025, ""score"": 0.8956306952527704}, ""gender=Male"": {""alpha"": 1.0, ""margin"": 0.6913563421137247, ""p_observed"": 0.8456781710568626, ""prior_probability"": 0.5388198757763976, ""score"": 0.8456781710568626}}","{""gender=Female"": {""alpha"": 1.0, ""margin"": 0.7912613905055405, ""p_observed"": 0.8956306952527704, ""prior_probability"": 0.4611801242236025, ""score"": 0.7912613905055405}, ""gender=Male"": {""alpha"": 1.0, ""margin"": 0.6913563421137247, ""p_observed"": 0.8456781710568626, ""prior_probability"": 0.5388198757763976, ""score"": 0.6913563421137247}}","{""gender=Female"": {""alpha"": 2.0, ""margin"": 0.7912613905055405, ""p_observed"": 0.8956306952527704, ""prior_probability"": 0.4611801242236025, ""score"": -0.994420830200902}, ""gender=Male"": {""alpha"": 2.0, ""margin"": 0.6913563421137247, ""p_observed"": 0.8456781710568626, ""prior_probability"": 0.5388198757763976, ""score"": -0.9536067545843492}}"
315,Male,White,gender=Male,<=50K,"{""age"": ""43"", ""workclass"": ""Self-emp-not-inc"", ""education"": ""Bachelors"", ""educational-num"": ""13"", ""race"": ""White"", ""capital-gain"": ""0"", ""capital-loss"": ""0"", ""hours-per-week"": ""60"", ""native-country"": ""United-States""}",gender=Male,gender=Male,gender=Female,,gender=Female,gender=Female,gender=Female,0,<=50K | Bachelors | Self-emp-not-inc,2,2,"{""gender=Female"": ""<=50K"", ""gender=Male"": "">50K""}","{""gender=Female"": {""alpha"": 1.0, ""margin"": 0.3513904521461122, ""p_observed"": 0.675695226073056, ""prior_probability"": 0.4140684410646388, ""score"": 0.675695226073056}, ""gender=Male"": {""alpha"": 1.0, ""margin"": -0.03127883946167909, ""p_observed"": 0.4843605802691604, ""prior_probability"": 0.5859315589353612, ""score"": 0.4843605802691604}}","{""gender=Female"": {""alpha"": 1.0, ""margin"": 0.3513904521461122, ""p_observed"": 0.675695226073056, ""prior_probability"": 0.4140684410646388, ""score"": 0.3513904521461122}, ""gender=Male"": {""alpha"": 1.0, ""margin"": -0.03127883946167909, ""p_observed"": 0.4843605802691604, ""prior_probability"": 0.5859315589353612, ""score"": -0.03127883946167909}}","{""gender=Female"": {""alpha"": 2.0, ""margin"": 0.3513904521461122, ""p_observed"": 0.675695226073056, ""prior_probability"": 0.4140684410646388, ""score"": -1.6657503094518455}, ""gender=Male"": {""alpha"": 2.0, ""margin"": -0.03127883946167909, ""p_observed"": 0.4843605802691604, ""prior_probability"": 0.5859315589353612, ""score"": -1.9844035880207918}}"
316,Male,White,gender=Male,<=50K,"{""age"": ""41"", ""workclass"": ""Private"", ""education"": ""HS-grad"", ""educational-num"": ""9"", ""race"": ""White"", ""capital-gain"": ""0"", ""capital-loss"": ""0"", ""hours-per-week"": ""48"", ""native-country"": ""United-States""}",gender=Male,gender=Male,gender=Male,,gender=Female,gender=Female,gender=Male,0,<=50K | HS-grad | Private,2,2,"{""gender=Female"": ""<=50K"", ""gender=Male"": ""<=50K""}","{""gender=Female"": {""alpha"": 1.0, ""margin"": 0.7679296828522372, ""p_observed"": 0.8839648414261184, ""prior_probability"": 0.3531869020347662, ""score"": 0.8839648414261184}, ""gender=Male"": {""alpha"": 1.0, ""margin"": 0.45419773582750045, ""p_observed"": 0.7270988679137502, ""prior_probability"": 0.6468130979652338, ""score"": 0.7270988679137502}}","{""gender=Female"": {""alpha"": 1.0, ""margin"": 0.7679296828522372, ""p_observed"": 0.8839648414261184, ""prior_probability"": 0.3531869020347662, ""score"": 0.7679296828522372}, ""gender=Male"": {""alpha"": 1.0, ""margin"": 0.45419773582750045, ""p_observed"": 0.7270988679137502, ""prior_probability"": 0.6468130979652338, ""score"": 0.45419773582750045}}","{""gender=Female"": {""alpha"": 2.0, ""margin"": 0.7679296828522372, ""p_observed"": 0.8839648414261184, ""prior_probability"": 0.3531869020347662, ""score"": -1.2874338732023796}, ""gender=Male"": {""alpha"": 2.0, ""margin"": 0.45419773582750045, ""p_observed"": 0.7270988679137502, ""prior_probability"": 0.6468130979652338, ""score"": -1.0730835337055837}}"
317,Female,White,gender=Female,<=50K,"{""age"": ""18"", ""workclass"": ""Private"", ""education"": ""11th"", ""educational-num"": ""7"", ""race"": ""White"", ""capital-gain"": ""0"", ""capital-loss"": ""0"", ""hours-per-week"": ""30"", ""native-country"": ""United-States""}",gender=Male,gender=Male,gender=Male,,gender=Female,gender=Female,gender=Male,0,<=50K | 11th | Private,2,2,"{""gender=Female"": ""<=50K"", ""gender=Male"": ""<=50K""}","{""gender=Female"": {""alpha"": 1.0, ""margin"": 0.978368928162536, ""p_observed"": 0.9891844640812678, ""prior_probability"": 0.3555070883315158, ""score"": 0.9891844640812678}, ""gender=Male"": {""alpha"": 1.0, ""margin"": 0.9436760326367488, ""p_observed"": 0.9718380163183744, ""prior_probability"": 0.6444929116684842, ""score"": 0.9718380163183744}}","{""gender=Female"": {""alpha"": 1.0, ""margin"": 0.978368928162536, ""p_observed"": 0.9891844640812678, ""prior_probability"": 0.3555070883315158, ""score"": 0.978368928162536}, ""gender=Male"": {""alpha"": 1.0, ""margin"": 0.9436760326367488, ""p_observed"": 0.9718380163183744, ""prior_probability"": 0.6444929116684842, ""score"": 0.9436760326367488}}","{""gender=Female"": {""alpha"": 2.0, ""margin"": 0.978368928162536, ""p_observed"": 0.9891844640812678, ""prior_probability"": 0.3555070883315158, ""score"": -1.0559589888832728}, ""gender=Male"": {""alpha"": 2.0, ""margin"": 0.9436760326367488, ""p_observed"": 0.9718380163183744, ""prior_probability"": 0.6444929116684842, ""score"": -0.49642373142546165}}"
318,Female,Asian-Pac-Islander,gender=Female,<=50K,"{""age"": ""41"", ""workclass"": ""Private"", ""education"": ""Some-college"", ""educational-num"": ""10"", ""race"": ""Asian-Pac-Islander"", ""capital-gain"": ""0"", ""capital-loss"": ""0"", ""hours-per-week"": ""40"", ""native-country"": ""Philippines""}",gender=Male,gender=Male,gender=Male,,gender=Female,gender=Female,gender=Female,0,<=50K | Some-college | Private,2,2,"{""gender=Female"": ""<=50K"", ""gender=Male"": ""<=50K""}","{""gender=Female"": {""alpha"": 1.0, ""margin"": 0.8133675837309305, ""p_observed"": 0.9066837918654651, ""prior_probability"": 0.44275132275132273, ""score"": 0.9066837918654651}, ""gender=Male"": {""alpha"": 1.0, ""margin"": 0.4949732710227899, ""p_observed"": 0.7474866355113948, ""prior_probability"": 0.5572486772486772, ""score"": 0.7474866355113948}}","{""gender=Female"": {""alpha"": 1.0, ""margin"": 0.8133675837309305, ""p_observed"": 0.9066837918654651, ""prior_probability"": 0.44275132275132273, ""score"": 0.8133675837309305}, ""gender=Male"": {""alpha"": 1.0, ""margin"": 0.4949732710227899, ""p_observed"": 0.7474866355113948, ""prior_probability"": 0.5572486772486772, ""score"": 0.4949732710227899}}","{""gender=Female"": {""alpha"": 2.0, ""margin"": 0.8133675837309305, ""p_observed"": 0.9066837918654651, ""prior_probability"": 0.44275132275132273, ""score"": -1.0106700556463724}, ""gender=Male"": {""alpha"": 2.0, ""margin"": 0.4949732710227899, ""p_observed"": 0.7474866355113948, ""prior_probability"": 0.5572486772486772, ""score"": -1.1668213860148282}}"
319,Male,White,gender=Male,<=50K,"{""age"": ""30"", ""workclass"": ""Self-emp-not-inc"", ""education"": ""11th"", ""educational-num"": ""7"", ""race"": ""White"", ""capital-gain"": ""0"", ""capital-loss"": ""0"", ""hours-per-week"": ""30"", ""native-country"": ""Honduras""}",gender=Male,gender=Male,gender=Male,,gender=Female,gender=Female,gender=Male,0,<=50K | 11th | Self-emp-not-inc,2,2,"{""gender=Female"": ""<=50K"", ""gender=Male"": ""<=50K""}","{""gender=Female"": {""alpha"": 1.0, ""margin"": 0.8582298298339979, ""p_observed"": 0.9291149149169987, ""prior_probability"": 0.3555070883315158, ""score"": 0.9291149149169987}, ""gender=Male"": {""alpha"": 1.0, ""margin"": 0.8414852589346239, ""p_observed"": 0.920742629467312, ""prior_probability"": 0.6444929116684842, ""score"": 0.920742629467312}}","{""gender=Female"": {""alpha"": 1.0, ""margin"": 0.8582298298339979, ""p_observed"": 0.9291149149169987, ""prior_probability"": 0.3555070883315158, ""score"": 0.8582298298339979}, ""gender=Male"": {""alpha"": 1.0, ""margin"": 0.8414852589346239, ""p_observed"": 0.920742629467312, ""prior_probability"": 0.6444929116684842, ""score"": 0.8414852589346239}}","{""gender=Female"": {""alpha"": 2.0, ""margin"": 0.8582298298339979, ""p_observed"": 0.9291149149169987, ""prior_probability"": 0.3555070883315158, ""score"": -1.1812557916563984}, ""gender=Male"": {""alpha"": 2.0, ""margin"": 0.8414852589346239, ""p_observed"": 0.920742629467312, ""prior_probability"": 0.6444929116684842, ""score"": -0.6044409120740137}}"
320,Male,White,gender=Male,<=50K,"{""age"": ""58"", ""workclass"": ""Self-emp-not-inc"", ""education"": ""Some-college"", ""educational-num"": ""10"", ""race"": ""White"", ""capital-gain"": ""0"", ""capital-loss"": ""0"", ""hours-per-week"": ""35"", ""native-country"": ""United-States""}",gender=Male,gender=Male,gender=Male,,gender=Female,gender=Female,gender=Female,0,<=50K | Some-college | Self-emp-not-inc,2,2,"{""gender=Female"": ""<=50K"", ""gender=Male"": ""<=50K""}","{""gender=Female"": {""alpha"": 1.0, ""margin"": 0.7575903562774686, ""p_observed"": 0.8787951781387342, ""prior_probability"": 0.44275132275132273, ""score"": 0.8787951781387342}, ""gender=Male"": {""alpha"": 1.0, ""margin"": 0.5192781874300304, ""p_observed"": 0.759639093715015, ""prior_probability"": 0.5572486772486772, ""score"": 0.759639093715015}}","{""gender=Female"": {""alpha"": 1.0, ""margin"": 0.7575903562774686, ""p_observed"": 0.8787951781387342, ""prior_probability"": 0.44275132275132273, ""score"": 0.7575903562774686}, ""gender=Male"": {""alpha"": 1.0, ""margin"": 0.5192781874300304, ""p_observed"": 0.759639093715015, ""prior_probability"": 0.5572486772486772, ""score"": 0.5192781874300304}}","{""gender=Female"": {""alpha"": 2.0, ""margin"": 0.7575903562774686, ""p_observed"": 0.8787951781387342, ""prior_probability"": 0.44275132275132273, ""score"": -1.0731538654562942}, ""gender=Male"": {""alpha"": 2.0, ""margin"": 0.5192781874300304, ""p_observed"": 0.759639093715015, ""prior_probability"": 0.5572486772486772, ""score"": -1.134567350795883}}"
321,Male,White,gender=Male,<=50K,"{""age"": ""30"", ""workclass"": ""Self-emp-not-inc"", ""education"": ""Bachelors"", ""educational-num"": ""13"", ""race"": ""White"", ""capital-gain"": ""0"", ""capital-loss"": ""0"", ""hours-per-week"": ""50"", ""native-country"": ""United-States""}",gender=Male,gender=Male,gender=Male,,gender=Female,gender=Female,gender=Female,0,<=50K | Bachelors | Self-emp-not-inc,2,2,"{""gender=Female"": ""<=50K"", ""gender=Male"": ""<=50K""}","{""gender=Female"": {""alpha"": 1.0, ""margin"": 0.3614132740812911, ""p_observed"": 0.6807066370406456, ""prior_probability"": 0.4140684410646388, ""score"": 0.6807066370406456}, ""gender=Male"": {""alpha"": 1.0, ""margin"": 0.05634496836429165, ""p_observed"": 0.5281724841821459, ""prior_probability"": 0.5859315589353612, ""score"": 0.5281724841821459}}","{""gender=Female"": {""alpha"": 1.0, ""margin"": 0.3614132740812911, ""p_observed"": 0.6807066370406456, ""prior_probability"": 0.4140684410646388, ""score"": 0.3614132740812911}, ""gender=Male"": {""alpha"": 1.0, ""margin"": 0.05634496836429165, ""p_observed"": 0.5281724841821459, ""prior_probability"": 0.5859315589353612, ""score"": 0.05634496836429165}}","{""gender=Female"": {""alpha"": 2.0, ""margin"": 0.3614132740812911, ""p_observed"": 0.6807066370406456, ""prior_probability"": 0.4140684410646388, ""score"": -1.6509716987567808}, ""gender=Male"": {""alpha"": 2.0, ""margin"": 0.05634496836429165, ""p_observed"": 0.5281724841821459, ""prior_probability"": 0.5859315589353612, ""score"": -1.8112170379217014}}"
322,Male,White,gender=Male,<=50K,"{""age"": ""47"", ""workclass"": ""Private"", ""education"": ""11th"", ""educational-num"": ""7"", ""race"": ""White"", ""capital-gain"": ""0"", ""capital-loss"": ""0"", ""hours-per-week"": ""40"", ""native-country"": ""United-States""}",gender=Male,gender=Male,gender=Male,,gender=Female,gender=Female,gender=Male,0,<=50K | 11th | Private,2,2,"{""gender=Female"": ""<=50K"", ""gender=Male"": ""<=50K""}","{""gender=Female"": {""alpha"": 1.0, ""margin"": 0.8769525738746751, ""p_observed"": 0.9384762869373375, ""prior_probability"": 0.3555070883315158, ""score"": 0.9384762869373375}, ""gender=Male"": {""alpha"": 1.0, ""margin"": 0.7126298593028089, ""p_observed"": 0.8563149296514043, ""prior_probability"": 0.6444929116684842, ""score"": 0.8563149296514043}}","{""gender=Female"": {""alpha"": 1.0, ""margin"": 0.8769525738746751, ""p_observed"": 0.9384762869373375, ""prior_probability"": 0.3555070883315158, ""score"": 0.8769525738746751}, ""gender=Male"": {""alpha"": 1.0, ""margin"": 0.7126298593028089, ""p_observed"": 0.8563149296514043, ""prior_probability"": 0.6444929116684842, ""score"": 0.7126298593028089}}","{""gender=Female"": {""alpha"": 2.0, ""margin"": 0.8769525738746751, ""p_observed"": 0.9384762869373375, ""prior_probability"": 0.3555070883315158, ""score"": -1.1612054714034539}, ""gender=Male"": {""alpha"": 2.0, ""margin"": 0.7126298593028089, ""p_observed"": 0.8563149296514043, ""prior_probability"": 0.6444929116684842, ""score"": -0.7495255789120763}}"
323,Male,White,gender=Male,<=50K,"{""age"": ""37"", ""workclass"": ""Self-emp-not-inc"", ""education"": ""HS-grad"", ""educational-num"": ""9"", ""race"": ""White"", ""capital-gain"": ""0"", ""capital-loss"": ""0"", ""hours-per-week"": ""42"", ""native-country"": ""United-States""}",gender=Male,gender=Male,gender=Male,,gender=Female,gender=Female,gender=Male,0,<=50K | HS-grad | Self-emp-not-inc,2,2,"{""gender=Female"": ""<=50K"", ""gender=Male"": ""<=50K""}","{""gender=Female"": {""alpha"": 1.0, ""margin"": 0.7770937443293073, ""p_observed"": 0.8885468721646536, ""prior_probability"": 0.3531869020347662, ""score"": 0.8885468721646536}, ""gender=Male"": {""alpha"": 1.0, ""margin"": 0.542002170034436, ""p_observed"": 0.7710010850172182, ""prior_probability"": 0.6468130979652338, ""score"": 0.7710010850172182}}","{""gender=Female"": {""alpha"": 1.0, ""margin"": 0.7770937443293073, ""p_observed"": 0.8885468721646536, ""prior_probability"": 0.3531869020347662, ""score"": 0.7770937443293073}, ""gender=Male"": {""alpha"": 1.0, ""margin"": 0.542002170034436, ""p_observed"": 0.7710010850172182, ""prior_probability"": 0.6468130979652338, ""score"": 0.542002170034436}}","{""gender=Female"": {""alpha"": 2.0, ""margin"": 0.7770937443293073, ""p_observed"": 0.8885468721646536, ""prior_probability"": 0.3531869020347662, ""score"": -1.2770936516740512}, ""gender=Male"": {""alpha"": 2.0, ""margin"": 0.542002170034436, ""p_observed"": 0.7710010850172182, ""prior_probability"": 0.6468130979652338, ""score"": -0.9558288973424934}}"
324,Male,White,gender=Male,>50K,"{""age"": ""39"", ""workclass"": ""Private"", ""education"": ""Bachelors"", ""educational-num"": ""13"", ""race"": ""White"", ""capital-gain"": ""0"", ""capital-loss"": ""1977"", ""hours-per-week"": ""45"", ""native-country"": ""Philippines""}",gender=Male,gender=Male,gender=Male,,gender=Male,gender=Male,gender=Male,0,>50K | Bachelors | Private,2,2,"{""gender=Female"": "">50K"", ""gender=Male"": "">50K""}","{""gender=Female"": {""alpha"": 1.0, ""margin"": 0.2361864138725227, ""p_observed"": 0.6180932069362614, ""prior_probability"": 0.15218508997429306, ""score"": 0.6180932069362614}, ""gender=Male"": {""alpha"": 1.0, ""margin"": 0.6685771556901134, ""p_observed"": 0.8342885778450567, ""prior_probability"": 0.847814910025707, ""score"": 0.8342885778450567}}","{""gender=Female"": {""alpha"": 1.0, ""margin"": 0.2361864138725227, ""p_observed"": 0.6180932069362614, ""prior_probability"": 0.15218508997429306, ""score"": 0.2361864138725227}, ""gender=Male"": {""alpha"": 1.0, ""margin"": 0.6685771556901134, ""p_observed"": 0.8342885778450567, ""prior_probability"": 0.847814910025707, ""score"": 0.6685771556901134}}","{""gender=Female"": {""alpha"": 2.0, ""margin"": 0.2361864138725227, ""p_observed"": 0.6180932069362614, ""prior_probability"": 0.15218508997429306, ""score"": -2.8448898269514253}, ""gender=Male"": {""alpha"": 2.0, ""margin"": 0.6685771556901134, ""p_observed"": 0.8342885778450567, ""prior_probability"": 0.847814910025707, ""score"": -0.5274447732380302}}"
325,Male,White,gender=Male,>50K,"{""age"": ""57"", ""workclass"": ""Private"", ""education"": ""Bachelors"", ""educational-num"": ""13"", ""race"": ""White"", ""capital-gain"": ""0"", ""capital-loss"": ""0"", ""hours-per-week"": ""40"", ""native-country"": ""United-States""}",gender=Male,gender=Male,gender=Male,,gender=Male,gender=Male,gender=Male,0,>50K | Bachelors | Private,2,2,"{""gender=Female"": ""<=50K"", ""gender=Male"": ""<=50K""}","{""gender=Female"": {""alpha"": 1.0, ""margin"": -0.550743248810158, ""p_observed"": 0.2246283755949209, ""prior_probability"": 0.15218508997429306, ""score"": 0.2246283755949209}, ""gender=Male"": {""alpha"": 1.0, ""margin"": -0.016650535105227682, ""p_observed"": 0.4916747324473862, ""prior_probability"": 0.847814910025707, ""score"": 0.4916747324473862}}","{""gender=Female"": {""alpha"": 1.0, ""margin"": -0.550743248810158, ""p_observed"": 0.2246283755949209, ""prior_probability"": 0.15218508997429306, ""score"": -0.550743248810158}, ""gender=Male"": {""alpha"": 1.0, ""margin"": -0.016650535105227682, ""p_observed"": 0.4916747324473862, ""prior_probability"": 0.847814910025707, ""score"": -0.016650535105227682}}","{""gender=Female"": {""alpha"": 2.0, ""margin"": -0.550743248810158, ""p_observed"": 0.2246283755949209, ""prior_probability"": 0.15218508997429306, ""score"": -4.869273614330657}, ""gender=Male"": {""alpha"": 2.0, ""margin"": -0.016650535105227682, ""p_observed"": 0.4916747324473862, ""prior_probability"": 0.847814910025707, ""score"": -1.5849687215592518}}"
326,Male,White,gender=Male,>50K,"{""age"": ""31"", ""workclass"": ""Self-emp-not-inc"", ""education"": ""10th"", ""educational-num"": ""6"", ""race"": ""White"", ""capital-gain"": ""0"", ""capital-loss"": ""0"", ""hours-per-week"": ""55"", ""native-country"": ""Portugal""}",gender=Male,gender=Male,gender=Male,,gender=Male,gender=Male,gender=Male,0,>50K | 10th | Self-emp-not-inc,2,2,"{""gender=Female"": ""<=50K"", ""gender=Male"": ""<=50K""}","{""gender=Female"": {""alpha"": 1.0, ""margin"": -0.8058644923174267, ""p_observed"": 0.09706775384128657, ""prior_probability"": 0.05357142857142857, ""score"": 0.09706775384128657}, ""gender=Male"": {""alpha"": 1.0, ""margin"": -0.72713381794052, ""p_observed"": 0.13643309102973988, ""prior_probability"": 0.9464285714285714, ""score"": 0.13643309102973988}}","{""gender=Female"": {""alpha"": 1.0, ""margin"": -0.8058644923174267, ""p_observed"": 0.09706775384128657, ""prior_probability"": 0.05357142857142857, ""score"": -0.8058644923174267}, ""gender=Male"": {""alpha"": 1.0, ""margin"": -0.72713381794052, ""p_observed"": 0.13643309102973988, ""prior_probability"": 0.9464285714285714, ""score"": -0.72713381794052}}","{""gender=Female"": {""alpha"": 2.0, ""margin"": -0.8058644923174267, ""p_observed"": 0.09706775384128657, ""prior_probability"": 0.05357142857142857, ""score"": -7.591431504271958}, ""gender=Male"": {""alpha"": 2.0, ""margin"": -0.72713381794052, ""p_observed"": 0.13643309102973988, ""prior_probability"": 0.9464285714285714, ""score"": -4.038901697460546}}"
327,Female,Black,gender=Female,>50K,"{""age"": ""41"", ""workclass"": ""Private"", ""education"": ""Bachelors"", ""educational-num"": ""13"", ""race"": ""Black"", ""capital-gain"": ""0"", ""capital-loss"": ""0"", ""hours-per-week"": ""90"", ""native-country"": ""United-States""}",gender=Male,gender=Male,gender=Male,,gender=Male,gender=Male,gender=Male,0,>50K | Bachelors | Private,2,2,"{""gender=Female"": ""<=50K"", ""gender=Male"": "">50K""}","{""gender=Female"": {""alpha"": 1.0, ""margin"": -0.40230862383991717, ""p_observed"": 0.2988456880800413, ""prior_probability"": 0.15218508997429306, ""score"": 0.2988456880800413}, ""gender=Male"": {""alpha"": 1.0, ""margin"": 0.01628739675706281, ""p_observed"": 0.5081436983785313, ""prior_probability"": 0.847814910025707, ""score"": 0.5081436983785313}}","{""gender=Female"": {""alpha"": 1.0, ""margin"": -0.40230862383991717, ""p_observed"": 0.2988456880800413, ""prior_probability"": 0.15218508997429306, ""score"": -0.40230862383991717}, ""gender=Male"": {""alpha"": 1.0, ""margin"": 0.01628739675706281, ""p_observed"": 0.5081436983785313, ""prior_probability"": 0.847814910025707, ""score"": 0.01628739675706281}}","{""gender=Female"": {""alpha"": 2.0, ""margin"": -0.40230862383991717, ""p_observed"": 0.2988456880800413, ""prior_probability"": 0.15218508997429306, ""score"": -4.2983136661110155}, ""gender=Male"": {""alpha"": 2.0, ""margin"": 0.01628739675706281, ""p_observed"": 0.5081436983785313, ""prior_probability"": 0.847814910025707, ""score"": -1.5190749346533137}}"
328,Male,White,gender=Male,>50K,"{""age"": ""56"", ""workclass"": ""Private"", ""education"": ""HS-grad"", ""educational-num"": ""9"", ""race"": ""White"", ""capital-gain"": ""0"", ""capital-loss"": ""0"", ""hours-per-week"": ""45"", ""native-country"": ""United-States""}",gender=Male,gender=Male,gender=Male,,gender=Male,gender=Male,gender=Male,0,>50K | HS-grad | Private,2,2,"{""gender=Female"": ""<=50K"", ""gender=Male"": ""<=50K""}","{""gender=Female"": {""alpha"": 1.0, ""margin"": -0.7809073848620455, ""p_observed"": 0.10954630756897701, ""prior_probability"": 0.129565816678153, ""score"": 0.10954630756897701}, ""gender=Male"": {""alpha"": 1.0, ""margin"": -0.44091496363206906, ""p_observed"": 0.27954251818396547, ""prior_probability"": 0.870434183321847, ""score"": 0.27954251818396547}}","{""gender=Female"": {""alpha"": 1.0, ""margin"": -0.7809073848620455, ""p_observed"": 0.10954630756897701, ""prior_probability"": 0.129565816678153, ""score"": -0.7809073848620455}, ""gender=Male"": {""alpha"": 1.0, ""margin"": -0.44091496363206906, ""p_observed"": 0.27954251818396547, ""prior_probability"": 0.870434183321847, ""score"": -0.44091496363206906}}","{""gender=Female"": {""alpha"": 2.0, ""margin"": -0.7809073848620455, ""p_observed"": 0.10954630756897701, ""prior_probability"": 0.129565816678153, ""score"": -6.46638212795294}, ""gender=Male"": {""alpha"": 2.0, ""margin"": -0.44091496363206906, ""p_observed"": 0.27954251818396547, ""prior_probability"": 0.870434183321847, ""score"": -2.6879648818385298}}"
329,Male,Black,gender=Male,<=50K,"{""age"": ""25"", ""workclass"": ""Private"", ""education"": ""Some-college"", ""educational-num"": ""10"", ""race"": ""Black"", ""capital-gain"": ""0"", ""capital-loss"": ""0"", ""hours-per-week"": ""40"", ""native-country"": ""United-States""}",gender=Male,gender=Male,gender=Male,,gender=Female,gender=Female,gender=Male,0,<=50K | Some-college | Private,2,2,"{""gender=Female"": ""<=50K"", ""gender=Male"": ""<=50K""}","{""gender=Female"": {""alpha"": 1.0, ""margin"": 0.9297975942977732, ""p_observed"": 0.9648987971488865, ""prior_probability"": 0.44275132275132273, ""score"": 0.9648987971488865}, ""gender=Male"": {""alpha"": 1.0, ""margin"": 0.8707120192111049, ""p_observed"": 0.9353560096055522, ""prior_probability"": 0.5572486772486772, ""score"": 0.9353560096055522}}","{""gender=Female"": {""alpha"": 1.0, ""margin"": 0.9297975942977732, ""p_observed"": 0.9648987971488865, ""prior_probability"": 0.44275132275132273, ""score"": 0.9297975942977732}, ""gender=Male"": {""alpha"": 1.0, ""margin"": 0.8707120192111049, ""p_observed"": 0.9353560096055522, ""prior_probability"": 0.5572486772486772, ""score"": 0.8707120192111049}}","{""gender=Female"": {""alpha"": 2.0, ""margin"": 0.9297975942977732, ""p_observed"": 0.9648987971488865, ""prior_probability"": 0.44275132275132273, ""score"": -0.8862111278702214}, ""gender=Male"": {""alpha"": 2.0, ""margin"": 0.8707120192111049, ""p_observed"": 0.9353560096055522, ""prior_probability"": 0.5572486772486772, ""score"": -0.7183998068861721}}"
330,Female,White,gender=Female,<=50K,"{""age"": ""30"", ""workclass"": ""Private"", ""education"": ""HS-grad"", ""educational-num"": ""9"", ""race"": ""White"", ""capital-gain"": ""0"", ""capital-loss"": ""0"", ""hours-per-week"": ""40"", ""native-country"": ""United-States""}",gender=Male,gender=Male,gender=Male,,gender=Female,gender=Female,gender=Male,0,<=50K | HS-grad | Private,2,2,"{""gender=Female"": ""<=50K"", ""gender=Male"": ""<=50K""}","{""gender=Female"": {""alpha"": 1.0, ""margin"": 0.872796749745653, ""p_observed"": 0.9363983748728264, ""prior_probability"": 0.3531869020347662, ""score"": 0.9363983748728264}, ""gender=Male"": {""alpha"": 1.0, ""margin"": 0.7161247331266585, ""p_observed"": 0.8580623665633291, ""prior_probability"": 0.6468130979652338, ""score"": 0.8580623665633291}}","{""gender=Female"": {""alpha"": 1.0, ""margin"": 0.872796749745653, ""p_observed"": 0.9363983748728264, ""prior_probability"": 0.3531869020347662, ""score"": 0.872796749745653}, ""gender=Male"": {""alpha"": 1.0, ""margin"": 0.7161247331266585, ""p_observed"": 0.8580623665633291, ""prior_probability"": 0.6468130979652338, ""score"": 0.7161247331266585}}","{""gender=Female"": {""alpha"": 2.0, ""margin"": 0.872796749745653, ""p_observed"": 0.9363983748728264, ""prior_probability"": 0.3531869020347662, ""score"": -1.1721864523911245}, ""gender=Male"": {""alpha"": 2.0, ""margin"": 0.7161247331266585, ""p_observed"": 0.8580623665633291, ""prior_probability"": 0.6468130979652338, ""score"": -0.7418548887413373}}"
331,Male,White,gender=Male,<=50K,"{""age"": ""28"", ""workclass"": ""Private"", ""education"": ""Some-college"", ""educational-num"": ""10"", ""race"": ""White"", ""capital-gain"": ""0"", ""capital-loss"": ""0"", ""hours-per-week"": ""40"", ""native-country"": ""United-States""}",gender=Male,gender=Male,gender=Male,,gender=Female,gender=Female,gender=Male,0,<=50K | Some-college | Private,2,2,"{""gender=Female"": ""<=50K"", ""gender=Male"": ""<=50K""}","{""gender=Female"": {""alpha"": 1.0, ""margin"": 0.8870700803029699, ""p_observed"": 0.9435350401514848, ""prior_probability"": 0.44275132275132273, ""score"": 0.9435350401514848}, ""gender=Male"": {""alpha"": 1.0, ""margin"": 0.7781402800382671, ""p_observed"": 0.8890701400191334, ""prior_probability"": 0.5572486772486772, ""score"": 0.8890701400191334}}","{""gender=Female"": {""alpha"": 1.0, ""margin"": 0.8870700803029699, ""p_observed"": 0.9435350401514848, ""prior_probability"": 0.44275132275132273, ""score"": 0.8870700803029699}, ""gender=Male"": {""alpha"": 1.0, ""margin"": 0.7781402800382671, ""p_observed"": 0.8890701400191334, ""prior_probability"": 0.5572486772486772, ""score"": 0.7781402800382671}}","{""gender=Female"": {""alpha"": 2.0, ""margin"": 0.8870700803029699, ""p_observed"": 0.9435350401514848, ""prior_probability"": 0.44275132275132273, ""score"": -0.930990567518643}, ""gender=Male"": {""alpha"": 2.0, ""margin"": 0.7781402800382671, ""p_observed"": 0.8890701400191334, ""prior_probability"": 0.5572486772486772, ""score"": -0.8199019782738766}}"
332,Female,White,gender=Female,<=50K,"{""age"": ""51"", ""workclass"": ""Private"", ""education"": ""Bachelors"", ""educational-num"": ""13"", ""race"": ""White"", ""capital-gain"": ""0"", ""capital-loss"": ""0"", ""hours-per-week"": ""60"", ""native-country"": ""United-States""}",gender=Male,gender=Male,gender=Female,,gender=Female,gender=Female,gender=Female,0,<=50K | Bachelors | Private,2,2,"{""gender=Female"": ""<=50K"", ""gender=Male"": "">50K""}","{""gender=Female"": {""alpha"": 1.0, ""margin"": 0.3482373553770348, ""p_observed"": 0.6741186776885173, ""prior_probability"": 0.4140684410646388, ""score"": 0.6741186776885173}, ""gender=Male"": {""alpha"": 1.0, ""margin"": -0.1887178194267069, ""p_observed"": 0.40564109028664647, ""prior_probability"": 0.5859315589353612, ""score"": 0.40564109028664647}}","{""gender=Female"": {""alpha"": 1.0, ""margin"": 0.3482373553770348, ""p_observed"": 0.6741186776885173, ""prior_probability"": 0.4140684410646388, ""score"": 0.3482373553770348}, ""gender=Male"": {""alpha"": 1.0, ""margin"": -0.1887178194267069, ""p_observed"": 0.40564109028664647, ""prior_probability"": 0.5859315589353612, ""score"": -0.1887178194267069}}","{""gender=Female"": {""alpha"": 2.0, ""margin"": 0.3482373553770348, ""p_observed"": 0.6741186776885173, ""prior_probability"": 0.4140684410646388, ""score"": -1.6704222100658086}, ""gender=Male"": {""alpha"": 2.0, ""margin"": -0.1887178194267069, ""p_observed"": 0.40564109028664647, ""prior_probability"": 0.5859315589353612, ""score"": -2.3391253386988478}}"
333,Male,White,gender=Male,<=50K,"{""age"": ""76"", ""workclass"": ""Self-emp-inc"", ""education"": ""9th"", ""educational-num"": ""5"", ""race"": ""White"", ""capital-gain"": ""0"", ""capital-loss"": ""0"", ""hours-per-week"": ""40"", ""native-country"": ""United-States""}",gender=Male,gender=Male,gender=Male,,gender=Female,gender=Female,gender=Male,0,<=50K | 9th | Self-emp-inc,2,2,"{""gender=Female"": ""<=50K"", ""gender=Male"": ""<=50K""}","{""gender=Female"": {""alpha"": 1.0, ""margin"": 0.648233019129745, ""p_observed"": 0.8241165095648725, ""prior_probability"": 0.3041095890410959, ""score"": 0.8241165095648725}, ""gender=Male"": {""alpha"": 1.0, ""margin"": 0.4843602875430144, ""p_observed"": 0.7421801437715073, ""prior_probability"": 0.6958904109589041, ""score"": 0.7421801437715073}}","{""gender=Female"": {""alpha"": 1.0, ""margin"": 0.648233019129745, ""p_observed"": 0.8241165095648725, ""prior_probability"": 0.3041095890410959, ""score"": 0.648233019129745}, ""gender=Male"": {""alpha"": 1.0, ""margin"": 0.4843602875430144, ""p_observed"": 0.7421801437715073, ""prior_probability"": 0.6958904109589041, ""score"": 0.4843602875430144}}","{""gender=Female"": {""alpha"": 2.0, ""margin"": 0.648233019129745, ""p_observed"": 0.8241165095648725, ""prior_probability"": 0.3041095890410959, ""score"": -1.5772538802001776}, ""gender=Male"": {""alpha"": 2.0, ""margin"": 0.4843602875430144, ""p_observed"": 0.7421801437715073, ""prior_probability"": 0.6958904109589041, ""score"": -0.9588896544002852}}"
334,Male,White,gender=Male,<=50K,"{""age"": ""59"", ""workclass"": ""Federal-gov"", ""education"": ""Some-college"", ""educational-num"": ""10"", ""race"": ""White"", ""capital-gain"": ""0"", ""capital-loss"": ""0"", ""hours-per-week"": ""36"", ""native-country"": ""United-States""}",gender=Male,gender=Male,gender=Male,,gender=Female,gender=Female,gender=Female,0,<=50K | Some-college | Federal-gov,2,2,"{""gender=Female"": ""<=50K"", ""gender=Male"": ""<=50K""}","{""gender=Female"": {""alpha"": 1.0, ""margin"": 0.7350599404116621, ""p_observed"": 0.8675299702058311, ""prior_probability"": 0.44275132275132273, ""score"": 0.8675299702058311}, ""gender=Male"": {""alpha"": 1.0, ""margin"": 0.2545600015114254, ""p_observed"": 0.6272800007557126, ""prior_probability"": 0.5572486772486772, ""score"": 0.6272800007557126}}","{""gender=Female"": {""alpha"": 1.0, ""margin"": 0.7350599404116621, ""p_observed"": 0.8675299702058311, ""prior_probability"": 0.44275132275132273, ""score"": 0.7350599404116621}, ""gender=Male"": {""alpha"": 1.0, ""margin"": 0.2545600015114254, ""p_observed"": 0.6272800007557126, ""prior_probability"": 0.5572486772486772, ""score"": 0.2545600015114254}}","{""gender=Female"": {""alpha"": 2.0, ""margin"": 0.7350599404116621, ""p_observed"": 0.8675299702058311, ""prior_probability"": 0.44275132275132273, ""score"": -1.0989574546833942}, ""gender=Male"": {""alpha"": 2.0, ""margin"": 0.2545600015114254, ""p_observed"": 0.6272800007557126, ""prior_probability"": 0.5572486772486772, ""score"": -1.5174682121409846}}"
335,Male,White,gender=Male,<=50K,"{""age"": ""31"", ""workclass"": ""Private"", ""education"": ""Some-college"", ""educational-num"": ""10"", ""race"": ""White"", ""capital-gain"": ""0"", ""capital-loss"": ""0"", ""hours-per-week"": ""40"", ""native-country"": ""United-States""}",gender=Male,gender=Male,gender=Male,,gender=Female,gender=Female,gender=Female,0,<=50K | Some-college | Private,2,2,"{""gender=Female"": ""<=50K"", ""gender=Male"": ""<=50K""}","{""gender=Female"": {""alpha"": 1.0, ""margin"": 0.8342407759947099, ""p_observed"": 0.9171203879973548, ""prior_probability"": 0.44275132275132273, ""score"": 0.9171203879973548}, ""gender=Male"": {""alpha"": 1.0, ""margin"": 0.6165866643637818, ""p_observed"": 0.8082933321818908, ""prior_probability"": 0.5572486772486772, ""score"": 0.8082933321818908}}","{""gender=Female"": {""alpha"": 1.0, ""margin"": 0.8342407759947099, ""p_observed"": 0.9171203879973548, ""prior_probability"": 0.44275132275132273, ""score"": 0.8342407759947099}, ""gender=Male"": {""alpha"": 1.0, ""margin"": 0.6165866643637818, ""p_observed"": 0.8082933321818908, ""prior_probability"": 0.5572486772486772, ""score"": 0.6165866643637818}}","{""gender=Female"": {""alpha"": 2.0, ""margin"": 0.8342407759947099, ""p_observed"": 0.9171203879973548, ""prior_probability"": 0.44275132275132273, ""score"": -0.9877800761867402}, ""gender=Male"": {""alpha"": 2.0, ""margin"": 0.6165866643637818, ""p_observed"": 0.8082933321818908, ""prior_probability"": 0.5572486772486772, ""score"": -1.0104041833588961}}"
336,Male,White,gender=Male,<=50K,"{""age"": ""20"", ""workclass"": ""Private"", ""education"": ""HS-grad"", ""educational-num"": ""9"", ""race"": ""White"", ""capital-gain"": ""0"", ""capital-loss"": ""0"", ""hours-per-week"": ""28"", ""native-country"": ""United-States""}",gender=Male,gender=Male,gender=Male,,gender=Female,gender=Female,gender=Male,0,<=50K | HS-grad | Private,2,2,"{""gender=Female"": ""<=50K"", ""gender=Male"": ""<=50K""}","{""gender=Female"": {""alpha"": 1.0, ""margin"": 0.9569317730245757, ""p_observed"": 0.9784658865122878, ""prior_probability"": 0.3531869020347662, ""score"": 0.9784658865122878}, ""gender=Male"": {""alpha"": 1.0, ""margin"": 0.9075950128860029, ""p_observed"": 0.9537975064430013, ""prior_probability"": 0.6468130979652338, ""score"": 0.9537975064430013}}","{""gender=Female"": {""alpha"": 1.0, ""margin"": 0.9569317730245757, ""p_observed"": 0.9784658865122878, ""prior_probability"": 0.3531869020347662, ""score"": 0.9569317730245757}, ""gender=Male"": {""alpha"": 1.0, ""margin"": 0.9075950128860029, ""p_observed"": 0.9537975064430013, ""prior_probability"": 0.6468130979652338, ""score"": 0.9075950128860029}}","{""gender=Female"": {""alpha"": 2.0, ""margin"": 0.9569317730245757, ""p_observed"": 0.9784658865122878, ""prior_probability"": 0.3531869020347662, ""score"": -1.0842966062404786}, ""gender=Male"": {""alpha"": 2.0, ""margin"": 0.9075950128860029, ""p_observed"": 0.9537975064430013, ""prior_probability"": 0.6468130979652338, ""score"": -0.5303056759959778}}"
337,Male,White,gender=Male,<=50K,"{""age"": ""46"", ""workclass"": ""Private"", ""education"": ""HS-grad"", ""educational-num"": ""9"", ""race"": ""White"", ""capital-gain"": ""0"", ""capital-loss"": ""0"", ""hours-per-week"": ""15"", ""native-country"": ""United-States""}",gender=Male,gender=Male,gender=Male,,gender=Female,gender=Female,gender=Male,0,<=50K | HS-grad | Private,2,2,"{""gender=Female"": ""<=50K"", ""gender=Male"": ""<=50K""}","{""gender=Female"": {""alpha"": 1.0, ""margin"": 0.8460420042463929, ""p_observed"": 0.9230210021231965, ""prior_probability"": 0.3531869020347662, ""score"": 0.9230210021231965}, ""gender=Male"": {""alpha"": 1.0, ""margin"": 0.6613838770369909, ""p_observed"": 0.8306919385184954, ""prior_probability"": 0.6468130979652338, ""score"": 0.8306919385184954}}","{""gender=Female"": {""alpha"": 1.0, ""margin"": 0.8460420042463929, ""p_observed"": 0.9230210021231965, ""prior_probability"": 0.3531869020347662, ""score"": 0.8460420042463929}, ""gender=Male"": {""alpha"": 1.0, ""margin"": 0.6613838770369909, ""p_observed"": 0.8306919385184954, ""prior_probability"": 0.6468130979652338, ""score"": 0.6613838770369909}}","{""gender=Female"": {""alpha"": 2.0, ""margin"": 0.8460420042463929, ""p_observed"": 0.9230210021231965, ""prior_probability"": 0.3531869020347662, ""score"": -1.2009644757304174}, ""gender=Male"": {""alpha"": 2.0, ""margin"": 0.6613838770369909, ""p_observed"": 0.8306919385184954, ""prior_probability"": 0.6468130979652338, ""score"": -0.8066904303302467}}"
338,Female,White,gender=Female,<=50K,"{""age"": ""27"", ""workclass"": ""Private"", ""education"": ""7th-8th"", ""educational-num"": ""4"", ""race"": ""White"", ""capital-gain"": ""0"", ""capital-loss"": ""0"", ""hours-per-week"": ""30"", ""native-country"": ""United-States""}",gender=Male,gender=Male,gender=Male,,gender=Female,gender=Female,gender=Male,0,<=50K | 7th-8th | Private,2,2,"{""gender=Female"": ""<=50K"", ""gender=Male"": ""<=50K""}","{""gender=Female"": {""alpha"": 1.0, ""margin"": 0.9586513401889306, ""p_observed"": 0.9793256700944651, ""prior_probability"": 0.2653061224489796, ""score"": 0.9793256700944651}, ""gender=Male"": {""alpha"": 1.0, ""margin"": 0.9050629022915299, ""p_observed"": 0.9525314511457648, ""prior_probability"": 0.7346938775510204, ""score"": 0.9525314511457648}}","{""gender=Female"": {""alpha"": 1.0, ""margin"": 0.9586513401889306, ""p_observed"": 0.9793256700944651, ""prior_probability"": 0.2653061224489796, ""score"": 0.9586513401889306}, ""gender=Male"": {""alpha"": 1.0, ""margin"": 0.9050629022915299, ""p_observed"": 0.9525314511457648, ""prior_probability"": 0.7346938775510204, ""score"": 0.9050629022915299}}","{""gender=Female"": {""alpha"": 2.0, ""margin"": 0.9586513401889306, ""p_observed"": 0.9793256700944651, ""prior_probability"": 0.2653061224489796, ""score"": -1.3686530124523613}, ""gender=Male"": {""alpha"": 2.0, ""margin"": 0.9050629022915299, ""p_observed"": 0.9525314511457648, ""prior_probability"": 0.7346938775510204, ""score"": -0.4055656655561349}}"
339,Female,White,gender=Female,<=50K,"{""age"": ""27"", ""workclass"": ""Private"", ""education"": ""HS-grad"", ""educational-num"": ""9"", ""race"": ""White"", ""capital-gain"": ""0"", ""capital-loss"": ""0"", ""hours-per-week"": ""35"", ""native-country"": ""United-States""}",gender=Male,gender=Male,gender=Male,,gender=Female,gender=Female,gender=Male,0,<=50K | HS-grad | Private,2,2,"{""gender=Female"": ""<=50K"", ""gender=Male"": ""<=50K""}","{""gender=Female"": {""alpha"": 1.0, ""margin"": 0.9377782052614633, ""p_observed"": 0.9688891026307316, ""prior_probability"": 0.3531869020347662, ""score"": 0.9688891026307316}, ""gender=Male"": {""alpha"": 1.0, ""margin"": 0.8728939581324722, ""p_observed"": 0.936446979066236, ""prior_probability"": 0.6468130979652338, ""score"": 0.936446979066236}}","{""gender=Female"": {""alpha"": 1.0, ""margin"": 0.9377782052614633, ""p_observed"": 0.9688891026307316, ""prior_probability"": 0.3531869020347662, ""score"": 0.9377782052614633}, ""gender=Male"": {""alpha"": 1.0, ""margin"": 0.8728939581324722, ""p_observed"": 0.936446979066236, ""prior_probability"": 0.6468130979652338, ""score"": 0.8728939581324722}}","{""gender=Female"": {""alpha"": 2.0, ""margin"": 0.9377782052614633, ""p_observed"": 0.9688891026307316, ""prior_probability"": 0.3531869020347662, ""score"": -1.1039681322672124}, ""gender=Male"": {""alpha"": 2.0, ""margin"": 0.8728939581324722, ""p_observed"": 0.936446979066236, ""prior_probability"": 0.6468130979652338, ""score"": -0.567022650581914}}"
340,Female,White,gender=Female,<=50K,"{""age"": ""22"", ""workclass"": ""Private"", ""education"": ""Some-college"", ""educational-num"": ""10"", ""race"": ""White"", ""capital-gain"": ""0"", ""capital-loss"": ""0"", ""hours-per-week"": ""20"", ""native-country"": ""United-States""}",gender=Male,gender=Male,gender=Male,,gender=Female,gender=Female,gender=Male,0,<=50K | Some-college | Private,2,2,"{""gender=Female"": ""<=50K"", ""gender=Male"": ""<=50K""}","{""gender=Female"": {""alpha"": 1.0, ""margin"": 0.9533689562965855, ""p_observed"": 0.9766844781482927, ""prior_probability"": 0.44275132275132273, ""score"": 0.9766844781482927}, ""gender=Male"": {""alpha"": 1.0, ""margin"": 0.8965348946220557, ""p_observed"": 0.9482674473110277, ""prior_probability"": 0.5572486772486772, ""score"": 0.9482674473110277}}","{""gender=Female"": {""alpha"": 1.0, ""margin"": 0.9533689562965855, ""p_observed"": 0.9766844781482927, ""prior_probability"": 0.44275132275132273, ""score"": 0.9533689562965855}, ""gender=Male"": {""alpha"": 1.0, ""margin"": 0.8965348946220557, ""p_observed"": 0.9482674473110277, ""prior_probability"": 0.5572486772486772, ""score"": 0.8965348946220557}}","{""gender=Female"": {""alpha"": 2.0, ""margin"": 0.9533689562965855, ""p_observed"": 0.9766844781482927, ""prior_probability"": 0.44275132275132273, ""score"": -0.8619302723300741}, ""gender=Male"": {""alpha"": 2.0, ""margin"": 0.8965348946220557, ""p_observed"": 0.9482674473110277, ""prior_probability"": 0.5572486772486772, ""score"": -0.6909810786276432}}"
341,Male,White,gender=Male,>50K,"{""age"": ""42"", ""workclass"": ""Self-emp-not-inc"", ""education"": ""Prof-school"", ""educational-num"": ""15"", ""race"": ""White"", ""capital-gain"": ""0"", ""capital-loss"": ""1887"", ""hours-per-week"": ""40"", ""native-country"": ""United-States""}",gender=Male,gender=Male,gender=Male,,gender=Male,gender=Male,gender=Male,0,>50K | Prof-school | Self-emp-not-inc,2,2,"{""gender=Female"": "">50K"", ""gender=Male"": "">50K""}","{""gender=Female"": {""alpha"": 1.0, ""margin"": 0.28972243468184156, ""p_observed"": 0.6448612173409207, ""prior_probability"": 0.10638297872340426, ""score"": 0.6448612173409207}, ""gender=Male"": {""alpha"": 1.0, ""margin"": 0.6683582969966102, ""p_observed"": 0.834179148498305, ""prior_probability"": 0.8936170212765957, ""score"": 0.834179148498305}}","{""gender=Female"": {""alpha"": 1.0, ""margin"": 0.28972243468184156, ""p_observed"": 0.6448612173409207, ""prior_probability"": 0.10638297872340426, ""score"": 0.28972243468184156}, ""gender=Male"": {""alpha"": 1.0, ""margin"": 0.6683582969966102, ""p_observed"": 0.834179148498305, ""prior_probability"": 0.8936170212765957, ""score"": 0.6683582969966102}}","{""gender=Female"": {""alpha"": 2.0, ""margin"": 0.28972243468184156, ""p_observed"": 0.6448612173409207, ""prior_probability"": 0.10638297872340426, ""score"": -3.1181499937787325}, ""gender=Male"": {""alpha"": 2.0, ""margin"": 0.6683582969966102, ""p_observed"": 0.834179148498305, ""prior_probability"": 0.8936170212765957, ""score"": -0.4750921701028662}}"
342,Female,White,gender=Female,>50K,"{""age"": ""49"", ""workclass"": ""Private"", ""education"": ""HS-grad"", ""educational-num"": ""9"", ""race"": ""White"", ""capital-gain"": ""0"", ""capital-loss"": ""0"", ""hours-per-week"": ""40"", ""native-country"": ""United-States""}",gender=Male,gender=Male,gender=Male,,gender=Male,gender=Male,gender=Male,0,>50K | HS-grad | Private,2,2,"{""gender=Female"": ""<=50K"", ""gender=Male"": ""<=50K""}","{""gender=Female"": {""alpha"": 1.0, ""margin"": -0.8111342116835706, ""p_observed"": 0.09443289415821463, ""prior_probability"": 0.129565816678153, ""score"": 0.09443289415821463}, ""gender=Male"": {""alpha"": 1.0, ""margin"": -0.5144845362736291, ""p_observed"": 0.24275773186318536, ""prior_probability"": 0.870434183321847, ""score"": 0.24275773186318536}}","{""gender=Female"": {""alpha"": 1.0, ""margin"": -0.8111342116835706, ""p_observed"": 0.09443289415821463, ""prior_probability"": 0.129565816678153, ""score"": -0.8111342116835706}, ""gender=Male"": {""alpha"": 1.0, ""margin"": -0.5144845362736291, ""p_observed"": 0.24275773186318536, ""prior_probability"": 0.870434183321847, ""score"": -0.5144845362736291}}","{""gender=Female"": {""alpha"": 2.0, ""margin"": -0.8111342116835706, ""p_observed"": 0.09443289415821463, ""prior_probability"": 0.129565816678153, ""score"": -6.763297912976671}, ""gender=Male"": {""alpha"": 2.0, ""margin"": -0.5144845362736291, ""p_observed"": 0.24275773186318536, ""prior_probability"": 0.870434183321847, ""score"": -2.9701457728982232}}"
343,Male,White,gender=Male,<=50K,"{""age"": ""58"", ""workclass"": ""Private"", ""education"": ""HS-grad"", ""educational-num"": ""9"", ""race"": ""White"", ""capital-gain"": ""0"", ""capital-loss"": ""0"", ""hours-per-week"": ""40"", ""native-country"": ""United-States""}",gender=Male,gender=Male,gender=Male,,gender=Female,gender=Female,gender=Male,0,<=50K | HS-grad | Private,2,2,"{""gender=Female"": ""<=50K"", ""gender=Male"": ""<=50K""}","{""gender=Female"": {""alpha"": 1.0, ""margin"": 0.8171615091705476, ""p_observed"": 0.9085807545852738, ""prior_probability"": 0.3531869020347662, ""score"": 0.9085807545852738}, ""gender=Male"": {""alpha"": 1.0, ""margin"": 0.5144845362736291, ""p_observed"": 0.7572422681368145, ""prior_probability"": 0.6468130979652338, ""score"": 0.7572422681368145}}","{""gender=Female"": {""alpha"": 1.0, ""margin"": 0.8171615091705476, ""p_observed"": 0.9085807545852738, ""prior_probability"": 0.3531869020347662, ""score"": 0.8171615091705476}, ""gender=Male"": {""alpha"": 1.0, ""margin"": 0.5144845362736291, ""p_observed"": 0.7572422681368145, ""prior_probability"": 0.6468130979652338, ""score"": 0.5144845362736291}}","{""gender=Female"": {""alpha"": 2.0, ""margin"": 0.8171615091705476, ""p_observed"": 0.9085807545852738, ""prior_probability"": 0.3531869020347662, ""score"": -1.2325009091973564}, ""gender=Male"": {""alpha"": 2.0, ""margin"": 0.5144845362736291, ""p_observed"": 0.7572422681368145, ""prior_probability"": 0.6468130979652338, ""score"": -0.9918419802277827}}"
344,Female,White,gender=Female,<=50K,"{""age"": ""45"", ""workclass"": ""State-gov"", ""education"": ""HS-grad"", ""educational-num"": ""9"", ""race"": ""White"", ""capital-gain"": ""0"", ""capital-loss"": ""0"", ""hours-per-week"": ""40"", ""native-country"": ""United-States""}",gender=Male,gender=Male,gender=Male,,gender=Female,gender=Female,gender=Male,0,<=50K | HS-grad | State-gov,2,2,"{""gender=Female"": ""<=50K"", ""gender=Male"": ""<=50K""}","{""gender=Female"": {""alpha"": 1.0, ""margin"": 0.7984620768733156, ""p_observed"": 0.8992310384366577, ""prior_probability"": 0.3531869020347662, ""score"": 0.8992310384366577}, ""gender=Male"": {""alpha"": 1.0, ""margin"": 0.5339721865036146, ""p_observed"": 0.7669860932518073, ""prior_probability"": 0.6468130979652338, ""score"": 0.7669860932518073}}","{""gender=Female"": {""alpha"": 1.0, ""margin"": 0.7984620768733156, ""p_observed"": 0.8992310384366577, ""prior_probability"": 0.3531869020347662, ""score"": 0.7984620768733156}, ""gender=Male"": {""alpha"": 1.0, ""margin"": 0.5339721865036146, ""p_observed"": 0.7669860932518073, ""prior_probability"": 0.6468130979652338, ""score"": 0.5339721865036146}}","{""gender=Female"": {""alpha"": 2.0, ""margin"": 0.7984620768733156, ""p_observed"": 0.8992310384366577, ""prior_probability"": 0.3531869020347662, ""score"": -1.2531884598548786}, ""gender=Male"": {""alpha"": 2.0, ""margin"": 0.5339721865036146, ""p_observed"": 0.7669860932518073, ""prior_probability"": 0.6468130979652338, ""score"": -0.9662711193398147}}"
345,Male,White,gender=Male,<=50K,"{""age"": ""43"", ""workclass"": ""Private"", ""education"": ""HS-grad"", ""educational-num"": ""9"", ""race"": ""White"", ""capital-gain"": ""0"", ""capital-loss"": ""0"", ""hours-per-week"": ""40"", ""native-country"": ""United-States""}",gender=Male,gender=Male,gender=Male,,gender=Female,gender=Female,gender=Male,0,<=50K | HS-grad | Private,2,2,"{""gender=Female"": ""<=50K"", ""gender=Male"": ""<=50K""}","{""gender=Female"": {""alpha"": 1.0, ""margin"": 0.809621210804284, ""p_observed"": 0.9048106054021419, ""prior_probability"": 0.3531869020347662, ""score"": 0.9048106054021419}, ""gender=Male"": {""alpha"": 1.0, ""margin"": 0.5206736299519689, ""p_observed"": 0.7603368149759844, ""prior_probability"": 0.6468130979652338, ""score"": 0.7603368149759844}}","{""gender=Female"": {""alpha"": 1.0, ""margin"": 0.809621210804284, ""p_observed"": 0.9048106054021419, ""prior_probability"": 0.3531869020347662, ""score"": 0.809621210804284}, ""gender=Male"": {""alpha"": 1.0, ""margin"": 0.5206736299519689, ""p_observed"": 0.7603368149759844, ""prior_probability"": 0.6468130979652338, ""score"": 0.5206736299519689}}","{""gender=Female"": {""alpha"": 2.0, ""margin"": 0.809621210804284, ""p_observed"": 0.9048106054021419, ""prior_probability"": 0.3531869020347662, ""score"": -1.2408171606110967}, ""gender=Male"": {""alpha"": 2.0, ""margin"": 0.5206736299519689, ""p_observed"": 0.7603368149759844, ""prior_probability"": 0.6468130979652338, ""score"": -0.9836854336260887}}"
346,Female,Black,gender=Female,<=50K,"{""age"": ""28"", ""workclass"": ""Private"", ""education"": ""HS-grad"", ""educational-num"": ""9"", ""race"": ""Black"", ""capital-gain"": ""0"", ""capital-loss"": ""0"", ""hours-per-week"": ""52"", ""native-country"": ""United-States""}",gender=Male,gender=Male,gender=Male,,gender=Female,gender=Female,gender=Male,0,<=50K | HS-grad | Private,2,2,"{""gender=Female"": ""<=50K"", ""gender=Male"": ""<=50K""}","{""gender=Female"": {""alpha"": 1.0, ""margin"": 0.8972976234715191, ""p_observed"": 0.9486488117357597, ""prior_probability"": 0.3531869020347662, ""score"": 0.9486488117357597}, ""gender=Male"": {""alpha"": 1.0, ""margin"": 0.7780580389178519, ""p_observed"": 0.8890290194589261, ""prior_probability"": 0.6468130979652338, ""score"": 0.8890290194589261}}","{""gender=Female"": {""alpha"": 1.0, ""margin"": 0.8972976234715191, ""p_observed"": 0.9486488117357597, ""prior_probability"": 0.3531869020347662, ""score"": 0.8972976234715191}, ""gender=Male"": {""alpha"": 1.0, ""margin"": 0.7780580389178519, ""p_observed"": 0.8890290194589261, ""prior_probability"": 0.6468130979652338, ""score"": 0.7780580389178519}}","{""gender=Female"": {""alpha"": 2.0, ""margin"": 0.8972976234715191, ""p_observed"": 0.9486488117357597, ""prior_probability"": 0.3531869020347662, ""score"": -1.1461911151611888}, ""gender=Male"": {""alpha"": 2.0, ""margin"": 0.7780580389178519, ""p_observed"": 0.8890290194589261, ""prior_probability"": 0.6468130979652338, ""score"": -0.6709487034542652}}"
347,Female,Black,gender=Female,<=50K,"{""age"": ""17"", ""workclass"": ""Private"", ""education"": ""9th"", ""educational-num"": ""5"", ""race"": ""Black"", ""capital-gain"": ""0"", ""capital-loss"": ""0"", ""hours-per-week"": ""40"", ""native-country"": ""United-States""}",gender=Male,gender=Male,gender=Male,,gender=Female,gender=Female,gender=Male,0,<=50K | 9th | Private,2,2,"{""gender=Female"": ""<=50K"", ""gender=Male"": ""<=50K""}","{""gender=Female"": {""alpha"": 1.0, ""margin"": 0.9496839886546947, ""p_observed"": 0.9748419943273472, ""prior_probability"": 0.3041095890410959, ""score"": 0.9748419943273472}, ""gender=Male"": {""alpha"": 1.0, ""margin"": 0.9022449445710605, ""p_observed"": 0.9511224722855302, ""prior_probability"": 0.6958904109589041, ""score"": 0.9511224722855302}}","{""gender=Female"": {""alpha"": 1.0, ""margin"": 0.9496839886546947, ""p_observed"": 0.9748419943273472, ""prior_probability"": 0.3041095890410959, ""score"": 0.9496839886546947}, ""gender=Male"": {""alpha"": 1.0, ""margin"": 0.9022449445710605, ""p_observed"": 0.9511224722855302, ""prior_probability"": 0.6958904109589041, ""score"": 0.9022449445710605}}","{""gender=Female"": {""alpha"": 2.0, ""margin"": 0.9496839886546947, ""p_observed"": 0.9748419943273472, ""prior_probability"": 0.3041095890410959, ""score"": -1.2413269087043919}, ""gender=Male"": {""alpha"": 2.0, ""margin"": 0.9022449445710605, ""p_observed"": 0.9511224722855302, ""prior_probability"": 0.6958904109589041, ""score"": -0.46278797075173783}}"
348,Male,White,gender=Male,<=50K,"{""age"": ""41"", ""workclass"": ""Local-gov"", ""education"": ""Assoc-acdm"", ""educational-num"": ""12"", ""race"": ""White"", ""capital-gain"": ""0"", ""capital-loss"": ""0"", ""hours-per-week"": ""40"", ""native-country"": ""United-States""}",gender=Male,gender=Male,gender=Male,,gender=Female,gender=Female,gender=Female,0,<=50K | Assoc-acdm | Local-gov,2,2,"{""gender=Female"": ""<=50K"", ""gender=Male"": ""<=50K""}","{""gender=Female"": {""alpha"": 1.0, ""margin"": 0.7427374855806386, ""p_observed"": 0.8713687427903192, ""prior_probability"": 0.4611801242236025, ""score"": 0.8713687427903192}, ""gender=Male"": {""alpha"": 1.0, ""margin"": 0.38422457019555656, ""p_observed"": 0.6921122850977783, ""prior_probability"": 0.5388198757763976, ""score"": 0.6921122850977783}}","{""gender=Female"": {""alpha"": 1.0, ""margin"": 0.7427374855806386, ""p_observed"": 0.8713687427903192, ""prior_probability"": 0.4611801242236025, ""score"": 0.7427374855806386}, ""gender=Male"": {""alpha"": 1.0, ""margin"": 0.38422457019555656, ""p_observed"": 0.6921122850977783, ""prior_probability"": 0.5388198757763976, ""score"": 0.38422457019555656}}","{""gender=Female"": {""alpha"": 2.0, ""margin"": 0.7427374855806386, ""p_observed"": 0.8713687427903192, ""prior_probability"": 0.4611801242236025, ""score"": -1.0493466593963618}, ""gender=Male"": {""alpha"": 2.0, ""margin"": 0.38422457019555656, ""p_observed"": 0.6921122850977783, ""prior_probability"": 0.5388198757763976, ""score"": -1.3543880958084578}}"
349,Female,White,gender=Female,>50K,"{""age"": ""71"", ""workclass"": ""Private"", ""education"": ""Bachelors"", ""educational-num"": ""13"", ""race"": ""White"", ""capital-gain"": ""0"", ""capital-loss"": ""1911"", ""hours-per-week"": ""38"", ""native-country"": ""United-States""}",gender=Male,gender=Male,gender=Male,,gender=Male,gender=Male,gender=Male,0,>50K | Bachelors | Private,2,2,"{""gender=Female"": "">50K"", ""gender=Male"": "">50K""}","{""gender=Female"": {""alpha"": 1.0, ""margin"": 0.23898189909265416, ""p_observed"": 0.6194909495463271, ""prior_probability"": 0.15218508997429306, ""score"": 0.6194909495463271}, ""gender=Male"": {""alpha"": 1.0, ""margin"": 0.5278287606966893, ""p_observed"": 0.7639143803483448, ""prior_probability"": 0.847814910025707, ""score"": 0.7639143803483448}}","{""gender=Female"": {""alpha"": 1.0, ""margin"": 0.23898189909265416, ""p_observed"": 0.6194909495463271, ""prior_probability"": 0.15218508997429306, ""score"": 0.23898189909265416}, ""gender=Male"": {""alpha"": 1.0, ""margin"": 0.5278287606966893, ""p_observed"": 0.7639143803483448, ""prior_probability"": 0.847814910025707, ""score"": 0.5278287606966893}}","{""gender=Female"": {""alpha"": 2.0, ""margin"": 0.23898189909265416, ""p_observed"": 0.6194909495463271, ""prior_probability"": 0.15218508997429306, ""score"": -2.8403721763430148}, ""gender=Male"": {""alpha"": 2.0, ""margin"": 0.5278287606966893, ""p_observed"": 0.7639143803483448, ""prior_probability"": 0.847814910025707, ""score"": -0.7036920608980248}}"
350,Male,White,gender=Male,<=50K,"{""age"": ""25"", ""workclass"": ""Private"", ""education"": ""Bachelors"", ""educational-num"": ""13"", ""race"": ""White"", ""capital-gain"": ""0"", ""capital-loss"": ""0"", ""hours-per-week"": ""70"", ""native-country"": ""United-States""}",gender=Male,gender=Male,gender=Male,,gender=Female,gender=Female,gender=Female,0,<=50K | Bachelors | Private,2,2,"{""gender=Female"": ""<=50K"", ""gender=Male"": ""<=50K""}","{""gender=Female"": {""alpha"": 1.0, ""margin"": 0.7181255120442138, ""p_observed"": 0.8590627560221069, ""prior_probability"": 0.4140684410646388, ""score"": 0.8590627560221069}, ""gender=Male"": {""alpha"": 1.0, ""margin"": 0.4291226802138949, ""p_observed"": 0.7145613401069474, ""prior_probability"": 0.5859315589353612, ""score"": 0.7145613401069474}}","{""gender=Female"": {""alpha"": 1.0, ""margin"": 0.7181255120442138, ""p_observed"": 0.8590627560221069, ""prior_probability"": 0.4140684410646388, ""score"": 0.7181255120442138}, ""gender=Male"": {""alpha"": 1.0, ""margin"": 0.4291226802138949, ""p_observed"": 0.7145613401069474, ""prior_probability"": 0.5859315589353612, ""score"": 0.4291226802138949}}","{""gender=Female"": {""alpha"": 2.0, ""margin"": 0.7181255120442138, ""p_observed"": 0.8590627560221069, ""prior_probability"": 0.4140684410646388, ""score"": -1.1855506074340705}, ""gender=Male"": {""alpha"": 2.0, ""margin"": 0.4291226802138949, ""p_observed"": 0.7145613401069474, ""prior_probability"": 0.5859315589353612, ""score"": -1.206725159656777}}"
351,Male,White,gender=Male,<=50K,"{""age"": ""31"", ""workclass"": ""Private"", ""education"": ""7th-8th"", ""educational-num"": ""4"", ""race"": ""White"", ""capital-gain"": ""0"", ""capital-loss"": ""0"", ""hours-per-week"": ""40"", ""native-country"": ""United-States""}",gender=Male,gender=Male,gender=Male,,gender=Female,gender=Female,gender=Male,0,<=50K | 7th-8th | Private,2,2,"{""gender=Female"": ""<=50K"", ""gender=Male"": ""<=50K""}","{""gender=Female"": {""alpha"": 1.0, ""margin"": 0.8951830028210644, ""p_observed"": 0.9475915014105322, ""prior_probability"": 0.2653061224489796, ""score"": 0.9475915014105322}, ""gender=Male"": {""alpha"": 1.0, ""margin"": 0.7814399936093878, ""p_observed"": 0.8907199968046937, ""prior_probability"": 0.7346938775510204, ""score"": 0.8907199968046937}}","{""gender=Female"": {""alpha"": 1.0, ""margin"": 0.8951830028210644, ""p_observed"": 0.9475915014105322, ""prior_probability"": 0.2653061224489796, ""score"": 0.8951830028210644}, ""gender=Male"": {""alpha"": 1.0, ""margin"": 0.7814399936093878, ""p_observed"": 0.8907199968046937, ""prior_probability"": 0.7346938775510204, ""score"": 0.7814399936093878}}","{""gender=Female"": {""alpha"": 2.0, ""margin"": 0.8951830028210644, ""p_observed"": 0.9475915014105322, ""prior_probability"": 0.2653061224489796, ""score"": -1.4345344912065725}, ""gender=Male"": {""alpha"": 2.0, ""margin"": 0.7814399936093878, ""p_observed"": 0.8907199968046937, ""prior_probability"": 0.7346938775510204, ""score"": -0.5397516759230547}}"
352,Male,White,gender=Male,<=50K,"{""age"": ""31"", ""workclass"": ""Private"", ""education"": ""11th"", ""educational-num"": ""7"", ""race"": ""White"", ""capital-gain"": ""0"", ""capital-loss"": ""0"", ""hours-per-week"": ""38"", ""native-country"": ""Puerto-Rico""}",gender=Male,gender=Male,gender=Male,,gender=Female,gender=Female,gender=Male,0,<=50K | 11th | Private,2,2,"{""gender=Female"": ""<=50K"", ""gender=Male"": ""<=50K""}","{""gender=Female"": {""alpha"": 1.0, ""margin"": 0.9011036253521988, ""p_observed"": 0.9505518126760993, ""prior_probability"": 0.3555070883315158, ""score"": 0.9505518126760993}, ""gender=Male"": {""alpha"": 1.0, ""margin"": 0.8423694509866931, ""p_observed"": 0.9211847254933465, ""prior_probability"": 0.6444929116684842, ""score"": 0.9211847254933465}}","{""gender=Female"": {""alpha"": 1.0, ""margin"": 0.9011036253521988, ""p_observed"": 0.9505518126760993, ""prior_probability"": 0.3555070883315158, ""score"": 0.9011036253521988}, ""gender=Male"": {""alpha"": 1.0, ""margin"": 0.8423694509866931, ""p_observed"": 0.9211847254933465, ""prior_probability"": 0.6444929116684842, ""score"": 0.8423694509866931}}","{""gender=Female"": {""alpha"": 2.0, ""margin"": 0.9011036253521988, ""p_observed"": 0.9505518126760993, ""prior_probability"": 0.3555070883315158, ""score"": -1.135635306030265}, ""gender=Male"": {""alpha"": 2.0, ""margin"": 0.8423694509866931, ""p_observed"": 0.9211847254933465, ""prior_probability"": 0.6444929116684842, ""score"": -0.603480839390727}}"
353,Male,White,gender=Male,<=50K,"{""age"": ""35"", ""workclass"": ""Private"", ""education"": ""HS-grad"", ""educational-num"": ""9"", ""race"": ""White"", ""capital-gain"": ""0"", ""capital-loss"": ""0"", ""hours-per-week"": ""40"", ""native-country"": ""United-States""}",gender=Male,gender=Male,gender=Male,,gender=Female,gender=Female,gender=Male,0,<=50K | HS-grad | Private,2,2,"{""gender=Female"": ""<=50K"", ""gender=Male"": ""<=50K""}","{""gender=Female"": {""alpha"": 1.0, ""margin"": 0.828263693249992, ""p_observed"": 0.9141318466249959, ""prior_probability"": 0.3531869020347662, ""score"": 0.9141318466249959}, ""gender=Male"": {""alpha"": 1.0, ""margin"": 0.6327510914263796, ""p_observed"": 0.8163755457131898, ""prior_probability"": 0.6468130979652338, ""score"": 0.8163755457131898}}","{""gender=Female"": {""alpha"": 1.0, ""margin"": 0.828263693249992, ""p_observed"": 0.9141318466249959, ""prior_probability"": 0.3531869020347662, ""score"": 0.828263693249992}, ""gender=Male"": {""alpha"": 1.0, ""margin"": 0.6327510914263796, ""p_observed"": 0.8163755457131898, ""prior_probability"": 0.6468130979652338, ""score"": 0.6327510914263796}}","{""gender=Female"": {""alpha"": 2.0, ""margin"": 0.828263693249992, ""p_observed"": 0.9141318466249959, ""prior_probability"": 0.3531869020347662, ""score"": -1.2203188258595519}, ""gender=Male"": {""alpha"": 2.0, ""margin"": 0.6327510914263796, ""p_observed"": 0.8163755457131898, ""prior_probability"": 0.6468130979652338, ""score"": -0.8414595056752943}}"
354,Male,White,gender=Male,<=50K,"{""age"": ""43"", ""workclass"": ""Self-emp-inc"", ""education"": ""HS-grad"", ""educational-num"": ""9"", ""race"": ""White"", ""capital-gain"": ""0"", ""capital-loss"": ""0"", ""hours-per-week"": ""60"", ""native-country"": ""United-States""}",gender=Male,gender=Male,gender=Male,,gender=Female,gender=Female,gender=Male,0,<=50K | HS-grad | Self-emp-inc,2,2,"{""gender=Female"": ""<=50K"", ""gender=Male"": ""<=50K""}","{""gender=Female"": {""alpha"": 1.0, ""margin"": 0.6799187065296108, ""p_observed"": 0.8399593532648053, ""prior_probability"": 0.3531869020347662, ""score"": 0.8399593532648053}, ""gender=Male"": {""alpha"": 1.0, ""margin"": 0.2775724010376746, ""p_observed"": 0.6387862005188375, ""prior_probability"": 0.6468130979652338, ""score"": 0.6387862005188375}}","{""gender=Female"": {""alpha"": 1.0, ""margin"": 0.6799187065296108, ""p_observed"": 0.8399593532648053, ""prior_probability"": 0.3531869020347662, ""score"": 0.6799187065296108}, ""gender=Male"": {""alpha"": 1.0, ""margin"": 0.2775724010376746, ""p_observed"": 0.6387862005188375, ""prior_probability"": 0.6468130979652338, ""score"": 0.2775724010376746}}","{""gender=Female"": {""alpha"": 2.0, ""margin"": 0.6799187065296108, ""p_observed"": 0.8399593532648053, ""prior_probability"": 0.3531869020347662, ""score"": -1.3895614492187902}, ""gender=Male"": {""alpha"": 2.0, ""margin"": 0.2775724010376746, ""p_observed"": 0.6387862005188375, ""prior_probability"": 0.6468130979652338, ""score"": -1.3320688312102305}}"
355,Male,Asian-Pac-Islander,gender=Male,<=50K,"{""age"": ""28"", ""workclass"": ""Private"", ""education"": ""Bachelors"", ""educational-num"": ""13"", ""race"": ""Asian-Pac-Islander"", ""capital-gain"": ""0"", ""capital-loss"": ""0"", ""hours-per-week"": ""40"", ""native-country"": ""Taiwan""}",gender=Male,gender=Male,gender=Male,,gender=Female,gender=Female,gender=Male,0,<=50K | Bachelors | Private,2,2,"{""gender=Female"": ""<=50K"", ""gender=Male"": ""<=50K""}","{""gender=Female"": {""alpha"": 1.0, ""margin"": 0.7229143845019483, ""p_observed"": 0.8614571922509742, ""prior_probability"": 0.4140684410646388, ""score"": 0.8614571922509742}, ""gender=Male"": {""alpha"": 1.0, ""margin"": 0.5110038926480882, ""p_observed"": 0.7555019463240441, ""prior_probability"": 0.5859315589353612, ""score"": 0.7555019463240441}}","{""gender=Female"": {""alpha"": 1.0, ""margin"": 0.7229143845019483, ""p_observed"": 0.8614571922509742, ""prior_probability"": 0.4140684410646388, ""score"": 0.7229143845019483}, ""gender=Male"": {""alpha"": 1.0, ""margin"": 0.5110038926480882, ""p_observed"": 0.7555019463240441, ""prior_probability"": 0.5859315589353612, ""score"": 0.5110038926480882}}","{""gender=Female"": {""alpha"": 2.0, ""margin"": 0.7229143845019483, ""p_observed"": 0.8614571922509742, ""prior_probability"": 0.4140684410646388, ""score"": -1.1799838303045667}, ""gender=Male"": {""alpha"": 2.0, ""margin"": 0.5110038926480882, ""p_observed"": 0.7555019463240441, ""prior_probability"": 0.5859315589353612, ""score"": -1.0952981319839288}}"
356,Female,White,gender=Female,<=50K,"{""age"": ""39"", ""workclass"": ""Private"", ""education"": ""Masters"", ""educational-num"": ""14"", ""race"": ""White"", ""capital-gain"": ""0"", ""capital-loss"": ""0"", ""hours-per-week"": ""35"", ""native-country"": ""United-States""}",gender=Male,gender=Male,gender=Female,,gender=Female,gender=Female,gender=Female,0,<=50K | Masters | Private,2,2,"{""gender=Female"": ""<=50K"", ""gender=Male"": "">50K""}","{""gender=Female"": {""alpha"": 1.0, ""margin"": 0.41189673733277965, ""p_observed"": 0.7059483686663899, ""prior_probability"": 0.4722222222222222, ""score"": 0.7059483686663899}, ""gender=Male"": {""alpha"": 1.0, ""margin"": -0.13883248047331026, ""p_observed"": 0.4305837597633449, ""prior_probability"": 0.5277777777777778, ""score"": 0.4305837597633449}}","{""gender=Female"": {""alpha"": 1.0, ""margin"": 0.41189673733277965, ""p_observed"": 0.7059483686663899, ""prior_probability"": 0.4722222222222222, ""score"": 0.41189673733277965}, ""gender=Male"": {""alpha"": 1.0, ""margin"": -0.13883248047331026, ""p_observed"": 0.4305837597633449, ""prior_probability"": 0.5277777777777778, ""score"": -0.13883248047331026}}","{""gender=Female"": {""alpha"": 2.0, ""margin"": 0.41189673733277965, ""p_observed"": 0.7059483686663899, ""prior_probability"": 0.4722222222222222, ""score"": -1.4467319471274251}, ""gender=Male"": {""alpha"": 2.0, ""margin"": -0.13883248047331026, ""p_observed"": 0.4305837597633449, ""prior_probability"": 0.5277777777777778, ""score"": -2.3243067795481607}}"
357,Male,White,gender=Male,<=50K,"{""age"": ""67"", ""workclass"": ""Private"", ""education"": ""Some-college"", ""educational-num"": ""10"", ""race"": ""White"", ""capital-gain"": ""0"", ""capital-loss"": ""0"", ""hours-per-week"": ""18"", ""native-country"": ""United-States""}",gender=Male,gender=Male,gender=Male,,gender=Female,gender=Female,gender=Female,0,<=50K | Some-college | Private,2,2,"{""gender=Female"": ""<=50K"", ""gender=Male"": ""<=50K""}","{""gender=Female"": {""alpha"": 1.0, ""margin"": 0.8210906806818292, ""p_observed"": 0.9105453403409148, ""prior_probability"": 0.44275132275132273, ""score"": 0.9105453403409148}, ""gender=Male"": {""alpha"": 1.0, ""margin"": 0.5340120572882553, ""p_observed"": 0.7670060286441276, ""prior_probability"": 0.5572486772486772, ""score"": 0.7670060286441276}}","{""gender=Female"": {""alpha"": 1.0, ""margin"": 0.8210906806818292, ""p_observed"": 0.9105453403409148, ""prior_probability"": 0.44275132275132273, ""score"": 0.8210906806818292}, ""gender=Male"": {""alpha"": 1.0, ""margin"": 0.5340120572882553, ""p_observed"": 0.7670060286441276, ""prior_probability"": 0.5572486772486772, ""score"": 0.5340120572882553}}","{""gender=Female"": {""alpha"": 2.0, ""margin"": 0.8210906806818292, ""p_observed"": 0.9105453403409148, ""prior_probability"": 0.44275132275132273, ""score"": -1.0021701824729305}, ""gender=Male"": {""alpha"": 2.0, ""margin"": 0.5340120572882553, ""p_observed"": 0.7670060286441276, ""prior_probability"": 0.5572486772486772, ""score"": -1.115264915660161}}"
358,Male,White,gender=Male,<=50K,"{""age"": ""47"", ""workclass"": ""Private"", ""education"": ""Some-college"", ""educational-num"": ""10"", ""race"": ""White"", ""capital-gain"": ""0"", ""capital-loss"": ""1485"", ""hours-per-week"": ""47"", ""native-country"": ""United-States""}",gender=Male,gender=Male,gender=Male,,gender=Female,gender=Female,gender=Female,0,<=50K | Some-college | Private,2,2,"{""gender=Female"": ""<=50K"", ""gender=Male"": ""<=50K""}","{""gender=Female"": {""alpha"": 1.0, ""margin"": 0.716737587842136, ""p_observed"": 0.8583687939210678, ""prior_probability"": 0.44275132275132273, ""score"": 0.8583687939210678}, ""gender=Male"": {""alpha"": 1.0, ""margin"": 0.28626304580246165, ""p_observed"": 0.6431315229012309, ""prior_probability"": 0.5572486772486772, ""score"": 0.6431315229012309}}","{""gender=Female"": {""alpha"": 1.0, ""margin"": 0.716737587842136, ""p_observed"": 0.8583687939210678, ""prior_probability"": 0.44275132275132273, ""score"": 0.716737587842136}, ""gender=Male"": {""alpha"": 1.0, ""margin"": 0.28626304580246165, ""p_observed"": 0.6431315229012309, ""prior_probability"": 0.5572486772486772, ""score"": 0.28626304580246165}}","{""gender=Female"": {""alpha"": 2.0, ""margin"": 0.716737587842136, ""p_observed"": 0.8583687939210678, ""prior_probability"": 0.44275132275132273, ""score"": -1.1201898989423955}, ""gender=Male"": {""alpha"": 2.0, ""margin"": 0.28626304580246165, ""p_observed"": 0.6431315229012309, ""prior_probability"": 0.5572486772486772, ""score"": -1.4675557403036446}}"
359,Female,White,gender=Female,<=50K,"{""age"": ""25"", ""workclass"": ""Private"", ""education"": ""HS-grad"", ""educational-num"": ""9"", ""race"": ""White"", ""capital-gain"": ""0"", ""capital-loss"": ""0"", ""hours-per-week"": ""37"", ""native-country"": ""United-States""}",gender=Male,gender=Male,gender=Male,,gender=Female,gender=Female,gender=Male,0,<=50K | HS-grad | Private,2,2,"{""gender=Female"": ""<=50K"", ""gender=Male"": ""<=50K""}","{""gender=Female"": {""alpha"": 1.0, ""margin"": 0.9390235631876614, ""p_observed"": 0.9695117815938307, ""prior_probability"": 0.3531869020347662, ""score"": 0.9695117815938307}, ""gender=Male"": {""alpha"": 1.0, ""margin"": 0.8903706657075368, ""p_observed"": 0.9451853328537683, ""prior_probability"": 0.6468130979652338, ""score"": 0.9451853328537683}}","{""gender=Female"": {""alpha"": 1.0, ""margin"": 0.9390235631876614, ""p_observed"": 0.9695117815938307, ""prior_probability"": 0.3531869020347662, ""score"": 0.9390235631876614}, ""gender=Male"": {""alpha"": 1.0, ""margin"": 0.8903706657075368, ""p_observed"": 0.9451853328537683, ""prior_probability"": 0.6468130979652338, ""score"": 0.8903706657075368}}","{""gender=Female"": {""alpha"": 2.0, ""margin"": 0.9390235631876614, ""p_observed"": 0.9695117815938307, ""prior_probability"": 0.3531869020347662, ""score"": -1.102683198919142}, ""gender=Male"": {""alpha"": 2.0, ""margin"": 0.8903706657075368, ""p_observed"": 0.9451853328537683, ""prior_probability"": 0.6468130979652338, ""score"": -0.5484464036647855}}"
360,Female,Asian-Pac-Islander,gender=Female,<=50K,"{""age"": ""33"", ""workclass"": ""Private"", ""education"": ""Bachelors"", ""educational-num"": ""13"", ""race"": ""Asian-Pac-Islander"", ""capital-gain"": ""0"", ""capital-loss"": ""0"", ""hours-per-week"": ""40"", ""native-country"": ""Philippines""}",gender=Male,gender=Male,gender=Male,,gender=Female,gender=Female,gender=Female,0,<=50K | Bachelors | Private,2,2,"{""gender=Female"": ""<=50K"", ""gender=Male"": ""<=50K""}","{""gender=Female"": {""alpha"": 1.0, ""margin"": 0.543904122701769, ""p_observed"": 0.7719520613508845, ""prior_probability"": 0.4140684410646388, ""score"": 0.7719520613508845}, ""gender=Male"": {""alpha"": 1.0, ""margin"": 0.19010106038322794, ""p_observed"": 0.595050530191614, ""prior_probability"": 0.5859315589353612, ""score"": 0.595050530191614}}","{""gender=Female"": {""alpha"": 1.0, ""margin"": 0.543904122701769, ""p_observed"": 0.7719520613508845, ""prior_probability"": 0.4140684410646388, ""score"": 0.543904122701769}, ""gender=Male"": {""alpha"": 1.0, ""margin"": 0.19010106038322794, ""p_observed"": 0.595050530191614, ""prior_probability"": 0.5859315589353612, ""score"": 0.19010106038322794}}","{""gender=Female"": {""alpha"": 2.0, ""margin"": 0.543904122701769, ""p_observed"": 0.7719520613508845, ""prior_probability"": 0.4140684410646388, ""score"": -1.3993896574012217}, ""gender=Male"": {""alpha"": 2.0, ""margin"": 0.19010106038322794, ""p_observed"": 0.595050530191614, ""prior_probability"": 0.5859315589353612, ""score"": -1.5727701945529275}}"
361,Male,White,gender=Male,<=50K,"{""age"": ""37"", ""workclass"": ""Private"", ""education"": ""HS-grad"", ""educational-num"": ""9"", ""race"": ""White"", ""capital-gain"": ""0"", ""capital-loss"": ""0"", ""hours-per-week"": ""40"", ""native-country"": ""United-States""}",gender=Male,gender=Male,gender=Male,,gender=Female,gender=Female,gender=Male,0,<=50K | HS-grad | Private,2,2,"{""gender=Female"": ""<=50K"", ""gender=Male"": ""<=50K""}","{""gender=Female"": {""alpha"": 1.0, ""margin"": 0.809621210804284, ""p_observed"": 0.9048106054021419, ""prior_probability"": 0.3531869020347662, ""score"": 0.9048106054021419}, ""gender=Male"": {""alpha"": 1.0, ""margin"": 0.5377091215342054, ""p_observed"": 0.7688545607671027, ""prior_probability"": 0.6468130979652338, ""score"": 0.7688545607671027}}","{""gender=Female"": {""alpha"": 1.0, ""margin"": 0.809621210804284, ""p_observed"": 0.9048106054021419, ""prior_probability"": 0.3531869020347662, ""score"": 0.809621210804284}, ""gender=Male"": {""alpha"": 1.0, ""margin"": 0.5377091215342054, ""p_observed"": 0.7688545607671027, ""prior_probability"": 0.6468130979652338, ""score"": 0.5377091215342054}}","{""gender=Female"": {""alpha"": 2.0, ""margin"": 0.809621210804284, ""p_observed"": 0.9048106054021419, ""prior_probability"": 0.3531869020347662, ""score"": -1.2408171606110967}, ""gender=Male"": {""alpha"": 2.0, ""margin"": 0.5377091215342054, ""p_observed"": 0.7688545607671027, ""prior_probability"": 0.6468130979652338, ""score"": -0.9614048112831282}}"
362,Female,White,gender=Female,<=50K,"{""age"": ""26"", ""workclass"": ""Self-emp-not-inc"", ""education"": ""HS-grad"", ""educational-num"": ""9"", ""race"": ""White"", ""capital-gain"": ""0"", ""capital-loss"": ""0"", ""hours-per-week"": ""40"", ""native-country"": ""Columbia""}",gender=Male,gender=Male,gender=Male,,gender=Female,gender=Female,gender=Male,0,<=50K | HS-grad | Self-emp-not-inc,2,2,"{""gender=Female"": ""<=50K"", ""gender=Male"": ""<=50K""}","{""gender=Female"": {""alpha"": 1.0, ""margin"": 0.8499838212205224, ""p_observed"": 0.9249919106102611, ""prior_probability"": 0.3531869020347662, ""score"": 0.9249919106102611}, ""gender=Male"": {""alpha"": 1.0, ""margin"": 0.8341671168084488, ""p_observed"": 0.9170835584042244, ""prior_probability"": 0.6468130979652338, ""score"": 0.9170835584042244}}","{""gender=Female"": {""alpha"": 1.0, ""margin"": 0.8499838212205224, ""p_observed"": 0.9249919106102611, ""prior_probability"": 0.3531869020347662, ""score"": 0.8499838212205224}, ""gender=Male"": {""alpha"": 1.0, ""margin"": 0.8341671168084488, ""p_observed"": 0.9170835584042244, ""prior_probability"": 0.6468130979652338, ""score"": 0.8341671168084488}}","{""gender=Female"": {""alpha"": 2.0, ""margin"": 0.8499838212205224, ""p_observed"": 0.9249919106102611, ""prior_probability"": 0.3531869020347662, ""score"": -1.1966984682350397}, ""gender=Male"": {""alpha"": 2.0, ""margin"": 0.8341671168084488, ""p_observed"": 0.9170835584042244, ""prior_probability"": 0.6468130979652338, ""score"": -0.6088112798527092}}"
363,Male,Black,gender=Male,<=50K,"{""age"": ""23"", ""workclass"": ""Private"", ""education"": ""Some-college"", ""educational-num"": ""10"", ""race"": ""Black"", ""capital-gain"": ""0"", ""capital-loss"": ""0"", ""hours-per-week"": ""40"", ""native-country"": ""United-States""}",gender=Male,gender=Male,gender=Male,,gender=Female,gender=Female,gender=Male,0,<=50K | Some-college | Private,2,2,"{""gender=Female"": ""<=50K"", ""gender=Male"": ""<=50K""}","{""gender=Female"": {""alpha"": 1.0, ""margin"": 0.9497121760606443, ""p_observed"": 0.974856088030322, ""prior_probability"": 0.44275132275132273, ""score"": 0.974856088030322}, ""gender=Male"": {""alpha"": 1.0, ""margin"": 0.8779218482402967, ""p_observed"": 0.9389609241201482, ""prior_probability"": 0.5572486772486772, ""score"": 0.9389609241201482}}","{""gender=Female"": {""alpha"": 1.0, ""margin"": 0.9497121760606443, ""p_observed"": 0.974856088030322, ""prior_probability"": 0.44275132275132273, ""score"": 0.9497121760606443}, ""gender=Male"": {""alpha"": 1.0, ""margin"": 0.8779218482402967, ""p_observed"": 0.9389609241201482, ""prior_probability"": 0.5572486772486772, ""score"": 0.8779218482402967}}","{""gender=Female"": {""alpha"": 2.0, ""margin"": 0.9497121760606443, ""p_observed"": 0.974856088030322, ""prior_probability"": 0.44275132275132273, ""score"": -0.865677856540475}, ""gender=Male"": {""alpha"": 2.0, ""margin"": 0.8779218482402967, ""p_observed"": 0.9389609241201482, ""prior_probability"": 0.5572486772486772, ""score"": -0.7107065104221642}}"
364,Male,White,gender=Male,<=50K,"{""age"": ""48"", ""workclass"": ""Private"", ""education"": ""Bachelors"", ""educational-num"": ""13"", ""race"": ""White"", ""capital-gain"": ""0"", ""capital-loss"": ""0"", ""hours-per-week"": ""43"", ""native-country"": ""United-States""}",gender=Male,gender=Male,gender=Female,,gender=Female,gender=Female,gender=Female,0,<=50K | Bachelors | Private,2,2,"{""gender=Female"": ""<=50K"", ""gender=Male"": "">50K""}","{""gender=Female"": {""alpha"": 1.0, ""margin"": 0.45510451892248777, ""p_observed"": 0.7275522594612439, ""prior_probability"": 0.4140684410646388, ""score"": 0.7275522594612439}, ""gender=Male"": {""alpha"": 1.0, ""margin"": -0.13595744017332484, ""p_observed"": 0.43202127991333744, ""prior_probability"": 0.5859315589353612, ""score"": 0.43202127991333744}}","{""gender=Female"": {""alpha"": 1.0, ""margin"": 0.45510451892248777, ""p_observed"": 0.7275522594612439, ""prior_probability"": 0.4140684410646388, ""score"": 0.45510451892248777}, ""gender=Male"": {""alpha"": 1.0, ""margin"": -0.13595744017332484, ""p_observed"": 0.43202127991333744, ""prior_probability"": 0.5859315589353612, ""score"": -0.13595744017332484}}","{""gender=Female"": {""alpha"": 2.0, ""margin"": 0.45510451892248777, ""p_observed"": 0.7275522594612439, ""prior_probability"": 0.4140684410646388, ""score"": -1.5178628986497733}, ""gender=Male"": {""alpha"": 2.0, ""margin"": -0.13595744017332484, ""p_observed"": 0.43202127991333744, ""prior_probability"": 0.5859315589353612, ""score"": -2.21311315563682}}"
365,Male,White,gender=Male,<=50K,"{""age"": ""24"", ""workclass"": ""Private"", ""education"": ""Some-college"", ""educational-num"": ""10"", ""race"": ""White"", ""capital-gain"": ""0"", ""capital-loss"": ""0"", ""hours-per-week"": ""40"", ""native-country"": ""United-States""}",gender=Male,gender=Male,gender=Male,,gender=Female,gender=Female,gender=Male,0,<=50K | Some-college | Private,2,2,"{""gender=Female"": ""<=50K"", ""gender=Male"": ""<=50K""}","{""gender=Female"": {""alpha"": 1.0, ""margin"": 0.9225576812107018, ""p_observed"": 0.9612788406053507, ""prior_probability"": 0.44275132275132273, ""score"": 0.9612788406053507}, ""gender=Male"": {""alpha"": 1.0, ""margin"": 0.8497422332514515, ""p_observed"": 0.9248711166257257, ""prior_probability"": 0.5572486772486772, ""score"": 0.9248711166257257}}","{""gender=Female"": {""alpha"": 1.0, ""margin"": 0.9225576812107018, ""p_observed"": 0.9612788406053507, ""prior_probability"": 0.44275132275132273, ""score"": 0.9225576812107018}, ""gender=Male"": {""alpha"": 1.0, ""margin"": 0.8497422332514515, ""p_observed"": 0.9248711166257257, ""prior_probability"": 0.5572486772486772, ""score"": 0.8497422332514515}}","{""gender=Female"": {""alpha"": 2.0, ""margin"": 0.9225576812107018, ""p_observed"": 0.9612788406053507, ""prior_probability"": 0.44275132275132273, ""score"": -0.8937285255067043}, ""gender=Male"": {""alpha"": 2.0, ""margin"": 0.8497422332514515, ""p_observed"": 0.9248711166257257, ""prior_probability"": 0.5572486772486772, ""score"": -0.7409454495417387}}"
366,Male,Black,gender=Male,<=50K,"{""age"": ""19"", ""workclass"": ""Private"", ""education"": ""Some-college"", ""educational-num"": ""10"", ""race"": ""Black"", ""capital-gain"": ""0"", ""capital-loss"": ""0"", ""hours-per-week"": ""16"", ""native-country"": ""United-States""}",gender=Male,gender=Male,gender=Male,,gender=Female,gender=Female,gender=Male,0,<=50K | Some-college | Private,2,2,"{""gender=Female"": ""<=50K"", ""gender=Male"": ""<=50K""}","{""gender=Female"": {""alpha"": 1.0, ""margin"": 0.9695632477971928, ""p_observed"": 0.9847816238985964, ""prior_probability"": 0.44275132275132273, ""score"": 0.9847816238985964}, ""gender=Male"": {""alpha"": 1.0, ""margin"": 0.921779703089076, ""p_observed"": 0.9608898515445379, ""prior_probability"": 0.5572486772486772, ""score"": 0.9608898515445379}}","{""gender=Female"": {""alpha"": 1.0, ""margin"": 0.9695632477971928, ""p_observed"": 0.9847816238985964, ""prior_probability"": 0.44275132275132273, ""score"": 0.9695632477971928}, ""gender=Male"": {""alpha"": 1.0, ""margin"": 0.921779703089076, ""p_observed"": 0.9608898515445379, ""prior_probability"": 0.5572486772486772, ""score"": 0.921779703089076}}","{""gender=Female"": {""alpha"": 2.0, ""margin"": 0.9695632477971928, ""p_observed"": 0.9847816238985964, ""prior_probability"": 0.44275132275132273, ""score"": -0.8454177427735837}, ""gender=Male"": {""alpha"": 2.0, ""margin"": 0.921779703089076, ""p_observed"": 0.9608898515445379, ""prior_probability"": 0.5572486772486772, ""score"": -0.6645346707538167}}"
367,Male,Black,gender=Male,<=50K,"{""age"": ""25"", ""workclass"": ""Private"", ""education"": ""Some-college"", ""educational-num"": ""10"", ""race"": ""Black"", ""capital-gain"": ""0"", ""capital-loss"": ""0"", ""hours-per-week"": ""40"", ""native-country"": ""Outlying-US(Guam-USVI-etc)""}",gender=Male,gender=Male,gender=Male,,gender=Female,gender=Female,gender=Male,0,<=50K | Some-college | Private,2,2,"{""gender=Female"": ""<=50K"", ""gender=Male"": ""<=50K""}","{""gender=Female"": {""alpha"": 1.0, ""margin"": 0.9414101621377343, ""p_observed"": 0.9707050810688671, ""prior_probability"": 0.44275132275132273, ""score"": 0.9707050810688671}, ""gender=Male"": {""alpha"": 1.0, ""margin"": 0.8717442953856296, ""p_observed"": 0.9358721476928148, ""prior_probability"": 0.5572486772486772, ""score"": 0.9358721476928148}}","{""gender=Female"": {""alpha"": 1.0, ""margin"": 0.9414101621377343, ""p_observed"": 0.9707050810688671, ""prior_probability"": 0.44275132275132273, ""score"": 0.9414101621377343}, ""gender=Male"": {""alpha"": 1.0, ""margin"": 0.8717442953856296, ""p_observed"": 0.9358721476928148, ""prior_probability"": 0.5572486772486772, ""score"": 0.8717442953856296}}","{""gender=Female"": {""alpha"": 2.0, ""margin"": 0.9414101621377343, ""p_observed"": 0.9707050810688671, ""prior_probability"": 0.44275132275132273, ""score"": -0.8742121824225468}, ""gender=Male"": {""alpha"": 2.0, ""margin"": 0.8717442953856296, ""p_observed"": 0.9358721476928148, ""prior_probability"": 0.5572486772486772, ""score"": -0.7172964927909049}}"
368,Male,White,gender=Male,<=50K,"{""age"": ""36"", ""workclass"": ""Self-emp-not-inc"", ""education"": ""9th"", ""educational-num"": ""5"", ""race"": ""White"", ""capital-gain"": ""0"", ""capital-loss"": ""0"", ""hours-per-week"": ""30"", ""native-country"": ""United-States""}",gender=Male,gender=Male,gender=Male,,gender=Female,gender=Female,gender=Male,0,<=50K | 9th | Self-emp-not-inc,2,2,"{""gender=Female"": ""<=50K"", ""gender=Male"": ""<=50K""}","{""gender=Female"": {""alpha"": 1.0, ""margin"": 0.8304699418374507, ""p_observed"": 0.9152349709187252, ""prior_probability"": 0.3041095890410959, ""score"": 0.9152349709187252}, ""gender=Male"": {""alpha"": 1.0, ""margin"": 0.7076873164324187, ""p_observed"": 0.8538436582162093, ""prior_probability"": 0.6958904109589041, ""score"": 0.8538436582162093}}","{""gender=Female"": {""alpha"": 1.0, ""margin"": 0.8304699418374507, ""p_observed"": 0.9152349709187252, ""prior_probability"": 0.3041095890410959, ""score"": 0.8304699418374507}, ""gender=Male"": {""alpha"": 1.0, ""margin"": 0.7076873164324187, ""p_observed"": 0.8538436582162093, ""prior_probability"": 0.6958904109589041, ""score"": 0.7076873164324187}}","{""gender=Female"": {""alpha"": 2.0, ""margin"": 0.8304699418374507, ""p_observed"": 0.9152349709187252, ""prior_probability"": 0.3041095890410959, ""score"": -1.3675160479811763}, ""gender=Male"": {""alpha"": 2.0, ""margin"": 0.7076873164324187, ""p_observed"": 0.8538436582162093, ""prior_probability"": 0.6958904109589041, ""score"": -0.6785774304786841}}"
369,Male,White,gender=Male,<=50K,"{""age"": ""44"", ""workclass"": ""Self-emp-not-inc"", ""education"": ""Bachelors"", ""educational-num"": ""13"", ""race"": ""White"", ""capital-gain"": ""0"", ""capital-loss"": ""0"", ""hours-per-week"": ""60"", ""native-country"": ""United-States""}",gender=Male,gender=Male,gender=Female,,gender=Female,gender=Female,gender=Female,0,<=50K | Bachelors | Self-emp-not-inc,2,2,"{""gender=Female"": ""<=50K"", ""gender=Male"": "">50K""}","{""gender=Female"": {""alpha"": 1.0, ""margin"": 0.3663660419428295, ""p_observed"": 0.6831830209714147, ""prior_probability"": 0.4140684410646388, ""score"": 0.6831830209714147}, ""gender=Male"": {""alpha"": 1.0, ""margin"": -0.03127883946167909, ""p_observed"": 0.4843605802691604, ""prior_probability"": 0.5859315589353612, ""score"": 0.4843605802691604}}","{""gender=Female"": {""alpha"": 1.0, ""margin"": 0.3663660419428295, ""p_observed"": 0.6831830209714147, ""prior_probability"": 0.4140684410646388, ""score"": 0.3663660419428295}, ""gender=Male"": {""alpha"": 1.0, ""margin"": -0.03127883946167909, ""p_observed"": 0.4843605802691604, ""prior_probability"": 0.5859315589353612, ""score"": -0.03127883946167909}}","{""gender=Female"": {""alpha"": 2.0, ""margin"": 0.3663660419428295, ""p_observed"": 0.6831830209714147, ""prior_probability"": 0.4140684410646388, ""score"": -1.6437089802882794}, ""gender=Male"": {""alpha"": 2.0, ""margin"": -0.03127883946167909, ""p_observed"": 0.4843605802691604, ""prior_probability"": 0.5859315589353612, ""score"": -1.9844035880207918}}"
370,Male,White,gender=Male,<=50K,"{""age"": ""25"", ""workclass"": ""Private"", ""education"": ""HS-grad"", ""educational-num"": ""9"", ""race"": ""White"", ""capital-gain"": ""0"", ""capital-loss"": ""0"", ""hours-per-week"": ""40"", ""native-country"": ""United-States""}",gender=Male,gender=Male,gender=Male,,gender=Female,gender=Female,gender=Male,0,<=50K | HS-grad | Private,2,2,"{""gender=Female"": ""<=50K"", ""gender=Male"": ""<=50K""}","{""gender=Female"": {""alpha"": 1.0, ""margin"": 0.9244592520465572, ""p_observed"": 0.9622296260232787, ""prior_probability"": 0.3531869020347662, ""score"": 0.9622296260232787}, ""gender=Male"": {""alpha"": 1.0, ""margin"": 0.8559158901349442, ""p_observed"": 0.9279579450674721, ""prior_probability"": 0.6468130979652338, ""score"": 0.9279579450674721}}","{""gender=Female"": {""alpha"": 1.0, ""margin"": 0.9244592520465572, ""p_observed"": 0.9622296260232787, ""prior_probability"": 0.3531869020347662, ""score"": 0.9244592520465572}, ""gender=Male"": {""alpha"": 1.0, ""margin"": 0.8559158901349442, ""p_observed"": 0.9279579450674721, ""prior_probability"": 0.6468130979652338, ""score"": 0.8559158901349442}}","{""gender=Female"": {""alpha"": 2.0, ""margin"": 0.9244592520465572, ""p_observed"": 0.9622296260232787, ""prior_probability"": 0.3531869020347662, ""score"": -1.1177622152667481}, ""gender=Male"": {""alpha"": 2.0, ""margin"": 0.8559158901349442, ""p_observed"": 0.9279579450674721, ""prior_probability"": 0.6468130979652338, ""score"": -0.5852356311502387}}"
371,Male,White,gender=Male,<=50K,"{""age"": ""26"", ""workclass"": ""Private"", ""education"": ""12th"", ""educational-num"": ""8"", ""race"": ""White"", ""capital-gain"": ""0"", ""capital-loss"": ""0"", ""hours-per-week"": ""40"", ""native-country"": ""Puerto-Rico""}",gender=Male,gender=Male,gender=Male,,gender=Female,gender=Female,gender=Male,0,<=50K | 12th | Private,2,2,"{""gender=Female"": ""<=50K"", ""gender=Male"": ""<=50K""}","{""gender=Female"": {""alpha"": 1.0, ""margin"": 0.9455355962414671, ""p_observed"": 0.9727677981207336, ""prior_probability"": 0.345565749235474, ""score"": 0.9727677981207336}, ""gender=Male"": {""alpha"": 1.0, ""margin"": 0.8859373698528744, ""p_observed"": 0.9429686849264372, ""prior_probability"": 0.654434250764526, ""score"": 0.9429686849264372}}","{""gender=Female"": {""alpha"": 1.0, ""margin"": 0.9455355962414671, ""p_observed"": 0.9727677981207336, ""prior_probability"": 0.345565749235474, ""score"": 0.9455355962414671}, ""gender=Male"": {""alpha"": 1.0, ""margin"": 0.8859373698528744, ""p_observed"": 0.9429686849264372, ""prior_probability"": 0.654434250764526, ""score"": 0.8859373698528744}}","{""gender=Female"": {""alpha"": 2.0, ""margin"": 0.9455355962414671, ""p_observed"": 0.9727677981207336, ""prior_probability"": 0.345565749235474, ""score"": -1.117792093342684}, ""gender=Male"": {""alpha"": 2.0, ""margin"": 0.8859373698528744, ""p_observed"": 0.9429686849264372, ""prior_probability"": 0.654434250764526, ""score"": -0.5414285655261623}}"
372,Male,White,gender=Male,>50K,"{""age"": ""59"", ""workclass"": ""Self-emp-inc"", ""education"": ""HS-grad"", ""educational-num"": ""9"", ""race"": ""White"", ""capital-gain"": ""0"", ""capital-loss"": ""0"", ""hours-per-week"": ""60"", ""native-country"": ""United-States""}",gender=Male,gender=Male,gender=Male,,gender=Male,gender=Male,gender=Male,0,>50K | HS-grad | Self-emp-inc,2,2,"{""gender=Female"": ""<=50K"", ""gender=Male"": ""<=50K""}","{""gender=Female"": {""alpha"": 1.0, ""margin"": -0.5904815010591569, ""p_observed"": 0.20475924947042157, ""prior_probability"": 0.129565816678153, ""score"": 0.20475924947042157}, ""gender=Male"": {""alpha"": 1.0, ""margin"": -0.267081769451081, ""p_observed"": 0.3664591152744596, ""prior_probability"": 0.870434183321847, ""score"": 0.3664591152744596}}","{""gender=Female"": {""alpha"": 1.0, ""margin"": -0.5904815010591569, ""p_observed"": 0.20475924947042157, ""prior_probability"": 0.129565816678153, ""score"": -0.5904815010591569}, ""gender=Male"": {""alpha"": 1.0, ""margin"": -0.267081769451081, ""p_observed"": 0.3664591152744596, ""prior_probability"": 0.870434183321847, ""score"": -0.267081769451081}}","{""gender=Female"": {""alpha"": 2.0, ""margin"": -0.5904815010591569, ""p_observed"": 0.20475924947042157, ""prior_probability"": 0.129565816678153, ""score"": -5.215407055675398}, ""gender=Male"": {""alpha"": 2.0, ""margin"": -0.267081769451081, ""p_observed"": 0.3664591152744596, ""prior_probability"": 0.870434183321847, ""score"": -2.146499767296933}}"
373,Male,White,gender=Male,>50K,"{""age"": ""37"", ""workclass"": ""Private"", ""education"": ""Bachelors"", ""educational-num"": ""13"", ""race"": ""White"", ""capital-gain"": ""0"", ""capital-loss"": ""0"", ""hours-per-week"": ""40"", ""native-country"": ""United-States""}",gender=Male,gender=Male,gender=Male,,gender=Male,gender=Male,gender=Male,0,>50K | Bachelors | Private,2,2,"{""gender=Female"": ""<=50K"", ""gender=Male"": ""<=50K""}","{""gender=Female"": {""alpha"": 1.0, ""margin"": -0.5536175499063736, ""p_observed"": 0.22319122504681316, ""prior_probability"": 0.15218508997429306, ""score"": 0.22319122504681316}, ""gender=Male"": {""alpha"": 1.0, ""margin"": -0.03388584863548666, ""p_observed"": 0.4830570756822567, ""prior_probability"": 0.847814910025707, ""score"": 0.4830570756822567}}","{""gender=Female"": {""alpha"": 1.0, ""margin"": -0.5536175499063736, ""p_observed"": 0.22319122504681316, ""prior_probability"": 0.15218508997429306, ""score"": -0.5536175499063736}, ""gender=Male"": {""alpha"": 1.0, ""margin"": -0.03388584863548666, ""p_observed"": 0.4830570756822567, ""prior_probability"": 0.847814910025707, ""score"": -0.03388584863548666}}","{""gender=Female"": {""alpha"": 2.0, ""margin"": -0.5536175499063736, ""p_observed"": 0.22319122504681316, ""prior_probability"": 0.15218508997429306, ""score"": -4.88211052883689}, ""gender=Male"": {""alpha"": 2.0, ""margin"": -0.03388584863548666, ""p_observed"": 0.4830570756822567, ""prior_probability"": 0.847814910025707, ""score"": -1.62033385988611}}"
374,Male,White,gender=Male,<=50K,"{""age"": ""29"", ""workclass"": ""Private"", ""education"": ""HS-grad"", ""educational-num"": ""9"", ""race"": ""White"", ""capital-gain"": ""0"", ""capital-loss"": ""0"", ""hours-per-week"": ""40"", ""native-country"": ""United-States""}",gender=Male,gender=Male,gender=Male,,gender=Female,gender=Female,gender=Male,0,<=50K | HS-grad | Private,2,2,"{""gender=Female"": ""<=50K"", ""gender=Male"": ""<=50K""}","{""gender=Female"": {""alpha"": 1.0, ""margin"": 0.8872209689870725, ""p_observed"": 0.9436104844935362, ""prior_probability"": 0.3531869020347662, ""score"": 0.9436104844935362}, ""gender=Male"": {""alpha"": 1.0, ""margin"": 0.7634742542382862, ""p_observed"": 0.881737127119143, ""prior_probability"": 0.6468130979652338, ""score"": 0.881737127119143}}","{""gender=Female"": {""alpha"": 1.0, ""margin"": 0.8872209689870725, ""p_observed"": 0.9436104844935362, ""prior_probability"": 0.3531869020347662, ""score"": 0.8872209689870725}, ""gender=Male"": {""alpha"": 1.0, ""margin"": 0.7634742542382862, ""p_observed"": 0.881737127119143, ""prior_probability"": 0.6468130979652338, ""score"": 0.7634742542382862}}","{""gender=Female"": {""alpha"": 2.0, ""margin"": 0.8872209689870725, ""p_observed"": 0.9436104844935362, ""prior_probability"": 0.3531869020347662, ""score"": -1.1568415353411439}, ""gender=Male"": {""alpha"": 2.0, ""margin"": 0.7634742542382862, ""p_observed"": 0.881737127119143, ""prior_probability"": 0.6468130979652338, ""score"": -0.6874205195014813}}"
375,Male,Asian-Pac-Islander,gender=Male,<=50K,"{""age"": ""34"", ""workclass"": ""Federal-gov"", ""education"": ""Bachelors"", ""educational-num"": ""13"", ""race"": ""Asian-Pac-Islander"", ""capital-gain"": ""1471"", ""capital-loss"": ""0"", ""hours-per-week"": ""40"", ""native-country"": ""Cambodia""}",gender=Male,gender=Male,gender=Male,gender=Male,gender=Female,gender=Female,gender=Female,1,<=50K | Bachelors | Federal-gov,2,2,"{""gender=Female"": ""<=50K"", ""gender=Male"": ""<=50K""}","{""gender=Female"": {""alpha"": 1.0, ""margin"": 0.49310594397631896, ""p_observed"": 0.7465529719881594, ""prior_probability"": 0.4140684410646388, ""score"": 0.7465529719881594}, ""gender=Male"": {""alpha"": 1.0, ""margin"": 0.20444263779955874, ""p_observed"": 0.6022213188997795, ""prior_probability"": 0.5859315589353612, ""score"": 0.6022213188997795}}","{""gender=Female"": {""alpha"": 1.0, ""margin"": 0.49310594397631896, ""p_observed"": 0.7465529719881594, ""prior_probability"": 0.4140684410646388, ""score"": 0.49310594397631896}, ""gender=Male"": {""alpha"": 1.0, ""margin"": 0.20444263779955874, ""p_observed"": 0.6022213188997795, ""prior_probability"": 0.5859315589353612, ""score"": 0.20444263779955874}}","{""gender=Female"": {""alpha"": 2.0, ""margin"": 0.49310594397631896, ""p_observed"": 0.7465529719881594, ""prior_probability"": 0.4140684410646388, ""score"": -1.4663014103470053}, ""gender=Male"": {""alpha"": 2.0, ""margin"": 0.20444263779955874, ""p_observed"": 0.6022213188997795, ""prior_probability"": 0.5859315589353612, ""score"": -1.5488128135871055}}"
376,Male,White,gender=Male,<=50K,"{""age"": ""39"", ""workclass"": ""State-gov"", ""education"": ""Some-college"", ""educational-num"": ""10"", ""race"": ""White"", ""capital-gain"": ""0"", ""capital-loss"": ""0"", ""hours-per-week"": ""40"", ""native-country"": ""United-States""}",gender=Male,gender=Male,gender=Male,,gender=Female,gender=Female,gender=Female,0,<=50K | Some-college | State-gov,2,2,"{""gender=Female"": ""<=50K"", ""gender=Male"": ""<=50K""}","{""gender=Female"": {""alpha"": 1.0, ""margin"": 0.8017219545257237, ""p_observed"": 0.9008609772628617, ""prior_probability"": 0.44275132275132273, ""score"": 0.9008609772628617}, ""gender=Male"": {""alpha"": 1.0, ""margin"": 0.41072323774876435, ""p_observed"": 0.7053616188743821, ""prior_probability"": 0.5572486772486772, ""score"": 0.7053616188743821}}","{""gender=Female"": {""alpha"": 1.0, ""margin"": 0.8017219545257237, ""p_observed"": 0.9008609772628617, ""prior_probability"": 0.44275132275132273, ""score"": 0.8017219545257237}, ""gender=Male"": {""alpha"": 1.0, ""margin"": 0.41072323774876435, ""p_observed"": 0.7053616188743821, ""prior_probability"": 0.5572486772486772, ""score"": 0.41072323774876435}}","{""gender=Female"": {""alpha"": 2.0, ""margin"": 0.8017219545257237, ""p_observed"": 0.9008609772628617, ""prior_probability"": 0.44275132275132273, ""score"": -1.0235556778318604}, ""gender=Male"": {""alpha"": 2.0, ""margin"": 0.41072323774876435, ""p_observed"": 0.7053616188743821, ""prior_probability"": 0.5572486772486772, ""score"": -1.2828330266360295}}"
377,Female,White,gender=Female,<=50K,"{""age"": ""36"", ""workclass"": ""Private"", ""education"": ""HS-grad"", ""educational-num"": ""9"", ""race"": ""White"", ""capital-gain"": ""0"", ""capital-loss"": ""0"", ""hours-per-week"": ""40"", ""native-country"": ""United-States""}",gender=Male,gender=Male,gender=Male,,gender=Female,gender=Female,gender=Male,0,<=50K | HS-grad | Private,2,2,"{""gender=Female"": ""<=50K"", ""gender=Male"": ""<=50K""}","{""gender=Female"": {""alpha"": 1.0, ""margin"": 0.8128267743052342, ""p_observed"": 0.906413387152617, ""prior_probability"": 0.3531869020347662, ""score"": 0.906413387152617}, ""gender=Male"": {""alpha"": 1.0, ""margin"": 0.5701297250362634, ""p_observed"": 0.7850648625181318, ""prior_probability"": 0.6468130979652338, ""score"": 0.7850648625181318}}","{""gender=Female"": {""alpha"": 1.0, ""margin"": 0.8128267743052342, ""p_observed"": 0.906413387152617, ""prior_probability"": 0.3531869020347662, ""score"": 0.8128267743052342}, ""gender=Male"": {""alpha"": 1.0, ""margin"": 0.5701297250362634, ""p_observed"": 0.7850648625181318, ""prior_probability"": 0.6468130979652338, ""score"": 0.5701297250362634}}","{""gender=Female"": {""alpha"": 2.0, ""margin"": 0.8128267743052342, ""p_observed"": 0.906413387152617, ""prior_probability"": 0.3531869020347662, ""score"": -1.237277494229841}, ""gender=Male"": {""alpha"": 2.0, ""margin"": 0.5701297250362634, ""p_observed"": 0.7850648625181318, ""prior_probability"": 0.6468130979652338, ""score"": -0.919675775477256}}"
378,Male,White,gender=Male,<=50K,"{""age"": ""19"", ""workclass"": ""Self-emp-inc"", ""education"": ""HS-grad"", ""educational-num"": ""9"", ""race"": ""White"", ""capital-gain"": ""0"", ""capital-loss"": ""0"", ""hours-per-week"": ""40"", ""native-country"": ""United-States""}",gender=Male,gender=Male,gender=Male,,gender=Female,gender=Female,gender=Male,0,<=50K | HS-grad | Self-emp-inc,2,2,"{""gender=Female"": ""<=50K"", ""gender=Male"": ""<=50K""}","{""gender=Female"": {""alpha"": 1.0, ""margin"": 0.8020477353730925, ""p_observed"": 0.9010238676865463, ""prior_probability"": 0.3531869020347662, ""score"": 0.9010238676865463}, ""gender=Male"": {""alpha"": 1.0, ""margin"": 0.6817754154084458, ""p_observed"": 0.840887707704223, ""prior_probability"": 0.6468130979652338, ""score"": 0.840887707704223}}","{""gender=Female"": {""alpha"": 1.0, ""margin"": 0.8020477353730925, ""p_observed"": 0.9010238676865463, ""prior_probability"": 0.3531869020347662, ""score"": 0.8020477353730925}, ""gender=Male"": {""alpha"": 1.0, ""margin"": 0.6817754154084458, ""p_observed"": 0.840887707704223, ""prior_probability"": 0.6468130979652338, ""score"": 0.6817754154084458}}","{""gender=Female"": {""alpha"": 2.0, ""margin"": 0.8020477353730925, ""p_observed"": 0.9010238676865463, ""prior_probability"": 0.3531869020347662, ""score"": -1.24920495765976}, ""gender=Male"": {""alpha"": 2.0, ""margin"": 0.6817754154084458, ""p_observed"": 0.840887707704223, ""prior_probability"": 0.6468130979652338, ""score"": -0.7822922016209715}}"
379,Female,White,gender=Female,<=50K,"{""age"": ""45"", ""workclass"": ""Private"", ""education"": ""HS-grad"", ""educational-num"": ""9"", ""race"": ""White"", ""capital-gain"": ""0"", ""capital-loss"": ""0"", ""hours-per-week"": ""28"", ""native-country"": ""United-States""}",gender=Male,gender=Male,gender=Male,,gender=Female,gender=Female,gender=Male,0,<=50K | HS-grad | Private,2,2,"{""gender=Female"": ""<=50K"", ""gender=Male"": ""<=50K""}","{""gender=Female"": {""alpha"": 1.0, ""margin"": 0.8453216614619123, ""p_observed"": 0.9226608307309562, ""prior_probability"": 0.3531869020347662, ""score"": 0.9226608307309562}, ""gender=Male"": {""alpha"": 1.0, ""margin"": 0.6581741700772841, ""p_observed"": 0.829087085038642, ""prior_probability"": 0.6468130979652338, ""score"": 0.829087085038642}}","{""gender=Female"": {""alpha"": 1.0, ""margin"": 0.8453216614619123, ""p_observed"": 0.9226608307309562, ""prior_probability"": 0.3531869020347662, ""score"": 0.8453216614619123}, ""gender=Male"": {""alpha"": 1.0, ""margin"": 0.6581741700772841, ""p_observed"": 0.829087085038642, ""prior_probability"": 0.6468130979652338, ""score"": 0.6581741700772841}}","{""gender=Female"": {""alpha"": 2.0, ""margin"": 0.8453216614619123, ""p_observed"": 0.9226608307309562, ""prior_probability"": 0.3531869020347662, ""score"": -1.2017450466617685}, ""gender=Male"": {""alpha"": 2.0, ""margin"": 0.6581741700772841, ""p_observed"": 0.829087085038642, ""prior_probability"": 0.6468130979652338, ""score"": -0.8105580632071725}}"
380,Male,White,gender=Male,<=50K,"{""age"": ""67"", ""workclass"": ""Private"", ""education"": ""Bachelors"", ""educational-num"": ""13"", ""race"": ""White"", ""capital-gain"": ""0"", ""capital-loss"": ""0"", ""hours-per-week"": ""2"", ""native-country"": ""United-States""}",gender=Male,gender=Male,gender=Male,,gender=Female,gender=Female,gender=Female,0,<=50K | Bachelors | Private,2,2,"{""gender=Female"": ""<=50K"", ""gender=Male"": ""<=50K""}","{""gender=Female"": {""alpha"": 1.0, ""margin"": 0.593950589851046, ""p_observed"": 0.796975294925523, ""prior_probability"": 0.4140684410646388, ""score"": 0.796975294925523}, ""gender=Male"": {""alpha"": 1.0, ""margin"": 0.19718607458597376, ""p_observed"": 0.5985930372929869, ""prior_probability"": 0.5859315589353612, ""score"": 0.5985930372929869}}","{""gender=Female"": {""alpha"": 1.0, ""margin"": 0.593950589851046, ""p_observed"": 0.796975294925523, ""prior_probability"": 0.4140684410646388, ""score"": 0.593950589851046}, ""gender=Male"": {""alpha"": 1.0, ""margin"": 0.19718607458597376, ""p_observed"": 0.5985930372929869, ""prior_probability"": 0.5859315589353612, ""score"": 0.19718607458597376}}","{""gender=Female"": {""alpha"": 2.0, ""margin"": 0.593950589851046, ""p_observed"": 0.796975294925523, ""prior_probability"": 0.4140684410646388, ""score"": -1.3355871987516366}, ""gender=Male"": {""alpha"": 2.0, ""margin"": 0.19718607458597376, ""p_observed"": 0.5985930372929869, ""prior_probability"": 0.5859315589353612, ""score"": -1.5608989204184887}}"
381,Female,White,gender=Female,<=50K,"{""age"": ""22"", ""workclass"": ""Private"", ""education"": ""HS-grad"", ""educational-num"": ""9"", ""race"": ""White"", ""capital-gain"": ""0"", ""capital-loss"": ""0"", ""hours-per-week"": ""40"", ""native-country"": ""United-States""}",gender=Male,gender=Male,gender=Male,,gender=Female,gender=Female,gender=Male,0,<=50K | HS-grad | Private,2,2,"{""gender=Female"": ""<=50K"", ""gender=Male"": ""<=50K""}","{""gender=Female"": {""alpha"": 1.0, ""margin"": 0.9331560778009055, ""p_observed"": 0.9665780389004528, ""prior_probability"": 0.3531869020347662, ""score"": 0.9665780389004528}, ""gender=Male"": {""alpha"": 1.0, ""margin"": 0.8612647603758504, ""p_observed"": 0.9306323801879252, ""prior_probability"": 0.6468130979652338, ""score"": 0.9306323801879252}}","{""gender=Female"": {""alpha"": 1.0, ""margin"": 0.9331560778009055, ""p_observed"": 0.9665780389004528, ""prior_probability"": 0.3531869020347662, ""score"": 0.9331560778009055}, ""gender=Male"": {""alpha"": 1.0, ""margin"": 0.8612647603758504, ""p_observed"": 0.9306323801879252, ""prior_probability"": 0.6468130979652338, ""score"": 0.8612647603758504}}","{""gender=Female"": {""alpha"": 2.0, ""margin"": 0.9331560778009055, ""p_observed"": 0.9665780389004528, ""prior_probability"": 0.3531869020347662, ""score"": -1.1087443741967071}, ""gender=Male"": {""alpha"": 2.0, ""margin"": 0.8612647603758504, ""p_observed"": 0.9306323801879252, ""prior_probability"": 0.6468130979652338, ""score"": -0.5794797915119678}}"
382,Male,White,gender=Male,>50K,"{""age"": ""51"", ""workclass"": ""Self-emp-inc"", ""education"": ""Prof-school"", ""educational-num"": ""15"", ""race"": ""White"", ""capital-gain"": ""27828"", ""capital-loss"": ""0"", ""hours-per-week"": ""60"", ""native-country"": ""United-States""}",gender=Male,gender=Male,gender=Male,,gender=Male,gender=Male,gender=Male,0,>50K | Prof-school | Self-emp-inc,2,2,"{""gender=Female"": "">50K"", ""gender=Male"": "">50K""}","{""gender=Female"": {""alpha"": 1.0, ""margin"": 0.8003468485785064, ""p_observed"": 0.9001734242892532, ""prior_probability"": 0.10638297872340426, ""score"": 0.9001734242892532}, ""gender=Male"": {""alpha"": 1.0, ""margin"": 0.9340432738440636, ""p_observed"": 0.9670216369220318, ""prior_probability"": 0.8936170212765957, ""score"": 0.9670216369220318}}","{""gender=Female"": {""alpha"": 1.0, ""margin"": 0.8003468485785064, ""p_observed"": 0.9001734242892532, ""prior_probability"": 0.10638297872340426, ""score"": 0.8003468485785064}, ""gender=Male"": {""alpha"": 1.0, ""margin"": 0.9340432738440636, ""p_observed"": 0.9670216369220318, ""prior_probability"": 0.8936170212765957, ""score"": 0.9340432738440636}}","{""gender=Female"": {""alpha"": 2.0, ""margin"": 0.8003468485785064, ""p_observed"": 0.9001734242892532, ""prior_probability"": 0.10638297872340426, ""score"": -2.451045370408235}, ""gender=Male"": {""alpha"": 2.0, ""margin"": 0.9340432738440636, ""p_observed"": 0.9670216369220318, ""prior_probability"": 0.8936170212765957, ""score"": -0.17954680037068596}}"
383,Female,Asian-Pac-Islander,gender=Female,<=50K,"{""age"": ""45"", ""workclass"": ""Federal-gov"", ""education"": ""HS-grad"", ""educational-num"": ""9"", ""race"": ""Asian-Pac-Islander"", ""capital-gain"": ""0"", ""capital-loss"": ""0"", ""hours-per-week"": ""40"", ""native-country"": ""United-States""}",gender=Male,gender=Male,gender=Male,,gender=Female,gender=Female,gender=Male,0,<=50K | HS-grad | Federal-gov,2,2,"{""gender=Female"": ""<=50K"", ""gender=Male"": ""<=50K""}","{""gender=Female"": {""alpha"": 1.0, ""margin"": 0.7161055831074158, ""p_observed"": 0.858052791553708, ""prior_probability"": 0.3531869020347662, ""score"": 0.858052791553708}, ""gender=Male"": {""alpha"": 1.0, ""margin"": 0.42149768761824635, ""p_observed"": 0.7107488438091233, ""prior_probability"": 0.6468130979652338, ""score"": 0.7107488438091233}}","{""gender=Female"": {""alpha"": 1.0, ""margin"": 0.7161055831074158, ""p_observed"": 0.858052791553708, ""prior_probability"": 0.3531869020347662, ""score"": 0.7161055831074158}, ""gender=Male"": {""alpha"": 1.0, ""margin"": 0.42149768761824635, ""p_observed"": 0.7107488438091233, ""prior_probability"": 0.6468130979652338, ""score"": 0.42149768761824635}}","{""gender=Female"": {""alpha"": 2.0, ""margin"": 0.7161055831074158, ""p_observed"": 0.858052791553708, ""prior_probability"": 0.3531869020347662, ""score"": -1.3469372001859417}, ""gender=Male"": {""alpha"": 2.0, ""margin"": 0.42149768761824635, ""p_observed"": 0.7107488438091233, ""prior_probability"": 0.6468130979652338, ""score"": -1.1185702114178309}}"
384,Female,White,gender=Female,>50K,"{""age"": ""68"", ""workclass"": ""Private"", ""education"": ""HS-grad"", ""educational-num"": ""9"", ""race"": ""White"", ""capital-gain"": ""0"", ""capital-loss"": ""0"", ""hours-per-week"": ""10"", ""native-country"": ""United-States""}",gender=Male,gender=Male,gender=Male,,gender=Male,gender=Male,gender=Male,0,>50K | HS-grad | Private,2,2,"{""gender=Female"": ""<=50K"", ""gender=Male"": ""<=50K""}","{""gender=Female"": {""alpha"": 1.0, ""margin"": -0.8637258432459791, ""p_observed"": 0.06813707837701043, ""prior_probability"": 0.129565816678153, ""score"": 0.06813707837701043}, ""gender=Male"": {""alpha"": 1.0, ""margin"": -0.6654491038362509, ""p_observed"": 0.16727544808187453, ""prior_probability"": 0.870434183321847, ""score"": 0.16727544808187453}}","{""gender=Female"": {""alpha"": 1.0, ""margin"": -0.8637258432459791, ""p_observed"": 0.06813707837701043, ""prior_probability"": 0.129565816678153, ""score"": -0.8637258432459791}, ""gender=Male"": {""alpha"": 1.0, ""margin"": -0.6654491038362509, ""p_observed"": 0.16727544808187453, ""prior_probability"": 0.870434183321847, ""score"": -0.6654491038362509}}","{""gender=Female"": {""alpha"": 2.0, ""margin"": -0.8637258432459791, ""p_observed"": 0.06813707837701043, ""prior_probability"": 0.129565816678153, ""score"": -7.416033778927871}, ""gender=Male"": {""alpha"": 2.0, ""margin"": -0.6654491038362509, ""p_observed"": 0.16727544808187453, ""prior_probability"": 0.870434183321847, ""score"": -3.7149900017395026}}"
385,Male,White,gender=Male,<=50K,"{""age"": ""31"", ""workclass"": ""Private"", ""education"": ""Bachelors"", ""educational-num"": ""13"", ""race"": ""White"", ""capital-gain"": ""0"", ""capital-loss"": ""0"", ""hours-per-week"": ""45"", ""native-country"": ""United-States""}",gender=Male,gender=Male,gender=Female,,gender=Female,gender=Female,gender=Female,0,<=50K | Bachelors | Private,2,2,"{""gender=Female"": ""<=50K"", ""gender=Male"": "">50K""}","{""gender=Female"": {""alpha"": 1.0, ""margin"": 0.43687555657791, ""p_observed"": 0.718437778288955, ""prior_probability"": 0.4140684410646388, ""score"": 0.718437778288955}, ""gender=Male"": {""alpha"": 1.0, ""margin"": -0.027144833232044696, ""p_observed"": 0.4864275833839777, ""prior_probability"": 0.5859315589353612, ""score"": 0.4864275833839777}}","{""gender=Female"": {""alpha"": 1.0, ""margin"": 0.43687555657791, ""p_observed"": 0.718437778288955, ""prior_probability"": 0.4140684410646388, ""score"": 0.43687555657791}, ""gender=Male"": {""alpha"": 1.0, ""margin"": -0.027144833232044696, ""p_observed"": 0.4864275833839777, ""prior_probability"": 0.5859315589353612, ""score"": -0.027144833232044696}}","{""gender=Female"": {""alpha"": 2.0, ""margin"": 0.43687555657791, ""p_observed"": 0.718437778288955, ""prior_probability"": 0.4140684410646388, ""score"": -1.5430763555821776}, ""gender=Male"": {""alpha"": 2.0, ""margin"": -0.027144833232044696, ""p_observed"": 0.4864275833839777, ""prior_probability"": 0.5859315589353612, ""score"": -1.9758867712082278}}"
386,Male,White,gender=Male,<=50K,"{""age"": ""53"", ""workclass"": ""Private"", ""education"": ""1st-4th"", ""educational-num"": ""2"", ""race"": ""White"", ""capital-gain"": ""0"", ""capital-loss"": ""0"", ""hours-per-week"": ""45"", ""native-country"": ""United-States""}",gender=Male,gender=Male,gender=Male,,gender=Female,gender=Female,gender=Male,0,<=50K | 1st-4th | Private,2,2,"{""gender=Female"": ""<=50K"", ""gender=Male"": ""<=50K""}","{""gender=Female"": {""alpha"": 1.0, ""margin"": 0.8058183254705993, ""p_observed"": 0.9029091627352995, ""prior_probability"": 0.2535211267605634, ""score"": 0.9029091627352995}, ""gender=Male"": {""alpha"": 1.0, ""margin"": 0.5351728048299418, ""p_observed"": 0.7675864024149709, ""prior_probability"": 0.7464788732394366, ""score"": 0.7675864024149709}}","{""gender=Female"": {""alpha"": 1.0, ""margin"": 0.8058183254705993, ""p_observed"": 0.9029091627352995, ""prior_probability"": 0.2535211267605634, ""score"": 0.8058183254705993}, ""gender=Male"": {""alpha"": 1.0, ""margin"": 0.5351728048299418, ""p_observed"": 0.7675864024149709, ""prior_probability"": 0.7464788732394366, ""score"": 0.5351728048299418}}","{""gender=Female"": {""alpha"": 2.0, ""margin"": 0.8058183254705993, ""p_observed"": 0.9029091627352995, ""prior_probability"": 0.2535211267605634, ""score"": -1.576574770350522}, ""gender=Male"": {""alpha"": 2.0, ""margin"": 0.5351728048299418, ""p_observed"": 0.7675864024149709, ""prior_probability"": 0.7464788732394366, ""score"": -0.8213964223303779}}"
387,Male,White,gender=Male,<=50K,"{""age"": ""22"", ""workclass"": ""Private"", ""education"": ""HS-grad"", ""educational-num"": ""9"", ""race"": ""White"", ""capital-gain"": ""0"", ""capital-loss"": ""2205"", ""hours-per-week"": ""40"", ""native-country"": ""United-States""}",gender=Male,gender=Male,gender=Male,,gender=Female,gender=Female,gender=Male,0,<=50K | HS-grad | Private,2,2,"{""gender=Female"": ""<=50K"", ""gender=Male"": ""<=50K""}","{""gender=Female"": {""alpha"": 1.0, ""margin"": 0.6976984036965203, ""p_observed"": 0.8488492018482603, ""prior_probability"": 0.3531869020347662, ""score"": 0.8488492018482603}, ""gender=Male"": {""alpha"": 1.0, ""margin"": 0.6307397033347679, ""p_observed"": 0.815369851667384, ""prior_probability"": 0.6468130979652338, ""score"": 0.815369851667384}}","{""gender=Female"": {""alpha"": 1.0, ""margin"": 0.6976984036965203, ""p_observed"": 0.8488492018482603, ""prior_probability"": 0.3531869020347662, ""score"": 0.6976984036965203}, ""gender=Male"": {""alpha"": 1.0, ""margin"": 0.6307397033347679, ""p_observed"": 0.815369851667384, ""prior_probability"": 0.6468130979652338, ""score"": 0.6307397033347679}}","{""gender=Female"": {""alpha"": 2.0, ""margin"": 0.6976984036965203, ""p_observed"": 0.8488492018482603, ""prior_probability"": 0.3531869020347662, ""score"": -1.368505348646965}, ""gender=Male"": {""alpha"": 2.0, ""margin"": 0.6307397033347679, ""p_observed"": 0.815369851667384, ""prior_probability"": 0.6468130979652338, ""score"": -0.8439248269803515}}"
388,Female,White,gender=Female,<=50K,"{""age"": ""29"", ""workclass"": ""Private"", ""education"": ""Bachelors"", ""educational-num"": ""13"", ""race"": ""White"", ""capital-gain"": ""0"", ""capital-loss"": ""2057"", ""hours-per-week"": ""35"", ""native-country"": ""United-States""}",gender=Male,gender=Male,gender=Male,,gender=Female,gender=Female,gender=Male,0,<=50K | Bachelors | Private,2,2,"{""gender=Female"": "">50K"", ""gender=Male"": "">50K""}","{""gender=Female"": {""alpha"": 1.0, ""margin"": -0.04731667143115392, ""p_observed"": 0.47634166428442304, ""prior_probability"": 0.4140684410646388, ""score"": 0.47634166428442304}, ""gender=Male"": {""alpha"": 1.0, ""margin"": -0.14800045819128804, ""p_observed"": 0.42599977090435603, ""prior_probability"": 0.5859315589353612, ""score"": 0.42599977090435603}}","{""gender=Female"": {""alpha"": 1.0, ""margin"": -0.04731667143115392, ""p_observed"": 0.47634166428442304, ""prior_probability"": 0.4140684410646388, ""score"": -0.04731667143115392}, ""gender=Male"": {""alpha"": 1.0, ""margin"": -0.14800045819128804, ""p_observed"": 0.42599977090435603, ""prior_probability"": 0.5859315589353612, ""score"": -0.14800045819128804}}","{""gender=Female"": {""alpha"": 2.0, ""margin"": -0.04731667143115392, ""p_observed"": 0.47634166428442304, ""prior_probability"": 0.4140684410646388, ""score"": -2.3649638024847697}, ""gender=Male"": {""alpha"": 2.0, ""margin"": -0.14800045819128804, ""p_observed"": 0.42599977090435603, ""prior_probability"": 0.5859315589353612, ""score"": -2.2411852308439206}}"
389,Female,Black,gender=Female,<=50K,"{""age"": ""31"", ""workclass"": ""Private"", ""education"": ""HS-grad"", ""educational-num"": ""9"", ""race"": ""Black"", ""capital-gain"": ""0"", ""capital-loss"": ""0"", ""hours-per-week"": ""58"", ""native-country"": ""United-States""}",gender=Male,gender=Male,gender=Male,,gender=Female,gender=Female,gender=Male,0,<=50K | HS-grad | Private,2,2,"{""gender=Female"": ""<=50K"", ""gender=Male"": ""<=50K""}","{""gender=Female"": {""alpha"": 1.0, ""margin"": 0.8981892966386316, ""p_observed"": 0.9490946483193158, ""prior_probability"": 0.3531869020347662, ""score"": 0.9490946483193158}, ""gender=Male"": {""alpha"": 1.0, ""margin"": 0.7250946936992791, ""p_observed"": 0.8625473468496396, ""prior_probability"": 0.6468130979652338, ""score"": 0.8625473468496396}}","{""gender=Female"": {""alpha"": 1.0, ""margin"": 0.8981892966386316, ""p_observed"": 0.9490946483193158, ""prior_probability"": 0.3531869020347662, ""score"": 0.8981892966386316}, ""gender=Male"": {""alpha"": 1.0, ""margin"": 0.7250946936992791, ""p_observed"": 0.8625473468496396, ""prior_probability"": 0.6468130979652338, ""score"": 0.7250946936992791}}","{""gender=Female"": {""alpha"": 2.0, ""margin"": 0.8981892966386316, ""p_observed"": 0.9490946483193158, ""prior_probability"": 0.3531869020347662, ""score"": -1.1452513957499142}, ""gender=Male"": {""alpha"": 2.0, ""margin"": 0.7250946936992791, ""p_observed"": 0.8625473468496396, ""prior_probability"": 0.6468130979652338, ""score"": -0.7314283744444695}}"
390,Male,White,gender=Male,>50K,"{""age"": ""29"", ""workclass"": ""Private"", ""education"": ""Bachelors"", ""educational-num"": ""13"", ""race"": ""White"", ""capital-gain"": ""0"", ""capital-loss"": ""0"", ""hours-per-week"": ""40"", ""native-country"": ""United-States""}",gender=Male,gender=Male,gender=Male,,gender=Male,gender=Male,gender=Male,0,>50K | Bachelors | Private,2,2,"{""gender=Female"": ""<=50K"", ""gender=Male"": ""<=50K""}","{""gender=Female"": {""alpha"": 1.0, ""margin"": -0.6353076971416902, ""p_observed"": 0.1823461514291548, ""prior_probability"": 0.15218508997429306, ""score"": 0.1823461514291548}, ""gender=Male"": {""alpha"": 1.0, ""margin"": -0.30057156750021874, ""p_observed"": 0.3497142162498905, ""prior_probability"": 0.847814910025707, ""score"": 0.3497142162498905}}","{""gender=Female"": {""alpha"": 1.0, ""margin"": -0.6353076971416902, ""p_observed"": 0.1823461514291548, ""prior_probability"": 0.15218508997429306, ""score"": -0.6353076971416902}, ""gender=Male"": {""alpha"": 1.0, ""margin"": -0.30057156750021874, ""p_observed"": 0.3497142162498905, ""prior_probability"": 0.847814910025707, ""score"": -0.30057156750021874}}","{""gender=Female"": {""alpha"": 2.0, ""margin"": -0.6353076971416902, ""p_observed"": 0.1823461514291548, ""prior_probability"": 0.15218508997429306, ""score"": -5.2863547364414964}, ""gender=Male"": {""alpha"": 2.0, ""margin"": -0.30057156750021874, ""p_observed"": 0.3497142162498905, ""prior_probability"": 0.847814910025707, ""score"": -2.2663708995671525}}"
391,Female,White,gender=Female,>50K,"{""age"": ""33"", ""workclass"": ""Private"", ""education"": ""HS-grad"", ""educational-num"": ""9"", ""race"": ""White"", ""capital-gain"": ""0"", ""capital-loss"": ""0"", ""hours-per-week"": ""40"", ""native-country"": ""United-States""}",gender=Male,gender=Male,gender=Male,,gender=Male,gender=Male,gender=Male,0,>50K | HS-grad | Private,2,2,"{""gender=Female"": ""<=50K"", ""gender=Male"": ""<=50K""}","{""gender=Female"": {""alpha"": 1.0, ""margin"": -0.8594244038519584, ""p_observed"": 0.07028779807402066, ""prior_probability"": 0.129565816678153, ""score"": 0.07028779807402066}, ""gender=Male"": {""alpha"": 1.0, ""margin"": -0.6679252396455263, ""p_observed"": 0.16603738017723677, ""prior_probability"": 0.870434183321847, ""score"": 0.16603738017723677}}","{""gender=Female"": {""alpha"": 1.0, ""margin"": -0.8594244038519584, ""p_observed"": 0.07028779807402066, ""prior_probability"": 0.129565816678153, ""score"": -0.8594244038519584}, ""gender=Male"": {""alpha"": 1.0, ""margin"": -0.6679252396455263, ""p_observed"": 0.16603738017723677, ""prior_probability"": 0.870434183321847, ""score"": -0.6679252396455263}}","{""gender=Female"": {""alpha"": 2.0, ""margin"": -0.8594244038519584, ""p_observed"": 0.07028779807402066, ""prior_probability"": 0.129565816678153, ""score"": -7.353880419234268}, ""gender=Male"": {""alpha"": 2.0, ""margin"": -0.6679252396455263, ""p_observed"": 0.16603738017723677, ""prior_probability"": 0.870434183321847, ""score"": -3.7298477989029464}}"
392,Male,White,gender=Male,>50K,"{""age"": ""56"", ""workclass"": ""Private"", ""education"": ""Bachelors"", ""educational-num"": ""13"", ""race"": ""White"", ""capital-gain"": ""0"", ""capital-loss"": ""0"", ""hours-per-week"": ""50"", ""native-country"": ""United-States""}",gender=Male,gender=Male,gender=Male,,gender=Male,gender=Male,gender=Male,0,>50K | Bachelors | Private,2,2,"{""gender=Female"": ""<=50K"", ""gender=Male"": "">50K""}","{""gender=Female"": {""alpha"": 1.0, ""margin"": -0.351357819818254, ""p_observed"": 0.32432109009087295, ""prior_probability"": 0.15218508997429306, ""score"": 0.32432109009087295}, ""gender=Male"": {""alpha"": 1.0, ""margin"": 0.19762626186107124, ""p_observed"": 0.5988131309305356, ""prior_probability"": 0.847814910025707, ""score"": 0.5988131309305356}}","{""gender=Female"": {""alpha"": 1.0, ""margin"": -0.351357819818254, ""p_observed"": 0.32432109009087295, ""prior_probability"": 0.15218508997429306, ""score"": -0.351357819818254}, ""gender=Male"": {""alpha"": 1.0, ""margin"": 0.19762626186107124, ""p_observed"": 0.5988131309305356, ""prior_probability"": 0.847814910025707, ""score"": 0.19762626186107124}}","{""gender=Female"": {""alpha"": 2.0, ""margin"": -0.351357819818254, ""p_observed"": 0.32432109009087295, ""prior_probability"": 0.15218508997429306, ""score"": -4.134700271979997}, ""gender=Male"": {""alpha"": 2.0, ""margin"": 0.19762626186107124, ""p_observed"": 0.5988131309305356, ""prior_probability"": 0.847814910025707, ""score"": -1.1907043293637192}}"
393,Male,White,gender=Male,<=50K,"{""age"": ""35"", ""workclass"": ""Private"", ""education"": ""Bachelors"", ""educational-num"": ""13"", ""race"": ""White"", ""capital-gain"": ""0"", ""capital-loss"": ""0"", ""hours-per-week"": ""55"", ""native-country"": ""United-States""}",gender=Male,gender=Male,gender=Female,,gender=Female,gender=Female,gender=Female,0,<=50K | Bachelors | Private,2,2,"{""gender=Female"": ""<=50K"", ""gender=Male"": "">50K""}","{""gender=Female"": {""alpha"": 1.0, ""margin"": 0.347712701609436, ""p_observed"": 0.673856350804718, ""prior_probability"": 0.4140684410646388, ""score"": 0.673856350804718}, ""gender=Male"": {""alpha"": 1.0, ""margin"": -0.15788529497222714, ""p_observed"": 0.4210573525138863, ""prior_probability"": 0.5859315589353612, ""score"": 0.4210573525138863}}","{""gender=Female"": {""alpha"": 1.0, ""margin"": 0.347712701609436, ""p_observed"": 0.673856350804718, ""prior_probability"": 0.4140684410646388, ""score"": 0.347712701609436}, ""gender=Male"": {""alpha"": 1.0, ""margin"": -0.15788529497222714, ""p_observed"": 0.4210573525138863, ""prior_probability"": 0.5859315589353612, ""score"": -0.15788529497222714}}","{""gender=Female"": {""alpha"": 2.0, ""margin"": 0.347712701609436, ""p_observed"": 0.673856350804718, ""prior_probability"": 0.4140684410646388, ""score"": -1.6712006425488026}, ""gender=Male"": {""alpha"": 2.0, ""margin"": -0.15788529497222714, ""p_observed"": 0.4210573525138863, ""prior_probability"": 0.5859315589353612, ""score"": -2.2645247405096565}}"
394,Female,Black,gender=Female,<=50K,"{""age"": ""31"", ""workclass"": ""Private"", ""education"": ""HS-grad"", ""educational-num"": ""9"", ""race"": ""Black"", ""capital-gain"": ""0"", ""capital-loss"": ""0"", ""hours-per-week"": ""45"", ""native-country"": ""United-States""}",gender=Male,gender=Male,gender=Male,,gender=Female,gender=Female,gender=Male,0,<=50K | HS-grad | Private,2,2,"{""gender=Female"": ""<=50K"", ""gender=Male"": ""<=50K""}","{""gender=Female"": {""alpha"": 1.0, ""margin"": 0.9041504565932311, ""p_observed"": 0.9520752282966157, ""prior_probability"": 0.3531869020347662, ""score"": 0.9520752282966157}, ""gender=Male"": {""alpha"": 1.0, ""margin"": 0.7385086116533144, ""p_observed"": 0.8692543058266573, ""prior_probability"": 0.6468130979652338, ""score"": 0.8692543058266573}}","{""gender=Female"": {""alpha"": 1.0, ""margin"": 0.9041504565932311, ""p_observed"": 0.9520752282966157, ""prior_probability"": 0.3531869020347662, ""score"": 0.9041504565932311}, ""gender=Male"": {""alpha"": 1.0, ""margin"": 0.7385086116533144, ""p_observed"": 0.8692543058266573, ""prior_probability"": 0.6468130979652338, ""score"": 0.7385086116533144}}","{""gender=Female"": {""alpha"": 2.0, ""margin"": 0.9041504565932311, ""p_observed"": 0.9520752282966157, ""prior_probability"": 0.3531869020347662, ""score"": -1.1389803466323616}, ""gender=Male"": {""alpha"": 2.0, ""margin"": 0.7385086116533144, ""p_observed"": 0.8692543058266573, ""prior_probability"": 0.6468130979652338, ""score"": -0.7159370102944242}}"
395,Male,White,gender=Male,<=50K,"{""age"": ""43"", ""workclass"": ""Local-gov"", ""education"": ""Masters"", ""educational-num"": ""14"", ""race"": ""White"", ""capital-gain"": ""0"", ""capital-loss"": ""0"", ""hours-per-week"": ""50"", ""native-country"": ""United-States""}",gender=Male,gender=Male,gender=Female,gender=Female,gender=Female,gender=Female,gender=Female,1,<=50K | Masters | Local-gov,2,2,"{""gender=Female"": ""<=50K"", ""gender=Male"": "">50K""}","{""gender=Female"": {""alpha"": 1.0, ""margin"": 0.33768554364253883, ""p_observed"": 0.6688427718212695, ""prior_probability"": 0.4722222222222222, ""score"": 0.6688427718212695}, ""gender=Male"": {""alpha"": 1.0, ""margin"": -0.24643497446869056, ""p_observed"": 0.3767825127656548, ""prior_probability"": 0.5277777777777778, ""score"": 0.3767825127656548}}","{""gender=Female"": {""alpha"": 1.0, ""margin"": 0.33768554364253883, ""p_observed"": 0.6688427718212695, ""prior_probability"": 0.4722222222222222, ""score"": 0.33768554364253883}, ""gender=Male"": {""alpha"": 1.0, ""margin"": -0.24643497446869056, ""p_observed"": 0.3767825127656548, ""prior_probability"": 0.5277777777777778, ""score"": -0.24643497446869056}}","{""gender=Female"": {""alpha"": 2.0, ""margin"": 0.33768554364253883, ""p_observed"": 0.6688427718212695, ""prior_probability"": 0.4722222222222222, ""score"": -1.5547181267489232}, ""gender=Male"": {""alpha"": 2.0, ""margin"": -0.24643497446869056, ""p_observed"": 0.3767825127656548, ""prior_probability"": 0.5277777777777778, ""score"": -2.5912542537186773}}"
396,Male,White,gender=Male,<=50K,"{""age"": ""72"", ""workclass"": ""Self-emp-not-inc"", ""education"": ""Prof-school"", ""educational-num"": ""15"", ""race"": ""White"", ""capital-gain"": ""0"", ""capital-loss"": ""1429"", ""hours-per-week"": ""20"", ""native-country"": ""United-States""}",gender=Male,gender=Male,gender=Male,,gender=Female,gender=Female,gender=Male,0,<=50K | Prof-school | Self-emp-not-inc,2,2,"{""gender=Female"": ""<=50K"", ""gender=Male"": ""<=50K""}","{""gender=Female"": {""alpha"": 1.0, ""margin"": 0.33704353520053226, ""p_observed"": 0.6685217676002662, ""prior_probability"": 0.2966101694915254, ""score"": 0.6685217676002662}, ""gender=Male"": {""alpha"": 1.0, ""margin"": 0.0546870744429388, ""p_observed"": 0.5273435372214694, ""prior_probability"": 0.7033898305084746, ""score"": 0.5273435372214694}}","{""gender=Female"": {""alpha"": 1.0, ""margin"": 0.33704353520053226, ""p_observed"": 0.6685217676002662, ""prior_probability"": 0.2966101694915254, ""score"": 0.33704353520053226}, ""gender=Male"": {""alpha"": 1.0, ""margin"": 0.0546870744429388, ""p_observed"": 0.5273435372214694, ""prior_probability"": 0.7033898305084746, ""score"": 0.0546870744429388}}","{""gender=Female"": {""alpha"": 2.0, ""margin"": 0.33704353520053226, ""p_observed"": 0.6685217676002662, ""prior_probability"": 0.2966101694915254, ""score"": -2.0207092052061864}, ""gender=Male"": {""alpha"": 2.0, ""margin"": 0.0546870744429388, ""p_observed"": 0.5273435372214694, ""prior_probability"": 0.7033898305084746, ""score"": -1.6316501557337746}}"
397,Female,White,gender=Female,<=50K,"{""age"": ""29"", ""workclass"": ""Local-gov"", ""education"": ""Some-college"", ""educational-num"": ""10"", ""race"": ""White"", ""capital-gain"": ""0"", ""capital-loss"": ""0"", ""hours-per-week"": ""40"", ""native-country"": ""United-States""}",gender=Male,gender=Male,gender=Male,,gender=Female,gender=Female,gender=Male,0,<=50K | Some-college | Local-gov,2,2,"{""gender=Female"": ""<=50K"", ""gender=Male"": ""<=50K""}","{""gender=Female"": {""alpha"": 1.0, ""margin"": 0.8540068827620546, ""p_observed"": 0.9270034413810274, ""prior_probability"": 0.44275132275132273, ""score"": 0.9270034413810274}, ""gender=Male"": {""alpha"": 1.0, ""margin"": 0.6763398390498123, ""p_observed"": 0.838169919524906, ""prior_probability"": 0.5572486772486772, ""score"": 0.838169919524906}}","{""gender=Female"": {""alpha"": 1.0, ""margin"": 0.8540068827620546, ""p_observed"": 0.9270034413810274, ""prior_probability"": 0.44275132275132273, ""score"": 0.8540068827620546}, ""gender=Male"": {""alpha"": 1.0, ""margin"": 0.6763398390498123, ""p_observed"": 0.838169919524906, ""prior_probability"": 0.5572486772486772, ""score"": 0.6763398390498123}}","{""gender=Female"": {""alpha"": 2.0, ""margin"": 0.8540068827620546, ""p_observed"": 0.9270034413810274, ""prior_probability"": 0.44275132275132273, ""score"": -0.9663430168190896}, ""gender=Male"": {""alpha"": 2.0, ""margin"": 0.6763398390498123, ""p_observed"": 0.838169919524906, ""prior_probability"": 0.5572486772486772, ""score"": -0.9378125426819537}}"
398,Male,White,gender=Male,<=50K,"{""age"": ""42"", ""workclass"": ""Private"", ""education"": ""HS-grad"", ""educational-num"": ""9"", ""race"": ""White"", ""capital-gain"": ""5013"", ""capital-loss"": ""0"", ""hours-per-week"": ""35"", ""native-country"": ""United-States""}",gender=Male,gender=Male,gender=Male,,gender=Female,gender=Female,gender=Male,0,<=50K | HS-grad | Private,2,2,"{""gender=Female"": ""<=50K"", ""gender=Male"": ""<=50K""}","{""gender=Female"": {""alpha"": 1.0, ""margin"": 0.7633310970901651, ""p_observed"": 0.8816655485450825, ""prior_probability"": 0.3531869020347662, ""score"": 0.8816655485450825}, ""gender=Male"": {""alpha"": 1.0, ""margin"": 0.6312499139928169, ""p_observed"": 0.8156249569964084, ""prior_probability"": 0.6468130979652338, ""score"": 0.8156249569964084}}","{""gender=Female"": {""alpha"": 1.0, ""margin"": 0.7633310970901651, ""p_observed"": 0.8816655485450825, ""prior_probability"": 0.3531869020347662, ""score"": 0.7633310970901651}, ""gender=Male"": {""alpha"": 1.0, ""margin"": 0.6312499139928169, ""p_observed"": 0.8156249569964084, ""prior_probability"": 0.6468130979652338, ""score"": 0.6312499139928169}}","{""gender=Female"": {""alpha"": 2.0, ""margin"": 0.7633310970901651, ""p_observed"": 0.8816655485450825, ""prior_probability"": 0.3531869020347662, ""score"": -1.2926428777456946}, ""gender=Male"": {""alpha"": 2.0, ""margin"": 0.6312499139928169, ""p_observed"": 0.8156249569964084, ""prior_probability"": 0.6468130979652338, ""score"": -0.8432991834657318}}"
399,Female,White,gender=Female,<=50K,"{""age"": ""25"", ""workclass"": ""Private"", ""education"": ""Assoc-voc"", ""educational-num"": ""11"", ""race"": ""White"", ""capital-gain"": ""0"", ""capital-loss"": ""0"", ""hours-per-week"": ""40"", ""native-country"": ""United-States""}",gender=Male,gender=Male,gender=Male,,gender=Female,gender=Female,gender=Male,0,<=50K | Assoc-voc | Private,2,2,"{""gender=Female"": ""<=50K"", ""gender=Male"": ""<=50K""}","{""gender=Female"": {""alpha"": 1.0, ""margin"": 0.8691443309283021, ""p_observed"": 0.934572165464151, ""prior_probability"": 0.40348837209302324, ""score"": 0.934572165464151}, ""gender=Male"": {""alpha"": 1.0, ""margin"": 0.7900769116424616, ""p_observed"": 0.8950384558212308, ""prior_probability"": 0.5965116279069768, ""score"": 0.8950384558212308}}","{""gender=Female"": {""alpha"": 1.0, ""margin"": 0.8691443309283021, ""p_observed"": 0.934572165464151, ""prior_probability"": 0.40348837209302324, ""score"": 0.8691443309283021}, ""gender=Male"": {""alpha"": 1.0, ""margin"": 0.7900769116424616, ""p_observed"": 0.8950384558212308, ""prior_probability"": 0.5965116279069768, ""score"": 0.7900769116424616}}","{""gender=Female"": {""alpha"": 2.0, ""margin"": 0.8691443309283021, ""p_observed"": 0.934572165464151, ""prior_probability"": 0.40348837209302324, ""score"": -1.0429404722156155}, ""gender=Male"": {""alpha"": 2.0, ""margin"": 0.7900769116424616, ""p_observed"": 0.8950384558212308, ""prior_probability"": 0.5965116279069768, ""score"": -0.7384337325414452}}"
400,Female,White,gender=Female,<=50K,"{""age"": ""55"", ""workclass"": ""Private"", ""education"": ""7th-8th"", ""educational-num"": ""4"", ""race"": ""White"", ""capital-gain"": ""0"", ""capital-loss"": ""0"", ""hours-per-week"": ""30"", ""native-country"": ""United-States""}",gender=Male,gender=Male,gender=Male,,gender=Female,gender=Female,gender=Male,0,<=50K | 7th-8th | Private,2,2,"{""gender=Female"": ""<=50K"", ""gender=Male"": ""<=50K""}","{""gender=Female"": {""alpha"": 1.0, ""margin"": 0.8957453845101797, ""p_observed"": 0.9478726922550897, ""prior_probability"": 0.2653061224489796, ""score"": 0.9478726922550897}, ""gender=Male"": {""alpha"": 1.0, ""margin"": 0.7645546726987839, ""p_observed"": 0.8822773363493919, ""prior_probability"": 0.7346938775510204, ""score"": 0.8822773363493919}}","{""gender=Female"": {""alpha"": 1.0, ""margin"": 0.8957453845101797, ""p_observed"": 0.9478726922550897, ""prior_probability"": 0.2653061224489796, ""score"": 0.8957453845101797}, ""gender=Male"": {""alpha"": 1.0, ""margin"": 0.7645546726987839, ""p_observed"": 0.8822773363493919, ""prior_probability"": 0.7346938775510204, ""score"": 0.7645546726987839}}","{""gender=Female"": {""alpha"": 2.0, ""margin"": 0.8957453845101797, ""p_observed"": 0.9478726922550897, ""prior_probability"": 0.2653061224489796, ""score"": -1.4339410938792898}, ""gender=Male"": {""alpha"": 2.0, ""margin"": 0.7645546726987839, ""p_observed"": 0.8822773363493919, ""prior_probability"": 0.7346938775510204, ""score"": -0.5587990238463263}}"
401,Male,White,gender=Male,<=50K,"{""age"": ""20"", ""workclass"": ""Private"", ""education"": ""HS-grad"", ""educational-num"": ""9"", ""race"": ""White"", ""capital-gain"": ""0"", ""capital-loss"": ""0"", ""hours-per-week"": ""40"", ""native-country"": ""United-States""}",gender=Male,gender=Male,gender=Male,,gender=Female,gender=Female,gender=Male,0,<=50K | HS-grad | Private,2,2,"{""gender=Female"": ""<=50K"", ""gender=Male"": ""<=50K""}","{""gender=Female"": {""alpha"": 1.0, ""margin"": 0.9336134929432549, ""p_observed"": 0.9668067464716275, ""prior_probability"": 0.3531869020347662, ""score"": 0.9668067464716275}, ""gender=Male"": {""alpha"": 1.0, ""margin"": 0.8612647603758504, ""p_observed"": 0.9306323801879252, ""prior_probability"": 0.6468130979652338, ""score"": 0.9306323801879252}}","{""gender=Female"": {""alpha"": 1.0, ""margin"": 0.9336134929432549, ""p_observed"": 0.9668067464716275, ""prior_probability"": 0.3531869020347662, ""score"": 0.9336134929432549}, ""gender=Male"": {""alpha"": 1.0, ""margin"": 0.8612647603758504, ""p_observed"": 0.9306323801879252, ""prior_probability"": 0.6468130979652338, ""score"": 0.8612647603758504}}","{""gender=Female"": {""alpha"": 2.0, ""margin"": 0.9336134929432549, ""p_observed"": 0.9668067464716275, ""prior_probability"": 0.3531869020347662, ""score"": -1.1082711987088851}, ""gender=Male"": {""alpha"": 2.0, ""margin"": 0.8612647603758504, ""p_observed"": 0.9306323801879252, ""prior_probability"": 0.6468130979652338, ""score"": -0.5794797915119678}}"
402,Female,White,gender=Female,>50K,"{""age"": ""55"", ""workclass"": ""Local-gov"", ""education"": ""Bachelors"", ""educational-num"": ""13"", ""race"": ""White"", ""capital-gain"": ""0"", ""capital-loss"": ""0"", ""hours-per-week"": ""40"", ""native-country"": ""United-States""}",gender=Male,gender=Male,gender=Male,,gender=Male,gender=Male,gender=Male,0,>50K | Bachelors | Local-gov,2,2,"{""gender=Female"": ""<=50K"", ""gender=Male"": ""<=50K""}","{""gender=Female"": {""alpha"": 1.0, ""margin"": -0.5296045142636874, ""p_observed"": 0.23519774286815626, ""prior_probability"": 0.15218508997429306, ""score"": 0.23519774286815626}, ""gender=Male"": {""alpha"": 1.0, ""margin"": -0.05826892922820598, ""p_observed"": 0.470865535385897, ""prior_probability"": 0.847814910025707, ""score"": 0.470865535385897}}","{""gender=Female"": {""alpha"": 1.0, ""margin"": -0.5296045142636874, ""p_observed"": 0.23519774286815626, ""prior_probability"": 0.15218508997429306, ""score"": -0.5296045142636874}, ""gender=Male"": {""alpha"": 1.0, ""margin"": -0.05826892922820598, ""p_observed"": 0.470865535385897, ""prior_probability"": 0.847814910025707, ""score"": -0.05826892922820598}}","{""gender=Female"": {""alpha"": 2.0, ""margin"": -0.5296045142636874, ""p_observed"": 0.23519774286815626, ""prior_probability"": 0.15218508997429306, ""score"": -4.777315121033904}, ""gender=Male"": {""alpha"": 2.0, ""margin"": -0.05826892922820598, ""p_observed"": 0.470865535385897, ""prior_probability"": 0.847814910025707, ""score"": -1.6714583599498232}}"
403,Female,White,gender=Female,<=50K,"{""age"": ""30"", ""workclass"": ""Self-emp-not-inc"", ""education"": ""Assoc-acdm"", ""educational-num"": ""12"", ""race"": ""White"", ""capital-gain"": ""0"", ""capital-loss"": ""0"", ""hours-per-week"": ""40"", ""native-country"": ""United-States""}",gender=Male,gender=Male,gender=Male,,gender=Female,gender=Female,gender=Male,0,<=50K | Assoc-acdm | Self-emp-not-inc,2,2,"{""gender=Female"": ""<=50K"", ""gender=Male"": ""<=50K""}","{""gender=Female"": {""alpha"": 1.0, ""margin"": 0.6414849424894158, ""p_observed"": 0.8207424712447079, ""prior_probability"": 0.4611801242236025, ""score"": 0.8207424712447079}, ""gender=Male"": {""alpha"": 1.0, ""margin"": 0.573711385853152, ""p_observed"": 0.786855692926576, ""prior_probability"": 0.5388198757763976, ""score"": 0.786855692926576}}","{""gender=Female"": {""alpha"": 1.0, ""margin"": 0.6414849424894158, ""p_observed"": 0.8207424712447079, ""prior_probability"": 0.4611801242236025, ""score"": 0.6414849424894158}, ""gender=Male"": {""alpha"": 1.0, ""margin"": 0.573711385853152, ""p_observed"": 0.786855692926576, ""prior_probability"": 0.5388198757763976, ""score"": 0.573711385853152}}","{""gender=Female"": {""alpha"": 2.0, ""margin"": 0.6414849424894158, ""p_observed"": 0.8207424712447079, ""prior_probability"": 0.4611801242236025, ""score"": -1.1690583786245416}, ""gender=Male"": {""alpha"": 2.0, ""margin"": 0.573711385853152, ""p_observed"": 0.786855692926576, ""prior_probability"": 0.5388198757763976, ""score"": -1.097794767910511}}"
404,Male,White,gender=Male,<=50K,"{""age"": ""25"", ""workclass"": ""Private"", ""education"": ""HS-grad"", ""educational-num"": ""9"", ""race"": ""White"", ""capital-gain"": ""0"", ""capital-loss"": ""0"", ""hours-per-week"": ""45"", ""native-country"": ""United-States""}",gender=Male,gender=Male,gender=Male,,gender=Female,gender=Female,gender=Male,0,<=50K | HS-grad | Private,2,2,"{""gender=Female"": ""<=50K"", ""gender=Male"": ""<=50K""}","{""gender=Female"": {""alpha"": 1.0, ""margin"": 0.8880567774113599, ""p_observed"": 0.9440283887056802, ""prior_probability"": 0.3531869020347662, ""score"": 0.9440283887056802}, ""gender=Male"": {""alpha"": 1.0, ""margin"": 0.7894302694007181, ""p_observed"": 0.8947151347003592, ""prior_probability"": 0.6468130979652338, ""score"": 0.8947151347003592}}","{""gender=Female"": {""alpha"": 1.0, ""margin"": 0.8880567774113599, ""p_observed"": 0.9440283887056802, ""prior_probability"": 0.3531869020347662, ""score"": 0.8880567774113599}, ""gender=Male"": {""alpha"": 1.0, ""margin"": 0.7894302694007181, ""p_observed"": 0.8947151347003592, ""prior_probability"": 0.6468130979652338, ""score"": 0.7894302694007181}}","{""gender=Female"": {""alpha"": 2.0, ""margin"": 0.8880567774113599, ""p_observed"": 0.9440283887056802, ""prior_probability"": 0.3531869020347662, ""score"": -1.1559559756614721}, ""gender=Male"": {""alpha"": 2.0, ""margin"": 0.7894302694007181, ""p_observed"": 0.8947151347003592, ""prior_probability"": 0.6468130979652338, ""score"": -0.6581976943177074}}"
405,Female,White,gender=Female,<=50K,"{""age"": ""43"", ""workclass"": ""Private"", ""education"": ""Bachelors"", ""educational-num"": ""13"", ""race"": ""White"", ""capital-gain"": ""0"", ""capital-loss"": ""0"", ""hours-per-week"": ""40"", ""native-country"": ""United-States""}",gender=Male,gender=Male,gender=Male,,gender=Female,gender=Female,gender=Female,0,<=50K | Bachelors | Private,2,2,"{""gender=Female"": ""<=50K"", ""gender=Male"": ""<=50K""}","{""gender=Female"": {""alpha"": 1.0, ""margin"": 0.5448659136271057, ""p_observed"": 0.7724329568135527, ""prior_probability"": 0.4140684410646388, ""score"": 0.7724329568135527}, ""gender=Male"": {""alpha"": 1.0, ""margin"": 0.022713254813257533, ""p_observed"": 0.5113566274066288, ""prior_probability"": 0.5859315589353612, ""score"": 0.5113566274066288}}","{""gender=Female"": {""alpha"": 1.0, ""margin"": 0.5448659136271057, ""p_observed"": 0.7724329568135527, ""prior_probability"": 0.4140684410646388, ""score"": 0.5448659136271057}, ""gender=Male"": {""alpha"": 1.0, ""margin"": 0.022713254813257533, ""p_observed"": 0.5113566274066288, ""prior_probability"": 0.5859315589353612, ""score"": 0.022713254813257533}}","{""gender=Female"": {""alpha"": 2.0, ""margin"": 0.5448659136271057, ""p_observed"": 0.7724329568135527, ""prior_probability"": 0.4140684410646388, ""score"": -1.3981441247845372}, ""gender=Male"": {""alpha"": 2.0, ""margin"": 0.022713254813257533, ""p_observed"": 0.5113566274066288, ""prior_probability"": 0.5859315589353612, ""score"": -1.8759283522649648}}"
406,Male,White,gender=Male,<=50K,"{""age"": ""35"", ""workclass"": ""Private"", ""education"": ""HS-grad"", ""educational-num"": ""9"", ""race"": ""White"", ""capital-gain"": ""0"", ""capital-loss"": ""0"", ""hours-per-week"": ""50"", ""native-country"": ""United-States""}",gender=Male,gender=Male,gender=Male,,gender=Female,gender=Female,gender=Male,0,<=50K | HS-grad | Private,2,2,"{""gender=Female"": ""<=50K"", ""gender=Male"": ""<=50K""}","{""gender=Female"": {""alpha"": 1.0, ""margin"": 0.7942948828016748, ""p_observed"": 0.8971474414008374, ""prior_probability"": 0.3531869020347662, ""score"": 0.8971474414008374}, ""gender=Male"": {""alpha"": 1.0, ""margin"": 0.51286242565723, ""p_observed"": 0.756431212828615, ""prior_probability"": 0.6468130979652338, ""score"": 0.756431212828615}}","{""gender=Female"": {""alpha"": 1.0, ""margin"": 0.7942948828016748, ""p_observed"": 0.8971474414008374, ""prior_probability"": 0.3531869020347662, ""score"": 0.7942948828016748}, ""gender=Male"": {""alpha"": 1.0, ""margin"": 0.51286242565723, ""p_observed"": 0.756431212828615, ""prior_probability"": 0.6468130979652338, ""score"": 0.51286242565723}}","{""gender=Female"": {""alpha"": 2.0, ""margin"": 0.7942948828016748, ""p_observed"": 0.8971474414008374, ""prior_probability"": 0.3531869020347662, ""score"": -1.2578280121398542}, ""gender=Male"": {""alpha"": 2.0, ""margin"": 0.51286242565723, ""p_observed"": 0.756431212828615, ""prior_probability"": 0.6468130979652338, ""score"": -0.9939852572185397}}"
407,Male,Black,gender=Male,<=50K,"{""age"": ""56"", ""workclass"": ""Self-emp-not-inc"", ""education"": ""Some-college"", ""educational-num"": ""10"", ""race"": ""Black"", ""capital-gain"": ""0"", ""capital-loss"": ""0"", ""hours-per-week"": ""50"", ""native-country"": ""United-States""}",gender=Male,gender=Male,gender=Male,,gender=Female,gender=Female,gender=Female,0,<=50K | Some-college | Self-emp-not-inc,2,2,"{""gender=Female"": ""<=50K"", ""gender=Male"": ""<=50K""}","{""gender=Female"": {""alpha"": 1.0, ""margin"": 0.7294434473088214, ""p_observed"": 0.8647217236544107, ""prior_probability"": 0.44275132275132273, ""score"": 0.8647217236544107}, ""gender=Male"": {""alpha"": 1.0, ""margin"": 0.4136377006777588, ""p_observed"": 0.7068188503388794, ""prior_probability"": 0.5572486772486772, ""score"": 0.7068188503388794}}","{""gender=Female"": {""alpha"": 1.0, ""margin"": 0.7294434473088214, ""p_observed"": 0.8647217236544107, ""prior_probability"": 0.44275132275132273, ""score"": 0.7294434473088214}, ""gender=Male"": {""alpha"": 1.0, ""margin"": 0.4136377006777588, ""p_observed"": 0.7068188503388794, ""prior_probability"": 0.5572486772486772, ""score"": 0.4136377006777588}}","{""gender=Female"": {""alpha"": 2.0, ""margin"": 0.7294434473088214, ""p_observed"": 0.8647217236544107, ""prior_probability"": 0.44275132275132273, ""score"": -1.1054420758767987}, ""gender=Male"": {""alpha"": 2.0, ""margin"": 0.4136377006777588, ""p_observed"": 0.7068188503388794, ""prior_probability"": 0.5572486772486772, ""score"": -1.2787054182644457}}"
408,Male,White,gender=Male,>50K,"{""age"": ""39"", ""workclass"": ""Self-emp-inc"", ""education"": ""Bachelors"", ""educational-num"": ""13"", ""race"": ""White"", ""capital-gain"": ""0"", ""capital-loss"": ""0"", ""hours-per-week"": ""50"", ""native-country"": ""United-States""}",gender=Male,gender=Male,gender=Male,,gender=Male,gender=Male,gender=Male,0,>50K | Bachelors | Self-emp-inc,2,2,"{""gender=Female"": ""<=50K"", ""gender=Male"": "">50K""}","{""gender=Female"": {""alpha"": 1.0, ""margin"": -0.21991005268641906, ""p_observed"": 0.3900449736567905, ""prior_probability"": 0.15218508997429306, ""score"": 0.3900449736567905}, ""gender=Male"": {""alpha"": 1.0, ""margin"": 0.2548600810657875, ""p_observed"": 0.6274300405328938, ""prior_probability"": 0.847814910025707, ""score"": 0.6274300405328938}}","{""gender=Female"": {""alpha"": 1.0, ""margin"": -0.21991005268641906, ""p_observed"": 0.3900449736567905, ""prior_probability"": 0.15218508997429306, ""score"": -0.21991005268641906}, ""gender=Male"": {""alpha"": 1.0, ""margin"": 0.2548600810657875, ""p_observed"": 0.6274300405328938, ""prior_probability"": 0.847814910025707, ""score"": 0.2548600810657875}}","{""gender=Female"": {""alpha"": 2.0, ""margin"": -0.21991005268641906, ""p_observed"": 0.3900449736567905, ""prior_probability"": 0.15218508997429306, ""score"": -3.765644260604993}, ""gender=Male"": {""alpha"": 2.0, ""margin"": 0.2548600810657875, ""p_observed"": 0.6274300405328938, ""prior_probability"": 0.847814910025707, ""score"": -1.0973391402573225}}"
409,Female,White,gender=Female,<=50K,"{""age"": ""23"", ""workclass"": ""Local-gov"", ""education"": ""Bachelors"", ""educational-num"": ""13"", ""race"": ""White"", ""capital-gain"": ""0"", ""capital-loss"": ""1092"", ""hours-per-week"": ""40"", ""native-country"": ""United-States""}",gender=Male,gender=Male,gender=Male,,gender=Female,gender=Female,gender=Male,0,<=50K | Bachelors | Local-gov,2,2,"{""gender=Female"": ""<=50K"", ""gender=Male"": ""<=50K""}","{""gender=Female"": {""alpha"": 1.0, ""margin"": 0.871781756661561, ""p_observed"": 0.9358908783307804, ""prior_probability"": 0.4140684410646388, ""score"": 0.9358908783307804}, ""gender=Male"": {""alpha"": 1.0, ""margin"": 0.6383448486285769, ""p_observed"": 0.8191724243142883, ""prior_probability"": 0.5859315589353612, ""score"": 0.8191724243142883}}","{""gender=Female"": {""alpha"": 1.0, ""margin"": 0.871781756661561, ""p_observed"": 0.9358908783307804, ""prior_probability"": 0.4140684410646388, ""score"": 0.871781756661561}, ""gender=Male"": {""alpha"": 1.0, ""margin"": 0.6383448486285769, ""p_observed"": 0.8191724243142883, ""prior_probability"": 0.5859315589353612, ""score"": 0.6383448486285769}}","{""gender=Female"": {""alpha"": 2.0, ""margin"": 0.871781756661561, ""p_observed"": 0.9358908783307804, ""prior_probability"": 0.4140684410646388, ""score"": -1.0142367868004583}, ""gender=Male"": {""alpha"": 2.0, ""margin"": 0.6383448486285769, ""p_observed"": 0.8191724243142883, ""prior_probability"": 0.5859315589353612, ""score"": -0.9334736638300638}}"
410,Male,White,gender=Male,>50K,"{""age"": ""44"", ""workclass"": ""Private"", ""education"": ""Assoc-acdm"", ""educational-num"": ""12"", ""race"": ""White"", ""capital-gain"": ""7688"", ""capital-loss"": ""0"", ""hours-per-week"": ""40"", ""native-country"": ""United-States""}",gender=Male,gender=Male,gender=Male,,gender=Male,gender=Male,gender=Male,0,>50K | Assoc-acdm | Private,2,2,"{""gender=Female"": "">50K"", ""gender=Male"": "">50K""}","{""gender=Female"": {""alpha"": 1.0, ""margin"": 0.41802320222869904, ""p_observed"": 0.7090116011143496, ""prior_probability"": 0.19827586206896552, ""score"": 0.7090116011143496}, ""gender=Male"": {""alpha"": 1.0, ""margin"": 0.5893631730702664, ""p_observed"": 0.7946815865351333, ""prior_probability"": 0.8017241379310345, ""score"": 0.7946815865351333}}","{""gender=Female"": {""alpha"": 1.0, ""margin"": 0.41802320222869904, ""p_observed"": 0.7090116011143496, ""prior_probability"": 0.19827586206896552, ""score"": 0.41802320222869904}, ""gender=Male"": {""alpha"": 1.0, ""margin"": 0.5893631730702664, ""p_observed"": 0.7946815865351333, ""prior_probability"": 0.8017241379310345, ""score"": 0.5893631730702664}}","{""gender=Female"": {""alpha"": 2.0, ""margin"": 0.41802320222869904, ""p_observed"": 0.7090116011143496, ""prior_probability"": 0.19827586206896552, ""score"": -2.305862755057662}, ""gender=Male"": {""alpha"": 2.0, ""margin"": 0.5893631730702664, ""p_observed"": 0.7946815865351333, ""prior_probability"": 0.8017241379310345, ""score"": -0.6806182272310876}}"
411,Male,White,gender=Male,<=50K,"{""age"": ""66"", ""workclass"": ""Private"", ""education"": ""HS-grad"", ""educational-num"": ""9"", ""race"": ""White"", ""capital-gain"": ""0"", ""capital-loss"": ""0"", ""hours-per-week"": ""40"", ""native-country"": ""United-States""}",gender=Male,gender=Male,gender=Male,,gender=Female,gender=Female,gender=Male,0,<=50K | HS-grad | Private,2,2,"{""gender=Female"": ""<=50K"", ""gender=Male"": ""<=50K""}","{""gender=Female"": {""alpha"": 1.0, ""margin"": 0.8296446722926029, ""p_observed"": 0.9148223361463014, ""prior_probability"": 0.3531869020347662, ""score"": 0.9148223361463014}, ""gender=Male"": {""alpha"": 1.0, ""margin"": 0.5268428936322027, ""p_observed"": 0.7634214468161014, ""prior_probability"": 0.6468130979652338, ""score"": 0.7634214468161014}}","{""gender=Female"": {""alpha"": 1.0, ""margin"": 0.8296446722926029, ""p_observed"": 0.9148223361463014, ""prior_probability"": 0.3531869020347662, ""score"": 0.8296446722926029}, ""gender=Male"": {""alpha"": 1.0, ""margin"": 0.5268428936322027, ""p_observed"": 0.7634214468161014, ""prior_probability"": 0.6468130979652338, ""score"": 0.5268428936322027}}","{""gender=Female"": {""alpha"": 2.0, ""margin"": 0.8296446722926029, ""p_observed"": 0.9148223361463014, ""prior_probability"": 0.3531869020347662, ""score"": -1.218808696058346}, ""gender=Male"": {""alpha"": 2.0, ""margin"": 0.5268428936322027, ""p_observed"": 0.7634214468161014, ""prior_probability"": 0.6468130979652338, ""score"": -0.9755879915813603}}"
412,Male,Asian-Pac-Islander,gender=Male,<=50K,"{""age"": ""32"", ""workclass"": ""Private"", ""education"": ""Masters"", ""educational-num"": ""14"", ""race"": ""Asian-Pac-Islander"", ""capital-gain"": ""0"", ""capital-loss"": ""0"", ""hours-per-week"": ""40"", ""native-country"": ""India""}",gender=Male,gender=Male,gender=Male,,gender=Female,gender=Female,gender=Female,0,<=50K | Masters | Private,2,2,"{""gender=Female"": ""<=50K"", ""gender=Male"": ""<=50K""}","{""gender=Female"": {""alpha"": 1.0, ""margin"": 0.37675146490014333, ""p_observed"": 0.6883757324500717, ""prior_probability"": 0.4722222222222222, ""score"": 0.6883757324500717}, ""gender=Male"": {""alpha"": 1.0, ""margin"": 0.1554769339544388, ""p_observed"": 0.5777384669772193, ""prior_probability"": 0.5277777777777778, ""score"": 0.5777384669772193}}","{""gender=Female"": {""alpha"": 1.0, ""margin"": 0.37675146490014333, ""p_observed"": 0.6883757324500717, ""prior_probability"": 0.4722222222222222, ""score"": 0.37675146490014333}, ""gender=Male"": {""alpha"": 1.0, ""margin"": 0.1554769339544388, ""p_observed"": 0.5777384669772193, ""prior_probability"": 0.5277777777777778, ""score"": 0.1554769339544388}}","{""gender=Female"": {""alpha"": 2.0, ""margin"": 0.37675146490014333, ""p_observed"": 0.6883757324500717, ""prior_probability"": 0.4722222222222222, ""score"": -1.4971465291445984}, ""gender=Male"": {""alpha"": 2.0, ""margin"": 0.1554769339544388, ""p_observed"": 0.5777384669772193, ""prior_probability"": 0.5277777777777778, ""score"": -1.7363479432648012}}"
413,Female,White,gender=Female,>50K,"{""age"": ""53"", ""workclass"": ""Local-gov"", ""education"": ""Bachelors"", ""educational-num"": ""13"", ""race"": ""White"", ""capital-gain"": ""0"", ""capital-loss"": ""0"", ""hours-per-week"": ""60"", ""native-country"": ""United-States""}",gender=Male,gender=Male,gender=Male,,gender=Male,gender=Male,gender=Male,0,>50K | Bachelors | Local-gov,2,2,"{""gender=Female"": ""<=50K"", ""gender=Male"": "">50K""}","{""gender=Female"": {""alpha"": 1.0, ""margin"": -0.43056954909825806, ""p_observed"": 0.2847152254508709, ""prior_probability"": 0.15218508997429306, ""score"": 0.2847152254508709}, ""gender=Male"": {""alpha"": 1.0, ""margin"": 0.04136260479969295, ""p_observed"": 0.5206813023998464, ""prior_probability"": 0.847814910025707, ""score"": 0.5206813023998464}}","{""gender=Female"": {""alpha"": 1.0, ""margin"": -0.43056954909825806, ""p_observed"": 0.2847152254508709, ""prior_probability"": 0.15218508997429306, ""score"": -0.43056954909825806}, ""gender=Male"": {""alpha"": 1.0, ""margin"": 0.04136260479969295, ""p_observed"": 0.5206813023998464, ""prior_probability"": 0.847814910025707, ""score"": 0.04136260479969295}}","{""gender=Female"": {""alpha"": 2.0, ""margin"": -0.43056954909825806, ""p_observed"": 0.2847152254508709, ""prior_probability"": 0.15218508997429306, ""score"": -4.395189416128184}, ""gender=Male"": {""alpha"": 2.0, ""margin"": 0.04136260479969295, ""p_observed"": 0.5206813023998464, ""prior_probability"": 0.847814910025707, ""score"": -1.4703271895787573}}"
414,Male,White,gender=Male,<=50K,"{""age"": ""21"", ""workclass"": ""Private"", ""education"": ""HS-grad"", ""educational-num"": ""9"", ""race"": ""White"", ""capital-gain"": ""0"", ""capital-loss"": ""0"", ""hours-per-week"": ""40"", ""native-country"": ""United-States""}",gender=Male,gender=Male,gender=Male,,gender=Female,gender=Female,gender=Male,0,<=50K | HS-grad | Private,2,2,"{""gender=Female"": ""<=50K"", ""gender=Male"": ""<=50K""}","{""gender=Female"": {""alpha"": 1.0, ""margin"": 0.9336134929432549, ""p_observed"": 0.9668067464716275, ""prior_probability"": 0.3531869020347662, ""score"": 0.9668067464716275}, ""gender=Male"": {""alpha"": 1.0, ""margin"": 0.8612647603758504, ""p_observed"": 0.9306323801879252, ""prior_probability"": 0.6468130979652338, ""score"": 0.9306323801879252}}","{""gender=Female"": {""alpha"": 1.0, ""margin"": 0.9336134929432549, ""p_observed"": 0.9668067464716275, ""prior_probability"": 0.3531869020347662, ""score"": 0.9336134929432549}, ""gender=Male"": {""alpha"": 1.0, ""margin"": 0.8612647603758504, ""p_observed"": 0.9306323801879252, ""prior_probability"": 0.6468130979652338, ""score"": 0.8612647603758504}}","{""gender=Female"": {""alpha"": 2.0, ""margin"": 0.9336134929432549, ""p_observed"": 0.9668067464716275, ""prior_probability"": 0.3531869020347662, ""score"": -1.1082711987088851}, ""gender=Male"": {""alpha"": 2.0, ""margin"": 0.8612647603758504, ""p_observed"": 0.9306323801879252, ""prior_probability"": 0.6468130979652338, ""score"": -0.5794797915119678}}"
415,Male,White,gender=Male,<=50K,"{""age"": ""63"", ""workclass"": ""Private"", ""education"": ""12th"", ""educational-num"": ""8"", ""race"": ""White"", ""capital-gain"": ""0"", ""capital-loss"": ""0"", ""hours-per-week"": ""40"", ""native-country"": ""United-States""}",gender=Male,gender=Male,gender=Male,,gender=Female,gender=Female,gender=Male,0,<=50K | 12th | Private,2,2,"{""gender=Female"": ""<=50K"", ""gender=Male"": ""<=50K""}","{""gender=Female"": {""alpha"": 1.0, ""margin"": 0.8398016426590873, ""p_observed"": 0.9199008213295434, ""prior_probability"": 0.345565749235474, ""score"": 0.9199008213295434}, ""gender=Male"": {""alpha"": 1.0, ""margin"": 0.5696319125537981, ""p_observed"": 0.7848159562768989, ""prior_probability"": 0.654434250764526, ""score"": 0.7848159562768989}}","{""gender=Female"": {""alpha"": 1.0, ""margin"": 0.8398016426590873, ""p_observed"": 0.9199008213295434, ""prior_probability"": 0.345565749235474, ""score"": 0.8398016426590873}, ""gender=Male"": {""alpha"": 1.0, ""margin"": 0.5696319125537981, ""p_observed"": 0.7848159562768989, ""prior_probability"": 0.654434250764526, ""score"": 0.5696319125537981}}","{""gender=Female"": {""alpha"": 2.0, ""margin"": 0.8398016426590873, ""p_observed"": 0.9199008213295434, ""prior_probability"": 0.345565749235474, ""score"": -1.2295511874906564}, ""gender=Male"": {""alpha"": 2.0, ""margin"": 0.5696319125537981, ""p_observed"": 0.7848159562768989, ""prior_probability"": 0.654434250764526, ""score"": -0.9085962344558902}}"
416,Female,White,gender=Female,<=50K,"{""age"": ""40"", ""workclass"": ""Local-gov"", ""education"": ""Assoc-voc"", ""educational-num"": ""11"", ""race"": ""White"", ""capital-gain"": ""0"", ""capital-loss"": ""0"", ""hours-per-week"": ""40"", ""native-country"": ""United-States""}",gender=Male,gender=Male,gender=Male,,gender=Female,gender=Female,gender=Female,0,<=50K | Assoc-voc | Local-gov,2,2,"{""gender=Female"": ""<=50K"", ""gender=Male"": ""<=50K""}","{""gender=Female"": {""alpha"": 1.0, ""margin"": 0.7634248703311983, ""p_observed"": 0.8817124351655992, ""prior_probability"": 0.40348837209302324, ""score"": 0.8817124351655992}, ""gender=Male"": {""alpha"": 1.0, ""margin"": 0.41839716653385456, ""p_observed"": 0.7091985832669273, ""prior_probability"": 0.5965116279069768, ""score"": 0.7091985832669273}}","{""gender=Female"": {""alpha"": 1.0, ""margin"": 0.7634248703311983, ""p_observed"": 0.8817124351655992, ""prior_probability"": 0.40348837209302324, ""score"": 0.7634248703311983}, ""gender=Male"": {""alpha"": 1.0, ""margin"": 0.41839716653385456, ""p_observed"": 0.7091985832669273, ""prior_probability"": 0.5965116279069768, ""score"": 0.41839716653385456}}","{""gender=Female"": {""alpha"": 2.0, ""margin"": 0.7634248703311983, ""p_observed"": 0.8817124351655992, ""prior_probability"": 0.40348837209302324, ""score"": -1.159386236029194}, ""gender=Male"": {""alpha"": 2.0, ""margin"": 0.41839716653385456, ""p_observed"": 0.7091985832669273, ""prior_probability"": 0.5965116279069768, ""score"": -1.2038959489440764}}"
417,Male,White,gender=Male,<=50K,"{""age"": ""60"", ""workclass"": ""Private"", ""education"": ""HS-grad"", ""educational-num"": ""9"", ""race"": ""White"", ""capital-gain"": ""0"", ""capital-loss"": ""0"", ""hours-per-week"": ""50"", ""native-country"": ""United-States""}",gender=Male,gender=Male,gender=Male,,gender=Female,gender=Female,gender=Male,0,<=50K | HS-grad | Private,2,2,"{""gender=Female"": ""<=50K"", ""gender=Male"": ""<=50K""}","{""gender=Female"": {""alpha"": 1.0, ""margin"": 0.7777914377527211, ""p_observed"": 0.8888957188763603, ""prior_probability"": 0.3531869020347662, ""score"": 0.8888957188763603}, ""gender=Male"": {""alpha"": 1.0, ""margin"": 0.4358409060706532, ""p_observed"": 0.7179204530353266, ""prior_probability"": 0.6468130979652338, ""score"": 0.7179204530353266}}","{""gender=Female"": {""alpha"": 1.0, ""margin"": 0.7777914377527211, ""p_observed"": 0.8888957188763603, ""prior_probability"": 0.3531869020347662, ""score"": 0.7777914377527211}, ""gender=Male"": {""alpha"": 1.0, ""margin"": 0.4358409060706532, ""p_observed"": 0.7179204530353266, ""prior_probability"": 0.6468130979652338, ""score"": 0.4358409060706532}}","{""gender=Female"": {""alpha"": 2.0, ""margin"": 0.7777914377527211, ""p_observed"": 0.8888957188763603, ""prior_probability"": 0.3531869020347662, ""score"": -1.2763085985467229}, ""gender=Male"": {""alpha"": 2.0, ""margin"": 0.4358409060706532, ""p_observed"": 0.7179204530353266, ""prior_probability"": 0.6468130979652338, ""score"": -1.098490912506013}}"
418,Female,White,gender=Female,>50K,"{""age"": ""52"", ""workclass"": ""Self-emp-not-inc"", ""education"": ""HS-grad"", ""educational-num"": ""9"", ""race"": ""White"", ""capital-gain"": ""0"", ""capital-loss"": ""0"", ""hours-per-week"": ""99"", ""native-country"": ""United-States""}",gender=Male,gender=Male,gender=Male,,gender=Male,gender=Male,gender=Male,0,>50K | HS-grad | Self-emp-not-inc,2,2,"{""gender=Female"": ""<=50K"", ""gender=Male"": ""<=50K""}","{""gender=Female"": {""alpha"": 1.0, ""margin"": -0.7547905633212421, ""p_observed"": 0.12260471833937889, ""prior_probability"": 0.129565816678153, ""score"": 0.12260471833937889}, ""gender=Male"": {""alpha"": 1.0, ""margin"": -0.5073275078303265, ""p_observed"": 0.24633624608483684, ""prior_probability"": 0.870434183321847, ""score"": 0.24633624608483684}}","{""gender=Female"": {""alpha"": 1.0, ""margin"": -0.7547905633212421, ""p_observed"": 0.12260471833937889, ""prior_probability"": 0.129565816678153, ""score"": -0.7547905633212421}, ""gender=Male"": {""alpha"": 1.0, ""margin"": -0.5073275078303265, ""p_observed"": 0.24633624608483684, ""prior_probability"": 0.870434183321847, ""score"": -0.5073275078303265}}","{""gender=Female"": {""alpha"": 2.0, ""margin"": -0.7547905633212421, ""p_observed"": 0.12260471833937889, ""prior_probability"": 0.129565816678153, ""score"": -6.241145831216786}, ""gender=Male"": {""alpha"": 2.0, ""margin"": -0.5073275078303265, ""p_observed"": 0.24633624608483684, ""prior_probability"": 0.870434183321847, ""score"": -2.9408787752155985}}"
419,Female,White,gender=Female,<=50K,"{""age"": ""46"", ""workclass"": ""Private"", ""education"": ""Some-college"", ""educational-num"": ""10"", ""race"": ""White"", ""capital-gain"": ""0"", ""capital-loss"": ""0"", ""hours-per-week"": ""45"", ""native-country"": ""United-States""}",gender=Male,gender=Male,gender=Male,,gender=Female,gender=Female,gender=Female,0,<=50K | Some-college | Private,2,2,"{""gender=Female"": ""<=50K"", ""gender=Male"": ""<=50K""}","{""gender=Female"": {""alpha"": 1.0, ""margin"": 0.7149034222825814, ""p_observed"": 0.8574517111412906, ""prior_probability"": 0.44275132275132273, ""score"": 0.8574517111412906}, ""gender=Male"": {""alpha"": 1.0, ""margin"": 0.277998868762351, ""p_observed"": 0.6389994343811756, ""prior_probability"": 0.5572486772486772, ""score"": 0.6389994343811756}}","{""gender=Female"": {""alpha"": 1.0, ""margin"": 0.7149034222825814, ""p_observed"": 0.8574517111412906, ""prior_probability"": 0.44275132275132273, ""score"": 0.7149034222825814}, ""gender=Male"": {""alpha"": 1.0, ""margin"": 0.277998868762351, ""p_observed"": 0.6389994343811756, ""prior_probability"": 0.5572486772486772, ""score"": 0.277998868762351}}","{""gender=Female"": {""alpha"": 2.0, ""margin"": 0.7149034222825814, ""p_observed"": 0.8574517111412906, ""prior_probability"": 0.44275132275132273, ""score"": -1.1223278448741545}, ""gender=Male"": {""alpha"": 2.0, ""margin"": 0.277998868762351, ""p_observed"": 0.6389994343811756, ""prior_probability"": 0.5572486772486772, ""score"": -1.480447099966481}}"
420,Female,White,gender=Female,<=50K,"{""age"": ""38"", ""workclass"": ""Private"", ""education"": ""Some-college"", ""educational-num"": ""10"", ""race"": ""White"", ""capital-gain"": ""0"", ""capital-loss"": ""0"", ""hours-per-week"": ""40"", ""native-country"": ""United-States""}",gender=Male,gender=Male,gender=Male,,gender=Female,gender=Female,gender=Female,0,<=50K | Some-college | Private,2,2,"{""gender=Female"": ""<=50K"", ""gender=Male"": ""<=50K""}","{""gender=Female"": {""alpha"": 1.0, ""margin"": 0.7847542616499616, ""p_observed"": 0.8923771308249808, ""prior_probability"": 0.44275132275132273, ""score"": 0.8923771308249808}, ""gender=Male"": {""alpha"": 1.0, ""margin"": 0.3917229498666772, ""p_observed"": 0.6958614749333385, ""prior_probability"": 0.5572486772486772, ""score"": 0.6958614749333385}}","{""gender=Female"": {""alpha"": 1.0, ""margin"": 0.7847542616499616, ""p_observed"": 0.8923771308249808, ""prior_probability"": 0.44275132275132273, ""score"": 0.7847542616499616}, ""gender=Male"": {""alpha"": 1.0, ""margin"": 0.3917229498666772, ""p_observed"": 0.6958614749333385, ""prior_probability"": 0.5572486772486772, ""score"": 0.3917229498666772}}","{""gender=Female"": {""alpha"": 2.0, ""margin"": 0.7847542616499616, ""p_observed"": 0.8923771308249808, ""prior_probability"": 0.44275132275132273, ""score"": -1.0424799014409607}, ""gender=Male"": {""alpha"": 2.0, ""margin"": 0.3917229498666772, ""p_observed"": 0.6958614749333385, ""prior_probability"": 0.5572486772486772, ""score"": -1.3099530178816567}}"
421,Male,White,gender=Male,<=50K,"{""age"": ""39"", ""workclass"": ""Private"", ""education"": ""9th"", ""educational-num"": ""5"", ""race"": ""White"", ""capital-gain"": ""0"", ""capital-loss"": ""0"", ""hours-per-week"": ""40"", ""native-country"": ""United-States""}",gender=Male,gender=Male,gender=Male,,gender=Female,gender=Female,gender=Male,0,<=50K | 9th | Private,2,2,"{""gender=Female"": ""<=50K"", ""gender=Male"": ""<=50K""}","{""gender=Female"": {""alpha"": 1.0, ""margin"": 0.8582635048569973, ""p_observed"": 0.9291317524284984, ""prior_probability"": 0.3041095890410959, ""score"": 0.9291317524284984}, ""gender=Male"": {""alpha"": 1.0, ""margin"": 0.6761371720297145, ""p_observed"": 0.8380685860148571, ""prior_probability"": 0.6958904109589041, ""score"": 0.8380685860148571}}","{""gender=Female"": {""alpha"": 1.0, ""margin"": 0.8582635048569973, ""p_observed"": 0.9291317524284984, ""prior_probability"": 0.3041095890410959, ""score"": 0.8582635048569973}, ""gender=Male"": {""alpha"": 1.0, ""margin"": 0.6761371720297145, ""p_observed"": 0.8380685860148571, ""prior_probability"": 0.6958904109589041, ""score"": 0.6761371720297145}}","{""gender=Female"": {""alpha"": 2.0, ""margin"": 0.8582635048569973, ""p_observed"": 0.9291317524284984, ""prior_probability"": 0.3041095890410959, ""score"": -1.3373766091692947}, ""gender=Male"": {""alpha"": 2.0, ""margin"": 0.6761371720297145, ""p_observed"": 0.8380685860148571, ""prior_probability"": 0.6958904109589041, ""score"": -0.7158737604893541}}"
422,Male,White,gender=Male,>50K,"{""age"": ""36"", ""workclass"": ""Private"", ""education"": ""HS-grad"", ""educational-num"": ""9"", ""race"": ""White"", ""capital-gain"": ""7688"", ""capital-loss"": ""0"", ""hours-per-week"": ""40"", ""native-country"": ""United-States""}",gender=Male,gender=Male,gender=Male,,gender=Male,gender=Male,gender=Male,0,>50K | HS-grad | Private,2,2,"{""gender=Female"": "">50K"", ""gender=Male"": "">50K""}","{""gender=Female"": {""alpha"": 1.0, ""margin"": 0.37544018802815826, ""p_observed"": 0.6877200940140791, ""prior_probability"": 0.129565816678153, ""score"": 0.6877200940140791}, ""gender=Male"": {""alpha"": 1.0, ""margin"": 0.5741395117079022, ""p_observed"": 0.7870697558539511, ""prior_probability"": 0.870434183321847, ""score"": 0.7870697558539511}}","{""gender=Female"": {""alpha"": 1.0, ""margin"": 0.37544018802815826, ""p_observed"": 0.6877200940140791, ""prior_probability"": 0.129565816678153, ""score"": 0.37544018802815826}, ""gender=Male"": {""alpha"": 1.0, ""margin"": 0.5741395117079022, ""p_observed"": 0.7870697558539511, ""prior_probability"": 0.870434183321847, ""score"": 0.5741395117079022}}","{""gender=Female"": {""alpha"": 2.0, ""margin"": 0.37544018802815826, ""p_observed"": 0.6877200940140791, ""prior_probability"": 0.129565816678153, ""score"": -2.7923130179072264}, ""gender=Male"": {""alpha"": 2.0, ""margin"": 0.5741395117079022, ""p_observed"": 0.7870697558539511, ""prior_probability"": 0.870434183321847, ""score"": -0.6176399292420109}}"
423,Male,White,gender=Male,<=50K,"{""age"": ""31"", ""workclass"": ""Self-emp-not-inc"", ""education"": ""Masters"", ""educational-num"": ""14"", ""race"": ""White"", ""capital-gain"": ""0"", ""capital-loss"": ""1590"", ""hours-per-week"": ""60"", ""native-country"": ""United-States""}",gender=Male,gender=Male,gender=Male,,gender=Female,gender=Female,gender=Female,0,<=50K | Masters | Self-emp-not-inc,2,2,"{""gender=Female"": ""<=50K"", ""gender=Male"": ""<=50K""}","{""gender=Female"": {""alpha"": 1.0, ""margin"": 0.21808293363065862, ""p_observed"": 0.6090414668153293, ""prior_probability"": 0.4722222222222222, ""score"": 0.6090414668153293}, ""gender=Male"": {""alpha"": 1.0, ""margin"": 0.11069754945614385, ""p_observed"": 0.555348774728072, ""prior_probability"": 0.5277777777777778, ""score"": 0.555348774728072}}","{""gender=Female"": {""alpha"": 1.0, ""margin"": 0.21808293363065862, ""p_observed"": 0.6090414668153293, ""prior_probability"": 0.4722222222222222, ""score"": 0.21808293363065862}, ""gender=Male"": {""alpha"": 1.0, ""margin"": 0.11069754945614385, ""p_observed"": 0.555348774728072, ""prior_probability"": 0.5277777777777778, ""score"": 0.11069754945614385}}","{""gender=Female"": {""alpha"": 2.0, ""margin"": 0.21808293363065862, ""p_observed"": 0.6090414668153293, ""prior_probability"": 0.4722222222222222, ""score"": -1.742043441562911}, ""gender=Male"": {""alpha"": 2.0, ""margin"": 0.11069754945614385, ""p_observed"": 0.555348774728072, ""prior_probability"": 0.5277777777777778, ""score"": -1.8153978386441607}}"
424,Male,White,gender=Male,>50K,"{""age"": ""61"", ""workclass"": ""Private"", ""education"": ""9th"", ""educational-num"": ""5"", ""race"": ""White"", ""capital-gain"": ""0"", ""capital-loss"": ""0"", ""hours-per-week"": ""40"", ""native-country"": ""Puerto-Rico""}",gender=Male,gender=Male,gender=Male,,gender=Male,gender=Male,gender=Male,0,>50K | 9th | Private,2,2,"{""gender=Female"": ""<=50K"", ""gender=Male"": ""<=50K""}","{""gender=Female"": {""alpha"": 1.0, ""margin"": -0.8718444423917857, ""p_observed"": 0.06407777880410702, ""prior_probability"": 0.18518518518518517, ""score"": 0.06407777880410702}, ""gender=Male"": {""alpha"": 1.0, ""margin"": -0.72531758111047, ""p_observed"": 0.137341209444765, ""prior_probability"": 0.8148148148148148, ""score"": 0.137341209444765}}","{""gender=Female"": {""alpha"": 1.0, ""margin"": -0.8718444423917857, ""p_observed"": 0.06407777880410702, ""prior_probability"": 0.18518518518518517, ""score"": -0.8718444423917857}, ""gender=Male"": {""alpha"": 1.0, ""margin"": -0.72531758111047, ""p_observed"": 0.137341209444765, ""prior_probability"": 0.8148148148148148, ""score"": -0.72531758111047}}","{""gender=Female"": {""alpha"": 2.0, ""margin"": -0.8718444423917857, ""p_observed"": 0.06407777880410702, ""prior_probability"": 0.18518518518518517, ""score"": -7.181714232930349}, ""gender=Male"": {""alpha"": 2.0, ""margin"": -0.72531758111047, ""p_observed"": 0.137341209444765, ""prior_probability"": 0.8148148148148148, ""score"": -4.175368151884471}}"
425,Male,White,gender=Male,<=50K,"{""age"": ""32"", ""workclass"": ""Private"", ""education"": ""HS-grad"", ""educational-num"": ""9"", ""race"": ""White"", ""capital-gain"": ""0"", ""capital-loss"": ""0"", ""hours-per-week"": ""40"", ""native-country"": ""United-States""}",gender=Male,gender=Male,gender=Male,,gender=Female,gender=Female,gender=Male,0,<=50K | HS-grad | Private,2,2,"{""gender=Female"": ""<=50K"", ""gender=Male"": ""<=50K""}","{""gender=Female"": {""alpha"": 1.0, ""margin"": 0.8595889335829012, ""p_observed"": 0.9297944667914505, ""prior_probability"": 0.3531869020347662, ""score"": 0.9297944667914505}, ""gender=Male"": {""alpha"": 1.0, ""margin"": 0.6711174372349795, ""p_observed"": 0.8355587186174898, ""prior_probability"": 0.6468130979652338, ""score"": 0.8355587186174898}}","{""gender=Female"": {""alpha"": 1.0, ""margin"": 0.8595889335829012, ""p_observed"": 0.9297944667914505, ""prior_probability"": 0.3531869020347662, ""score"": 0.8595889335829012}, ""gender=Male"": {""alpha"": 1.0, ""margin"": 0.6711174372349795, ""p_observed"": 0.8355587186174898, ""prior_probability"": 0.6468130979652338, ""score"": 0.6711174372349795}}","{""gender=Female"": {""alpha"": 2.0, ""margin"": 0.8595889335829012, ""p_observed"": 0.9297944667914505, ""prior_probability"": 0.3531869020347662, ""score"": -1.1863413360662267}, ""gender=Male"": {""alpha"": 2.0, ""margin"": 0.6711174372349795, ""p_observed"": 0.8355587186174898, ""prior_probability"": 0.6468130979652338, ""score"": -0.7950072086785387}}"
426,Female,White,gender=Female,<=50K,"{""age"": ""17"", ""workclass"": ""Private"", ""education"": ""11th"", ""educational-num"": ""7"", ""race"": ""White"", ""capital-gain"": ""0"", ""capital-loss"": ""0"", ""hours-per-week"": ""18"", ""native-country"": ""United-States""}",gender=Male,gender=Male,gender=Male,,gender=Female,gender=Female,gender=Male,0,<=50K | 11th | Private,2,2,"{""gender=Female"": ""<=50K"", ""gender=Male"": ""<=50K""}","{""gender=Female"": {""alpha"": 1.0, ""margin"": 0.9792830324406109, ""p_observed"": 0.9896415162203054, ""prior_probability"": 0.3555070883315158, ""score"": 0.9896415162203054}, ""gender=Male"": {""alpha"": 1.0, ""margin"": 0.9450957319963798, ""p_observed"": 0.9725478659981899, ""prior_probability"": 0.6444929116684842, ""score"": 0.9725478659981899}}","{""gender=Female"": {""alpha"": 1.0, ""margin"": 0.9792830324406109, ""p_observed"": 0.9896415162203054, ""prior_probability"": 0.3555070883315158, ""score"": 0.9792830324406109}, ""gender=Male"": {""alpha"": 1.0, ""margin"": 0.9450957319963798, ""p_observed"": 0.9725478659981899, ""prior_probability"": 0.6444929116684842, ""score"": 0.9450957319963798}}","{""gender=Female"": {""alpha"": 2.0, ""margin"": 0.9792830324406109, ""p_observed"": 0.9896415162203054, ""prior_probability"": 0.3555070883315158, ""score"": -1.0550351034042769}, ""gender=Male"": {""alpha"": 2.0, ""margin"": 0.9450957319963798, ""p_observed"": 0.9725478659981899, ""prior_probability"": 0.6444929116684842, ""score"": -0.4949634251810937}}"
427,Female,White,gender=Female,<=50K,"{""age"": ""31"", ""workclass"": ""Private"", ""education"": ""Bachelors"", ""educational-num"": ""13"", ""race"": ""White"", ""capital-gain"": ""0"", ""capital-loss"": ""0"", ""hours-per-week"": ""40"", ""native-country"": ""United-States""}",gender=Male,gender=Male,gender=Male,,gender=Female,gender=Female,gender=Female,0,<=50K | Bachelors | Private,2,2,"{""gender=Female"": ""<=50K"", ""gender=Male"": ""<=50K""}","{""gender=Female"": {""alpha"": 1.0, ""margin"": 0.5783797035069675, ""p_observed"": 0.7891898517534837, ""prior_probability"": 0.4140684410646388, ""score"": 0.7891898517534837}, ""gender=Male"": {""alpha"": 1.0, ""margin"": 0.19939642268278718, ""p_observed"": 0.5996982113413936, ""prior_probability"": 0.5859315589353612, ""score"": 0.5996982113413936}}","{""gender=Female"": {""alpha"": 1.0, ""margin"": 0.5783797035069675, ""p_observed"": 0.7891898517534837, ""prior_probability"": 0.4140684410646388, ""score"": 0.5783797035069675}, ""gender=Male"": {""alpha"": 1.0, ""margin"": 0.19939642268278718, ""p_observed"": 0.5996982113413936, ""prior_probability"": 0.5859315589353612, ""score"": 0.19939642268278718}}","{""gender=Female"": {""alpha"": 2.0, ""margin"": 0.5783797035069675, ""p_observed"": 0.7891898517534837, ""prior_probability"": 0.4140684410646388, ""score"": -1.355220729878237}, ""gender=Male"": {""alpha"": 2.0, ""margin"": 0.19939642268278718, ""p_observed"": 0.5996982113413936, ""prior_probability"": 0.5859315589353612, ""score"": -1.5572097526538802}}"
428,Male,White,gender=Male,<=50K,"{""age"": ""18"", ""workclass"": ""Private"", ""education"": ""11th"", ""educational-num"": ""7"", ""race"": ""White"", ""capital-gain"": ""0"", ""capital-loss"": ""0"", ""hours-per-week"": ""30"", ""native-country"": ""United-States""}",gender=Male,gender=Male,gender=Male,,gender=Female,gender=Female,gender=Male,0,<=50K | 11th | Private,2,2,"{""gender=Female"": ""<=50K"", ""gender=Male"": ""<=50K""}","{""gender=Female"": {""alpha"": 1.0, ""margin"": 0.978368928162536, ""p_observed"": 0.9891844640812678, ""prior_probability"": 0.3555070883315158, ""score"": 0.9891844640812678}, ""gender=Male"": {""alpha"": 1.0, ""margin"": 0.9436760326367488, ""p_observed"": 0.9718380163183744, ""prior_probability"": 0.6444929116684842, ""score"": 0.9718380163183744}}","{""gender=Female"": {""alpha"": 1.0, ""margin"": 0.978368928162536, ""p_observed"": 0.9891844640812678, ""prior_probability"": 0.3555070883315158, ""score"": 0.978368928162536}, ""gender=Male"": {""alpha"": 1.0, ""margin"": 0.9436760326367488, ""p_observed"": 0.9718380163183744, ""prior_probability"": 0.6444929116684842, ""score"": 0.9436760326367488}}","{""gender=Female"": {""alpha"": 2.0, ""margin"": 0.978368928162536, ""p_observed"": 0.9891844640812678, ""prior_probability"": 0.3555070883315158, ""score"": -1.0559589888832728}, ""gender=Male"": {""alpha"": 2.0, ""margin"": 0.9436760326367488, ""p_observed"": 0.9718380163183744, ""prior_probability"": 0.6444929116684842, ""score"": -0.49642373142546165}}"
429,Male,White,gender=Male,<=50K,"{""age"": ""40"", ""workclass"": ""Private"", ""education"": ""11th"", ""educational-num"": ""7"", ""race"": ""White"", ""capital-gain"": ""0"", ""capital-loss"": ""0"", ""hours-per-week"": ""40"", ""native-country"": ""United-States""}",gender=Male,gender=Male,gender=Male,,gender=Female,gender=Female,gender=Male,0,<=50K | 11th | Private,2,2,"{""gender=Female"": ""<=50K"", ""gender=Male"": ""<=50K""}","{""gender=Female"": {""alpha"": 1.0, ""margin"": 0.8755695844937894, ""p_observed"": 0.9377847922468947, ""prior_probability"": 0.3555070883315158, ""score"": 0.9377847922468947}, ""gender=Male"": {""alpha"": 1.0, ""margin"": 0.7297614030759385, ""p_observed"": 0.8648807015379691, ""prior_probability"": 0.6444929116684842, ""score"": 0.8648807015379691}}","{""gender=Female"": {""alpha"": 1.0, ""margin"": 0.8755695844937894, ""p_observed"": 0.9377847922468947, ""prior_probability"": 0.3555070883315158, ""score"": 0.8755695844937894}, ""gender=Male"": {""alpha"": 1.0, ""margin"": 0.7297614030759385, ""p_observed"": 0.8648807015379691, ""prior_probability"": 0.6444929116684842, ""score"": 0.7297614030759385}}","{""gender=Female"": {""alpha"": 2.0, ""margin"": 0.8755695844937894, ""p_observed"": 0.9377847922468947, ""prior_probability"": 0.3555070883315158, ""score"": -1.162679668634154}, ""gender=Male"": {""alpha"": 2.0, ""margin"": 0.7297614030759385, ""p_observed"": 0.8648807015379691, ""prior_probability"": 0.6444929116684842, ""score"": -0.7296188525681031}}"
430,Male,White,gender=Male,<=50K,"{""age"": ""39"", ""workclass"": ""Private"", ""education"": ""HS-grad"", ""educational-num"": ""9"", ""race"": ""White"", ""capital-gain"": ""0"", ""capital-loss"": ""0"", ""hours-per-week"": ""40"", ""native-country"": ""United-States""}",gender=Male,gender=Male,gender=Male,,gender=Female,gender=Female,gender=Male,0,<=50K | HS-grad | Private,2,2,"{""gender=Female"": ""<=50K"", ""gender=Male"": ""<=50K""}","{""gender=Female"": {""alpha"": 1.0, ""margin"": 0.809621210804284, ""p_observed"": 0.9048106054021419, ""prior_probability"": 0.3531869020347662, ""score"": 0.9048106054021419}, ""gender=Male"": {""alpha"": 1.0, ""margin"": 0.5230050603440359, ""p_observed"": 0.761502530172018, ""prior_probability"": 0.6468130979652338, ""score"": 0.761502530172018}}","{""gender=Female"": {""alpha"": 1.0, ""margin"": 0.809621210804284, ""p_observed"": 0.9048106054021419, ""prior_probability"": 0.3531869020347662, ""score"": 0.809621210804284}, ""gender=Male"": {""alpha"": 1.0, ""margin"": 0.5230050603440359, ""p_observed"": 0.761502530172018, ""prior_probability"": 0.6468130979652338, ""score"": 0.5230050603440359}}","{""gender=Female"": {""alpha"": 2.0, ""margin"": 0.809621210804284, ""p_observed"": 0.9048106054021419, ""prior_probability"": 0.3531869020347662, ""score"": -1.2408171606110967}, ""gender=Male"": {""alpha"": 2.0, ""margin"": 0.5230050603440359, ""p_observed"": 0.761502530172018, ""prior_probability"": 0.6468130979652338, ""score"": -0.9806214691472056}}"
431,Male,White,gender=Male,<=50K,"{""age"": ""34"", ""workclass"": ""Private"", ""education"": ""HS-grad"", ""educational-num"": ""9"", ""race"": ""White"", ""capital-gain"": ""0"", ""capital-loss"": ""0"", ""hours-per-week"": ""40"", ""native-country"": ""United-States""}",gender=Male,gender=Male,gender=Male,,gender=Female,gender=Female,gender=Male,0,<=50K | HS-grad | Private,2,2,"{""gender=Female"": ""<=50K"", ""gender=Male"": ""<=50K""}","{""gender=Female"": {""alpha"": 1.0, ""margin"": 0.8445622093070553, ""p_observed"": 0.9222811046535275, ""prior_probability"": 0.3531869020347662, ""score"": 0.9222811046535275}, ""gender=Male"": {""alpha"": 1.0, ""margin"": 0.6451115534651, ""p_observed"": 0.82255577673255, ""prior_probability"": 0.6468130979652338, ""score"": 0.82255577673255}}","{""gender=Female"": {""alpha"": 1.0, ""margin"": 0.8445622093070553, ""p_observed"": 0.9222811046535275, ""prior_probability"": 0.3531869020347662, ""score"": 0.8445622093070553}, ""gender=Male"": {""alpha"": 1.0, ""margin"": 0.6451115534651, ""p_observed"": 0.82255577673255, ""prior_probability"": 0.6468130979652338, ""score"": 0.6451115534651}}","{""gender=Female"": {""alpha"": 2.0, ""margin"": 0.8445622093070553, ""p_observed"": 0.9222811046535275, ""prior_probability"": 0.3531869020347662, ""score"": -1.2025683269515333}, ""gender=Male"": {""alpha"": 2.0, ""margin"": 0.6451115534651, ""p_observed"": 0.82255577673255, ""prior_probability"": 0.6468130979652338, ""score"": -0.8263758710446641}}"
432,Male,White,gender=Male,<=50K,"{""age"": ""25"", ""workclass"": ""Private"", ""education"": ""Some-college"", ""educational-num"": ""10"", ""race"": ""White"", ""capital-gain"": ""0"", ""capital-loss"": ""0"", ""hours-per-week"": ""55"", ""native-country"": ""United-States""}",gender=Male,gender=Male,gender=Male,,gender=Female,gender=Female,gender=Male,0,<=50K | Some-college | Private,2,2,"{""gender=Female"": ""<=50K"", ""gender=Male"": ""<=50K""}","{""gender=Female"": {""alpha"": 1.0, ""margin"": 0.878266119194503, ""p_observed"": 0.9391330595972516, ""prior_probability"": 0.44275132275132273, ""score"": 0.9391330595972516}, ""gender=Male"": {""alpha"": 1.0, ""margin"": 0.7355142385964502, ""p_observed"": 0.8677571192982251, ""prior_probability"": 0.5572486772486772, ""score"": 0.8677571192982251}}","{""gender=Female"": {""alpha"": 1.0, ""margin"": 0.878266119194503, ""p_observed"": 0.9391330595972516, ""prior_probability"": 0.44275132275132273, ""score"": 0.878266119194503}, ""gender=Male"": {""alpha"": 1.0, ""margin"": 0.7355142385964502, ""p_observed"": 0.8677571192982251, ""prior_probability"": 0.5572486772486772, ""score"": 0.7355142385964502}}","{""gender=Female"": {""alpha"": 2.0, ""margin"": 0.878266119194503, ""p_observed"": 0.9391330595972516, ""prior_probability"": 0.44275132275132273, ""score"": -0.9403432273458664}, ""gender=Male"": {""alpha"": 2.0, ""margin"": 0.7355142385964502, ""p_observed"": 0.8677571192982251, ""prior_probability"": 0.5572486772486772, ""score"": -0.8684305203403756}}"
433,Female,White,gender=Female,<=50K,"{""age"": ""23"", ""workclass"": ""Private"", ""education"": ""HS-grad"", ""educational-num"": ""9"", ""race"": ""White"", ""capital-gain"": ""0"", ""capital-loss"": ""0"", ""hours-per-week"": ""40"", ""native-country"": ""United-States""}",gender=Male,gender=Male,gender=Male,,gender=Female,gender=Female,gender=Male,0,<=50K | HS-grad | Private,2,2,"{""gender=Female"": ""<=50K"", ""gender=Male"": ""<=50K""}","{""gender=Female"": {""alpha"": 1.0, ""margin"": 0.9321857407645197, ""p_observed"": 0.9660928703822599, ""prior_probability"": 0.3531869020347662, ""score"": 0.9660928703822599}, ""gender=Male"": {""alpha"": 1.0, ""margin"": 0.8607573863024276, ""p_observed"": 0.9303786931512137, ""prior_probability"": 0.6468130979652338, ""score"": 0.9303786931512137}}","{""gender=Female"": {""alpha"": 1.0, ""margin"": 0.9321857407645197, ""p_observed"": 0.9660928703822599, ""prior_probability"": 0.3531869020347662, ""score"": 0.9321857407645197}, ""gender=Male"": {""alpha"": 1.0, ""margin"": 0.8607573863024276, ""p_observed"": 0.9303786931512137, ""prior_probability"": 0.6468130979652338, ""score"": 0.8607573863024276}}","{""gender=Female"": {""alpha"": 2.0, ""margin"": 0.9321857407645197, ""p_observed"": 0.9660928703822599, ""prior_probability"": 0.3531869020347662, ""score"": -1.1097485152039612}, ""gender=Male"": {""alpha"": 2.0, ""margin"": 0.8607573863024276, ""p_observed"": 0.9303786931512137, ""prior_probability"": 0.6468130979652338, ""score"": -0.5800250586345921}}"
434,Female,White,gender=Female,>50K,"{""age"": ""55"", ""workclass"": ""Local-gov"", ""education"": ""Masters"", ""educational-num"": ""14"", ""race"": ""White"", ""capital-gain"": ""3103"", ""capital-loss"": ""0"", ""hours-per-week"": ""45"", ""native-country"": ""United-States""}",gender=Male,gender=Male,gender=Male,,gender=Male,gender=Male,gender=Male,0,>50K | Masters | Local-gov,2,2,"{""gender=Female"": ""<=50K"", ""gender=Male"": "">50K""}","{""gender=Female"": {""alpha"": 1.0, ""margin"": -0.3670307902454053, ""p_observed"": 0.31648460487729746, ""prior_probability"": 0.18875, ""score"": 0.31648460487729746}, ""gender=Male"": {""alpha"": 1.0, ""margin"": 0.1732575821430835, ""p_observed"": 0.5866287910715416, ""prior_probability"": 0.81125, ""score"": 0.5866287910715416}}","{""gender=Female"": {""alpha"": 1.0, ""margin"": -0.3670307902454053, ""p_observed"": 0.31648460487729746, ""prior_probability"": 0.18875, ""score"": -0.3670307902454053}, ""gender=Male"": {""alpha"": 1.0, ""margin"": 0.1732575821430835, ""p_observed"": 0.5866287910715416, ""prior_probability"": 0.81125, ""score"": 0.1732575821430835}}","{""gender=Female"": {""alpha"": 2.0, ""margin"": -0.3670307902454053, ""p_observed"": 0.31648460487729746, ""prior_probability"": 0.18875, ""score"": -3.968293251570697}, ""gender=Male"": {""alpha"": 2.0, ""margin"": 0.1732575821430835, ""p_observed"": 0.5866287910715416, ""prior_probability"": 0.81125, ""score"": -1.2759050957152127}}"
435,Male,Other,gender=Male,<=50K,"{""age"": ""32"", ""workclass"": ""Self-emp-not-inc"", ""education"": ""Assoc-voc"", ""educational-num"": ""11"", ""race"": ""Other"", ""capital-gain"": ""0"", ""capital-loss"": ""0"", ""hours-per-week"": ""60"", ""native-country"": ""United-States""}",gender=Male,gender=Male,gender=Male,,gender=Female,gender=Female,gender=Male,0,<=50K | Assoc-voc | Self-emp-not-inc,2,2,"{""gender=Female"": ""<=50K"", ""gender=Male"": ""<=50K""}","{""gender=Female"": {""alpha"": 1.0, ""margin"": 0.6618751386725569, ""p_observed"": 0.8309375693362784, ""prior_probability"": 0.40348837209302324, ""score"": 0.8309375693362784}, ""gender=Male"": {""alpha"": 1.0, ""margin"": 0.5572783745575254, ""p_observed"": 0.7786391872787626, ""prior_probability"": 0.5965116279069768, ""score"": 0.7786391872787626}}","{""gender=Female"": {""alpha"": 1.0, ""margin"": 0.6618751386725569, ""p_observed"": 0.8309375693362784, ""prior_probability"": 0.40348837209302324, ""score"": 0.6618751386725569}, ""gender=Male"": {""alpha"": 1.0, ""margin"": 0.5572783745575254, ""p_observed"": 0.7786391872787626, ""prior_probability"": 0.5965116279069768, ""score"": 0.5572783745575254}}","{""gender=Female"": {""alpha"": 2.0, ""margin"": 0.6618751386725569, ""p_observed"": 0.8309375693362784, ""prior_probability"": 0.40348837209302324, ""score"": -1.2780088375034295}, ""gender=Male"": {""alpha"": 2.0, ""margin"": 0.5572783745575254, ""p_observed"": 0.7786391872787626, ""prior_probability"": 0.5965116279069768, ""score"": -1.0170715733460938}}"
436,Female,White,gender=Female,<=50K,"{""age"": ""51"", ""workclass"": ""Private"", ""education"": ""Some-college"", ""educational-num"": ""10"", ""race"": ""White"", ""capital-gain"": ""0"", ""capital-loss"": ""0"", ""hours-per-week"": ""36"", ""native-country"": ""United-States""}",gender=Male,gender=Male,gender=Male,,gender=Female,gender=Female,gender=Female,0,<=50K | Some-college | Private,2,2,"{""gender=Female"": ""<=50K"", ""gender=Male"": ""<=50K""}","{""gender=Female"": {""alpha"": 1.0, ""margin"": 0.7883699478474012, ""p_observed"": 0.8941849739237007, ""prior_probability"": 0.44275132275132273, ""score"": 0.8941849739237007}, ""gender=Male"": {""alpha"": 1.0, ""margin"": 0.40276339705651, ""p_observed"": 0.7013816985282548, ""prior_probability"": 0.5572486772486772, ""score"": 0.7013816985282548}}","{""gender=Female"": {""alpha"": 1.0, ""margin"": 0.7883699478474012, ""p_observed"": 0.8941849739237007, ""prior_probability"": 0.44275132275132273, ""score"": 0.7883699478474012}, ""gender=Male"": {""alpha"": 1.0, ""margin"": 0.40276339705651, ""p_observed"": 0.7013816985282548, ""prior_probability"": 0.5572486772486772, ""score"": 0.40276339705651}}","{""gender=Female"": {""alpha"": 2.0, ""margin"": 0.7883699478474012, ""p_observed"": 0.8941849739237007, ""prior_probability"": 0.44275132275132273, ""score"": -1.0384322532546006}, ""gender=Male"": {""alpha"": 2.0, ""margin"": 0.40276339705651, ""p_observed"": 0.7013816985282548, ""prior_probability"": 0.5572486772486772, ""score"": -1.2941497492126728}}"
437,Male,Other,gender=Male,>50K,"{""age"": ""42"", ""workclass"": ""Private"", ""education"": ""10th"", ""educational-num"": ""6"", ""race"": ""Other"", ""capital-gain"": ""0"", ""capital-loss"": ""0"", ""hours-per-week"": ""43"", ""native-country"": ""United-States""}",gender=Male,gender=Male,gender=Male,,gender=Male,gender=Male,gender=Male,0,>50K | 10th | Private,2,2,"{""gender=Female"": ""<=50K"", ""gender=Male"": ""<=50K""}","{""gender=Female"": {""alpha"": 1.0, ""margin"": -0.8576353648050205, ""p_observed"": 0.07118231759748982, ""prior_probability"": 0.05357142857142857, ""score"": 0.07118231759748982}, ""gender=Male"": {""alpha"": 1.0, ""margin"": -0.6246743815840874, ""p_observed"": 0.18766280920795617, ""prior_probability"": 0.9464285714285714, ""score"": 0.18766280920795617}}","{""gender=Female"": {""alpha"": 1.0, ""margin"": -0.8576353648050205, ""p_observed"": 0.07118231759748982, ""prior_probability"": 0.05357142857142857, ""score"": -0.8576353648050205}, ""gender=Male"": {""alpha"": 1.0, ""margin"": -0.6246743815840874, ""p_observed"": 0.18766280920795617, ""prior_probability"": 0.9464285714285714, ""score"": -0.6246743815840874}}","{""gender=Female"": {""alpha"": 2.0, ""margin"": -0.8576353648050205, ""p_observed"": 0.07118231759748982, ""prior_probability"": 0.05357142857142857, ""score"": -8.211761081582294}, ""gender=Male"": {""alpha"": 2.0, ""margin"": -0.6246743815840874, ""p_observed"": 0.18766280920795617, ""prior_probability"": 0.9464285714285714, ""score"": -3.401276766310951}}"
438,Male,White,gender=Male,<=50K,"{""age"": ""41"", ""workclass"": ""Private"", ""education"": ""Some-college"", ""educational-num"": ""10"", ""race"": ""White"", ""capital-gain"": ""0"", ""capital-loss"": ""0"", ""hours-per-week"": ""50"", ""native-country"": ""United-States""}",gender=Male,gender=Male,gender=Male,,gender=Female,gender=Female,gender=Female,0,<=50K | Some-college | Private,2,2,"{""gender=Female"": ""<=50K"", ""gender=Male"": ""<=50K""}","{""gender=Female"": {""alpha"": 1.0, ""margin"": 0.7064257536009844, ""p_observed"": 0.8532128768004921, ""prior_probability"": 0.44275132275132273, ""score"": 0.8532128768004921}, ""gender=Male"": {""alpha"": 1.0, ""margin"": 0.2719580131911331, ""p_observed"": 0.6359790065955666, ""prior_probability"": 0.5572486772486772, ""score"": 0.6359790065955666}}","{""gender=Female"": {""alpha"": 1.0, ""margin"": 0.7064257536009844, ""p_observed"": 0.8532128768004921, ""prior_probability"": 0.44275132275132273, ""score"": 0.7064257536009844}, ""gender=Male"": {""alpha"": 1.0, ""margin"": 0.2719580131911331, ""p_observed"": 0.6359790065955666, ""prior_probability"": 0.5572486772486772, ""score"": 0.2719580131911331}}","{""gender=Female"": {""alpha"": 2.0, ""margin"": 0.7064257536009844, ""p_observed"": 0.8532128768004921, ""prior_probability"": 0.44275132275132273, ""score"": -1.1322394150231743}, ""gender=Male"": {""alpha"": 2.0, ""margin"": 0.2719580131911331, ""p_observed"": 0.6359790065955666, ""prior_probability"": 0.5572486772486772, ""score"": -1.489923129800222}}"
439,Male,White,gender=Male,>50K,"{""age"": ""39"", ""workclass"": ""Private"", ""education"": ""Bachelors"", ""educational-num"": ""13"", ""race"": ""White"", ""capital-gain"": ""0"", ""capital-loss"": ""0"", ""hours-per-week"": ""40"", ""native-country"": ""United-States""}",gender=Male,gender=Male,gender=Male,,gender=Male,gender=Male,gender=Male,0,>50K | Bachelors | Private,2,2,"{""gender=Female"": ""<=50K"", ""gender=Male"": ""<=50K""}","{""gender=Female"": {""alpha"": 1.0, ""margin"": -0.5536175499063736, ""p_observed"": 0.22319122504681316, ""prior_probability"": 0.15218508997429306, ""score"": 0.22319122504681316}, ""gender=Male"": {""alpha"": 1.0, ""margin"": -0.031161082881273117, ""p_observed"": 0.48441945855936347, ""prior_probability"": 0.847814910025707, ""score"": 0.48441945855936347}}","{""gender=Female"": {""alpha"": 1.0, ""margin"": -0.5536175499063736, ""p_observed"": 0.22319122504681316, ""prior_probability"": 0.15218508997429306, ""score"": -0.5536175499063736}, ""gender=Male"": {""alpha"": 1.0, ""margin"": -0.031161082881273117, ""p_observed"": 0.48441945855936347, ""prior_probability"": 0.847814910025707, ""score"": -0.031161082881273117}}","{""gender=Female"": {""alpha"": 2.0, ""margin"": -0.5536175499063736, ""p_observed"": 0.22319122504681316, ""prior_probability"": 0.15218508997429306, ""score"": -4.88211052883689}, ""gender=Male"": {""alpha"": 2.0, ""margin"": -0.031161082881273117, ""p_observed"": 0.48441945855936347, ""prior_probability"": 0.847814910025707, ""score"": -1.6147011288402866}}"
440,Male,White,gender=Male,>50K,"{""age"": ""40"", ""workclass"": ""Private"", ""education"": ""Assoc-acdm"", ""educational-num"": ""12"", ""race"": ""White"", ""capital-gain"": ""0"", ""capital-loss"": ""0"", ""hours-per-week"": ""42"", ""native-country"": ""United-States""}",gender=Male,gender=Male,gender=Male,,gender=Male,gender=Male,gender=Male,0,>50K | Assoc-acdm | Private,2,2,"{""gender=Female"": ""<=50K"", ""gender=Male"": ""<=50K""}","{""gender=Female"": {""alpha"": 1.0, ""margin"": -0.7202760637700236, ""p_observed"": 0.13986196811498813, ""prior_probability"": 0.19827586206896552, ""score"": 0.13986196811498813}, ""gender=Male"": {""alpha"": 1.0, ""margin"": -0.3761508363800732, ""p_observed"": 0.3119245818099633, ""prior_probability"": 0.8017241379310345, ""score"": 0.3119245818099633}}","{""gender=Female"": {""alpha"": 1.0, ""margin"": -0.7202760637700236, ""p_observed"": 0.13986196811498813, ""prior_probability"": 0.19827586206896552, ""score"": -0.7202760637700236}, ""gender=Male"": {""alpha"": 1.0, ""margin"": -0.3761508363800732, ""p_observed"": 0.3119245818099633, ""prior_probability"": 0.8017241379310345, ""score"": -0.3761508363800732}}","{""gender=Female"": {""alpha"": 2.0, ""margin"": -0.7202760637700236, ""p_observed"": 0.13986196811498813, ""prior_probability"": 0.19827586206896552, ""score"": -5.552294544715593}, ""gender=Male"": {""alpha"": 2.0, ""margin"": -0.3761508363800732, ""p_observed"": 0.3119245818099633, ""prior_probability"": 0.8017241379310345, ""score"": -2.550978388674929}}"
441,Male,White,gender=Male,<=50K,"{""age"": ""30"", ""workclass"": ""Self-emp-not-inc"", ""education"": ""HS-grad"", ""educational-num"": ""9"", ""race"": ""White"", ""capital-gain"": ""0"", ""capital-loss"": ""0"", ""hours-per-week"": ""40"", ""native-country"": ""United-States""}",gender=Male,gender=Male,gender=Male,,gender=Female,gender=Female,gender=Male,0,<=50K | HS-grad | Self-emp-not-inc,2,2,"{""gender=Female"": ""<=50K"", ""gender=Male"": ""<=50K""}","{""gender=Female"": {""alpha"": 1.0, ""margin"": 0.8190059451621743, ""p_observed"": 0.9095029725810871, ""prior_probability"": 0.3531869020347662, ""score"": 0.9095029725810871}, ""gender=Male"": {""alpha"": 1.0, ""margin"": 0.6800365149716032, ""p_observed"": 0.8400182574858016, ""prior_probability"": 0.6468130979652338, ""score"": 0.8400182574858016}}","{""gender=Female"": {""alpha"": 1.0, ""margin"": 0.8190059451621743, ""p_observed"": 0.9095029725810871, ""prior_probability"": 0.3531869020347662, ""score"": 0.8190059451621743}, ""gender=Male"": {""alpha"": 1.0, ""margin"": 0.6800365149716032, ""p_observed"": 0.8400182574858016, ""prior_probability"": 0.6468130979652338, ""score"": 0.6800365149716032}}","{""gender=Female"": {""alpha"": 2.0, ""margin"": 0.8190059451621743, ""p_observed"": 0.9095029725810871, ""prior_probability"": 0.3531869020347662, ""score"": -1.2304719199684695}, ""gender=Male"": {""alpha"": 2.0, ""margin"": 0.6800365149716032, ""p_observed"": 0.8400182574858016, ""prior_probability"": 0.6468130979652338, ""score"": -0.784361205631825}}"
442,Male,White,gender=Male,<=50K,"{""age"": ""36"", ""workclass"": ""Private"", ""education"": ""Bachelors"", ""educational-num"": ""13"", ""race"": ""White"", ""capital-gain"": ""0"", ""capital-loss"": ""0"", ""hours-per-week"": ""55"", ""native-country"": ""United-States""}",gender=Male,gender=Male,gender=Female,,gender=Female,gender=Female,gender=Female,0,<=50K | Bachelors | Private,2,2,"{""gender=Female"": ""<=50K"", ""gender=Male"": "">50K""}","{""gender=Female"": {""alpha"": 1.0, ""margin"": 0.3391474842181316, ""p_observed"": 0.6695737421090657, ""prior_probability"": 0.4140684410646388, ""score"": 0.6695737421090657}, ""gender=Male"": {""alpha"": 1.0, ""margin"": -0.17598189556354726, ""p_observed"": 0.41200905221822637, ""prior_probability"": 0.5859315589353612, ""score"": 0.41200905221822637}}","{""gender=Female"": {""alpha"": 1.0, ""margin"": 0.3391474842181316, ""p_observed"": 0.6695737421090657, ""prior_probability"": 0.4140684410646388, ""score"": 0.3391474842181316}, ""gender=Male"": {""alpha"": 1.0, ""margin"": -0.17598189556354726, ""p_observed"": 0.41200905221822637, ""prior_probability"": 0.5859315589353612, ""score"": -0.17598189556354726}}","{""gender=Female"": {""alpha"": 2.0, ""margin"": 0.3391474842181316, ""p_observed"": 0.6695737421090657, ""prior_probability"": 0.4140684410646388, ""score"": -1.6839519519774138}, ""gender=Male"": {""alpha"": 2.0, ""margin"": -0.17598189556354726, ""p_observed"": 0.41200905221822637, ""prior_probability"": 0.5859315589353612, ""score"": -2.3079722067927273}}"
443,Female,White,gender=Female,<=50K,"{""age"": ""21"", ""workclass"": ""Private"", ""education"": ""Assoc-acdm"", ""educational-num"": ""12"", ""race"": ""White"", ""capital-gain"": ""0"", ""capital-loss"": ""0"", ""hours-per-week"": ""35"", ""native-country"": ""United-States""}",gender=Male,gender=Male,gender=Male,,gender=Female,gender=Female,gender=Male,0,<=50K | Assoc-acdm | Private,2,2,"{""gender=Female"": ""<=50K"", ""gender=Male"": ""<=50K""}","{""gender=Female"": {""alpha"": 1.0, ""margin"": 0.9014636712172134, ""p_observed"": 0.9507318356086065, ""prior_probability"": 0.4611801242236025, ""score"": 0.9507318356086065}, ""gender=Male"": {""alpha"": 1.0, ""margin"": 0.8285360039096384, ""p_observed"": 0.9142680019548193, ""prior_probability"": 0.5388198757763976, ""score"": 0.9142680019548193}}","{""gender=Female"": {""alpha"": 1.0, ""margin"": 0.9014636712172134, ""p_observed"": 0.9507318356086065, ""prior_probability"": 0.4611801242236025, ""score"": 0.9014636712172134}, ""gender=Male"": {""alpha"": 1.0, ""margin"": 0.8285360039096384, ""p_observed"": 0.9142680019548193, ""prior_probability"": 0.5388198757763976, ""score"": 0.8285360039096384}}","{""gender=Female"": {""alpha"": 2.0, ""margin"": 0.9014636712172134, ""p_observed"": 0.9507318356086065, ""prior_probability"": 0.4611801242236025, ""score"": -0.8750130626718858}, ""gender=Male"": {""alpha"": 2.0, ""margin"": 0.8285360039096384, ""p_observed"": 0.9142680019548193, ""prior_probability"": 0.5388198757763976, ""score"": -0.797637009636014}}"
444,Male,White,gender=Male,<=50K,"{""age"": ""46"", ""workclass"": ""Private"", ""education"": ""Some-college"", ""educational-num"": ""10"", ""race"": ""White"", ""capital-gain"": ""0"", ""capital-loss"": ""0"", ""hours-per-week"": ""40"", ""native-country"": ""United-States""}",gender=Male,gender=Male,gender=Male,,gender=Female,gender=Female,gender=Female,0,<=50K | Some-college | Private,2,2,"{""gender=Female"": ""<=50K"", ""gender=Male"": ""<=50K""}","{""gender=Female"": {""alpha"": 1.0, ""margin"": 0.7847542616499616, ""p_observed"": 0.8923771308249808, ""prior_probability"": 0.44275132275132273, ""score"": 0.8923771308249808}, ""gender=Male"": {""alpha"": 1.0, ""margin"": 0.37254339401870745, ""p_observed"": 0.6862716970093536, ""prior_probability"": 0.5572486772486772, ""score"": 0.6862716970093536}}","{""gender=Female"": {""alpha"": 1.0, ""margin"": 0.7847542616499616, ""p_observed"": 0.8923771308249808, ""prior_probability"": 0.44275132275132273, ""score"": 0.7847542616499616}, ""gender=Male"": {""alpha"": 1.0, ""margin"": 0.37254339401870745, ""p_observed"": 0.6862716970093536, ""prior_probability"": 0.5572486772486772, ""score"": 0.37254339401870745}}","{""gender=Female"": {""alpha"": 2.0, ""margin"": 0.7847542616499616, ""p_observed"": 0.8923771308249808, ""prior_probability"": 0.44275132275132273, ""score"": -1.0424799014409607}, ""gender=Male"": {""alpha"": 2.0, ""margin"": 0.37254339401870745, ""p_observed"": 0.6862716970093536, ""prior_probability"": 0.5572486772486772, ""score"": -1.3377070202051833}}"
445,Female,Black,gender=Female,<=50K,"{""age"": ""34"", ""workclass"": ""Private"", ""education"": ""HS-grad"", ""educational-num"": ""9"", ""race"": ""Black"", ""capital-gain"": ""0"", ""capital-loss"": ""0"", ""hours-per-week"": ""35"", ""native-country"": ""United-States""}",gender=Male,gender=Male,gender=Male,,gender=Female,gender=Female,gender=Male,0,<=50K | HS-grad | Private,2,2,"{""gender=Female"": ""<=50K"", ""gender=Male"": ""<=50K""}","{""gender=Female"": {""alpha"": 1.0, ""margin"": 0.9414411620777137, ""p_observed"": 0.9707205810388568, ""prior_probability"": 0.3531869020347662, ""score"": 0.9707205810388568}, ""gender=Male"": {""alpha"": 1.0, ""margin"": 0.8288772797505486, ""p_observed"": 0.9144386398752742, ""prior_probability"": 0.6468130979652338, ""score"": 0.9144386398752742}}","{""gender=Female"": {""alpha"": 1.0, ""margin"": 0.9414411620777137, ""p_observed"": 0.9707205810388568, ""prior_probability"": 0.3531869020347662, ""score"": 0.9414411620777137}, ""gender=Male"": {""alpha"": 1.0, ""margin"": 0.8288772797505486, ""p_observed"": 0.9144386398752742, ""prior_probability"": 0.6468130979652338, ""score"": 0.8288772797505486}}","{""gender=Female"": {""alpha"": 2.0, ""margin"": 0.9414411620777137, ""p_observed"": 0.9707205810388568, ""prior_probability"": 0.3531869020347662, ""score"": -1.1001911270937137}, ""gender=Male"": {""alpha"": 2.0, ""margin"": 0.8288772797505486, ""p_observed"": 0.9144386398752742, ""prior_probability"": 0.6468130979652338, ""score"": -0.6145877216999422}}"
446,Male,White,gender=Male,<=50K,"{""age"": ""25"", ""workclass"": ""Private"", ""education"": ""Some-college"", ""educational-num"": ""10"", ""race"": ""White"", ""capital-gain"": ""0"", ""capital-loss"": ""0"", ""hours-per-week"": ""40"", ""native-country"": ""United-States""}",gender=Male,gender=Male,gender=Male,,gender=Female,gender=Female,gender=Male,0,<=50K | Some-college | Private,2,2,"{""gender=Female"": ""<=50K"", ""gender=Male"": ""<=50K""}","{""gender=Female"": {""alpha"": 1.0, ""margin"": 0.9167827654571414, ""p_observed"": 0.9583913827285706, ""prior_probability"": 0.44275132275132273, ""score"": 0.9583913827285706}, ""gender=Male"": {""alpha"": 1.0, ""margin"": 0.8446379973817661, ""p_observed"": 0.922318998690883, ""prior_probability"": 0.5572486772486772, ""score"": 0.922318998690883}}","{""gender=Female"": {""alpha"": 1.0, ""margin"": 0.9167827654571414, ""p_observed"": 0.9583913827285706, ""prior_probability"": 0.44275132275132273, ""score"": 0.9167827654571414}, ""gender=Male"": {""alpha"": 1.0, ""margin"": 0.8446379973817661, ""p_observed"": 0.922318998690883, ""prior_probability"": 0.5572486772486772, ""score"": 0.8446379973817661}}","{""gender=Female"": {""alpha"": 2.0, ""margin"": 0.9167827654571414, ""p_observed"": 0.9583913827285706, ""prior_probability"": 0.44275132275132273, ""score"": -0.8997451006856224}, ""gender=Male"": {""alpha"": 2.0, ""margin"": 0.8446379973817661, ""p_observed"": 0.922318998690883, ""prior_probability"": 0.5572486772486772, ""score"": -0.7464719398311296}}"
447,Female,White,gender=Female,<=50K,"{""age"": ""64"", ""workclass"": ""Private"", ""education"": ""HS-grad"", ""educational-num"": ""9"", ""race"": ""White"", ""capital-gain"": ""0"", ""capital-loss"": ""0"", ""hours-per-week"": ""38"", ""native-country"": ""United-States""}",gender=Male,gender=Male,gender=Male,,gender=Female,gender=Female,gender=Male,0,<=50K | HS-grad | Private,2,2,"{""gender=Female"": ""<=50K"", ""gender=Male"": ""<=50K""}","{""gender=Female"": {""alpha"": 1.0, ""margin"": 0.8449347516092007, ""p_observed"": 0.9224673758046004, ""prior_probability"": 0.3531869020347662, ""score"": 0.9224673758046004}, ""gender=Male"": {""alpha"": 1.0, ""margin"": 0.5991814070848568, ""p_observed"": 0.7995907035424283, ""prior_probability"": 0.6468130979652338, ""score"": 0.7995907035424283}}","{""gender=Female"": {""alpha"": 1.0, ""margin"": 0.8449347516092007, ""p_observed"": 0.9224673758046004, ""prior_probability"": 0.3531869020347662, ""score"": 0.8449347516092007}, ""gender=Male"": {""alpha"": 1.0, ""margin"": 0.5991814070848568, ""p_observed"": 0.7995907035424283, ""prior_probability"": 0.6468130979652338, ""score"": 0.5991814070848568}}","{""gender=Female"": {""alpha"": 2.0, ""margin"": 0.8449347516092007, ""p_observed"": 0.9224673758046004, ""prior_probability"": 0.3531869020347662, ""score"": -1.202164431995274}, ""gender=Male"": {""alpha"": 2.0, ""margin"": 0.5991814070848568, ""p_observed"": 0.7995907035424283, ""prior_probability"": 0.6468130979652338, ""score"": -0.8830085066914236}}"
448,Male,White,gender=Male,<=50K,"{""age"": ""41"", ""workclass"": ""Private"", ""education"": ""HS-grad"", ""educational-num"": ""9"", ""race"": ""White"", ""capital-gain"": ""0"", ""capital-loss"": ""0"", ""hours-per-week"": ""40"", ""native-country"": ""Peru""}",gender=Male,gender=Male,gender=Male,,gender=Female,gender=Female,gender=Male,0,<=50K | HS-grad | Private,2,2,"{""gender=Female"": ""<=50K"", ""gender=Male"": ""<=50K""}","{""gender=Female"": {""alpha"": 1.0, ""margin"": 0.7842795638231721, ""p_observed"": 0.8921397819115858, ""prior_probability"": 0.3531869020347662, ""score"": 0.8921397819115858}, ""gender=Male"": {""alpha"": 1.0, ""margin"": 0.5713954607093698, ""p_observed"": 0.7856977303546848, ""prior_probability"": 0.6468130979652338, ""score"": 0.7856977303546848}}","{""gender=Female"": {""alpha"": 1.0, ""margin"": 0.7842795638231721, ""p_observed"": 0.8921397819115858, ""prior_probability"": 0.3531869020347662, ""score"": 0.7842795638231721}, ""gender=Male"": {""alpha"": 1.0, ""margin"": 0.5713954607093698, ""p_observed"": 0.7856977303546848, ""prior_probability"": 0.6468130979652338, ""score"": 0.5713954607093698}}","{""gender=Female"": {""alpha"": 2.0, ""margin"": 0.7842795638231721, ""p_observed"": 0.8921397819115858, ""prior_probability"": 0.3531869020347662, ""score"": -1.269022799647428}, ""gender=Male"": {""alpha"": 2.0, ""margin"": 0.5713954607093698, ""p_observed"": 0.7856977303546848, ""prior_probability"": 0.6468130979652338, ""score"": -0.9180641560672456}}"
449,Male,White,gender=Male,<=50K,"{""age"": ""28"", ""workclass"": ""Local-gov"", ""education"": ""Assoc-acdm"", ""educational-num"": ""12"", ""race"": ""White"", ""capital-gain"": ""0"", ""capital-loss"": ""0"", ""hours-per-week"": ""5"", ""native-country"": ""United-States""}",gender=Male,gender=Male,gender=Male,,gender=Female,gender=Female,gender=Male,0,<=50K | Assoc-acdm | Local-gov,2,2,"{""gender=Female"": ""<=50K"", ""gender=Male"": ""<=50K""}","{""gender=Female"": {""alpha"": 1.0, ""margin"": 0.8436631494649014, ""p_observed"": 0.9218315747324507, ""prior_probability"": 0.4611801242236025, ""score"": 0.9218315747324507}, ""gender=Male"": {""alpha"": 1.0, ""margin"": 0.7159769109079257, ""p_observed"": 0.857988455453963, ""prior_probability"": 0.5388198757763976, ""score"": 0.857988455453963}}","{""gender=Female"": {""alpha"": 1.0, ""margin"": 0.8436631494649014, ""p_observed"": 0.9218315747324507, ""prior_probability"": 0.4611801242236025, ""score"": 0.8436631494649014}, ""gender=Male"": {""alpha"": 1.0, ""margin"": 0.7159769109079257, ""p_observed"": 0.857988455453963, ""prior_probability"": 0.5388198757763976, ""score"": 0.7159769109079257}}","{""gender=Female"": {""alpha"": 2.0, ""margin"": 0.8436631494649014, ""p_observed"": 0.9218315747324507, ""prior_probability"": 0.4611801242236025, ""score"": -0.9367520791784824}, ""gender=Male"": {""alpha"": 2.0, ""margin"": 0.7159769109079257, ""p_observed"": 0.857988455453963, ""prior_probability"": 0.5388198757763976, ""score"": -0.9247032156906101}}"
450,Male,White,gender=Male,>50K,"{""age"": ""63"", ""workclass"": ""Private"", ""education"": ""Some-college"", ""educational-num"": ""10"", ""race"": ""White"", ""capital-gain"": ""0"", ""capital-loss"": ""1887"", ""hours-per-week"": ""40"", ""native-country"": ""United-States""}",gender=Male,gender=Male,gender=Male,,gender=Male,gender=Male,gender=Male,0,>50K | Some-college | Private,2,2,"{""gender=Female"": "">50K"", ""gender=Male"": "">50K""}","{""gender=Female"": {""alpha"": 1.0, ""margin"": 0.04126241679058806, ""p_observed"": 0.520631208395294, ""prior_probability"": 0.1390946502057613, ""score"": 0.520631208395294}, ""gender=Male"": {""alpha"": 1.0, ""margin"": 0.3521258415057569, ""p_observed"": 0.6760629207528783, ""prior_probability"": 0.8609053497942387, ""score"": 0.6760629207528783}}","{""gender=Female"": {""alpha"": 1.0, ""margin"": 0.04126241679058806, ""p_observed"": 0.520631208395294, ""prior_probability"": 0.1390946502057613, ""score"": 0.04126241679058806}, ""gender=Male"": {""alpha"": 1.0, ""margin"": 0.3521258415057569, ""p_observed"": 0.6760629207528783, ""prior_probability"": 0.8609053497942387, ""score"": 0.3521258415057569}}","{""gender=Female"": {""alpha"": 2.0, ""margin"": 0.04126241679058806, ""p_observed"": 0.520631208395294, ""prior_probability"": 0.1390946502057613, ""score"": -3.278027323337997}, ""gender=Male"": {""alpha"": 2.0, ""margin"": 0.3521258415057569, ""p_observed"": 0.6760629207528783, ""prior_probability"": 0.8609053497942387, ""score"": -0.9327089696175054}}"
451,Male,White,gender=Male,>50K,"{""age"": ""51"", ""workclass"": ""Local-gov"", ""education"": ""Bachelors"", ""educational-num"": ""13"", ""race"": ""White"", ""capital-gain"": ""0"", ""capital-loss"": ""0"", ""hours-per-week"": ""50"", ""native-country"": ""United-States""}",gender=Male,gender=Male,gender=Male,,gender=Male,gender=Male,gender=Male,0,>50K | Bachelors | Local-gov,2,2,"{""gender=Female"": ""<=50K"", ""gender=Male"": "">50K""}","{""gender=Female"": {""alpha"": 1.0, ""margin"": -0.44381062757456474, ""p_observed"": 0.27809468621271755, ""prior_probability"": 0.15218508997429306, ""score"": 0.27809468621271755}, ""gender=Male"": {""alpha"": 1.0, ""margin"": 0.07771659909821388, ""p_observed"": 0.538858299549107, ""prior_probability"": 0.847814910025707, ""score"": 0.538858299549107}}","{""gender=Female"": {""alpha"": 1.0, ""margin"": -0.44381062757456474, ""p_observed"": 0.27809468621271755, ""prior_probability"": 0.15218508997429306, ""score"": -0.44381062757456474}, ""gender=Male"": {""alpha"": 1.0, ""margin"": 0.07771659909821388, ""p_observed"": 0.538858299549107, ""prior_probability"": 0.847814910025707, ""score"": 0.07771659909821388}}","{""gender=Female"": {""alpha"": 2.0, ""margin"": -0.44381062757456474, ""p_observed"": 0.27809468621271755, ""prior_probability"": 0.15218508997429306, ""score"": -4.442245052517126}, ""gender=Male"": {""alpha"": 2.0, ""margin"": 0.07771659909821388, ""p_observed"": 0.538858299549107, ""prior_probability"": 0.847814910025707, ""score"": -1.4016982089354584}}"
452,Male,White,gender=Male,>50K,"{""age"": ""33"", ""workclass"": ""Private"", ""education"": ""Bachelors"", ""educational-num"": ""13"", ""race"": ""White"", ""capital-gain"": ""15024"", ""capital-loss"": ""0"", ""hours-per-week"": ""60"", ""native-country"": ""United-States""}",gender=Male,gender=Male,gender=Male,,gender=Male,gender=Male,gender=Male,0,>50K | Bachelors | Private,2,2,"{""gender=Female"": "">50K"", ""gender=Male"": "">50K""}","{""gender=Female"": {""alpha"": 1.0, ""margin"": 0.5542045265935562, ""p_observed"": 0.7771022632967781, ""prior_probability"": 0.15218508997429306, ""score"": 0.7771022632967781}, ""gender=Male"": {""alpha"": 1.0, ""margin"": 0.8439206225024053, ""p_observed"": 0.9219603112512026, ""prior_probability"": 0.847814910025707, ""score"": 0.9219603112512026}}","{""gender=Female"": {""alpha"": 1.0, ""margin"": 0.5542045265935562, ""p_observed"": 0.7771022632967781, ""prior_probability"": 0.15218508997429306, ""score"": 0.5542045265935562}, ""gender=Male"": {""alpha"": 1.0, ""margin"": 0.8439206225024053, ""p_observed"": 0.9219603112512026, ""prior_probability"": 0.847814910025707, ""score"": 0.8439206225024053}}","{""gender=Female"": {""alpha"": 2.0, ""margin"": 0.5542045265935562, ""p_observed"": 0.7771022632967781, ""prior_probability"": 0.15218508997429306, ""score"": -2.387024450288793}, ""gender=Male"": {""alpha"": 2.0, ""margin"": 0.8439206225024053, ""p_observed"": 0.9219603112512026, ""prior_probability"": 0.847814910025707, ""score"": -0.327599138927657}}"
453,Male,White,gender=Male,<=50K,"{""age"": ""35"", ""workclass"": ""Private"", ""education"": ""Some-college"", ""educational-num"": ""10"", ""race"": ""White"", ""capital-gain"": ""0"", ""capital-loss"": ""0"", ""hours-per-week"": ""40"", ""native-country"": ""Mexico""}",gender=Male,gender=Male,gender=Male,,gender=Female,gender=Female,gender=Male,0,<=50K | Some-college | Private,2,2,"{""gender=Female"": ""<=50K"", ""gender=Male"": ""<=50K""}","{""gender=Female"": {""alpha"": 1.0, ""margin"": 0.7982239996048254, ""p_observed"": 0.8991119998024125, ""prior_probability"": 0.44275132275132273, ""score"": 0.8991119998024125}, ""gender=Male"": {""alpha"": 1.0, ""margin"": 0.611432263667399, ""p_observed"": 0.8057161318336995, ""prior_probability"": 0.5572486772486772, ""score"": 0.8057161318336995}}","{""gender=Female"": {""alpha"": 1.0, ""margin"": 0.7982239996048254, ""p_observed"": 0.8991119998024125, ""prior_probability"": 0.44275132275132273, ""score"": 0.7982239996048254}, ""gender=Male"": {""alpha"": 1.0, ""margin"": 0.611432263667399, ""p_observed"": 0.8057161318336995, ""prior_probability"": 0.5572486772486772, ""score"": 0.611432263667399}}","{""gender=Female"": {""alpha"": 2.0, ""margin"": 0.7982239996048254, ""p_observed"": 0.8991119998024125, ""prior_probability"": 0.44275132275132273, ""score"": -1.0274423539834718}, ""gender=Male"": {""alpha"": 2.0, ""margin"": 0.611432263667399, ""p_observed"": 0.8057161318336995, ""prior_probability"": 0.5572486772486772, ""score"": -1.0167912649615545}}"
454,Male,White,gender=Male,>50K,"{""age"": ""38"", ""workclass"": ""Federal-gov"", ""education"": ""HS-grad"", ""educational-num"": ""9"", ""race"": ""White"", ""capital-gain"": ""0"", ""capital-loss"": ""0"", ""hours-per-week"": ""55"", ""native-country"": ""United-States""}",gender=Male,gender=Male,gender=Male,,gender=Male,gender=Male,gender=Male,0,>50K | HS-grad | Federal-gov,2,2,"{""gender=Female"": ""<=50K"", ""gender=Male"": ""<=50K""}","{""gender=Female"": {""alpha"": 1.0, ""margin"": -0.6396115399950704, ""p_observed"": 0.18019423000246476, ""prior_probability"": 0.129565816678153, ""score"": 0.18019423000246476}, ""gender=Male"": {""alpha"": 1.0, ""margin"": -0.31565148117728936, ""p_observed"": 0.3421742594113554, ""prior_probability"": 0.870434183321847, ""score"": 0.3421742594113554}}","{""gender=Female"": {""alpha"": 1.0, ""margin"": -0.6396115399950704, ""p_observed"": 0.18019423000246476, ""prior_probability"": 0.129565816678153, ""score"": -0.6396115399950704}, ""gender=Male"": {""alpha"": 1.0, ""margin"": -0.31565148117728936, ""p_observed"": 0.3421742594113554, ""prior_probability"": 0.870434183321847, ""score"": -0.31565148117728936}}","{""gender=Female"": {""alpha"": 2.0, ""margin"": -0.6396115399950704, ""p_observed"": 0.18019423000246476, ""prior_probability"": 0.129565816678153, ""score"": -5.471006198623586}, ""gender=Male"": {""alpha"": 2.0, ""margin"": -0.31565148117728936, ""p_observed"": 0.3421742594113554, ""prior_probability"": 0.870434183321847, ""score"": -2.283633413020757}}"
455,Male,White,gender=Male,<=50K,"{""age"": ""31"", ""workclass"": ""Private"", ""education"": ""HS-grad"", ""educational-num"": ""9"", ""race"": ""White"", ""capital-gain"": ""0"", ""capital-loss"": ""0"", ""hours-per-week"": ""65"", ""native-country"": ""United-States""}",gender=Male,gender=Male,gender=Male,,gender=Female,gender=Female,gender=Male,0,<=50K | HS-grad | Private,2,2,"{""gender=Female"": ""<=50K"", ""gender=Male"": ""<=50K""}","{""gender=Female"": {""alpha"": 1.0, ""margin"": 0.8415655983670044, ""p_observed"": 0.9207827991835023, ""prior_probability"": 0.3531869020347662, ""score"": 0.9207827991835023}, ""gender=Male"": {""alpha"": 1.0, ""margin"": 0.6130952898440994, ""p_observed"": 0.8065476449220499, ""prior_probability"": 0.6468130979652338, ""score"": 0.8065476449220499}}","{""gender=Female"": {""alpha"": 1.0, ""margin"": 0.8415655983670044, ""p_observed"": 0.9207827991835023, ""prior_probability"": 0.3531869020347662, ""score"": 0.8415655983670044}, ""gender=Male"": {""alpha"": 1.0, ""margin"": 0.6130952898440994, ""p_observed"": 0.8065476449220499, ""prior_probability"": 0.6468130979652338, ""score"": 0.6130952898440994}}","{""gender=Female"": {""alpha"": 2.0, ""margin"": 0.8415655983670044, ""p_observed"": 0.9207827991835023, ""prior_probability"": 0.3531869020347662, ""score"": -1.2058200987364849}, ""gender=Male"": {""alpha"": 2.0, ""margin"": 0.6130952898440994, ""p_observed"": 0.8065476449220499, ""prior_probability"": 0.6468130979652338, ""score"": -0.8656825150802088}}"
456,Female,White,gender=Female,<=50K,"{""age"": ""33"", ""workclass"": ""Private"", ""education"": ""Bachelors"", ""educational-num"": ""13"", ""race"": ""White"", ""capital-gain"": ""0"", ""capital-loss"": ""0"", ""hours-per-week"": ""40"", ""native-country"": ""United-States""}",gender=Male,gender=Male,gender=Male,,gender=Female,gender=Female,gender=Female,0,<=50K | Bachelors | Private,2,2,"{""gender=Female"": ""<=50K"", ""gender=Male"": ""<=50K""}","{""gender=Female"": {""alpha"": 1.0, ""margin"": 0.5600906885198371, ""p_observed"": 0.7800453442599184, ""prior_probability"": 0.4140684410646388, ""score"": 0.7800453442599184}, ""gender=Male"": {""alpha"": 1.0, ""margin"": 0.16642140027951347, ""p_observed"": 0.5832107001397567, ""prior_probability"": 0.5859315589353612, ""score"": 0.5832107001397567}}","{""gender=Female"": {""alpha"": 1.0, ""margin"": 0.5600906885198371, ""p_observed"": 0.7800453442599184, ""prior_probability"": 0.4140684410646388, ""score"": 0.5600906885198371}, ""gender=Male"": {""alpha"": 1.0, ""margin"": 0.16642140027951347, ""p_observed"": 0.5832107001397567, ""prior_probability"": 0.5859315589353612, ""score"": 0.16642140027951347}}","{""gender=Female"": {""alpha"": 2.0, ""margin"": 0.5600906885198371, ""p_observed"": 0.7800453442599184, ""prior_probability"": 0.4140684410646388, ""score"": -1.378530456882117}, ""gender=Male"": {""alpha"": 2.0, ""margin"": 0.16642140027951347, ""p_observed"": 0.5832107001397567, ""prior_probability"": 0.5859315589353612, ""score"": -1.6129657921829064}}"
457,Male,White,gender=Male,>50K,"{""age"": ""47"", ""workclass"": ""Private"", ""education"": ""Some-college"", ""educational-num"": ""10"", ""race"": ""White"", ""capital-gain"": ""0"", ""capital-loss"": ""0"", ""hours-per-week"": ""60"", ""native-country"": ""United-States""}",gender=Male,gender=Male,gender=Male,,gender=Male,gender=Male,gender=Male,0,>50K | Some-college | Private,2,2,"{""gender=Female"": ""<=50K"", ""gender=Male"": ""<=50K""}","{""gender=Female"": {""alpha"": 1.0, ""margin"": -0.7144038463579145, ""p_observed"": 0.14279807682104256, ""prior_probability"": 0.1390946502057613, ""score"": 0.14279807682104256}, ""gender=Male"": {""alpha"": 1.0, ""margin"": -0.2689780522667745, ""p_observed"": 0.3655109738666128, ""prior_probability"": 0.8609053497942387, ""score"": 0.3655109738666128}}","{""gender=Female"": {""alpha"": 1.0, ""margin"": -0.7144038463579145, ""p_observed"": 0.14279807682104256, ""prior_probability"": 0.1390946502057613, ""score"": -0.7144038463579145}, ""gender=Male"": {""alpha"": 1.0, ""margin"": -0.2689780522667745, ""p_observed"": 0.3655109738666128, ""prior_probability"": 0.8609053497942387, ""score"": -0.2689780522667745}}","{""gender=Female"": {""alpha"": 2.0, ""margin"": -0.7144038463579145, ""p_observed"": 0.14279807682104256, ""prior_probability"": 0.1390946502057613, ""score"": -5.865248034465776}, ""gender=Male"": {""alpha"": 2.0, ""margin"": -0.2689780522667745, ""p_observed"": 0.3655109738666128, ""prior_probability"": 0.8609053497942387, ""score"": -2.1626886631181095}}"
458,Female,White,gender=Female,<=50K,"{""age"": ""29"", ""workclass"": ""Federal-gov"", ""education"": ""Bachelors"", ""educational-num"": ""13"", ""race"": ""White"", ""capital-gain"": ""0"", ""capital-loss"": ""0"", ""hours-per-week"": ""40"", ""native-country"": ""United-States""}",gender=Male,gender=Male,gender=Male,gender=Male,gender=Female,gender=Female,gender=Female,1,<=50K | Bachelors | Federal-gov,2,2,"{""gender=Female"": ""<=50K"", ""gender=Male"": ""<=50K""}","{""gender=Female"": {""alpha"": 1.0, ""margin"": 0.6688246611452592, ""p_observed"": 0.8344123305726295, ""prior_probability"": 0.4140684410646388, ""score"": 0.8344123305726295}, ""gender=Male"": {""alpha"": 1.0, ""margin"": 0.21237612534449107, ""p_observed"": 0.6061880626722455, ""prior_probability"": 0.5859315589353612, ""score"": 0.6061880626722455}}","{""gender=Female"": {""alpha"": 1.0, ""margin"": 0.6688246611452592, ""p_observed"": 0.8344123305726295, ""prior_probability"": 0.4140684410646388, ""score"": 0.6688246611452592}, ""gender=Male"": {""alpha"": 1.0, ""margin"": 0.21237612534449107, ""p_observed"": 0.6061880626722455, ""prior_probability"": 0.5859315589353612, ""score"": 0.21237612534449107}}","{""gender=Female"": {""alpha"": 2.0, ""margin"": 0.6688246611452592, ""p_observed"": 0.8344123305726295, ""prior_probability"": 0.4140684410646388, ""score"": -1.2437791975051633}, ""gender=Male"": {""alpha"": 2.0, ""margin"": 0.21237612534449107, ""p_observed"": 0.6061880626722455, ""prior_probability"": 0.5859315589353612, ""score"": -1.5356823030795872}}"
459,Male,Black,gender=Male,<=50K,"{""age"": ""30"", ""workclass"": ""Private"", ""education"": ""HS-grad"", ""educational-num"": ""9"", ""race"": ""Black"", ""capital-gain"": ""1506"", ""capital-loss"": ""0"", ""hours-per-week"": ""80"", ""native-country"": ""United-States""}",gender=Male,gender=Male,gender=Male,,gender=Female,gender=Female,gender=Male,0,<=50K | HS-grad | Private,2,2,"{""gender=Female"": ""<=50K"", ""gender=Male"": ""<=50K""}","{""gender=Female"": {""alpha"": 1.0, ""margin"": 0.8824773805703818, ""p_observed"": 0.9412386902851908, ""prior_probability"": 0.3531869020347662, ""score"": 0.9412386902851908}, ""gender=Male"": {""alpha"": 1.0, ""margin"": 0.7791513062068611, ""p_observed"": 0.8895756531034307, ""prior_probability"": 0.6468130979652338, ""score"": 0.8895756531034307}}","{""gender=Female"": {""alpha"": 1.0, ""margin"": 0.8824773805703818, ""p_observed"": 0.9412386902851908, ""prior_probability"": 0.3531869020347662, ""score"": 0.8824773805703818}, ""gender=Male"": {""alpha"": 1.0, ""margin"": 0.7791513062068611, ""p_observed"": 0.8895756531034307, ""prior_probability"": 0.6468130979652338, ""score"": 0.7791513062068611}}","{""gender=Female"": {""alpha"": 2.0, ""margin"": 0.8824773805703818, ""p_observed"": 0.9412386902851908, ""prior_probability"": 0.3531869020347662, ""score"": -1.161874925793698}, ""gender=Male"": {""alpha"": 2.0, ""margin"": 0.7791513062068611, ""p_observed"": 0.8895756531034307, ""prior_probability"": 0.6468130979652338, ""score"": -0.6697193495227292}}"
460,Male,White,gender=Male,>50K,"{""age"": ""44"", ""workclass"": ""Private"", ""education"": ""Some-college"", ""educational-num"": ""10"", ""race"": ""White"", ""capital-gain"": ""0"", ""capital-loss"": ""0"", ""hours-per-week"": ""48"", ""native-country"": ""United-States""}",gender=Male,gender=Male,gender=Male,,gender=Male,gender=Male,gender=Male,0,>50K | Some-college | Private,2,2,"{""gender=Female"": ""<=50K"", ""gender=Male"": ""<=50K""}","{""gender=Female"": {""alpha"": 1.0, ""margin"": -0.7042126245860486, ""p_observed"": 0.14789368770697553, ""prior_probability"": 0.1390946502057613, ""score"": 0.14789368770697553}, ""gender=Male"": {""alpha"": 1.0, ""margin"": -0.277998868762351, ""p_observed"": 0.36100056561882454, ""prior_probability"": 0.8609053497942387, ""score"": 0.36100056561882454}}","{""gender=Female"": {""alpha"": 1.0, ""margin"": -0.7042126245860486, ""p_observed"": 0.14789368770697553, ""prior_probability"": 0.1390946502057613, ""score"": -0.7042126245860486}, ""gender=Male"": {""alpha"": 1.0, ""margin"": -0.277998868762351, ""p_observed"": 0.36100056561882454, ""prior_probability"": 0.8609053497942387, ""score"": -0.277998868762351}}","{""gender=Female"": {""alpha"": 2.0, ""margin"": -0.7042126245860486, ""p_observed"": 0.14789368770697553, ""prior_probability"": 0.1390946502057613, ""score"": -5.795123820135972}, ""gender=Male"": {""alpha"": 2.0, ""margin"": -0.277998868762351, ""p_observed"": 0.36100056561882454, ""prior_probability"": 0.8609053497942387, ""score"": -2.187522218828451}}"
461,Female,Asian-Pac-Islander,gender=Female,>50K,"{""age"": ""52"", ""workclass"": ""Federal-gov"", ""education"": ""Some-college"", ""educational-num"": ""10"", ""race"": ""Asian-Pac-Islander"", ""capital-gain"": ""0"", ""capital-loss"": ""0"", ""hours-per-week"": ""40"", ""native-country"": ""United-States""}",gender=Male,gender=Male,gender=Male,,gender=Male,gender=Male,gender=Male,0,>50K | Some-college | Federal-gov,2,2,"{""gender=Female"": ""<=50K"", ""gender=Male"": ""<=50K""}","{""gender=Female"": {""alpha"": 1.0, ""margin"": -0.7239687907792649, ""p_observed"": 0.1380156046103676, ""prior_probability"": 0.1390946502057613, ""score"": 0.1380156046103676}, ""gender=Male"": {""alpha"": 1.0, ""margin"": -0.2596362977769742, ""p_observed"": 0.37018185111151286, ""prior_probability"": 0.8609053497942387, ""score"": 0.37018185111151286}}","{""gender=Female"": {""alpha"": 1.0, ""margin"": -0.7239687907792649, ""p_observed"": 0.1380156046103676, ""prior_probability"": 0.1390946502057613, ""score"": -0.7239687907792649}, ""gender=Male"": {""alpha"": 1.0, ""margin"": -0.2596362977769742, ""p_observed"": 0.37018185111151286, ""prior_probability"": 0.8609053497942387, ""score"": -0.2596362977769742}}","{""gender=Female"": {""alpha"": 2.0, ""margin"": -0.7239687907792649, ""p_observed"": 0.1380156046103676, ""prior_probability"": 0.1390946502057613, ""score"": -5.933377687513415}, ""gender=Male"": {""alpha"": 2.0, ""margin"": -0.2596362977769742, ""p_observed"": 0.37018185111151286, ""prior_probability"": 0.8609053497942387, ""score"": -2.1372925203391624}}"
462,Female,White,gender=Female,<=50K,"{""age"": ""39"", ""workclass"": ""Private"", ""education"": ""HS-grad"", ""educational-num"": ""9"", ""race"": ""White"", ""capital-gain"": ""0"", ""capital-loss"": ""0"", ""hours-per-week"": ""40"", ""native-country"": ""United-States""}",gender=Male,gender=Male,gender=Male,,gender=Female,gender=Female,gender=Male,0,<=50K | HS-grad | Private,2,2,"{""gender=Female"": ""<=50K"", ""gender=Male"": ""<=50K""}","{""gender=Female"": {""alpha"": 1.0, ""margin"": 0.809621210804284, ""p_observed"": 0.9048106054021419, ""prior_probability"": 0.3531869020347662, ""score"": 0.9048106054021419}, ""gender=Male"": {""alpha"": 1.0, ""margin"": 0.5230050603440359, ""p_observed"": 0.761502530172018, ""prior_probability"": 0.6468130979652338, ""score"": 0.761502530172018}}","{""gender=Female"": {""alpha"": 1.0, ""margin"": 0.809621210804284, ""p_observed"": 0.9048106054021419, ""prior_probability"": 0.3531869020347662, ""score"": 0.809621210804284}, ""gender=Male"": {""alpha"": 1.0, ""margin"": 0.5230050603440359, ""p_observed"": 0.761502530172018, ""prior_probability"": 0.6468130979652338, ""score"": 0.5230050603440359}}","{""gender=Female"": {""alpha"": 2.0, ""margin"": 0.809621210804284, ""p_observed"": 0.9048106054021419, ""prior_probability"": 0.3531869020347662, ""score"": -1.2408171606110967}, ""gender=Male"": {""alpha"": 2.0, ""margin"": 0.5230050603440359, ""p_observed"": 0.761502530172018, ""prior_probability"": 0.6468130979652338, ""score"": -0.9806214691472056}}"
463,Male,White,gender=Male,<=50K,"{""age"": ""29"", ""workclass"": ""Private"", ""education"": ""HS-grad"", ""educational-num"": ""9"", ""race"": ""White"", ""capital-gain"": ""0"", ""capital-loss"": ""0"", ""hours-per-week"": ""48"", ""native-country"": ""United-States""}",gender=Male,gender=Male,gender=Male,,gender=Female,gender=Female,gender=Male,0,<=50K | HS-grad | Private,2,2,"{""gender=Female"": ""<=50K"", ""gender=Male"": ""<=50K""}","{""gender=Female"": {""alpha"": 1.0, ""margin"": 0.8550231068023924, ""p_observed"": 0.9275115534011963, ""prior_probability"": 0.3531869020347662, ""score"": 0.9275115534011963}, ""gender=Male"": {""alpha"": 1.0, ""margin"": 0.715580234502156, ""p_observed"": 0.857790117251078, ""prior_probability"": 0.6468130979652338, ""score"": 0.857790117251078}}","{""gender=Female"": {""alpha"": 1.0, ""margin"": 0.8550231068023924, ""p_observed"": 0.9275115534011963, ""prior_probability"": 0.3531869020347662, ""score"": 0.8550231068023924}, ""gender=Male"": {""alpha"": 1.0, ""margin"": 0.715580234502156, ""p_observed"": 0.857790117251078, ""prior_probability"": 0.6468130979652338, ""score"": 0.715580234502156}}","{""gender=Female"": {""alpha"": 2.0, ""margin"": 0.8550231068023924, ""p_observed"": 0.9275115534011963, ""prior_probability"": 0.3531869020347662, ""score"": -1.1912579508084904}, ""gender=Male"": {""alpha"": 2.0, ""margin"": 0.715580234502156, ""p_observed"": 0.857790117251078, ""prior_probability"": 0.6468130979652338, ""score"": -0.7424895570874892}}"
464,Male,White,gender=Male,>50K,"{""age"": ""64"", ""workclass"": ""Private"", ""education"": ""Doctorate"", ""educational-num"": ""16"", ""race"": ""White"", ""capital-gain"": ""0"", ""capital-loss"": ""0"", ""hours-per-week"": ""60"", ""native-country"": ""United-States""}",gender=Male,gender=Male,gender=Male,,gender=Male,gender=Male,gender=Male,0,>50K | Doctorate | Private,2,2,"{""gender=Female"": "">50K"", ""gender=Male"": "">50K""}","{""gender=Female"": {""alpha"": 1.0, ""margin"": 0.02865262266090185, ""p_observed"": 0.514326311330451, ""prior_probability"": 0.16942148760330578, ""score"": 0.514326311330451}, ""gender=Male"": {""alpha"": 1.0, ""margin"": 0.35110840178868924, ""p_observed"": 0.6755542008943446, ""prior_probability"": 0.8305785123966942, ""score"": 0.6755542008943446}}","{""gender=Female"": {""alpha"": 1.0, ""margin"": 0.02865262266090185, ""p_observed"": 0.514326311330451, ""prior_probability"": 0.16942148760330578, ""score"": 0.02865262266090185}, ""gender=Male"": {""alpha"": 1.0, ""margin"": 0.35110840178868924, ""p_observed"": 0.6755542008943446, ""prior_probability"": 0.8305785123966942, ""score"": 0.35110840178868924}}","{""gender=Female"": {""alpha"": 2.0, ""margin"": 0.02865262266090185, ""p_observed"": 0.514326311330451, ""prior_probability"": 0.16942148760330578, ""score"": -3.105160395473668}, ""gender=Male"": {""alpha"": 2.0, ""margin"": 0.35110840178868924, ""p_observed"": 0.6755542008943446, ""prior_probability"": 0.8305785123966942, ""score"": -0.9700765913280832}}"
465,Male,White,gender=Male,<=50K,"{""age"": ""41"", ""workclass"": ""Private"", ""education"": ""Some-college"", ""educational-num"": ""10"", ""race"": ""White"", ""capital-gain"": ""0"", ""capital-loss"": ""0"", ""hours-per-week"": ""50"", ""native-country"": ""United-States""}",gender=Male,gender=Male,gender=Male,,gender=Female,gender=Female,gender=Female,0,<=50K | Some-college | Private,2,2,"{""gender=Female"": ""<=50K"", ""gender=Male"": ""<=50K""}","{""gender=Female"": {""alpha"": 1.0, ""margin"": 0.7064257536009844, ""p_observed"": 0.8532128768004921, ""prior_probability"": 0.44275132275132273, ""score"": 0.8532128768004921}, ""gender=Male"": {""alpha"": 1.0, ""margin"": 0.2719580131911331, ""p_observed"": 0.6359790065955666, ""prior_probability"": 0.5572486772486772, ""score"": 0.6359790065955666}}","{""gender=Female"": {""alpha"": 1.0, ""margin"": 0.7064257536009844, ""p_observed"": 0.8532128768004921, ""prior_probability"": 0.44275132275132273, ""score"": 0.7064257536009844}, ""gender=Male"": {""alpha"": 1.0, ""margin"": 0.2719580131911331, ""p_observed"": 0.6359790065955666, ""prior_probability"": 0.5572486772486772, ""score"": 0.2719580131911331}}","{""gender=Female"": {""alpha"": 2.0, ""margin"": 0.7064257536009844, ""p_observed"": 0.8532128768004921, ""prior_probability"": 0.44275132275132273, ""score"": -1.1322394150231743}, ""gender=Male"": {""alpha"": 2.0, ""margin"": 0.2719580131911331, ""p_observed"": 0.6359790065955666, ""prior_probability"": 0.5572486772486772, ""score"": -1.489923129800222}}"
466,Male,White,gender=Male,<=50K,"{""age"": ""44"", ""workclass"": ""Private"", ""education"": ""Some-college"", ""educational-num"": ""10"", ""race"": ""White"", ""capital-gain"": ""0"", ""capital-loss"": ""0"", ""hours-per-week"": ""40"", ""native-country"": ""United-States""}",gender=Male,gender=Male,gender=Male,,gender=Female,gender=Female,gender=Female,0,<=50K | Some-college | Private,2,2,"{""gender=Female"": ""<=50K"", ""gender=Male"": ""<=50K""}","{""gender=Female"": {""alpha"": 1.0, ""margin"": 0.7847542616499616, ""p_observed"": 0.8923771308249808, ""prior_probability"": 0.44275132275132273, ""score"": 0.8923771308249808}, ""gender=Male"": {""alpha"": 1.0, ""margin"": 0.37254339401870745, ""p_observed"": 0.6862716970093536, ""prior_probability"": 0.5572486772486772, ""score"": 0.6862716970093536}}","{""gender=Female"": {""alpha"": 1.0, ""margin"": 0.7847542616499616, ""p_observed"": 0.8923771308249808, ""prior_probability"": 0.44275132275132273, ""score"": 0.7847542616499616}, ""gender=Male"": {""alpha"": 1.0, ""margin"": 0.37254339401870745, ""p_observed"": 0.6862716970093536, ""prior_probability"": 0.5572486772486772, ""score"": 0.37254339401870745}}","{""gender=Female"": {""alpha"": 2.0, ""margin"": 0.7847542616499616, ""p_observed"": 0.8923771308249808, ""prior_probability"": 0.44275132275132273, ""score"": -1.0424799014409607}, ""gender=Male"": {""alpha"": 2.0, ""margin"": 0.37254339401870745, ""p_observed"": 0.6862716970093536, ""prior_probability"": 0.5572486772486772, ""score"": -1.3377070202051833}}"
467,Male,White,gender=Male,<=50K,"{""age"": ""44"", ""workclass"": ""Local-gov"", ""education"": ""Bachelors"", ""educational-num"": ""13"", ""race"": ""White"", ""capital-gain"": ""0"", ""capital-loss"": ""0"", ""hours-per-week"": ""50"", ""native-country"": ""United-States""}",gender=Male,gender=Male,gender=Female,,gender=Female,gender=Female,gender=Female,0,<=50K | Bachelors | Local-gov,2,2,"{""gender=Female"": ""<=50K"", ""gender=Male"": "">50K""}","{""gender=Female"": {""alpha"": 1.0, ""margin"": 0.44054259905168014, ""p_observed"": 0.72027129952584, ""prior_probability"": 0.4140684410646388, ""score"": 0.72027129952584}, ""gender=Male"": {""alpha"": 1.0, ""margin"": -0.07868942885489993, ""p_observed"": 0.4606552855725502, ""prior_probability"": 0.5859315589353612, ""score"": 0.4606552855725502}}","{""gender=Female"": {""alpha"": 1.0, ""margin"": 0.44054259905168014, ""p_observed"": 0.72027129952584, ""prior_probability"": 0.4140684410646388, ""score"": 0.44054259905168014}, ""gender=Male"": {""alpha"": 1.0, ""margin"": -0.07868942885489993, ""p_observed"": 0.4606552855725502, ""prior_probability"": 0.5859315589353612, ""score"": -0.07868942885489993}}","{""gender=Female"": {""alpha"": 2.0, ""margin"": 0.44054259905168014, ""p_observed"": 0.72027129952584, ""prior_probability"": 0.4140684410646388, ""score"": -1.537978668335196}, ""gender=Male"": {""alpha"": 2.0, ""margin"": -0.07868942885489993, ""p_observed"": 0.4606552855725502, ""prior_probability"": 0.5859315589353612, ""score"": -2.084762828514502}}"
468,Male,White,gender=Male,>50K,"{""age"": ""31"", ""workclass"": ""Private"", ""education"": ""Bachelors"", ""educational-num"": ""13"", ""race"": ""White"", ""capital-gain"": ""0"", ""capital-loss"": ""0"", ""hours-per-week"": ""43"", ""native-country"": ""United-States""}",gender=Male,gender=Male,gender=Male,,gender=Male,gender=Male,gender=Male,0,>50K | Bachelors | Private,2,2,"{""gender=Female"": ""<=50K"", ""gender=Male"": ""<=50K""}","{""gender=Female"": {""alpha"": 1.0, ""margin"": -0.4613419761562028, ""p_observed"": 0.26932901192189856, ""prior_probability"": 0.15218508997429306, ""score"": 0.26932901192189856}, ""gender=Male"": {""alpha"": 1.0, ""margin"": -0.05086311979445379, ""p_observed"": 0.4745684401027731, ""prior_probability"": 0.847814910025707, ""score"": 0.4745684401027731}}","{""gender=Female"": {""alpha"": 1.0, ""margin"": -0.4613419761562028, ""p_observed"": 0.26932901192189856, ""prior_probability"": 0.15218508997429306, ""score"": -0.4613419761562028}, ""gender=Male"": {""alpha"": 1.0, ""margin"": -0.05086311979445379, ""p_observed"": 0.4745684401027731, ""prior_probability"": 0.847814910025707, ""score"": -0.05086311979445379}}","{""gender=Female"": {""alpha"": 2.0, ""margin"": -0.4613419761562028, ""p_observed"": 0.26932901192189856, ""prior_probability"": 0.15218508997429306, ""score"": -4.506300909933101}, ""gender=Male"": {""alpha"": 2.0, ""margin"": -0.05086311979445379, ""p_observed"": 0.4745684401027731, ""prior_probability"": 0.847814910025707, ""score"": -1.6557918036502994}}"
469,Male,White,gender=Male,<=50K,"{""age"": ""68"", ""workclass"": ""Private"", ""education"": ""5th-6th"", ""educational-num"": ""3"", ""race"": ""White"", ""capital-gain"": ""0"", ""capital-loss"": ""0"", ""hours-per-week"": ""22"", ""native-country"": ""United-States""}",gender=Male,gender=Male,gender=Male,,gender=Female,gender=Female,gender=Male,0,<=50K | 5th-6th | Private,2,2,"{""gender=Female"": ""<=50K"", ""gender=Male"": ""<=50K""}","{""gender=Female"": {""alpha"": 1.0, ""margin"": 0.8754177485493234, ""p_observed"": 0.9377088742746617, ""prior_probability"": 0.27547169811320754, ""score"": 0.9377088742746617}, ""gender=Male"": {""alpha"": 1.0, ""margin"": 0.7357008109559956, ""p_observed"": 0.8678504054779976, ""prior_probability"": 0.7245283018867924, ""score"": 0.8678504054779976}}","{""gender=Female"": {""alpha"": 1.0, ""margin"": 0.8754177485493234, ""p_observed"": 0.9377088742746617, ""prior_probability"": 0.27547169811320754, ""score"": 0.8754177485493234}, ""gender=Male"": {""alpha"": 1.0, ""margin"": 0.7357008109559956, ""p_observed"": 0.8678504054779976, ""prior_probability"": 0.7245283018867924, ""score"": 0.7357008109559956}}","{""gender=Female"": {""alpha"": 2.0, ""margin"": 0.8754177485493234, ""p_observed"": 0.9377088742746617, ""prior_probability"": 0.27547169811320754, ""score"": -1.4179018782924853}, ""gender=Male"": {""alpha"": 2.0, ""margin"": 0.7357008109559956, ""p_observed"": 0.8678504054779976, ""prior_probability"": 0.7245283018867924, ""score"": -0.6057063001465692}}"
470,Male,White,gender=Male,<=50K,"{""age"": ""37"", ""workclass"": ""Private"", ""education"": ""HS-grad"", ""educational-num"": ""9"", ""race"": ""White"", ""capital-gain"": ""0"", ""capital-loss"": ""0"", ""hours-per-week"": ""40"", ""native-country"": ""United-States""}",gender=Male,gender=Male,gender=Male,,gender=Female,gender=Female,gender=Male,0,<=50K | HS-grad | Private,2,2,"{""gender=Female"": ""<=50K"", ""gender=Male"": ""<=50K""}","{""gender=Female"": {""alpha"": 1.0, ""margin"": 0.809621210804284, ""p_observed"": 0.9048106054021419, ""prior_probability"": 0.3531869020347662, ""score"": 0.9048106054021419}, ""gender=Male"": {""alpha"": 1.0, ""margin"": 0.5377091215342054, ""p_observed"": 0.7688545607671027, ""prior_probability"": 0.6468130979652338, ""score"": 0.7688545607671027}}","{""gender=Female"": {""alpha"": 1.0, ""margin"": 0.809621210804284, ""p_observed"": 0.9048106054021419, ""prior_probability"": 0.3531869020347662, ""score"": 0.809621210804284}, ""gender=Male"": {""alpha"": 1.0, ""margin"": 0.5377091215342054, ""p_observed"": 0.7688545607671027, ""prior_probability"": 0.6468130979652338, ""score"": 0.5377091215342054}}","{""gender=Female"": {""alpha"": 2.0, ""margin"": 0.809621210804284, ""p_observed"": 0.9048106054021419, ""prior_probability"": 0.3531869020347662, ""score"": -1.2408171606110967}, ""gender=Male"": {""alpha"": 2.0, ""margin"": 0.5377091215342054, ""p_observed"": 0.7688545607671027, ""prior_probability"": 0.6468130979652338, ""score"": -0.9614048112831282}}"
471,Male,Black,gender=Male,<=50K,"{""age"": ""41"", ""workclass"": ""Private"", ""education"": ""Some-college"", ""educational-num"": ""10"", ""race"": ""Black"", ""capital-gain"": ""0"", ""capital-loss"": ""0"", ""hours-per-week"": ""45"", ""native-country"": ""United-States""}",gender=Male,gender=Male,gender=Male,,gender=Female,gender=Female,gender=Female,0,<=50K | Some-college | Private,2,2,"{""gender=Female"": ""<=50K"", ""gender=Male"": ""<=50K""}","{""gender=Female"": {""alpha"": 1.0, ""margin"": 0.7346406199366651, ""p_observed"": 0.8673203099683324, ""prior_probability"": 0.44275132275132273, ""score"": 0.8673203099683324}, ""gender=Male"": {""alpha"": 1.0, ""margin"": 0.3506693195277667, ""p_observed"": 0.6753346597638833, ""prior_probability"": 0.5572486772486772, ""score"": 0.6753346597638833}}","{""gender=Female"": {""alpha"": 1.0, ""margin"": 0.7346406199366651, ""p_observed"": 0.8673203099683324, ""prior_probability"": 0.44275132275132273, ""score"": 0.7346406199366651}, ""gender=Male"": {""alpha"": 1.0, ""margin"": 0.3506693195277667, ""p_observed"": 0.6753346597638833, ""prior_probability"": 0.5572486772486772, ""score"": 0.3506693195277667}}","{""gender=Female"": {""alpha"": 2.0, ""margin"": 0.7346406199366651, ""p_observed"": 0.8673203099683324, ""prior_probability"": 0.44275132275132273, ""score"": -1.09944086294269}, ""gender=Male"": {""alpha"": 2.0, ""margin"": 0.3506693195277667, ""p_observed"": 0.6753346597638833, ""prior_probability"": 0.5572486772486772, ""score"": -1.3698375178938993}}"
472,Male,White,gender=Male,<=50K,"{""age"": ""27"", ""workclass"": ""Private"", ""education"": ""HS-grad"", ""educational-num"": ""9"", ""race"": ""White"", ""capital-gain"": ""0"", ""capital-loss"": ""1876"", ""hours-per-week"": ""75"", ""native-country"": ""United-States""}",gender=Male,gender=Male,gender=Male,,gender=Female,gender=Female,gender=Male,0,<=50K | HS-grad | Private,2,2,"{""gender=Female"": ""<=50K"", ""gender=Male"": ""<=50K""}","{""gender=Female"": {""alpha"": 1.0, ""margin"": 0.3561560330902121, ""p_observed"": 0.678078016545106, ""prior_probability"": 0.3531869020347662, ""score"": 0.678078016545106}, ""gender=Male"": {""alpha"": 1.0, ""margin"": 0.09479591011920441, ""p_observed"": 0.5473979550596022, ""prior_probability"": 0.6468130979652338, ""score"": 0.5473979550596022}}","{""gender=Female"": {""alpha"": 1.0, ""margin"": 0.3561560330902121, ""p_observed"": 0.678078016545106, ""prior_probability"": 0.3531869020347662, ""score"": 0.3561560330902121}, ""gender=Male"": {""alpha"": 1.0, ""margin"": 0.09479591011920441, ""p_observed"": 0.5473979550596022, ""prior_probability"": 0.6468130979652338, ""score"": 0.09479591011920441}}","{""gender=Female"": {""alpha"": 2.0, ""margin"": 0.3561560330902121, ""p_observed"": 0.678078016545106, ""prior_probability"": 0.3531869020347662, ""score"": -1.817743752668791}, ""gender=Male"": {""alpha"": 2.0, ""margin"": 0.09479591011920441, ""p_observed"": 0.5473979550596022, ""prior_probability"": 0.6468130979652338, ""score"": -1.640856337305785}}"
473,Female,White,gender=Female,<=50K,"{""age"": ""64"", ""workclass"": ""Private"", ""education"": ""Assoc-voc"", ""educational-num"": ""11"", ""race"": ""White"", ""capital-gain"": ""0"", ""capital-loss"": ""0"", ""hours-per-week"": ""40"", ""native-country"": ""United-States""}",gender=Male,gender=Male,gender=Male,,gender=Female,gender=Female,gender=Female,0,<=50K | Assoc-voc | Private,2,2,"{""gender=Female"": ""<=50K"", ""gender=Male"": ""<=50K""}","{""gender=Female"": {""alpha"": 1.0, ""margin"": 0.7870356229520893, ""p_observed"": 0.8935178114760447, ""prior_probability"": 0.40348837209302324, ""score"": 0.8935178114760447}, ""gender=Male"": {""alpha"": 1.0, ""margin"": 0.4460788805323896, ""p_observed"": 0.7230394402661948, ""prior_probability"": 0.5965116279069768, ""score"": 0.7230394402661948}}","{""gender=Female"": {""alpha"": 1.0, ""margin"": 0.7870356229520893, ""p_observed"": 0.8935178114760447, ""prior_probability"": 0.40348837209302324, ""score"": 0.7870356229520893}, ""gender=Male"": {""alpha"": 1.0, ""margin"": 0.4460788805323896, ""p_observed"": 0.7230394402661948, ""prior_probability"": 0.5965116279069768, ""score"": 0.4460788805323896}}","{""gender=Female"": {""alpha"": 2.0, ""margin"": 0.7870356229520893, ""p_observed"": 0.8935178114760447, ""prior_probability"": 0.40348837209302324, ""score"": -1.1327856294627223}, ""gender=Male"": {""alpha"": 2.0, ""margin"": 0.4460788805323896, ""p_observed"": 0.7230394402661948, ""prior_probability"": 0.5965116279069768, ""score"": -1.1652395589946658}}"
474,Female,White,gender=Female,<=50K,"{""age"": ""26"", ""workclass"": ""Private"", ""education"": ""HS-grad"", ""educational-num"": ""9"", ""race"": ""White"", ""capital-gain"": ""0"", ""capital-loss"": ""0"", ""hours-per-week"": ""48"", ""native-country"": ""United-States""}",gender=Male,gender=Male,gender=Male,,gender=Female,gender=Female,gender=Male,0,<=50K | HS-grad | Private,2,2,"{""gender=Female"": ""<=50K"", ""gender=Male"": ""<=50K""}","{""gender=Female"": {""alpha"": 1.0, ""margin"": 0.8779456691424133, ""p_observed"": 0.9389728345712068, ""prior_probability"": 0.3531869020347662, ""score"": 0.9389728345712068}, ""gender=Male"": {""alpha"": 1.0, ""margin"": 0.769486103524586, ""p_observed"": 0.8847430517622931, ""prior_probability"": 0.6468130979652338, ""score"": 0.8847430517622931}}","{""gender=Female"": {""alpha"": 1.0, ""margin"": 0.8779456691424133, ""p_observed"": 0.9389728345712068, ""prior_probability"": 0.3531869020347662, ""score"": 0.8779456691424133}, ""gender=Male"": {""alpha"": 1.0, ""margin"": 0.769486103524586, ""p_observed"": 0.8847430517622931, ""prior_probability"": 0.6468130979652338, ""score"": 0.769486103524586}}","{""gender=Female"": {""alpha"": 2.0, ""margin"": 0.8779456691424133, ""p_observed"": 0.9389728345712068, ""prior_probability"": 0.3531869020347662, ""score"": -1.1666953553696637}, ""gender=Male"": {""alpha"": 2.0, ""margin"": 0.769486103524586, ""p_observed"": 0.8847430517622931, ""prior_probability"": 0.6468130979652338, ""score"": -0.6806139273179733}}"
475,Male,White,gender=Male,>50K,"{""age"": ""42"", ""workclass"": ""Private"", ""education"": ""Bachelors"", ""educational-num"": ""13"", ""race"": ""White"", ""capital-gain"": ""0"", ""capital-loss"": ""0"", ""hours-per-week"": ""70"", ""native-country"": ""United-States""}",gender=Male,gender=Male,gender=Male,,gender=Male,gender=Male,gender=Male,0,>50K | Bachelors | Private,2,2,"{""gender=Female"": ""<=50K"", ""gender=Male"": "">50K""}","{""gender=Female"": {""alpha"": 1.0, ""margin"": -0.34572686305706346, ""p_observed"": 0.3271365684714682, ""prior_probability"": 0.15218508997429306, ""score"": 0.3271365684714682}, ""gender=Male"": {""alpha"": 1.0, ""margin"": 0.17092906690497667, ""p_observed"": 0.5854645334524883, ""prior_probability"": 0.847814910025707, ""score"": 0.5854645334524883}}","{""gender=Female"": {""alpha"": 1.0, ""margin"": -0.34572686305706346, ""p_observed"": 0.3271365684714682, ""prior_probability"": 0.15218508997429306, ""score"": -0.34572686305706346}, ""gender=Male"": {""alpha"": 1.0, ""margin"": 0.17092906690497667, ""p_observed"": 0.5854645334524883, ""prior_probability"": 0.847814910025707, ""score"": 0.17092906690497667}}","{""gender=Female"": {""alpha"": 2.0, ""margin"": -0.34572686305706346, ""p_observed"": 0.3271365684714682, ""prior_probability"": 0.15218508997429306, ""score"": -4.117412911102304}, ""gender=Male"": {""alpha"": 2.0, ""margin"": 0.17092906690497667, ""p_observed"": 0.5854645334524883, ""prior_probability"": 0.847814910025707, ""score"": -1.2357922786583462}}"
476,Male,White,gender=Male,>50K,"{""age"": ""36"", ""workclass"": ""Local-gov"", ""education"": ""Bachelors"", ""educational-num"": ""13"", ""race"": ""White"", ""capital-gain"": ""0"", ""capital-loss"": ""1887"", ""hours-per-week"": ""40"", ""native-country"": ""United-States""}",gender=Male,gender=Male,gender=Male,,gender=Male,gender=Male,gender=Male,0,>50K | Bachelors | Local-gov,2,2,"{""gender=Female"": "">50K"", ""gender=Male"": "">50K""}","{""gender=Female"": {""alpha"": 1.0, ""margin"": 0.21966933359685198, ""p_observed"": 0.609834666798426, ""prior_probability"": 0.15218508997429306, ""score"": 0.609834666798426}, ""gender=Male"": {""alpha"": 1.0, ""margin"": 0.43405661294350645, ""p_observed"": 0.7170283064717533, ""prior_probability"": 0.847814910025707, ""score"": 0.7170283064717533}}","{""gender=Female"": {""alpha"": 1.0, ""margin"": 0.21966933359685198, ""p_observed"": 0.609834666798426, ""prior_probability"": 0.15218508997429306, ""score"": 0.21966933359685198}, ""gender=Male"": {""alpha"": 1.0, ""margin"": 0.43405661294350645, ""p_observed"": 0.7170283064717533, ""prior_probability"": 0.847814910025707, ""score"": 0.43405661294350645}}","{""gender=Female"": {""alpha"": 2.0, ""margin"": 0.21966933359685198, ""p_observed"": 0.609834666798426, ""prior_probability"": 0.15218508997429306, ""score"": -2.871792594903674}, ""gender=Male"": {""alpha"": 2.0, ""margin"": 0.43405661294350645, ""p_observed"": 0.7170283064717533, ""prior_probability"": 0.847814910025707, ""score"": -0.8303728537363302}}"
477,Female,White,gender=Female,<=50K,"{""age"": ""70"", ""workclass"": ""Private"", ""education"": ""Bachelors"", ""educational-num"": ""13"", ""race"": ""White"", ""capital-gain"": ""0"", ""capital-loss"": ""0"", ""hours-per-week"": ""20"", ""native-country"": ""Puerto-Rico""}",gender=Male,gender=Male,gender=Male,,gender=Female,gender=Female,gender=Female,0,<=50K | Bachelors | Private,2,2,"{""gender=Female"": ""<=50K"", ""gender=Male"": ""<=50K""}","{""gender=Female"": {""alpha"": 1.0, ""margin"": 0.6412370229455281, ""p_observed"": 0.820618511472764, ""prior_probability"": 0.4140684410646388, ""score"": 0.820618511472764}, ""gender=Male"": {""alpha"": 1.0, ""margin"": 0.3588768489659545, ""p_observed"": 0.6794384244829773, ""prior_probability"": 0.5859315589353612, ""score"": 0.6794384244829773}}","{""gender=Female"": {""alpha"": 1.0, ""margin"": 0.6412370229455281, ""p_observed"": 0.820618511472764, ""prior_probability"": 0.4140684410646388, ""score"": 0.6412370229455281}, ""gender=Male"": {""alpha"": 1.0, ""margin"": 0.3588768489659545, ""p_observed"": 0.6794384244829773, ""prior_probability"": 0.5859315589353612, ""score"": 0.3588768489659545}}","{""gender=Female"": {""alpha"": 2.0, ""margin"": 0.6412370229455281, ""p_observed"": 0.820618511472764, ""prior_probability"": 0.4140684410646388, ""score"": -1.2771178837746395}, ""gender=Male"": {""alpha"": 2.0, ""margin"": 0.3588768489659545, ""p_observed"": 0.6794384244829773, ""prior_probability"": 0.5859315589353612, ""score"": -1.3075296265707106}}"
478,Female,Asian-Pac-Islander,gender=Female,<=50K,"{""age"": ""26"", ""workclass"": ""Private"", ""education"": ""Bachelors"", ""educational-num"": ""13"", ""race"": ""Asian-Pac-Islander"", ""capital-gain"": ""0"", ""capital-loss"": ""0"", ""hours-per-week"": ""40"", ""native-country"": ""United-States""}",gender=Male,gender=Male,gender=Male,,gender=Female,gender=Female,gender=Male,0,<=50K | Bachelors | Private,2,2,"{""gender=Female"": ""<=50K"", ""gender=Male"": ""<=50K""}","{""gender=Female"": {""alpha"": 1.0, ""margin"": 0.8188370095268229, ""p_observed"": 0.9094185047634117, ""prior_probability"": 0.4140684410646388, ""score"": 0.9094185047634117}, ""gender=Male"": {""alpha"": 1.0, ""margin"": 0.6363122232301077, ""p_observed"": 0.8181561116150539, ""prior_probability"": 0.5859315589353612, ""score"": 0.8181561116150539}}","{""gender=Female"": {""alpha"": 1.0, ""margin"": 0.8188370095268229, ""p_observed"": 0.9094185047634117, ""prior_probability"": 0.4140684410646388, ""score"": 0.8188370095268229}, ""gender=Male"": {""alpha"": 1.0, ""margin"": 0.6363122232301077, ""p_observed"": 0.8181561116150539, ""prior_probability"": 0.5859315589353612, ""score"": 0.6363122232301077}}","{""gender=Female"": {""alpha"": 2.0, ""margin"": 0.8188370095268229, ""p_observed"": 0.9094185047634117, ""prior_probability"": 0.4140684410646388, ""score"": -1.0716237811927047}, ""gender=Male"": {""alpha"": 2.0, ""margin"": 0.6363122232301077, ""p_observed"": 0.8181561116150539, ""prior_probability"": 0.5859315589353612, ""score"": -0.9359565200374925}}"
479,Male,White,gender=Male,<=50K,"{""age"": ""19"", ""workclass"": ""Private"", ""education"": ""Some-college"", ""educational-num"": ""10"", ""race"": ""White"", ""capital-gain"": ""0"", ""capital-loss"": ""0"", ""hours-per-week"": ""10"", ""native-country"": ""United-States""}",gender=Male,gender=Male,gender=Male,,gender=Female,gender=Female,gender=Male,0,<=50K | Some-college | Private,2,2,"{""gender=Female"": ""<=50K"", ""gender=Male"": ""<=50K""}","{""gender=Female"": {""alpha"": 1.0, ""margin"": 0.9542775156625176, ""p_observed"": 0.9771387578312588, ""prior_probability"": 0.44275132275132273, ""score"": 0.9771387578312588}, ""gender=Male"": {""alpha"": 1.0, ""margin"": 0.8978867029539985, ""p_observed"": 0.9489433514769992, ""prior_probability"": 0.5572486772486772, ""score"": 0.9489433514769992}}","{""gender=Female"": {""alpha"": 1.0, ""margin"": 0.9542775156625176, ""p_observed"": 0.9771387578312588, ""prior_probability"": 0.44275132275132273, ""score"": 0.9542775156625176}, ""gender=Male"": {""alpha"": 1.0, ""margin"": 0.8978867029539985, ""p_observed"": 0.9489433514769992, ""prior_probability"": 0.5572486772486772, ""score"": 0.8978867029539985}}","{""gender=Female"": {""alpha"": 2.0, ""margin"": 0.9542775156625176, ""p_observed"": 0.9771387578312588, ""prior_probability"": 0.44275132275132273, ""score"": -0.8610002400061941}, ""gender=Male"": {""alpha"": 2.0, ""margin"": 0.8978867029539985, ""p_observed"": 0.9489433514769992, ""prior_probability"": 0.5572486772486772, ""score"": -0.6895560304569306}}"
480,Female,White,gender=Female,<=50K,"{""age"": ""47"", ""workclass"": ""Private"", ""education"": ""11th"", ""educational-num"": ""7"", ""race"": ""White"", ""capital-gain"": ""0"", ""capital-loss"": ""0"", ""hours-per-week"": ""45"", ""native-country"": ""United-States""}",gender=Male,gender=Male,gender=Male,,gender=Female,gender=Female,gender=Male,0,<=50K | 11th | Private,2,2,"{""gender=Female"": ""<=50K"", ""gender=Male"": ""<=50K""}","{""gender=Female"": {""alpha"": 1.0, ""margin"": 0.8341643075985136, ""p_observed"": 0.9170821537992568, ""prior_probability"": 0.3555070883315158, ""score"": 0.9170821537992568}, ""gender=Male"": {""alpha"": 1.0, ""margin"": 0.6174944916451692, ""p_observed"": 0.8087472458225846, ""prior_probability"": 0.6444929116684842, ""score"": 0.8087472458225846}}","{""gender=Female"": {""alpha"": 1.0, ""margin"": 0.8341643075985136, ""p_observed"": 0.9170821537992568, ""prior_probability"": 0.3555070883315158, ""score"": 0.8341643075985136}, ""gender=Male"": {""alpha"": 1.0, ""margin"": 0.6174944916451692, ""p_observed"": 0.8087472458225846, ""prior_probability"": 0.6444929116684842, ""score"": 0.6174944916451692}}","{""gender=Female"": {""alpha"": 2.0, ""margin"": 0.8341643075985136, ""p_observed"": 0.9170821537992568, ""prior_probability"": 0.3555070883315158, ""score"": -1.207326532870202}, ""gender=Male"": {""alpha"": 2.0, ""margin"": 0.6174944916451692, ""p_observed"": 0.8087472458225846, ""prior_probability"": 0.6444929116684842, ""score"": -0.8638291321448035}}"
481,Male,White,gender=Male,<=50K,"{""age"": ""41"", ""workclass"": ""Self-emp-not-inc"", ""education"": ""Doctorate"", ""educational-num"": ""16"", ""race"": ""White"", ""capital-gain"": ""0"", ""capital-loss"": ""0"", ""hours-per-week"": ""30"", ""native-country"": ""United-States""}",gender=Male,gender=Male,gender=Female,,gender=Female,gender=Female,gender=Female,0,<=50K | Doctorate | Self-emp-not-inc,2,2,"{""gender=Female"": ""<=50K"", ""gender=Male"": "">50K""}","{""gender=Female"": {""alpha"": 1.0, ""margin"": 0.2894563456763729, ""p_observed"": 0.6447281728381865, ""prior_probability"": 0.3673469387755102, ""score"": 0.6447281728381865}, ""gender=Male"": {""alpha"": 1.0, ""margin"": -0.11024823780604431, ""p_observed"": 0.44487588109697773, ""prior_probability"": 0.6326530612244898, ""score"": 0.44487588109697773}}","{""gender=Female"": {""alpha"": 1.0, ""margin"": 0.2894563456763729, ""p_observed"": 0.6447281728381865, ""prior_probability"": 0.3673469387755102, ""score"": 0.2894563456763729}, ""gender=Male"": {""alpha"": 1.0, ""margin"": -0.11024823780604431, ""p_observed"": 0.44487588109697773, ""prior_probability"": 0.6326530612244898, ""score"": -0.11024823780604431}}","{""gender=Female"": {""alpha"": 2.0, ""margin"": 0.2894563456763729, ""p_observed"": 0.6447281728381865, ""prior_probability"": 0.3673469387755102, ""score"": -1.8793015171669925}, ""gender=Male"": {""alpha"": 2.0, ""margin"": -0.11024823780604431, ""p_observed"": 0.44487588109697773, ""prior_probability"": 0.6326530612244898, ""score"": -2.0777530028338784}}"
482,Female,White,gender=Female,<=50K,"{""age"": ""33"", ""workclass"": ""Local-gov"", ""education"": ""Bachelors"", ""educational-num"": ""13"", ""race"": ""White"", ""capital-gain"": ""0"", ""capital-loss"": ""0"", ""hours-per-week"": ""45"", ""native-country"": ""United-States""}",gender=Male,gender=Male,gender=Female,,gender=Female,gender=Female,gender=Female,0,<=50K | Bachelors | Local-gov,2,2,"{""gender=Female"": ""<=50K"", ""gender=Male"": "">50K""}","{""gender=Female"": {""alpha"": 1.0, ""margin"": 0.5025175755189063, ""p_observed"": 0.7512587877594532, ""prior_probability"": 0.4140684410646388, ""score"": 0.7512587877594532}, ""gender=Male"": {""alpha"": 1.0, ""margin"": -0.01568103222947792, ""p_observed"": 0.4921594838852611, ""prior_probability"": 0.5859315589353612, ""score"": 0.4921594838852611}}","{""gender=Female"": {""alpha"": 1.0, ""margin"": 0.5025175755189063, ""p_observed"": 0.7512587877594532, ""prior_probability"": 0.4140684410646388, ""score"": 0.5025175755189063}, ""gender=Male"": {""alpha"": 1.0, ""margin"": -0.01568103222947792, ""p_observed"": 0.4921594838852611, ""prior_probability"": 0.5859315589353612, ""score"": -0.01568103222947792}}","{""gender=Female"": {""alpha"": 2.0, ""margin"": 0.5025175755189063, ""p_observed"": 0.7512587877594532, ""prior_probability"": 0.4140684410646388, ""score"": -1.4537341936076338}, ""gender=Male"": {""alpha"": 2.0, ""margin"": -0.01568103222947792, ""p_observed"": 0.4921594838852611, ""prior_probability"": 0.5859315589353612, ""score"": -1.95245721140795}}"
483,Male,White,gender=Male,>50K,"{""age"": ""60"", ""workclass"": ""Private"", ""education"": ""Bachelors"", ""educational-num"": ""13"", ""race"": ""White"", ""capital-gain"": ""0"", ""capital-loss"": ""0"", ""hours-per-week"": ""50"", ""native-country"": ""United-States""}",gender=Male,gender=Male,gender=Male,,gender=Male,gender=Male,gender=Male,0,>50K | Bachelors | Private,2,2,"{""gender=Female"": ""<=50K"", ""gender=Male"": "">50K""}","{""gender=Female"": {""alpha"": 1.0, ""margin"": -0.351357819818254, ""p_observed"": 0.32432109009087295, ""prior_probability"": 0.15218508997429306, ""score"": 0.32432109009087295}, ""gender=Male"": {""alpha"": 1.0, ""margin"": 0.19762626186107124, ""p_observed"": 0.5988131309305356, ""prior_probability"": 0.847814910025707, ""score"": 0.5988131309305356}}","{""gender=Female"": {""alpha"": 1.0, ""margin"": -0.351357819818254, ""p_observed"": 0.32432109009087295, ""prior_probability"": 0.15218508997429306, ""score"": -0.351357819818254}, ""gender=Male"": {""alpha"": 1.0, ""margin"": 0.19762626186107124, ""p_observed"": 0.5988131309305356, ""prior_probability"": 0.847814910025707, ""score"": 0.19762626186107124}}","{""gender=Female"": {""alpha"": 2.0, ""margin"": -0.351357819818254, ""p_observed"": 0.32432109009087295, ""prior_probability"": 0.15218508997429306, ""score"": -4.134700271979997}, ""gender=Male"": {""alpha"": 2.0, ""margin"": 0.19762626186107124, ""p_observed"": 0.5988131309305356, ""prior_probability"": 0.847814910025707, ""score"": -1.1907043293637192}}"
484,Male,White,gender=Male,<=50K,"{""age"": ""70"", ""workclass"": ""Private"", ""education"": ""HS-grad"", ""educational-num"": ""9"", ""race"": ""White"", ""capital-gain"": ""0"", ""capital-loss"": ""0"", ""hours-per-week"": ""30"", ""native-country"": ""United-States""}",gender=Male,gender=Male,gender=Male,,gender=Female,gender=Female,gender=Male,0,<=50K | HS-grad | Private,2,2,"{""gender=Female"": ""<=50K"", ""gender=Male"": ""<=50K""}","{""gender=Female"": {""alpha"": 1.0, ""margin"": 0.863005500461499, ""p_observed"": 0.9315027502307496, ""prior_probability"": 0.3531869020347662, ""score"": 0.9315027502307496}, ""gender=Male"": {""alpha"": 1.0, ""margin"": 0.6668575545404761, ""p_observed"": 0.833428777270238, ""prior_probability"": 0.6468130979652338, ""score"": 0.833428777270238}}","{""gender=Female"": {""alpha"": 1.0, ""margin"": 0.863005500461499, ""p_observed"": 0.9315027502307496, ""prior_probability"": 0.3531869020347662, ""score"": 0.863005500461499}, ""gender=Male"": {""alpha"": 1.0, ""margin"": 0.6668575545404761, ""p_observed"": 0.833428777270238, ""prior_probability"": 0.6468130979652338, ""score"": 0.6668575545404761}}","{""gender=Female"": {""alpha"": 2.0, ""margin"": 0.863005500461499, ""p_observed"": 0.9315027502307496, ""prior_probability"": 0.3531869020347662, ""score"": -1.1826701675858156}, ""gender=Male"": {""alpha"": 2.0, ""margin"": 0.6668575545404761, ""p_observed"": 0.833428777270238, ""prior_probability"": 0.6468130979652338, ""score"": -0.8001119623302327}}"
485,Female,White,gender=Female,<=50K,"{""age"": ""35"", ""workclass"": ""Private"", ""education"": ""HS-grad"", ""educational-num"": ""9"", ""race"": ""White"", ""capital-gain"": ""6849"", ""capital-loss"": ""0"", ""hours-per-week"": ""40"", ""native-country"": ""United-States""}",gender=Male,gender=Male,gender=Female,,gender=Female,gender=Female,gender=Female,0,<=50K | HS-grad | Private,2,2,"{""gender=Female"": ""<=50K"", ""gender=Male"": "">50K""}","{""gender=Female"": {""alpha"": 1.0, ""margin"": 0.42681760308509686, ""p_observed"": 0.7134088015425486, ""prior_probability"": 0.3531869020347662, ""score"": 0.7134088015425486}, ""gender=Male"": {""alpha"": 1.0, ""margin"": -0.13631812202012644, ""p_observed"": 0.43184093898993686, ""prior_probability"": 0.6468130979652338, ""score"": 0.43184093898993686}}","{""gender=Female"": {""alpha"": 1.0, ""margin"": 0.42681760308509686, ""p_observed"": 0.7134088015425486, ""prior_probability"": 0.3531869020347662, ""score"": 0.42681760308509686}, ""gender=Male"": {""alpha"": 1.0, ""margin"": -0.13631812202012644, ""p_observed"": 0.43184093898993686, ""prior_probability"": 0.6468130979652338, ""score"": -0.13631812202012644}}","{""gender=Female"": {""alpha"": 2.0, ""margin"": 0.42681760308509686, ""p_observed"": 0.7134088015425486, ""prior_probability"": 0.3531869020347662, ""score"": -1.7161592319975987}, ""gender=Male"": {""alpha"": 2.0, ""margin"": -0.13631812202012644, ""p_observed"": 0.43184093898993686, ""prior_probability"": 0.6468130979652338, ""score"": -2.115093811717469}}"
486,Female,White,gender=Female,>50K,"{""age"": ""44"", ""workclass"": ""Private"", ""education"": ""HS-grad"", ""educational-num"": ""9"", ""race"": ""White"", ""capital-gain"": ""14344"", ""capital-loss"": ""0"", ""hours-per-week"": ""40"", ""native-country"": ""United-States""}",gender=Male,gender=Male,gender=Male,,gender=Male,gender=Male,gender=Male,0,>50K | HS-grad | Private,2,2,"{""gender=Female"": "">50K"", ""gender=Male"": "">50K""}","{""gender=Female"": {""alpha"": 1.0, ""margin"": 0.38100456592692816, ""p_observed"": 0.690502282963464, ""prior_probability"": 0.129565816678153, ""score"": 0.690502282963464}, ""gender=Male"": {""alpha"": 1.0, ""margin"": 0.5894455746208452, ""p_observed"": 0.7947227873104227, ""prior_probability"": 0.870434183321847, ""score"": 0.7947227873104227}}","{""gender=Female"": {""alpha"": 1.0, ""margin"": 0.38100456592692816, ""p_observed"": 0.690502282963464, ""prior_probability"": 0.129565816678153, ""score"": 0.38100456592692816}, ""gender=Male"": {""alpha"": 1.0, ""margin"": 0.5894455746208452, ""p_observed"": 0.7947227873104227, ""prior_probability"": 0.870434183321847, ""score"": 0.5894455746208452}}","{""gender=Female"": {""alpha"": 2.0, ""margin"": 0.38100456592692816, ""p_observed"": 0.690502282963464, ""prior_probability"": 0.129565816678153, ""score"": -2.7842382898370093}, ""gender=Male"": {""alpha"": 2.0, ""margin"": 0.5894455746208452, ""p_observed"": 0.7947227873104227, ""prior_probability"": 0.870434183321847, ""score"": -0.5982869712199577}}"
487,Male,White,gender=Male,>50K,"{""age"": ""45"", ""workclass"": ""Self-emp-inc"", ""education"": ""Prof-school"", ""educational-num"": ""15"", ""race"": ""White"", ""capital-gain"": ""15024"", ""capital-loss"": ""0"", ""hours-per-week"": ""43"", ""native-country"": ""United-States""}",gender=Male,gender=Male,gender=Male,,gender=Male,gender=Male,gender=Male,0,>50K | Prof-school | Self-emp-inc,2,2,"{""gender=Female"": "">50K"", ""gender=Male"": "">50K""}","{""gender=Female"": {""alpha"": 1.0, ""margin"": 0.7608810947209645, ""p_observed"": 0.8804405473604822, ""prior_probability"": 0.10638297872340426, ""score"": 0.8804405473604822}, ""gender=Male"": {""alpha"": 1.0, ""margin"": 0.9278816894166225, ""p_observed"": 0.9639408447083113, ""prior_probability"": 0.8936170212765957, ""score"": 0.9639408447083113}}","{""gender=Female"": {""alpha"": 1.0, ""margin"": 0.7608810947209645, ""p_observed"": 0.8804405473604822, ""prior_probability"": 0.10638297872340426, ""score"": 0.7608810947209645}, ""gender=Male"": {""alpha"": 1.0, ""margin"": 0.9278816894166225, ""p_observed"": 0.9639408447083113, ""prior_probability"": 0.8936170212765957, ""score"": 0.9278816894166225}}","{""gender=Female"": {""alpha"": 2.0, ""margin"": 0.7608810947209645, ""p_observed"": 0.8804405473604822, ""prior_probability"": 0.10638297872340426, ""score"": -2.4953754388334066}, ""gender=Male"": {""alpha"": 2.0, ""margin"": 0.9278816894166225, ""p_observed"": 0.9639408447083113, ""prior_probability"": 0.8936170212765957, ""score"": -0.185928684756549}}"
488,Female,White,gender=Female,<=50K,"{""age"": ""65"", ""workclass"": ""Private"", ""education"": ""5th-6th"", ""educational-num"": ""3"", ""race"": ""White"", ""capital-gain"": ""0"", ""capital-loss"": ""0"", ""hours-per-week"": ""20"", ""native-country"": ""Mexico""}",gender=Male,gender=Male,gender=Male,,gender=Female,gender=Female,gender=Male,0,<=50K | 5th-6th | Private,2,2,"{""gender=Female"": ""<=50K"", ""gender=Male"": ""<=50K""}","{""gender=Female"": {""alpha"": 1.0, ""margin"": 0.8768396254065265, ""p_observed"": 0.9384198127032631, ""prior_probability"": 0.27547169811320754, ""score"": 0.9384198127032631}, ""gender=Male"": {""alpha"": 1.0, ""margin"": 0.8157733150397907, ""p_observed"": 0.9078866575198952, ""prior_probability"": 0.7245283018867924, ""score"": 0.9078866575198952}}","{""gender=Female"": {""alpha"": 1.0, ""margin"": 0.8768396254065265, ""p_observed"": 0.9384198127032631, ""prior_probability"": 0.27547169811320754, ""score"": 0.8768396254065265}, ""gender=Male"": {""alpha"": 1.0, ""margin"": 0.8157733150397907, ""p_observed"": 0.9078866575198952, ""prior_probability"": 0.7245283018867924, ""score"": 0.8157733150397907}}","{""gender=Female"": {""alpha"": 2.0, ""margin"": 0.8768396254065265, ""p_observed"": 0.9384198127032631, ""prior_probability"": 0.27547169811320754, ""score"": -1.4163861220065437}, ""gender=Male"": {""alpha"": 2.0, ""margin"": 0.8157733150397907, ""p_observed"": 0.9078866575198952, ""prior_probability"": 0.7245283018867924, ""score"": -0.5155059233429636}}"
489,Female,White,gender=Female,<=50K,"{""age"": ""26"", ""workclass"": ""Private"", ""education"": ""HS-grad"", ""educational-num"": ""9"", ""race"": ""White"", ""capital-gain"": ""0"", ""capital-loss"": ""1602"", ""hours-per-week"": ""15"", ""native-country"": ""Mexico""}",gender=Male,gender=Male,gender=Male,,gender=Female,gender=Female,gender=Male,0,<=50K | HS-grad | Private,2,2,"{""gender=Female"": ""<=50K"", ""gender=Male"": ""<=50K""}","{""gender=Female"": {""alpha"": 1.0, ""margin"": 0.9563576685178874, ""p_observed"": 0.9781788342589437, ""prior_probability"": 0.3531869020347662, ""score"": 0.9781788342589437}, ""gender=Male"": {""alpha"": 1.0, ""margin"": 0.928103604813531, ""p_observed"": 0.9640518024067655, ""prior_probability"": 0.6468130979652338, ""score"": 0.9640518024067655}}","{""gender=Female"": {""alpha"": 1.0, ""margin"": 0.9563576685178874, ""p_observed"": 0.9781788342589437, ""prior_probability"": 0.3531869020347662, ""score"": 0.9563576685178874}, ""gender=Male"": {""alpha"": 1.0, ""margin"": 0.928103604813531, ""p_observed"": 0.9640518024067655, ""prior_probability"": 0.6468130979652338, ""score"": 0.928103604813531}}","{""gender=Female"": {""alpha"": 2.0, ""margin"": 0.9563576685178874, ""p_observed"": 0.9781788342589437, ""prior_probability"": 0.3531869020347662, ""score"": -1.084883431743047}, ""gender=Male"": {""alpha"": 2.0, ""margin"": 0.928103604813531, ""p_observed"": 0.9640518024067655, ""prior_probability"": 0.6468130979652338, ""score"": -0.5089183988319317}}"
490,Male,White,gender=Male,<=50K,"{""age"": ""27"", ""workclass"": ""Private"", ""education"": ""Masters"", ""educational-num"": ""14"", ""race"": ""White"", ""capital-gain"": ""0"", ""capital-loss"": ""0"", ""hours-per-week"": ""30"", ""native-country"": ""United-States""}",gender=Male,gender=Male,gender=Male,,gender=Female,gender=Female,gender=Male,0,<=50K | Masters | Private,2,2,"{""gender=Female"": ""<=50K"", ""gender=Male"": ""<=50K""}","{""gender=Female"": {""alpha"": 1.0, ""margin"": 0.7058151527117649, ""p_observed"": 0.8529075763558825, ""prior_probability"": 0.4722222222222222, ""score"": 0.8529075763558825}, ""gender=Male"": {""alpha"": 1.0, ""margin"": 0.6435196645036834, ""p_observed"": 0.8217598322518416, ""prior_probability"": 0.5277777777777778, ""score"": 0.8217598322518416}}","{""gender=Female"": {""alpha"": 1.0, ""margin"": 0.7058151527117649, ""p_observed"": 0.8529075763558825, ""prior_probability"": 0.4722222222222222, ""score"": 0.7058151527117649}, ""gender=Male"": {""alpha"": 1.0, ""margin"": 0.6435196645036834, ""p_observed"": 0.8217598322518416, ""prior_probability"": 0.5277777777777778, ""score"": 0.6435196645036834}}","{""gender=Female"": {""alpha"": 2.0, ""margin"": 0.7058151527117649, ""p_observed"": 0.8529075763558825, ""prior_probability"": 0.4722222222222222, ""score"": -1.0685137716869981}, ""gender=Male"": {""alpha"": 2.0, ""margin"": 0.6435196645036834, ""p_observed"": 0.8217598322518416, ""prior_probability"": 0.5277777777777778, ""score"": -1.0316941622765838}}"
491,Female,Asian-Pac-Islander,gender=Female,<=50K,"{""age"": ""22"", ""workclass"": ""Private"", ""education"": ""Some-college"", ""educational-num"": ""10"", ""race"": ""Asian-Pac-Islander"", ""capital-gain"": ""0"", ""capital-loss"": ""0"", ""hours-per-week"": ""40"", ""native-country"": ""Philippines""}",gender=Male,gender=Male,gender=Male,,gender=Female,gender=Female,gender=Male,0,<=50K | Some-college | Private,2,2,"{""gender=Female"": ""<=50K"", ""gender=Male"": ""<=50K""}","{""gender=Female"": {""alpha"": 1.0, ""margin"": 0.9309333374014014, ""p_observed"": 0.9654666687007006, ""prior_probability"": 0.44275132275132273, ""score"": 0.9654666687007006}, ""gender=Male"": {""alpha"": 1.0, ""margin"": 0.8393953252188765, ""p_observed"": 0.9196976626094383, ""prior_probability"": 0.5572486772486772, ""score"": 0.9196976626094383}}","{""gender=Female"": {""alpha"": 1.0, ""margin"": 0.9309333374014014, ""p_observed"": 0.9654666687007006, ""prior_probability"": 0.44275132275132273, ""score"": 0.9309333374014014}, ""gender=Male"": {""alpha"": 1.0, ""margin"": 0.8393953252188765, ""p_observed"": 0.9196976626094383, ""prior_probability"": 0.5572486772486772, ""score"": 0.8393953252188765}}","{""gender=Female"": {""alpha"": 2.0, ""margin"": 0.9309333374014014, ""p_observed"": 0.9654666687007006, ""prior_probability"": 0.44275132275132273, ""score"": -0.885034414800615}, ""gender=Male"": {""alpha"": 2.0, ""margin"": 0.8393953252188765, ""p_observed"": 0.9196976626094383, ""prior_probability"": 0.5572486772486772, ""score"": -0.7521642615262738}}"
492,Female,White,gender=Female,>50K,"{""age"": ""51"", ""workclass"": ""Self-emp-not-inc"", ""education"": ""HS-grad"", ""educational-num"": ""9"", ""race"": ""White"", ""capital-gain"": ""99999"", ""capital-loss"": ""0"", ""hours-per-week"": ""60"", ""native-country"": ""United-States""}",gender=Male,gender=Male,gender=Male,,gender=Male,gender=Male,gender=Male,0,>50K | HS-grad | Self-emp-not-inc,2,2,"{""gender=Female"": "">50K"", ""gender=Male"": "">50K""}","{""gender=Female"": {""alpha"": 1.0, ""margin"": 0.37385612986457, ""p_observed"": 0.686928064932285, ""prior_probability"": 0.129565816678153, ""score"": 0.686928064932285}, ""gender=Male"": {""alpha"": 1.0, ""margin"": 0.6158477421772219, ""p_observed"": 0.807923871088611, ""prior_probability"": 0.870434183321847, ""score"": 0.807923871088611}}","{""gender=Female"": {""alpha"": 1.0, ""margin"": 0.37385612986457, ""p_observed"": 0.686928064932285, ""prior_probability"": 0.129565816678153, ""score"": 0.37385612986457}, ""gender=Male"": {""alpha"": 1.0, ""margin"": 0.6158477421772219, ""p_observed"": 0.807923871088611, ""prior_probability"": 0.870434183321847, ""score"": 0.6158477421772219}}","{""gender=Female"": {""alpha"": 2.0, ""margin"": 0.37385612986457, ""p_observed"": 0.686928064932285, ""prior_probability"": 0.129565816678153, ""score"": -2.7946176924940516}, ""gender=Male"": {""alpha"": 2.0, ""margin"": 0.6158477421772219, ""p_observed"": 0.807923871088611, ""prior_probability"": 0.870434183321847, ""score"": -0.5653380182330261}}"
493,Male,White,gender=Male,<=50K,"{""age"": ""36"", ""workclass"": ""Self-emp-not-inc"", ""education"": ""HS-grad"", ""educational-num"": ""9"", ""race"": ""White"", ""capital-gain"": ""0"", ""capital-loss"": ""0"", ""hours-per-week"": ""38"", ""native-country"": ""United-States""}",gender=Male,gender=Male,gender=Male,,gender=Female,gender=Female,gender=Male,0,<=50K | HS-grad | Self-emp-not-inc,2,2,"{""gender=Female"": ""<=50K"", ""gender=Male"": ""<=50K""}","{""gender=Female"": {""alpha"": 1.0, ""margin"": 0.8115725527874854, ""p_observed"": 0.9057862763937425, ""prior_probability"": 0.3531869020347662, ""score"": 0.9057862763937425}, ""gender=Male"": {""alpha"": 1.0, ""margin"": 0.6454396124768598, ""p_observed"": 0.8227198062384298, ""prior_probability"": 0.6468130979652338, ""score"": 0.8227198062384298}}","{""gender=Female"": {""alpha"": 1.0, ""margin"": 0.8115725527874854, ""p_observed"": 0.9057862763937425, ""prior_probability"": 0.3531869020347662, ""score"": 0.8115725527874854}, ""gender=Male"": {""alpha"": 1.0, ""margin"": 0.6454396124768598, ""p_observed"": 0.8227198062384298, ""prior_probability"": 0.6468130979652338, ""score"": 0.6454396124768598}}","{""gender=Female"": {""alpha"": 2.0, ""margin"": 0.8115725527874854, ""p_observed"": 0.9057862763937425, ""prior_probability"": 0.3531869020347662, ""score"": -1.2386616922219749}, ""gender=Male"": {""alpha"": 2.0, ""margin"": 0.6454396124768598, ""p_observed"": 0.8227198062384298, ""prior_probability"": 0.6468130979652338, ""score"": -0.825977081910197}}"
494,Male,White,gender=Male,<=50K,"{""age"": ""65"", ""workclass"": ""Private"", ""education"": ""HS-grad"", ""educational-num"": ""9"", ""race"": ""White"", ""capital-gain"": ""0"", ""capital-loss"": ""0"", ""hours-per-week"": ""32"", ""native-country"": ""United-States""}",gender=Male,gender=Male,gender=Male,,gender=Female,gender=Female,gender=Male,0,<=50K | HS-grad | Private,2,2,"{""gender=Female"": ""<=50K"", ""gender=Male"": ""<=50K""}","{""gender=Female"": {""alpha"": 1.0, ""margin"": 0.8618470664821631, ""p_observed"": 0.9309235332410817, ""prior_probability"": 0.3531869020347662, ""score"": 0.9309235332410817}, ""gender=Male"": {""alpha"": 1.0, ""margin"": 0.6602748319432541, ""p_observed"": 0.8301374159716269, ""prior_probability"": 0.6468130979652338, ""score"": 0.8301374159716269}}","{""gender=Female"": {""alpha"": 1.0, ""margin"": 0.8618470664821631, ""p_observed"": 0.9309235332410817, ""prior_probability"": 0.3531869020347662, ""score"": 0.8618470664821631}, ""gender=Male"": {""alpha"": 1.0, ""margin"": 0.6602748319432541, ""p_observed"": 0.8301374159716269, ""prior_probability"": 0.6468130979652338, ""score"": 0.6602748319432541}}","{""gender=Female"": {""alpha"": 2.0, ""margin"": 0.8618470664821631, ""p_observed"": 0.9309235332410817, ""prior_probability"": 0.3531869020347662, ""score"": -1.183914172813797}, ""gender=Male"": {""alpha"": 2.0, ""margin"": 0.6602748319432541, ""p_observed"": 0.8301374159716269, ""prior_probability"": 0.6468130979652338, ""score"": -0.8080259620414967}}"
495,Female,Black,gender=Female,>50K,"{""age"": ""41"", ""workclass"": ""Private"", ""education"": ""Masters"", ""educational-num"": ""14"", ""race"": ""Black"", ""capital-gain"": ""0"", ""capital-loss"": ""0"", ""hours-per-week"": ""60"", ""native-country"": ""United-States""}",gender=Male,gender=Male,gender=Male,,gender=Male,gender=Male,gender=Male,0,>50K | Masters | Private,2,2,"{""gender=Female"": ""<=50K"", ""gender=Male"": "">50K""}","{""gender=Female"": {""alpha"": 1.0, ""margin"": -0.3240518983605907, ""p_observed"": 0.33797405081970455, ""prior_probability"": 0.18875, ""score"": 0.33797405081970455}, ""gender=Male"": {""alpha"": 1.0, ""margin"": 0.08229347350808758, ""p_observed"": 0.5411467367540437, ""prior_probability"": 0.81125, ""score"": 0.5411467367540437}}","{""gender=Female"": {""alpha"": 1.0, ""margin"": -0.3240518983605907, ""p_observed"": 0.33797405081970455, ""prior_probability"": 0.18875, ""score"": -0.3240518983605907}, ""gender=Male"": {""alpha"": 1.0, ""margin"": 0.08229347350808758, ""p_observed"": 0.5411467367540437, ""prior_probability"": 0.81125, ""score"": 0.08229347350808758}}","{""gender=Female"": {""alpha"": 2.0, ""margin"": -0.3240518983605907, ""p_observed"": 0.33797405081970455, ""prior_probability"": 0.18875, ""score"": -3.836904209191127}, ""gender=Male"": {""alpha"": 2.0, ""margin"": 0.08229347350808758, ""p_observed"": 0.5411467367540437, ""prior_probability"": 0.81125, ""score"": -1.4373086198940879}}"
496,Male,White,gender=Male,<=50K,"{""age"": ""57"", ""workclass"": ""Private"", ""education"": ""7th-8th"", ""educational-num"": ""4"", ""race"": ""White"", ""capital-gain"": ""0"", ""capital-loss"": ""0"", ""hours-per-week"": ""40"", ""native-country"": ""United-States""}",gender=Male,gender=Male,gender=Male,,gender=Female,gender=Female,gender=Male,0,<=50K | 7th-8th | Private,2,2,"{""gender=Female"": ""<=50K"", ""gender=Male"": ""<=50K""}","{""gender=Female"": {""alpha"": 1.0, ""margin"": 0.8862564479031119, ""p_observed"": 0.9431282239515559, ""prior_probability"": 0.2653061224489796, ""score"": 0.9431282239515559}, ""gender=Male"": {""alpha"": 1.0, ""margin"": 0.6933953464514176, ""p_observed"": 0.8466976732257088, ""prior_probability"": 0.7346938775510204, ""score"": 0.8466976732257088}}","{""gender=Female"": {""alpha"": 1.0, ""margin"": 0.8862564479031119, ""p_observed"": 0.9431282239515559, ""prior_probability"": 0.2653061224489796, ""score"": 0.8862564479031119}, ""gender=Male"": {""alpha"": 1.0, ""margin"": 0.6933953464514176, ""p_observed"": 0.8466976732257088, ""prior_probability"": 0.7346938775510204, ""score"": 0.6933953464514176}}","{""gender=Female"": {""alpha"": 2.0, ""margin"": 0.8862564479031119, ""p_observed"": 0.9431282239515559, ""prior_probability"": 0.2653061224489796, ""score"": -1.4439770028379602}, ""gender=Male"": {""alpha"": 2.0, ""margin"": 0.6933953464514176, ""p_observed"": 0.8466976732257088, ""prior_probability"": 0.7346938775510204, ""score"": -0.6411245324307209}}"
497,Female,White,gender=Female,<=50K,"{""age"": ""24"", ""workclass"": ""Private"", ""education"": ""Bachelors"", ""educational-num"": ""13"", ""race"": ""White"", ""capital-gain"": ""0"", ""capital-loss"": ""0"", ""hours-per-week"": ""25"", ""native-country"": ""United-States""}",gender=Male,gender=Male,gender=Male,,gender=Female,gender=Female,gender=Male,0,<=50K | Bachelors | Private,2,2,"{""gender=Female"": ""<=50K"", ""gender=Male"": ""<=50K""}","{""gender=Female"": {""alpha"": 1.0, ""margin"": 0.8530981866592591, ""p_observed"": 0.9265490933296295, ""prior_probability"": 0.4140684410646388, ""score"": 0.9265490933296295}, ""gender=Male"": {""alpha"": 1.0, ""margin"": 0.7721669551019672, ""p_observed"": 0.8860834775509835, ""prior_probability"": 0.5859315589353612, ""score"": 0.8860834775509835}}","{""gender=Female"": {""alpha"": 1.0, ""margin"": 0.8530981866592591, ""p_observed"": 0.9265490933296295, ""prior_probability"": 0.4140684410646388, ""score"": 0.8530981866592591}, ""gender=Male"": {""alpha"": 1.0, ""margin"": 0.7721669551019672, ""p_observed"": 0.8860834775509835, ""prior_probability"": 0.5859315589353612, ""score"": 0.7721669551019672}}","{""gender=Female"": {""alpha"": 2.0, ""margin"": 0.8530981866592591, ""p_observed"": 0.9265490933296295, ""prior_probability"": 0.4140684410646388, ""score"": -1.034300495672968}, ""gender=Male"": {""alpha"": 2.0, ""margin"": 0.7721669551019672, ""p_observed"": 0.8860834775509835, ""prior_probability"": 0.5859315589353612, ""score"": -0.7764405185726971}}"
498,Male,Other,gender=Male,>50K,"{""age"": ""47"", ""workclass"": ""Federal-gov"", ""education"": ""Bachelors"", ""educational-num"": ""13"", ""race"": ""Other"", ""capital-gain"": ""0"", ""capital-loss"": ""0"", ""hours-per-week"": ""40"", ""native-country"": ""Peru""}",gender=Male,gender=Male,gender=Male,,gender=Male,gender=Male,gender=Male,0,>50K | Bachelors | Federal-gov,2,2,"{""gender=Female"": ""<=50K"", ""gender=Male"": ""<=50K""}","{""gender=Female"": {""alpha"": 1.0, ""margin"": -0.4834957247649632, ""p_observed"": 0.25825213761751836, ""prior_probability"": 0.15218508997429306, ""score"": 0.25825213761751836}, ""gender=Male"": {""alpha"": 1.0, ""margin"": -0.11703187198900189, ""p_observed"": 0.441484064005499, ""prior_probability"": 0.847814910025707, ""score"": 0.441484064005499}}","{""gender=Female"": {""alpha"": 1.0, ""margin"": -0.4834957247649632, ""p_observed"": 0.25825213761751836, ""prior_probability"": 0.15218508997429306, ""score"": -0.4834957247649632}, ""gender=Male"": {""alpha"": 1.0, ""margin"": -0.11703187198900189, ""p_observed"": 0.441484064005499, ""prior_probability"": 0.847814910025707, ""score"": -0.11703187198900189}}","{""gender=Female"": {""alpha"": 2.0, ""margin"": -0.4834957247649632, ""p_observed"": 0.25825213761751836, ""prior_probability"": 0.15218508997429306, ""score"": -4.590295589124656}, ""gender=Male"": {""alpha"": 2.0, ""margin"": -0.11703187198900189, ""p_observed"": 0.441484064005499, ""prior_probability"": 0.847814910025707, ""score"": -1.8003196429076462}}"
499,Male,White,gender=Male,<=50K,"{""age"": ""25"", ""workclass"": ""Private"", ""education"": ""Bachelors"", ""educational-num"": ""13"", ""race"": ""White"", ""capital-gain"": ""0"", ""capital-loss"": ""0"", ""hours-per-week"": ""50"", ""native-country"": ""United-States""}",gender=Male,gender=Male,gender=Male,,gender=Female,gender=Female,gender=Male,0,<=50K | Bachelors | Private,2,2,"{""gender=Female"": ""<=50K"", ""gender=Male"": ""<=50K""}","{""gender=Female"": {""alpha"": 1.0, ""margin"": 0.7064520250517012, ""p_observed"": 0.8532260125258506, ""prior_probability"": 0.4140684410646388, ""score"": 0.8532260125258506}, ""gender=Male"": {""alpha"": 1.0, ""margin"": 0.43519184024649593, ""p_observed"": 0.7175959201232479, ""prior_probability"": 0.5859315589353612, ""score"": 0.7175959201232479}}","{""gender=Female"": {""alpha"": 1.0, ""margin"": 0.7064520250517012, ""p_observed"": 0.8532260125258506, ""prior_probability"": 0.4140684410646388, ""score"": 0.7064520250517012}, ""gender=Male"": {""alpha"": 1.0, ""margin"": 0.43519184024649593, ""p_observed"": 0.7175959201232479, ""prior_probability"": 0.5859315589353612, ""score"": 0.43519184024649593}}","{""gender=Female"": {""alpha"": 2.0, ""margin"": 0.7064520250517012, ""p_observed"": 0.8532260125258506, ""prior_probability"": 0.4140684410646388, ""score"": -1.1991856115532213}, ""gender=Male"": {""alpha"": 2.0, ""margin"": 0.43519184024649593, ""p_observed"": 0.7175959201232479, ""prior_probability"": 0.5859315589353612, ""score"": -1.1982495972530782}}"
500,Male,White,gender=Male,>50K,"{""age"": ""42"", ""workclass"": ""Private"", ""education"": ""HS-grad"", ""educational-num"": ""9"", ""race"": ""White"", ""capital-gain"": ""0"", ""capital-loss"": ""0"", ""hours-per-week"": ""40"", ""native-country"": ""United-States""}",gender=Male,gender=Male,gender=Male,,gender=Male,gender=Male,gender=Male,0,>50K | HS-grad | Private,2,2,"{""gender=Female"": ""<=50K"", ""gender=Male"": ""<=50K""}","{""gender=Female"": {""alpha"": 1.0, ""margin"": -0.809621210804284, ""p_observed"": 0.09518939459785788, ""prior_probability"": 0.129565816678153, ""score"": 0.09518939459785788}, ""gender=Male"": {""alpha"": 1.0, ""margin"": -0.5230050603440359, ""p_observed"": 0.23849746982798203, ""prior_probability"": 0.870434183321847, ""score"": 0.23849746982798203}}","{""gender=Female"": {""alpha"": 1.0, ""margin"": -0.809621210804284, ""p_observed"": 0.09518939459785788, ""prior_probability"": 0.129565816678153, ""score"": -0.809621210804284}, ""gender=Male"": {""alpha"": 1.0, ""margin"": -0.5230050603440359, ""p_observed"": 0.23849746982798203, ""prior_probability"": 0.870434183321847, ""score"": -0.5230050603440359}}","{""gender=Female"": {""alpha"": 2.0, ""margin"": -0.809621210804284, ""p_observed"": 0.09518939459785788, ""prior_probability"": 0.129565816678153, ""score"": -6.747339779401052}, ""gender=Male"": {""alpha"": 2.0, ""margin"": -0.5230050603440359, ""p_observed"": 0.23849746982798203, ""prior_probability"": 0.870434183321847, ""score"": -3.0055562853291367}}"
501,Female,White,gender=Female,<=50K,"{""age"": ""41"", ""workclass"": ""State-gov"", ""education"": ""Masters"", ""educational-num"": ""14"", ""race"": ""White"", ""capital-gain"": ""0"", ""capital-loss"": ""0"", ""hours-per-week"": ""35"", ""native-country"": ""United-States""}",gender=Male,gender=Male,gender=Male,,gender=Female,gender=Female,gender=Female,0,<=50K | Masters | State-gov,2,2,"{""gender=Female"": ""<=50K"", ""gender=Male"": ""<=50K""}","{""gender=Female"": {""alpha"": 1.0, ""margin"": 0.5184617542916999, ""p_observed"": 0.7592308771458499, ""prior_probability"": 0.4722222222222222, ""score"": 0.7592308771458499}, ""gender=Male"": {""alpha"": 1.0, ""margin"": 0.03069138450908593, ""p_observed"": 0.515345692254543, ""prior_probability"": 0.5277777777777778, ""score"": 0.515345692254543}}","{""gender=Female"": {""alpha"": 1.0, ""margin"": 0.5184617542916999, ""p_observed"": 0.7592308771458499, ""prior_probability"": 0.4722222222222222, ""score"": 0.5184617542916999}, ""gender=Male"": {""alpha"": 1.0, ""margin"": 0.03069138450908593, ""p_observed"": 0.515345692254543, ""prior_probability"": 0.5277777777777778, ""score"": 0.03069138450908593}}","{""gender=Female"": {""alpha"": 2.0, ""margin"": 0.5184617542916999, ""p_observed"": 0.7592308771458499, ""prior_probability"": 0.4722222222222222, ""score"": -1.3012043181574253}, ""gender=Male"": {""alpha"": 2.0, ""margin"": 0.03069138450908593, ""p_observed"": 0.515345692254543, ""prior_probability"": 0.5277777777777778, ""score"": -1.9649146721052069}}"
502,Female,White,gender=Female,<=50K,"{""age"": ""45"", ""workclass"": ""Private"", ""education"": ""HS-grad"", ""educational-num"": ""9"", ""race"": ""White"", ""capital-gain"": ""0"", ""capital-loss"": ""0"", ""hours-per-week"": ""15"", ""native-country"": ""United-States""}",gender=Male,gender=Male,gender=Male,,gender=Female,gender=Female,gender=Male,0,<=50K | HS-grad | Private,2,2,"{""gender=Female"": ""<=50K"", ""gender=Male"": ""<=50K""}","{""gender=Female"": {""alpha"": 1.0, ""margin"": 0.8460420042463929, ""p_observed"": 0.9230210021231965, ""prior_probability"": 0.3531869020347662, ""score"": 0.9230210021231965}, ""gender=Male"": {""alpha"": 1.0, ""margin"": 0.6581741700772841, ""p_observed"": 0.829087085038642, ""prior_probability"": 0.6468130979652338, ""score"": 0.829087085038642}}","{""gender=Female"": {""alpha"": 1.0, ""margin"": 0.8460420042463929, ""p_observed"": 0.9230210021231965, ""prior_probability"": 0.3531869020347662, ""score"": 0.8460420042463929}, ""gender=Male"": {""alpha"": 1.0, ""margin"": 0.6581741700772841, ""p_observed"": 0.829087085038642, ""prior_probability"": 0.6468130979652338, ""score"": 0.6581741700772841}}","{""gender=Female"": {""alpha"": 2.0, ""margin"": 0.8460420042463929, ""p_observed"": 0.9230210021231965, ""prior_probability"": 0.3531869020347662, ""score"": -1.2009644757304174}, ""gender=Male"": {""alpha"": 2.0, ""margin"": 0.6581741700772841, ""p_observed"": 0.829087085038642, ""prior_probability"": 0.6468130979652338, ""score"": -0.8105580632071725}}"
503,Male,White,gender=Male,<=50K,"{""age"": ""19"", ""workclass"": ""Private"", ""education"": ""HS-grad"", ""educational-num"": ""9"", ""race"": ""White"", ""capital-gain"": ""0"", ""capital-loss"": ""0"", ""hours-per-week"": ""40"", ""native-country"": ""United-States""}",gender=Male,gender=Male,gender=Male,,gender=Female,gender=Female,gender=Male,0,<=50K | HS-grad | Private,2,2,"{""gender=Female"": ""<=50K"", ""gender=Male"": ""<=50K""}","{""gender=Female"": {""alpha"": 1.0, ""margin"": 0.9336134929432549, ""p_observed"": 0.9668067464716275, ""prior_probability"": 0.3531869020347662, ""score"": 0.9668067464716275}, ""gender=Male"": {""alpha"": 1.0, ""margin"": 0.8612647603758504, ""p_observed"": 0.9306323801879252, ""prior_probability"": 0.6468130979652338, ""score"": 0.9306323801879252}}","{""gender=Female"": {""alpha"": 1.0, ""margin"": 0.9336134929432549, ""p_observed"": 0.9668067464716275, ""prior_probability"": 0.3531869020347662, ""score"": 0.9336134929432549}, ""gender=Male"": {""alpha"": 1.0, ""margin"": 0.8612647603758504, ""p_observed"": 0.9306323801879252, ""prior_probability"": 0.6468130979652338, ""score"": 0.8612647603758504}}","{""gender=Female"": {""alpha"": 2.0, ""margin"": 0.9336134929432549, ""p_observed"": 0.9668067464716275, ""prior_probability"": 0.3531869020347662, ""score"": -1.1082711987088851}, ""gender=Male"": {""alpha"": 2.0, ""margin"": 0.8612647603758504, ""p_observed"": 0.9306323801879252, ""prior_probability"": 0.6468130979652338, ""score"": -0.5794797915119678}}"
504,Male,White,gender=Male,<=50K,"{""age"": ""44"", ""workclass"": ""Private"", ""education"": ""Masters"", ""educational-num"": ""14"", ""race"": ""White"", ""capital-gain"": ""0"", ""capital-loss"": ""0"", ""hours-per-week"": ""50"", ""native-country"": ""United-States""}",gender=Male,gender=Male,gender=Female,,gender=Female,gender=Female,gender=Female,0,<=50K | Masters | Private,2,2,"{""gender=Female"": ""<=50K"", ""gender=Male"": "">50K""}","{""gender=Female"": {""alpha"": 1.0, ""margin"": 0.21547373347372017, ""p_observed"": 0.6077368667368601, ""prior_probability"": 0.4722222222222222, ""score"": 0.6077368667368601}, ""gender=Male"": {""alpha"": 1.0, ""margin"": -0.34629964886877, ""p_observed"": 0.32685017556561496, ""prior_probability"": 0.5277777777777778, ""score"": 0.32685017556561496}}","{""gender=Female"": {""alpha"": 1.0, ""margin"": 0.21547373347372017, ""p_observed"": 0.6077368667368601, ""prior_probability"": 0.4722222222222222, ""score"": 0.21547373347372017}, ""gender=Male"": {""alpha"": 1.0, ""margin"": -0.34629964886877, ""p_observed"": 0.32685017556561496, ""prior_probability"": 0.5277777777777778, ""score"": -0.34629964886877}}","{""gender=Female"": {""alpha"": 2.0, ""margin"": 0.21547373347372017, ""p_observed"": 0.6077368667368601, ""prior_probability"": 0.4722222222222222, ""score"": -1.7463321457332641}, ""gender=Male"": {""alpha"": 2.0, ""margin"": -0.34629964886877, ""p_observed"": 0.32685017556561496, ""prior_probability"": 0.5277777777777778, ""score"": -2.875586742848152}}"
505,Male,White,gender=Male,>50K,"{""age"": ""52"", ""workclass"": ""Self-emp-not-inc"", ""education"": ""HS-grad"", ""educational-num"": ""9"", ""race"": ""White"", ""capital-gain"": ""0"", ""capital-loss"": ""0"", ""hours-per-week"": ""55"", ""native-country"": ""United-States""}",gender=Male,gender=Male,gender=Male,,gender=Male,gender=Male,gender=Male,0,>50K | HS-grad | Self-emp-not-inc,2,2,"{""gender=Female"": ""<=50K"", ""gender=Male"": ""<=50K""}","{""gender=Female"": {""alpha"": 1.0, ""margin"": -0.7841185481913928, ""p_observed"": 0.10794072590430362, ""prior_probability"": 0.129565816678153, ""score"": 0.10794072590430362}, ""gender=Male"": {""alpha"": 1.0, ""margin"": -0.48618676662836074, ""p_observed"": 0.25690661668581977, ""prior_probability"": 0.870434183321847, ""score"": 0.25690661668581977}}","{""gender=Female"": {""alpha"": 1.0, ""margin"": -0.7841185481913928, ""p_observed"": 0.10794072590430362, ""prior_probability"": 0.129565816678153, ""score"": -0.7841185481913928}, ""gender=Male"": {""alpha"": 1.0, ""margin"": -0.48618676662836074, ""p_observed"": 0.25690661668581977, ""prior_probability"": 0.870434183321847, ""score"": -0.48618676662836074}}","{""gender=Female"": {""alpha"": 2.0, ""margin"": -0.7841185481913928, ""p_observed"": 0.10794072590430362, ""prior_probability"": 0.129565816678153, ""score"": -6.495912363538154}, ""gender=Male"": {""alpha"": 2.0, ""margin"": -0.48618676662836074, ""p_observed"": 0.25690661668581977, ""prior_probability"": 0.870434183321847, ""score"": -2.8568483691677202}}"
506,Male,White,gender=Male,>50K,"{""age"": ""34"", ""workclass"": ""Private"", ""education"": ""Bachelors"", ""educational-num"": ""13"", ""race"": ""White"", ""capital-gain"": ""3103"", ""capital-loss"": ""0"", ""hours-per-week"": ""55"", ""native-country"": ""United-States""}",gender=Male,gender=Male,gender=Male,,gender=Male,gender=Male,gender=Male,0,>50K | Bachelors | Private,2,2,"{""gender=Female"": ""<=50K"", ""gender=Male"": "">50K""}","{""gender=Female"": {""alpha"": 1.0, ""margin"": -0.30183866395092374, ""p_observed"": 0.3490806680245381, ""prior_probability"": 0.15218508997429306, ""score"": 0.3490806680245381}, ""gender=Male"": {""alpha"": 1.0, ""margin"": 0.14255849586386904, ""p_observed"": 0.5712792479319344, ""prior_probability"": 0.847814910025707, ""score"": 0.5712792479319344}}","{""gender=Female"": {""alpha"": 1.0, ""margin"": -0.30183866395092374, ""p_observed"": 0.3490806680245381, ""prior_probability"": 0.15218508997429306, ""score"": -0.30183866395092374}, ""gender=Male"": {""alpha"": 1.0, ""margin"": 0.14255849586386904, ""p_observed"": 0.5712792479319344, ""prior_probability"": 0.847814910025707, ""score"": 0.14255849586386904}}","{""gender=Female"": {""alpha"": 2.0, ""margin"": -0.30183866395092374, ""p_observed"": 0.3490806680245381, ""prior_probability"": 0.15218508997429306, ""score"": -3.987562287762681}, ""gender=Male"": {""alpha"": 2.0, ""margin"": 0.14255849586386904, ""p_observed"": 0.5712792479319344, ""prior_probability"": 0.847814910025707, ""score"": -1.2848472099000352}}"
507,Male,White,gender=Male,>50K,"{""age"": ""46"", ""workclass"": ""Private"", ""education"": ""Some-college"", ""educational-num"": ""10"", ""race"": ""White"", ""capital-gain"": ""0"", ""capital-loss"": ""0"", ""hours-per-week"": ""40"", ""native-country"": ""United-States""}",gender=Male,gender=Male,gender=Male,,gender=Male,gender=Male,gender=Male,0,>50K | Some-college | Private,2,2,"{""gender=Female"": ""<=50K"", ""gender=Male"": ""<=50K""}","{""gender=Female"": {""alpha"": 1.0, ""margin"": -0.7847542616499616, ""p_observed"": 0.10762286917501913, ""prior_probability"": 0.1390946502057613, ""score"": 0.10762286917501913}, ""gender=Male"": {""alpha"": 1.0, ""margin"": -0.37254339401870745, ""p_observed"": 0.3137283029906462, ""prior_probability"": 0.8609053497942387, ""score"": 0.3137283029906462}}","{""gender=Female"": {""alpha"": 1.0, ""margin"": -0.7847542616499616, ""p_observed"": 0.10762286917501913, ""prior_probability"": 0.1390946502057613, ""score"": -0.7847542616499616}, ""gender=Male"": {""alpha"": 1.0, ""margin"": -0.37254339401870745, ""p_observed"": 0.3137283029906462, ""prior_probability"": 0.8609053497942387, ""score"": -0.37254339401870745}}","{""gender=Female"": {""alpha"": 2.0, ""margin"": -0.7847542616499616, ""p_observed"": 0.10762286917501913, ""prior_probability"": 0.1390946502057613, ""score"": -6.430844870924237}, ""gender=Male"": {""alpha"": 2.0, ""margin"": -0.37254339401870745, ""p_observed"": 0.3137283029906462, ""prior_probability"": 0.8609053497942387, ""score"": -2.468226600633885}}"
508,Female,Black,gender=Female,<=50K,"{""age"": ""25"", ""workclass"": ""Private"", ""education"": ""Some-college"", ""educational-num"": ""10"", ""race"": ""Black"", ""capital-gain"": ""0"", ""capital-loss"": ""0"", ""hours-per-week"": ""40"", ""native-country"": ""Jamaica""}",gender=Male,gender=Male,gender=Male,,gender=Female,gender=Female,gender=Male,0,<=50K | Some-college | Private,2,2,"{""gender=Female"": ""<=50K"", ""gender=Male"": ""<=50K""}","{""gender=Female"": {""alpha"": 1.0, ""margin"": 0.94402838721728, ""p_observed"": 0.9720141936086399, ""prior_probability"": 0.44275132275132273, ""score"": 0.9720141936086399}, ""gender=Male"": {""alpha"": 1.0, ""margin"": 0.8475666652380918, ""p_observed"": 0.923783332619046, ""prior_probability"": 0.5572486772486772, ""score"": 0.923783332619046}}","{""gender=Female"": {""alpha"": 1.0, ""margin"": 0.94402838721728, ""p_observed"": 0.9720141936086399, ""prior_probability"": 0.44275132275132273, ""score"": 0.94402838721728}, ""gender=Male"": {""alpha"": 1.0, ""margin"": 0.8475666652380918, ""p_observed"": 0.923783332619046, ""prior_probability"": 0.5572486772486772, ""score"": 0.8475666652380918}}","{""gender=Female"": {""alpha"": 2.0, ""margin"": 0.94402838721728, ""p_observed"": 0.9720141936086399, ""prior_probability"": 0.44275132275132273, ""score"": -0.8715167590436067}, ""gender=Male"": {""alpha"": 2.0, ""margin"": 0.8475666652380918, ""p_observed"": 0.923783332619046, ""prior_probability"": 0.5572486772486772, ""score"": -0.7432991271209488}}"
509,Female,White,gender=Female,<=50K,"{""age"": ""29"", ""workclass"": ""Private"", ""education"": ""11th"", ""educational-num"": ""7"", ""race"": ""White"", ""capital-gain"": ""0"", ""capital-loss"": ""0"", ""hours-per-week"": ""52"", ""native-country"": ""United-States""}",gender=Male,gender=Male,gender=Male,,gender=Female,gender=Female,gender=Male,0,<=50K | 11th | Private,2,2,"{""gender=Female"": ""<=50K"", ""gender=Male"": ""<=50K""}","{""gender=Female"": {""alpha"": 1.0, ""margin"": 0.8764249934818656, ""p_observed"": 0.9382124967409329, ""prior_probability"": 0.3555070883315158, ""score"": 0.9382124967409329}, ""gender=Male"": {""alpha"": 1.0, ""margin"": 0.789252063544849, ""p_observed"": 0.8946260317724247, ""prior_probability"": 0.6444929116684842, ""score"": 0.8946260317724247}}","{""gender=Female"": {""alpha"": 1.0, ""margin"": 0.8764249934818656, ""p_observed"": 0.9382124967409329, ""prior_probability"": 0.3555070883315158, ""score"": 0.8764249934818656}, ""gender=Male"": {""alpha"": 1.0, ""margin"": 0.789252063544849, ""p_observed"": 0.8946260317724247, ""prior_probability"": 0.6444929116684842, ""score"": 0.789252063544849}}","{""gender=Female"": {""alpha"": 2.0, ""margin"": 0.8764249934818656, ""p_observed"": 0.9382124967409329, ""prior_probability"": 0.3555070883315158, ""score"": -1.1617677174198122}, ""gender=Male"": {""alpha"": 2.0, ""margin"": 0.789252063544849, ""p_observed"": 0.8946260317724247, ""prior_probability"": 0.6444929116684842, ""score"": -0.6619904340952906}}"
510,Male,White,gender=Male,>50K,"{""age"": ""30"", ""workclass"": ""Self-emp-inc"", ""education"": ""Some-college"", ""educational-num"": ""10"", ""race"": ""White"", ""capital-gain"": ""0"", ""capital-loss"": ""0"", ""hours-per-week"": ""36"", ""native-country"": ""United-States""}",gender=Male,gender=Male,gender=Male,,gender=Male,gender=Male,gender=Male,0,>50K | Some-college | Self-emp-inc,2,2,"{""gender=Female"": ""<=50K"", ""gender=Male"": ""<=50K""}","{""gender=Female"": {""alpha"": 1.0, ""margin"": -0.5602841072949876, ""p_observed"": 0.21985794635250627, ""prior_probability"": 0.1390946502057613, ""score"": 0.21985794635250627}, ""gender=Male"": {""alpha"": 1.0, ""margin"": -0.5116341676468953, ""p_observed"": 0.24418291617655238, ""prior_probability"": 0.8609053497942387, ""score"": 0.24418291617655238}}","{""gender=Female"": {""alpha"": 1.0, ""margin"": -0.5602841072949876, ""p_observed"": 0.21985794635250627, ""prior_probability"": 0.1390946502057613, ""score"": -0.5602841072949876}, ""gender=Male"": {""alpha"": 1.0, ""margin"": -0.5116341676468953, ""p_observed"": 0.24418291617655238, ""prior_probability"": 0.8609053497942387, ""score"": -0.5116341676468953}}","{""gender=Female"": {""alpha"": 2.0, ""margin"": -0.5602841072949876, ""p_observed"": 0.21985794635250627, ""prior_probability"": 0.1390946502057613, ""score"": -5.002147920012504}, ""gender=Male"": {""alpha"": 2.0, ""margin"": -0.5116341676468953, ""p_observed"": 0.24418291617655238, ""prior_probability"": 0.8609053497942387, ""score"": -2.9694460673091947}}"
511,Male,White,gender=Male,>50K,"{""age"": ""40"", ""workclass"": ""Federal-gov"", ""education"": ""Some-college"", ""educational-num"": ""10"", ""race"": ""White"", ""capital-gain"": ""0"", ""capital-loss"": ""0"", ""hours-per-week"": ""40"", ""native-country"": ""United-States""}",gender=Male,gender=Male,gender=Male,,gender=Male,gender=Male,gender=Male,0,>50K | Some-college | Federal-gov,2,2,"{""gender=Female"": ""<=50K"", ""gender=Male"": ""<=50K""}","{""gender=Female"": {""alpha"": 1.0, ""margin"": -0.7280648703866692, ""p_observed"": 0.13596756480666533, ""prior_probability"": 0.1390946502057613, ""score"": 0.13596756480666533}, ""gender=Male"": {""alpha"": 1.0, ""margin"": -0.2132170145813242, ""p_observed"": 0.3933914927093379, ""prior_probability"": 0.8609053497942387, ""score"": 0.3933914927093379}}","{""gender=Female"": {""alpha"": 1.0, ""margin"": -0.7280648703866692, ""p_observed"": 0.13596756480666533, ""prior_probability"": 0.1390946502057613, ""score"": -0.7280648703866692}, ""gender=Male"": {""alpha"": 1.0, ""margin"": -0.2132170145813242, ""p_observed"": 0.3933914927093379, ""prior_probability"": 0.8609053497942387, ""score"": -0.2132170145813242}}","{""gender=Female"": {""alpha"": 2.0, ""margin"": -0.7280648703866692, ""p_observed"": 0.13596756480666533, ""prior_probability"": 0.1390946502057613, ""score"": -5.9632784723694865}, ""gender=Male"": {""alpha"": 2.0, ""margin"": -0.2132170145813242, ""p_observed"": 0.3933914927093379, ""prior_probability"": 0.8609053497942387, ""score"": -2.015670707751411}}"
