sample_index,true_gender,true_race,true_secret,true_income,known_features,prior_baseline_prediction,conditional_prior_prediction,lomia_label_only_prediction,targeted_lomia_prediction,fredrikson_confidence_map_prediction,csmia_confidence_prediction,bayes_calibrated_confidence_map_prediction,is_targeted_group,targeted_group_key,query_count,score_query_count,candidate_label_outputs,fredrikson_confidence_outputs,csmia_confidence_outputs,bayes_calibrated_confidence_outputs
0,Male,White,gender=Male,<=50K,"{""age"": ""22"", ""workclass"": ""Private"", ""fnlwgt"": ""106843"", ""education"": ""10th"", ""educational-num"": ""6"", ""marital-status"": ""Never-married"", ""occupation"": ""Craft-repair"", ""relationship"": ""Other-relative"", ""race"": ""White"", ""capital-gain"": ""0"", ""capital-loss"": ""0"", ""hours-per-week"": ""30"", ""native-country"": ""United-States""}",gender=Male,gender=Male,gender=Male,,gender=Female,gender=Female,gender=Male,0,<=50K | Other-relative | Never-married | 10th | Private,2,2,"{""gender=Female"": ""<=50K"", ""gender=Male"": ""<=50K""}","{""gender=Female"": {""alpha"": 1.0, ""margin"": 0.9801647775819448, ""p_observed"": 0.9900823887909725, ""prior_probability"": 0.2, ""score"": 0.9900823887909725}, ""gender=Male"": {""alpha"": 1.0, ""margin"": 0.9767120206771477, ""p_observed"": 0.9883560103385738, ""prior_probability"": 0.8, ""score"": 0.9883560103385738}}","{""gender=Female"": {""alpha"": 1.0, ""margin"": 0.9801647775819448, ""p_observed"": 0.9900823887909725, ""prior_probability"": 0.2, ""score"": 0.9801647775819448}, ""gender=Male"": {""alpha"": 1.0, ""margin"": 0.9767120206771477, ""p_observed"": 0.9883560103385738, ""prior_probability"": 0.8, ""score"": 0.9767120206771477}}","{""gender=Female"": {""alpha"": 0.0, ""margin"": 0.9801647775819448, ""p_observed"": 0.9900823887909725, ""prior_probability"": 0.2, ""score"": -1.6094379124341003}, ""gender=Male"": {""alpha"": 0.0, ""margin"": 0.9767120206771477, ""p_observed"": 0.9883560103385738, ""prior_probability"": 0.8, ""score"": -0.2231435513142097}}"
1,Male,White,gender=Male,<=50K,"{""age"": ""73"", ""workclass"": ""Private"", ""fnlwgt"": ""301210"", ""education"": ""1st-4th"", ""educational-num"": ""2"", ""marital-status"": ""Married-civ-spouse"", ""occupation"": ""Transport-moving"", ""relationship"": ""Husband"", ""race"": ""White"", ""capital-gain"": ""0"", ""capital-loss"": ""1735"", ""hours-per-week"": ""20"", ""native-country"": ""United-States""}",gender=Male,gender=Male,gender=Male,,gender=Male,gender=Male,gender=Male,0,<=50K | Husband | Married-civ-spouse | 1st-4th | Private,2,2,"{""gender=Female"": ""<=50K"", ""gender=Male"": ""<=50K""}","{""gender=Female"": {""alpha"": 1.0, ""margin"": 0.6323549982779884, ""p_observed"": 0.8161774991389941, ""prior_probability"": 0.14285714285714285, ""score"": 0.8161774991389941}, ""gender=Male"": {""alpha"": 1.0, ""margin"": 0.6548123627254478, ""p_observed"": 0.8274061813627238, ""prior_probability"": 0.8571428571428571, ""score"": 0.8274061813627238}}","{""gender=Female"": {""alpha"": 1.0, ""margin"": 0.6323549982779884, ""p_observed"": 0.8161774991389941, ""prior_probability"": 0.14285714285714285, ""score"": 0.6323549982779884}, ""gender=Male"": {""alpha"": 1.0, ""margin"": 0.6548123627254478, ""p_observed"": 0.8274061813627238, ""prior_probability"": 0.8571428571428571, ""score"": 0.6548123627254478}}","{""gender=Female"": {""alpha"": 0.0, ""margin"": 0.6323549982779884, ""p_observed"": 0.8161774991389941, ""prior_probability"": 0.14285714285714285, ""score"": -1.9459101490553135}, ""gender=Male"": {""alpha"": 0.0, ""margin"": 0.6548123627254478, ""p_observed"": 0.8274061813627238, ""prior_probability"": 0.8571428571428571, ""score"": -0.15415067982725836}}"
2,Female,White,gender=Female,<=50K,"{""age"": ""20"", ""workclass"": ""Self-emp-not-inc"", ""fnlwgt"": ""105997"", ""education"": ""Some-college"", ""educational-num"": ""10"", ""marital-status"": ""Never-married"", ""occupation"": ""Sales"", ""relationship"": ""Not-in-family"", ""race"": ""White"", ""capital-gain"": ""0"", ""capital-loss"": ""0"", ""hours-per-week"": ""25"", ""native-country"": ""United-States""}",gender=Male,gender=Male,gender=Male,,gender=Female,gender=Female,gender=Male,0,<=50K | Not-in-family | Never-married | Some-college | Self-emp-not-inc,2,2,"{""gender=Female"": ""<=50K"", ""gender=Male"": ""<=50K""}","{""gender=Female"": {""alpha"": 1.0, ""margin"": 0.9708920614971271, ""p_observed"": 0.9854460307485635, ""prior_probability"": 0.4296875, ""score"": 0.9854460307485635}, ""gender=Male"": {""alpha"": 1.0, ""margin"": 0.9629344676560927, ""p_observed"": 0.9814672338280461, ""prior_probability"": 0.5703125, ""score"": 0.9814672338280461}}","{""gender=Female"": {""alpha"": 1.0, ""margin"": 0.9708920614971271, ""p_observed"": 0.9854460307485635, ""prior_probability"": 0.4296875, ""score"": 0.9708920614971271}, ""gender=Male"": {""alpha"": 1.0, ""margin"": 0.9629344676560927, ""p_observed"": 0.9814672338280461, ""prior_probability"": 0.5703125, ""score"": 0.9629344676560927}}","{""gender=Female"": {""alpha"": 0.0, ""margin"": 0.9708920614971271, ""p_observed"": 0.9854460307485635, ""prior_probability"": 0.4296875, ""score"": -0.8446970786871463}, ""gender=Male"": {""alpha"": 0.0, ""margin"": 0.9629344676560927, ""p_observed"": 0.9814672338280461, ""prior_probability"": 0.5703125, ""score"": -0.561570822771226}}"
3,Male,White,gender=Male,<=50K,"{""age"": ""41"", ""workclass"": ""Private"", ""fnlwgt"": ""238355"", ""education"": ""5th-6th"", ""educational-num"": ""3"", ""marital-status"": ""Married-civ-spouse"", ""occupation"": ""Farming-fishing"", ""relationship"": ""Husband"", ""race"": ""White"", ""capital-gain"": ""0"", ""capital-loss"": ""0"", ""hours-per-week"": ""40"", ""native-country"": ""Mexico""}",gender=Male,gender=Male,gender=Male,,gender=Male,gender=Male,gender=Male,0,<=50K | Husband | Married-civ-spouse | 5th-6th | Private,2,2,"{""gender=Female"": ""<=50K"", ""gender=Male"": ""<=50K""}","{""gender=Female"": {""alpha"": 1.0, ""margin"": 0.7390570773074642, ""p_observed"": 0.8695285386537321, ""prior_probability"": 0.06666666666666667, ""score"": 0.8695285386537321}, ""gender=Male"": {""alpha"": 1.0, ""margin"": 0.7489985282382954, ""p_observed"": 0.8744992641191478, ""prior_probability"": 0.9333333333333333, ""score"": 0.8744992641191478}}","{""gender=Female"": {""alpha"": 1.0, ""margin"": 0.7390570773074642, ""p_observed"": 0.8695285386537321, ""prior_probability"": 0.06666666666666667, ""score"": 0.7390570773074642}, ""gender=Male"": {""alpha"": 1.0, ""margin"": 0.7489985282382954, ""p_observed"": 0.8744992641191478, ""prior_probability"": 0.9333333333333333, ""score"": 0.7489985282382954}}","{""gender=Female"": {""alpha"": 0.0, ""margin"": 0.7390570773074642, ""p_observed"": 0.8695285386537321, ""prior_probability"": 0.06666666666666667, ""score"": -2.70805020110221}, ""gender=Male"": {""alpha"": 0.0, ""margin"": 0.7489985282382954, ""p_observed"": 0.8744992641191478, ""prior_probability"": 0.9333333333333333, ""score"": -0.06899287148695143}}"
4,Male,White,gender=Male,<=50K,"{""age"": ""42"", ""workclass"": ""Private"", ""fnlwgt"": ""117319"", ""education"": ""HS-grad"", ""educational-num"": ""9"", ""marital-status"": ""Married-civ-spouse"", ""occupation"": ""Craft-repair"", ""relationship"": ""Husband"", ""race"": ""White"", ""capital-gain"": ""0"", ""capital-loss"": ""1672"", ""hours-per-week"": ""40"", ""native-country"": ""United-States""}",gender=Male,gender=Male,gender=Male,,gender=Female,gender=Female,gender=Male,0,<=50K | Husband | Married-civ-spouse | HS-grad | Private,2,2,"{""gender=Female"": ""<=50K"", ""gender=Male"": ""<=50K""}","{""gender=Female"": {""alpha"": 1.0, ""margin"": 0.45993041142604374, ""p_observed"": 0.7299652057130217, ""prior_probability"": 0.001364256480218281, ""score"": 0.7299652057130217}, ""gender=Male"": {""alpha"": 1.0, ""margin"": 0.42009453177525646, ""p_observed"": 0.7100472658876281, ""prior_probability"": 0.9986357435197817, ""score"": 0.7100472658876281}}","{""gender=Female"": {""alpha"": 1.0, ""margin"": 0.45993041142604374, ""p_observed"": 0.7299652057130217, ""prior_probability"": 0.001364256480218281, ""score"": 0.45993041142604374}, ""gender=Male"": {""alpha"": 1.0, ""margin"": 0.42009453177525646, ""p_observed"": 0.7100472658876281, ""prior_probability"": 0.9986357435197817, ""score"": 0.42009453177525646}}","{""gender=Female"": {""alpha"": 0.0, ""margin"": 0.45993041142604374, ""p_observed"": 0.7299652057130217, ""prior_probability"": 0.001364256480218281, ""score"": -6.597145701886651}, ""gender=Male"": {""alpha"": 0.0, ""margin"": 0.42009453177525646, ""p_observed"": 0.7100472658876281, ""prior_probability"": 0.9986357435197817, ""score"": -0.00136518792533997}}"
5,Male,White,gender=Male,>50K,"{""age"": ""61"", ""workclass"": ""Self-emp-inc"", ""fnlwgt"": ""84409"", ""education"": ""HS-grad"", ""educational-num"": ""9"", ""marital-status"": ""Married-civ-spouse"", ""occupation"": ""Exec-managerial"", ""relationship"": ""Husband"", ""race"": ""White"", ""capital-gain"": ""0"", ""capital-loss"": ""0"", ""hours-per-week"": ""35"", ""native-country"": ""United-States""}",gender=Male,gender=Male,gender=Male,,gender=Male,gender=Male,gender=Male,0,>50K | Husband | Married-civ-spouse | HS-grad | Self-emp-inc,2,2,"{""gender=Female"": ""<=50K"", ""gender=Male"": ""<=50K""}","{""gender=Female"": {""alpha"": 1.0, ""margin"": -0.3127969606600317, ""p_observed"": 0.3436015196699841, ""prior_probability"": 0.0049504950495049506, ""score"": 0.3436015196699841}, ""gender=Male"": {""alpha"": 1.0, ""margin"": -0.2004494766956999, ""p_observed"": 0.39977526165214994, ""prior_probability"": 0.995049504950495, ""score"": 0.39977526165214994}}","{""gender=Female"": {""alpha"": 1.0, ""margin"": -0.3127969606600317, ""p_observed"": 0.3436015196699841, ""prior_probability"": 0.0049504950495049506, ""score"": -0.3127969606600317}, ""gender=Male"": {""alpha"": 1.0, ""margin"": -0.2004494766956999, ""p_observed"": 0.39977526165214994, ""prior_probability"": 0.995049504950495, ""score"": -0.2004494766956999}}","{""gender=Female"": {""alpha"": 0.0, ""margin"": -0.3127969606600317, ""p_observed"": 0.3436015196699841, ""prior_probability"": 0.0049504950495049506, ""score"": -5.308267697401205}, ""gender=Male"": {""alpha"": 0.0, ""margin"": -0.2004494766956999, ""p_observed"": 0.39977526165214994, ""prior_probability"": 0.995049504950495, ""score"": -0.004962789342129014}}"
6,Male,White,gender=Male,<=50K,"{""age"": ""49"", ""workclass"": ""Local-gov"", ""fnlwgt"": ""229337"", ""education"": ""HS-grad"", ""educational-num"": ""9"", ""marital-status"": ""Separated"", ""occupation"": ""Other-service"", ""relationship"": ""Not-in-family"", ""race"": ""White"", ""capital-gain"": ""0"", ""capital-loss"": ""0"", ""hours-per-week"": ""40"", ""native-country"": ""United-States""}",gender=Male,gender=Female,gender=Female,,gender=Female,gender=Female,gender=Female,0,<=50K | Not-in-family | Separated | HS-grad | Local-gov,2,2,"{""gender=Female"": ""<=50K"", ""gender=Male"": ""<=50K""}","{""gender=Female"": {""alpha"": 1.0, ""margin"": 0.9540283146109826, ""p_observed"": 0.9770141573054911, ""prior_probability"": 0.8275862068965517, ""score"": 0.9770141573054911}, ""gender=Male"": {""alpha"": 1.0, ""margin"": 0.9011701082209659, ""p_observed"": 0.9505850541104828, ""prior_probability"": 0.1724137931034483, ""score"": 0.9505850541104828}}","{""gender=Female"": {""alpha"": 1.0, ""margin"": 0.9540283146109826, ""p_observed"": 0.9770141573054911, ""prior_probability"": 0.8275862068965517, ""score"": 0.9540283146109826}, ""gender=Male"": {""alpha"": 1.0, ""margin"": 0.9011701082209659, ""p_observed"": 0.9505850541104828, ""prior_probability"": 0.1724137931034483, ""score"": 0.9011701082209659}}","{""gender=Female"": {""alpha"": 0.0, ""margin"": 0.9540283146109826, ""p_observed"": 0.9770141573054911, ""prior_probability"": 0.8275862068965517, ""score"": -0.18924199963852842}, ""gender=Male"": {""alpha"": 0.0, ""margin"": 0.9011701082209659, ""p_observed"": 0.9505850541104828, ""prior_probability"": 0.1724137931034483, ""score"": -1.7578579175523736}}"
7,Female,White,gender=Female,<=50K,"{""age"": ""45"", ""workclass"": ""Local-gov"", ""fnlwgt"": ""251786"", ""education"": ""HS-grad"", ""educational-num"": ""9"", ""marital-status"": ""Never-married"", ""occupation"": ""Adm-clerical"", ""relationship"": ""Not-in-family"", ""race"": ""White"", ""capital-gain"": ""0"", ""capital-loss"": ""0"", ""hours-per-week"": ""37"", ""native-country"": ""United-States""}",gender=Male,gender=Female,gender=Female,,gender=Female,gender=Female,gender=Female,0,<=50K | Not-in-family | Never-married | HS-grad | Local-gov,2,2,"{""gender=Female"": ""<=50K"", ""gender=Male"": ""<=50K""}","{""gender=Female"": {""alpha"": 1.0, ""margin"": 0.951556059825445, ""p_observed"": 0.9757780299127223, ""prior_probability"": 0.6936416184971098, ""score"": 0.9757780299127223}, ""gender=Male"": {""alpha"": 1.0, ""margin"": 0.9298227678144286, ""p_observed"": 0.9649113839072141, ""prior_probability"": 0.3063583815028902, ""score"": 0.9649113839072141}}","{""gender=Female"": {""alpha"": 1.0, ""margin"": 0.951556059825445, ""p_observed"": 0.9757780299127223, ""prior_probability"": 0.6936416184971098, ""score"": 0.951556059825445}, ""gender=Male"": {""alpha"": 1.0, ""margin"": 0.9298227678144286, ""p_observed"": 0.9649113839072141, ""prior_probability"": 0.3063583815028902, ""score"": 0.9298227678144286}}","{""gender=Female"": {""alpha"": 0.0, ""margin"": 0.951556059825445, ""p_observed"": 0.9757780299127223, ""prior_probability"": 0.6936416184971098, ""score"": -0.365799851715733}, ""gender=Male"": {""alpha"": 0.0, ""margin"": 0.9298227678144286, ""p_observed"": 0.9649113839072141, ""prior_probability"": 0.3063583815028902, ""score"": -1.182999680945657}}"
8,Male,White,gender=Male,>50K,"{""age"": ""51"", ""workclass"": ""Private"", ""fnlwgt"": ""175070"", ""education"": ""Assoc-acdm"", ""educational-num"": ""12"", ""marital-status"": ""Married-civ-spouse"", ""occupation"": ""Sales"", ""relationship"": ""Husband"", ""race"": ""White"", ""capital-gain"": ""5178"", ""capital-loss"": ""0"", ""hours-per-week"": ""45"", ""native-country"": ""United-States""}",gender=Male,gender=Male,gender=Male,,gender=Male,gender=Male,gender=Male,0,>50K | Husband | Married-civ-spouse | Assoc-acdm | Private,2,2,"{""gender=Female"": "">50K"", ""gender=Male"": "">50K""}","{""gender=Female"": {""alpha"": 1.0, ""margin"": 0.32499223398895327, ""p_observed"": 0.6624961169944766, ""prior_probability"": 0.027777777777777776, ""score"": 0.6624961169944766}, ""gender=Male"": {""alpha"": 1.0, ""margin"": 0.593053897663909, ""p_observed"": 0.7965269488319545, ""prior_probability"": 0.9722222222222222, ""score"": 0.7965269488319545}}","{""gender=Female"": {""alpha"": 1.0, ""margin"": 0.32499223398895327, ""p_observed"": 0.6624961169944766, ""prior_probability"": 0.027777777777777776, ""score"": 0.32499223398895327}, ""gender=Male"": {""alpha"": 1.0, ""margin"": 0.593053897663909, ""p_observed"": 0.7965269488319545, ""prior_probability"": 0.9722222222222222, ""score"": 0.593053897663909}}","{""gender=Female"": {""alpha"": 0.0, ""margin"": 0.32499223398895327, ""p_observed"": 0.6624961169944766, ""prior_probability"": 0.027777777777777776, ""score"": -3.58351893845611}, ""gender=Male"": {""alpha"": 0.0, ""margin"": 0.593053897663909, ""p_observed"": 0.7965269488319545, ""prior_probability"": 0.9722222222222222, ""score"": -0.028170876966696335}}"
9,Female,White,gender=Female,<=50K,"{""age"": ""18"", ""workclass"": ""Private"", ""fnlwgt"": ""126021"", ""education"": ""HS-grad"", ""educational-num"": ""9"", ""marital-status"": ""Never-married"", ""occupation"": ""Craft-repair"", ""relationship"": ""Own-child"", ""race"": ""White"", ""capital-gain"": ""0"", ""capital-loss"": ""0"", ""hours-per-week"": ""20"", ""native-country"": ""United-States""}",gender=Male,gender=Male,gender=Male,gender=Male,gender=Male,gender=Male,gender=Male,1,<=50K | Own-child | Never-married | HS-grad | Private,2,2,"{""gender=Female"": ""<=50K"", ""gender=Male"": ""<=50K""}","{""gender=Female"": {""alpha"": 1.0, ""margin"": 0.9912400476542258, ""p_observed"": 0.9956200238271128, ""prior_probability"": 0.0547945205479452, ""score"": 0.9956200238271128}, ""gender=Male"": {""alpha"": 1.0, ""margin"": 0.9923118626547851, ""p_observed"": 0.9961559313273923, ""prior_probability"": 0.9452054794520548, ""score"": 0.9961559313273923}}","{""gender=Female"": {""alpha"": 1.0, ""margin"": 0.9912400476542258, ""p_observed"": 0.9956200238271128, ""prior_probability"": 0.0547945205479452, ""score"": 0.9912400476542258}, ""gender=Male"": {""alpha"": 1.0, ""margin"": 0.9923118626547851, ""p_observed"": 0.9961559313273923, ""prior_probability"": 0.9452054794520548, ""score"": 0.9923118626547851}}","{""gender=Female"": {""alpha"": 0.0, ""margin"": 0.9912400476542258, ""p_observed"": 0.9956200238271128, ""prior_probability"": 0.0547945205479452, ""score"": -2.9041650800285006}, ""gender=Male"": {""alpha"": 0.0, ""margin"": 0.9923118626547851, ""p_observed"": 0.9961559313273923, ""prior_probability"": 0.9452054794520548, ""score"": -0.056352936551131744}}"
10,Male,White,gender=Male,<=50K,"{""age"": ""27"", ""workclass"": ""Private"", ""fnlwgt"": ""152951"", ""education"": ""HS-grad"", ""educational-num"": ""9"", ""marital-status"": ""Never-married"", ""occupation"": ""Machine-op-inspct"", ""relationship"": ""Own-child"", ""race"": ""White"", ""capital-gain"": ""0"", ""capital-loss"": ""0"", ""hours-per-week"": ""40"", ""native-country"": ""United-States""}",gender=Male,gender=Male,gender=Male,gender=Male,gender=Male,gender=Male,gender=Male,1,<=50K | Own-child | Never-married | HS-grad | Private,2,2,"{""gender=Female"": ""<=50K"", ""gender=Male"": ""<=50K""}","{""gender=Female"": {""alpha"": 1.0, ""margin"": 0.9885302826812948, ""p_observed"": 0.9942651413406474, ""prior_probability"": 0.24299065420560748, ""score"": 0.9942651413406474}, ""gender=Male"": {""alpha"": 1.0, ""margin"": 0.9889469215126501, ""p_observed"": 0.9944734607563248, ""prior_probability"": 0.7570093457943925, ""score"": 0.9944734607563248}}","{""gender=Female"": {""alpha"": 1.0, ""margin"": 0.9885302826812948, ""p_observed"": 0.9942651413406474, ""prior_probability"": 0.24299065420560748, ""score"": 0.9885302826812948}, ""gender=Male"": {""alpha"": 1.0, ""margin"": 0.9889469215126501, ""p_observed"": 0.9944734607563248, ""prior_probability"": 0.7570093457943925, ""score"": 0.9889469215126501}}","{""gender=Female"": {""alpha"": 0.0, ""margin"": 0.9885302826812948, ""p_observed"": 0.9942651413406474, ""prior_probability"": 0.24299065420560748, ""score"": -1.414732296440424}, ""gender=Male"": {""alpha"": 0.0, ""margin"": 0.9889469215126501, ""p_observed"": 0.9944734607563248, ""prior_probability"": 0.7570093457943925, ""score"": -0.2783796797894674}}"
11,Female,White,gender=Female,<=50K,"{""age"": ""55"", ""workclass"": ""Private"", ""fnlwgt"": ""201229"", ""education"": ""Bachelors"", ""educational-num"": ""13"", ""marital-status"": ""Divorced"", ""occupation"": ""Sales"", ""relationship"": ""Not-in-family"", ""race"": ""White"", ""capital-gain"": ""0"", ""capital-loss"": ""0"", ""hours-per-week"": ""8"", ""native-country"": ""United-States""}",gender=Male,gender=Male,gender=Male,,gender=Female,gender=Female,gender=Male,0,<=50K | Not-in-family | Divorced | Bachelors | Private,2,2,"{""gender=Female"": ""<=50K"", ""gender=Male"": ""<=50K""}","{""gender=Female"": {""alpha"": 1.0, ""margin"": 0.7259305093449353, ""p_observed"": 0.8629652546724678, ""prior_probability"": 0.3783783783783784, ""score"": 0.8629652546724678}, ""gender=Male"": {""alpha"": 1.0, ""margin"": 0.605824686520933, ""p_observed"": 0.8029123432604666, ""prior_probability"": 0.6216216216216216, ""score"": 0.8029123432604666}}","{""gender=Female"": {""alpha"": 1.0, ""margin"": 0.7259305093449353, ""p_observed"": 0.8629652546724678, ""prior_probability"": 0.3783783783783784, ""score"": 0.7259305093449353}, ""gender=Male"": {""alpha"": 1.0, ""margin"": 0.605824686520933, ""p_observed"": 0.8029123432604666, ""prior_probability"": 0.6216216216216216, ""score"": 0.605824686520933}}","{""gender=Female"": {""alpha"": 0.0, ""margin"": 0.7259305093449353, ""p_observed"": 0.8629652546724678, ""prior_probability"": 0.3783783783783784, ""score"": -0.9718605830289657}, ""gender=Male"": {""alpha"": 0.0, ""margin"": 0.605824686520933, ""p_observed"": 0.8029123432604666, ""prior_probability"": 0.6216216216216216, ""score"": -0.4754236967150748}}"
12,Male,White,gender=Male,>50K,"{""age"": ""61"", ""workclass"": ""Self-emp-inc"", ""fnlwgt"": ""187124"", ""education"": ""HS-grad"", ""educational-num"": ""9"", ""marital-status"": ""Married-civ-spouse"", ""occupation"": ""Exec-managerial"", ""relationship"": ""Husband"", ""race"": ""White"", ""capital-gain"": ""0"", ""capital-loss"": ""0"", ""hours-per-week"": ""20"", ""native-country"": ""United-States""}",gender=Male,gender=Male,gender=Male,,gender=Male,gender=Male,gender=Male,0,>50K | Husband | Married-civ-spouse | HS-grad | Self-emp-inc,2,2,"{""gender=Female"": ""<=50K"", ""gender=Male"": ""<=50K""}","{""gender=Female"": {""alpha"": 1.0, ""margin"": -0.3111988421430779, ""p_observed"": 0.344400578928461, ""prior_probability"": 0.0049504950495049506, ""score"": 0.344400578928461}, ""gender=Male"": {""alpha"": 1.0, ""margin"": -0.19644388435705562, ""p_observed"": 0.40177805782147213, ""prior_probability"": 0.995049504950495, ""score"": 0.40177805782147213}}","{""gender=Female"": {""alpha"": 1.0, ""margin"": -0.3111988421430779, ""p_observed"": 0.344400578928461, ""prior_probability"": 0.0049504950495049506, ""score"": -0.3111988421430779}, ""gender=Male"": {""alpha"": 1.0, ""margin"": -0.19644388435705562, ""p_observed"": 0.40177805782147213, ""prior_probability"": 0.995049504950495, ""score"": -0.19644388435705562}}","{""gender=Female"": {""alpha"": 0.0, ""margin"": -0.3111988421430779, ""p_observed"": 0.344400578928461, ""prior_probability"": 0.0049504950495049506, ""score"": -5.308267697401205}, ""gender=Male"": {""alpha"": 0.0, ""margin"": -0.19644388435705562, ""p_observed"": 0.40177805782147213, ""prior_probability"": 0.995049504950495, ""score"": -0.004962789342129014}}"
13,Female,White,gender=Female,>50K,"{""age"": ""57"", ""workclass"": ""Private"", ""fnlwgt"": ""212448"", ""education"": ""Bachelors"", ""educational-num"": ""13"", ""marital-status"": ""Divorced"", ""occupation"": ""Exec-managerial"", ""relationship"": ""Not-in-family"", ""race"": ""White"", ""capital-gain"": ""0"", ""capital-loss"": ""0"", ""hours-per-week"": ""45"", ""native-country"": ""United-States""}",gender=Male,gender=Male,gender=Male,,gender=Male,gender=Male,gender=Male,0,>50K | Not-in-family | Divorced | Bachelors | Private,2,2,"{""gender=Female"": ""<=50K"", ""gender=Male"": ""<=50K""}","{""gender=Female"": {""alpha"": 1.0, ""margin"": -0.4553985776972747, ""p_observed"": 0.27230071115136284, ""prior_probability"": 0.36363636363636365, ""score"": 0.27230071115136284}, ""gender=Male"": {""alpha"": 1.0, ""margin"": -0.25297525443954855, ""p_observed"": 0.3735123727802259, ""prior_probability"": 0.6363636363636364, ""score"": 0.3735123727802259}}","{""gender=Female"": {""alpha"": 1.0, ""margin"": -0.4553985776972747, ""p_observed"": 0.27230071115136284, ""prior_probability"": 0.36363636363636365, ""score"": -0.4553985776972747}, ""gender=Male"": {""alpha"": 1.0, ""margin"": -0.25297525443954855, ""p_observed"": 0.3735123727802259, ""prior_probability"": 0.6363636363636364, ""score"": -0.25297525443954855}}","{""gender=Female"": {""alpha"": 0.0, ""margin"": -0.4553985776972747, ""p_observed"": 0.27230071115136284, ""prior_probability"": 0.36363636363636365, ""score"": -1.0116009116784799}, ""gender=Male"": {""alpha"": 0.0, ""margin"": -0.25297525443954855, ""p_observed"": 0.3735123727802259, ""prior_probability"": 0.6363636363636364, ""score"": -0.45198512374305727}}"
14,Female,White,gender=Female,<=50K,"{""age"": ""56"", ""workclass"": ""State-gov"", ""fnlwgt"": ""153451"", ""education"": ""Some-college"", ""educational-num"": ""10"", ""marital-status"": ""Divorced"", ""occupation"": ""Adm-clerical"", ""relationship"": ""Not-in-family"", ""race"": ""White"", ""capital-gain"": ""0"", ""capital-loss"": ""0"", ""hours-per-week"": ""35"", ""native-country"": ""United-States""}",gender=Male,gender=Female,gender=Female,,gender=Female,gender=Female,gender=Female,0,<=50K | Not-in-family | Divorced | Some-college | State-gov,2,2,"{""gender=Female"": ""<=50K"", ""gender=Male"": ""<=50K""}","{""gender=Female"": {""alpha"": 1.0, ""margin"": 0.9283181072156317, ""p_observed"": 0.9641590536078158, ""prior_probability"": 0.8738738738738738, ""score"": 0.9641590536078158}, ""gender=Male"": {""alpha"": 1.0, ""margin"": 0.8510205376587114, ""p_observed"": 0.9255102688293556, ""prior_probability"": 0.12612612612612611, ""score"": 0.9255102688293556}}","{""gender=Female"": {""alpha"": 1.0, ""margin"": 0.9283181072156317, ""p_observed"": 0.9641590536078158, ""prior_probability"": 0.8738738738738738, ""score"": 0.9283181072156317}, ""gender=Male"": {""alpha"": 1.0, ""margin"": 0.8510205376587114, ""p_observed"": 0.9255102688293556, ""prior_probability"": 0.12612612612612611, ""score"": 0.8510205376587114}}","{""gender=Female"": {""alpha"": 0.0, ""margin"": 0.9283181072156317, ""p_observed"": 0.9641590536078158, ""prior_probability"": 0.8738738738738738, ""score"": -0.13481922280895137}, ""gender=Male"": {""alpha"": 0.0, ""margin"": 0.8510205376587114, ""p_observed"": 0.9255102688293556, ""prior_probability"": 0.12612612612612611, ""score"": -2.0704728716970755}}"
15,Male,White,gender=Male,<=50K,"{""age"": ""42"", ""workclass"": ""Private"", ""fnlwgt"": ""169995"", ""education"": ""Some-college"", ""educational-num"": ""10"", ""marital-status"": ""Married-civ-spouse"", ""occupation"": ""Prof-specialty"", ""relationship"": ""Husband"", ""race"": ""White"", ""capital-gain"": ""0"", ""capital-loss"": ""0"", ""hours-per-week"": ""45"", ""native-country"": ""United-States""}",gender=Male,gender=Male,gender=Male,,gender=Female,gender=Female,gender=Male,0,<=50K | Husband | Married-civ-spouse | Some-college | Private,2,2,"{""gender=Female"": ""<=50K"", ""gender=Male"": ""<=50K""}","{""gender=Female"": {""alpha"": 1.0, ""margin"": 0.10763034793507237, ""p_observed"": 0.5538151739675361, ""prior_probability"": 0.015625, ""score"": 0.5538151739675361}, ""gender=Male"": {""alpha"": 1.0, ""margin"": 0.01837506769312075, ""p_observed"": 0.5091875338465603, ""prior_probability"": 0.984375, ""score"": 0.5091875338465603}}","{""gender=Female"": {""alpha"": 1.0, ""margin"": 0.10763034793507237, ""p_observed"": 0.5538151739675361, ""prior_probability"": 0.015625, ""score"": 0.10763034793507237}, ""gender=Male"": {""alpha"": 1.0, ""margin"": 0.01837506769312075, ""p_observed"": 0.5091875338465603, ""prior_probability"": 0.984375, ""score"": 0.01837506769312075}}","{""gender=Female"": {""alpha"": 0.0, ""margin"": 0.10763034793507237, ""p_observed"": 0.5538151739675361, ""prior_probability"": 0.015625, ""score"": -4.1588830833596715}, ""gender=Male"": {""alpha"": 0.0, ""margin"": 0.01837506769312075, ""p_observed"": 0.5091875338465603, ""prior_probability"": 0.984375, ""score"": -0.015748356968139168}}"
16,Male,Black,gender=Male,<=50K,"{""age"": ""48"", ""workclass"": ""Private"", ""fnlwgt"": ""157092"", ""education"": ""Some-college"", ""educational-num"": ""10"", ""marital-status"": ""Married-civ-spouse"", ""occupation"": ""Transport-moving"", ""relationship"": ""Husband"", ""race"": ""Black"", ""capital-gain"": ""0"", ""capital-loss"": ""0"", ""hours-per-week"": ""40"", ""native-country"": ""United-States""}",gender=Male,gender=Male,gender=Male,,gender=Female,gender=Female,gender=Male,0,<=50K | Husband | Married-civ-spouse | Some-college | Private,2,2,"{""gender=Female"": ""<=50K"", ""gender=Male"": ""<=50K""}","{""gender=Female"": {""alpha"": 1.0, ""margin"": 0.3227047625771411, ""p_observed"": 0.6613523812885707, ""prior_probability"": 0.012987012987012988, ""score"": 0.6613523812885707}, ""gender=Male"": {""alpha"": 1.0, ""margin"": 0.25112167719198275, ""p_observed"": 0.6255608385959914, ""prior_probability"": 0.987012987012987, ""score"": 0.6255608385959914}}","{""gender=Female"": {""alpha"": 1.0, ""margin"": 0.3227047625771411, ""p_observed"": 0.6613523812885707, ""prior_probability"": 0.012987012987012988, ""score"": 0.3227047625771411}, ""gender=Male"": {""alpha"": 1.0, ""margin"": 0.25112167719198275, ""p_observed"": 0.6255608385959914, ""prior_probability"": 0.987012987012987, ""score"": 0.25112167719198275}}","{""gender=Female"": {""alpha"": 0.0, ""margin"": 0.3227047625771411, ""p_observed"": 0.6613523812885707, ""prior_probability"": 0.012987012987012988, ""score"": -4.343805421853684}, ""gender=Male"": {""alpha"": 0.0, ""margin"": 0.25112167719198275, ""p_observed"": 0.6255608385959914, ""prior_probability"": 0.987012987012987, ""score"": -0.013072081567352775}}"
17,Male,Black,gender=Male,<=50K,"{""age"": ""21"", ""workclass"": ""Private"", ""fnlwgt"": ""278254"", ""education"": ""Some-college"", ""educational-num"": ""10"", ""marital-status"": ""Never-married"", ""occupation"": ""Handlers-cleaners"", ""relationship"": ""Own-child"", ""race"": ""Black"", ""capital-gain"": ""0"", ""capital-loss"": ""0"", ""hours-per-week"": ""40"", ""native-country"": ""United-States""}",gender=Male,gender=Male,gender=Male,gender=Male,gender=Male,gender=Male,gender=Male,1,<=50K | Own-child | Never-married | Some-college | Private,2,2,"{""gender=Female"": ""<=50K"", ""gender=Male"": ""<=50K""}","{""gender=Female"": {""alpha"": 1.0, ""margin"": 0.9890198162222585, ""p_observed"": 0.9945099081111293, ""prior_probability"": 0.1111111111111111, ""score"": 0.9945099081111293}, ""gender=Male"": {""alpha"": 1.0, ""margin"": 0.9897466792377229, ""p_observed"": 0.9948733396188614, ""prior_probability"": 0.8888888888888888, ""score"": 0.9948733396188614}}","{""gender=Female"": {""alpha"": 1.0, ""margin"": 0.9890198162222585, ""p_observed"": 0.9945099081111293, ""prior_probability"": 0.1111111111111111, ""score"": 0.9890198162222585}, ""gender=Male"": {""alpha"": 1.0, ""margin"": 0.9897466792377229, ""p_observed"": 0.9948733396188614, ""prior_probability"": 0.8888888888888888, ""score"": 0.9897466792377229}}","{""gender=Female"": {""alpha"": 0.0, ""margin"": 0.9890198162222585, ""p_observed"": 0.9945099081111293, ""prior_probability"": 0.1111111111111111, ""score"": -2.1972245773362196}, ""gender=Male"": {""alpha"": 0.0, ""margin"": 0.9897466792377229, ""p_observed"": 0.9948733396188614, ""prior_probability"": 0.8888888888888888, ""score"": -0.11778303565638351}}"
18,Male,White,gender=Male,<=50K,"{""age"": ""62"", ""workclass"": ""Private"", ""fnlwgt"": ""161460"", ""education"": ""Bachelors"", ""educational-num"": ""13"", ""marital-status"": ""Never-married"", ""occupation"": ""Farming-fishing"", ""relationship"": ""Not-in-family"", ""race"": ""White"", ""capital-gain"": ""0"", ""capital-loss"": ""0"", ""hours-per-week"": ""30"", ""native-country"": ""United-States""}",gender=Male,gender=Male,gender=Male,,gender=Female,gender=Female,gender=Male,0,<=50K | Not-in-family | Never-married | Bachelors | Private,2,2,"{""gender=Female"": ""<=50K"", ""gender=Male"": ""<=50K""}","{""gender=Female"": {""alpha"": 1.0, ""margin"": 0.8264191120124424, ""p_observed"": 0.9132095560062213, ""prior_probability"": 0.16666666666666666, ""score"": 0.9132095560062213}, ""gender=Male"": {""alpha"": 1.0, ""margin"": 0.7656752270465191, ""p_observed"": 0.8828376135232597, ""prior_probability"": 0.8333333333333334, ""score"": 0.8828376135232597}}","{""gender=Female"": {""alpha"": 1.0, ""margin"": 0.8264191120124424, ""p_observed"": 0.9132095560062213, ""prior_probability"": 0.16666666666666666, ""score"": 0.8264191120124424}, ""gender=Male"": {""alpha"": 1.0, ""margin"": 0.7656752270465191, ""p_observed"": 0.8828376135232597, ""prior_probability"": 0.8333333333333334, ""score"": 0.7656752270465191}}","{""gender=Female"": {""alpha"": 0.0, ""margin"": 0.8264191120124424, ""p_observed"": 0.9132095560062213, ""prior_probability"": 0.16666666666666666, ""score"": -1.791759469228055}, ""gender=Male"": {""alpha"": 0.0, ""margin"": 0.7656752270465191, ""p_observed"": 0.8828376135232597, ""prior_probability"": 0.8333333333333334, ""score"": -0.1823215567939546}}"
19,Female,Black,gender=Female,<=50K,"{""age"": ""45"", ""workclass"": ""Private"", ""fnlwgt"": ""149224"", ""education"": ""HS-grad"", ""educational-num"": ""9"", ""marital-status"": ""Divorced"", ""occupation"": ""Adm-clerical"", ""relationship"": ""Unmarried"", ""race"": ""Black"", ""capital-gain"": ""0"", ""capital-loss"": ""0"", ""hours-per-week"": ""50"", ""native-country"": ""United-States""}",gender=Male,gender=Female,gender=Female,,gender=Female,gender=Female,gender=Female,0,<=50K | Unmarried | Divorced | HS-grad | Private,2,2,"{""gender=Female"": ""<=50K"", ""gender=Male"": ""<=50K""}","{""gender=Female"": {""alpha"": 1.0, ""margin"": 0.9325528694458294, ""p_observed"": 0.9662764347229146, ""prior_probability"": 0.9328358208955224, ""score"": 0.9662764347229146}, ""gender=Male"": {""alpha"": 1.0, ""margin"": 0.855908602004079, ""p_observed"": 0.9279543010020396, ""prior_probability"": 0.06716417910447761, ""score"": 0.9279543010020396}}","{""gender=Female"": {""alpha"": 1.0, ""margin"": 0.9325528694458294, ""p_observed"": 0.9662764347229146, ""prior_probability"": 0.9328358208955224, ""score"": 0.9325528694458294}, ""gender=Male"": {""alpha"": 1.0, ""margin"": 0.855908602004079, ""p_observed"": 0.9279543010020396, ""prior_probability"": 0.06716417910447761, ""score"": 0.855908602004079}}","{""gender=Female"": {""alpha"": 0.0, ""margin"": 0.9325528694458294, ""p_observed"": 0.9662764347229146, ""prior_probability"": 0.9328358208955224, ""score"": -0.06952606264861022}, ""gender=Male"": {""alpha"": 0.0, ""margin"": 0.855908602004079, ""p_observed"": 0.9279543010020396, ""prior_probability"": 0.06716417910447761, ""score"": -2.700615222614692}}"
20,Female,Black,gender=Female,<=50K,"{""age"": ""51"", ""workclass"": ""Local-gov"", ""fnlwgt"": ""227261"", ""education"": ""Some-college"", ""educational-num"": ""10"", ""marital-status"": ""Divorced"", ""occupation"": ""Protective-serv"", ""relationship"": ""Unmarried"", ""race"": ""Black"", ""capital-gain"": ""0"", ""capital-loss"": ""0"", ""hours-per-week"": ""40"", ""native-country"": ""United-States""}",gender=Male,gender=Female,gender=Female,,gender=Female,gender=Female,gender=Female,0,<=50K | Unmarried | Divorced | Some-college | Local-gov,2,2,"{""gender=Female"": ""<=50K"", ""gender=Male"": ""<=50K""}","{""gender=Female"": {""alpha"": 1.0, ""margin"": 0.9471488894523304, ""p_observed"": 0.9735744447261652, ""prior_probability"": 0.7777777777777778, ""score"": 0.9735744447261652}, ""gender=Male"": {""alpha"": 1.0, ""margin"": 0.8152876493803118, ""p_observed"": 0.9076438246901558, ""prior_probability"": 0.2222222222222222, ""score"": 0.9076438246901558}}","{""gender=Female"": {""alpha"": 1.0, ""margin"": 0.9471488894523304, ""p_observed"": 0.9735744447261652, ""prior_probability"": 0.7777777777777778, ""score"": 0.9471488894523304}, ""gender=Male"": {""alpha"": 1.0, ""margin"": 0.8152876493803118, ""p_observed"": 0.9076438246901558, ""prior_probability"": 0.2222222222222222, ""score"": 0.8152876493803118}}","{""gender=Female"": {""alpha"": 0.0, ""margin"": 0.9471488894523304, ""p_observed"": 0.9735744447261652, ""prior_probability"": 0.7777777777777778, ""score"": -0.25131442828090605}, ""gender=Male"": {""alpha"": 0.0, ""margin"": 0.8152876493803118, ""p_observed"": 0.9076438246901558, ""prior_probability"": 0.2222222222222222, ""score"": -1.5040773967762742}}"
21,Male,White,gender=Male,<=50K,"{""age"": ""44"", ""workclass"": ""Private"", ""fnlwgt"": ""187821"", ""education"": ""Bachelors"", ""educational-num"": ""13"", ""marital-status"": ""Married-civ-spouse"", ""occupation"": ""Transport-moving"", ""relationship"": ""Husband"", ""race"": ""White"", ""capital-gain"": ""0"", ""capital-loss"": ""0"", ""hours-per-week"": ""55"", ""native-country"": ""United-States""}",gender=Male,gender=Male,gender=Male,,gender=Female,gender=Female,gender=Male,0,<=50K | Husband | Married-civ-spouse | Bachelors | Private,2,2,"{""gender=Female"": "">50K"", ""gender=Male"": "">50K""}","{""gender=Female"": {""alpha"": 1.0, ""margin"": -0.07847945314124743, ""p_observed"": 0.46076027342937625, ""prior_probability"": 0.05, ""score"": 0.46076027342937625}, ""gender=Male"": {""alpha"": 1.0, ""margin"": -0.2977821768937995, ""p_observed"": 0.3511089115531002, ""prior_probability"": 0.95, ""score"": 0.3511089115531002}}","{""gender=Female"": {""alpha"": 1.0, ""margin"": -0.07847945314124743, ""p_observed"": 0.46076027342937625, ""prior_probability"": 0.05, ""score"": -0.07847945314124743}, ""gender=Male"": {""alpha"": 1.0, ""margin"": -0.2977821768937995, ""p_observed"": 0.3511089115531002, ""prior_probability"": 0.95, ""score"": -0.2977821768937995}}","{""gender=Female"": {""alpha"": 0.0, ""margin"": -0.07847945314124743, ""p_observed"": 0.46076027342937625, ""prior_probability"": 0.05, ""score"": -2.995732273553991}, ""gender=Male"": {""alpha"": 0.0, ""margin"": -0.2977821768937995, ""p_observed"": 0.3511089115531002, ""prior_probability"": 0.95, ""score"": -0.05129329438755058}}"
22,Female,White,gender=Female,<=50K,"{""age"": ""28"", ""workclass"": ""Local-gov"", ""fnlwgt"": ""191088"", ""education"": ""Bachelors"", ""educational-num"": ""13"", ""marital-status"": ""Divorced"", ""occupation"": ""Prof-specialty"", ""relationship"": ""Not-in-family"", ""race"": ""White"", ""capital-gain"": ""2354"", ""capital-loss"": ""0"", ""hours-per-week"": ""60"", ""native-country"": ""United-States""}",gender=Male,gender=Female,gender=Female,,gender=Female,gender=Female,gender=Female,0,<=50K | Not-in-family | Divorced | Bachelors | Local-gov,2,2,"{""gender=Female"": ""<=50K"", ""gender=Male"": ""<=50K""}","{""gender=Female"": {""alpha"": 1.0, ""margin"": 0.6630870449133623, ""p_observed"": 0.8315435224566812, ""prior_probability"": 0.5333333333333333, ""score"": 0.8315435224566812}, ""gender=Male"": {""alpha"": 1.0, ""margin"": 0.5962499884498735, ""p_observed"": 0.7981249942249368, ""prior_probability"": 0.4666666666666667, ""score"": 0.7981249942249368}}","{""gender=Female"": {""alpha"": 1.0, ""margin"": 0.6630870449133623, ""p_observed"": 0.8315435224566812, ""prior_probability"": 0.5333333333333333, ""score"": 0.6630870449133623}, ""gender=Male"": {""alpha"": 1.0, ""margin"": 0.5962499884498735, ""p_observed"": 0.7981249942249368, ""prior_probability"": 0.4666666666666667, ""score"": 0.5962499884498735}}","{""gender=Female"": {""alpha"": 0.0, ""margin"": 0.6630870449133623, ""p_observed"": 0.8315435224566812, ""prior_probability"": 0.5333333333333333, ""score"": -0.6286086594223742}, ""gender=Male"": {""alpha"": 0.0, ""margin"": 0.5962499884498735, ""p_observed"": 0.7981249942249368, ""prior_probability"": 0.4666666666666667, ""score"": -0.7621400520468967}}"
23,Male,White,gender=Male,>50K,"{""age"": ""55"", ""workclass"": ""Private"", ""fnlwgt"": ""27227"", ""education"": ""Some-college"", ""educational-num"": ""10"", ""marital-status"": ""Married-civ-spouse"", ""occupation"": ""Other-service"", ""relationship"": ""Husband"", ""race"": ""White"", ""capital-gain"": ""0"", ""capital-loss"": ""1977"", ""hours-per-week"": ""35"", ""native-country"": ""United-States""}",gender=Male,gender=Male,gender=Male,,gender=Male,gender=Male,gender=Male,0,>50K | Husband | Married-civ-spouse | Some-college | Private,2,2,"{""gender=Female"": ""<=50K"", ""gender=Male"": "">50K""}","{""gender=Female"": {""alpha"": 1.0, ""margin"": -0.05489640125888556, ""p_observed"": 0.4725517993705572, ""prior_probability"": 0.05555555555555555, ""score"": 0.4725517993705572}, ""gender=Male"": {""alpha"": 1.0, ""margin"": 0.05191393531047639, ""p_observed"": 0.5259569676552383, ""prior_probability"": 0.9444444444444444, ""score"": 0.5259569676552383}}","{""gender=Female"": {""alpha"": 1.0, ""margin"": -0.05489640125888556, ""p_observed"": 0.4725517993705572, ""prior_probability"": 0.05555555555555555, ""score"": -0.05489640125888556}, ""gender=Male"": {""alpha"": 1.0, ""margin"": 0.05191393531047639, ""p_observed"": 0.5259569676552383, ""prior_probability"": 0.9444444444444444, ""score"": 0.05191393531047639}}","{""gender=Female"": {""alpha"": 0.0, ""margin"": -0.05489640125888556, ""p_observed"": 0.4725517993705572, ""prior_probability"": 0.05555555555555555, ""score"": -2.890371757896165}, ""gender=Male"": {""alpha"": 0.0, ""margin"": 0.05191393531047639, ""p_observed"": 0.5259569676552383, ""prior_probability"": 0.9444444444444444, ""score"": -0.05715841383994864}}"
24,Male,White,gender=Male,<=50K,"{""age"": ""33"", ""workclass"": ""State-gov"", ""fnlwgt"": ""175023"", ""education"": ""HS-grad"", ""educational-num"": ""9"", ""marital-status"": ""Married-civ-spouse"", ""occupation"": ""Protective-serv"", ""relationship"": ""Husband"", ""race"": ""White"", ""capital-gain"": ""0"", ""capital-loss"": ""0"", ""hours-per-week"": ""37"", ""native-country"": ""United-States""}",gender=Male,gender=Male,gender=Male,,gender=Female,gender=Female,gender=Male,0,<=50K | Husband | Married-civ-spouse | HS-grad | State-gov,2,2,"{""gender=Female"": ""<=50K"", ""gender=Male"": ""<=50K""}","{""gender=Female"": {""alpha"": 1.0, ""margin"": 0.5836613806971438, ""p_observed"": 0.7918306903485719, ""prior_probability"": 0.017543859649122806, ""score"": 0.7918306903485719}, ""gender=Male"": {""alpha"": 1.0, ""margin"": 0.5091195899888878, ""p_observed"": 0.7545597949944438, ""prior_probability"": 0.9824561403508771, ""score"": 0.7545597949944438}}","{""gender=Female"": {""alpha"": 1.0, ""margin"": 0.5836613806971438, ""p_observed"": 0.7918306903485719, ""prior_probability"": 0.017543859649122806, ""score"": 0.5836613806971438}, ""gender=Male"": {""alpha"": 1.0, ""margin"": 0.5091195899888878, ""p_observed"": 0.7545597949944438, ""prior_probability"": 0.9824561403508771, ""score"": 0.5091195899888878}}","{""gender=Female"": {""alpha"": 0.0, ""margin"": 0.5836613806971438, ""p_observed"": 0.7918306903485719, ""prior_probability"": 0.017543859649122806, ""score"": -4.04305126783455}, ""gender=Male"": {""alpha"": 0.0, ""margin"": 0.5091195899888878, ""p_observed"": 0.7545597949944438, ""prior_probability"": 0.9824561403508771, ""score"": -0.017699577099400975}}"
25,Male,White,gender=Male,<=50K,"{""age"": ""24"", ""workclass"": ""Self-emp-not-inc"", ""fnlwgt"": ""32921"", ""education"": ""HS-grad"", ""educational-num"": ""9"", ""marital-status"": ""Never-married"", ""occupation"": ""Sales"", ""relationship"": ""Not-in-family"", ""race"": ""White"", ""capital-gain"": ""0"", ""capital-loss"": ""0"", ""hours-per-week"": ""40"", ""native-country"": ""United-States""}",gender=Male,gender=Female,gender=Female,,gender=Female,gender=Female,gender=Female,0,<=50K | Not-in-family | Never-married | HS-grad | Self-emp-not-inc,2,2,"{""gender=Female"": ""<=50K"", ""gender=Male"": ""<=50K""}","{""gender=Female"": {""alpha"": 1.0, ""margin"": 0.9626173268142428, ""p_observed"": 0.9813086634071213, ""prior_probability"": 0.5402298850574713, ""score"": 0.9813086634071213}, ""gender=Male"": {""alpha"": 1.0, ""margin"": 0.9273163096847676, ""p_observed"": 0.9636581548423836, ""prior_probability"": 0.45977011494252873, ""score"": 0.9636581548423836}}","{""gender=Female"": {""alpha"": 1.0, ""margin"": 0.9626173268142428, ""p_observed"": 0.9813086634071213, ""prior_probability"": 0.5402298850574713, ""score"": 0.9626173268142428}, ""gender=Male"": {""alpha"": 1.0, ""margin"": 0.9273163096847676, ""p_observed"": 0.9636581548423836, ""prior_probability"": 0.45977011494252873, ""score"": 0.9273163096847676}}","{""gender=Female"": {""alpha"": 0.0, ""margin"": 0.9626173268142428, ""p_observed"": 0.9813086634071213, ""prior_probability"": 0.5402298850574713, ""score"": -0.6157605169445252}, ""gender=Male"": {""alpha"": 0.0, ""margin"": 0.9273163096847676, ""p_observed"": 0.9636581548423836, ""prior_probability"": 0.45977011494252873, ""score"": -0.7770286645406475}}"
26,Male,White,gender=Male,>50K,"{""age"": ""65"", ""workclass"": ""Self-emp-inc"", ""fnlwgt"": ""410199"", ""education"": ""Bachelors"", ""educational-num"": ""13"", ""marital-status"": ""Married-civ-spouse"", ""occupation"": ""Exec-managerial"", ""relationship"": ""Husband"", ""race"": ""White"", ""capital-gain"": ""9386"", ""capital-loss"": ""0"", ""hours-per-week"": ""35"", ""native-country"": ""United-States""}",gender=Male,gender=Male,gender=Male,,gender=Male,gender=Male,gender=Male,0,>50K | Husband | Married-civ-spouse | Bachelors | Self-emp-inc,2,2,"{""gender=Female"": "">50K"", ""gender=Male"": "">50K""}","{""gender=Female"": {""alpha"": 1.0, ""margin"": 0.6247512583083519, ""p_observed"": 0.8123756291541758, ""prior_probability"": 0.00186219739292365, ""score"": 0.8123756291541758}, ""gender=Male"": {""alpha"": 1.0, ""margin"": 0.7464257799101625, ""p_observed"": 0.8732128899550812, ""prior_probability"": 0.9981378026070763, ""score"": 0.8732128899550812}}","{""gender=Female"": {""alpha"": 1.0, ""margin"": 0.6247512583083519, ""p_observed"": 0.8123756291541758, ""prior_probability"": 0.00186219739292365, ""score"": 0.6247512583083519}, ""gender=Male"": {""alpha"": 1.0, ""margin"": 0.7464257799101625, ""p_observed"": 0.8732128899550812, ""prior_probability"": 0.9981378026070763, ""score"": 0.7464257799101625}}","{""gender=Female"": {""alpha"": 0.0, ""margin"": 0.6247512583083519, ""p_observed"": 0.8123756291541758, ""prior_probability"": 0.00186219739292365, ""score"": -6.285998094508865}, ""gender=Male"": {""alpha"": 0.0, ""margin"": 0.7464257799101625, ""p_observed"": 0.8732128899550812, ""prior_probability"": 0.9981378026070763, ""score"": -0.0018639334380627533}}"
27,Male,White,gender=Male,>50K,"{""age"": ""55"", ""workclass"": ""Private"", ""fnlwgt"": ""349910"", ""education"": ""HS-grad"", ""educational-num"": ""9"", ""marital-status"": ""Married-civ-spouse"", ""occupation"": ""Farming-fishing"", ""relationship"": ""Husband"", ""race"": ""White"", ""capital-gain"": ""0"", ""capital-loss"": ""0"", ""hours-per-week"": ""45"", ""native-country"": ""United-States""}",gender=Male,gender=Male,gender=Male,gender=Male,gender=Male,gender=Male,gender=Male,1,>50K | Husband | Married-civ-spouse | HS-grad | Private,2,2,"{""gender=Female"": ""<=50K"", ""gender=Male"": ""<=50K""}","{""gender=Female"": {""alpha"": 1.0, ""margin"": -0.4777988652103356, ""p_observed"": 0.26110056739483195, ""prior_probability"": 0.029411764705882353, ""score"": 0.26110056739483195}, ""gender=Male"": {""alpha"": 1.0, ""margin"": -0.3940794936602648, ""p_observed"": 0.30296025316986747, ""prior_probability"": 0.9705882352941176, ""score"": 0.30296025316986747}}","{""gender=Female"": {""alpha"": 1.0, ""margin"": -0.4777988652103356, ""p_observed"": 0.26110056739483195, ""prior_probability"": 0.029411764705882353, ""score"": -0.4777988652103356}, ""gender=Male"": {""alpha"": 1.0, ""margin"": -0.3940794936602648, ""p_observed"": 0.30296025316986747, ""prior_probability"": 0.9705882352941176, ""score"": -0.3940794936602648}}","{""gender=Female"": {""alpha"": 0.0, ""margin"": -0.4777988652103356, ""p_observed"": 0.26110056739483195, ""prior_probability"": 0.029411764705882353, ""score"": -3.5263605246161616}, ""gender=Male"": {""alpha"": 0.0, ""margin"": -0.3940794936602648, ""p_observed"": 0.30296025316986747, ""prior_probability"": 0.9705882352941176, ""score"": -0.02985296314968116}}"
28,Female,White,gender=Female,<=50K,"{""age"": ""37"", ""workclass"": ""Local-gov"", ""fnlwgt"": ""347136"", ""education"": ""Some-college"", ""educational-num"": ""10"", ""marital-status"": ""Divorced"", ""occupation"": ""Adm-clerical"", ""relationship"": ""Not-in-family"", ""race"": ""White"", ""capital-gain"": ""0"", ""capital-loss"": ""0"", ""hours-per-week"": ""44"", ""native-country"": ""United-States""}",gender=Male,gender=Female,gender=Female,,gender=Female,gender=Female,gender=Female,0,<=50K | Not-in-family | Divorced | Some-college | Local-gov,2,2,"{""gender=Female"": ""<=50K"", ""gender=Male"": ""<=50K""}","{""gender=Female"": {""alpha"": 1.0, ""margin"": 0.8800807853738327, ""p_observed"": 0.9400403926869163, ""prior_probability"": 0.8738738738738738, ""score"": 0.9400403926869163}, ""gender=Male"": {""alpha"": 1.0, ""margin"": 0.794299702835262, ""p_observed"": 0.8971498514176309, ""prior_probability"": 0.12612612612612611, ""score"": 0.8971498514176309}}","{""gender=Female"": {""alpha"": 1.0, ""margin"": 0.8800807853738327, ""p_observed"": 0.9400403926869163, ""prior_probability"": 0.8738738738738738, ""score"": 0.8800807853738327}, ""gender=Male"": {""alpha"": 1.0, ""margin"": 0.794299702835262, ""p_observed"": 0.8971498514176309, ""prior_probability"": 0.12612612612612611, ""score"": 0.794299702835262}}","{""gender=Female"": {""alpha"": 0.0, ""margin"": 0.8800807853738327, ""p_observed"": 0.9400403926869163, ""prior_probability"": 0.8738738738738738, ""score"": -0.13481922280895137}, ""gender=Male"": {""alpha"": 0.0, ""margin"": 0.794299702835262, ""p_observed"": 0.8971498514176309, ""prior_probability"": 0.12612612612612611, ""score"": -2.0704728716970755}}"
29,Female,Black,gender=Female,<=50K,"{""age"": ""53"", ""workclass"": ""Federal-gov"", ""fnlwgt"": ""225339"", ""education"": ""Some-college"", ""educational-num"": ""10"", ""marital-status"": ""Widowed"", ""occupation"": ""Adm-clerical"", ""relationship"": ""Not-in-family"", ""race"": ""Black"", ""capital-gain"": ""0"", ""capital-loss"": ""0"", ""hours-per-week"": ""40"", ""native-country"": ""United-States""}",gender=Male,gender=Female,gender=Female,,gender=Female,gender=Female,gender=Female,0,<=50K | Not-in-family | Widowed | Some-college | Federal-gov,2,2,"{""gender=Female"": ""<=50K"", ""gender=Male"": ""<=50K""}","{""gender=Female"": {""alpha"": 1.0, ""margin"": 0.8958890562054285, ""p_observed"": 0.9479445281027141, ""prior_probability"": 0.8571428571428571, ""score"": 0.9479445281027141}, ""gender=Male"": {""alpha"": 1.0, ""margin"": 0.8380686581056187, ""p_observed"": 0.9190343290528092, ""prior_probability"": 0.14285714285714285, ""score"": 0.9190343290528092}}","{""gender=Female"": {""alpha"": 1.0, ""margin"": 0.8958890562054285, ""p_observed"": 0.9479445281027141, ""prior_probability"": 0.8571428571428571, ""score"": 0.8958890562054285}, ""gender=Male"": {""alpha"": 1.0, ""margin"": 0.8380686581056187, ""p_observed"": 0.9190343290528092, ""prior_probability"": 0.14285714285714285, ""score"": 0.8380686581056187}}","{""gender=Female"": {""alpha"": 0.0, ""margin"": 0.8958890562054285, ""p_observed"": 0.9479445281027141, ""prior_probability"": 0.8571428571428571, ""score"": -0.15415067982725836}, ""gender=Male"": {""alpha"": 0.0, ""margin"": 0.8380686581056187, ""p_observed"": 0.9190343290528092, ""prior_probability"": 0.14285714285714285, ""score"": -1.9459101490553135}}"
30,Male,White,gender=Male,<=50K,"{""age"": ""54"", ""workclass"": ""Private"", ""fnlwgt"": ""172962"", ""education"": ""HS-grad"", ""educational-num"": ""9"", ""marital-status"": ""Married-civ-spouse"", ""occupation"": ""Sales"", ""relationship"": ""Husband"", ""race"": ""White"", ""capital-gain"": ""0"", ""capital-loss"": ""0"", ""hours-per-week"": ""40"", ""native-country"": ""United-States""}",gender=Male,gender=Male,gender=Male,,gender=Female,gender=Female,gender=Male,0,<=50K | Husband | Married-civ-spouse | HS-grad | Private,2,2,"{""gender=Female"": ""<=50K"", ""gender=Male"": ""<=50K""}","{""gender=Female"": {""alpha"": 1.0, ""margin"": 0.45218716843356876, ""p_observed"": 0.7260935842167842, ""prior_probability"": 0.007874015748031496, ""score"": 0.7260935842167842}, ""gender=Male"": {""alpha"": 1.0, ""margin"": 0.36678189364676017, ""p_observed"": 0.68339094682338, ""prior_probability"": 0.9921259842519685, ""score"": 0.68339094682338}}","{""gender=Female"": {""alpha"": 1.0, ""margin"": 0.45218716843356876, ""p_observed"": 0.7260935842167842, ""prior_probability"": 0.007874015748031496, ""score"": 0.45218716843356876}, ""gender=Male"": {""alpha"": 1.0, ""margin"": 0.36678189364676017, ""p_observed"": 0.68339094682338, ""prior_probability"": 0.9921259842519685, ""score"": 0.36678189364676017}}","{""gender=Female"": {""alpha"": 0.0, ""margin"": 0.45218716843356876, ""p_observed"": 0.7260935842167842, ""prior_probability"": 0.007874015748031496, ""score"": -4.844187086458591}, ""gender=Male"": {""alpha"": 0.0, ""margin"": 0.36678189364676017, ""p_observed"": 0.68339094682338, ""prior_probability"": 0.9921259842519685, ""score"": -0.007905179507113261}}"
31,Male,White,gender=Male,>50K,"{""age"": ""69"", ""workclass"": ""State-gov"", ""fnlwgt"": ""50468"", ""education"": ""Prof-school"", ""educational-num"": ""15"", ""marital-status"": ""Married-civ-spouse"", ""occupation"": ""Adm-clerical"", ""relationship"": ""Husband"", ""race"": ""White"", ""capital-gain"": ""0"", ""capital-loss"": ""0"", ""hours-per-week"": ""34"", ""native-country"": ""United-States""}",gender=Male,gender=Male,gender=Male,,gender=Male,gender=Male,gender=Male,0,>50K | Husband | Married-civ-spouse | Prof-school | State-gov,2,2,"{""gender=Female"": ""<=50K"", ""gender=Male"": "">50K""}","{""gender=Female"": {""alpha"": 1.0, ""margin"": -0.028810882223681167, ""p_observed"": 0.48559455888815944, ""prior_probability"": 0.2, ""score"": 0.48559455888815944}, ""gender=Male"": {""alpha"": 1.0, ""margin"": 0.056434594027755136, ""p_observed"": 0.5282172970138777, ""prior_probability"": 0.8, ""score"": 0.5282172970138777}}","{""gender=Female"": {""alpha"": 1.0, ""margin"": -0.028810882223681167, ""p_observed"": 0.48559455888815944, ""prior_probability"": 0.2, ""score"": -0.028810882223681167}, ""gender=Male"": {""alpha"": 1.0, ""margin"": 0.056434594027755136, ""p_observed"": 0.5282172970138777, ""prior_probability"": 0.8, ""score"": 0.056434594027755136}}","{""gender=Female"": {""alpha"": 0.0, ""margin"": -0.028810882223681167, ""p_observed"": 0.48559455888815944, ""prior_probability"": 0.2, ""score"": -1.6094379124341003}, ""gender=Male"": {""alpha"": 0.0, ""margin"": 0.056434594027755136, ""p_observed"": 0.5282172970138777, ""prior_probability"": 0.8, ""score"": -0.2231435513142097}}"
32,Male,White,gender=Male,>50K,"{""age"": ""54"", ""workclass"": ""Self-emp-inc"", ""fnlwgt"": ""162439"", ""education"": ""HS-grad"", ""educational-num"": ""9"", ""marital-status"": ""Married-civ-spouse"", ""occupation"": ""Exec-managerial"", ""relationship"": ""Husband"", ""race"": ""White"", ""capital-gain"": ""0"", ""capital-loss"": ""0"", ""hours-per-week"": ""98"", ""native-country"": ""United-States""}",gender=Male,gender=Male,gender=Male,,gender=Male,gender=Male,gender=Male,0,>50K | Husband | Married-civ-spouse | HS-grad | Self-emp-inc,2,2,"{""gender=Female"": ""<=50K"", ""gender=Male"": "">50K""}","{""gender=Female"": {""alpha"": 1.0, ""margin"": -0.13713109433355086, ""p_observed"": 0.43143445283322446, ""prior_probability"": 0.0049504950495049506, ""score"": 0.43143445283322446}, ""gender=Male"": {""alpha"": 1.0, ""margin"": 0.026406564208613537, ""p_observed"": 0.5132032821043068, ""prior_probability"": 0.995049504950495, ""score"": 0.5132032821043068}}","{""gender=Female"": {""alpha"": 1.0, ""margin"": -0.13713109433355086, ""p_observed"": 0.43143445283322446, ""prior_probability"": 0.0049504950495049506, ""score"": -0.13713109433355086}, ""gender=Male"": {""alpha"": 1.0, ""margin"": 0.026406564208613537, ""p_observed"": 0.5132032821043068, ""prior_probability"": 0.995049504950495, ""score"": 0.026406564208613537}}","{""gender=Female"": {""alpha"": 0.0, ""margin"": -0.13713109433355086, ""p_observed"": 0.43143445283322446, ""prior_probability"": 0.0049504950495049506, ""score"": -5.308267697401205}, ""gender=Male"": {""alpha"": 0.0, ""margin"": 0.026406564208613537, ""p_observed"": 0.5132032821043068, ""prior_probability"": 0.995049504950495, ""score"": -0.004962789342129014}}"
33,Male,White,gender=Male,<=50K,"{""age"": ""28"", ""workclass"": ""Private"", ""fnlwgt"": ""452808"", ""education"": ""10th"", ""educational-num"": ""6"", ""marital-status"": ""Never-married"", ""occupation"": ""Handlers-cleaners"", ""relationship"": ""Not-in-family"", ""race"": ""White"", ""capital-gain"": ""0"", ""capital-loss"": ""0"", ""hours-per-week"": ""40"", ""native-country"": ""United-States""}",gender=Male,gender=Male,gender=Male,,gender=Female,gender=Female,gender=Male,0,<=50K | Not-in-family | Never-married | 10th | Private,2,2,"{""gender=Female"": ""<=50K"", ""gender=Male"": ""<=50K""}","{""gender=Female"": {""alpha"": 1.0, ""margin"": 0.9752386291817916, ""p_observed"": 0.9876193145908958, ""prior_probability"": 0.1, ""score"": 0.9876193145908958}, ""gender=Male"": {""alpha"": 1.0, ""margin"": 0.9681055026312738, ""p_observed"": 0.9840527513156369, ""prior_probability"": 0.9, ""score"": 0.9840527513156369}}","{""gender=Female"": {""alpha"": 1.0, ""margin"": 0.9752386291817916, ""p_observed"": 0.9876193145908958, ""prior_probability"": 0.1, ""score"": 0.9752386291817916}, ""gender=Male"": {""alpha"": 1.0, ""margin"": 0.9681055026312738, ""p_observed"": 0.9840527513156369, ""prior_probability"": 0.9, ""score"": 0.9681055026312738}}","{""gender=Female"": {""alpha"": 0.0, ""margin"": 0.9752386291817916, ""p_observed"": 0.9876193145908958, ""prior_probability"": 0.1, ""score"": -2.3025850929940455}, ""gender=Male"": {""alpha"": 0.0, ""margin"": 0.9681055026312738, ""p_observed"": 0.9840527513156369, ""prior_probability"": 0.9, ""score"": -0.10536051565782628}}"
34,Male,White,gender=Male,<=50K,"{""age"": ""29"", ""workclass"": ""Private"", ""fnlwgt"": ""109989"", ""education"": ""HS-grad"", ""educational-num"": ""9"", ""marital-status"": ""Never-married"", ""occupation"": ""Sales"", ""relationship"": ""Not-in-family"", ""race"": ""White"", ""capital-gain"": ""0"", ""capital-loss"": ""0"", ""hours-per-week"": ""40"", ""native-country"": ""United-States""}",gender=Male,gender=Female,gender=Female,gender=Female,gender=Female,gender=Female,gender=Female,1,<=50K | Not-in-family | Never-married | HS-grad | Private,2,2,"{""gender=Female"": ""<=50K"", ""gender=Male"": ""<=50K""}","{""gender=Female"": {""alpha"": 1.0, ""margin"": 0.9604532999299357, ""p_observed"": 0.9802266499649678, ""prior_probability"": 0.5402298850574713, ""score"": 0.9802266499649678}, ""gender=Male"": {""alpha"": 1.0, ""margin"": 0.9498963019683204, ""p_observed"": 0.9749481509841601, ""prior_probability"": 0.45977011494252873, ""score"": 0.9749481509841601}}","{""gender=Female"": {""alpha"": 1.0, ""margin"": 0.9604532999299357, ""p_observed"": 0.9802266499649678, ""prior_probability"": 0.5402298850574713, ""score"": 0.9604532999299357}, ""gender=Male"": {""alpha"": 1.0, ""margin"": 0.9498963019683204, ""p_observed"": 0.9749481509841601, ""prior_probability"": 0.45977011494252873, ""score"": 0.9498963019683204}}","{""gender=Female"": {""alpha"": 0.0, ""margin"": 0.9604532999299357, ""p_observed"": 0.9802266499649678, ""prior_probability"": 0.5402298850574713, ""score"": -0.6157605169445252}, ""gender=Male"": {""alpha"": 0.0, ""margin"": 0.9498963019683204, ""p_observed"": 0.9749481509841601, ""prior_probability"": 0.45977011494252873, ""score"": -0.7770286645406475}}"
35,Male,Black,gender=Male,<=50K,"{""age"": ""39"", ""workclass"": ""Private"", ""fnlwgt"": ""179016"", ""education"": ""HS-grad"", ""educational-num"": ""9"", ""marital-status"": ""Never-married"", ""occupation"": ""Machine-op-inspct"", ""relationship"": ""Not-in-family"", ""race"": ""Black"", ""capital-gain"": ""0"", ""capital-loss"": ""0"", ""hours-per-week"": ""40"", ""native-country"": ""United-States""}",gender=Male,gender=Male,gender=Male,gender=Male,gender=Female,gender=Female,gender=Male,1,<=50K | Not-in-family | Never-married | HS-grad | Private,2,2,"{""gender=Female"": ""<=50K"", ""gender=Male"": ""<=50K""}","{""gender=Female"": {""alpha"": 1.0, ""margin"": 0.9655647383364581, ""p_observed"": 0.9827823691682289, ""prior_probability"": 0.30434782608695654, ""score"": 0.9827823691682289}, ""gender=Male"": {""alpha"": 1.0, ""margin"": 0.9521809130024967, ""p_observed"": 0.9760904565012481, ""prior_probability"": 0.6956521739130435, ""score"": 0.9760904565012481}}","{""gender=Female"": {""alpha"": 1.0, ""margin"": 0.9655647383364581, ""p_observed"": 0.9827823691682289, ""prior_probability"": 0.30434782608695654, ""score"": 0.9655647383364581}, ""gender=Male"": {""alpha"": 1.0, ""margin"": 0.9521809130024967, ""p_observed"": 0.9760904565012481, ""prior_probability"": 0.6956521739130435, ""score"": 0.9521809130024967}}","{""gender=Female"": {""alpha"": 0.0, ""margin"": 0.9655647383364581, ""p_observed"": 0.9827823691682289, ""prior_probability"": 0.30434782608695654, ""score"": -1.1895840668738362}, ""gender=Male"": {""alpha"": 0.0, ""margin"": 0.9521809130024967, ""p_observed"": 0.9760904565012481, ""prior_probability"": 0.6956521739130435, ""score"": -0.3629054936893685}}"
36,Male,White,gender=Male,>50K,"{""age"": ""44"", ""workclass"": ""Self-emp-not-inc"", ""fnlwgt"": ""157237"", ""education"": ""Assoc-voc"", ""educational-num"": ""11"", ""marital-status"": ""Married-civ-spouse"", ""occupation"": ""Prof-specialty"", ""relationship"": ""Husband"", ""race"": ""White"", ""capital-gain"": ""15024"", ""capital-loss"": ""0"", ""hours-per-week"": ""50"", ""native-country"": ""United-States""}",gender=Male,gender=Male,gender=Male,,gender=Male,gender=Male,gender=Male,0,>50K | Husband | Married-civ-spouse | Assoc-voc | Self-emp-not-inc,2,2,"{""gender=Female"": "">50K"", ""gender=Male"": "">50K""}","{""gender=Female"": {""alpha"": 1.0, ""margin"": 0.6051843948009924, ""p_observed"": 0.8025921974004963, ""prior_probability"": 0.037037037037037035, ""score"": 0.8025921974004963}, ""gender=Male"": {""alpha"": 1.0, ""margin"": 0.6246833339180995, ""p_observed"": 0.8123416669590497, ""prior_probability"": 0.9629629629629629, ""score"": 0.8123416669590497}}","{""gender=Female"": {""alpha"": 1.0, ""margin"": 0.6051843948009924, ""p_observed"": 0.8025921974004963, ""prior_probability"": 0.037037037037037035, ""score"": 0.6051843948009924}, ""gender=Male"": {""alpha"": 1.0, ""margin"": 0.6246833339180995, ""p_observed"": 0.8123416669590497, ""prior_probability"": 0.9629629629629629, ""score"": 0.6246833339180995}}","{""gender=Female"": {""alpha"": 0.0, ""margin"": 0.6051843948009924, ""p_observed"": 0.8025921974004963, ""prior_probability"": 0.037037037037037035, ""score"": -3.295836866004329}, ""gender=Male"": {""alpha"": 0.0, ""margin"": 0.6246833339180995, ""p_observed"": 0.8123416669590497, ""prior_probability"": 0.9629629629629629, ""score"": -0.037740327982847086}}"
37,Female,White,gender=Female,<=50K,"{""age"": ""74"", ""workclass"": ""Self-emp-not-inc"", ""fnlwgt"": ""392886"", ""education"": ""HS-grad"", ""educational-num"": ""9"", ""marital-status"": ""Widowed"", ""occupation"": ""Farming-fishing"", ""relationship"": ""Not-in-family"", ""race"": ""White"", ""capital-gain"": ""0"", ""capital-loss"": ""0"", ""hours-per-week"": ""14"", ""native-country"": ""United-States""}",gender=Male,gender=Male,gender=Male,,gender=Female,gender=Female,gender=Male,0,<=50K | Not-in-family | Widowed | HS-grad | Self-emp-not-inc,2,2,"{""gender=Female"": ""<=50K"", ""gender=Male"": ""<=50K""}","{""gender=Female"": {""alpha"": 1.0, ""margin"": 0.9350843496863248, ""p_observed"": 0.9675421748431624, ""prior_probability"": 0.2, ""score"": 0.9675421748431624}, ""gender=Male"": {""alpha"": 1.0, ""margin"": 0.9015379099654909, ""p_observed"": 0.9507689549827454, ""prior_probability"": 0.8, ""score"": 0.9507689549827454}}","{""gender=Female"": {""alpha"": 1.0, ""margin"": 0.9350843496863248, ""p_observed"": 0.9675421748431624, ""prior_probability"": 0.2, ""score"": 0.9350843496863248}, ""gender=Male"": {""alpha"": 1.0, ""margin"": 0.9015379099654909, ""p_observed"": 0.9507689549827454, ""prior_probability"": 0.8, ""score"": 0.9015379099654909}}","{""gender=Female"": {""alpha"": 0.0, ""margin"": 0.9350843496863248, ""p_observed"": 0.9675421748431624, ""prior_probability"": 0.2, ""score"": -1.6094379124341003}, ""gender=Male"": {""alpha"": 0.0, ""margin"": 0.9015379099654909, ""p_observed"": 0.9507689549827454, ""prior_probability"": 0.8, ""score"": -0.2231435513142097}}"
38,Male,White,gender=Male,<=50K,"{""age"": ""54"", ""workclass"": ""Local-gov"", ""fnlwgt"": ""152540"", ""education"": ""Some-college"", ""educational-num"": ""10"", ""marital-status"": ""Divorced"", ""occupation"": ""Craft-repair"", ""relationship"": ""Unmarried"", ""race"": ""White"", ""capital-gain"": ""0"", ""capital-loss"": ""0"", ""hours-per-week"": ""42"", ""native-country"": ""United-States""}",gender=Male,gender=Male,gender=Male,,gender=Female,gender=Female,gender=Male,0,<=50K | Unmarried | Divorced | Some-college | Local-gov,2,2,"{""gender=Female"": ""<=50K"", ""gender=Male"": ""<=50K""}","{""gender=Female"": {""alpha"": 1.0, ""margin"": 0.930735218511309, ""p_observed"": 0.9653676092556547, ""prior_probability"": 0.38095238095238093, ""score"": 0.9653676092556547}, ""gender=Male"": {""alpha"": 1.0, ""margin"": 0.7708584131514165, ""p_observed"": 0.8854292065757082, ""prior_probability"": 0.6190476190476191, ""score"": 0.8854292065757082}}","{""gender=Female"": {""alpha"": 1.0, ""margin"": 0.930735218511309, ""p_observed"": 0.9653676092556547, ""prior_probability"": 0.38095238095238093, ""score"": 0.930735218511309}, ""gender=Male"": {""alpha"": 1.0, ""margin"": 0.7708584131514165, ""p_observed"": 0.8854292065757082, ""prior_probability"": 0.6190476190476191, ""score"": 0.7708584131514165}}","{""gender=Female"": {""alpha"": 0.0, ""margin"": 0.930735218511309, ""p_observed"": 0.9653676092556547, ""prior_probability"": 0.38095238095238093, ""score"": -0.9650808960435872}, ""gender=Male"": {""alpha"": 0.0, ""margin"": 0.7708584131514165, ""p_observed"": 0.8854292065757082, ""prior_probability"": 0.6190476190476191, ""score"": -0.4795730802618862}}"
39,Male,White,gender=Male,<=50K,"{""age"": ""38"", ""workclass"": ""Private"", ""fnlwgt"": ""150057"", ""education"": ""Masters"", ""educational-num"": ""14"", ""marital-status"": ""Married-civ-spouse"", ""occupation"": ""Craft-repair"", ""relationship"": ""Husband"", ""race"": ""White"", ""capital-gain"": ""0"", ""capital-loss"": ""0"", ""hours-per-week"": ""50"", ""native-country"": ""Poland""}",gender=Male,gender=Male,gender=Male,,gender=Female,gender=Female,gender=Male,0,<=50K | Husband | Married-civ-spouse | Masters | Private,2,2,"{""gender=Female"": "">50K"", ""gender=Male"": "">50K""}","{""gender=Female"": {""alpha"": 1.0, ""margin"": -0.06513034494999814, ""p_observed"": 0.467434827525001, ""prior_probability"": 0.1111111111111111, ""score"": 0.467434827525001}, ""gender=Male"": {""alpha"": 1.0, ""margin"": -0.23646773185317993, ""p_observed"": 0.38176613407341, ""prior_probability"": 0.8888888888888888, ""score"": 0.38176613407341}}","{""gender=Female"": {""alpha"": 1.0, ""margin"": -0.06513034494999814, ""p_observed"": 0.467434827525001, ""prior_probability"": 0.1111111111111111, ""score"": -0.06513034494999814}, ""gender=Male"": {""alpha"": 1.0, ""margin"": -0.23646773185317993, ""p_observed"": 0.38176613407341, ""prior_probability"": 0.8888888888888888, ""score"": -0.23646773185317993}}","{""gender=Female"": {""alpha"": 0.0, ""margin"": -0.06513034494999814, ""p_observed"": 0.467434827525001, ""prior_probability"": 0.1111111111111111, ""score"": -2.1972245773362196}, ""gender=Male"": {""alpha"": 0.0, ""margin"": -0.23646773185317993, ""p_observed"": 0.38176613407341, ""prior_probability"": 0.8888888888888888, ""score"": -0.11778303565638351}}"
40,Male,White,gender=Male,>50K,"{""age"": ""28"", ""workclass"": ""State-gov"", ""fnlwgt"": ""149624"", ""education"": ""Bachelors"", ""educational-num"": ""13"", ""marital-status"": ""Married-civ-spouse"", ""occupation"": ""Prof-specialty"", ""relationship"": ""Husband"", ""race"": ""White"", ""capital-gain"": ""0"", ""capital-loss"": ""0"", ""hours-per-week"": ""40"", ""native-country"": ""United-States""}",gender=Male,gender=Male,gender=Male,,gender=Male,gender=Male,gender=Male,0,>50K | Husband | Married-civ-spouse | Bachelors | State-gov,2,2,"{""gender=Female"": ""<=50K"", ""gender=Male"": "">50K""}","{""gender=Female"": {""alpha"": 1.0, ""margin"": -0.01952529962995264, ""p_observed"": 0.4902373501850237, ""prior_probability"": 0.0029069767441860465, ""score"": 0.4902373501850237}, ""gender=Male"": {""alpha"": 1.0, ""margin"": 0.06491723173394026, ""p_observed"": 0.5324586158669702, ""prior_probability"": 0.997093023255814, ""score"": 0.5324586158669702}}","{""gender=Female"": {""alpha"": 1.0, ""margin"": -0.01952529962995264, ""p_observed"": 0.4902373501850237, ""prior_probability"": 0.0029069767441860465, ""score"": -0.01952529962995264}, ""gender=Male"": {""alpha"": 1.0, ""margin"": 0.06491723173394026, ""p_observed"": 0.5324586158669702, ""prior_probability"": 0.997093023255814, ""score"": 0.06491723173394026}}","{""gender=Female"": {""alpha"": 0.0, ""margin"": -0.01952529962995264, ""p_observed"": 0.4902373501850237, ""prior_probability"": 0.0029069767441860465, ""score"": -5.840641657373398}, ""gender=Male"": {""alpha"": 0.0, ""margin"": 0.06491723173394026, ""p_observed"": 0.5324586158669702, ""prior_probability"": 0.997093023255814, ""score"": -0.0029112102074584415}}"
41,Male,White,gender=Male,<=50K,"{""age"": ""45"", ""workclass"": ""Private"", ""fnlwgt"": ""107231"", ""education"": ""Assoc-acdm"", ""educational-num"": ""12"", ""marital-status"": ""Married-civ-spouse"", ""occupation"": ""Craft-repair"", ""relationship"": ""Husband"", ""race"": ""White"", ""capital-gain"": ""0"", ""capital-loss"": ""0"", ""hours-per-week"": ""45"", ""native-country"": ""United-States""}",gender=Male,gender=Male,gender=Male,,gender=Female,gender=Female,gender=Male,0,<=50K | Husband | Married-civ-spouse | Assoc-acdm | Private,2,2,"{""gender=Female"": ""<=50K"", ""gender=Male"": ""<=50K""}","{""gender=Female"": {""alpha"": 1.0, ""margin"": 0.21864177366898913, ""p_observed"": 0.6093208868344944, ""prior_probability"": 0.03333333333333333, ""score"": 0.6093208868344944}, ""gender=Male"": {""alpha"": 1.0, ""margin"": 0.12225107765490811, ""p_observed"": 0.5611255388274541, ""prior_probability"": 0.9666666666666667, ""score"": 0.5611255388274541}}","{""gender=Female"": {""alpha"": 1.0, ""margin"": 0.21864177366898913, ""p_observed"": 0.6093208868344944, ""prior_probability"": 0.03333333333333333, ""score"": 0.21864177366898913}, ""gender=Male"": {""alpha"": 1.0, ""margin"": 0.12225107765490811, ""p_observed"": 0.5611255388274541, ""prior_probability"": 0.9666666666666667, ""score"": 0.12225107765490811}}","{""gender=Female"": {""alpha"": 0.0, ""margin"": 0.21864177366898913, ""p_observed"": 0.6093208868344944, ""prior_probability"": 0.03333333333333333, ""score"": -3.4011973816621555}, ""gender=Male"": {""alpha"": 0.0, ""margin"": 0.12225107765490811, ""p_observed"": 0.5611255388274541, ""prior_probability"": 0.9666666666666667, ""score"": -0.03390155167568134}}"
42,Male,White,gender=Male,>50K,"{""age"": ""42"", ""workclass"": ""Private"", ""fnlwgt"": ""32878"", ""education"": ""Bachelors"", ""educational-num"": ""13"", ""marital-status"": ""Married-civ-spouse"", ""occupation"": ""Prof-specialty"", ""relationship"": ""Husband"", ""race"": ""White"", ""capital-gain"": ""99999"", ""capital-loss"": ""0"", ""hours-per-week"": ""42"", ""native-country"": ""United-States""}",gender=Male,gender=Male,gender=Male,gender=Male,gender=Male,gender=Male,gender=Male,1,>50K | Husband | Married-civ-spouse | Bachelors | Private,2,2,"{""gender=Female"": "">50K"", ""gender=Male"": "">50K""}","{""gender=Female"": {""alpha"": 1.0, ""margin"": 0.665465530339945, ""p_observed"": 0.8327327651699725, ""prior_probability"": 0.0029069767441860465, ""score"": 0.8327327651699725}, ""gender=Male"": {""alpha"": 1.0, ""margin"": 0.7923647885885766, ""p_observed"": 0.8961823942942881, ""prior_probability"": 0.997093023255814, ""score"": 0.8961823942942881}}","{""gender=Female"": {""alpha"": 1.0, ""margin"": 0.665465530339945, ""p_observed"": 0.8327327651699725, ""prior_probability"": 0.0029069767441860465, ""score"": 0.665465530339945}, ""gender=Male"": {""alpha"": 1.0, ""margin"": 0.7923647885885766, ""p_observed"": 0.8961823942942881, ""prior_probability"": 0.997093023255814, ""score"": 0.7923647885885766}}","{""gender=Female"": {""alpha"": 0.0, ""margin"": 0.665465530339945, ""p_observed"": 0.8327327651699725, ""prior_probability"": 0.0029069767441860465, ""score"": -5.840641657373398}, ""gender=Male"": {""alpha"": 0.0, ""margin"": 0.7923647885885766, ""p_observed"": 0.8961823942942881, ""prior_probability"": 0.997093023255814, ""score"": -0.0029112102074584415}}"
43,Male,White,gender=Male,<=50K,"{""age"": ""29"", ""workclass"": ""Self-emp-not-inc"", ""fnlwgt"": ""109001"", ""education"": ""Some-college"", ""educational-num"": ""10"", ""marital-status"": ""Married-civ-spouse"", ""occupation"": ""Craft-repair"", ""relationship"": ""Husband"", ""race"": ""White"", ""capital-gain"": ""0"", ""capital-loss"": ""0"", ""hours-per-week"": ""35"", ""native-country"": ""United-States""}",gender=Male,gender=Male,gender=Male,,gender=Female,gender=Female,gender=Male,0,<=50K | Husband | Married-civ-spouse | Some-college | Self-emp-not-inc,2,2,"{""gender=Female"": ""<=50K"", ""gender=Male"": ""<=50K""}","{""gender=Female"": {""alpha"": 1.0, ""margin"": 0.5546143819166113, ""p_observed"": 0.7773071909583058, ""prior_probability"": 0.0037735849056603774, ""score"": 0.7773071909583058}, ""gender=Male"": {""alpha"": 1.0, ""margin"": 0.5232823639797766, ""p_observed"": 0.7616411819898884, ""prior_probability"": 0.9962264150943396, ""score"": 0.7616411819898884}}","{""gender=Female"": {""alpha"": 1.0, ""margin"": 0.5546143819166113, ""p_observed"": 0.7773071909583058, ""prior_probability"": 0.0037735849056603774, ""score"": 0.5546143819166113}, ""gender=Male"": {""alpha"": 1.0, ""margin"": 0.5232823639797766, ""p_observed"": 0.7616411819898884, ""prior_probability"": 0.9962264150943396, ""score"": 0.5232823639797766}}","{""gender=Female"": {""alpha"": 0.0, ""margin"": 0.5546143819166113, ""p_observed"": 0.7773071909583058, ""prior_probability"": 0.0037735849056603774, ""score"": -5.579729825986222}, ""gender=Male"": {""alpha"": 0.0, ""margin"": 0.5232823639797766, ""p_observed"": 0.7616411819898884, ""prior_probability"": 0.9962264150943396, ""score"": -0.0037807228399060443}}"
44,Female,Black,gender=Female,<=50K,"{""age"": ""27"", ""workclass"": ""Private"", ""fnlwgt"": ""493689"", ""education"": ""Bachelors"", ""educational-num"": ""13"", ""marital-status"": ""Never-married"", ""occupation"": ""Tech-support"", ""relationship"": ""Not-in-family"", ""race"": ""Black"", ""capital-gain"": ""0"", ""capital-loss"": ""0"", ""hours-per-week"": ""40"", ""native-country"": ""France""}",gender=Male,gender=Male,gender=Male,,gender=Female,gender=Female,gender=Male,0,<=50K | Not-in-family | Never-married | Bachelors | Private,2,2,"{""gender=Female"": ""<=50K"", ""gender=Male"": ""<=50K""}","{""gender=Female"": {""alpha"": 1.0, ""margin"": 0.9100174988862922, ""p_observed"": 0.9550087494431463, ""prior_probability"": 0.43548387096774194, ""score"": 0.9550087494431463}, ""gender=Male"": {""alpha"": 1.0, ""margin"": 0.869231198197254, ""p_observed"": 0.934615599098627, ""prior_probability"": 0.5645161290322581, ""score"": 0.934615599098627}}","{""gender=Female"": {""alpha"": 1.0, ""margin"": 0.9100174988862922, ""p_observed"": 0.9550087494431463, ""prior_probability"": 0.43548387096774194, ""score"": 0.9100174988862922}, ""gender=Male"": {""alpha"": 1.0, ""margin"": 0.869231198197254, ""p_observed"": 0.934615599098627, ""prior_probability"": 0.5645161290322581, ""score"": 0.869231198197254}}","{""gender=Female"": {""alpha"": 0.0, ""margin"": 0.9100174988862922, ""p_observed"": 0.9550087494431463, ""prior_probability"": 0.43548387096774194, ""score"": -0.8312975190407624}, ""gender=Male"": {""alpha"": 0.0, ""margin"": 0.869231198197254, ""p_observed"": 0.934615599098627, ""prior_probability"": 0.5645161290322581, ""score"": -0.5717863235556778}}"
45,Male,Black,gender=Male,<=50K,"{""age"": ""21"", ""workclass"": ""Private"", ""fnlwgt"": ""315303"", ""education"": ""Some-college"", ""educational-num"": ""10"", ""marital-status"": ""Never-married"", ""occupation"": ""Other-service"", ""relationship"": ""Own-child"", ""race"": ""Black"", ""capital-gain"": ""0"", ""capital-loss"": ""0"", ""hours-per-week"": ""20"", ""native-country"": ""United-States""}",gender=Male,gender=Female,gender=Female,gender=Female,gender=Male,gender=Male,gender=Female,1,<=50K | Own-child | Never-married | Some-college | Private,2,2,"{""gender=Female"": ""<=50K"", ""gender=Male"": ""<=50K""}","{""gender=Female"": {""alpha"": 1.0, ""margin"": 0.9924538627765653, ""p_observed"": 0.9962269313882827, ""prior_probability"": 0.562753036437247, ""score"": 0.9962269313882827}, ""gender=Male"": {""alpha"": 1.0, ""margin"": 0.9932441960994848, ""p_observed"": 0.9966220980497423, ""prior_probability"": 0.43724696356275305, ""score"": 0.9966220980497423}}","{""gender=Female"": {""alpha"": 1.0, ""margin"": 0.9924538627765653, ""p_observed"": 0.9962269313882827, ""prior_probability"": 0.562753036437247, ""score"": 0.9924538627765653}, ""gender=Male"": {""alpha"": 1.0, ""margin"": 0.9932441960994848, ""p_observed"": 0.9966220980497423, ""prior_probability"": 0.43724696356275305, ""score"": 0.9932441960994848}}","{""gender=Female"": {""alpha"": 0.0, ""margin"": 0.9924538627765653, ""p_observed"": 0.9962269313882827, ""prior_probability"": 0.562753036437247, ""score"": -0.5749144034972855}, ""gender=Male"": {""alpha"": 0.0, ""margin"": 0.9932441960994848, ""p_observed"": 0.9966220980497423, ""prior_probability"": 0.43724696356275305, ""score"": -0.8272571095037574}}"
46,Male,Black,gender=Male,<=50K,"{""age"": ""28"", ""workclass"": ""Private"", ""fnlwgt"": ""138976"", ""education"": ""HS-grad"", ""educational-num"": ""9"", ""marital-status"": ""Never-married"", ""occupation"": ""Craft-repair"", ""relationship"": ""Not-in-family"", ""race"": ""Black"", ""capital-gain"": ""0"", ""capital-loss"": ""0"", ""hours-per-week"": ""48"", ""native-country"": ""United-States""}",gender=Male,gender=Male,gender=Male,gender=Male,gender=Female,gender=Female,gender=Male,1,<=50K | Not-in-family | Never-married | HS-grad | Private,2,2,"{""gender=Female"": ""<=50K"", ""gender=Male"": ""<=50K""}","{""gender=Female"": {""alpha"": 1.0, ""margin"": 0.9581184827873758, ""p_observed"": 0.9790592413936879, ""prior_probability"": 0.047619047619047616, ""score"": 0.9790592413936879}, ""gender=Male"": {""alpha"": 1.0, ""margin"": 0.9494227035595977, ""p_observed"": 0.9747113517797988, ""prior_probability"": 0.9523809523809523, ""score"": 0.9747113517797988}}","{""gender=Female"": {""alpha"": 1.0, ""margin"": 0.9581184827873758, ""p_observed"": 0.9790592413936879, ""prior_probability"": 0.047619047619047616, ""score"": 0.9581184827873758}, ""gender=Male"": {""alpha"": 1.0, ""margin"": 0.9494227035595977, ""p_observed"": 0.9747113517797988, ""prior_probability"": 0.9523809523809523, ""score"": 0.9494227035595977}}","{""gender=Female"": {""alpha"": 0.0, ""margin"": 0.9581184827873758, ""p_observed"": 0.9790592413936879, ""prior_probability"": 0.047619047619047616, ""score"": -3.044522437723423}, ""gender=Male"": {""alpha"": 0.0, ""margin"": 0.9494227035595977, ""p_observed"": 0.9747113517797988, ""prior_probability"": 0.9523809523809523, ""score"": -0.048790164169432056}}"
47,Female,White,gender=Female,<=50K,"{""age"": ""40"", ""workclass"": ""Self-emp-not-inc"", ""fnlwgt"": ""204116"", ""education"": ""Bachelors"", ""educational-num"": ""13"", ""marital-status"": ""Married-spouse-absent"", ""occupation"": ""Prof-specialty"", ""relationship"": ""Not-in-family"", ""race"": ""White"", ""capital-gain"": ""2174"", ""capital-loss"": ""0"", ""hours-per-week"": ""40"", ""native-country"": ""United-States""}",gender=Male,gender=Male,gender=Male,,gender=Female,gender=Female,gender=Male,0,<=50K | Not-in-family | Married-spouse-absent | Bachelors | Self-emp-not-inc,2,2,"{""gender=Female"": ""<=50K"", ""gender=Male"": ""<=50K""}","{""gender=Female"": {""alpha"": 1.0, ""margin"": 0.6153048189309478, ""p_observed"": 0.807652409465474, ""prior_probability"": 0.4, ""score"": 0.807652409465474}, ""gender=Male"": {""alpha"": 1.0, ""margin"": 0.4999223999668691, ""p_observed"": 0.7499611999834345, ""prior_probability"": 0.6, ""score"": 0.7499611999834345}}","{""gender=Female"": {""alpha"": 1.0, ""margin"": 0.6153048189309478, ""p_observed"": 0.807652409465474, ""prior_probability"": 0.4, ""score"": 0.6153048189309478}, ""gender=Male"": {""alpha"": 1.0, ""margin"": 0.4999223999668691, ""p_observed"": 0.7499611999834345, ""prior_probability"": 0.6, ""score"": 0.4999223999668691}}","{""gender=Female"": {""alpha"": 0.0, ""margin"": 0.6153048189309478, ""p_observed"": 0.807652409465474, ""prior_probability"": 0.4, ""score"": -0.916290731874155}, ""gender=Male"": {""alpha"": 0.0, ""margin"": 0.4999223999668691, ""p_observed"": 0.7499611999834345, ""prior_probability"": 0.6, ""score"": -0.5108256237659907}}"
48,Female,White,gender=Female,<=50K,"{""age"": ""22"", ""workclass"": ""Private"", ""fnlwgt"": ""214716"", ""education"": ""HS-grad"", ""educational-num"": ""9"", ""marital-status"": ""Never-married"", ""occupation"": ""Other-service"", ""relationship"": ""Own-child"", ""race"": ""White"", ""capital-gain"": ""0"", ""capital-loss"": ""0"", ""hours-per-week"": ""40"", ""native-country"": ""United-States""}",gender=Male,gender=Male,gender=Male,gender=Male,gender=Female,gender=Female,gender=Male,1,<=50K | Own-child | Never-married | HS-grad | Private,2,2,"{""gender=Female"": ""<=50K"", ""gender=Male"": ""<=50K""}","{""gender=Female"": {""alpha"": 1.0, ""margin"": 0.9912421751178966, ""p_observed"": 0.9956210875589482, ""prior_probability"": 0.4854368932038835, ""score"": 0.9956210875589482}, ""gender=Male"": {""alpha"": 1.0, ""margin"": 0.9906181345254419, ""p_observed"": 0.9953090672627207, ""prior_probability"": 0.5145631067961165, ""score"": 0.9953090672627207}}","{""gender=Female"": {""alpha"": 1.0, ""margin"": 0.9912421751178966, ""p_observed"": 0.9956210875589482, ""prior_probability"": 0.4854368932038835, ""score"": 0.9912421751178966}, ""gender=Male"": {""alpha"": 1.0, ""margin"": 0.9906181345254419, ""p_observed"": 0.9953090672627207, ""prior_probability"": 0.5145631067961165, ""score"": 0.9906181345254419}}","{""gender=Female"": {""alpha"": 0.0, ""margin"": 0.9912421751178966, ""p_observed"": 0.9956210875589482, ""prior_probability"": 0.4854368932038835, ""score"": -0.7227059828014897}, ""gender=Male"": {""alpha"": 0.0, ""margin"": 0.9906181345254419, ""p_observed"": 0.9953090672627207, ""prior_probability"": 0.5145631067961165, ""score"": -0.6644370746775139}}"
49,Male,Asian-Pac-Islander,gender=Male,<=50K,"{""age"": ""22"", ""workclass"": ""Local-gov"", ""fnlwgt"": ""326283"", ""education"": ""Some-college"", ""educational-num"": ""10"", ""marital-status"": ""Never-married"", ""occupation"": ""Exec-managerial"", ""relationship"": ""Own-child"", ""race"": ""Asian-Pac-Islander"", ""capital-gain"": ""0"", ""capital-loss"": ""0"", ""hours-per-week"": ""20"", ""native-country"": ""United-States""}",gender=Male,gender=Male,gender=Male,,gender=Female,gender=Female,gender=Male,0,<=50K | Own-child | Never-married | Some-college | Local-gov,2,2,"{""gender=Female"": ""<=50K"", ""gender=Male"": ""<=50K""}","{""gender=Female"": {""alpha"": 1.0, ""margin"": 0.9825017489609266, ""p_observed"": 0.9912508744804633, ""prior_probability"": 0.4, ""score"": 0.9912508744804633}, ""gender=Male"": {""alpha"": 1.0, ""margin"": 0.967687526820386, ""p_observed"": 0.9838437634101929, ""prior_probability"": 0.6, ""score"": 0.9838437634101929}}","{""gender=Female"": {""alpha"": 1.0, ""margin"": 0.9825017489609266, ""p_observed"": 0.9912508744804633, ""prior_probability"": 0.4, ""score"": 0.9825017489609266}, ""gender=Male"": {""alpha"": 1.0, ""margin"": 0.967687526820386, ""p_observed"": 0.9838437634101929, ""prior_probability"": 0.6, ""score"": 0.967687526820386}}","{""gender=Female"": {""alpha"": 0.0, ""margin"": 0.9825017489609266, ""p_observed"": 0.9912508744804633, ""prior_probability"": 0.4, ""score"": -0.916290731874155}, ""gender=Male"": {""alpha"": 0.0, ""margin"": 0.967687526820386, ""p_observed"": 0.9838437634101929, ""prior_probability"": 0.6, ""score"": -0.5108256237659907}}"
50,Male,White,gender=Male,<=50K,"{""age"": ""41"", ""workclass"": ""Private"", ""fnlwgt"": ""193995"", ""education"": ""HS-grad"", ""educational-num"": ""9"", ""marital-status"": ""Never-married"", ""occupation"": ""Craft-repair"", ""relationship"": ""Not-in-family"", ""race"": ""White"", ""capital-gain"": ""0"", ""capital-loss"": ""0"", ""hours-per-week"": ""44"", ""native-country"": ""United-States""}",gender=Male,gender=Male,gender=Male,gender=Male,gender=Female,gender=Female,gender=Male,1,<=50K | Not-in-family | Never-married | HS-grad | Private,2,2,"{""gender=Female"": ""<=50K"", ""gender=Male"": ""<=50K""}","{""gender=Female"": {""alpha"": 1.0, ""margin"": 0.9226425842540601, ""p_observed"": 0.96132129212703, ""prior_probability"": 0.047619047619047616, ""score"": 0.96132129212703}, ""gender=Male"": {""alpha"": 1.0, ""margin"": 0.9030494989106608, ""p_observed"": 0.9515247494553302, ""prior_probability"": 0.9523809523809523, ""score"": 0.9515247494553302}}","{""gender=Female"": {""alpha"": 1.0, ""margin"": 0.9226425842540601, ""p_observed"": 0.96132129212703, ""prior_probability"": 0.047619047619047616, ""score"": 0.9226425842540601}, ""gender=Male"": {""alpha"": 1.0, ""margin"": 0.9030494989106608, ""p_observed"": 0.9515247494553302, ""prior_probability"": 0.9523809523809523, ""score"": 0.9030494989106608}}","{""gender=Female"": {""alpha"": 0.0, ""margin"": 0.9226425842540601, ""p_observed"": 0.96132129212703, ""prior_probability"": 0.047619047619047616, ""score"": -3.044522437723423}, ""gender=Male"": {""alpha"": 0.0, ""margin"": 0.9030494989106608, ""p_observed"": 0.9515247494553302, ""prior_probability"": 0.9523809523809523, ""score"": -0.048790164169432056}}"
51,Female,White,gender=Female,<=50K,"{""age"": ""18"", ""workclass"": ""Private"", ""fnlwgt"": ""632271"", ""education"": ""Some-college"", ""educational-num"": ""10"", ""marital-status"": ""Married-spouse-absent"", ""occupation"": ""Adm-clerical"", ""relationship"": ""Other-relative"", ""race"": ""White"", ""capital-gain"": ""0"", ""capital-loss"": ""0"", ""hours-per-week"": ""40"", ""native-country"": ""Peru""}",gender=Male,gender=Male,gender=Male,,gender=Female,gender=Female,gender=Male,0,<=50K | Other-relative | Married-spouse-absent | Some-college | Private,2,2,"{""gender=Female"": ""<=50K"", ""gender=Male"": ""<=50K""}","{""gender=Female"": {""alpha"": 1.0, ""margin"": 0.900772486981439, ""p_observed"": 0.9503862434907194, ""prior_probability"": 0.4074074074074074, ""score"": 0.9503862434907194}, ""gender=Male"": {""alpha"": 1.0, ""margin"": 0.8847814231483447, ""p_observed"": 0.9423907115741723, ""prior_probability"": 0.5925925925925926, ""score"": 0.9423907115741723}}","{""gender=Female"": {""alpha"": 1.0, ""margin"": 0.900772486981439, ""p_observed"": 0.9503862434907194, ""prior_probability"": 0.4074074074074074, ""score"": 0.900772486981439}, ""gender=Male"": {""alpha"": 1.0, ""margin"": 0.8847814231483447, ""p_observed"": 0.9423907115741723, ""prior_probability"": 0.5925925925925926, ""score"": 0.8847814231483447}}","{""gender=Female"": {""alpha"": 0.0, ""margin"": 0.900772486981439, ""p_observed"": 0.9503862434907194, ""prior_probability"": 0.4074074074074074, ""score"": -0.8979415932059586}, ""gender=Male"": {""alpha"": 0.0, ""margin"": 0.8847814231483447, ""p_observed"": 0.9423907115741723, ""prior_probability"": 0.5925925925925926, ""score"": -0.5232481437645479}}"
52,Male,White,gender=Male,<=50K,"{""age"": ""36"", ""workclass"": ""Private"", ""fnlwgt"": ""215373"", ""education"": ""Bachelors"", ""educational-num"": ""13"", ""marital-status"": ""Never-married"", ""occupation"": ""Exec-managerial"", ""relationship"": ""Not-in-family"", ""race"": ""White"", ""capital-gain"": ""0"", ""capital-loss"": ""0"", ""hours-per-week"": ""70"", ""native-country"": ""United-States""}",gender=Male,gender=Female,gender=Female,,gender=Female,gender=Female,gender=Female,0,<=50K | Not-in-family | Never-married | Bachelors | Private,2,2,"{""gender=Female"": ""<=50K"", ""gender=Male"": ""<=50K""}","{""gender=Female"": {""alpha"": 1.0, ""margin"": 0.4954514642317854, ""p_observed"": 0.7477257321158927, ""prior_probability"": 0.5403726708074534, ""score"": 0.7477257321158927}, ""gender=Male"": {""alpha"": 1.0, ""margin"": 0.390071056692066, ""p_observed"": 0.6950355283460329, ""prior_probability"": 0.45962732919254656, ""score"": 0.6950355283460329}}","{""gender=Female"": {""alpha"": 1.0, ""margin"": 0.4954514642317854, ""p_observed"": 0.7477257321158927, ""prior_probability"": 0.5403726708074534, ""score"": 0.4954514642317854}, ""gender=Male"": {""alpha"": 1.0, ""margin"": 0.390071056692066, ""p_observed"": 0.6950355283460329, ""prior_probability"": 0.45962732919254656, ""score"": 0.390071056692066}}","{""gender=Female"": {""alpha"": 0.0, ""margin"": 0.4954514642317854, ""p_observed"": 0.7477257321158927, ""prior_probability"": 0.5403726708074534, ""score"": -0.6154962463298792}, ""gender=Male"": {""alpha"": 0.0, ""margin"": 0.390071056692066, ""p_observed"": 0.6950355283460329, ""prior_probability"": 0.45962732919254656, ""score"": -0.7773392717802933}}"
53,Male,Black,gender=Male,<=50K,"{""age"": ""27"", ""workclass"": ""Private"", ""fnlwgt"": ""617860"", ""education"": ""Some-college"", ""educational-num"": ""10"", ""marital-status"": ""Never-married"", ""occupation"": ""Handlers-cleaners"", ""relationship"": ""Own-child"", ""race"": ""Black"", ""capital-gain"": ""0"", ""capital-loss"": ""0"", ""hours-per-week"": ""40"", ""native-country"": ""United-States""}",gender=Male,gender=Male,gender=Male,gender=Male,gender=Female,gender=Female,gender=Male,1,<=50K | Own-child | Never-married | Some-college | Private,2,2,"{""gender=Female"": ""<=50K"", ""gender=Male"": ""<=50K""}","{""gender=Female"": {""alpha"": 1.0, ""margin"": 0.9723803622932085, ""p_observed"": 0.9861901811466043, ""prior_probability"": 0.1111111111111111, ""score"": 0.9861901811466043}, ""gender=Male"": {""alpha"": 1.0, ""margin"": 0.9709151777920317, ""p_observed"": 0.9854575888960158, ""prior_probability"": 0.8888888888888888, ""score"": 0.9854575888960158}}","{""gender=Female"": {""alpha"": 1.0, ""margin"": 0.9723803622932085, ""p_observed"": 0.9861901811466043, ""prior_probability"": 0.1111111111111111, ""score"": 0.9723803622932085}, ""gender=Male"": {""alpha"": 1.0, ""margin"": 0.9709151777920317, ""p_observed"": 0.9854575888960158, ""prior_probability"": 0.8888888888888888, ""score"": 0.9709151777920317}}","{""gender=Female"": {""alpha"": 0.0, ""margin"": 0.9723803622932085, ""p_observed"": 0.9861901811466043, ""prior_probability"": 0.1111111111111111, ""score"": -2.1972245773362196}, ""gender=Male"": {""alpha"": 0.0, ""margin"": 0.9709151777920317, ""p_observed"": 0.9854575888960158, ""prior_probability"": 0.8888888888888888, ""score"": -0.11778303565638351}}"
54,Male,White,gender=Male,>50K,"{""age"": ""50"", ""workclass"": ""Federal-gov"", ""fnlwgt"": ""169078"", ""education"": ""HS-grad"", ""educational-num"": ""9"", ""marital-status"": ""Married-civ-spouse"", ""occupation"": ""Exec-managerial"", ""relationship"": ""Husband"", ""race"": ""White"", ""capital-gain"": ""4386"", ""capital-loss"": ""0"", ""hours-per-week"": ""40"", ""native-country"": ""United-States""}",gender=Male,gender=Male,gender=Male,,gender=Male,gender=Male,gender=Male,0,>50K | Husband | Married-civ-spouse | HS-grad | Federal-gov,2,2,"{""gender=Female"": ""<=50K"", ""gender=Male"": ""<=50K""}","{""gender=Female"": {""alpha"": 1.0, ""margin"": -0.24710840708950055, ""p_observed"": 0.37644579645524956, ""prior_probability"": 0.0049504950495049506, ""score"": 0.37644579645524956}, ""gender=Male"": {""alpha"": 1.0, ""margin"": -0.09798533772602724, ""p_observed"": 0.45100733113698643, ""prior_probability"": 0.995049504950495, ""score"": 0.45100733113698643}}","{""gender=Female"": {""alpha"": 1.0, ""margin"": -0.24710840708950055, ""p_observed"": 0.37644579645524956, ""prior_probability"": 0.0049504950495049506, ""score"": -0.24710840708950055}, ""gender=Male"": {""alpha"": 1.0, ""margin"": -0.09798533772602724, ""p_observed"": 0.45100733113698643, ""prior_probability"": 0.995049504950495, ""score"": -0.09798533772602724}}","{""gender=Female"": {""alpha"": 0.0, ""margin"": -0.24710840708950055, ""p_observed"": 0.37644579645524956, ""prior_probability"": 0.0049504950495049506, ""score"": -5.308267697401205}, ""gender=Male"": {""alpha"": 0.0, ""margin"": -0.09798533772602724, ""p_observed"": 0.45100733113698643, ""prior_probability"": 0.995049504950495, ""score"": -0.004962789342129014}}"
55,Male,Black,gender=Male,<=50K,"{""age"": ""30"", ""workclass"": ""Local-gov"", ""fnlwgt"": ""154935"", ""education"": ""Assoc-acdm"", ""educational-num"": ""12"", ""marital-status"": ""Never-married"", ""occupation"": ""Protective-serv"", ""relationship"": ""Not-in-family"", ""race"": ""Black"", ""capital-gain"": ""0"", ""capital-loss"": ""0"", ""hours-per-week"": ""40"", ""native-country"": ""United-States""}",gender=Male,gender=Male,gender=Male,,gender=Female,gender=Female,gender=Male,0,<=50K | Not-in-family | Never-married | Assoc-acdm | Local-gov,2,2,"{""gender=Female"": ""<=50K"", ""gender=Male"": ""<=50K""}","{""gender=Female"": {""alpha"": 1.0, ""margin"": 0.8757489935408765, ""p_observed"": 0.9378744967704382, ""prior_probability"": 0.2, ""score"": 0.9378744967704382}, ""gender=Male"": {""alpha"": 1.0, ""margin"": 0.8606331131546331, ""p_observed"": 0.9303165565773164, ""prior_probability"": 0.8, ""score"": 0.9303165565773164}}","{""gender=Female"": {""alpha"": 1.0, ""margin"": 0.8757489935408765, ""p_observed"": 0.9378744967704382, ""prior_probability"": 0.2, ""score"": 0.8757489935408765}, ""gender=Male"": {""alpha"": 1.0, ""margin"": 0.8606331131546331, ""p_observed"": 0.9303165565773164, ""prior_probability"": 0.8, ""score"": 0.8606331131546331}}","{""gender=Female"": {""alpha"": 0.0, ""margin"": 0.8757489935408765, ""p_observed"": 0.9378744967704382, ""prior_probability"": 0.2, ""score"": -1.6094379124341003}, ""gender=Male"": {""alpha"": 0.0, ""margin"": 0.8606331131546331, ""p_observed"": 0.9303165565773164, ""prior_probability"": 0.8, ""score"": -0.2231435513142097}}"
56,Male,White,gender=Male,<=50K,"{""age"": ""31"", ""workclass"": ""Private"", ""fnlwgt"": ""223046"", ""education"": ""HS-grad"", ""educational-num"": ""9"", ""marital-status"": ""Married-civ-spouse"", ""occupation"": ""Transport-moving"", ""relationship"": ""Husband"", ""race"": ""White"", ""capital-gain"": ""0"", ""capital-loss"": ""0"", ""hours-per-week"": ""60"", ""native-country"": ""United-States""}",gender=Male,gender=Male,gender=Male,,gender=Female,gender=Female,gender=Male,0,<=50K | Husband | Married-civ-spouse | HS-grad | Private,2,2,"{""gender=Female"": ""<=50K"", ""gender=Male"": ""<=50K""}","{""gender=Female"": {""alpha"": 1.0, ""margin"": 0.48676636565806514, ""p_observed"": 0.7433831828290325, ""prior_probability"": 0.003125, ""score"": 0.7433831828290325}, ""gender=Male"": {""alpha"": 1.0, ""margin"": 0.4028278674399142, ""p_observed"": 0.701413933719957, ""prior_probability"": 0.996875, ""score"": 0.701413933719957}}","{""gender=Female"": {""alpha"": 1.0, ""margin"": 0.48676636565806514, ""p_observed"": 0.7433831828290325, ""prior_probability"": 0.003125, ""score"": 0.48676636565806514}, ""gender=Male"": {""alpha"": 1.0, ""margin"": 0.4028278674399142, ""p_observed"": 0.701413933719957, ""prior_probability"": 0.996875, ""score"": 0.4028278674399142}}","{""gender=Female"": {""alpha"": 0.0, ""margin"": 0.48676636565806514, ""p_observed"": 0.7433831828290325, ""prior_probability"": 0.003125, ""score"": -5.768320995793772}, ""gender=Male"": {""alpha"": 0.0, ""margin"": 0.4028278674399142, ""p_observed"": 0.701413933719957, ""prior_probability"": 0.996875, ""score"": -0.0031298930089277044}}"
57,Male,White,gender=Male,<=50K,"{""age"": ""41"", ""workclass"": ""Private"", ""fnlwgt"": ""309932"", ""education"": ""11th"", ""educational-num"": ""7"", ""marital-status"": ""Married-civ-spouse"", ""occupation"": ""Craft-repair"", ""relationship"": ""Husband"", ""race"": ""White"", ""capital-gain"": ""0"", ""capital-loss"": ""0"", ""hours-per-week"": ""40"", ""native-country"": ""United-States""}",gender=Male,gender=Male,gender=Male,,gender=Female,gender=Female,gender=Male,0,<=50K | Husband | Married-civ-spouse | 11th | Private,2,2,"{""gender=Female"": ""<=50K"", ""gender=Male"": ""<=50K""}","{""gender=Female"": {""alpha"": 1.0, ""margin"": 0.6137159282589075, ""p_observed"": 0.8068579641294538, ""prior_probability"": 0.011764705882352941, ""score"": 0.8068579641294538}, ""gender=Male"": {""alpha"": 1.0, ""margin"": 0.5973367652750677, ""p_observed"": 0.7986683826375338, ""prior_probability"": 0.9882352941176471, ""score"": 0.7986683826375338}}","{""gender=Female"": {""alpha"": 1.0, ""margin"": 0.6137159282589075, ""p_observed"": 0.8068579641294538, ""prior_probability"": 0.011764705882352941, ""score"": 0.6137159282589075}, ""gender=Male"": {""alpha"": 1.0, ""margin"": 0.5973367652750677, ""p_observed"": 0.7986683826375338, ""prior_probability"": 0.9882352941176471, ""score"": 0.5973367652750677}}","{""gender=Female"": {""alpha"": 0.0, ""margin"": 0.6137159282589075, ""p_observed"": 0.8068579641294538, ""prior_probability"": 0.011764705882352941, ""score"": -4.442651256490317}, ""gender=Male"": {""alpha"": 0.0, ""margin"": 0.5973367652750677, ""p_observed"": 0.7986683826375338, ""prior_probability"": 0.9882352941176471, ""score"": -0.011834457647002796}}"
58,Female,White,gender=Female,<=50K,"{""age"": ""49"", ""workclass"": ""Private"", ""fnlwgt"": ""94638"", ""education"": ""HS-grad"", ""educational-num"": ""9"", ""marital-status"": ""Separated"", ""occupation"": ""Adm-clerical"", ""relationship"": ""Unmarried"", ""race"": ""White"", ""capital-gain"": ""0"", ""capital-loss"": ""0"", ""hours-per-week"": ""40"", ""native-country"": ""United-States""}",gender=Male,gender=Female,gender=Female,,gender=Female,gender=Female,gender=Female,0,<=50K | Unmarried | Separated | HS-grad | Private,2,2,"{""gender=Female"": ""<=50K"", ""gender=Male"": ""<=50K""}","{""gender=Female"": {""alpha"": 1.0, ""margin"": 0.9595181587919581, ""p_observed"": 0.979759079395979, ""prior_probability"": 0.9512195121951219, ""score"": 0.979759079395979}, ""gender=Male"": {""alpha"": 1.0, ""margin"": 0.9003880999722843, ""p_observed"": 0.9501940499861421, ""prior_probability"": 0.04878048780487805, ""score"": 0.9501940499861421}}","{""gender=Female"": {""alpha"": 1.0, ""margin"": 0.9595181587919581, ""p_observed"": 0.979759079395979, ""prior_probability"": 0.9512195121951219, ""score"": 0.9595181587919581}, ""gender=Male"": {""alpha"": 1.0, ""margin"": 0.9003880999722843, ""p_observed"": 0.9501940499861421, ""prior_probability"": 0.04878048780487805, ""score"": 0.9003880999722843}}","{""gender=Female"": {""alpha"": 0.0, ""margin"": 0.9595181587919581, ""p_observed"": 0.979759079395979, ""prior_probability"": 0.9512195121951219, ""score"": -0.05001042057466142}, ""gender=Male"": {""alpha"": 0.0, ""margin"": 0.9003880999722843, ""p_observed"": 0.9501940499861421, ""prior_probability"": 0.04878048780487805, ""score"": -3.0204248861443626}}"
59,Male,Black,gender=Male,>50K,"{""age"": ""46"", ""workclass"": ""State-gov"", ""fnlwgt"": ""164023"", ""education"": ""Some-college"", ""educational-num"": ""10"", ""marital-status"": ""Married-civ-spouse"", ""occupation"": ""Protective-serv"", ""relationship"": ""Husband"", ""race"": ""Black"", ""capital-gain"": ""0"", ""capital-loss"": ""0"", ""hours-per-week"": ""70"", ""native-country"": ""United-States""}",gender=Male,gender=Male,gender=Male,,gender=Male,gender=Male,gender=Male,0,>50K | Husband | Married-civ-spouse | Some-college | State-gov,2,2,"{""gender=Female"": ""<=50K"", ""gender=Male"": ""<=50K""}","{""gender=Female"": {""alpha"": 1.0, ""margin"": -0.24508564749222228, ""p_observed"": 0.37745717625388897, ""prior_probability"": 0.020833333333333332, ""score"": 0.37745717625388897}, ""gender=Male"": {""alpha"": 1.0, ""margin"": -0.11740650450478451, ""p_observed"": 0.44129674774760785, ""prior_probability"": 0.9791666666666666, ""score"": 0.44129674774760785}}","{""gender=Female"": {""alpha"": 1.0, ""margin"": -0.24508564749222228, ""p_observed"": 0.37745717625388897, ""prior_probability"": 0.020833333333333332, ""score"": -0.24508564749222228}, ""gender=Male"": {""alpha"": 1.0, ""margin"": -0.11740650450478451, ""p_observed"": 0.44129674774760785, ""prior_probability"": 0.9791666666666666, ""score"": -0.11740650450478451}}","{""gender=Female"": {""alpha"": 0.0, ""margin"": -0.24508564749222228, ""p_observed"": 0.37745717625388897, ""prior_probability"": 0.020833333333333332, ""score"": -3.871201010907891}, ""gender=Male"": {""alpha"": 0.0, ""margin"": -0.11740650450478451, ""p_observed"": 0.44129674774760785, ""prior_probability"": 0.9791666666666666, ""score"": -0.02105340919783238}}"
60,Male,White,gender=Male,<=50K,"{""age"": ""18"", ""workclass"": ""Private"", ""fnlwgt"": ""421350"", ""education"": ""11th"", ""educational-num"": ""7"", ""marital-status"": ""Never-married"", ""occupation"": ""Handlers-cleaners"", ""relationship"": ""Own-child"", ""race"": ""White"", ""capital-gain"": ""0"", ""capital-loss"": ""0"", ""hours-per-week"": ""20"", ""native-country"": ""United-States""}",gender=Male,gender=Male,gender=Male,,gender=Female,gender=Female,gender=Male,0,<=50K | Own-child | Never-married | 11th | Private,2,2,"{""gender=Female"": ""<=50K"", ""gender=Male"": ""<=50K""}","{""gender=Female"": {""alpha"": 1.0, ""margin"": 0.9952644297432641, ""p_observed"": 0.9976322148716321, ""prior_probability"": 0.08888888888888889, ""score"": 0.9976322148716321}, ""gender=Male"": {""alpha"": 1.0, ""margin"": 0.9940496333957358, ""p_observed"": 0.9970248166978679, ""prior_probability"": 0.9111111111111111, ""score"": 0.9970248166978679}}","{""gender=Female"": {""alpha"": 1.0, ""margin"": 0.9952644297432641, ""p_observed"": 0.9976322148716321, ""prior_probability"": 0.08888888888888889, ""score"": 0.9952644297432641}, ""gender=Male"": {""alpha"": 1.0, ""margin"": 0.9940496333957358, ""p_observed"": 0.9970248166978679, ""prior_probability"": 0.9111111111111111, ""score"": 0.9940496333957358}}","{""gender=Female"": {""alpha"": 0.0, ""margin"": 0.9952644297432641, ""p_observed"": 0.9976322148716321, ""prior_probability"": 0.08888888888888889, ""score"": -2.4203681286504293}, ""gender=Male"": {""alpha"": 0.0, ""margin"": 0.9940496333957358, ""p_observed"": 0.9970248166978679, ""prior_probability"": 0.9111111111111111, ""score"": -0.09309042306601198}}"
61,Male,Black,gender=Male,<=50K,"{""age"": ""18"", ""workclass"": ""Private"", ""fnlwgt"": ""244115"", ""education"": ""11th"", ""educational-num"": ""7"", ""marital-status"": ""Never-married"", ""occupation"": ""Other-service"", ""relationship"": ""Own-child"", ""race"": ""Black"", ""capital-gain"": ""0"", ""capital-loss"": ""0"", ""hours-per-week"": ""16"", ""native-country"": ""United-States""}",gender=Male,gender=Male,gender=Male,,gender=Female,gender=Female,gender=Male,0,<=50K | Own-child | Never-married | 11th | Private,2,2,"{""gender=Female"": ""<=50K"", ""gender=Male"": ""<=50K""}","{""gender=Female"": {""alpha"": 1.0, ""margin"": 0.9957446776229013, ""p_observed"": 0.9978723388114507, ""prior_probability"": 0.4519230769230769, ""score"": 0.9978723388114507}, ""gender=Male"": {""alpha"": 1.0, ""margin"": 0.994796087280247, ""p_observed"": 0.9973980436401234, ""prior_probability"": 0.5480769230769231, ""score"": 0.9973980436401234}}","{""gender=Female"": {""alpha"": 1.0, ""margin"": 0.9957446776229013, ""p_observed"": 0.9978723388114507, ""prior_probability"": 0.4519230769230769, ""score"": 0.9957446776229013}, ""gender=Male"": {""alpha"": 1.0, ""margin"": 0.994796087280247, ""p_observed"": 0.9973980436401234, ""prior_probability"": 0.5480769230769231, ""score"": 0.994796087280247}}","{""gender=Female"": {""alpha"": 0.0, ""margin"": 0.9957446776229013, ""p_observed"": 0.9978723388114507, ""prior_probability"": 0.4519230769230769, ""score"": -0.794243297431314}, ""gender=Male"": {""alpha"": 0.0, ""margin"": 0.994796087280247, ""p_observed"": 0.9973980436401234, ""prior_probability"": 0.5480769230769231, ""score"": -0.6013396313068224}}"
62,Female,Black,gender=Female,<=50K,"{""age"": ""48"", ""workclass"": ""Self-emp-not-inc"", ""fnlwgt"": ""116360"", ""education"": ""Assoc-voc"", ""educational-num"": ""11"", ""marital-status"": ""Divorced"", ""occupation"": ""Tech-support"", ""relationship"": ""Other-relative"", ""race"": ""Black"", ""capital-gain"": ""0"", ""capital-loss"": ""0"", ""hours-per-week"": ""10"", ""native-country"": ""United-States""}",gender=Male,gender=Female,gender=Female,,gender=Female,gender=Female,gender=Female,0,<=50K | Other-relative | Divorced | Assoc-voc | Self-emp-not-inc,2,2,"{""gender=Female"": ""<=50K"", ""gender=Male"": ""<=50K""}","{""gender=Female"": {""alpha"": 1.0, ""margin"": 0.8886341847778869, ""p_observed"": 0.9443170923889437, ""prior_probability"": 0.6666666666666666, ""score"": 0.9443170923889437}, ""gender=Male"": {""alpha"": 1.0, ""margin"": 0.8571769630581343, ""p_observed"": 0.9285884815290671, ""prior_probability"": 0.3333333333333333, ""score"": 0.9285884815290671}}","{""gender=Female"": {""alpha"": 1.0, ""margin"": 0.8886341847778869, ""p_observed"": 0.9443170923889437, ""prior_probability"": 0.6666666666666666, ""score"": 0.8886341847778869}, ""gender=Male"": {""alpha"": 1.0, ""margin"": 0.8571769630581343, ""p_observed"": 0.9285884815290671, ""prior_probability"": 0.3333333333333333, ""score"": 0.8571769630581343}}","{""gender=Female"": {""alpha"": 0.0, ""margin"": 0.8886341847778869, ""p_observed"": 0.9443170923889437, ""prior_probability"": 0.6666666666666666, ""score"": -0.40546510810816444}, ""gender=Male"": {""alpha"": 0.0, ""margin"": 0.8571769630581343, ""p_observed"": 0.9285884815290671, ""prior_probability"": 0.3333333333333333, ""score"": -1.0986122886681098}}"
63,Male,White,gender=Male,<=50K,"{""age"": ""34"", ""workclass"": ""Self-emp-inc"", ""fnlwgt"": ""152109"", ""education"": ""HS-grad"", ""educational-num"": ""9"", ""marital-status"": ""Married-civ-spouse"", ""occupation"": ""Craft-repair"", ""relationship"": ""Husband"", ""race"": ""White"", ""capital-gain"": ""0"", ""capital-loss"": ""0"", ""hours-per-week"": ""40"", ""native-country"": ""United-States""}",gender=Male,gender=Male,gender=Male,,gender=Female,gender=Female,gender=Male,0,<=50K | Husband | Married-civ-spouse | HS-grad | Self-emp-inc,2,2,"{""gender=Female"": ""<=50K"", ""gender=Male"": ""<=50K""}","{""gender=Female"": {""alpha"": 1.0, ""margin"": 0.46203536988976124, ""p_observed"": 0.7310176849448804, ""prior_probability"": 0.001364256480218281, ""score"": 0.7310176849448804}, ""gender=Male"": {""alpha"": 1.0, ""margin"": 0.401630726599304, ""p_observed"": 0.7008153632996519, ""prior_probability"": 0.9986357435197817, ""score"": 0.7008153632996519}}","{""gender=Female"": {""alpha"": 1.0, ""margin"": 0.46203536988976124, ""p_observed"": 0.7310176849448804, ""prior_probability"": 0.001364256480218281, ""score"": 0.46203536988976124}, ""gender=Male"": {""alpha"": 1.0, ""margin"": 0.401630726599304, ""p_observed"": 0.7008153632996519, ""prior_probability"": 0.9986357435197817, ""score"": 0.401630726599304}}","{""gender=Female"": {""alpha"": 0.0, ""margin"": 0.46203536988976124, ""p_observed"": 0.7310176849448804, ""prior_probability"": 0.001364256480218281, ""score"": -6.597145701886651}, ""gender=Male"": {""alpha"": 0.0, ""margin"": 0.401630726599304, ""p_observed"": 0.7008153632996519, ""prior_probability"": 0.9986357435197817, ""score"": -0.00136518792533997}}"
64,Male,White,gender=Male,<=50K,"{""age"": ""21"", ""workclass"": ""Private"", ""fnlwgt"": ""415755"", ""education"": ""Some-college"", ""educational-num"": ""10"", ""marital-status"": ""Never-married"", ""occupation"": ""Other-service"", ""relationship"": ""Own-child"", ""race"": ""White"", ""capital-gain"": ""0"", ""capital-loss"": ""0"", ""hours-per-week"": ""40"", ""native-country"": ""United-States""}",gender=Male,gender=Female,gender=Female,gender=Female,gender=Male,gender=Male,gender=Female,1,<=50K | Own-child | Never-married | Some-college | Private,2,2,"{""gender=Female"": ""<=50K"", ""gender=Male"": ""<=50K""}","{""gender=Female"": {""alpha"": 1.0, ""margin"": 0.9875372691885927, ""p_observed"": 0.9937686345942962, ""prior_probability"": 0.562753036437247, ""score"": 0.9937686345942962}, ""gender=Male"": {""alpha"": 1.0, ""margin"": 0.9881408014504062, ""p_observed"": 0.994070400725203, ""prior_probability"": 0.43724696356275305, ""score"": 0.994070400725203}}","{""gender=Female"": {""alpha"": 1.0, ""margin"": 0.9875372691885927, ""p_observed"": 0.9937686345942962, ""prior_probability"": 0.562753036437247, ""score"": 0.9875372691885927}, ""gender=Male"": {""alpha"": 1.0, ""margin"": 0.9881408014504062, ""p_observed"": 0.994070400725203, ""prior_probability"": 0.43724696356275305, ""score"": 0.9881408014504062}}","{""gender=Female"": {""alpha"": 0.0, ""margin"": 0.9875372691885927, ""p_observed"": 0.9937686345942962, ""prior_probability"": 0.562753036437247, ""score"": -0.5749144034972855}, ""gender=Male"": {""alpha"": 0.0, ""margin"": 0.9881408014504062, ""p_observed"": 0.994070400725203, ""prior_probability"": 0.43724696356275305, ""score"": -0.8272571095037574}}"
65,Male,White,gender=Male,<=50K,"{""age"": ""44"", ""workclass"": ""State-gov"", ""fnlwgt"": ""55395"", ""education"": ""HS-grad"", ""educational-num"": ""9"", ""marital-status"": ""Never-married"", ""occupation"": ""Craft-repair"", ""relationship"": ""Not-in-family"", ""race"": ""White"", ""capital-gain"": ""0"", ""capital-loss"": ""0"", ""hours-per-week"": ""40"", ""native-country"": ""United-States""}",gender=Male,gender=Male,gender=Male,,gender=Female,gender=Female,gender=Male,0,<=50K | Not-in-family | Never-married | HS-grad | State-gov,2,2,"{""gender=Female"": ""<=50K"", ""gender=Male"": ""<=50K""}","{""gender=Female"": {""alpha"": 1.0, ""margin"": 0.924841007658565, ""p_observed"": 0.9624205038292823, ""prior_probability"": 0.047619047619047616, ""score"": 0.9624205038292823}, ""gender=Male"": {""alpha"": 1.0, ""margin"": 0.8742005700655757, ""p_observed"": 0.9371002850327876, ""prior_probability"": 0.9523809523809523, ""score"": 0.9371002850327876}}","{""gender=Female"": {""alpha"": 1.0, ""margin"": 0.924841007658565, ""p_observed"": 0.9624205038292823, ""prior_probability"": 0.047619047619047616, ""score"": 0.924841007658565}, ""gender=Male"": {""alpha"": 1.0, ""margin"": 0.8742005700655757, ""p_observed"": 0.9371002850327876, ""prior_probability"": 0.9523809523809523, ""score"": 0.8742005700655757}}","{""gender=Female"": {""alpha"": 0.0, ""margin"": 0.924841007658565, ""p_observed"": 0.9624205038292823, ""prior_probability"": 0.047619047619047616, ""score"": -3.044522437723423}, ""gender=Male"": {""alpha"": 0.0, ""margin"": 0.8742005700655757, ""p_observed"": 0.9371002850327876, ""prior_probability"": 0.9523809523809523, ""score"": -0.048790164169432056}}"
66,Male,White,gender=Male,>50K,"{""age"": ""25"", ""workclass"": ""Private"", ""fnlwgt"": ""306908"", ""education"": ""Bachelors"", ""educational-num"": ""13"", ""marital-status"": ""Married-civ-spouse"", ""occupation"": ""Prof-specialty"", ""relationship"": ""Husband"", ""race"": ""White"", ""capital-gain"": ""0"", ""capital-loss"": ""0"", ""hours-per-week"": ""45"", ""native-country"": ""United-States""}",gender=Male,gender=Male,gender=Male,gender=Male,gender=Male,gender=Male,gender=Male,1,>50K | Husband | Married-civ-spouse | Bachelors | Private,2,2,"{""gender=Female"": ""<=50K"", ""gender=Male"": "">50K""}","{""gender=Female"": {""alpha"": 1.0, ""margin"": -0.148110991631151, ""p_observed"": 0.4259445041844246, ""prior_probability"": 0.0029069767441860465, ""score"": 0.4259445041844246}, ""gender=Male"": {""alpha"": 1.0, ""margin"": 0.019002965178476217, ""p_observed"": 0.5095014825892381, ""prior_probability"": 0.997093023255814, ""score"": 0.5095014825892381}}","{""gender=Female"": {""alpha"": 1.0, ""margin"": -0.148110991631151, ""p_observed"": 0.4259445041844246, ""prior_probability"": 0.0029069767441860465, ""score"": -0.148110991631151}, ""gender=Male"": {""alpha"": 1.0, ""margin"": 0.019002965178476217, ""p_observed"": 0.5095014825892381, ""prior_probability"": 0.997093023255814, ""score"": 0.019002965178476217}}","{""gender=Female"": {""alpha"": 0.0, ""margin"": -0.148110991631151, ""p_observed"": 0.4259445041844246, ""prior_probability"": 0.0029069767441860465, ""score"": -5.840641657373398}, ""gender=Male"": {""alpha"": 0.0, ""margin"": 0.019002965178476217, ""p_observed"": 0.5095014825892381, ""prior_probability"": 0.997093023255814, ""score"": -0.0029112102074584415}}"
67,Male,White,gender=Male,<=50K,"{""age"": ""23"", ""workclass"": ""Private"", ""fnlwgt"": ""410439"", ""education"": ""HS-grad"", ""educational-num"": ""9"", ""marital-status"": ""Divorced"", ""occupation"": ""Prof-specialty"", ""relationship"": ""Own-child"", ""race"": ""White"", ""capital-gain"": ""0"", ""capital-loss"": ""0"", ""hours-per-week"": ""20"", ""native-country"": ""United-States""}",gender=Male,gender=Female,gender=Female,,gender=Female,gender=Female,gender=Female,0,<=50K | Own-child | Divorced | HS-grad | Private,2,2,"{""gender=Female"": ""<=50K"", ""gender=Male"": ""<=50K""}","{""gender=Female"": {""alpha"": 1.0, ""margin"": 0.9571152196115987, ""p_observed"": 0.9785576098057993, ""prior_probability"": 0.75, ""score"": 0.9785576098057993}, ""gender=Male"": {""alpha"": 1.0, ""margin"": 0.9200441364680534, ""p_observed"": 0.9600220682340266, ""prior_probability"": 0.25, ""score"": 0.9600220682340266}}","{""gender=Female"": {""alpha"": 1.0, ""margin"": 0.9571152196115987, ""p_observed"": 0.9785576098057993, ""prior_probability"": 0.75, ""score"": 0.9571152196115987}, ""gender=Male"": {""alpha"": 1.0, ""margin"": 0.9200441364680534, ""p_observed"": 0.9600220682340266, ""prior_probability"": 0.25, ""score"": 0.9200441364680534}}","{""gender=Female"": {""alpha"": 0.0, ""margin"": 0.9571152196115987, ""p_observed"": 0.9785576098057993, ""prior_probability"": 0.75, ""score"": -0.2876820724517809}, ""gender=Male"": {""alpha"": 0.0, ""margin"": 0.9200441364680534, ""p_observed"": 0.9600220682340266, ""prior_probability"": 0.25, ""score"": -1.3862943611198906}}"
68,Male,White,gender=Male,<=50K,"{""age"": ""24"", ""workclass"": ""Private"", ""fnlwgt"": ""102258"", ""education"": ""Bachelors"", ""educational-num"": ""13"", ""marital-status"": ""Married-civ-spouse"", ""occupation"": ""Sales"", ""relationship"": ""Husband"", ""race"": ""White"", ""capital-gain"": ""0"", ""capital-loss"": ""0"", ""hours-per-week"": ""40"", ""native-country"": ""United-States""}",gender=Male,gender=Male,gender=Male,,gender=Female,gender=Female,gender=Male,0,<=50K | Husband | Married-civ-spouse | Bachelors | Private,2,2,"{""gender=Female"": ""<=50K"", ""gender=Male"": ""<=50K""}","{""gender=Female"": {""alpha"": 1.0, ""margin"": 0.2506744319712949, ""p_observed"": 0.6253372159856475, ""prior_probability"": 0.00847457627118644, ""score"": 0.6253372159856475}, ""gender=Male"": {""alpha"": 1.0, ""margin"": 0.17557788167794236, ""p_observed"": 0.5877889408389713, ""prior_probability"": 0.9915254237288136, ""score"": 0.5877889408389713}}","{""gender=Female"": {""alpha"": 1.0, ""margin"": 0.2506744319712949, ""p_observed"": 0.6253372159856475, ""prior_probability"": 0.00847457627118644, ""score"": 0.2506744319712949}, ""gender=Male"": {""alpha"": 1.0, ""margin"": 0.17557788167794236, ""p_observed"": 0.5877889408389713, ""prior_probability"": 0.9915254237288136, ""score"": 0.17557788167794236}}","{""gender=Female"": {""alpha"": 0.0, ""margin"": 0.2506744319712949, ""p_observed"": 0.6253372159856475, ""prior_probability"": 0.00847457627118644, ""score"": -4.770684624465665}, ""gender=Male"": {""alpha"": 0.0, ""margin"": 0.17557788167794236, ""p_observed"": 0.5877889408389713, ""prior_probability"": 0.9915254237288136, ""score"": -0.00851068966790862}}"
69,Male,Black,gender=Male,<=50K,"{""age"": ""18"", ""workclass"": ""Private"", ""fnlwgt"": ""141332"", ""education"": ""11th"", ""educational-num"": ""7"", ""marital-status"": ""Never-married"", ""occupation"": ""Sales"", ""relationship"": ""Own-child"", ""race"": ""Black"", ""capital-gain"": ""0"", ""capital-loss"": ""0"", ""hours-per-week"": ""8"", ""native-country"": ""United-States""}",gender=Male,gender=Female,gender=Female,,gender=Female,gender=Female,gender=Female,0,<=50K | Own-child | Never-married | 11th | Private,2,2,"{""gender=Female"": ""<=50K"", ""gender=Male"": ""<=50K""}","{""gender=Female"": {""alpha"": 1.0, ""margin"": 0.994197518417778, ""p_observed"": 0.9970987592088891, ""prior_probability"": 0.726027397260274, ""score"": 0.9970987592088891}, ""gender=Male"": {""alpha"": 1.0, ""margin"": 0.9875747857945194, ""p_observed"": 0.9937873928972596, ""prior_probability"": 0.273972602739726, ""score"": 0.9937873928972596}}","{""gender=Female"": {""alpha"": 1.0, ""margin"": 0.994197518417778, ""p_observed"": 0.9970987592088891, ""prior_probability"": 0.726027397260274, ""score"": 0.994197518417778}, ""gender=Male"": {""alpha"": 1.0, ""margin"": 0.9875747857945194, ""p_observed"": 0.9937873928972596, ""prior_probability"": 0.273972602739726, ""score"": 0.9875747857945194}}","{""gender=Female"": {""alpha"": 0.0, ""margin"": 0.994197518417778, ""p_observed"": 0.9970987592088891, ""prior_probability"": 0.726027397260274, ""score"": -0.32016752759626926}, ""gender=Male"": {""alpha"": 0.0, ""margin"": 0.9875747857945194, ""p_observed"": 0.9937873928972596, ""prior_probability"": 0.273972602739726, ""score"": -1.2947271675944}}"
70,Male,White,gender=Male,<=50K,"{""age"": ""43"", ""workclass"": ""Self-emp-not-inc"", ""fnlwgt"": ""144218"", ""education"": ""12th"", ""educational-num"": ""8"", ""marital-status"": ""Married-civ-spouse"", ""occupation"": ""Transport-moving"", ""relationship"": ""Husband"", ""race"": ""White"", ""capital-gain"": ""0"", ""capital-loss"": ""0"", ""hours-per-week"": ""60"", ""native-country"": ""United-States""}",gender=Male,gender=Male,gender=Male,,gender=Female,gender=Female,gender=Male,0,<=50K | Husband | Married-civ-spouse | 12th | Self-emp-not-inc,2,2,"{""gender=Female"": ""<=50K"", ""gender=Male"": ""<=50K""}","{""gender=Female"": {""alpha"": 1.0, ""margin"": 0.4025369700333045, ""p_observed"": 0.7012684850166522, ""prior_probability"": 0.1, ""score"": 0.7012684850166522}, ""gender=Male"": {""alpha"": 1.0, ""margin"": 0.36554269607835926, ""p_observed"": 0.6827713480391796, ""prior_probability"": 0.9, ""score"": 0.6827713480391796}}","{""gender=Female"": {""alpha"": 1.0, ""margin"": 0.4025369700333045, ""p_observed"": 0.7012684850166522, ""prior_probability"": 0.1, ""score"": 0.4025369700333045}, ""gender=Male"": {""alpha"": 1.0, ""margin"": 0.36554269607835926, ""p_observed"": 0.6827713480391796, ""prior_probability"": 0.9, ""score"": 0.36554269607835926}}","{""gender=Female"": {""alpha"": 0.0, ""margin"": 0.4025369700333045, ""p_observed"": 0.7012684850166522, ""prior_probability"": 0.1, ""score"": -2.3025850929940455}, ""gender=Male"": {""alpha"": 0.0, ""margin"": 0.36554269607835926, ""p_observed"": 0.6827713480391796, ""prior_probability"": 0.9, ""score"": -0.10536051565782628}}"
71,Male,White,gender=Male,<=50K,"{""age"": ""71"", ""workclass"": ""Self-emp-not-inc"", ""fnlwgt"": ""78786"", ""education"": ""7th-8th"", ""educational-num"": ""4"", ""marital-status"": ""Married-civ-spouse"", ""occupation"": ""Farming-fishing"", ""relationship"": ""Husband"", ""race"": ""White"", ""capital-gain"": ""0"", ""capital-loss"": ""0"", ""hours-per-week"": ""10"", ""native-country"": ""United-States""}",gender=Male,gender=Male,gender=Male,,gender=Female,gender=Female,gender=Male,0,<=50K | Husband | Married-civ-spouse | 7th-8th | Self-emp-not-inc,2,2,"{""gender=Female"": ""<=50K"", ""gender=Male"": ""<=50K""}","{""gender=Female"": {""alpha"": 1.0, ""margin"": 0.7331302295685536, ""p_observed"": 0.8665651147842768, ""prior_probability"": 0.02702702702702703, ""score"": 0.8665651147842768}, ""gender=Male"": {""alpha"": 1.0, ""margin"": 0.6880380644120896, ""p_observed"": 0.8440190322060447, ""prior_probability"": 0.972972972972973, ""score"": 0.8440190322060447}}","{""gender=Female"": {""alpha"": 1.0, ""margin"": 0.7331302295685536, ""p_observed"": 0.8665651147842768, ""prior_probability"": 0.02702702702702703, ""score"": 0.7331302295685536}, ""gender=Male"": {""alpha"": 1.0, ""margin"": 0.6880380644120896, ""p_observed"": 0.8440190322060447, ""prior_probability"": 0.972972972972973, ""score"": 0.6880380644120896}}","{""gender=Female"": {""alpha"": 0.0, ""margin"": 0.7331302295685536, ""p_observed"": 0.8665651147842768, ""prior_probability"": 0.02702702702702703, ""score"": -3.6109179126442243}, ""gender=Male"": {""alpha"": 0.0, ""margin"": 0.6880380644120896, ""p_observed"": 0.8440190322060447, ""prior_probability"": 0.972972972972973, ""score"": -0.027398974188114388}}"
72,Male,White,gender=Male,>50K,"{""age"": ""52"", ""workclass"": ""Private"", ""fnlwgt"": ""168553"", ""education"": ""HS-grad"", ""educational-num"": ""9"", ""marital-status"": ""Married-civ-spouse"", ""occupation"": ""Craft-repair"", ""relationship"": ""Husband"", ""race"": ""White"", ""capital-gain"": ""0"", ""capital-loss"": ""1977"", ""hours-per-week"": ""40"", ""native-country"": ""United-States""}",gender=Male,gender=Male,gender=Male,gender=Male,gender=Male,gender=Male,gender=Male,1,>50K | Husband | Married-civ-spouse | HS-grad | Private,2,2,"{""gender=Female"": "">50K"", ""gender=Male"": "">50K""}","{""gender=Female"": {""alpha"": 1.0, ""margin"": 0.03589190061414271, ""p_observed"": 0.5179459503070712, ""prior_probability"": 0.0031847133757961785, ""score"": 0.5179459503070712}, ""gender=Male"": {""alpha"": 1.0, ""margin"": 0.09685229717941479, ""p_observed"": 0.5484261485897074, ""prior_probability"": 0.9968152866242038, ""score"": 0.5484261485897074}}","{""gender=Female"": {""alpha"": 1.0, ""margin"": 0.03589190061414271, ""p_observed"": 0.5179459503070712, ""prior_probability"": 0.0031847133757961785, ""score"": 0.03589190061414271}, ""gender=Male"": {""alpha"": 1.0, ""margin"": 0.09685229717941479, ""p_observed"": 0.5484261485897074, ""prior_probability"": 0.9968152866242038, ""score"": 0.09685229717941479}}","{""gender=Female"": {""alpha"": 0.0, ""margin"": 0.03589190061414271, ""p_observed"": 0.5179459503070712, ""prior_probability"": 0.0031847133757961785, ""score"": -5.749392985908253}, ""gender=Male"": {""alpha"": 0.0, ""margin"": 0.09685229717941479, ""p_observed"": 0.5484261485897074, ""prior_probability"": 0.9968152866242038, ""score"": -0.0031897953681001494}}"
73,Female,White,gender=Female,<=50K,"{""age"": ""60"", ""workclass"": ""Private"", ""fnlwgt"": ""235336"", ""education"": ""Some-college"", ""educational-num"": ""10"", ""marital-status"": ""Widowed"", ""occupation"": ""Exec-managerial"", ""relationship"": ""Not-in-family"", ""race"": ""White"", ""capital-gain"": ""0"", ""capital-loss"": ""0"", ""hours-per-week"": ""70"", ""native-country"": ""United-States""}",gender=Male,gender=Female,gender=Female,,gender=Female,gender=Female,gender=Female,0,<=50K | Not-in-family | Widowed | Some-college | Private,2,2,"{""gender=Female"": ""<=50K"", ""gender=Male"": ""<=50K""}","{""gender=Female"": {""alpha"": 1.0, ""margin"": 0.7210472691550949, ""p_observed"": 0.8605236345775475, ""prior_probability"": 0.7647058823529411, ""score"": 0.8605236345775475}, ""gender=Male"": {""alpha"": 1.0, ""margin"": 0.5446134349674135, ""p_observed"": 0.7723067174837068, ""prior_probability"": 0.23529411764705882, ""score"": 0.7723067174837068}}","{""gender=Female"": {""alpha"": 1.0, ""margin"": 0.7210472691550949, ""p_observed"": 0.8605236345775475, ""prior_probability"": 0.7647058823529411, ""score"": 0.7210472691550949}, ""gender=Male"": {""alpha"": 1.0, ""margin"": 0.5446134349674135, ""p_observed"": 0.7723067174837068, ""prior_probability"": 0.23529411764705882, ""score"": 0.5446134349674135}}","{""gender=Female"": {""alpha"": 0.0, ""margin"": 0.7210472691550949, ""p_observed"": 0.8605236345775475, ""prior_probability"": 0.7647058823529411, ""score"": -0.2682639865946794}, ""gender=Male"": {""alpha"": 0.0, ""margin"": 0.5446134349674135, ""p_observed"": 0.7723067174837068, ""prior_probability"": 0.23529411764705882, ""score"": -1.4469189829363254}}"
74,Male,White,gender=Male,>50K,"{""age"": ""25"", ""workclass"": ""Private"", ""fnlwgt"": ""469572"", ""education"": ""Some-college"", ""educational-num"": ""10"", ""marital-status"": ""Never-married"", ""occupation"": ""Prof-specialty"", ""relationship"": ""Not-in-family"", ""race"": ""White"", ""capital-gain"": ""8614"", ""capital-loss"": ""0"", ""hours-per-week"": ""40"", ""native-country"": ""United-States""}",gender=Male,gender=Female,gender=Female,,gender=Male,gender=Male,gender=Female,0,>50K | Not-in-family | Never-married | Some-college | Private,2,2,"{""gender=Female"": "">50K"", ""gender=Male"": "">50K""}","{""gender=Female"": {""alpha"": 1.0, ""margin"": 0.1384852957792379, ""p_observed"": 0.5692426478896189, ""prior_probability"": 0.5714285714285714, ""score"": 0.5692426478896189}, ""gender=Male"": {""alpha"": 1.0, ""margin"": 0.15048807549236887, ""p_observed"": 0.5752440377461843, ""prior_probability"": 0.42857142857142855, ""score"": 0.5752440377461843}}","{""gender=Female"": {""alpha"": 1.0, ""margin"": 0.1384852957792379, ""p_observed"": 0.5692426478896189, ""prior_probability"": 0.5714285714285714, ""score"": 0.1384852957792379}, ""gender=Male"": {""alpha"": 1.0, ""margin"": 0.15048807549236887, ""p_observed"": 0.5752440377461843, ""prior_probability"": 0.42857142857142855, ""score"": 0.15048807549236887}}","{""gender=Female"": {""alpha"": 0.0, ""margin"": 0.1384852957792379, ""p_observed"": 0.5692426478896189, ""prior_probability"": 0.5714285714285714, ""score"": -0.5596157879354228}, ""gender=Male"": {""alpha"": 0.0, ""margin"": 0.15048807549236887, ""p_observed"": 0.5752440377461843, ""prior_probability"": 0.42857142857142855, ""score"": -0.8472978603872037}}"
75,Female,White,gender=Female,<=50K,"{""age"": ""21"", ""workclass"": ""Private"", ""fnlwgt"": ""321426"", ""education"": ""Some-college"", ""educational-num"": ""10"", ""marital-status"": ""Never-married"", ""occupation"": ""Sales"", ""relationship"": ""Unmarried"", ""race"": ""White"", ""capital-gain"": ""0"", ""capital-loss"": ""0"", ""hours-per-week"": ""49"", ""native-country"": ""United-States""}",gender=Male,gender=Female,gender=Female,,gender=Female,gender=Female,gender=Female,0,<=50K | Unmarried | Never-married | Some-college | Private,2,2,"{""gender=Female"": ""<=50K"", ""gender=Male"": ""<=50K""}","{""gender=Female"": {""alpha"": 1.0, ""margin"": 0.9350800454809778, ""p_observed"": 0.9675400227404889, ""prior_probability"": 0.5882352941176471, ""score"": 0.9675400227404889}, ""gender=Male"": {""alpha"": 1.0, ""margin"": 0.9000001917884511, ""p_observed"": 0.9500000958942255, ""prior_probability"": 0.4117647058823529, ""score"": 0.9500000958942255}}","{""gender=Female"": {""alpha"": 1.0, ""margin"": 0.9350800454809778, ""p_observed"": 0.9675400227404889, ""prior_probability"": 0.5882352941176471, ""score"": 0.9350800454809778}, ""gender=Male"": {""alpha"": 1.0, ""margin"": 0.9000001917884511, ""p_observed"": 0.9500000958942255, ""prior_probability"": 0.4117647058823529, ""score"": 0.9000001917884511}}","{""gender=Female"": {""alpha"": 0.0, ""margin"": 0.9350800454809778, ""p_observed"": 0.9675400227404889, ""prior_probability"": 0.5882352941176471, ""score"": -0.5306282510621704}, ""gender=Male"": {""alpha"": 0.0, ""margin"": 0.9000001917884511, ""p_observed"": 0.9500000958942255, ""prior_probability"": 0.4117647058823529, ""score"": -0.8873031950009028}}"
76,Male,White,gender=Male,>50K,"{""age"": ""35"", ""workclass"": ""Private"", ""fnlwgt"": ""225860"", ""education"": ""Assoc-voc"", ""educational-num"": ""11"", ""marital-status"": ""Married-civ-spouse"", ""occupation"": ""Craft-repair"", ""relationship"": ""Husband"", ""race"": ""White"", ""capital-gain"": ""0"", ""capital-loss"": ""0"", ""hours-per-week"": ""40"", ""native-country"": ""United-States""}",gender=Male,gender=Male,gender=Male,,gender=Male,gender=Male,gender=Male,0,>50K | Husband | Married-civ-spouse | Assoc-voc | Private,2,2,"{""gender=Female"": ""<=50K"", ""gender=Male"": ""<=50K""}","{""gender=Female"": {""alpha"": 1.0, ""margin"": -0.3844919084045302, ""p_observed"": 0.3077540457977349, ""prior_probability"": 0.015384615384615385, ""score"": 0.3077540457977349}, ""gender=Male"": {""alpha"": 1.0, ""margin"": -0.3627149333193747, ""p_observed"": 0.31864253334031273, ""prior_probability"": 0.9846153846153847, ""score"": 0.31864253334031273}}","{""gender=Female"": {""alpha"": 1.0, ""margin"": -0.3844919084045302, ""p_observed"": 0.3077540457977349, ""prior_probability"": 0.015384615384615385, ""score"": -0.3844919084045302}, ""gender=Male"": {""alpha"": 1.0, ""margin"": -0.3627149333193747, ""p_observed"": 0.31864253334031273, ""prior_probability"": 0.9846153846153847, ""score"": -0.3627149333193747}}","{""gender=Female"": {""alpha"": 0.0, ""margin"": -0.3844919084045302, ""p_observed"": 0.3077540457977349, ""prior_probability"": 0.015384615384615385, ""score"": -4.174387269895637}, ""gender=Male"": {""alpha"": 0.0, ""margin"": -0.3627149333193747, ""p_observed"": 0.31864253334031273, ""prior_probability"": 0.9846153846153847, ""score"": -0.015504186535965199}}"
77,Male,White,gender=Male,<=50K,"{""age"": ""31"", ""workclass"": ""Local-gov"", ""fnlwgt"": ""127651"", ""education"": ""10th"", ""educational-num"": ""6"", ""marital-status"": ""Never-married"", ""occupation"": ""Transport-moving"", ""relationship"": ""Other-relative"", ""race"": ""White"", ""capital-gain"": ""0"", ""capital-loss"": ""1741"", ""hours-per-week"": ""40"", ""native-country"": ""United-States""}",gender=Male,gender=Male,gender=Male,,gender=Female,gender=Female,gender=Male,0,<=50K | Other-relative | Never-married | 10th | Local-gov,2,2,"{""gender=Female"": ""<=50K"", ""gender=Male"": ""<=50K""}","{""gender=Female"": {""alpha"": 1.0, ""margin"": 0.9464841140178781, ""p_observed"": 0.9732420570089391, ""prior_probability"": 0.38461538461538464, ""score"": 0.9732420570089391}, ""gender=Male"": {""alpha"": 1.0, ""margin"": 0.8890433220505055, ""p_observed"": 0.9445216610252528, ""prior_probability"": 0.6153846153846154, ""score"": 0.9445216610252528}}","{""gender=Female"": {""alpha"": 1.0, ""margin"": 0.9464841140178781, ""p_observed"": 0.9732420570089391, ""prior_probability"": 0.38461538461538464, ""score"": 0.9464841140178781}, ""gender=Male"": {""alpha"": 1.0, ""margin"": 0.8890433220505055, ""p_observed"": 0.9445216610252528, ""prior_probability"": 0.6153846153846154, ""score"": 0.8890433220505055}}","{""gender=Female"": {""alpha"": 0.0, ""margin"": 0.9464841140178781, ""p_observed"": 0.9732420570089391, ""prior_probability"": 0.38461538461538464, ""score"": -0.9555114450274363}, ""gender=Male"": {""alpha"": 0.0, ""margin"": 0.8890433220505055, ""p_observed"": 0.9445216610252528, ""prior_probability"": 0.6153846153846154, ""score"": -0.48550781578170077}}"
78,Female,White,gender=Female,>50K,"{""age"": ""41"", ""workclass"": ""Private"", ""fnlwgt"": ""157473"", ""education"": ""Masters"", ""educational-num"": ""14"", ""marital-status"": ""Married-civ-spouse"", ""occupation"": ""Adm-clerical"", ""relationship"": ""Wife"", ""race"": ""White"", ""capital-gain"": ""0"", ""capital-loss"": ""0"", ""hours-per-week"": ""50"", ""native-country"": ""United-States""}",gender=Male,gender=Female,gender=Female,,gender=Female,gender=Female,gender=Female,0,>50K | Wife | Married-civ-spouse | Masters | Private,2,2,"{""gender=Female"": "">50K"", ""gender=Male"": "">50K""}","{""gender=Female"": {""alpha"": 1.0, ""margin"": 0.2627164973958712, ""p_observed"": 0.6313582486979357, ""prior_probability"": 0.8333333333333334, ""score"": 0.6313582486979357}, ""gender=Male"": {""alpha"": 1.0, ""margin"": 0.20748030640969617, ""p_observed"": 0.6037401532048482, ""prior_probability"": 0.16666666666666666, ""score"": 0.6037401532048482}}","{""gender=Female"": {""alpha"": 1.0, ""margin"": 0.2627164973958712, ""p_observed"": 0.6313582486979357, ""prior_probability"": 0.8333333333333334, ""score"": 0.2627164973958712}, ""gender=Male"": {""alpha"": 1.0, ""margin"": 0.20748030640969617, ""p_observed"": 0.6037401532048482, ""prior_probability"": 0.16666666666666666, ""score"": 0.20748030640969617}}","{""gender=Female"": {""alpha"": 0.0, ""margin"": 0.2627164973958712, ""p_observed"": 0.6313582486979357, ""prior_probability"": 0.8333333333333334, ""score"": -0.1823215567939546}, ""gender=Male"": {""alpha"": 0.0, ""margin"": 0.20748030640969617, ""p_observed"": 0.6037401532048482, ""prior_probability"": 0.16666666666666666, ""score"": -1.791759469228055}}"
79,Male,White,gender=Male,<=50K,"{""age"": ""27"", ""workclass"": ""Private"", ""fnlwgt"": ""219863"", ""education"": ""HS-grad"", ""educational-num"": ""9"", ""marital-status"": ""Married-civ-spouse"", ""occupation"": ""Transport-moving"", ""relationship"": ""Husband"", ""race"": ""White"", ""capital-gain"": ""0"", ""capital-loss"": ""0"", ""hours-per-week"": ""40"", ""native-country"": ""United-States""}",gender=Male,gender=Male,gender=Male,,gender=Female,gender=Female,gender=Male,0,<=50K | Husband | Married-civ-spouse | HS-grad | Private,2,2,"{""gender=Female"": ""<=50K"", ""gender=Male"": ""<=50K""}","{""gender=Female"": {""alpha"": 1.0, ""margin"": 0.6393622370502053, ""p_observed"": 0.8196811185251027, ""prior_probability"": 0.003125, ""score"": 0.8196811185251027}, ""gender=Male"": {""alpha"": 1.0, ""margin"": 0.5751147455954397, ""p_observed"": 0.7875573727977199, ""prior_probability"": 0.996875, ""score"": 0.7875573727977199}}","{""gender=Female"": {""alpha"": 1.0, ""margin"": 0.6393622370502053, ""p_observed"": 0.8196811185251027, ""prior_probability"": 0.003125, ""score"": 0.6393622370502053}, ""gender=Male"": {""alpha"": 1.0, ""margin"": 0.5751147455954397, ""p_observed"": 0.7875573727977199, ""prior_probability"": 0.996875, ""score"": 0.5751147455954397}}","{""gender=Female"": {""alpha"": 0.0, ""margin"": 0.6393622370502053, ""p_observed"": 0.8196811185251027, ""prior_probability"": 0.003125, ""score"": -5.768320995793772}, ""gender=Male"": {""alpha"": 0.0, ""margin"": 0.5751147455954397, ""p_observed"": 0.7875573727977199, ""prior_probability"": 0.996875, ""score"": -0.0031298930089277044}}"
80,Male,White,gender=Male,<=50K,"{""age"": ""58"", ""workclass"": ""Local-gov"", ""fnlwgt"": ""212864"", ""education"": ""HS-grad"", ""educational-num"": ""9"", ""marital-status"": ""Married-civ-spouse"", ""occupation"": ""Protective-serv"", ""relationship"": ""Husband"", ""race"": ""White"", ""capital-gain"": ""3908"", ""capital-loss"": ""0"", ""hours-per-week"": ""40"", ""native-country"": ""United-States""}",gender=Male,gender=Male,gender=Male,,gender=Female,gender=Female,gender=Male,0,<=50K | Husband | Married-civ-spouse | HS-grad | Local-gov,2,2,"{""gender=Female"": ""<=50K"", ""gender=Male"": ""<=50K""}","{""gender=Female"": {""alpha"": 1.0, ""margin"": 0.42256098298760036, ""p_observed"": 0.7112804914938, ""prior_probability"": 0.017543859649122806, ""score"": 0.7112804914938}, ""gender=Male"": {""alpha"": 1.0, ""margin"": 0.35609373745048145, ""p_observed"": 0.6780468687252406, ""prior_probability"": 0.9824561403508771, ""score"": 0.6780468687252406}}","{""gender=Female"": {""alpha"": 1.0, ""margin"": 0.42256098298760036, ""p_observed"": 0.7112804914938, ""prior_probability"": 0.017543859649122806, ""score"": 0.42256098298760036}, ""gender=Male"": {""alpha"": 1.0, ""margin"": 0.35609373745048145, ""p_observed"": 0.6780468687252406, ""prior_probability"": 0.9824561403508771, ""score"": 0.35609373745048145}}","{""gender=Female"": {""alpha"": 0.0, ""margin"": 0.42256098298760036, ""p_observed"": 0.7112804914938, ""prior_probability"": 0.017543859649122806, ""score"": -4.04305126783455}, ""gender=Male"": {""alpha"": 0.0, ""margin"": 0.35609373745048145, ""p_observed"": 0.6780468687252406, ""prior_probability"": 0.9824561403508771, ""score"": -0.017699577099400975}}"
81,Female,White,gender=Female,<=50K,"{""age"": ""22"", ""workclass"": ""Private"", ""fnlwgt"": ""332657"", ""education"": ""Some-college"", ""educational-num"": ""10"", ""marital-status"": ""Never-married"", ""occupation"": ""Prof-specialty"", ""relationship"": ""Not-in-family"", ""race"": ""White"", ""capital-gain"": ""0"", ""capital-loss"": ""0"", ""hours-per-week"": ""40"", ""native-country"": ""United-States""}",gender=Male,gender=Female,gender=Female,,gender=Female,gender=Female,gender=Female,0,<=50K | Not-in-family | Never-married | Some-college | Private,2,2,"{""gender=Female"": ""<=50K"", ""gender=Male"": ""<=50K""}","{""gender=Female"": {""alpha"": 1.0, ""margin"": 0.9555527978253704, ""p_observed"": 0.9777763989126852, ""prior_probability"": 0.5185185185185185, ""score"": 0.9777763989126852}, ""gender=Male"": {""alpha"": 1.0, ""margin"": 0.9207316047521275, ""p_observed"": 0.9603658023760637, ""prior_probability"": 0.48148148148148145, ""score"": 0.9603658023760637}}","{""gender=Female"": {""alpha"": 1.0, ""margin"": 0.9555527978253704, ""p_observed"": 0.9777763989126852, ""prior_probability"": 0.5185185185185185, ""score"": 0.9555527978253704}, ""gender=Male"": {""alpha"": 1.0, ""margin"": 0.9207316047521275, ""p_observed"": 0.9603658023760637, ""prior_probability"": 0.48148148148148145, ""score"": 0.9207316047521275}}","{""gender=Female"": {""alpha"": 0.0, ""margin"": 0.9555527978253704, ""p_observed"": 0.9777763989126852, ""prior_probability"": 0.5185185185185185, ""score"": -0.6567795363890705}, ""gender=Male"": {""alpha"": 0.0, ""margin"": 0.9207316047521275, ""p_observed"": 0.9603658023760637, ""prior_probability"": 0.48148148148148145, ""score"": -0.7308875085427924}}"
82,Male,White,gender=Male,>50K,"{""age"": ""42"", ""workclass"": ""Private"", ""fnlwgt"": ""602513"", ""education"": ""Bachelors"", ""educational-num"": ""13"", ""marital-status"": ""Married-civ-spouse"", ""occupation"": ""Prof-specialty"", ""relationship"": ""Husband"", ""race"": ""White"", ""capital-gain"": ""0"", ""capital-loss"": ""0"", ""hours-per-week"": ""45"", ""native-country"": ""United-States""}",gender=Male,gender=Male,gender=Male,gender=Male,gender=Male,gender=Male,gender=Male,1,>50K | Husband | Married-civ-spouse | Bachelors | Private,2,2,"{""gender=Female"": "">50K"", ""gender=Male"": "">50K""}","{""gender=Female"": {""alpha"": 1.0, ""margin"": 0.2000927324079414, ""p_observed"": 0.6000463662039708, ""prior_probability"": 0.0029069767441860465, ""score"": 0.6000463662039708}, ""gender=Male"": {""alpha"": 1.0, ""margin"": 0.3888431438903631, ""p_observed"": 0.6944215719451814, ""prior_probability"": 0.997093023255814, ""score"": 0.6944215719451814}}","{""gender=Female"": {""alpha"": 1.0, ""margin"": 0.2000927324079414, ""p_observed"": 0.6000463662039708, ""prior_probability"": 0.0029069767441860465, ""score"": 0.2000927324079414}, ""gender=Male"": {""alpha"": 1.0, ""margin"": 0.3888431438903631, ""p_observed"": 0.6944215719451814, ""prior_probability"": 0.997093023255814, ""score"": 0.3888431438903631}}","{""gender=Female"": {""alpha"": 0.0, ""margin"": 0.2000927324079414, ""p_observed"": 0.6000463662039708, ""prior_probability"": 0.0029069767441860465, ""score"": -5.840641657373398}, ""gender=Male"": {""alpha"": 0.0, ""margin"": 0.3888431438903631, ""p_observed"": 0.6944215719451814, ""prior_probability"": 0.997093023255814, ""score"": -0.0029112102074584415}}"
83,Male,White,gender=Male,<=50K,"{""age"": ""36"", ""workclass"": ""Self-emp-not-inc"", ""fnlwgt"": ""257250"", ""education"": ""7th-8th"", ""educational-num"": ""4"", ""marital-status"": ""Never-married"", ""occupation"": ""Farming-fishing"", ""relationship"": ""Own-child"", ""race"": ""White"", ""capital-gain"": ""0"", ""capital-loss"": ""0"", ""hours-per-week"": ""75"", ""native-country"": ""United-States""}",gender=Male,gender=Female,gender=Female,,gender=Female,gender=Female,gender=Female,0,<=50K | Own-child | Never-married | 7th-8th | Self-emp-not-inc,2,2,"{""gender=Female"": ""<=50K"", ""gender=Male"": ""<=50K""}","{""gender=Female"": {""alpha"": 1.0, ""margin"": 0.9101957679903473, ""p_observed"": 0.9550978839951736, ""prior_probability"": 0.5, ""score"": 0.9550978839951736}, ""gender=Male"": {""alpha"": 1.0, ""margin"": 0.905732576476916, ""p_observed"": 0.952866288238458, ""prior_probability"": 0.5, ""score"": 0.952866288238458}}","{""gender=Female"": {""alpha"": 1.0, ""margin"": 0.9101957679903473, ""p_observed"": 0.9550978839951736, ""prior_probability"": 0.5, ""score"": 0.9101957679903473}, ""gender=Male"": {""alpha"": 1.0, ""margin"": 0.905732576476916, ""p_observed"": 0.952866288238458, ""prior_probability"": 0.5, ""score"": 0.905732576476916}}","{""gender=Female"": {""alpha"": 0.0, ""margin"": 0.9101957679903473, ""p_observed"": 0.9550978839951736, ""prior_probability"": 0.5, ""score"": -0.6931471805599453}, ""gender=Male"": {""alpha"": 0.0, ""margin"": 0.905732576476916, ""p_observed"": 0.952866288238458, ""prior_probability"": 0.5, ""score"": -0.6931471805599453}}"
84,Male,White,gender=Male,>50K,"{""age"": ""52"", ""workclass"": ""Federal-gov"", ""fnlwgt"": ""30731"", ""education"": ""HS-grad"", ""educational-num"": ""9"", ""marital-status"": ""Married-civ-spouse"", ""occupation"": ""Exec-managerial"", ""relationship"": ""Husband"", ""race"": ""White"", ""capital-gain"": ""7298"", ""capital-loss"": ""0"", ""hours-per-week"": ""40"", ""native-country"": ""United-States""}",gender=Male,gender=Male,gender=Male,,gender=Male,gender=Male,gender=Male,0,>50K | Husband | Married-civ-spouse | HS-grad | Federal-gov,2,2,"{""gender=Female"": "">50K"", ""gender=Male"": "">50K""}","{""gender=Female"": {""alpha"": 1.0, ""margin"": 0.45519056145934567, ""p_observed"": 0.7275952807296728, ""prior_probability"": 0.0049504950495049506, ""score"": 0.7275952807296728}, ""gender=Male"": {""alpha"": 1.0, ""margin"": 0.6608541187518375, ""p_observed"": 0.8304270593759187, ""prior_probability"": 0.995049504950495, ""score"": 0.8304270593759187}}","{""gender=Female"": {""alpha"": 1.0, ""margin"": 0.45519056145934567, ""p_observed"": 0.7275952807296728, ""prior_probability"": 0.0049504950495049506, ""score"": 0.45519056145934567}, ""gender=Male"": {""alpha"": 1.0, ""margin"": 0.6608541187518375, ""p_observed"": 0.8304270593759187, ""prior_probability"": 0.995049504950495, ""score"": 0.6608541187518375}}","{""gender=Female"": {""alpha"": 0.0, ""margin"": 0.45519056145934567, ""p_observed"": 0.7275952807296728, ""prior_probability"": 0.0049504950495049506, ""score"": -5.308267697401205}, ""gender=Male"": {""alpha"": 0.0, ""margin"": 0.6608541187518375, ""p_observed"": 0.8304270593759187, ""prior_probability"": 0.995049504950495, ""score"": -0.004962789342129014}}"
85,Male,White,gender=Male,>50K,"{""age"": ""60"", ""workclass"": ""Self-emp-inc"", ""fnlwgt"": ""336188"", ""education"": ""Prof-school"", ""educational-num"": ""15"", ""marital-status"": ""Married-civ-spouse"", ""occupation"": ""Prof-specialty"", ""relationship"": ""Husband"", ""race"": ""White"", ""capital-gain"": ""0"", ""capital-loss"": ""2415"", ""hours-per-week"": ""80"", ""native-country"": ""United-States""}",gender=Male,gender=Male,gender=Male,,gender=Male,gender=Male,gender=Male,0,>50K | Husband | Married-civ-spouse | Prof-school | Self-emp-inc,2,2,"{""gender=Female"": "">50K"", ""gender=Male"": "">50K""}","{""gender=Female"": {""alpha"": 1.0, ""margin"": 0.7087855231048397, ""p_observed"": 0.8543927615524197, ""prior_probability"": 0.004132231404958678, ""score"": 0.8543927615524197}, ""gender=Male"": {""alpha"": 1.0, ""margin"": 0.80720162223874, ""p_observed"": 0.9036008111193699, ""prior_probability"": 0.9958677685950413, ""score"": 0.9036008111193699}}","{""gender=Female"": {""alpha"": 1.0, ""margin"": 0.7087855231048397, ""p_observed"": 0.8543927615524197, ""prior_probability"": 0.004132231404958678, ""score"": 0.7087855231048397}, ""gender=Male"": {""alpha"": 1.0, ""margin"": 0.80720162223874, ""p_observed"": 0.9036008111193699, ""prior_probability"": 0.9958677685950413, ""score"": 0.80720162223874}}","{""gender=Female"": {""alpha"": 0.0, ""margin"": 0.7087855231048397, ""p_observed"": 0.8543927615524197, ""prior_probability"": 0.004132231404958678, ""score"": -5.488937726156687}, ""gender=Male"": {""alpha"": 0.0, ""margin"": 0.80720162223874, ""p_observed"": 0.9036008111193699, ""prior_probability"": 0.9958677685950413, ""score"": -0.004140792666031388}}"
86,Male,White,gender=Male,>50K,"{""age"": ""31"", ""workclass"": ""Private"", ""fnlwgt"": ""219509"", ""education"": ""HS-grad"", ""educational-num"": ""9"", ""marital-status"": ""Married-civ-spouse"", ""occupation"": ""Other-service"", ""relationship"": ""Husband"", ""race"": ""White"", ""capital-gain"": ""0"", ""capital-loss"": ""0"", ""hours-per-week"": ""40"", ""native-country"": ""Mexico""}",gender=Male,gender=Male,gender=Male,gender=Male,gender=Male,gender=Male,gender=Male,1,>50K | Husband | Married-civ-spouse | HS-grad | Private,2,2,"{""gender=Female"": ""<=50K"", ""gender=Male"": ""<=50K""}","{""gender=Female"": {""alpha"": 1.0, ""margin"": -0.7481353980188048, ""p_observed"": 0.12593230099059755, ""prior_probability"": 0.034482758620689655, ""score"": 0.12593230099059755}, ""gender=Male"": {""alpha"": 1.0, ""margin"": -0.7233714039183247, ""p_observed"": 0.13831429804083753, ""prior_probability"": 0.9655172413793104, ""score"": 0.13831429804083753}}","{""gender=Female"": {""alpha"": 1.0, ""margin"": -0.7481353980188048, ""p_observed"": 0.12593230099059755, ""prior_probability"": 0.034482758620689655, ""score"": -0.7481353980188048}, ""gender=Male"": {""alpha"": 1.0, ""margin"": -0.7233714039183247, ""p_observed"": 0.13831429804083753, ""prior_probability"": 0.9655172413793104, ""score"": -0.7233714039183247}}","{""gender=Female"": {""alpha"": 0.0, ""margin"": -0.7481353980188048, ""p_observed"": 0.12593230099059755, ""prior_probability"": 0.034482758620689655, ""score"": -3.367295829986474}, ""gender=Male"": {""alpha"": 0.0, ""margin"": -0.7233714039183247, ""p_observed"": 0.13831429804083753, ""prior_probability"": 0.9655172413793104, ""score"": -0.03509131981127006}}"
87,Female,Black,gender=Female,<=50K,"{""age"": ""47"", ""workclass"": ""Private"", ""fnlwgt"": ""299508"", ""education"": ""HS-grad"", ""educational-num"": ""9"", ""marital-status"": ""Divorced"", ""occupation"": ""Tech-support"", ""relationship"": ""Unmarried"", ""race"": ""Black"", ""capital-gain"": ""0"", ""capital-loss"": ""0"", ""hours-per-week"": ""55"", ""native-country"": ""United-States""}",gender=Male,gender=Female,gender=Female,,gender=Female,gender=Female,gender=Female,0,<=50K | Unmarried | Divorced | HS-grad | Private,2,2,"{""gender=Female"": ""<=50K"", ""gender=Male"": ""<=50K""}","{""gender=Female"": {""alpha"": 1.0, ""margin"": 0.9270966096531685, ""p_observed"": 0.9635483048265842, ""prior_probability"": 0.8571428571428571, ""score"": 0.9635483048265842}, ""gender=Male"": {""alpha"": 1.0, ""margin"": 0.8483060965321279, ""p_observed"": 0.9241530482660639, ""prior_probability"": 0.14285714285714285, ""score"": 0.9241530482660639}}","{""gender=Female"": {""alpha"": 1.0, ""margin"": 0.9270966096531685, ""p_observed"": 0.9635483048265842, ""prior_probability"": 0.8571428571428571, ""score"": 0.9270966096531685}, ""gender=Male"": {""alpha"": 1.0, ""margin"": 0.8483060965321279, ""p_observed"": 0.9241530482660639, ""prior_probability"": 0.14285714285714285, ""score"": 0.8483060965321279}}","{""gender=Female"": {""alpha"": 0.0, ""margin"": 0.9270966096531685, ""p_observed"": 0.9635483048265842, ""prior_probability"": 0.8571428571428571, ""score"": -0.15415067982725836}, ""gender=Male"": {""alpha"": 0.0, ""margin"": 0.8483060965321279, ""p_observed"": 0.9241530482660639, ""prior_probability"": 0.14285714285714285, ""score"": -1.9459101490553135}}"
88,Male,Black,gender=Male,>50K,"{""age"": ""46"", ""workclass"": ""Private"", ""fnlwgt"": ""503923"", ""education"": ""HS-grad"", ""educational-num"": ""9"", ""marital-status"": ""Married-civ-spouse"", ""occupation"": ""Machine-op-inspct"", ""relationship"": ""Husband"", ""race"": ""Black"", ""capital-gain"": ""4386"", ""capital-loss"": ""0"", ""hours-per-week"": ""40"", ""native-country"": ""United-States""}",gender=Male,gender=Male,gender=Male,gender=Male,gender=Male,gender=Male,gender=Male,1,>50K | Husband | Married-civ-spouse | HS-grad | Private,2,2,"{""gender=Female"": ""<=50K"", ""gender=Male"": ""<=50K""}","{""gender=Female"": {""alpha"": 1.0, ""margin"": -0.4777834333465662, ""p_observed"": 0.2611082833267167, ""prior_probability"": 0.009345794392523364, ""score"": 0.2611082833267167}, ""gender=Male"": {""alpha"": 1.0, ""margin"": -0.40483157546545284, ""p_observed"": 0.29758421226727344, ""prior_probability"": 0.9906542056074766, ""score"": 0.29758421226727344}}","{""gender=Female"": {""alpha"": 1.0, ""margin"": -0.4777834333465662, ""p_observed"": 0.2611082833267167, ""prior_probability"": 0.009345794392523364, ""score"": -0.4777834333465662}, ""gender=Male"": {""alpha"": 1.0, ""margin"": -0.40483157546545284, ""p_observed"": 0.29758421226727344, ""prior_probability"": 0.9906542056074766, ""score"": -0.40483157546545284}}","{""gender=Female"": {""alpha"": 0.0, ""margin"": -0.4777834333465662, ""p_observed"": 0.2611082833267167, ""prior_probability"": 0.009345794392523364, ""score"": -4.672828834461907}, ""gender=Male"": {""alpha"": 0.0, ""margin"": -0.40483157546545284, ""p_observed"": 0.29758421226727344, ""prior_probability"": 0.9906542056074766, ""score"": -0.009389740349839032}}"
89,Male,White,gender=Male,<=50K,"{""age"": ""32"", ""workclass"": ""Private"", ""fnlwgt"": ""268282"", ""education"": ""7th-8th"", ""educational-num"": ""4"", ""marital-status"": ""Married-spouse-absent"", ""occupation"": ""Farming-fishing"", ""relationship"": ""Other-relative"", ""race"": ""White"", ""capital-gain"": ""0"", ""capital-loss"": ""0"", ""hours-per-week"": ""35"", ""native-country"": ""Mexico""}",gender=Male,gender=Male,gender=Male,,gender=Female,gender=Female,gender=Male,0,<=50K | Other-relative | Married-spouse-absent | 7th-8th | Private,2,2,"{""gender=Female"": ""<=50K"", ""gender=Male"": ""<=50K""}","{""gender=Female"": {""alpha"": 1.0, ""margin"": 0.9498203223933877, ""p_observed"": 0.9749101611966939, ""prior_probability"": 0.4074074074074074, ""score"": 0.9749101611966939}, ""gender=Male"": {""alpha"": 1.0, ""margin"": 0.9275482678142192, ""p_observed"": 0.9637741339071095, ""prior_probability"": 0.5925925925925926, ""score"": 0.9637741339071095}}","{""gender=Female"": {""alpha"": 1.0, ""margin"": 0.9498203223933877, ""p_observed"": 0.9749101611966939, ""prior_probability"": 0.4074074074074074, ""score"": 0.9498203223933877}, ""gender=Male"": {""alpha"": 1.0, ""margin"": 0.9275482678142192, ""p_observed"": 0.9637741339071095, ""prior_probability"": 0.5925925925925926, ""score"": 0.9275482678142192}}","{""gender=Female"": {""alpha"": 0.0, ""margin"": 0.9498203223933877, ""p_observed"": 0.9749101611966939, ""prior_probability"": 0.4074074074074074, ""score"": -0.8979415932059586}, ""gender=Male"": {""alpha"": 0.0, ""margin"": 0.9275482678142192, ""p_observed"": 0.9637741339071095, ""prior_probability"": 0.5925925925925926, ""score"": -0.5232481437645479}}"
90,Male,White,gender=Male,<=50K,"{""age"": ""40"", ""workclass"": ""Private"", ""fnlwgt"": ""199303"", ""education"": ""HS-grad"", ""educational-num"": ""9"", ""marital-status"": ""Married-civ-spouse"", ""occupation"": ""Adm-clerical"", ""relationship"": ""Husband"", ""race"": ""White"", ""capital-gain"": ""0"", ""capital-loss"": ""0"", ""hours-per-week"": ""40"", ""native-country"": ""United-States""}",gender=Male,gender=Male,gender=Male,,gender=Female,gender=Female,gender=Male,0,<=50K | Husband | Married-civ-spouse | HS-grad | Private,2,2,"{""gender=Female"": ""<=50K"", ""gender=Male"": ""<=50K""}","{""gender=Female"": {""alpha"": 1.0, ""margin"": 0.44417499282147327, ""p_observed"": 0.7220874964107364, ""prior_probability"": 0.008771929824561403, ""score"": 0.7220874964107364}, ""gender=Male"": {""alpha"": 1.0, ""margin"": 0.3692655745044554, ""p_observed"": 0.6846327872522276, ""prior_probability"": 0.9912280701754386, ""score"": 0.6846327872522276}}","{""gender=Female"": {""alpha"": 1.0, ""margin"": 0.44417499282147327, ""p_observed"": 0.7220874964107364, ""prior_probability"": 0.008771929824561403, ""score"": 0.44417499282147327}, ""gender=Male"": {""alpha"": 1.0, ""margin"": 0.3692655745044554, ""p_observed"": 0.6846327872522276, ""prior_probability"": 0.9912280701754386, ""score"": 0.3692655745044554}}","{""gender=Female"": {""alpha"": 0.0, ""margin"": 0.44417499282147327, ""p_observed"": 0.7220874964107364, ""prior_probability"": 0.008771929824561403, ""score"": -4.736198448394496}, ""gender=Male"": {""alpha"": 0.0, ""margin"": 0.3692655745044554, ""p_observed"": 0.6846327872522276, ""prior_probability"": 0.9912280701754386, ""score"": -0.00881062968215492}}"
91,Male,White,gender=Male,>50K,"{""age"": ""32"", ""workclass"": ""Private"", ""fnlwgt"": ""220333"", ""education"": ""HS-grad"", ""educational-num"": ""9"", ""marital-status"": ""Married-civ-spouse"", ""occupation"": ""Craft-repair"", ""relationship"": ""Husband"", ""race"": ""White"", ""capital-gain"": ""7298"", ""capital-loss"": ""0"", ""hours-per-week"": ""46"", ""native-country"": ""United-States""}",gender=Male,gender=Male,gender=Male,gender=Male,gender=Male,gender=Male,gender=Male,1,>50K | Husband | Married-civ-spouse | HS-grad | Private,2,2,"{""gender=Female"": "">50K"", ""gender=Male"": "">50K""}","{""gender=Female"": {""alpha"": 1.0, ""margin"": 0.32460784588062025, ""p_observed"": 0.6623039229403102, ""prior_probability"": 0.0031847133757961785, ""score"": 0.6623039229403102}, ""gender=Male"": {""alpha"": 1.0, ""margin"": 0.5538178545209714, ""p_observed"": 0.7769089272604857, ""prior_probability"": 0.9968152866242038, ""score"": 0.7769089272604857}}","{""gender=Female"": {""alpha"": 1.0, ""margin"": 0.32460784588062025, ""p_observed"": 0.6623039229403102, ""prior_probability"": 0.0031847133757961785, ""score"": 0.32460784588062025}, ""gender=Male"": {""alpha"": 1.0, ""margin"": 0.5538178545209714, ""p_observed"": 0.7769089272604857, ""prior_probability"": 0.9968152866242038, ""score"": 0.5538178545209714}}","{""gender=Female"": {""alpha"": 0.0, ""margin"": 0.32460784588062025, ""p_observed"": 0.6623039229403102, ""prior_probability"": 0.0031847133757961785, ""score"": -5.749392985908253}, ""gender=Male"": {""alpha"": 0.0, ""margin"": 0.5538178545209714, ""p_observed"": 0.7769089272604857, ""prior_probability"": 0.9968152866242038, ""score"": -0.0031897953681001494}}"
92,Male,Black,gender=Male,<=50K,"{""age"": ""21"", ""workclass"": ""Private"", ""fnlwgt"": ""565313"", ""education"": ""HS-grad"", ""educational-num"": ""9"", ""marital-status"": ""Never-married"", ""occupation"": ""Other-service"", ""relationship"": ""Own-child"", ""race"": ""Black"", ""capital-gain"": ""0"", ""capital-loss"": ""0"", ""hours-per-week"": ""40"", ""native-country"": ""United-States""}",gender=Male,gender=Male,gender=Male,gender=Male,gender=Male,gender=Male,gender=Male,1,<=50K | Own-child | Never-married | HS-grad | Private,2,2,"{""gender=Female"": ""<=50K"", ""gender=Male"": ""<=50K""}","{""gender=Female"": {""alpha"": 1.0, ""margin"": 0.9893593479519652, ""p_observed"": 0.9946796739759826, ""prior_probability"": 0.4854368932038835, ""score"": 0.9946796739759826}, ""gender=Male"": {""alpha"": 1.0, ""margin"": 0.9909385243572546, ""p_observed"": 0.9954692621786272, ""prior_probability"": 0.5145631067961165, ""score"": 0.9954692621786272}}","{""gender=Female"": {""alpha"": 1.0, ""margin"": 0.9893593479519652, ""p_observed"": 0.9946796739759826, ""prior_probability"": 0.4854368932038835, ""score"": 0.9893593479519652}, ""gender=Male"": {""alpha"": 1.0, ""margin"": 0.9909385243572546, ""p_observed"": 0.9954692621786272, ""prior_probability"": 0.5145631067961165, ""score"": 0.9909385243572546}}","{""gender=Female"": {""alpha"": 0.0, ""margin"": 0.9893593479519652, ""p_observed"": 0.9946796739759826, ""prior_probability"": 0.4854368932038835, ""score"": -0.7227059828014897}, ""gender=Male"": {""alpha"": 0.0, ""margin"": 0.9909385243572546, ""p_observed"": 0.9954692621786272, ""prior_probability"": 0.5145631067961165, ""score"": -0.6644370746775139}}"
93,Female,White,gender=Female,<=50K,"{""age"": ""33"", ""workclass"": ""Private"", ""fnlwgt"": ""121966"", ""education"": ""HS-grad"", ""educational-num"": ""9"", ""marital-status"": ""Divorced"", ""occupation"": ""Adm-clerical"", ""relationship"": ""Not-in-family"", ""race"": ""White"", ""capital-gain"": ""0"", ""capital-loss"": ""0"", ""hours-per-week"": ""40"", ""native-country"": ""United-States""}",gender=Male,gender=Female,gender=Female,,gender=Female,gender=Female,gender=Female,0,<=50K | Not-in-family | Divorced | HS-grad | Private,2,2,"{""gender=Female"": ""<=50K"", ""gender=Male"": ""<=50K""}","{""gender=Female"": {""alpha"": 1.0, ""margin"": 0.9477323382247466, ""p_observed"": 0.9738661691123731, ""prior_probability"": 0.8695652173913043, ""score"": 0.9738661691123731}, ""gender=Male"": {""alpha"": 1.0, ""margin"": 0.9219087785860939, ""p_observed"": 0.9609543892930468, ""prior_probability"": 0.13043478260869565, ""score"": 0.9609543892930468}}","{""gender=Female"": {""alpha"": 1.0, ""margin"": 0.9477323382247466, ""p_observed"": 0.9738661691123731, ""prior_probability"": 0.8695652173913043, ""score"": 0.9477323382247466}, ""gender=Male"": {""alpha"": 1.0, ""margin"": 0.9219087785860939, ""p_observed"": 0.9609543892930468, ""prior_probability"": 0.13043478260869565, ""score"": 0.9219087785860939}}","{""gender=Female"": {""alpha"": 0.0, ""margin"": 0.9477323382247466, ""p_observed"": 0.9738661691123731, ""prior_probability"": 0.8695652173913043, ""score"": -0.13976194237515874}, ""gender=Male"": {""alpha"": 0.0, ""margin"": 0.9219087785860939, ""p_observed"": 0.9609543892930468, ""prior_probability"": 0.13043478260869565, ""score"": -2.03688192726104}}"
94,Male,White,gender=Male,<=50K,"{""age"": ""40"", ""workclass"": ""Private"", ""fnlwgt"": ""226027"", ""education"": ""HS-grad"", ""educational-num"": ""9"", ""marital-status"": ""Married-civ-spouse"", ""occupation"": ""Transport-moving"", ""relationship"": ""Husband"", ""race"": ""White"", ""capital-gain"": ""0"", ""capital-loss"": ""0"", ""hours-per-week"": ""20"", ""native-country"": ""United-States""}",gender=Male,gender=Male,gender=Male,,gender=Female,gender=Female,gender=Male,0,<=50K | Husband | Married-civ-spouse | HS-grad | Private,2,2,"{""gender=Female"": ""<=50K"", ""gender=Male"": ""<=50K""}","{""gender=Female"": {""alpha"": 1.0, ""margin"": 0.5387968351498393, ""p_observed"": 0.7693984175749196, ""prior_probability"": 0.003125, ""score"": 0.7693984175749196}, ""gender=Male"": {""alpha"": 1.0, ""margin"": 0.4931720302245924, ""p_observed"": 0.746586015112296, ""prior_probability"": 0.996875, ""score"": 0.746586015112296}}","{""gender=Female"": {""alpha"": 1.0, ""margin"": 0.5387968351498393, ""p_observed"": 0.7693984175749196, ""prior_probability"": 0.003125, ""score"": 0.5387968351498393}, ""gender=Male"": {""alpha"": 1.0, ""margin"": 0.4931720302245924, ""p_observed"": 0.746586015112296, ""prior_probability"": 0.996875, ""score"": 0.4931720302245924}}","{""gender=Female"": {""alpha"": 0.0, ""margin"": 0.5387968351498393, ""p_observed"": 0.7693984175749196, ""prior_probability"": 0.003125, ""score"": -5.768320995793772}, ""gender=Male"": {""alpha"": 0.0, ""margin"": 0.4931720302245924, ""p_observed"": 0.746586015112296, ""prior_probability"": 0.996875, ""score"": -0.0031298930089277044}}"
95,Male,White,gender=Male,<=50K,"{""age"": ""48"", ""workclass"": ""Private"", ""fnlwgt"": ""168462"", ""education"": ""HS-grad"", ""educational-num"": ""9"", ""marital-status"": ""Married-civ-spouse"", ""occupation"": ""Transport-moving"", ""relationship"": ""Husband"", ""race"": ""White"", ""capital-gain"": ""0"", ""capital-loss"": ""0"", ""hours-per-week"": ""40"", ""native-country"": ""United-States""}",gender=Male,gender=Male,gender=Male,,gender=Female,gender=Female,gender=Male,0,<=50K | Husband | Married-civ-spouse | HS-grad | Private,2,2,"{""gender=Female"": ""<=50K"", ""gender=Male"": ""<=50K""}","{""gender=Female"": {""alpha"": 1.0, ""margin"": 0.45715546217816916, ""p_observed"": 0.7285777310890844, ""prior_probability"": 0.003125, ""score"": 0.7285777310890844}, ""gender=Male"": {""alpha"": 1.0, ""margin"": 0.39214072724784915, ""p_observed"": 0.6960703636239245, ""prior_probability"": 0.996875, ""score"": 0.6960703636239245}}","{""gender=Female"": {""alpha"": 1.0, ""margin"": 0.45715546217816916, ""p_observed"": 0.7285777310890844, ""prior_probability"": 0.003125, ""score"": 0.45715546217816916}, ""gender=Male"": {""alpha"": 1.0, ""margin"": 0.39214072724784915, ""p_observed"": 0.6960703636239245, ""prior_probability"": 0.996875, ""score"": 0.39214072724784915}}","{""gender=Female"": {""alpha"": 0.0, ""margin"": 0.45715546217816916, ""p_observed"": 0.7285777310890844, ""prior_probability"": 0.003125, ""score"": -5.768320995793772}, ""gender=Male"": {""alpha"": 0.0, ""margin"": 0.39214072724784915, ""p_observed"": 0.6960703636239245, ""prior_probability"": 0.996875, ""score"": -0.0031298930089277044}}"
96,Male,White,gender=Male,<=50K,"{""age"": ""27"", ""workclass"": ""Private"", ""fnlwgt"": ""208703"", ""education"": ""HS-grad"", ""educational-num"": ""9"", ""marital-status"": ""Never-married"", ""occupation"": ""Protective-serv"", ""relationship"": ""Own-child"", ""race"": ""White"", ""capital-gain"": ""0"", ""capital-loss"": ""0"", ""hours-per-week"": ""40"", ""native-country"": ""Japan""}",gender=Male,gender=Male,gender=Male,gender=Male,gender=Female,gender=Female,gender=Male,1,<=50K | Own-child | Never-married | HS-grad | Private,2,2,"{""gender=Female"": ""<=50K"", ""gender=Male"": ""<=50K""}","{""gender=Female"": {""alpha"": 1.0, ""margin"": 0.9744131831316041, ""p_observed"": 0.9872065915658019, ""prior_probability"": 0.11764705882352941, ""score"": 0.9872065915658019}, ""gender=Male"": {""alpha"": 1.0, ""margin"": 0.9678083236873805, ""p_observed"": 0.98390416184369, ""prior_probability"": 0.8823529411764706, ""score"": 0.98390416184369}}","{""gender=Female"": {""alpha"": 1.0, ""margin"": 0.9744131831316041, ""p_observed"": 0.9872065915658019, ""prior_probability"": 0.11764705882352941, ""score"": 0.9744131831316041}, ""gender=Male"": {""alpha"": 1.0, ""margin"": 0.9678083236873805, ""p_observed"": 0.98390416184369, ""prior_probability"": 0.8823529411764706, ""score"": 0.9678083236873805}}","{""gender=Female"": {""alpha"": 0.0, ""margin"": 0.9744131831316041, ""p_observed"": 0.9872065915658019, ""prior_probability"": 0.11764705882352941, ""score"": -2.1400661634962708}, ""gender=Male"": {""alpha"": 0.0, ""margin"": 0.9678083236873805, ""p_observed"": 0.98390416184369, ""prior_probability"": 0.8823529411764706, ""score"": -0.12516314295400605}}"
97,Male,White,gender=Male,>50K,"{""age"": ""32"", ""workclass"": ""Private"", ""fnlwgt"": ""106014"", ""education"": ""Some-college"", ""educational-num"": ""10"", ""marital-status"": ""Married-civ-spouse"", ""occupation"": ""Sales"", ""relationship"": ""Husband"", ""race"": ""White"", ""capital-gain"": ""5178"", ""capital-loss"": ""0"", ""hours-per-week"": ""50"", ""native-country"": ""United-States""}",gender=Male,gender=Male,gender=Male,,gender=Male,gender=Male,gender=Male,0,>50K | Husband | Married-civ-spouse | Some-college | Private,2,2,"{""gender=Female"": "">50K"", ""gender=Male"": "">50K""}","{""gender=Female"": {""alpha"": 1.0, ""margin"": 0.20482943362463796, ""p_observed"": 0.602414716812319, ""prior_probability"": 0.0070921985815602835, ""score"": 0.602414716812319}, ""gender=Male"": {""alpha"": 1.0, ""margin"": 0.520078051862054, ""p_observed"": 0.760039025931027, ""prior_probability"": 0.9929078014184397, ""score"": 0.760039025931027}}","{""gender=Female"": {""alpha"": 1.0, ""margin"": 0.20482943362463796, ""p_observed"": 0.602414716812319, ""prior_probability"": 0.0070921985815602835, ""score"": 0.20482943362463796}, ""gender=Male"": {""alpha"": 1.0, ""margin"": 0.520078051862054, ""p_observed"": 0.760039025931027, ""prior_probability"": 0.9929078014184397, ""score"": 0.520078051862054}}","{""gender=Female"": {""alpha"": 0.0, ""margin"": 0.20482943362463796, ""p_observed"": 0.602414716812319, ""prior_probability"": 0.0070921985815602835, ""score"": -4.948759890378168}, ""gender=Male"": {""alpha"": 0.0, ""margin"": 0.520078051862054, ""p_observed"": 0.760039025931027, ""prior_probability"": 0.9929078014184397, ""score"": -0.0071174677688639896}}"
98,Male,White,gender=Male,<=50K,"{""age"": ""31"", ""workclass"": ""Private"", ""fnlwgt"": ""85374"", ""education"": ""HS-grad"", ""educational-num"": ""9"", ""marital-status"": ""Never-married"", ""occupation"": ""Other-service"", ""relationship"": ""Not-in-family"", ""race"": ""White"", ""capital-gain"": ""0"", ""capital-loss"": ""0"", ""hours-per-week"": ""42"", ""native-country"": ""United-States""}",gender=Male,gender=Female,gender=Female,gender=Female,gender=Female,gender=Female,gender=Female,1,<=50K | Not-in-family | Never-married | HS-grad | Private,2,2,"{""gender=Female"": ""<=50K"", ""gender=Male"": ""<=50K""}","{""gender=Female"": {""alpha"": 1.0, ""margin"": 0.9716693073978039, ""p_observed"": 0.985834653698902, ""prior_probability"": 0.5478723404255319, ""score"": 0.985834653698902}, ""gender=Male"": {""alpha"": 1.0, ""margin"": 0.96469667090263, ""p_observed"": 0.982348335451315, ""prior_probability"": 0.4521276595744681, ""score"": 0.982348335451315}}","{""gender=Female"": {""alpha"": 1.0, ""margin"": 0.9716693073978039, ""p_observed"": 0.985834653698902, ""prior_probability"": 0.5478723404255319, ""score"": 0.9716693073978039}, ""gender=Male"": {""alpha"": 1.0, ""margin"": 0.96469667090263, ""p_observed"": 0.982348335451315, ""prior_probability"": 0.4521276595744681, ""score"": 0.96469667090263}}","{""gender=Female"": {""alpha"": 0.0, ""margin"": 0.9716693073978039, ""p_observed"": 0.985834653698902, ""prior_probability"": 0.5478723404255319, ""score"": -0.6017129746003135}, ""gender=Male"": {""alpha"": 0.0, ""margin"": 0.96469667090263, ""p_observed"": 0.982348335451315, ""prior_probability"": 0.4521276595744681, ""score"": -0.7937907063396327}}"
99,Female,White,gender=Female,>50K,"{""age"": ""61"", ""workclass"": ""Private"", ""fnlwgt"": ""170262"", ""education"": ""HS-grad"", ""educational-num"": ""9"", ""marital-status"": ""Married-civ-spouse"", ""occupation"": ""Exec-managerial"", ""relationship"": ""Wife"", ""race"": ""White"", ""capital-gain"": ""15024"", ""capital-loss"": ""0"", ""hours-per-week"": ""38"", ""native-country"": ""United-States""}",gender=Male,gender=Female,gender=Female,,gender=Female,gender=Female,gender=Female,0,>50K | Wife | Married-civ-spouse | HS-grad | Private,2,2,"{""gender=Female"": "">50K"", ""gender=Male"": "">50K""}","{""gender=Female"": {""alpha"": 1.0, ""margin"": 0.5805835871412042, ""p_observed"": 0.7902917935706021, ""prior_probability"": 0.9583333333333334, ""score"": 0.7902917935706021}, ""gender=Male"": {""alpha"": 1.0, ""margin"": 0.5117011248896429, ""p_observed"": 0.7558505624448215, ""prior_probability"": 0.041666666666666664, ""score"": 0.7558505624448215}}","{""gender=Female"": {""alpha"": 1.0, ""margin"": 0.5805835871412042, ""p_observed"": 0.7902917935706021, ""prior_probability"": 0.9583333333333334, ""score"": 0.5805835871412042}, ""gender=Male"": {""alpha"": 1.0, ""margin"": 0.5117011248896429, ""p_observed"": 0.7558505624448215, ""prior_probability"": 0.041666666666666664, ""score"": 0.5117011248896429}}","{""gender=Female"": {""alpha"": 0.0, ""margin"": 0.5805835871412042, ""p_observed"": 0.7902917935706021, ""prior_probability"": 0.9583333333333334, ""score"": -0.04255961441879589}, ""gender=Male"": {""alpha"": 0.0, ""margin"": 0.5117011248896429, ""p_observed"": 0.7558505624448215, ""prior_probability"": 0.041666666666666664, ""score"": -3.1780538303479458}}"
100,Male,White,gender=Male,<=50K,"{""age"": ""64"", ""workclass"": ""Private"", ""fnlwgt"": ""316627"", ""education"": ""5th-6th"", ""educational-num"": ""3"", ""marital-status"": ""Divorced"", ""occupation"": ""Craft-repair"", ""relationship"": ""Not-in-family"", ""race"": ""White"", ""capital-gain"": ""0"", ""capital-loss"": ""0"", ""hours-per-week"": ""40"", ""native-country"": ""United-States""}",gender=Male,gender=Female,gender=Female,,gender=Female,gender=Female,gender=Female,0,<=50K | Not-in-family | Divorced | 5th-6th | Private,2,2,"{""gender=Female"": ""<=50K"", ""gender=Male"": ""<=50K""}","{""gender=Female"": {""alpha"": 1.0, ""margin"": 0.9116962501930301, ""p_observed"": 0.955848125096515, ""prior_probability"": 0.5212765957446809, ""score"": 0.955848125096515}, ""gender=Male"": {""alpha"": 1.0, ""margin"": 0.8722876008819104, ""p_observed"": 0.9361438004409551, ""prior_probability"": 0.4787234042553192, ""score"": 0.9361438004409551}}","{""gender=Female"": {""alpha"": 1.0, ""margin"": 0.9116962501930301, ""p_observed"": 0.955848125096515, ""prior_probability"": 0.5212765957446809, ""score"": 0.9116962501930301}, ""gender=Male"": {""alpha"": 1.0, ""margin"": 0.8722876008819104, ""p_observed"": 0.9361438004409551, ""prior_probability"": 0.4787234042553192, ""score"": 0.8722876008819104}}","{""gender=Female"": {""alpha"": 0.0, ""margin"": 0.9116962501930301, ""p_observed"": 0.955848125096515, ""prior_probability"": 0.5212765957446809, ""score"": -0.6514744841593773}, ""gender=Male"": {""alpha"": 0.0, ""margin"": 0.8722876008819104, ""p_observed"": 0.9361438004409551, ""prior_probability"": 0.4787234042553192, ""score"": -0.7366322924996841}}"
101,Male,White,gender=Male,<=50K,"{""age"": ""40"", ""workclass"": ""Private"", ""fnlwgt"": ""156526"", ""education"": ""Bachelors"", ""educational-num"": ""13"", ""marital-status"": ""Married-civ-spouse"", ""occupation"": ""Exec-managerial"", ""relationship"": ""Husband"", ""race"": ""White"", ""capital-gain"": ""0"", ""capital-loss"": ""0"", ""hours-per-week"": ""40"", ""native-country"": ""United-States""}",gender=Male,gender=Male,gender=Male,,gender=Female,gender=Female,gender=Male,0,<=50K | Husband | Married-civ-spouse | Bachelors | Private,2,2,"{""gender=Female"": "">50K"", ""gender=Male"": "">50K""}","{""gender=Female"": {""alpha"": 1.0, ""margin"": -0.11445250046337485, ""p_observed"": 0.44277374976831263, ""prior_probability"": 0.00641025641025641, ""score"": 0.44277374976831263}, ""gender=Male"": {""alpha"": 1.0, ""margin"": -0.34725696081569124, ""p_observed"": 0.3263715195921544, ""prior_probability"": 0.9935897435897436, ""score"": 0.3263715195921544}}","{""gender=Female"": {""alpha"": 1.0, ""margin"": -0.11445250046337485, ""p_observed"": 0.44277374976831263, ""prior_probability"": 0.00641025641025641, ""score"": -0.11445250046337485}, ""gender=Male"": {""alpha"": 1.0, ""margin"": -0.34725696081569124, ""p_observed"": 0.3263715195921544, ""prior_probability"": 0.9935897435897436, ""score"": -0.34725696081569124}}","{""gender=Female"": {""alpha"": 0.0, ""margin"": -0.11445250046337485, ""p_observed"": 0.44277374976831263, ""prior_probability"": 0.00641025641025641, ""score"": -5.049856007249537}, ""gender=Male"": {""alpha"": 0.0, ""margin"": -0.34725696081569124, ""p_observed"": 0.3263715195921544, ""prior_probability"": 0.9935897435897436, ""score"": -0.0064308903302904025}}"
102,Male,White,gender=Male,<=50K,"{""age"": ""35"", ""workclass"": ""Private"", ""fnlwgt"": ""207202"", ""education"": ""10th"", ""educational-num"": ""6"", ""marital-status"": ""Married-civ-spouse"", ""occupation"": ""Transport-moving"", ""relationship"": ""Husband"", ""race"": ""White"", ""capital-gain"": ""0"", ""capital-loss"": ""0"", ""hours-per-week"": ""70"", ""native-country"": ""United-States""}",gender=Male,gender=Male,gender=Male,,gender=Female,gender=Female,gender=Male,0,<=50K | Husband | Married-civ-spouse | 10th | Private,2,2,"{""gender=Female"": ""<=50K"", ""gender=Male"": ""<=50K""}","{""gender=Female"": {""alpha"": 1.0, ""margin"": 0.4588588472546354, ""p_observed"": 0.7294294236273176, ""prior_probability"": 0.02702702702702703, ""score"": 0.7294294236273176}, ""gender=Male"": {""alpha"": 1.0, ""margin"": 0.41255024279317304, ""p_observed"": 0.7062751213965864, ""prior_probability"": 0.972972972972973, ""score"": 0.7062751213965864}}","{""gender=Female"": {""alpha"": 1.0, ""margin"": 0.4588588472546354, ""p_observed"": 0.7294294236273176, ""prior_probability"": 0.02702702702702703, ""score"": 0.4588588472546354}, ""gender=Male"": {""alpha"": 1.0, ""margin"": 0.41255024279317304, ""p_observed"": 0.7062751213965864, ""prior_probability"": 0.972972972972973, ""score"": 0.41255024279317304}}","{""gender=Female"": {""alpha"": 0.0, ""margin"": 0.4588588472546354, ""p_observed"": 0.7294294236273176, ""prior_probability"": 0.02702702702702703, ""score"": -3.6109179126442243}, ""gender=Male"": {""alpha"": 0.0, ""margin"": 0.41255024279317304, ""p_observed"": 0.7062751213965864, ""prior_probability"": 0.972972972972973, ""score"": -0.027398974188114388}}"
103,Female,White,gender=Female,<=50K,"{""age"": ""24"", ""workclass"": ""Private"", ""fnlwgt"": ""163665"", ""education"": ""Bachelors"", ""educational-num"": ""13"", ""marital-status"": ""Never-married"", ""occupation"": ""Other-service"", ""relationship"": ""Own-child"", ""race"": ""White"", ""capital-gain"": ""0"", ""capital-loss"": ""0"", ""hours-per-week"": ""40"", ""native-country"": ""United-States""}",gender=Male,gender=Female,gender=Female,,gender=Female,gender=Female,gender=Female,0,<=50K | Own-child | Never-married | Bachelors | Private,2,2,"{""gender=Female"": ""<=50K"", ""gender=Male"": ""<=50K""}","{""gender=Female"": {""alpha"": 1.0, ""margin"": 0.9690502287712405, ""p_observed"": 0.9845251143856203, ""prior_probability"": 0.6666666666666666, ""score"": 0.9845251143856203}, ""gender=Male"": {""alpha"": 1.0, ""margin"": 0.9545863770392421, ""p_observed"": 0.977293188519621, ""prior_probability"": 0.3333333333333333, ""score"": 0.977293188519621}}","{""gender=Female"": {""alpha"": 1.0, ""margin"": 0.9690502287712405, ""p_observed"": 0.9845251143856203, ""prior_probability"": 0.6666666666666666, ""score"": 0.9690502287712405}, ""gender=Male"": {""alpha"": 1.0, ""margin"": 0.9545863770392421, ""p_observed"": 0.977293188519621, ""prior_probability"": 0.3333333333333333, ""score"": 0.9545863770392421}}","{""gender=Female"": {""alpha"": 0.0, ""margin"": 0.9690502287712405, ""p_observed"": 0.9845251143856203, ""prior_probability"": 0.6666666666666666, ""score"": -0.40546510810816444}, ""gender=Male"": {""alpha"": 0.0, ""margin"": 0.9545863770392421, ""p_observed"": 0.977293188519621, ""prior_probability"": 0.3333333333333333, ""score"": -1.0986122886681098}}"
104,Female,White,gender=Female,<=50K,"{""age"": ""53"", ""workclass"": ""Private"", ""fnlwgt"": ""117058"", ""education"": ""HS-grad"", ""educational-num"": ""9"", ""marital-status"": ""Divorced"", ""occupation"": ""Other-service"", ""relationship"": ""Unmarried"", ""race"": ""White"", ""capital-gain"": ""0"", ""capital-loss"": ""0"", ""hours-per-week"": ""40"", ""native-country"": ""United-States""}",gender=Male,gender=Female,gender=Female,,gender=Female,gender=Female,gender=Female,0,<=50K | Unmarried | Divorced | HS-grad | Private,2,2,"{""gender=Female"": ""<=50K"", ""gender=Male"": ""<=50K""}","{""gender=Female"": {""alpha"": 1.0, ""margin"": 0.9717809888269594, ""p_observed"": 0.9858904944134798, ""prior_probability"": 0.8674698795180723, ""score"": 0.9858904944134798}, ""gender=Male"": {""alpha"": 1.0, ""margin"": 0.9318435822093932, ""p_observed"": 0.9659217911046966, ""prior_probability"": 0.13253012048192772, ""score"": 0.9659217911046966}}","{""gender=Female"": {""alpha"": 1.0, ""margin"": 0.9717809888269594, ""p_observed"": 0.9858904944134798, ""prior_probability"": 0.8674698795180723, ""score"": 0.9717809888269594}, ""gender=Male"": {""alpha"": 1.0, ""margin"": 0.9318435822093932, ""p_observed"": 0.9659217911046966, ""prior_probability"": 0.13253012048192772, ""score"": 0.9318435822093932}}","{""gender=Female"": {""alpha"": 0.0, ""margin"": 0.9717809888269594, ""p_observed"": 0.9858904944134798, ""prior_probability"": 0.8674698795180723, ""score"": -0.1421744887805426}, ""gender=Male"": {""alpha"": 0.0, ""margin"": 0.9318435822093932, ""p_observed"": 0.9659217911046966, ""prior_probability"": 0.13253012048192772, ""score"": -2.020945334998227}}"
105,Male,Black,gender=Male,<=50K,"{""age"": ""18"", ""workclass"": ""Private"", ""fnlwgt"": ""157273"", ""education"": ""10th"", ""educational-num"": ""6"", ""marital-status"": ""Never-married"", ""occupation"": ""Other-service"", ""relationship"": ""Other-relative"", ""race"": ""Black"", ""capital-gain"": ""0"", ""capital-loss"": ""0"", ""hours-per-week"": ""15"", ""native-country"": ""United-States""}",gender=Male,gender=Male,gender=Male,,gender=Female,gender=Female,gender=Male,0,<=50K | Other-relative | Never-married | 10th | Private,2,2,"{""gender=Female"": ""<=50K"", ""gender=Male"": ""<=50K""}","{""gender=Female"": {""alpha"": 1.0, ""margin"": 0.9883071539454553, ""p_observed"": 0.9941535769727278, ""prior_probability"": 0.36363636363636365, ""score"": 0.9941535769727278}, ""gender=Male"": {""alpha"": 1.0, ""margin"": 0.9827105614330274, ""p_observed"": 0.9913552807165138, ""prior_probability"": 0.6363636363636364, ""score"": 0.9913552807165138}}","{""gender=Female"": {""alpha"": 1.0, ""margin"": 0.9883071539454553, ""p_observed"": 0.9941535769727278, ""prior_probability"": 0.36363636363636365, ""score"": 0.9883071539454553}, ""gender=Male"": {""alpha"": 1.0, ""margin"": 0.9827105614330274, ""p_observed"": 0.9913552807165138, ""prior_probability"": 0.6363636363636364, ""score"": 0.9827105614330274}}","{""gender=Female"": {""alpha"": 0.0, ""margin"": 0.9883071539454553, ""p_observed"": 0.9941535769727278, ""prior_probability"": 0.36363636363636365, ""score"": -1.0116009116784799}, ""gender=Male"": {""alpha"": 0.0, ""margin"": 0.9827105614330274, ""p_observed"": 0.9913552807165138, ""prior_probability"": 0.6363636363636364, ""score"": -0.45198512374305727}}"
106,Male,White,gender=Male,<=50K,"{""age"": ""17"", ""workclass"": ""Private"", ""fnlwgt"": ""364952"", ""education"": ""10th"", ""educational-num"": ""6"", ""marital-status"": ""Married-spouse-absent"", ""occupation"": ""Other-service"", ""relationship"": ""Other-relative"", ""race"": ""White"", ""capital-gain"": ""0"", ""capital-loss"": ""0"", ""hours-per-week"": ""40"", ""native-country"": ""United-States""}",gender=Male,gender=Male,gender=Male,,gender=Female,gender=Female,gender=Male,0,<=50K | Other-relative | Married-spouse-absent | 10th | Private,2,2,"{""gender=Female"": ""<=50K"", ""gender=Male"": ""<=50K""}","{""gender=Female"": {""alpha"": 1.0, ""margin"": 0.9540658140770701, ""p_observed"": 0.9770329070385351, ""prior_probability"": 0.4074074074074074, ""score"": 0.9770329070385351}, ""gender=Male"": {""alpha"": 1.0, ""margin"": 0.9464491836126097, ""p_observed"": 0.9732245918063048, ""prior_probability"": 0.5925925925925926, ""score"": 0.9732245918063048}}","{""gender=Female"": {""alpha"": 1.0, ""margin"": 0.9540658140770701, ""p_observed"": 0.9770329070385351, ""prior_probability"": 0.4074074074074074, ""score"": 0.9540658140770701}, ""gender=Male"": {""alpha"": 1.0, ""margin"": 0.9464491836126097, ""p_observed"": 0.9732245918063048, ""prior_probability"": 0.5925925925925926, ""score"": 0.9464491836126097}}","{""gender=Female"": {""alpha"": 0.0, ""margin"": 0.9540658140770701, ""p_observed"": 0.9770329070385351, ""prior_probability"": 0.4074074074074074, ""score"": -0.8979415932059586}, ""gender=Male"": {""alpha"": 0.0, ""margin"": 0.9464491836126097, ""p_observed"": 0.9732245918063048, ""prior_probability"": 0.5925925925925926, ""score"": -0.5232481437645479}}"
107,Male,White,gender=Male,<=50K,"{""age"": ""24"", ""workclass"": ""Private"", ""fnlwgt"": ""259510"", ""education"": ""Bachelors"", ""educational-num"": ""13"", ""marital-status"": ""Married-civ-spouse"", ""occupation"": ""Prof-specialty"", ""relationship"": ""Husband"", ""race"": ""White"", ""capital-gain"": ""5013"", ""capital-loss"": ""0"", ""hours-per-week"": ""30"", ""native-country"": ""United-States""}",gender=Male,gender=Male,gender=Male,,gender=Female,gender=Female,gender=Male,0,<=50K | Husband | Married-civ-spouse | Bachelors | Private,2,2,"{""gender=Female"": ""<=50K"", ""gender=Male"": ""<=50K""}","{""gender=Female"": {""alpha"": 1.0, ""margin"": 0.4562348117457565, ""p_observed"": 0.7281174058728783, ""prior_probability"": 0.00625, ""score"": 0.7281174058728783}, ""gender=Male"": {""alpha"": 1.0, ""margin"": 0.4295476389727598, ""p_observed"": 0.71477381948638, ""prior_probability"": 0.99375, ""score"": 0.71477381948638}}","{""gender=Female"": {""alpha"": 1.0, ""margin"": 0.4562348117457565, ""p_observed"": 0.7281174058728783, ""prior_probability"": 0.00625, ""score"": 0.4562348117457565}, ""gender=Male"": {""alpha"": 1.0, ""margin"": 0.4295476389727598, ""p_observed"": 0.71477381948638, ""prior_probability"": 0.99375, ""score"": 0.4295476389727598}}","{""gender=Female"": {""alpha"": 0.0, ""margin"": 0.4562348117457565, ""p_observed"": 0.7281174058728783, ""prior_probability"": 0.00625, ""score"": -5.075173815233827}, ""gender=Male"": {""alpha"": 0.0, ""margin"": 0.4295476389727598, ""p_observed"": 0.71477381948638, ""prior_probability"": 0.99375, ""score"": -0.006269613013595374}}"
108,Male,White,gender=Male,>50K,"{""age"": ""48"", ""workclass"": ""Private"", ""fnlwgt"": ""162187"", ""education"": ""Bachelors"", ""educational-num"": ""13"", ""marital-status"": ""Married-civ-spouse"", ""occupation"": ""Exec-managerial"", ""relationship"": ""Husband"", ""race"": ""White"", ""capital-gain"": ""0"", ""capital-loss"": ""0"", ""hours-per-week"": ""48"", ""native-country"": ""United-States""}",gender=Male,gender=Male,gender=Male,gender=Male,gender=Male,gender=Male,gender=Male,1,>50K | Husband | Married-civ-spouse | Bachelors | Private,2,2,"{""gender=Female"": "">50K"", ""gender=Male"": "">50K""}","{""gender=Female"": {""alpha"": 1.0, ""margin"": 0.2284995504684439, ""p_observed"": 0.6142497752342219, ""prior_probability"": 0.00186219739292365, ""score"": 0.6142497752342219}, ""gender=Male"": {""alpha"": 1.0, ""margin"": 0.526064608914248, ""p_observed"": 0.763032304457124, ""prior_probability"": 0.9981378026070763, ""score"": 0.763032304457124}}","{""gender=Female"": {""alpha"": 1.0, ""margin"": 0.2284995504684439, ""p_observed"": 0.6142497752342219, ""prior_probability"": 0.00186219739292365, ""score"": 0.2284995504684439}, ""gender=Male"": {""alpha"": 1.0, ""margin"": 0.526064608914248, ""p_observed"": 0.763032304457124, ""prior_probability"": 0.9981378026070763, ""score"": 0.526064608914248}}","{""gender=Female"": {""alpha"": 0.0, ""margin"": 0.2284995504684439, ""p_observed"": 0.6142497752342219, ""prior_probability"": 0.00186219739292365, ""score"": -6.285998094508865}, ""gender=Male"": {""alpha"": 0.0, ""margin"": 0.526064608914248, ""p_observed"": 0.763032304457124, ""prior_probability"": 0.9981378026070763, ""score"": -0.0018639334380627533}}"
109,Female,White,gender=Female,<=50K,"{""age"": ""59"", ""workclass"": ""State-gov"", ""fnlwgt"": ""49230"", ""education"": ""HS-grad"", ""educational-num"": ""9"", ""marital-status"": ""Widowed"", ""occupation"": ""Adm-clerical"", ""relationship"": ""Not-in-family"", ""race"": ""White"", ""capital-gain"": ""0"", ""capital-loss"": ""0"", ""hours-per-week"": ""40"", ""native-country"": ""United-States""}",gender=Male,gender=Female,gender=Female,,gender=Female,gender=Female,gender=Female,0,<=50K | Not-in-family | Widowed | HS-grad | State-gov,2,2,"{""gender=Female"": ""<=50K"", ""gender=Male"": ""<=50K""}","{""gender=Female"": {""alpha"": 1.0, ""margin"": 0.9271811642753425, ""p_observed"": 0.9635905821376711, ""prior_probability"": 0.9512195121951219, ""score"": 0.9635905821376711}, ""gender=Male"": {""alpha"": 1.0, ""margin"": 0.8597839714500783, ""p_observed"": 0.929891985725039, ""prior_probability"": 0.04878048780487805, ""score"": 0.929891985725039}}","{""gender=Female"": {""alpha"": 1.0, ""margin"": 0.9271811642753425, ""p_observed"": 0.9635905821376711, ""prior_probability"": 0.9512195121951219, ""score"": 0.9271811642753425}, ""gender=Male"": {""alpha"": 1.0, ""margin"": 0.8597839714500783, ""p_observed"": 0.929891985725039, ""prior_probability"": 0.04878048780487805, ""score"": 0.8597839714500783}}","{""gender=Female"": {""alpha"": 0.0, ""margin"": 0.9271811642753425, ""p_observed"": 0.9635905821376711, ""prior_probability"": 0.9512195121951219, ""score"": -0.05001042057466142}, ""gender=Male"": {""alpha"": 0.0, ""margin"": 0.8597839714500783, ""p_observed"": 0.929891985725039, ""prior_probability"": 0.04878048780487805, ""score"": -3.0204248861443626}}"
110,Female,White,gender=Female,<=50K,"{""age"": ""58"", ""workclass"": ""Private"", ""fnlwgt"": ""180980"", ""education"": ""Some-college"", ""educational-num"": ""10"", ""marital-status"": ""Divorced"", ""occupation"": ""Other-service"", ""relationship"": ""Unmarried"", ""race"": ""White"", ""capital-gain"": ""0"", ""capital-loss"": ""0"", ""hours-per-week"": ""42"", ""native-country"": ""France""}",gender=Male,gender=Female,gender=Female,,gender=Female,gender=Female,gender=Female,0,<=50K | Unmarried | Divorced | Some-college | Private,2,2,"{""gender=Female"": ""<=50K"", ""gender=Male"": ""<=50K""}","{""gender=Female"": {""alpha"": 1.0, ""margin"": 0.9474146500598918, ""p_observed"": 0.9737073250299462, ""prior_probability"": 0.8571428571428571, ""score"": 0.9737073250299462}, ""gender=Male"": {""alpha"": 1.0, ""margin"": 0.8335068826235104, ""p_observed"": 0.9167534413117553, ""prior_probability"": 0.14285714285714285, ""score"": 0.9167534413117553}}","{""gender=Female"": {""alpha"": 1.0, ""margin"": 0.9474146500598918, ""p_observed"": 0.9737073250299462, ""prior_probability"": 0.8571428571428571, ""score"": 0.9474146500598918}, ""gender=Male"": {""alpha"": 1.0, ""margin"": 0.8335068826235104, ""p_observed"": 0.9167534413117553, ""prior_probability"": 0.14285714285714285, ""score"": 0.8335068826235104}}","{""gender=Female"": {""alpha"": 0.0, ""margin"": 0.9474146500598918, ""p_observed"": 0.9737073250299462, ""prior_probability"": 0.8571428571428571, ""score"": -0.15415067982725836}, ""gender=Male"": {""alpha"": 0.0, ""margin"": 0.8335068826235104, ""p_observed"": 0.9167534413117553, ""prior_probability"": 0.14285714285714285, ""score"": -1.9459101490553135}}"
111,Male,White,gender=Male,<=50K,"{""age"": ""33"", ""workclass"": ""Private"", ""fnlwgt"": ""183017"", ""education"": ""HS-grad"", ""educational-num"": ""9"", ""marital-status"": ""Married-civ-spouse"", ""occupation"": ""Protective-serv"", ""relationship"": ""Husband"", ""race"": ""White"", ""capital-gain"": ""0"", ""capital-loss"": ""0"", ""hours-per-week"": ""32"", ""native-country"": ""United-States""}",gender=Male,gender=Male,gender=Male,,gender=Female,gender=Female,gender=Male,0,<=50K | Husband | Married-civ-spouse | HS-grad | Private,2,2,"{""gender=Female"": ""<=50K"", ""gender=Male"": ""<=50K""}","{""gender=Female"": {""alpha"": 1.0, ""margin"": 0.5978215096062363, ""p_observed"": 0.7989107548031181, ""prior_probability"": 0.017543859649122806, ""score"": 0.7989107548031181}, ""gender=Male"": {""alpha"": 1.0, ""margin"": 0.5422423163324208, ""p_observed"": 0.7711211581662103, ""prior_probability"": 0.9824561403508771, ""score"": 0.7711211581662103}}","{""gender=Female"": {""alpha"": 1.0, ""margin"": 0.5978215096062363, ""p_observed"": 0.7989107548031181, ""prior_probability"": 0.017543859649122806, ""score"": 0.5978215096062363}, ""gender=Male"": {""alpha"": 1.0, ""margin"": 0.5422423163324208, ""p_observed"": 0.7711211581662103, ""prior_probability"": 0.9824561403508771, ""score"": 0.5422423163324208}}","{""gender=Female"": {""alpha"": 0.0, ""margin"": 0.5978215096062363, ""p_observed"": 0.7989107548031181, ""prior_probability"": 0.017543859649122806, ""score"": -4.04305126783455}, ""gender=Male"": {""alpha"": 0.0, ""margin"": 0.5422423163324208, ""p_observed"": 0.7711211581662103, ""prior_probability"": 0.9824561403508771, ""score"": -0.017699577099400975}}"
112,Male,White,gender=Male,<=50K,"{""age"": ""58"", ""workclass"": ""Private"", ""fnlwgt"": ""111209"", ""education"": ""HS-grad"", ""educational-num"": ""9"", ""marital-status"": ""Married-civ-spouse"", ""occupation"": ""Farming-fishing"", ""relationship"": ""Husband"", ""race"": ""White"", ""capital-gain"": ""0"", ""capital-loss"": ""0"", ""hours-per-week"": ""45"", ""native-country"": ""United-States""}",gender=Male,gender=Male,gender=Male,,gender=Female,gender=Female,gender=Male,0,<=50K | Husband | Married-civ-spouse | HS-grad | Private,2,2,"{""gender=Female"": ""<=50K"", ""gender=Male"": ""<=50K""}","{""gender=Female"": {""alpha"": 1.0, ""margin"": 0.46619267697480454, ""p_observed"": 0.7330963384874021, ""prior_probability"": 0.0056179775280898875, ""score"": 0.7330963384874021}, ""gender=Male"": {""alpha"": 1.0, ""margin"": 0.4016279865279442, ""p_observed"": 0.700813993263972, ""prior_probability"": 0.9943820224719101, ""score"": 0.700813993263972}}","{""gender=Female"": {""alpha"": 1.0, ""margin"": 0.46619267697480454, ""p_observed"": 0.7330963384874021, ""prior_probability"": 0.0056179775280898875, ""score"": 0.46619267697480454}, ""gender=Male"": {""alpha"": 1.0, ""margin"": 0.4016279865279442, ""p_observed"": 0.700813993263972, ""prior_probability"": 0.9943820224719101, ""score"": 0.4016279865279442}}","{""gender=Female"": {""alpha"": 0.0, ""margin"": 0.46619267697480454, ""p_observed"": 0.7330963384874021, ""prior_probability"": 0.0056179775280898875, ""score"": -5.181783550292085}, ""gender=Male"": {""alpha"": 0.0, ""margin"": 0.4016279865279442, ""p_observed"": 0.700813993263972, ""prior_probability"": 0.9943820224719101, ""score"": -0.00563381771825602}}"
113,Female,White,gender=Female,<=50K,"{""age"": ""37"", ""workclass"": ""Private"", ""fnlwgt"": ""33440"", ""education"": ""HS-grad"", ""educational-num"": ""9"", ""marital-status"": ""Separated"", ""occupation"": ""Other-service"", ""relationship"": ""Unmarried"", ""race"": ""White"", ""capital-gain"": ""0"", ""capital-loss"": ""0"", ""hours-per-week"": ""40"", ""native-country"": ""United-States""}",gender=Male,gender=Female,gender=Female,,gender=Female,gender=Female,gender=Female,0,<=50K | Unmarried | Separated | HS-grad | Private,2,2,"{""gender=Female"": ""<=50K"", ""gender=Male"": ""<=50K""}","{""gender=Female"": {""alpha"": 1.0, ""margin"": 0.9660455720346391, ""p_observed"": 0.9830227860173195, ""prior_probability"": 0.9722222222222222, ""score"": 0.9830227860173195}, ""gender=Male"": {""alpha"": 1.0, ""margin"": 0.8843618545438201, ""p_observed"": 0.94218092727191, ""prior_probability"": 0.027777777777777776, ""score"": 0.94218092727191}}","{""gender=Female"": {""alpha"": 1.0, ""margin"": 0.9660455720346391, ""p_observed"": 0.9830227860173195, ""prior_probability"": 0.9722222222222222, ""score"": 0.9660455720346391}, ""gender=Male"": {""alpha"": 1.0, ""margin"": 0.8843618545438201, ""p_observed"": 0.94218092727191, ""prior_probability"": 0.027777777777777776, ""score"": 0.8843618545438201}}","{""gender=Female"": {""alpha"": 0.0, ""margin"": 0.9660455720346391, ""p_observed"": 0.9830227860173195, ""prior_probability"": 0.9722222222222222, ""score"": -0.028170876966696335}, ""gender=Male"": {""alpha"": 0.0, ""margin"": 0.8843618545438201, ""p_observed"": 0.94218092727191, ""prior_probability"": 0.027777777777777776, ""score"": -3.58351893845611}}"
114,Female,White,gender=Female,<=50K,"{""age"": ""33"", ""workclass"": ""Self-emp-inc"", ""fnlwgt"": ""182714"", ""education"": ""Bachelors"", ""educational-num"": ""13"", ""marital-status"": ""Never-married"", ""occupation"": ""Prof-specialty"", ""relationship"": ""Not-in-family"", ""race"": ""White"", ""capital-gain"": ""0"", ""capital-loss"": ""0"", ""hours-per-week"": ""40"", ""native-country"": ""United-States""}",gender=Male,gender=Female,gender=Female,,gender=Female,gender=Female,gender=Female,0,<=50K | Not-in-family | Never-married | Bachelors | Self-emp-inc,2,2,"{""gender=Female"": ""<=50K"", ""gender=Male"": ""<=50K""}","{""gender=Female"": {""alpha"": 1.0, ""margin"": 0.7901740201705171, ""p_observed"": 0.8950870100852587, ""prior_probability"": 0.5366666666666666, ""score"": 0.8950870100852587}, ""gender=Male"": {""alpha"": 1.0, ""margin"": 0.6747505833535014, ""p_observed"": 0.8373752916767506, ""prior_probability"": 0.4633333333333333, ""score"": 0.8373752916767506}}","{""gender=Female"": {""alpha"": 1.0, ""margin"": 0.7901740201705171, ""p_observed"": 0.8950870100852587, ""prior_probability"": 0.5366666666666666, ""score"": 0.7901740201705171}, ""gender=Male"": {""alpha"": 1.0, ""margin"": 0.6747505833535014, ""p_observed"": 0.8373752916767506, ""prior_probability"": 0.4633333333333333, ""score"": 0.6747505833535014}}","{""gender=Female"": {""alpha"": 0.0, ""margin"": 0.7901740201705171, ""p_observed"": 0.8950870100852587, ""prior_probability"": 0.5366666666666666, ""score"": -0.6223781096717381}, ""gender=Male"": {""alpha"": 0.0, ""margin"": 0.6747505833535014, ""p_observed"": 0.8373752916767506, ""prior_probability"": 0.4633333333333333, ""score"": -0.7693085415255093}}"
115,Male,White,gender=Male,>50K,"{""age"": ""40"", ""workclass"": ""Private"", ""fnlwgt"": ""110862"", ""education"": ""Bachelors"", ""educational-num"": ""13"", ""marital-status"": ""Married-civ-spouse"", ""occupation"": ""Sales"", ""relationship"": ""Husband"", ""race"": ""White"", ""capital-gain"": ""0"", ""capital-loss"": ""0"", ""hours-per-week"": ""50"", ""native-country"": ""United-States""}",gender=Male,gender=Male,gender=Male,gender=Male,gender=Male,gender=Male,gender=Male,1,>50K | Husband | Married-civ-spouse | Bachelors | Private,2,2,"{""gender=Female"": "">50K"", ""gender=Male"": "">50K""}","{""gender=Female"": {""alpha"": 1.0, ""margin"": 0.13389788686731818, ""p_observed"": 0.566948943433659, ""prior_probability"": 0.003472222222222222, ""score"": 0.566948943433659}, ""gender=Male"": {""alpha"": 1.0, ""margin"": 0.3521190875864383, ""p_observed"": 0.6760595437932191, ""prior_probability"": 0.9965277777777778, ""score"": 0.6760595437932191}}","{""gender=Female"": {""alpha"": 1.0, ""margin"": 0.13389788686731818, ""p_observed"": 0.566948943433659, ""prior_probability"": 0.003472222222222222, ""score"": 0.13389788686731818}, ""gender=Male"": {""alpha"": 1.0, ""margin"": 0.3521190875864383, ""p_observed"": 0.6760595437932191, ""prior_probability"": 0.9965277777777778, ""score"": 0.3521190875864383}}","{""gender=Female"": {""alpha"": 0.0, ""margin"": 0.13389788686731818, ""p_observed"": 0.566948943433659, ""prior_probability"": 0.003472222222222222, ""score"": -5.662960480135946}, ""gender=Male"": {""alpha"": 0.0, ""margin"": 0.3521190875864383, ""p_observed"": 0.6760595437932191, ""prior_probability"": 0.9965277777777778, ""score"": -0.0034782643763248086}}"
116,Male,Black,gender=Male,<=50K,"{""age"": ""33"", ""workclass"": ""Private"", ""fnlwgt"": ""165814"", ""education"": ""HS-grad"", ""educational-num"": ""9"", ""marital-status"": ""Married-civ-spouse"", ""occupation"": ""Other-service"", ""relationship"": ""Husband"", ""race"": ""Black"", ""capital-gain"": ""0"", ""capital-loss"": ""0"", ""hours-per-week"": ""40"", ""native-country"": ""United-States""}",gender=Male,gender=Male,gender=Male,,gender=Female,gender=Female,gender=Male,0,<=50K | Husband | Married-civ-spouse | HS-grad | Private,2,2,"{""gender=Female"": ""<=50K"", ""gender=Male"": ""<=50K""}","{""gender=Female"": {""alpha"": 1.0, ""margin"": 0.6937582938439981, ""p_observed"": 0.8468791469219991, ""prior_probability"": 0.005813953488372093, ""score"": 0.8468791469219991}, ""gender=Male"": {""alpha"": 1.0, ""margin"": 0.6536530003104911, ""p_observed"": 0.8268265001552455, ""prior_probability"": 0.9941860465116279, ""score"": 0.8268265001552455}}","{""gender=Female"": {""alpha"": 1.0, ""margin"": 0.6937582938439981, ""p_observed"": 0.8468791469219991, ""prior_probability"": 0.005813953488372093, ""score"": 0.6937582938439981}, ""gender=Male"": {""alpha"": 1.0, ""margin"": 0.6536530003104911, ""p_observed"": 0.8268265001552455, ""prior_probability"": 0.9941860465116279, ""score"": 0.6536530003104911}}","{""gender=Female"": {""alpha"": 0.0, ""margin"": 0.6937582938439981, ""p_observed"": 0.8468791469219991, ""prior_probability"": 0.005813953488372093, ""score"": -5.147494476813453}, ""gender=Male"": {""alpha"": 0.0, ""margin"": 0.6536530003104911, ""p_observed"": 0.8268265001552455, ""prior_probability"": 0.9941860465116279, ""score"": -0.00583092031079321}}"
117,Male,Black,gender=Male,>50K,"{""age"": ""45"", ""workclass"": ""Private"", ""fnlwgt"": ""99355"", ""education"": ""HS-grad"", ""educational-num"": ""9"", ""marital-status"": ""Married-civ-spouse"", ""occupation"": ""Protective-serv"", ""relationship"": ""Husband"", ""race"": ""Black"", ""capital-gain"": ""0"", ""capital-loss"": ""0"", ""hours-per-week"": ""40"", ""native-country"": ""United-States""}",gender=Male,gender=Male,gender=Male,gender=Male,gender=Male,gender=Male,gender=Male,1,>50K | Husband | Married-civ-spouse | HS-grad | Private,2,2,"{""gender=Female"": ""<=50K"", ""gender=Male"": ""<=50K""}","{""gender=Female"": {""alpha"": 1.0, ""margin"": -0.4620095802786599, ""p_observed"": 0.26899520986066994, ""prior_probability"": 0.02631578947368421, ""score"": 0.26899520986066994}, ""gender=Male"": {""alpha"": 1.0, ""margin"": -0.39345459277208245, ""p_observed"": 0.3032727036139587, ""prior_probability"": 0.9736842105263158, ""score"": 0.3032727036139587}}","{""gender=Female"": {""alpha"": 1.0, ""margin"": -0.4620095802786599, ""p_observed"": 0.26899520986066994, ""prior_probability"": 0.02631578947368421, ""score"": -0.4620095802786599}, ""gender=Male"": {""alpha"": 1.0, ""margin"": -0.39345459277208245, ""p_observed"": 0.3032727036139587, ""prior_probability"": 0.9736842105263158, ""score"": -0.39345459277208245}}","{""gender=Female"": {""alpha"": 0.0, ""margin"": -0.4620095802786599, ""p_observed"": 0.26899520986066994, ""prior_probability"": 0.02631578947368421, ""score"": -3.6375861597263857}, ""gender=Male"": {""alpha"": 0.0, ""margin"": -0.39345459277208245, ""p_observed"": 0.3032727036139587, ""prior_probability"": 0.9736842105263158, ""score"": -0.026668247082161294}}"
118,Male,White,gender=Male,<=50K,"{""age"": ""28"", ""workclass"": ""Private"", ""fnlwgt"": ""200733"", ""education"": ""HS-grad"", ""educational-num"": ""9"", ""marital-status"": ""Married-civ-spouse"", ""occupation"": ""Craft-repair"", ""relationship"": ""Husband"", ""race"": ""White"", ""capital-gain"": ""0"", ""capital-loss"": ""0"", ""hours-per-week"": ""40"", ""native-country"": ""United-States""}",gender=Male,gender=Male,gender=Male,,gender=Female,gender=Female,gender=Male,0,<=50K | Husband | Married-civ-spouse | HS-grad | Private,2,2,"{""gender=Female"": ""<=50K"", ""gender=Male"": ""<=50K""}","{""gender=Female"": {""alpha"": 1.0, ""margin"": 0.6205660613740354, ""p_observed"": 0.8102830306870177, ""prior_probability"": 0.001364256480218281, ""score"": 0.8102830306870177}, ""gender=Male"": {""alpha"": 1.0, ""margin"": 0.5689431528464519, ""p_observed"": 0.784471576423226, ""prior_probability"": 0.9986357435197817, ""score"": 0.784471576423226}}","{""gender=Female"": {""alpha"": 1.0, ""margin"": 0.6205660613740354, ""p_observed"": 0.8102830306870177, ""prior_probability"": 0.001364256480218281, ""score"": 0.6205660613740354}, ""gender=Male"": {""alpha"": 1.0, ""margin"": 0.5689431528464519, ""p_observed"": 0.784471576423226, ""prior_probability"": 0.9986357435197817, ""score"": 0.5689431528464519}}","{""gender=Female"": {""alpha"": 0.0, ""margin"": 0.6205660613740354, ""p_observed"": 0.8102830306870177, ""prior_probability"": 0.001364256480218281, ""score"": -6.597145701886651}, ""gender=Male"": {""alpha"": 0.0, ""margin"": 0.5689431528464519, ""p_observed"": 0.784471576423226, ""prior_probability"": 0.9986357435197817, ""score"": -0.00136518792533997}}"
119,Male,White,gender=Male,>50K,"{""age"": ""35"", ""workclass"": ""Private"", ""fnlwgt"": ""278403"", ""education"": ""Prof-school"", ""educational-num"": ""15"", ""marital-status"": ""Married-civ-spouse"", ""occupation"": ""Prof-specialty"", ""relationship"": ""Husband"", ""race"": ""White"", ""capital-gain"": ""0"", ""capital-loss"": ""0"", ""hours-per-week"": ""80"", ""native-country"": ""United-States""}",gender=Male,gender=Male,gender=Male,,gender=Male,gender=Male,gender=Male,0,>50K | Husband | Married-civ-spouse | Prof-school | Private,2,2,"{""gender=Female"": "">50K"", ""gender=Male"": "">50K""}","{""gender=Female"": {""alpha"": 1.0, ""margin"": 0.453092094526861, ""p_observed"": 0.7265460472634305, ""prior_probability"": 0.004132231404958678, ""score"": 0.7265460472634305}, ""gender=Male"": {""alpha"": 1.0, ""margin"": 0.5641677205652742, ""p_observed"": 0.7820838602826371, ""prior_probability"": 0.9958677685950413, ""score"": 0.7820838602826371}}","{""gender=Female"": {""alpha"": 1.0, ""margin"": 0.453092094526861, ""p_observed"": 0.7265460472634305, ""prior_probability"": 0.004132231404958678, ""score"": 0.453092094526861}, ""gender=Male"": {""alpha"": 1.0, ""margin"": 0.5641677205652742, ""p_observed"": 0.7820838602826371, ""prior_probability"": 0.9958677685950413, ""score"": 0.5641677205652742}}","{""gender=Female"": {""alpha"": 0.0, ""margin"": 0.453092094526861, ""p_observed"": 0.7265460472634305, ""prior_probability"": 0.004132231404958678, ""score"": -5.488937726156687}, ""gender=Male"": {""alpha"": 0.0, ""margin"": 0.5641677205652742, ""p_observed"": 0.7820838602826371, ""prior_probability"": 0.9958677685950413, ""score"": -0.004140792666031388}}"
120,Male,White,gender=Male,>50K,"{""age"": ""38"", ""workclass"": ""Private"", ""fnlwgt"": ""105150"", ""education"": ""Bachelors"", ""educational-num"": ""13"", ""marital-status"": ""Married-civ-spouse"", ""occupation"": ""Prof-specialty"", ""relationship"": ""Husband"", ""race"": ""White"", ""capital-gain"": ""0"", ""capital-loss"": ""0"", ""hours-per-week"": ""45"", ""native-country"": ""United-States""}",gender=Male,gender=Male,gender=Male,gender=Male,gender=Male,gender=Male,gender=Male,1,>50K | Husband | Married-civ-spouse | Bachelors | Private,2,2,"{""gender=Female"": "">50K"", ""gender=Male"": "">50K""}","{""gender=Female"": {""alpha"": 1.0, ""margin"": 0.17135025566917111, ""p_observed"": 0.5856751278345855, ""prior_probability"": 0.0029069767441860465, ""score"": 0.5856751278345855}, ""gender=Male"": {""alpha"": 1.0, ""margin"": 0.3527142846202977, ""p_observed"": 0.6763571423101487, ""prior_probability"": 0.997093023255814, ""score"": 0.6763571423101487}}","{""gender=Female"": {""alpha"": 1.0, ""margin"": 0.17135025566917111, ""p_observed"": 0.5856751278345855, ""prior_probability"": 0.0029069767441860465, ""score"": 0.17135025566917111}, ""gender=Male"": {""alpha"": 1.0, ""margin"": 0.3527142846202977, ""p_observed"": 0.6763571423101487, ""prior_probability"": 0.997093023255814, ""score"": 0.3527142846202977}}","{""gender=Female"": {""alpha"": 0.0, ""margin"": 0.17135025566917111, ""p_observed"": 0.5856751278345855, ""prior_probability"": 0.0029069767441860465, ""score"": -5.840641657373398}, ""gender=Male"": {""alpha"": 0.0, ""margin"": 0.3527142846202977, ""p_observed"": 0.6763571423101487, ""prior_probability"": 0.997093023255814, ""score"": -0.0029112102074584415}}"
121,Male,White,gender=Male,<=50K,"{""age"": ""35"", ""workclass"": ""Self-emp-not-inc"", ""fnlwgt"": ""114366"", ""education"": ""Bachelors"", ""educational-num"": ""13"", ""marital-status"": ""Married-civ-spouse"", ""occupation"": ""Prof-specialty"", ""relationship"": ""Husband"", ""race"": ""White"", ""capital-gain"": ""0"", ""capital-loss"": ""0"", ""hours-per-week"": ""40"", ""native-country"": ""United-States""}",gender=Male,gender=Male,gender=Male,,gender=Female,gender=Female,gender=Male,0,<=50K | Husband | Married-civ-spouse | Bachelors | Self-emp-not-inc,2,2,"{""gender=Female"": "">50K"", ""gender=Male"": "">50K""}","{""gender=Female"": {""alpha"": 1.0, ""margin"": -0.10705686750357785, ""p_observed"": 0.4464715662482111, ""prior_probability"": 0.00625, ""score"": 0.4464715662482111}, ""gender=Male"": {""alpha"": 1.0, ""margin"": -0.23671262346197025, ""p_observed"": 0.3816436882690149, ""prior_probability"": 0.99375, ""score"": 0.3816436882690149}}","{""gender=Female"": {""alpha"": 1.0, ""margin"": -0.10705686750357785, ""p_observed"": 0.4464715662482111, ""prior_probability"": 0.00625, ""score"": -0.10705686750357785}, ""gender=Male"": {""alpha"": 1.0, ""margin"": -0.23671262346197025, ""p_observed"": 0.3816436882690149, ""prior_probability"": 0.99375, ""score"": -0.23671262346197025}}","{""gender=Female"": {""alpha"": 0.0, ""margin"": -0.10705686750357785, ""p_observed"": 0.4464715662482111, ""prior_probability"": 0.00625, ""score"": -5.075173815233827}, ""gender=Male"": {""alpha"": 0.0, ""margin"": -0.23671262346197025, ""p_observed"": 0.3816436882690149, ""prior_probability"": 0.99375, ""score"": -0.006269613013595374}}"
122,Male,Asian-Pac-Islander,gender=Male,<=50K,"{""age"": ""30"", ""workclass"": ""State-gov"", ""fnlwgt"": ""137613"", ""education"": ""Masters"", ""educational-num"": ""14"", ""marital-status"": ""Married-civ-spouse"", ""occupation"": ""Prof-specialty"", ""relationship"": ""Husband"", ""race"": ""Asian-Pac-Islander"", ""capital-gain"": ""0"", ""capital-loss"": ""0"", ""hours-per-week"": ""20"", ""native-country"": ""Taiwan""}",gender=Male,gender=Male,gender=Male,,gender=Male,gender=Male,gender=Male,0,<=50K | Husband | Married-civ-spouse | Masters | State-gov,2,2,"{""gender=Female"": ""<=50K"", ""gender=Male"": ""<=50K""}","{""gender=Female"": {""alpha"": 1.0, ""margin"": 0.21832851827316513, ""p_observed"": 0.6091642591365826, ""prior_probability"": 0.009900990099009901, ""score"": 0.6091642591365826}, ""gender=Male"": {""alpha"": 1.0, ""margin"": 0.2893201022675748, ""p_observed"": 0.6446600511337874, ""prior_probability"": 0.9900990099009901, ""score"": 0.6446600511337874}}","{""gender=Female"": {""alpha"": 1.0, ""margin"": 0.21832851827316513, ""p_observed"": 0.6091642591365826, ""prior_probability"": 0.009900990099009901, ""score"": 0.21832851827316513}, ""gender=Male"": {""alpha"": 1.0, ""margin"": 0.2893201022675748, ""p_observed"": 0.6446600511337874, ""prior_probability"": 0.9900990099009901, ""score"": 0.2893201022675748}}","{""gender=Female"": {""alpha"": 0.0, ""margin"": 0.21832851827316513, ""p_observed"": 0.6091642591365826, ""prior_probability"": 0.009900990099009901, ""score"": -4.61512051684126}, ""gender=Male"": {""alpha"": 0.0, ""margin"": 0.2893201022675748, ""p_observed"": 0.6446600511337874, ""prior_probability"": 0.9900990099009901, ""score"": -0.009950330853168092}}"
123,Male,White,gender=Male,>50K,"{""age"": ""33"", ""workclass"": ""Private"", ""fnlwgt"": ""193285"", ""education"": ""Bachelors"", ""educational-num"": ""13"", ""marital-status"": ""Married-civ-spouse"", ""occupation"": ""Prof-specialty"", ""relationship"": ""Husband"", ""race"": ""White"", ""capital-gain"": ""0"", ""capital-loss"": ""0"", ""hours-per-week"": ""38"", ""native-country"": ""United-States""}",gender=Male,gender=Male,gender=Male,gender=Male,gender=Male,gender=Male,gender=Male,1,>50K | Husband | Married-civ-spouse | Bachelors | Private,2,2,"{""gender=Female"": "">50K"", ""gender=Male"": "">50K""}","{""gender=Female"": {""alpha"": 1.0, ""margin"": 0.08215645192733056, ""p_observed"": 0.5410782259636653, ""prior_probability"": 0.0029069767441860465, ""score"": 0.5410782259636653}, ""gender=Male"": {""alpha"": 1.0, ""margin"": 0.22033151618943636, ""p_observed"": 0.6101657580947181, ""prior_probability"": 0.997093023255814, ""score"": 0.6101657580947181}}","{""gender=Female"": {""alpha"": 1.0, ""margin"": 0.08215645192733056, ""p_observed"": 0.5410782259636653, ""prior_probability"": 0.0029069767441860465, ""score"": 0.08215645192733056}, ""gender=Male"": {""alpha"": 1.0, ""margin"": 0.22033151618943636, ""p_observed"": 0.6101657580947181, ""prior_probability"": 0.997093023255814, ""score"": 0.22033151618943636}}","{""gender=Female"": {""alpha"": 0.0, ""margin"": 0.08215645192733056, ""p_observed"": 0.5410782259636653, ""prior_probability"": 0.0029069767441860465, ""score"": -5.840641657373398}, ""gender=Male"": {""alpha"": 0.0, ""margin"": 0.22033151618943636, ""p_observed"": 0.6101657580947181, ""prior_probability"": 0.997093023255814, ""score"": -0.0029112102074584415}}"
124,Female,White,gender=Female,<=50K,"{""age"": ""26"", ""workclass"": ""State-gov"", ""fnlwgt"": ""169323"", ""education"": ""Masters"", ""educational-num"": ""14"", ""marital-status"": ""Never-married"", ""occupation"": ""Prof-specialty"", ""relationship"": ""Not-in-family"", ""race"": ""White"", ""capital-gain"": ""0"", ""capital-loss"": ""0"", ""hours-per-week"": ""40"", ""native-country"": ""United-States""}",gender=Male,gender=Female,gender=Female,,gender=Female,gender=Female,gender=Female,0,<=50K | Not-in-family | Never-married | Masters | State-gov,2,2,"{""gender=Female"": ""<=50K"", ""gender=Male"": ""<=50K""}","{""gender=Female"": {""alpha"": 1.0, ""margin"": 0.8823425343699128, ""p_observed"": 0.9411712671849564, ""prior_probability"": 0.5878378378378378, ""score"": 0.9411712671849564}, ""gender=Male"": {""alpha"": 1.0, ""margin"": 0.8135230449631848, ""p_observed"": 0.9067615224815924, ""prior_probability"": 0.41216216216216217, ""score"": 0.9067615224815924}}","{""gender=Female"": {""alpha"": 1.0, ""margin"": 0.8823425343699128, ""p_observed"": 0.9411712671849564, ""prior_probability"": 0.5878378378378378, ""score"": 0.8823425343699128}, ""gender=Male"": {""alpha"": 1.0, ""margin"": 0.8135230449631848, ""p_observed"": 0.9067615224815924, ""prior_probability"": 0.41216216216216217, ""score"": 0.8135230449631848}}","{""gender=Female"": {""alpha"": 0.0, ""margin"": 0.8823425343699128, ""p_observed"": 0.9411712671849564, ""prior_probability"": 0.5878378378378378, ""score"": -0.5313041551095313}, ""gender=Male"": {""alpha"": 0.0, ""margin"": 0.8135230449631848, ""p_observed"": 0.9067615224815924, ""prior_probability"": 0.41216216216216217, ""score"": -0.8863384095908038}}"
125,Female,White,gender=Female,<=50K,"{""age"": ""51"", ""workclass"": ""Private"", ""fnlwgt"": ""162988"", ""education"": ""10th"", ""educational-num"": ""6"", ""marital-status"": ""Divorced"", ""occupation"": ""Other-service"", ""relationship"": ""Unmarried"", ""race"": ""White"", ""capital-gain"": ""0"", ""capital-loss"": ""0"", ""hours-per-week"": ""25"", ""native-country"": ""United-States""}",gender=Male,gender=Female,gender=Female,,gender=Female,gender=Female,gender=Female,0,<=50K | Unmarried | Divorced | 10th | Private,2,2,"{""gender=Female"": ""<=50K"", ""gender=Male"": ""<=50K""}","{""gender=Female"": {""alpha"": 1.0, ""margin"": 0.9764220255349363, ""p_observed"": 0.9882110127674683, ""prior_probability"": 0.8571428571428571, ""score"": 0.9882110127674683}, ""gender=Male"": {""alpha"": 1.0, ""margin"": 0.9306195035572032, ""p_observed"": 0.9653097517786016, ""prior_probability"": 0.14285714285714285, ""score"": 0.9653097517786016}}","{""gender=Female"": {""alpha"": 1.0, ""margin"": 0.9764220255349363, ""p_observed"": 0.9882110127674683, ""prior_probability"": 0.8571428571428571, ""score"": 0.9764220255349363}, ""gender=Male"": {""alpha"": 1.0, ""margin"": 0.9306195035572032, ""p_observed"": 0.9653097517786016, ""prior_probability"": 0.14285714285714285, ""score"": 0.9306195035572032}}","{""gender=Female"": {""alpha"": 0.0, ""margin"": 0.9764220255349363, ""p_observed"": 0.9882110127674683, ""prior_probability"": 0.8571428571428571, ""score"": -0.15415067982725836}, ""gender=Male"": {""alpha"": 0.0, ""margin"": 0.9306195035572032, ""p_observed"": 0.9653097517786016, ""prior_probability"": 0.14285714285714285, ""score"": -1.9459101490553135}}"
126,Male,White,gender=Male,<=50K,"{""age"": ""34"", ""workclass"": ""Private"", ""fnlwgt"": ""119153"", ""education"": ""11th"", ""educational-num"": ""7"", ""marital-status"": ""Married-civ-spouse"", ""occupation"": ""Transport-moving"", ""relationship"": ""Husband"", ""race"": ""White"", ""capital-gain"": ""0"", ""capital-loss"": ""0"", ""hours-per-week"": ""50"", ""native-country"": ""United-States""}",gender=Male,gender=Male,gender=Male,,gender=Female,gender=Female,gender=Male,0,<=50K | Husband | Married-civ-spouse | 11th | Private,2,2,"{""gender=Female"": ""<=50K"", ""gender=Male"": ""<=50K""}","{""gender=Female"": {""alpha"": 1.0, ""margin"": 0.566051935638335, ""p_observed"": 0.7830259678191673, ""prior_probability"": 0.024390243902439025, ""score"": 0.7830259678191673}, ""gender=Male"": {""alpha"": 1.0, ""margin"": 0.5288463977123243, ""p_observed"": 0.7644231988561622, ""prior_probability"": 0.975609756097561, ""score"": 0.7644231988561622}}","{""gender=Female"": {""alpha"": 1.0, ""margin"": 0.566051935638335, ""p_observed"": 0.7830259678191673, ""prior_probability"": 0.024390243902439025, ""score"": 0.566051935638335}, ""gender=Male"": {""alpha"": 1.0, ""margin"": 0.5288463977123243, ""p_observed"": 0.7644231988561622, ""prior_probability"": 0.975609756097561, ""score"": 0.5288463977123243}}","{""gender=Female"": {""alpha"": 0.0, ""margin"": 0.566051935638335, ""p_observed"": 0.7830259678191673, ""prior_probability"": 0.024390243902439025, ""score"": -3.713572066704308}, ""gender=Male"": {""alpha"": 0.0, ""margin"": 0.5288463977123243, ""p_observed"": 0.7644231988561622, ""prior_probability"": 0.975609756097561, ""score"": -0.02469261259037152}}"
127,Male,White,gender=Male,<=50K,"{""age"": ""48"", ""workclass"": ""Private"", ""fnlwgt"": ""348144"", ""education"": ""Some-college"", ""educational-num"": ""10"", ""marital-status"": ""Divorced"", ""occupation"": ""Transport-moving"", ""relationship"": ""Not-in-family"", ""race"": ""White"", ""capital-gain"": ""3325"", ""capital-loss"": ""0"", ""hours-per-week"": ""53"", ""native-country"": ""United-States""}",gender=Male,gender=Male,gender=Male,,gender=Female,gender=Female,gender=Male,0,<=50K | Not-in-family | Divorced | Some-college | Private,2,2,"{""gender=Female"": ""<=50K"", ""gender=Male"": ""<=50K""}","{""gender=Female"": {""alpha"": 1.0, ""margin"": 0.8366048084582371, ""p_observed"": 0.9183024042291186, ""prior_probability"": 0.2857142857142857, ""score"": 0.9183024042291186}, ""gender=Male"": {""alpha"": 1.0, ""margin"": 0.7685680264339559, ""p_observed"": 0.884284013216978, ""prior_probability"": 0.7142857142857143, ""score"": 0.884284013216978}}","{""gender=Female"": {""alpha"": 1.0, ""margin"": 0.8366048084582371, ""p_observed"": 0.9183024042291186, ""prior_probability"": 0.2857142857142857, ""score"": 0.8366048084582371}, ""gender=Male"": {""alpha"": 1.0, ""margin"": 0.7685680264339559, ""p_observed"": 0.884284013216978, ""prior_probability"": 0.7142857142857143, ""score"": 0.7685680264339559}}","{""gender=Female"": {""alpha"": 0.0, ""margin"": 0.8366048084582371, ""p_observed"": 0.9183024042291186, ""prior_probability"": 0.2857142857142857, ""score"": -1.252762968495368}, ""gender=Male"": {""alpha"": 0.0, ""margin"": 0.7685680264339559, ""p_observed"": 0.884284013216978, ""prior_probability"": 0.7142857142857143, ""score"": -0.3364722366212129}}"
128,Male,White,gender=Male,<=50K,"{""age"": ""43"", ""workclass"": ""Self-emp-inc"", ""fnlwgt"": ""188436"", ""education"": ""Masters"", ""educational-num"": ""14"", ""marital-status"": ""Married-civ-spouse"", ""occupation"": ""Exec-managerial"", ""relationship"": ""Husband"", ""race"": ""White"", ""capital-gain"": ""5013"", ""capital-loss"": ""0"", ""hours-per-week"": ""45"", ""native-country"": ""United-States""}",gender=Male,gender=Male,gender=Male,,gender=Female,gender=Female,gender=Male,0,<=50K | Husband | Married-civ-spouse | Masters | Self-emp-inc,2,2,"{""gender=Female"": "">50K"", ""gender=Male"": "">50K""}","{""gender=Female"": {""alpha"": 1.0, ""margin"": -0.2963507355847373, ""p_observed"": 0.3518246322076312, ""prior_probability"": 0.03125, ""score"": 0.3518246322076312}, ""gender=Male"": {""alpha"": 1.0, ""margin"": -0.4325689491540742, ""p_observed"": 0.28371552542296286, ""prior_probability"": 0.96875, ""score"": 0.28371552542296286}}","{""gender=Female"": {""alpha"": 1.0, ""margin"": -0.2963507355847373, ""p_observed"": 0.3518246322076312, ""prior_probability"": 0.03125, ""score"": -0.2963507355847373}, ""gender=Male"": {""alpha"": 1.0, ""margin"": -0.4325689491540742, ""p_observed"": 0.28371552542296286, ""prior_probability"": 0.96875, ""score"": -0.4325689491540742}}","{""gender=Female"": {""alpha"": 0.0, ""margin"": -0.2963507355847373, ""p_observed"": 0.3518246322076312, ""prior_probability"": 0.03125, ""score"": -3.4657359027997265}, ""gender=Male"": {""alpha"": 0.0, ""margin"": -0.4325689491540742, ""p_observed"": 0.28371552542296286, ""prior_probability"": 0.96875, ""score"": -0.0317486983145803}}"
129,Male,Black,gender=Male,<=50K,"{""age"": ""17"", ""workclass"": ""Private"", ""fnlwgt"": ""67444"", ""education"": ""11th"", ""educational-num"": ""7"", ""marital-status"": ""Never-married"", ""occupation"": ""Other-service"", ""relationship"": ""Other-relative"", ""race"": ""Black"", ""capital-gain"": ""0"", ""capital-loss"": ""0"", ""hours-per-week"": ""20"", ""native-country"": ""United-States""}",gender=Male,gender=Male,gender=Male,,gender=Female,gender=Female,gender=Male,0,<=50K | Other-relative | Never-married | 11th | Private,2,2,"{""gender=Female"": ""<=50K"", ""gender=Male"": ""<=50K""}","{""gender=Female"": {""alpha"": 1.0, ""margin"": 0.9951719933830634, ""p_observed"": 0.9975859966915317, ""prior_probability"": 0.3333333333333333, ""score"": 0.9975859966915317}, ""gender=Male"": {""alpha"": 1.0, ""margin"": 0.990923807288548, ""p_observed"": 0.995461903644274, ""prior_probability"": 0.6666666666666666, ""score"": 0.995461903644274}}","{""gender=Female"": {""alpha"": 1.0, ""margin"": 0.9951719933830634, ""p_observed"": 0.9975859966915317, ""prior_probability"": 0.3333333333333333, ""score"": 0.9951719933830634}, ""gender=Male"": {""alpha"": 1.0, ""margin"": 0.990923807288548, ""p_observed"": 0.995461903644274, ""prior_probability"": 0.6666666666666666, ""score"": 0.990923807288548}}","{""gender=Female"": {""alpha"": 0.0, ""margin"": 0.9951719933830634, ""p_observed"": 0.9975859966915317, ""prior_probability"": 0.3333333333333333, ""score"": -1.0986122886681098}, ""gender=Male"": {""alpha"": 0.0, ""margin"": 0.990923807288548, ""p_observed"": 0.995461903644274, ""prior_probability"": 0.6666666666666666, ""score"": -0.40546510810816444}}"
130,Male,Other,gender=Male,<=50K,"{""age"": ""17"", ""workclass"": ""Private"", ""fnlwgt"": ""289405"", ""education"": ""11th"", ""educational-num"": ""7"", ""marital-status"": ""Never-married"", ""occupation"": ""Machine-op-inspct"", ""relationship"": ""Own-child"", ""race"": ""Other"", ""capital-gain"": ""0"", ""capital-loss"": ""0"", ""hours-per-week"": ""12"", ""native-country"": ""United-States""}",gender=Male,gender=Male,gender=Male,,gender=Female,gender=Female,gender=Male,0,<=50K | Own-child | Never-married | 11th | Private,2,2,"{""gender=Female"": ""<=50K"", ""gender=Male"": ""<=50K""}","{""gender=Female"": {""alpha"": 1.0, ""margin"": 0.9951061982271145, ""p_observed"": 0.9975530991135573, ""prior_probability"": 0.16666666666666666, ""score"": 0.9975530991135573}, ""gender=Male"": {""alpha"": 1.0, ""margin"": 0.9939594980073375, ""p_observed"": 0.9969797490036687, ""prior_probability"": 0.8333333333333334, ""score"": 0.9969797490036687}}","{""gender=Female"": {""alpha"": 1.0, ""margin"": 0.9951061982271145, ""p_observed"": 0.9975530991135573, ""prior_probability"": 0.16666666666666666, ""score"": 0.9951061982271145}, ""gender=Male"": {""alpha"": 1.0, ""margin"": 0.9939594980073375, ""p_observed"": 0.9969797490036687, ""prior_probability"": 0.8333333333333334, ""score"": 0.9939594980073375}}","{""gender=Female"": {""alpha"": 0.0, ""margin"": 0.9951061982271145, ""p_observed"": 0.9975530991135573, ""prior_probability"": 0.16666666666666666, ""score"": -1.791759469228055}, ""gender=Male"": {""alpha"": 0.0, ""margin"": 0.9939594980073375, ""p_observed"": 0.9969797490036687, ""prior_probability"": 0.8333333333333334, ""score"": -0.1823215567939546}}"
131,Male,Black,gender=Male,<=50K,"{""age"": ""48"", ""workclass"": ""Private"", ""fnlwgt"": ""498328"", ""education"": ""10th"", ""educational-num"": ""6"", ""marital-status"": ""Married-civ-spouse"", ""occupation"": ""Transport-moving"", ""relationship"": ""Husband"", ""race"": ""Black"", ""capital-gain"": ""0"", ""capital-loss"": ""0"", ""hours-per-week"": ""40"", ""native-country"": ""United-States""}",gender=Male,gender=Male,gender=Male,,gender=Female,gender=Female,gender=Male,0,<=50K | Husband | Married-civ-spouse | 10th | Private,2,2,"{""gender=Female"": ""<=50K"", ""gender=Male"": ""<=50K""}","{""gender=Female"": {""alpha"": 1.0, ""margin"": 0.551690449753155, ""p_observed"": 0.7758452248765775, ""prior_probability"": 0.02702702702702703, ""score"": 0.7758452248765775}, ""gender=Male"": {""alpha"": 1.0, ""margin"": 0.4961571125215748, ""p_observed"": 0.7480785562607875, ""prior_probability"": 0.972972972972973, ""score"": 0.7480785562607875}}","{""gender=Female"": {""alpha"": 1.0, ""margin"": 0.551690449753155, ""p_observed"": 0.7758452248765775, ""prior_probability"": 0.02702702702702703, ""score"": 0.551690449753155}, ""gender=Male"": {""alpha"": 1.0, ""margin"": 0.4961571125215748, ""p_observed"": 0.7480785562607875, ""prior_probability"": 0.972972972972973, ""score"": 0.4961571125215748}}","{""gender=Female"": {""alpha"": 0.0, ""margin"": 0.551690449753155, ""p_observed"": 0.7758452248765775, ""prior_probability"": 0.02702702702702703, ""score"": -3.6109179126442243}, ""gender=Male"": {""alpha"": 0.0, ""margin"": 0.4961571125215748, ""p_observed"": 0.7480785562607875, ""prior_probability"": 0.972972972972973, ""score"": -0.027398974188114388}}"
132,Female,Asian-Pac-Islander,gender=Female,<=50K,"{""age"": ""45"", ""workclass"": ""Self-emp-inc"", ""fnlwgt"": ""179030"", ""education"": ""Bachelors"", ""educational-num"": ""13"", ""marital-status"": ""Married-civ-spouse"", ""occupation"": ""Other-service"", ""relationship"": ""Other-relative"", ""race"": ""Asian-Pac-Islander"", ""capital-gain"": ""0"", ""capital-loss"": ""0"", ""hours-per-week"": ""35"", ""native-country"": ""South""}",gender=Male,gender=Male,gender=Male,,gender=Female,gender=Female,gender=Male,0,<=50K | Other-relative | Married-civ-spouse | Bachelors | Self-emp-inc,2,2,"{""gender=Female"": ""<=50K"", ""gender=Male"": ""<=50K""}","{""gender=Female"": {""alpha"": 1.0, ""margin"": 0.4594590612270576, ""p_observed"": 0.7297295306135287, ""prior_probability"": 0.3333333333333333, ""score"": 0.7297295306135287}, ""gender=Male"": {""alpha"": 1.0, ""margin"": 0.4111606955897196, ""p_observed"": 0.7055803477948597, ""prior_probability"": 0.6666666666666666, ""score"": 0.7055803477948597}}","{""gender=Female"": {""alpha"": 1.0, ""margin"": 0.4594590612270576, ""p_observed"": 0.7297295306135287, ""prior_probability"": 0.3333333333333333, ""score"": 0.4594590612270576}, ""gender=Male"": {""alpha"": 1.0, ""margin"": 0.4111606955897196, ""p_observed"": 0.7055803477948597, ""prior_probability"": 0.6666666666666666, ""score"": 0.4111606955897196}}","{""gender=Female"": {""alpha"": 0.0, ""margin"": 0.4594590612270576, ""p_observed"": 0.7297295306135287, ""prior_probability"": 0.3333333333333333, ""score"": -1.0986122886681098}, ""gender=Male"": {""alpha"": 0.0, ""margin"": 0.4111606955897196, ""p_observed"": 0.7055803477948597, ""prior_probability"": 0.6666666666666666, ""score"": -0.40546510810816444}}"
133,Male,White,gender=Male,>50K,"{""age"": ""38"", ""workclass"": ""Local-gov"", ""fnlwgt"": ""316470"", ""education"": ""Bachelors"", ""educational-num"": ""13"", ""marital-status"": ""Married-civ-spouse"", ""occupation"": ""Prof-specialty"", ""relationship"": ""Husband"", ""race"": ""White"", ""capital-gain"": ""0"", ""capital-loss"": ""0"", ""hours-per-week"": ""40"", ""native-country"": ""United-States""}",gender=Male,gender=Male,gender=Male,,gender=Male,gender=Male,gender=Male,0,>50K | Husband | Married-civ-spouse | Bachelors | Local-gov,2,2,"{""gender=Female"": "">50K"", ""gender=Male"": "">50K""}","{""gender=Female"": {""alpha"": 1.0, ""margin"": 0.12754034358522148, ""p_observed"": 0.5637701717926107, ""prior_probability"": 0.0029069767441860465, ""score"": 0.5637701717926107}, ""gender=Male"": {""alpha"": 1.0, ""margin"": 0.26009764045930045, ""p_observed"": 0.6300488202296503, ""prior_probability"": 0.997093023255814, ""score"": 0.6300488202296503}}","{""gender=Female"": {""alpha"": 1.0, ""margin"": 0.12754034358522148, ""p_observed"": 0.5637701717926107, ""prior_probability"": 0.0029069767441860465, ""score"": 0.12754034358522148}, ""gender=Male"": {""alpha"": 1.0, ""margin"": 0.26009764045930045, ""p_observed"": 0.6300488202296503, ""prior_probability"": 0.997093023255814, ""score"": 0.26009764045930045}}","{""gender=Female"": {""alpha"": 0.0, ""margin"": 0.12754034358522148, ""p_observed"": 0.5637701717926107, ""prior_probability"": 0.0029069767441860465, ""score"": -5.840641657373398}, ""gender=Male"": {""alpha"": 0.0, ""margin"": 0.26009764045930045, ""p_observed"": 0.6300488202296503, ""prior_probability"": 0.997093023255814, ""score"": -0.0029112102074584415}}"
134,Male,White,gender=Male,<=50K,"{""age"": ""30"", ""workclass"": ""Private"", ""fnlwgt"": ""170065"", ""education"": ""Some-college"", ""educational-num"": ""10"", ""marital-status"": ""Married-civ-spouse"", ""occupation"": ""Craft-repair"", ""relationship"": ""Husband"", ""race"": ""White"", ""capital-gain"": ""0"", ""capital-loss"": ""0"", ""hours-per-week"": ""40"", ""native-country"": ""United-States""}",gender=Male,gender=Male,gender=Male,,gender=Female,gender=Female,gender=Male,0,<=50K | Husband | Married-civ-spouse | Some-college | Private,2,2,"{""gender=Female"": ""<=50K"", ""gender=Male"": ""<=50K""}","{""gender=Female"": {""alpha"": 1.0, ""margin"": 0.5010609400677889, ""p_observed"": 0.7505304700338946, ""prior_probability"": 0.0037735849056603774, ""score"": 0.7505304700338946}, ""gender=Male"": {""alpha"": 1.0, ""margin"": 0.4564564240021778, ""p_observed"": 0.728228212001089, ""prior_probability"": 0.9962264150943396, ""score"": 0.728228212001089}}","{""gender=Female"": {""alpha"": 1.0, ""margin"": 0.5010609400677889, ""p_observed"": 0.7505304700338946, ""prior_probability"": 0.0037735849056603774, ""score"": 0.5010609400677889}, ""gender=Male"": {""alpha"": 1.0, ""margin"": 0.4564564240021778, ""p_observed"": 0.728228212001089, ""prior_probability"": 0.9962264150943396, ""score"": 0.4564564240021778}}","{""gender=Female"": {""alpha"": 0.0, ""margin"": 0.5010609400677889, ""p_observed"": 0.7505304700338946, ""prior_probability"": 0.0037735849056603774, ""score"": -5.579729825986222}, ""gender=Male"": {""alpha"": 0.0, ""margin"": 0.4564564240021778, ""p_observed"": 0.728228212001089, ""prior_probability"": 0.9962264150943396, ""score"": -0.0037807228399060443}}"
135,Male,White,gender=Male,<=50K,"{""age"": ""38"", ""workclass"": ""Private"", ""fnlwgt"": ""175120"", ""education"": ""HS-grad"", ""educational-num"": ""9"", ""marital-status"": ""Divorced"", ""occupation"": ""Craft-repair"", ""relationship"": ""Not-in-family"", ""race"": ""White"", ""capital-gain"": ""0"", ""capital-loss"": ""0"", ""hours-per-week"": ""40"", ""native-country"": ""United-States""}",gender=Male,gender=Male,gender=Male,,gender=Female,gender=Female,gender=Male,0,<=50K | Not-in-family | Divorced | HS-grad | Private,2,2,"{""gender=Female"": ""<=50K"", ""gender=Male"": ""<=50K""}","{""gender=Female"": {""alpha"": 1.0, ""margin"": 0.9332149556174223, ""p_observed"": 0.9666074778087109, ""prior_probability"": 0.08771929824561403, ""score"": 0.9666074778087109}, ""gender=Male"": {""alpha"": 1.0, ""margin"": 0.9118422881206744, ""p_observed"": 0.955921144060337, ""prior_probability"": 0.9122807017543859, ""score"": 0.955921144060337}}","{""gender=Female"": {""alpha"": 1.0, ""margin"": 0.9332149556174223, ""p_observed"": 0.9666074778087109, ""prior_probability"": 0.08771929824561403, ""score"": 0.9332149556174223}, ""gender=Male"": {""alpha"": 1.0, ""margin"": 0.9118422881206744, ""p_observed"": 0.955921144060337, ""prior_probability"": 0.9122807017543859, ""score"": 0.9118422881206744}}","{""gender=Female"": {""alpha"": 0.0, ""margin"": 0.9332149556174223, ""p_observed"": 0.9666074778087109, ""prior_probability"": 0.08771929824561403, ""score"": -2.4336133554004498}, ""gender=Male"": {""alpha"": 0.0, ""margin"": 0.9118422881206744, ""p_observed"": 0.955921144060337, ""prior_probability"": 0.9122807017543859, ""score"": -0.09180754925312286}}"
136,Female,White,gender=Female,<=50K,"{""age"": ""50"", ""workclass"": ""Private"", ""fnlwgt"": ""233363"", ""education"": ""11th"", ""educational-num"": ""7"", ""marital-status"": ""Divorced"", ""occupation"": ""Other-service"", ""relationship"": ""Unmarried"", ""race"": ""White"", ""capital-gain"": ""0"", ""capital-loss"": ""0"", ""hours-per-week"": ""40"", ""native-country"": ""United-States""}",gender=Male,gender=Female,gender=Female,,gender=Female,gender=Female,gender=Female,0,<=50K | Unmarried | Divorced | 11th | Private,2,2,"{""gender=Female"": ""<=50K"", ""gender=Male"": ""<=50K""}","{""gender=Female"": {""alpha"": 1.0, ""margin"": 0.9712520491855492, ""p_observed"": 0.9856260245927746, ""prior_probability"": 0.8947368421052632, ""score"": 0.9856260245927746}, ""gender=Male"": {""alpha"": 1.0, ""margin"": 0.9019841952912288, ""p_observed"": 0.9509920976456142, ""prior_probability"": 0.10526315789473684, ""score"": 0.9509920976456142}}","{""gender=Female"": {""alpha"": 1.0, ""margin"": 0.9712520491855492, ""p_observed"": 0.9856260245927746, ""prior_probability"": 0.8947368421052632, ""score"": 0.9712520491855492}, ""gender=Male"": {""alpha"": 1.0, ""margin"": 0.9019841952912288, ""p_observed"": 0.9509920976456142, ""prior_probability"": 0.10526315789473684, ""score"": 0.9019841952912288}}","{""gender=Female"": {""alpha"": 0.0, ""margin"": 0.9712520491855492, ""p_observed"": 0.9856260245927746, ""prior_probability"": 0.8947368421052632, ""score"": -0.11122563511022437}, ""gender=Male"": {""alpha"": 0.0, ""margin"": 0.9019841952912288, ""p_observed"": 0.9509920976456142, ""prior_probability"": 0.10526315789473684, ""score"": -2.2512917986064953}}"
137,Male,White,gender=Male,>50K,"{""age"": ""55"", ""workclass"": ""Private"", ""fnlwgt"": ""197114"", ""education"": ""Some-college"", ""educational-num"": ""10"", ""marital-status"": ""Married-civ-spouse"", ""occupation"": ""Transport-moving"", ""relationship"": ""Husband"", ""race"": ""White"", ""capital-gain"": ""0"", ""capital-loss"": ""0"", ""hours-per-week"": ""6"", ""native-country"": ""United-States""}",gender=Male,gender=Male,gender=Male,,gender=Male,gender=Male,gender=Male,0,>50K | Husband | Married-civ-spouse | Some-college | Private,2,2,"{""gender=Female"": ""<=50K"", ""gender=Male"": ""<=50K""}","{""gender=Female"": {""alpha"": 1.0, ""margin"": -0.38721296643998154, ""p_observed"": 0.3063935167800093, ""prior_probability"": 0.01694915254237288, ""score"": 0.3063935167800093}, ""gender=Male"": {""alpha"": 1.0, ""margin"": -0.3474554501815334, ""p_observed"": 0.32627227490923333, ""prior_probability"": 0.9830508474576272, ""score"": 0.32627227490923333}}","{""gender=Female"": {""alpha"": 1.0, ""margin"": -0.38721296643998154, ""p_observed"": 0.3063935167800093, ""prior_probability"": 0.01694915254237288, ""score"": -0.38721296643998154}, ""gender=Male"": {""alpha"": 1.0, ""margin"": -0.3474554501815334, ""p_observed"": 0.32627227490923333, ""prior_probability"": 0.9830508474576272, ""score"": -0.3474554501815334}}","{""gender=Female"": {""alpha"": 0.0, ""margin"": -0.38721296643998154, ""p_observed"": 0.3063935167800093, ""prior_probability"": 0.01694915254237288, ""score"": -4.07753744390572}, ""gender=Male"": {""alpha"": 0.0, ""margin"": -0.3474554501815334, ""p_observed"": 0.32627227490923333, ""prior_probability"": 0.9830508474576272, ""score"": -0.017094433359300068}}"
138,Male,White,gender=Male,<=50K,"{""age"": ""61"", ""workclass"": ""Self-emp-not-inc"", ""fnlwgt"": ""44983"", ""education"": ""HS-grad"", ""educational-num"": ""9"", ""marital-status"": ""Married-civ-spouse"", ""occupation"": ""Craft-repair"", ""relationship"": ""Husband"", ""race"": ""White"", ""capital-gain"": ""0"", ""capital-loss"": ""0"", ""hours-per-week"": ""20"", ""native-country"": ""United-States""}",gender=Male,gender=Male,gender=Male,,gender=Female,gender=Female,gender=Male,0,<=50K | Husband | Married-civ-spouse | HS-grad | Self-emp-not-inc,2,2,"{""gender=Female"": ""<=50K"", ""gender=Male"": ""<=50K""}","{""gender=Female"": {""alpha"": 1.0, ""margin"": 0.5937572534444657, ""p_observed"": 0.7968786267222326, ""prior_probability"": 0.001364256480218281, ""score"": 0.7968786267222326}, ""gender=Male"": {""alpha"": 1.0, ""margin"": 0.558709316500739, ""p_observed"": 0.7793546582503692, ""prior_probability"": 0.9986357435197817, ""score"": 0.7793546582503692}}","{""gender=Female"": {""alpha"": 1.0, ""margin"": 0.5937572534444657, ""p_observed"": 0.7968786267222326, ""prior_probability"": 0.001364256480218281, ""score"": 0.5937572534444657}, ""gender=Male"": {""alpha"": 1.0, ""margin"": 0.558709316500739, ""p_observed"": 0.7793546582503692, ""prior_probability"": 0.9986357435197817, ""score"": 0.558709316500739}}","{""gender=Female"": {""alpha"": 0.0, ""margin"": 0.5937572534444657, ""p_observed"": 0.7968786267222326, ""prior_probability"": 0.001364256480218281, ""score"": -6.597145701886651}, ""gender=Male"": {""alpha"": 0.0, ""margin"": 0.558709316500739, ""p_observed"": 0.7793546582503692, ""prior_probability"": 0.9986357435197817, ""score"": -0.00136518792533997}}"
139,Male,White,gender=Male,<=50K,"{""age"": ""55"", ""workclass"": ""Private"", ""fnlwgt"": ""174260"", ""education"": ""HS-grad"", ""educational-num"": ""9"", ""marital-status"": ""Widowed"", ""occupation"": ""Tech-support"", ""relationship"": ""Not-in-family"", ""race"": ""White"", ""capital-gain"": ""0"", ""capital-loss"": ""0"", ""hours-per-week"": ""40"", ""native-country"": ""United-States""}",gender=Male,gender=Female,gender=Female,,gender=Female,gender=Female,gender=Female,0,<=50K | Not-in-family | Widowed | HS-grad | Private,2,2,"{""gender=Female"": ""<=50K"", ""gender=Male"": ""<=50K""}","{""gender=Female"": {""alpha"": 1.0, ""margin"": 0.9138906715725735, ""p_observed"": 0.9569453357862866, ""prior_probability"": 0.75, ""score"": 0.9569453357862866}, ""gender=Male"": {""alpha"": 1.0, ""margin"": 0.8710797740851655, ""p_observed"": 0.9355398870425826, ""prior_probability"": 0.25, ""score"": 0.9355398870425826}}","{""gender=Female"": {""alpha"": 1.0, ""margin"": 0.9138906715725735, ""p_observed"": 0.9569453357862866, ""prior_probability"": 0.75, ""score"": 0.9138906715725735}, ""gender=Male"": {""alpha"": 1.0, ""margin"": 0.8710797740851655, ""p_observed"": 0.9355398870425826, ""prior_probability"": 0.25, ""score"": 0.8710797740851655}}","{""gender=Female"": {""alpha"": 0.0, ""margin"": 0.9138906715725735, ""p_observed"": 0.9569453357862866, ""prior_probability"": 0.75, ""score"": -0.2876820724517809}, ""gender=Male"": {""alpha"": 0.0, ""margin"": 0.8710797740851655, ""p_observed"": 0.9355398870425826, ""prior_probability"": 0.25, ""score"": -1.3862943611198906}}"
140,Female,White,gender=Female,<=50K,"{""age"": ""35"", ""workclass"": ""Private"", ""fnlwgt"": ""99065"", ""education"": ""Assoc-acdm"", ""educational-num"": ""12"", ""marital-status"": ""Divorced"", ""occupation"": ""Adm-clerical"", ""relationship"": ""Unmarried"", ""race"": ""White"", ""capital-gain"": ""0"", ""capital-loss"": ""0"", ""hours-per-week"": ""32"", ""native-country"": ""United-States""}",gender=Male,gender=Female,gender=Female,,gender=Female,gender=Female,gender=Female,0,<=50K | Unmarried | Divorced | Assoc-acdm | Private,2,2,"{""gender=Female"": ""<=50K"", ""gender=Male"": ""<=50K""}","{""gender=Female"": {""alpha"": 1.0, ""margin"": 0.9516685670193454, ""p_observed"": 0.9758342835096727, ""prior_probability"": 0.8823529411764706, ""score"": 0.9758342835096727}, ""gender=Male"": {""alpha"": 1.0, ""margin"": 0.8913744962677882, ""p_observed"": 0.945687248133894, ""prior_probability"": 0.11764705882352941, ""score"": 0.945687248133894}}","{""gender=Female"": {""alpha"": 1.0, ""margin"": 0.9516685670193454, ""p_observed"": 0.9758342835096727, ""prior_probability"": 0.8823529411764706, ""score"": 0.9516685670193454}, ""gender=Male"": {""alpha"": 1.0, ""margin"": 0.8913744962677882, ""p_observed"": 0.945687248133894, ""prior_probability"": 0.11764705882352941, ""score"": 0.8913744962677882}}","{""gender=Female"": {""alpha"": 0.0, ""margin"": 0.9516685670193454, ""p_observed"": 0.9758342835096727, ""prior_probability"": 0.8823529411764706, ""score"": -0.12516314295400605}, ""gender=Male"": {""alpha"": 0.0, ""margin"": 0.8913744962677882, ""p_observed"": 0.945687248133894, ""prior_probability"": 0.11764705882352941, ""score"": -2.1400661634962708}}"
141,Male,White,gender=Male,<=50K,"{""age"": ""29"", ""workclass"": ""Private"", ""fnlwgt"": ""178272"", ""education"": ""HS-grad"", ""educational-num"": ""9"", ""marital-status"": ""Married-civ-spouse"", ""occupation"": ""Protective-serv"", ""relationship"": ""Husband"", ""race"": ""White"", ""capital-gain"": ""0"", ""capital-loss"": ""0"", ""hours-per-week"": ""40"", ""native-country"": ""United-States""}",gender=Male,gender=Male,gender=Male,,gender=Female,gender=Female,gender=Male,0,<=50K | Husband | Married-civ-spouse | HS-grad | Private,2,2,"{""gender=Female"": ""<=50K"", ""gender=Male"": ""<=50K""}","{""gender=Female"": {""alpha"": 1.0, ""margin"": 0.5924558309814549, ""p_observed"": 0.7962279154907275, ""prior_probability"": 0.017543859649122806, ""score"": 0.7962279154907275}, ""gender=Male"": {""alpha"": 1.0, ""margin"": 0.508358754806002, ""p_observed"": 0.7541793774030009, ""prior_probability"": 0.9824561403508771, ""score"": 0.7541793774030009}}","{""gender=Female"": {""alpha"": 1.0, ""margin"": 0.5924558309814549, ""p_observed"": 0.7962279154907275, ""prior_probability"": 0.017543859649122806, ""score"": 0.5924558309814549}, ""gender=Male"": {""alpha"": 1.0, ""margin"": 0.508358754806002, ""p_observed"": 0.7541793774030009, ""prior_probability"": 0.9824561403508771, ""score"": 0.508358754806002}}","{""gender=Female"": {""alpha"": 0.0, ""margin"": 0.5924558309814549, ""p_observed"": 0.7962279154907275, ""prior_probability"": 0.017543859649122806, ""score"": -4.04305126783455}, ""gender=Male"": {""alpha"": 0.0, ""margin"": 0.508358754806002, ""p_observed"": 0.7541793774030009, ""prior_probability"": 0.9824561403508771, ""score"": -0.017699577099400975}}"
142,Female,White,gender=Female,<=50K,"{""age"": ""25"", ""workclass"": ""Private"", ""fnlwgt"": ""47353"", ""education"": ""10th"", ""educational-num"": ""6"", ""marital-status"": ""Married-civ-spouse"", ""occupation"": ""Other-service"", ""relationship"": ""Wife"", ""race"": ""White"", ""capital-gain"": ""0"", ""capital-loss"": ""0"", ""hours-per-week"": ""40"", ""native-country"": ""United-States""}",gender=Male,gender=Female,gender=Female,,gender=Male,gender=Male,gender=Female,0,<=50K | Wife | Married-civ-spouse | 10th | Private,2,2,"{""gender=Female"": ""<=50K"", ""gender=Male"": ""<=50K""}","{""gender=Female"": {""alpha"": 1.0, ""margin"": 0.7599759984832837, ""p_observed"": 0.8799879992416418, ""prior_probability"": 0.875, ""score"": 0.8799879992416418}, ""gender=Male"": {""alpha"": 1.0, ""margin"": 0.8026697305486514, ""p_observed"": 0.9013348652743257, ""prior_probability"": 0.125, ""score"": 0.9013348652743257}}","{""gender=Female"": {""alpha"": 1.0, ""margin"": 0.7599759984832837, ""p_observed"": 0.8799879992416418, ""prior_probability"": 0.875, ""score"": 0.7599759984832837}, ""gender=Male"": {""alpha"": 1.0, ""margin"": 0.8026697305486514, ""p_observed"": 0.9013348652743257, ""prior_probability"": 0.125, ""score"": 0.8026697305486514}}","{""gender=Female"": {""alpha"": 0.0, ""margin"": 0.7599759984832837, ""p_observed"": 0.8799879992416418, ""prior_probability"": 0.875, ""score"": -0.13353139262452263}, ""gender=Male"": {""alpha"": 0.0, ""margin"": 0.8026697305486514, ""p_observed"": 0.9013348652743257, ""prior_probability"": 0.125, ""score"": -2.0794415416798357}}"
143,Male,White,gender=Male,>50K,"{""age"": ""43"", ""workclass"": ""Private"", ""fnlwgt"": ""227065"", ""education"": ""Masters"", ""educational-num"": ""14"", ""marital-status"": ""Married-civ-spouse"", ""occupation"": ""Exec-managerial"", ""relationship"": ""Husband"", ""race"": ""White"", ""capital-gain"": ""0"", ""capital-loss"": ""0"", ""hours-per-week"": ""43"", ""native-country"": ""United-States""}",gender=Male,gender=Male,gender=Male,,gender=Male,gender=Male,gender=Male,0,>50K | Husband | Married-civ-spouse | Masters | Private,2,2,"{""gender=Female"": "">50K"", ""gender=Male"": "">50K""}","{""gender=Female"": {""alpha"": 1.0, ""margin"": 0.2908540383760356, ""p_observed"": 0.6454270191880178, ""prior_probability"": 0.004048582995951417, ""score"": 0.6454270191880178}, ""gender=Male"": {""alpha"": 1.0, ""margin"": 0.5370083920740933, ""p_observed"": 0.7685041960370468, ""prior_probability"": 0.9959514170040485, ""score"": 0.7685041960370468}}","{""gender=Female"": {""alpha"": 1.0, ""margin"": 0.2908540383760356, ""p_observed"": 0.6454270191880178, ""prior_probability"": 0.004048582995951417, ""score"": 0.2908540383760356}, ""gender=Male"": {""alpha"": 1.0, ""margin"": 0.5370083920740933, ""p_observed"": 0.7685041960370468, ""prior_probability"": 0.9959514170040485, ""score"": 0.5370083920740933}}","{""gender=Female"": {""alpha"": 0.0, ""margin"": 0.2908540383760356, ""p_observed"": 0.6454270191880178, ""prior_probability"": 0.004048582995951417, ""score"": -5.5093883366279774}, ""gender=Male"": {""alpha"": 0.0, ""margin"": 0.5370083920740933, ""p_observed"": 0.7685041960370468, ""prior_probability"": 0.9959514170040485, ""score"": -0.00405680069561443}}"
144,Male,White,gender=Male,<=50K,"{""age"": ""20"", ""workclass"": ""Federal-gov"", ""fnlwgt"": ""178517"", ""education"": ""Some-college"", ""educational-num"": ""10"", ""marital-status"": ""Never-married"", ""occupation"": ""Tech-support"", ""relationship"": ""Not-in-family"", ""race"": ""White"", ""capital-gain"": ""0"", ""capital-loss"": ""0"", ""hours-per-week"": ""40"", ""native-country"": ""United-States""}",gender=Male,gender=Female,gender=Female,,gender=Male,gender=Male,gender=Female,0,<=50K | Not-in-family | Never-married | Some-college | Federal-gov,2,2,"{""gender=Female"": ""<=50K"", ""gender=Male"": ""<=50K""}","{""gender=Female"": {""alpha"": 1.0, ""margin"": 0.9335995280431376, ""p_observed"": 0.9667997640215689, ""prior_probability"": 0.6052631578947368, ""score"": 0.9667997640215689}, ""gender=Male"": {""alpha"": 1.0, ""margin"": 0.9425213543351179, ""p_observed"": 0.9712606771675588, ""prior_probability"": 0.39473684210526316, ""score"": 0.9712606771675588}}","{""gender=Female"": {""alpha"": 1.0, ""margin"": 0.9335995280431376, ""p_observed"": 0.9667997640215689, ""prior_probability"": 0.6052631578947368, ""score"": 0.9335995280431376}, ""gender=Male"": {""alpha"": 1.0, ""margin"": 0.9425213543351179, ""p_observed"": 0.9712606771675588, ""prior_probability"": 0.39473684210526316, ""score"": 0.9425213543351179}}","{""gender=Female"": {""alpha"": 0.0, ""margin"": 0.9335995280431376, ""p_observed"": 0.9667997640215689, ""prior_probability"": 0.6052631578947368, ""score"": -0.5020919437972361}, ""gender=Male"": {""alpha"": 0.0, ""margin"": 0.9425213543351179, ""p_observed"": 0.9712606771675588, ""prior_probability"": 0.39473684210526316, ""score"": -0.9295359586241757}}"
145,Male,White,gender=Male,<=50K,"{""age"": ""41"", ""workclass"": ""Private"", ""fnlwgt"": ""209547"", ""education"": ""HS-grad"", ""educational-num"": ""9"", ""marital-status"": ""Never-married"", ""occupation"": ""Machine-op-inspct"", ""relationship"": ""Not-in-family"", ""race"": ""White"", ""capital-gain"": ""0"", ""capital-loss"": ""0"", ""hours-per-week"": ""40"", ""native-country"": ""United-States""}",gender=Male,gender=Male,gender=Male,gender=Male,gender=Female,gender=Female,gender=Male,1,<=50K | Not-in-family | Never-married | HS-grad | Private,2,2,"{""gender=Female"": ""<=50K"", ""gender=Male"": ""<=50K""}","{""gender=Female"": {""alpha"": 1.0, ""margin"": 0.9551764606436204, ""p_observed"": 0.9775882303218101, ""prior_probability"": 0.30434782608695654, ""score"": 0.9775882303218101}, ""gender=Male"": {""alpha"": 1.0, ""margin"": 0.9384423461027326, ""p_observed"": 0.969221173051366, ""prior_probability"": 0.6956521739130435, ""score"": 0.969221173051366}}","{""gender=Female"": {""alpha"": 1.0, ""margin"": 0.9551764606436204, ""p_observed"": 0.9775882303218101, ""prior_probability"": 0.30434782608695654, ""score"": 0.9551764606436204}, ""gender=Male"": {""alpha"": 1.0, ""margin"": 0.9384423461027326, ""p_observed"": 0.969221173051366, ""prior_probability"": 0.6956521739130435, ""score"": 0.9384423461027326}}","{""gender=Female"": {""alpha"": 0.0, ""margin"": 0.9551764606436204, ""p_observed"": 0.9775882303218101, ""prior_probability"": 0.30434782608695654, ""score"": -1.1895840668738362}, ""gender=Male"": {""alpha"": 0.0, ""margin"": 0.9384423461027326, ""p_observed"": 0.969221173051366, ""prior_probability"": 0.6956521739130435, ""score"": -0.3629054936893685}}"
146,Male,White,gender=Male,<=50K,"{""age"": ""36"", ""workclass"": ""Private"", ""fnlwgt"": ""103605"", ""education"": ""HS-grad"", ""educational-num"": ""9"", ""marital-status"": ""Married-civ-spouse"", ""occupation"": ""Handlers-cleaners"", ""relationship"": ""Husband"", ""race"": ""White"", ""capital-gain"": ""0"", ""capital-loss"": ""0"", ""hours-per-week"": ""40"", ""native-country"": ""United-States""}",gender=Male,gender=Male,gender=Male,,gender=Female,gender=Female,gender=Male,0,<=50K | Husband | Married-civ-spouse | HS-grad | Private,2,2,"{""gender=Female"": ""<=50K"", ""gender=Male"": ""<=50K""}","{""gender=Female"": {""alpha"": 1.0, ""margin"": 0.4850982394902058, ""p_observed"": 0.7425491197451028, ""prior_probability"": 0.006666666666666667, ""score"": 0.7425491197451028}, ""gender=Male"": {""alpha"": 1.0, ""margin"": 0.4296916716657183, ""p_observed"": 0.7148458358328591, ""prior_probability"": 0.9933333333333333, ""score"": 0.7148458358328591}}","{""gender=Female"": {""alpha"": 1.0, ""margin"": 0.4850982394902058, ""p_observed"": 0.7425491197451028, ""prior_probability"": 0.006666666666666667, ""score"": 0.4850982394902058}, ""gender=Male"": {""alpha"": 1.0, ""margin"": 0.4296916716657183, ""p_observed"": 0.7148458358328591, ""prior_probability"": 0.9933333333333333, ""score"": 0.4296916716657183}}","{""gender=Female"": {""alpha"": 0.0, ""margin"": 0.4850982394902058, ""p_observed"": 0.7425491197451028, ""prior_probability"": 0.006666666666666667, ""score"": -5.0106352940962555}, ""gender=Male"": {""alpha"": 0.0, ""margin"": 0.4296916716657183, ""p_observed"": 0.7148458358328591, ""prior_probability"": 0.9933333333333333, ""score"": -0.006688988150796652}}"
147,Male,White,gender=Male,<=50K,"{""age"": ""31"", ""workclass"": ""Private"", ""fnlwgt"": ""302679"", ""education"": ""HS-grad"", ""educational-num"": ""9"", ""marital-status"": ""Married-civ-spouse"", ""occupation"": ""Craft-repair"", ""relationship"": ""Husband"", ""race"": ""White"", ""capital-gain"": ""0"", ""capital-loss"": ""0"", ""hours-per-week"": ""40"", ""native-country"": ""United-States""}",gender=Male,gender=Male,gender=Male,,gender=Female,gender=Female,gender=Male,0,<=50K | Husband | Married-civ-spouse | HS-grad | Private,2,2,"{""gender=Female"": ""<=50K"", ""gender=Male"": ""<=50K""}","{""gender=Female"": {""alpha"": 1.0, ""margin"": 0.5868186039056816, ""p_observed"": 0.7934093019528408, ""prior_probability"": 0.001364256480218281, ""score"": 0.7934093019528408}, ""gender=Male"": {""alpha"": 1.0, ""margin"": 0.5317687057145432, ""p_observed"": 0.7658843528572714, ""prior_probability"": 0.9986357435197817, ""score"": 0.7658843528572714}}","{""gender=Female"": {""alpha"": 1.0, ""margin"": 0.5868186039056816, ""p_observed"": 0.7934093019528408, ""prior_probability"": 0.001364256480218281, ""score"": 0.5868186039056816}, ""gender=Male"": {""alpha"": 1.0, ""margin"": 0.5317687057145432, ""p_observed"": 0.7658843528572714, ""prior_probability"": 0.9986357435197817, ""score"": 0.5317687057145432}}","{""gender=Female"": {""alpha"": 0.0, ""margin"": 0.5868186039056816, ""p_observed"": 0.7934093019528408, ""prior_probability"": 0.001364256480218281, ""score"": -6.597145701886651}, ""gender=Male"": {""alpha"": 0.0, ""margin"": 0.5317687057145432, ""p_observed"": 0.7658843528572714, ""prior_probability"": 0.9986357435197817, ""score"": -0.00136518792533997}}"
148,Male,White,gender=Male,<=50K,"{""age"": ""30"", ""workclass"": ""Local-gov"", ""fnlwgt"": ""172822"", ""education"": ""Assoc-voc"", ""educational-num"": ""11"", ""marital-status"": ""Never-married"", ""occupation"": ""Protective-serv"", ""relationship"": ""Not-in-family"", ""race"": ""White"", ""capital-gain"": ""0"", ""capital-loss"": ""0"", ""hours-per-week"": ""40"", ""native-country"": ""United-States""}",gender=Male,gender=Male,gender=Male,,gender=Female,gender=Female,gender=Male,0,<=50K | Not-in-family | Never-married | Assoc-voc | Local-gov,2,2,"{""gender=Female"": ""<=50K"", ""gender=Male"": ""<=50K""}","{""gender=Female"": {""alpha"": 1.0, ""margin"": 0.914584420185997, ""p_observed"": 0.9572922100929985, ""prior_probability"": 0.375, ""score"": 0.9572922100929985}, ""gender=Male"": {""alpha"": 1.0, ""margin"": 0.9093134434305322, ""p_observed"": 0.9546567217152659, ""prior_probability"": 0.625, ""score"": 0.9546567217152659}}","{""gender=Female"": {""alpha"": 1.0, ""margin"": 0.914584420185997, ""p_observed"": 0.9572922100929985, ""prior_probability"": 0.375, ""score"": 0.914584420185997}, ""gender=Male"": {""alpha"": 1.0, ""margin"": 0.9093134434305322, ""p_observed"": 0.9546567217152659, ""prior_probability"": 0.625, ""score"": 0.9093134434305322}}","{""gender=Female"": {""alpha"": 0.0, ""margin"": 0.914584420185997, ""p_observed"": 0.9572922100929985, ""prior_probability"": 0.375, ""score"": -0.9808292530117262}, ""gender=Male"": {""alpha"": 0.0, ""margin"": 0.9093134434305322, ""p_observed"": 0.9546567217152659, ""prior_probability"": 0.625, ""score"": -0.4700036292457356}}"
149,Male,White,gender=Male,>50K,"{""age"": ""51"", ""workclass"": ""Private"", ""fnlwgt"": ""138852"", ""education"": ""HS-grad"", ""educational-num"": ""9"", ""marital-status"": ""Married-civ-spouse"", ""occupation"": ""Other-service"", ""relationship"": ""Husband"", ""race"": ""White"", ""capital-gain"": ""7298"", ""capital-loss"": ""0"", ""hours-per-week"": ""40"", ""native-country"": ""El-Salvador""}",gender=Male,gender=Male,gender=Male,gender=Male,gender=Male,gender=Male,gender=Male,1,>50K | Husband | Married-civ-spouse | HS-grad | Private,2,2,"{""gender=Female"": "">50K"", ""gender=Male"": "">50K""}","{""gender=Female"": {""alpha"": 1.0, ""margin"": 0.22465727417551629, ""p_observed"": 0.6123286370877581, ""prior_probability"": 0.034482758620689655, ""score"": 0.6123286370877581}, ""gender=Male"": {""alpha"": 1.0, ""margin"": 0.4346360843734626, ""p_observed"": 0.7173180421867311, ""prior_probability"": 0.9655172413793104, ""score"": 0.7173180421867311}}","{""gender=Female"": {""alpha"": 1.0, ""margin"": 0.22465727417551629, ""p_observed"": 0.6123286370877581, ""prior_probability"": 0.034482758620689655, ""score"": 0.22465727417551629}, ""gender=Male"": {""alpha"": 1.0, ""margin"": 0.4346360843734626, ""p_observed"": 0.7173180421867311, ""prior_probability"": 0.9655172413793104, ""score"": 0.4346360843734626}}","{""gender=Female"": {""alpha"": 0.0, ""margin"": 0.22465727417551629, ""p_observed"": 0.6123286370877581, ""prior_probability"": 0.034482758620689655, ""score"": -3.367295829986474}, ""gender=Male"": {""alpha"": 0.0, ""margin"": 0.4346360843734626, ""p_observed"": 0.7173180421867311, ""prior_probability"": 0.9655172413793104, ""score"": -0.03509131981127006}}"
150,Female,White,gender=Female,<=50K,"{""age"": ""57"", ""workclass"": ""Private"", ""fnlwgt"": ""358628"", ""education"": ""Assoc-voc"", ""educational-num"": ""11"", ""marital-status"": ""Divorced"", ""occupation"": ""Adm-clerical"", ""relationship"": ""Unmarried"", ""race"": ""White"", ""capital-gain"": ""0"", ""capital-loss"": ""0"", ""hours-per-week"": ""40"", ""native-country"": ""United-States""}",gender=Male,gender=Female,gender=Female,,gender=Female,gender=Female,gender=Female,0,<=50K | Unmarried | Divorced | Assoc-voc | Private,2,2,"{""gender=Female"": ""<=50K"", ""gender=Male"": ""<=50K""}","{""gender=Female"": {""alpha"": 1.0, ""margin"": 0.9391280152641979, ""p_observed"": 0.9695640076320988, ""prior_probability"": 0.9545454545454546, ""score"": 0.9695640076320988}, ""gender=Male"": {""alpha"": 1.0, ""margin"": 0.8452281847074719, ""p_observed"": 0.9226140923537358, ""prior_probability"": 0.045454545454545456, ""score"": 0.9226140923537358}}","{""gender=Female"": {""alpha"": 1.0, ""margin"": 0.9391280152641979, ""p_observed"": 0.9695640076320988, ""prior_probability"": 0.9545454545454546, ""score"": 0.9391280152641979}, ""gender=Male"": {""alpha"": 1.0, ""margin"": 0.8452281847074719, ""p_observed"": 0.9226140923537358, ""prior_probability"": 0.045454545454545456, ""score"": 0.8452281847074719}}","{""gender=Female"": {""alpha"": 0.0, ""margin"": 0.9391280152641979, ""p_observed"": 0.9695640076320988, ""prior_probability"": 0.9545454545454546, ""score"": -0.04652001563489282}, ""gender=Male"": {""alpha"": 0.0, ""margin"": 0.8452281847074719, ""p_observed"": 0.9226140923537358, ""prior_probability"": 0.045454545454545456, ""score"": -3.0910424533583156}}"
151,Male,White,gender=Male,<=50K,"{""age"": ""38"", ""workclass"": ""Private"", ""fnlwgt"": ""169469"", ""education"": ""HS-grad"", ""educational-num"": ""9"", ""marital-status"": ""Divorced"", ""occupation"": ""Sales"", ""relationship"": ""Not-in-family"", ""race"": ""White"", ""capital-gain"": ""0"", ""capital-loss"": ""0"", ""hours-per-week"": ""80"", ""native-country"": ""United-States""}",gender=Male,gender=Female,gender=Female,,gender=Female,gender=Female,gender=Female,0,<=50K | Not-in-family | Divorced | HS-grad | Private,2,2,"{""gender=Female"": ""<=50K"", ""gender=Male"": ""<=50K""}","{""gender=Female"": {""alpha"": 1.0, ""margin"": 0.8838550862400865, ""p_observed"": 0.9419275431200431, ""prior_probability"": 0.6111111111111112, ""score"": 0.9419275431200431}, ""gender=Male"": {""alpha"": 1.0, ""margin"": 0.8642019187671247, ""p_observed"": 0.9321009593835624, ""prior_probability"": 0.3888888888888889, ""score"": 0.9321009593835624}}","{""gender=Female"": {""alpha"": 1.0, ""margin"": 0.8838550862400865, ""p_observed"": 0.9419275431200431, ""prior_probability"": 0.6111111111111112, ""score"": 0.8838550862400865}, ""gender=Male"": {""alpha"": 1.0, ""margin"": 0.8642019187671247, ""p_observed"": 0.9321009593835624, ""prior_probability"": 0.3888888888888889, ""score"": 0.8642019187671247}}","{""gender=Female"": {""alpha"": 0.0, ""margin"": 0.8838550862400865, ""p_observed"": 0.9419275431200431, ""prior_probability"": 0.6111111111111112, ""score"": -0.49247648509779407}, ""gender=Male"": {""alpha"": 0.0, ""margin"": 0.8642019187671247, ""p_observed"": 0.9321009593835624, ""prior_probability"": 0.3888888888888889, ""score"": -0.9444616088408514}}"
152,Male,White,gender=Male,>50K,"{""age"": ""63"", ""workclass"": ""Private"", ""fnlwgt"": ""117473"", ""education"": ""Some-college"", ""educational-num"": ""10"", ""marital-status"": ""Married-civ-spouse"", ""occupation"": ""Prof-specialty"", ""relationship"": ""Husband"", ""race"": ""White"", ""capital-gain"": ""4386"", ""capital-loss"": ""0"", ""hours-per-week"": ""40"", ""native-country"": ""United-States""}",gender=Male,gender=Male,gender=Male,,gender=Male,gender=Male,gender=Male,0,>50K | Husband | Married-civ-spouse | Some-college | Private,2,2,"{""gender=Female"": ""<=50K"", ""gender=Male"": ""<=50K""}","{""gender=Female"": {""alpha"": 1.0, ""margin"": -0.22329825937885767, ""p_observed"": 0.3883508703105712, ""prior_probability"": 0.011904761904761904, ""score"": 0.3883508703105712}, ""gender=Male"": {""alpha"": 1.0, ""margin"": -0.15504755258736835, ""p_observed"": 0.42247622370631577, ""prior_probability"": 0.9880952380952381, ""score"": 0.42247622370631577}}","{""gender=Female"": {""alpha"": 1.0, ""margin"": -0.22329825937885767, ""p_observed"": 0.3883508703105712, ""prior_probability"": 0.011904761904761904, ""score"": -0.22329825937885767}, ""gender=Male"": {""alpha"": 1.0, ""margin"": -0.15504755258736835, ""p_observed"": 0.42247622370631577, ""prior_probability"": 0.9880952380952381, ""score"": -0.15504755258736835}}","{""gender=Female"": {""alpha"": 0.0, ""margin"": -0.22329825937885767, ""p_observed"": 0.3883508703105712, ""prior_probability"": 0.011904761904761904, ""score"": -4.430816798843313}, ""gender=Male"": {""alpha"": 0.0, ""margin"": -0.15504755258736835, ""p_observed"": 0.42247622370631577, ""prior_probability"": 0.9880952380952381, ""score"": -0.01197619104671565}}"
153,Male,White,gender=Male,<=50K,"{""age"": ""43"", ""workclass"": ""State-gov"", ""fnlwgt"": ""144811"", ""education"": ""Prof-school"", ""educational-num"": ""15"", ""marital-status"": ""Divorced"", ""occupation"": ""Prof-specialty"", ""relationship"": ""Not-in-family"", ""race"": ""White"", ""capital-gain"": ""0"", ""capital-loss"": ""0"", ""hours-per-week"": ""50"", ""native-country"": ""United-States""}",gender=Male,gender=Female,gender=Female,,gender=Female,gender=Female,gender=Female,0,<=50K | Not-in-family | Divorced | Prof-school | State-gov,2,2,"{""gender=Female"": ""<=50K"", ""gender=Male"": "">50K""}","{""gender=Female"": {""alpha"": 1.0, ""margin"": 0.03564582799038302, ""p_observed"": 0.5178229139951915, ""prior_probability"": 0.625, ""score"": 0.5178229139951915}, ""gender=Male"": {""alpha"": 1.0, ""margin"": -0.09341611421454254, ""p_observed"": 0.4532919428927288, ""prior_probability"": 0.375, ""score"": 0.4532919428927288}}","{""gender=Female"": {""alpha"": 1.0, ""margin"": 0.03564582799038302, ""p_observed"": 0.5178229139951915, ""prior_probability"": 0.625, ""score"": 0.03564582799038302}, ""gender=Male"": {""alpha"": 1.0, ""margin"": -0.09341611421454254, ""p_observed"": 0.4532919428927288, ""prior_probability"": 0.375, ""score"": -0.09341611421454254}}","{""gender=Female"": {""alpha"": 0.0, ""margin"": 0.03564582799038302, ""p_observed"": 0.5178229139951915, ""prior_probability"": 0.625, ""score"": -0.4700036292457356}, ""gender=Male"": {""alpha"": 0.0, ""margin"": -0.09341611421454254, ""p_observed"": 0.4532919428927288, ""prior_probability"": 0.375, ""score"": -0.9808292530117262}}"
154,Male,White,gender=Male,<=50K,"{""age"": ""37"", ""workclass"": ""Federal-gov"", ""fnlwgt"": ""289653"", ""education"": ""Some-college"", ""educational-num"": ""10"", ""marital-status"": ""Married-civ-spouse"", ""occupation"": ""Craft-repair"", ""relationship"": ""Husband"", ""race"": ""White"", ""capital-gain"": ""0"", ""capital-loss"": ""0"", ""hours-per-week"": ""40"", ""native-country"": ""United-States""}",gender=Male,gender=Male,gender=Male,,gender=Female,gender=Female,gender=Male,0,<=50K | Husband | Married-civ-spouse | Some-college | Federal-gov,2,2,"{""gender=Female"": ""<=50K"", ""gender=Male"": ""<=50K""}","{""gender=Female"": {""alpha"": 1.0, ""margin"": 0.2126471243456659, ""p_observed"": 0.6063235621728331, ""prior_probability"": 0.0037735849056603774, ""score"": 0.6063235621728331}, ""gender=Male"": {""alpha"": 1.0, ""margin"": 0.10442353243982322, ""p_observed"": 0.5522117662199117, ""prior_probability"": 0.9962264150943396, ""score"": 0.5522117662199117}}","{""gender=Female"": {""alpha"": 1.0, ""margin"": 0.2126471243456659, ""p_observed"": 0.6063235621728331, ""prior_probability"": 0.0037735849056603774, ""score"": 0.2126471243456659}, ""gender=Male"": {""alpha"": 1.0, ""margin"": 0.10442353243982322, ""p_observed"": 0.5522117662199117, ""prior_probability"": 0.9962264150943396, ""score"": 0.10442353243982322}}","{""gender=Female"": {""alpha"": 0.0, ""margin"": 0.2126471243456659, ""p_observed"": 0.6063235621728331, ""prior_probability"": 0.0037735849056603774, ""score"": -5.579729825986222}, ""gender=Male"": {""alpha"": 0.0, ""margin"": 0.10442353243982322, ""p_observed"": 0.5522117662199117, ""prior_probability"": 0.9962264150943396, ""score"": -0.0037807228399060443}}"
155,Male,White,gender=Male,<=50K,"{""age"": ""46"", ""workclass"": ""Private"", ""fnlwgt"": ""188861"", ""education"": ""Some-college"", ""educational-num"": ""10"", ""marital-status"": ""Married-civ-spouse"", ""occupation"": ""Transport-moving"", ""relationship"": ""Husband"", ""race"": ""White"", ""capital-gain"": ""0"", ""capital-loss"": ""0"", ""hours-per-week"": ""40"", ""native-country"": ""United-States""}",gender=Male,gender=Male,gender=Male,,gender=Female,gender=Female,gender=Male,0,<=50K | Husband | Married-civ-spouse | Some-college | Private,2,2,"{""gender=Female"": ""<=50K"", ""gender=Male"": ""<=50K""}","{""gender=Female"": {""alpha"": 1.0, ""margin"": 0.3151898614329486, ""p_observed"": 0.6575949307164743, ""prior_probability"": 0.012987012987012988, ""score"": 0.6575949307164743}, ""gender=Male"": {""alpha"": 1.0, ""margin"": 0.2545485912057377, ""p_observed"": 0.627274295602869, ""prior_probability"": 0.987012987012987, ""score"": 0.627274295602869}}","{""gender=Female"": {""alpha"": 1.0, ""margin"": 0.3151898614329486, ""p_observed"": 0.6575949307164743, ""prior_probability"": 0.012987012987012988, ""score"": 0.3151898614329486}, ""gender=Male"": {""alpha"": 1.0, ""margin"": 0.2545485912057377, ""p_observed"": 0.627274295602869, ""prior_probability"": 0.987012987012987, ""score"": 0.2545485912057377}}","{""gender=Female"": {""alpha"": 0.0, ""margin"": 0.3151898614329486, ""p_observed"": 0.6575949307164743, ""prior_probability"": 0.012987012987012988, ""score"": -4.343805421853684}, ""gender=Male"": {""alpha"": 0.0, ""margin"": 0.2545485912057377, ""p_observed"": 0.627274295602869, ""prior_probability"": 0.987012987012987, ""score"": -0.013072081567352775}}"
156,Male,White,gender=Male,<=50K,"{""age"": ""20"", ""workclass"": ""Private"", ""fnlwgt"": ""305446"", ""education"": ""HS-grad"", ""educational-num"": ""9"", ""marital-status"": ""Never-married"", ""occupation"": ""Other-service"", ""relationship"": ""Own-child"", ""race"": ""White"", ""capital-gain"": ""0"", ""capital-loss"": ""0"", ""hours-per-week"": ""30"", ""native-country"": ""United-States""}",gender=Male,gender=Male,gender=Male,gender=Male,gender=Male,gender=Male,gender=Male,1,<=50K | Own-child | Never-married | HS-grad | Private,2,2,"{""gender=Female"": ""<=50K"", ""gender=Male"": ""<=50K""}","{""gender=Female"": {""alpha"": 1.0, ""margin"": 0.9945897996585216, ""p_observed"": 0.9972948998292608, ""prior_probability"": 0.4854368932038835, ""score"": 0.9972948998292608}, ""gender=Male"": {""alpha"": 1.0, ""margin"": 0.9953606633757927, ""p_observed"": 0.9976803316878963, ""prior_probability"": 0.5145631067961165, ""score"": 0.9976803316878963}}","{""gender=Female"": {""alpha"": 1.0, ""margin"": 0.9945897996585216, ""p_observed"": 0.9972948998292608, ""prior_probability"": 0.4854368932038835, ""score"": 0.9945897996585216}, ""gender=Male"": {""alpha"": 1.0, ""margin"": 0.9953606633757927, ""p_observed"": 0.9976803316878963, ""prior_probability"": 0.5145631067961165, ""score"": 0.9953606633757927}}","{""gender=Female"": {""alpha"": 0.0, ""margin"": 0.9945897996585216, ""p_observed"": 0.9972948998292608, ""prior_probability"": 0.4854368932038835, ""score"": -0.7227059828014897}, ""gender=Male"": {""alpha"": 0.0, ""margin"": 0.9953606633757927, ""p_observed"": 0.9976803316878963, ""prior_probability"": 0.5145631067961165, ""score"": -0.6644370746775139}}"
157,Female,White,gender=Female,<=50K,"{""age"": ""23"", ""workclass"": ""Private"", ""fnlwgt"": ""210474"", ""education"": ""Some-college"", ""educational-num"": ""10"", ""marital-status"": ""Never-married"", ""occupation"": ""Other-service"", ""relationship"": ""Own-child"", ""race"": ""White"", ""capital-gain"": ""0"", ""capital-loss"": ""0"", ""hours-per-week"": ""30"", ""native-country"": ""United-States""}",gender=Male,gender=Female,gender=Female,gender=Female,gender=Female,gender=Female,gender=Female,1,<=50K | Own-child | Never-married | Some-college | Private,2,2,"{""gender=Female"": ""<=50K"", ""gender=Male"": ""<=50K""}","{""gender=Female"": {""alpha"": 1.0, ""margin"": 0.9938114430953404, ""p_observed"": 0.9969057215476702, ""prior_probability"": 0.562753036437247, ""score"": 0.9969057215476702}, ""gender=Male"": {""alpha"": 1.0, ""margin"": 0.9914132350293687, ""p_observed"": 0.9957066175146843, ""prior_probability"": 0.43724696356275305, ""score"": 0.9957066175146843}}","{""gender=Female"": {""alpha"": 1.0, ""margin"": 0.9938114430953404, ""p_observed"": 0.9969057215476702, ""prior_probability"": 0.562753036437247, ""score"": 0.9938114430953404}, ""gender=Male"": {""alpha"": 1.0, ""margin"": 0.9914132350293687, ""p_observed"": 0.9957066175146843, ""prior_probability"": 0.43724696356275305, ""score"": 0.9914132350293687}}","{""gender=Female"": {""alpha"": 0.0, ""margin"": 0.9938114430953404, ""p_observed"": 0.9969057215476702, ""prior_probability"": 0.562753036437247, ""score"": -0.5749144034972855}, ""gender=Male"": {""alpha"": 0.0, ""margin"": 0.9914132350293687, ""p_observed"": 0.9957066175146843, ""prior_probability"": 0.43724696356275305, ""score"": -0.8272571095037574}}"
158,Female,White,gender=Female,<=50K,"{""age"": ""23"", ""workclass"": ""Local-gov"", ""fnlwgt"": ""145112"", ""education"": ""Bachelors"", ""educational-num"": ""13"", ""marital-status"": ""Never-married"", ""occupation"": ""Prof-specialty"", ""relationship"": ""Own-child"", ""race"": ""White"", ""capital-gain"": ""0"", ""capital-loss"": ""0"", ""hours-per-week"": ""43"", ""native-country"": ""United-States""}",gender=Male,gender=Female,gender=Female,,gender=Female,gender=Female,gender=Female,0,<=50K | Own-child | Never-married | Bachelors | Local-gov,2,2,"{""gender=Female"": ""<=50K"", ""gender=Male"": ""<=50K""}","{""gender=Female"": {""alpha"": 1.0, ""margin"": 0.9523989281479894, ""p_observed"": 0.9761994640739948, ""prior_probability"": 0.5188679245283019, ""score"": 0.9761994640739948}, ""gender=Male"": {""alpha"": 1.0, ""margin"": 0.9224637441806596, ""p_observed"": 0.9612318720903297, ""prior_probability"": 0.4811320754716981, ""score"": 0.9612318720903297}}","{""gender=Female"": {""alpha"": 1.0, ""margin"": 0.9523989281479894, ""p_observed"": 0.9761994640739948, ""prior_probability"": 0.5188679245283019, ""score"": 0.9523989281479894}, ""gender=Male"": {""alpha"": 1.0, ""margin"": 0.9224637441806596, ""p_observed"": 0.9612318720903297, ""prior_probability"": 0.4811320754716981, ""score"": 0.9224637441806596}}","{""gender=Female"": {""alpha"": 0.0, ""margin"": 0.9523989281479894, ""p_observed"": 0.9761994640739948, ""prior_probability"": 0.5188679245283019, ""score"": -0.6561059088795962}, ""gender=Male"": {""alpha"": 0.0, ""margin"": 0.9224637441806596, ""p_observed"": 0.9612318720903297, ""prior_probability"": 0.4811320754716981, ""score"": -0.7316134613877414}}"
159,Male,White,gender=Male,>50K,"{""age"": ""39"", ""workclass"": ""Private"", ""fnlwgt"": ""24342"", ""education"": ""Bachelors"", ""educational-num"": ""13"", ""marital-status"": ""Married-civ-spouse"", ""occupation"": ""Prof-specialty"", ""relationship"": ""Husband"", ""race"": ""White"", ""capital-gain"": ""0"", ""capital-loss"": ""0"", ""hours-per-week"": ""40"", ""native-country"": ""United-States""}",gender=Male,gender=Male,gender=Male,gender=Male,gender=Male,gender=Male,gender=Male,1,>50K | Husband | Married-civ-spouse | Bachelors | Private,2,2,"{""gender=Female"": "">50K"", ""gender=Male"": "">50K""}","{""gender=Female"": {""alpha"": 1.0, ""margin"": 0.18868017991876457, ""p_observed"": 0.5943400899593823, ""prior_probability"": 0.0029069767441860465, ""score"": 0.5943400899593823}, ""gender=Male"": {""alpha"": 1.0, ""margin"": 0.28679627754780085, ""p_observed"": 0.6433981387739004, ""prior_probability"": 0.997093023255814, ""score"": 0.6433981387739004}}","{""gender=Female"": {""alpha"": 1.0, ""margin"": 0.18868017991876457, ""p_observed"": 0.5943400899593823, ""prior_probability"": 0.0029069767441860465, ""score"": 0.18868017991876457}, ""gender=Male"": {""alpha"": 1.0, ""margin"": 0.28679627754780085, ""p_observed"": 0.6433981387739004, ""prior_probability"": 0.997093023255814, ""score"": 0.28679627754780085}}","{""gender=Female"": {""alpha"": 0.0, ""margin"": 0.18868017991876457, ""p_observed"": 0.5943400899593823, ""prior_probability"": 0.0029069767441860465, ""score"": -5.840641657373398}, ""gender=Male"": {""alpha"": 0.0, ""margin"": 0.28679627754780085, ""p_observed"": 0.6433981387739004, ""prior_probability"": 0.997093023255814, ""score"": -0.0029112102074584415}}"
160,Female,White,gender=Female,<=50K,"{""age"": ""32"", ""workclass"": ""Private"", ""fnlwgt"": ""182274"", ""education"": ""HS-grad"", ""educational-num"": ""9"", ""marital-status"": ""Separated"", ""occupation"": ""Other-service"", ""relationship"": ""Own-child"", ""race"": ""White"", ""capital-gain"": ""0"", ""capital-loss"": ""0"", ""hours-per-week"": ""37"", ""native-country"": ""United-States""}",gender=Male,gender=Female,gender=Female,,gender=Female,gender=Female,gender=Female,0,<=50K | Own-child | Separated | HS-grad | Private,2,2,"{""gender=Female"": ""<=50K"", ""gender=Male"": ""<=50K""}","{""gender=Female"": {""alpha"": 1.0, ""margin"": 0.9573025173864897, ""p_observed"": 0.978651258693245, ""prior_probability"": 0.8, ""score"": 0.978651258693245}, ""gender=Male"": {""alpha"": 1.0, ""margin"": 0.9449190183278003, ""p_observed"": 0.9724595091639001, ""prior_probability"": 0.2, ""score"": 0.9724595091639001}}","{""gender=Female"": {""alpha"": 1.0, ""margin"": 0.9573025173864897, ""p_observed"": 0.978651258693245, ""prior_probability"": 0.8, ""score"": 0.9573025173864897}, ""gender=Male"": {""alpha"": 1.0, ""margin"": 0.9449190183278003, ""p_observed"": 0.9724595091639001, ""prior_probability"": 0.2, ""score"": 0.9449190183278003}}","{""gender=Female"": {""alpha"": 0.0, ""margin"": 0.9573025173864897, ""p_observed"": 0.978651258693245, ""prior_probability"": 0.8, ""score"": -0.2231435513142097}, ""gender=Male"": {""alpha"": 0.0, ""margin"": 0.9449190183278003, ""p_observed"": 0.9724595091639001, ""prior_probability"": 0.2, ""score"": -1.6094379124341003}}"
161,Female,White,gender=Female,<=50K,"{""age"": ""42"", ""workclass"": ""State-gov"", ""fnlwgt"": ""184527"", ""education"": ""Some-college"", ""educational-num"": ""10"", ""marital-status"": ""Never-married"", ""occupation"": ""Exec-managerial"", ""relationship"": ""Unmarried"", ""race"": ""White"", ""capital-gain"": ""0"", ""capital-loss"": ""0"", ""hours-per-week"": ""45"", ""native-country"": ""United-States""}",gender=Male,gender=Female,gender=Female,,gender=Female,gender=Female,gender=Female,0,<=50K | Unmarried | Never-married | Some-college | State-gov,2,2,"{""gender=Female"": ""<=50K"", ""gender=Male"": ""<=50K""}","{""gender=Female"": {""alpha"": 1.0, ""margin"": 0.8763073798014858, ""p_observed"": 0.9381536899007428, ""prior_probability"": 0.5833333333333334, ""score"": 0.9381536899007428}, ""gender=Male"": {""alpha"": 1.0, ""margin"": 0.7163505691517984, ""p_observed"": 0.8581752845758992, ""prior_probability"": 0.4166666666666667, ""score"": 0.8581752845758992}}","{""gender=Female"": {""alpha"": 1.0, ""margin"": 0.8763073798014858, ""p_observed"": 0.9381536899007428, ""prior_probability"": 0.5833333333333334, ""score"": 0.8763073798014858}, ""gender=Male"": {""alpha"": 1.0, ""margin"": 0.7163505691517984, ""p_observed"": 0.8581752845758992, ""prior_probability"": 0.4166666666666667, ""score"": 0.7163505691517984}}","{""gender=Female"": {""alpha"": 0.0, ""margin"": 0.8763073798014858, ""p_observed"": 0.9381536899007428, ""prior_probability"": 0.5833333333333334, ""score"": -0.5389965007326869}, ""gender=Male"": {""alpha"": 0.0, ""margin"": 0.7163505691517984, ""p_observed"": 0.8581752845758992, ""prior_probability"": 0.4166666666666667, ""score"": -0.8754687373538999}}"
162,Female,Black,gender=Female,<=50K,"{""age"": ""35"", ""workclass"": ""Private"", ""fnlwgt"": ""153535"", ""education"": ""HS-grad"", ""educational-num"": ""9"", ""marital-status"": ""Divorced"", ""occupation"": ""Handlers-cleaners"", ""relationship"": ""Unmarried"", ""race"": ""Black"", ""capital-gain"": ""0"", ""capital-loss"": ""0"", ""hours-per-week"": ""36"", ""native-country"": ""United-States""}",gender=Male,gender=Male,gender=Male,,gender=Female,gender=Female,gender=Male,0,<=50K | Unmarried | Divorced | HS-grad | Private,2,2,"{""gender=Female"": ""<=50K"", ""gender=Male"": ""<=50K""}","{""gender=Female"": {""alpha"": 1.0, ""margin"": 0.9640530119720835, ""p_observed"": 0.9820265059860416, ""prior_probability"": 0.47058823529411764, ""score"": 0.9820265059860416}, ""gender=Male"": {""alpha"": 1.0, ""margin"": 0.9538836830380394, ""p_observed"": 0.9769418415190196, ""prior_probability"": 0.5294117647058824, ""score"": 0.9769418415190196}}","{""gender=Female"": {""alpha"": 1.0, ""margin"": 0.9640530119720835, ""p_observed"": 0.9820265059860416, ""prior_probability"": 0.47058823529411764, ""score"": 0.9640530119720835}, ""gender=Male"": {""alpha"": 1.0, ""margin"": 0.9538836830380394, ""p_observed"": 0.9769418415190196, ""prior_probability"": 0.5294117647058824, ""score"": 0.9538836830380394}}","{""gender=Female"": {""alpha"": 0.0, ""margin"": 0.9640530119720835, ""p_observed"": 0.9820265059860416, ""prior_probability"": 0.47058823529411764, ""score"": -0.7537718023763802}, ""gender=Male"": {""alpha"": 0.0, ""margin"": 0.9538836830380394, ""p_observed"": 0.9769418415190196, ""prior_probability"": 0.5294117647058824, ""score"": -0.6359887667199967}}"
163,Female,White,gender=Female,<=50K,"{""age"": ""34"", ""workclass"": ""Private"", ""fnlwgt"": ""198634"", ""education"": ""Assoc-voc"", ""educational-num"": ""11"", ""marital-status"": ""Never-married"", ""occupation"": ""Adm-clerical"", ""relationship"": ""Not-in-family"", ""race"": ""White"", ""capital-gain"": ""0"", ""capital-loss"": ""0"", ""hours-per-week"": ""40"", ""native-country"": ""United-States""}",gender=Male,gender=Female,gender=Female,,gender=Female,gender=Female,gender=Female,0,<=50K | Not-in-family | Never-married | Assoc-voc | Private,2,2,"{""gender=Female"": ""<=50K"", ""gender=Male"": ""<=50K""}","{""gender=Female"": {""alpha"": 1.0, ""margin"": 0.9285990804354746, ""p_observed"": 0.9642995402177371, ""prior_probability"": 0.8571428571428571, ""score"": 0.9642995402177371}, ""gender=Male"": {""alpha"": 1.0, ""margin"": 0.9196122716960866, ""p_observed"": 0.9598061358480431, ""prior_probability"": 0.14285714285714285, ""score"": 0.9598061358480431}}","{""gender=Female"": {""alpha"": 1.0, ""margin"": 0.9285990804354746, ""p_observed"": 0.9642995402177371, ""prior_probability"": 0.8571428571428571, ""score"": 0.9285990804354746}, ""gender=Male"": {""alpha"": 1.0, ""margin"": 0.9196122716960866, ""p_observed"": 0.9598061358480431, ""prior_probability"": 0.14285714285714285, ""score"": 0.9196122716960866}}","{""gender=Female"": {""alpha"": 0.0, ""margin"": 0.9285990804354746, ""p_observed"": 0.9642995402177371, ""prior_probability"": 0.8571428571428571, ""score"": -0.15415067982725836}, ""gender=Male"": {""alpha"": 0.0, ""margin"": 0.9196122716960866, ""p_observed"": 0.9598061358480431, ""prior_probability"": 0.14285714285714285, ""score"": -1.9459101490553135}}"
164,Male,White,gender=Male,<=50K,"{""age"": ""23"", ""workclass"": ""Private"", ""fnlwgt"": ""318483"", ""education"": ""HS-grad"", ""educational-num"": ""9"", ""marital-status"": ""Never-married"", ""occupation"": ""Sales"", ""relationship"": ""Own-child"", ""race"": ""White"", ""capital-gain"": ""0"", ""capital-loss"": ""0"", ""hours-per-week"": ""40"", ""native-country"": ""United-States""}",gender=Male,gender=Female,gender=Female,gender=Female,gender=Male,gender=Male,gender=Female,1,<=50K | Own-child | Never-married | HS-grad | Private,2,2,"{""gender=Female"": ""<=50K"", ""gender=Male"": ""<=50K""}","{""gender=Female"": {""alpha"": 1.0, ""margin"": 0.988922538821021, ""p_observed"": 0.9944612694105105, ""prior_probability"": 0.6222222222222222, ""score"": 0.9944612694105105}, ""gender=Male"": {""alpha"": 1.0, ""margin"": 0.9891220005445007, ""p_observed"": 0.9945610002722501, ""prior_probability"": 0.37777777777777777, ""score"": 0.9945610002722501}}","{""gender=Female"": {""alpha"": 1.0, ""margin"": 0.988922538821021, ""p_observed"": 0.9944612694105105, ""prior_probability"": 0.6222222222222222, ""score"": 0.988922538821021}, ""gender=Male"": {""alpha"": 1.0, ""margin"": 0.9891220005445007, ""p_observed"": 0.9945610002722501, ""prior_probability"": 0.37777777777777777, ""score"": 0.9891220005445007}}","{""gender=Female"": {""alpha"": 0.0, ""margin"": 0.988922538821021, ""p_observed"": 0.9944612694105105, ""prior_probability"": 0.6222222222222222, ""score"": -0.4744579795951158}, ""gender=Male"": {""alpha"": 0.0, ""margin"": 0.9891220005445007, ""p_observed"": 0.9945610002722501, ""prior_probability"": 0.37777777777777777, ""score"": -0.9734491457141037}}"
165,Female,Black,gender=Female,>50K,"{""age"": ""45"", ""workclass"": ""Private"", ""fnlwgt"": ""234699"", ""education"": ""HS-grad"", ""educational-num"": ""9"", ""marital-status"": ""Married-spouse-absent"", ""occupation"": ""Other-service"", ""relationship"": ""Unmarried"", ""race"": ""Black"", ""capital-gain"": ""0"", ""capital-loss"": ""0"", ""hours-per-week"": ""60"", ""native-country"": ""United-States""}",gender=Male,gender=Female,gender=Female,,gender=Male,gender=Male,gender=Female,0,>50K | Unmarried | Married-spouse-absent | HS-grad | Private,2,2,"{""gender=Female"": ""<=50K"", ""gender=Male"": ""<=50K""}","{""gender=Female"": {""alpha"": 1.0, ""margin"": -0.9413827163089095, ""p_observed"": 0.02930864184554524, ""prior_probability"": 0.6666666666666666, ""score"": 0.02930864184554524}, ""gender=Male"": {""alpha"": 1.0, ""margin"": -0.8330488385112881, ""p_observed"": 0.08347558074435604, ""prior_probability"": 0.3333333333333333, ""score"": 0.08347558074435604}}","{""gender=Female"": {""alpha"": 1.0, ""margin"": -0.9413827163089095, ""p_observed"": 0.02930864184554524, ""prior_probability"": 0.6666666666666666, ""score"": -0.9413827163089095}, ""gender=Male"": {""alpha"": 1.0, ""margin"": -0.8330488385112881, ""p_observed"": 0.08347558074435604, ""prior_probability"": 0.3333333333333333, ""score"": -0.8330488385112881}}","{""gender=Female"": {""alpha"": 0.0, ""margin"": -0.9413827163089095, ""p_observed"": 0.02930864184554524, ""prior_probability"": 0.6666666666666666, ""score"": -0.40546510810816444}, ""gender=Male"": {""alpha"": 0.0, ""margin"": -0.8330488385112881, ""p_observed"": 0.08347558074435604, ""prior_probability"": 0.3333333333333333, ""score"": -1.0986122886681098}}"
166,Male,White,gender=Male,>50K,"{""age"": ""29"", ""workclass"": ""Private"", ""fnlwgt"": ""490332"", ""education"": ""Some-college"", ""educational-num"": ""10"", ""marital-status"": ""Married-civ-spouse"", ""occupation"": ""Transport-moving"", ""relationship"": ""Husband"", ""race"": ""White"", ""capital-gain"": ""0"", ""capital-loss"": ""0"", ""hours-per-week"": ""45"", ""native-country"": ""United-States""}",gender=Male,gender=Male,gender=Male,,gender=Male,gender=Male,gender=Male,0,>50K | Husband | Married-civ-spouse | Some-college | Private,2,2,"{""gender=Female"": ""<=50K"", ""gender=Male"": ""<=50K""}","{""gender=Female"": {""alpha"": 1.0, ""margin"": -0.48641026911167595, ""p_observed"": 0.2567948654441621, ""prior_probability"": 0.01694915254237288, ""score"": 0.2567948654441621}, ""gender=Male"": {""alpha"": 1.0, ""margin"": -0.38713503288324935, ""p_observed"": 0.30643248355837527, ""prior_probability"": 0.9830508474576272, ""score"": 0.30643248355837527}}","{""gender=Female"": {""alpha"": 1.0, ""margin"": -0.48641026911167595, ""p_observed"": 0.2567948654441621, ""prior_probability"": 0.01694915254237288, ""score"": -0.48641026911167595}, ""gender=Male"": {""alpha"": 1.0, ""margin"": -0.38713503288324935, ""p_observed"": 0.30643248355837527, ""prior_probability"": 0.9830508474576272, ""score"": -0.38713503288324935}}","{""gender=Female"": {""alpha"": 0.0, ""margin"": -0.48641026911167595, ""p_observed"": 0.2567948654441621, ""prior_probability"": 0.01694915254237288, ""score"": -4.07753744390572}, ""gender=Male"": {""alpha"": 0.0, ""margin"": -0.38713503288324935, ""p_observed"": 0.30643248355837527, ""prior_probability"": 0.9830508474576272, ""score"": -0.017094433359300068}}"
167,Female,White,gender=Female,<=50K,"{""age"": ""22"", ""workclass"": ""Private"", ""fnlwgt"": ""217363"", ""education"": ""HS-grad"", ""educational-num"": ""9"", ""marital-status"": ""Separated"", ""occupation"": ""Adm-clerical"", ""relationship"": ""Unmarried"", ""race"": ""White"", ""capital-gain"": ""0"", ""capital-loss"": ""0"", ""hours-per-week"": ""40"", ""native-country"": ""United-States""}",gender=Male,gender=Female,gender=Female,,gender=Female,gender=Female,gender=Female,0,<=50K | Unmarried | Separated | HS-grad | Private,2,2,"{""gender=Female"": ""<=50K"", ""gender=Male"": ""<=50K""}","{""gender=Female"": {""alpha"": 1.0, ""margin"": 0.9750681450927793, ""p_observed"": 0.9875340725463897, ""prior_probability"": 0.9512195121951219, ""score"": 0.9875340725463897}, ""gender=Male"": {""alpha"": 1.0, ""margin"": 0.9354655496324871, ""p_observed"": 0.9677327748162435, ""prior_probability"": 0.04878048780487805, ""score"": 0.9677327748162435}}","{""gender=Female"": {""alpha"": 1.0, ""margin"": 0.9750681450927793, ""p_observed"": 0.9875340725463897, ""prior_probability"": 0.9512195121951219, ""score"": 0.9750681450927793}, ""gender=Male"": {""alpha"": 1.0, ""margin"": 0.9354655496324871, ""p_observed"": 0.9677327748162435, ""prior_probability"": 0.04878048780487805, ""score"": 0.9354655496324871}}","{""gender=Female"": {""alpha"": 0.0, ""margin"": 0.9750681450927793, ""p_observed"": 0.9875340725463897, ""prior_probability"": 0.9512195121951219, ""score"": -0.05001042057466142}, ""gender=Male"": {""alpha"": 0.0, ""margin"": 0.9354655496324871, ""p_observed"": 0.9677327748162435, ""prior_probability"": 0.04878048780487805, ""score"": -3.0204248861443626}}"
168,Male,White,gender=Male,>50K,"{""age"": ""41"", ""workclass"": ""Private"", ""fnlwgt"": ""117585"", ""education"": ""HS-grad"", ""educational-num"": ""9"", ""marital-status"": ""Married-civ-spouse"", ""occupation"": ""Exec-managerial"", ""relationship"": ""Husband"", ""race"": ""White"", ""capital-gain"": ""0"", ""capital-loss"": ""1485"", ""hours-per-week"": ""40"", ""native-country"": ""United-States""}",gender=Male,gender=Male,gender=Male,gender=Male,gender=Male,gender=Male,gender=Male,1,>50K | Husband | Married-civ-spouse | HS-grad | Private,2,2,"{""gender=Female"": ""<=50K"", ""gender=Male"": ""<=50K""}","{""gender=Female"": {""alpha"": 1.0, ""margin"": -0.1795813828250873, ""p_observed"": 0.4102093085874564, ""prior_probability"": 0.0049504950495049506, ""score"": 0.4102093085874564}, ""gender=Male"": {""alpha"": 1.0, ""margin"": -0.003917028593142247, ""p_observed"": 0.4980414857034289, ""prior_probability"": 0.995049504950495, ""score"": 0.4980414857034289}}","{""gender=Female"": {""alpha"": 1.0, ""margin"": -0.1795813828250873, ""p_observed"": 0.4102093085874564, ""prior_probability"": 0.0049504950495049506, ""score"": -0.1795813828250873}, ""gender=Male"": {""alpha"": 1.0, ""margin"": -0.003917028593142247, ""p_observed"": 0.4980414857034289, ""prior_probability"": 0.995049504950495, ""score"": -0.003917028593142247}}","{""gender=Female"": {""alpha"": 0.0, ""margin"": -0.1795813828250873, ""p_observed"": 0.4102093085874564, ""prior_probability"": 0.0049504950495049506, ""score"": -5.308267697401205}, ""gender=Male"": {""alpha"": 0.0, ""margin"": -0.003917028593142247, ""p_observed"": 0.4980414857034289, ""prior_probability"": 0.995049504950495, ""score"": -0.004962789342129014}}"
169,Female,White,gender=Female,<=50K,"{""age"": ""47"", ""workclass"": ""Private"", ""fnlwgt"": ""45857"", ""education"": ""HS-grad"", ""educational-num"": ""9"", ""marital-status"": ""Never-married"", ""occupation"": ""Adm-clerical"", ""relationship"": ""Unmarried"", ""race"": ""White"", ""capital-gain"": ""0"", ""capital-loss"": ""0"", ""hours-per-week"": ""40"", ""native-country"": ""United-States""}",gender=Male,gender=Female,gender=Female,,gender=Female,gender=Female,gender=Female,0,<=50K | Unmarried | Never-married | HS-grad | Private,2,2,"{""gender=Female"": ""<=50K"", ""gender=Male"": ""<=50K""}","{""gender=Female"": {""alpha"": 1.0, ""margin"": 0.955496551604185, ""p_observed"": 0.9777482758020923, ""prior_probability"": 0.7666666666666667, ""score"": 0.9777482758020923}, ""gender=Male"": {""alpha"": 1.0, ""margin"": 0.925902439494806, ""p_observed"": 0.962951219747403, ""prior_probability"": 0.23333333333333334, ""score"": 0.962951219747403}}","{""gender=Female"": {""alpha"": 1.0, ""margin"": 0.955496551604185, ""p_observed"": 0.9777482758020923, ""prior_probability"": 0.7666666666666667, ""score"": 0.955496551604185}, ""gender=Male"": {""alpha"": 1.0, ""margin"": 0.925902439494806, ""p_observed"": 0.962951219747403, ""prior_probability"": 0.23333333333333334, ""score"": 0.925902439494806}}","{""gender=Female"": {""alpha"": 0.0, ""margin"": 0.955496551604185, ""p_observed"": 0.9777482758020923, ""prior_probability"": 0.7666666666666667, ""score"": -0.2657031657330056}, ""gender=Male"": {""alpha"": 0.0, ""margin"": 0.925902439494806, ""p_observed"": 0.962951219747403, ""prior_probability"": 0.23333333333333334, ""score"": -1.455287232606842}}"
170,Female,White,gender=Female,<=50K,"{""age"": ""26"", ""workclass"": ""State-gov"", ""fnlwgt"": ""79089"", ""education"": ""Bachelors"", ""educational-num"": ""13"", ""marital-status"": ""Never-married"", ""occupation"": ""Adm-clerical"", ""relationship"": ""Not-in-family"", ""race"": ""White"", ""capital-gain"": ""0"", ""capital-loss"": ""0"", ""hours-per-week"": ""20"", ""native-country"": ""United-States""}",gender=Male,gender=Female,gender=Female,,gender=Female,gender=Female,gender=Female,0,<=50K | Not-in-family | Never-married | Bachelors | State-gov,2,2,"{""gender=Female"": ""<=50K"", ""gender=Male"": ""<=50K""}","{""gender=Female"": {""alpha"": 1.0, ""margin"": 0.9440650484971298, ""p_observed"": 0.9720325242485648, ""prior_probability"": 0.6183206106870229, ""score"": 0.9720325242485648}, ""gender=Male"": {""alpha"": 1.0, ""margin"": 0.9365790116327578, ""p_observed"": 0.9682895058163788, ""prior_probability"": 0.3816793893129771, ""score"": 0.9682895058163788}}","{""gender=Female"": {""alpha"": 1.0, ""margin"": 0.9440650484971298, ""p_observed"": 0.9720325242485648, ""prior_probability"": 0.6183206106870229, ""score"": 0.9440650484971298}, ""gender=Male"": {""alpha"": 1.0, ""margin"": 0.9365790116327578, ""p_observed"": 0.9682895058163788, ""prior_probability"": 0.3816793893129771, ""score"": 0.9365790116327578}}","{""gender=Female"": {""alpha"": 0.0, ""margin"": 0.9440650484971298, ""p_observed"": 0.9720325242485648, ""prior_probability"": 0.6183206106870229, ""score"": -0.4807481685287127}, ""gender=Male"": {""alpha"": 0.0, ""margin"": 0.9365790116327578, ""p_observed"": 0.9682895058163788, ""prior_probability"": 0.3816793893129771, ""score"": -0.9631743177730054}}"
171,Male,Asian-Pac-Islander,gender=Male,<=50K,"{""age"": ""19"", ""workclass"": ""Private"", ""fnlwgt"": ""301911"", ""education"": ""Some-college"", ""educational-num"": ""10"", ""marital-status"": ""Never-married"", ""occupation"": ""Sales"", ""relationship"": ""Own-child"", ""race"": ""Asian-Pac-Islander"", ""capital-gain"": ""0"", ""capital-loss"": ""0"", ""hours-per-week"": ""35"", ""native-country"": ""Laos""}",gender=Male,gender=Female,gender=Female,gender=Female,gender=Male,gender=Male,gender=Female,1,<=50K | Own-child | Never-married | Some-college | Private,2,2,"{""gender=Female"": ""<=50K"", ""gender=Male"": ""<=50K""}","{""gender=Female"": {""alpha"": 1.0, ""margin"": 0.9772736873709776, ""p_observed"": 0.9886368436854888, ""prior_probability"": 0.6565656565656566, ""score"": 0.9886368436854888}, ""gender=Male"": {""alpha"": 1.0, ""margin"": 0.9928779283359764, ""p_observed"": 0.9964389641679882, ""prior_probability"": 0.3434343434343434, ""score"": 0.9964389641679882}}","{""gender=Female"": {""alpha"": 1.0, ""margin"": 0.9772736873709776, ""p_observed"": 0.9886368436854888, ""prior_probability"": 0.6565656565656566, ""score"": 0.9772736873709776}, ""gender=Male"": {""alpha"": 1.0, ""margin"": 0.9928779283359764, ""p_observed"": 0.9964389641679882, ""prior_probability"": 0.3434343434343434, ""score"": 0.9928779283359764}}","{""gender=Female"": {""alpha"": 0.0, ""margin"": 0.9772736873709776, ""p_observed"": 0.9886368436854888, ""prior_probability"": 0.6565656565656566, ""score"": -0.4207325802389528}, ""gender=Male"": {""alpha"": 0.0, ""margin"": 0.9928779283359764, ""p_observed"": 0.9964389641679882, ""prior_probability"": 0.3434343434343434, ""score"": -1.0687593255184287}}"
172,Female,White,gender=Female,<=50K,"{""age"": ""40"", ""workclass"": ""Private"", ""fnlwgt"": ""171234"", ""education"": ""Assoc-voc"", ""educational-num"": ""11"", ""marital-status"": ""Never-married"", ""occupation"": ""Prof-specialty"", ""relationship"": ""Unmarried"", ""race"": ""White"", ""capital-gain"": ""0"", ""capital-loss"": ""0"", ""hours-per-week"": ""24"", ""native-country"": ""United-States""}",gender=Male,gender=Female,gender=Female,,gender=Female,gender=Female,gender=Female,0,<=50K | Unmarried | Never-married | Assoc-voc | Private,2,2,"{""gender=Female"": ""<=50K"", ""gender=Male"": ""<=50K""}","{""gender=Female"": {""alpha"": 1.0, ""margin"": 0.9321345524492142, ""p_observed"": 0.9660672762246071, ""prior_probability"": 0.75, ""score"": 0.9660672762246071}, ""gender=Male"": {""alpha"": 1.0, ""margin"": 0.8723799839797299, ""p_observed"": 0.9361899919898649, ""prior_probability"": 0.25, ""score"": 0.9361899919898649}}","{""gender=Female"": {""alpha"": 1.0, ""margin"": 0.9321345524492142, ""p_observed"": 0.9660672762246071, ""prior_probability"": 0.75, ""score"": 0.9321345524492142}, ""gender=Male"": {""alpha"": 1.0, ""margin"": 0.8723799839797299, ""p_observed"": 0.9361899919898649, ""prior_probability"": 0.25, ""score"": 0.8723799839797299}}","{""gender=Female"": {""alpha"": 0.0, ""margin"": 0.9321345524492142, ""p_observed"": 0.9660672762246071, ""prior_probability"": 0.75, ""score"": -0.2876820724517809}, ""gender=Male"": {""alpha"": 0.0, ""margin"": 0.8723799839797299, ""p_observed"": 0.9361899919898649, ""prior_probability"": 0.25, ""score"": -1.3862943611198906}}"
173,Male,White,gender=Male,>50K,"{""age"": ""45"", ""workclass"": ""Self-emp-not-inc"", ""fnlwgt"": ""123681"", ""education"": ""Prof-school"", ""educational-num"": ""15"", ""marital-status"": ""Married-civ-spouse"", ""occupation"": ""Prof-specialty"", ""relationship"": ""Husband"", ""race"": ""White"", ""capital-gain"": ""0"", ""capital-loss"": ""0"", ""hours-per-week"": ""40"", ""native-country"": ""United-States""}",gender=Male,gender=Male,gender=Male,,gender=Male,gender=Male,gender=Male,0,>50K | Husband | Married-civ-spouse | Prof-school | Self-emp-not-inc,2,2,"{""gender=Female"": "">50K"", ""gender=Male"": "">50K""}","{""gender=Female"": {""alpha"": 1.0, ""margin"": 0.36289448240088057, ""p_observed"": 0.6814472412004402, ""prior_probability"": 0.004132231404958678, ""score"": 0.6814472412004402}, ""gender=Male"": {""alpha"": 1.0, ""margin"": 0.47552815050860076, ""p_observed"": 0.7377640752543002, ""prior_probability"": 0.9958677685950413, ""score"": 0.7377640752543002}}","{""gender=Female"": {""alpha"": 1.0, ""margin"": 0.36289448240088057, ""p_observed"": 0.6814472412004402, ""prior_probability"": 0.004132231404958678, ""score"": 0.36289448240088057}, ""gender=Male"": {""alpha"": 1.0, ""margin"": 0.47552815050860076, ""p_observed"": 0.7377640752543002, ""prior_probability"": 0.9958677685950413, ""score"": 0.47552815050860076}}","{""gender=Female"": {""alpha"": 0.0, ""margin"": 0.36289448240088057, ""p_observed"": 0.6814472412004402, ""prior_probability"": 0.004132231404958678, ""score"": -5.488937726156687}, ""gender=Male"": {""alpha"": 0.0, ""margin"": 0.47552815050860076, ""p_observed"": 0.7377640752543002, ""prior_probability"": 0.9958677685950413, ""score"": -0.004140792666031388}}"
174,Male,White,gender=Male,>50K,"{""age"": ""39"", ""workclass"": ""Private"", ""fnlwgt"": ""248011"", ""education"": ""Assoc-voc"", ""educational-num"": ""11"", ""marital-status"": ""Married-civ-spouse"", ""occupation"": ""Machine-op-inspct"", ""relationship"": ""Husband"", ""race"": ""White"", ""capital-gain"": ""5178"", ""capital-loss"": ""0"", ""hours-per-week"": ""40"", ""native-country"": ""United-States""}",gender=Male,gender=Male,gender=Male,,gender=Male,gender=Male,gender=Male,0,>50K | Husband | Married-civ-spouse | Assoc-voc | Private,2,2,"{""gender=Female"": "">50K"", ""gender=Male"": "">50K""}","{""gender=Female"": {""alpha"": 1.0, ""margin"": 0.30473895805317874, ""p_observed"": 0.6523694790265894, ""prior_probability"": 0.07142857142857142, ""score"": 0.6523694790265894}, ""gender=Male"": {""alpha"": 1.0, ""margin"": 0.5821332187967772, ""p_observed"": 0.7910666093983885, ""prior_probability"": 0.9285714285714286, ""score"": 0.7910666093983885}}","{""gender=Female"": {""alpha"": 1.0, ""margin"": 0.30473895805317874, ""p_observed"": 0.6523694790265894, ""prior_probability"": 0.07142857142857142, ""score"": 0.30473895805317874}, ""gender=Male"": {""alpha"": 1.0, ""margin"": 0.5821332187967772, ""p_observed"": 0.7910666093983885, ""prior_probability"": 0.9285714285714286, ""score"": 0.5821332187967772}}","{""gender=Female"": {""alpha"": 0.0, ""margin"": 0.30473895805317874, ""p_observed"": 0.6523694790265894, ""prior_probability"": 0.07142857142857142, ""score"": -2.639057329615259}, ""gender=Male"": {""alpha"": 0.0, ""margin"": 0.5821332187967772, ""p_observed"": 0.7910666093983885, ""prior_probability"": 0.9285714285714286, ""score"": -0.07410797215372185}}"
175,Female,White,gender=Female,<=50K,"{""age"": ""40"", ""workclass"": ""Private"", ""fnlwgt"": ""224910"", ""education"": ""HS-grad"", ""educational-num"": ""9"", ""marital-status"": ""Never-married"", ""occupation"": ""Machine-op-inspct"", ""relationship"": ""Not-in-family"", ""race"": ""White"", ""capital-gain"": ""0"", ""capital-loss"": ""0"", ""hours-per-week"": ""40"", ""native-country"": ""United-States""}",gender=Male,gender=Male,gender=Male,gender=Male,gender=Female,gender=Female,gender=Male,1,<=50K | Not-in-family | Never-married | HS-grad | Private,2,2,"{""gender=Female"": ""<=50K"", ""gender=Male"": ""<=50K""}","{""gender=Female"": {""alpha"": 1.0, ""margin"": 0.9551764606436204, ""p_observed"": 0.9775882303218101, ""prior_probability"": 0.30434782608695654, ""score"": 0.9775882303218101}, ""gender=Male"": {""alpha"": 1.0, ""margin"": 0.9384423461027326, ""p_observed"": 0.969221173051366, ""prior_probability"": 0.6956521739130435, ""score"": 0.969221173051366}}","{""gender=Female"": {""alpha"": 1.0, ""margin"": 0.9551764606436204, ""p_observed"": 0.9775882303218101, ""prior_probability"": 0.30434782608695654, ""score"": 0.9551764606436204}, ""gender=Male"": {""alpha"": 1.0, ""margin"": 0.9384423461027326, ""p_observed"": 0.969221173051366, ""prior_probability"": 0.6956521739130435, ""score"": 0.9384423461027326}}","{""gender=Female"": {""alpha"": 0.0, ""margin"": 0.9551764606436204, ""p_observed"": 0.9775882303218101, ""prior_probability"": 0.30434782608695654, ""score"": -1.1895840668738362}, ""gender=Male"": {""alpha"": 0.0, ""margin"": 0.9384423461027326, ""p_observed"": 0.969221173051366, ""prior_probability"": 0.6956521739130435, ""score"": -0.3629054936893685}}"
176,Female,White,gender=Female,<=50K,"{""age"": ""22"", ""workclass"": ""Private"", ""fnlwgt"": ""64292"", ""education"": ""Some-college"", ""educational-num"": ""10"", ""marital-status"": ""Never-married"", ""occupation"": ""Adm-clerical"", ""relationship"": ""Own-child"", ""race"": ""White"", ""capital-gain"": ""0"", ""capital-loss"": ""0"", ""hours-per-week"": ""37"", ""native-country"": ""United-States""}",gender=Male,gender=Female,gender=Female,gender=Female,gender=Female,gender=Female,gender=Female,1,<=50K | Own-child | Never-married | Some-college | Private,2,2,"{""gender=Female"": ""<=50K"", ""gender=Male"": ""<=50K""}","{""gender=Female"": {""alpha"": 1.0, ""margin"": 0.9900594298169955, ""p_observed"": 0.9950297149084977, ""prior_probability"": 0.6830188679245283, ""score"": 0.9950297149084977}, ""gender=Male"": {""alpha"": 1.0, ""margin"": 0.987354629199375, ""p_observed"": 0.9936773145996872, ""prior_probability"": 0.3169811320754717, ""score"": 0.9936773145996872}}","{""gender=Female"": {""alpha"": 1.0, ""margin"": 0.9900594298169955, ""p_observed"": 0.9950297149084977, ""prior_probability"": 0.6830188679245283, ""score"": 0.9900594298169955}, ""gender=Male"": {""alpha"": 1.0, ""margin"": 0.987354629199375, ""p_observed"": 0.9936773145996872, ""prior_probability"": 0.3169811320754717, ""score"": 0.987354629199375}}","{""gender=Female"": {""alpha"": 0.0, ""margin"": 0.9900594298169955, ""p_observed"": 0.9950297149084977, ""prior_probability"": 0.6830188679245283, ""score"": -0.3812327947203965}, ""gender=Male"": {""alpha"": 0.0, ""margin"": 0.987354629199375, ""p_observed"": 0.9936773145996872, ""prior_probability"": 0.3169811320754717, ""score"": -1.1489130271429087}}"
177,Male,White,gender=Male,>50K,"{""age"": ""40"", ""workclass"": ""State-gov"", ""fnlwgt"": ""188693"", ""education"": ""Masters"", ""educational-num"": ""14"", ""marital-status"": ""Married-civ-spouse"", ""occupation"": ""Prof-specialty"", ""relationship"": ""Husband"", ""race"": ""White"", ""capital-gain"": ""0"", ""capital-loss"": ""0"", ""hours-per-week"": ""35"", ""native-country"": ""United-States""}",gender=Male,gender=Male,gender=Male,,gender=Male,gender=Male,gender=Male,0,>50K | Husband | Married-civ-spouse | Masters | State-gov,2,2,"{""gender=Female"": "">50K"", ""gender=Male"": "">50K""}","{""gender=Female"": {""alpha"": 1.0, ""margin"": 0.08444173586904835, ""p_observed"": 0.5422208679345242, ""prior_probability"": 0.004524886877828055, ""score"": 0.5422208679345242}, ""gender=Male"": {""alpha"": 1.0, ""margin"": 0.22827743852938137, ""p_observed"": 0.6141387192646908, ""prior_probability"": 0.995475113122172, ""score"": 0.6141387192646908}}","{""gender=Female"": {""alpha"": 1.0, ""margin"": 0.08444173586904835, ""p_observed"": 0.5422208679345242, ""prior_probability"": 0.004524886877828055, ""score"": 0.08444173586904835}, ""gender=Male"": {""alpha"": 1.0, ""margin"": 0.22827743852938137, ""p_observed"": 0.6141387192646908, ""prior_probability"": 0.995475113122172, ""score"": 0.22827743852938137}}","{""gender=Female"": {""alpha"": 0.0, ""margin"": 0.08444173586904835, ""p_observed"": 0.5422208679345242, ""prior_probability"": 0.004524886877828055, ""score"": -5.3981627015177525}, ""gender=Male"": {""alpha"": 0.0, ""margin"": 0.22827743852938137, ""p_observed"": 0.6141387192646908, ""prior_probability"": 0.995475113122172, ""score"": -0.004535155165391262}}"
178,Male,White,gender=Male,<=50K,"{""age"": ""63"", ""workclass"": ""Self-emp-inc"", ""fnlwgt"": ""110610"", ""education"": ""10th"", ""educational-num"": ""6"", ""marital-status"": ""Married-civ-spouse"", ""occupation"": ""Farming-fishing"", ""relationship"": ""Husband"", ""race"": ""White"", ""capital-gain"": ""0"", ""capital-loss"": ""0"", ""hours-per-week"": ""50"", ""native-country"": ""United-States""}",gender=Male,gender=Male,gender=Male,,gender=Female,gender=Female,gender=Male,0,<=50K | Husband | Married-civ-spouse | 10th | Self-emp-inc,2,2,"{""gender=Female"": ""<=50K"", ""gender=Male"": ""<=50K""}","{""gender=Female"": {""alpha"": 1.0, ""margin"": 0.5779212129705786, ""p_observed"": 0.7889606064852891, ""prior_probability"": 0.05555555555555555, ""score"": 0.7889606064852891}, ""gender=Male"": {""alpha"": 1.0, ""margin"": 0.5126148505781484, ""p_observed"": 0.756307425289074, ""prior_probability"": 0.9444444444444444, ""score"": 0.756307425289074}}","{""gender=Female"": {""alpha"": 1.0, ""margin"": 0.5779212129705786, ""p_observed"": 0.7889606064852891, ""prior_probability"": 0.05555555555555555, ""score"": 0.5779212129705786}, ""gender=Male"": {""alpha"": 1.0, ""margin"": 0.5126148505781484, ""p_observed"": 0.756307425289074, ""prior_probability"": 0.9444444444444444, ""score"": 0.5126148505781484}}","{""gender=Female"": {""alpha"": 0.0, ""margin"": 0.5779212129705786, ""p_observed"": 0.7889606064852891, ""prior_probability"": 0.05555555555555555, ""score"": -2.890371757896165}, ""gender=Male"": {""alpha"": 0.0, ""margin"": 0.5126148505781484, ""p_observed"": 0.756307425289074, ""prior_probability"": 0.9444444444444444, ""score"": -0.05715841383994864}}"
179,Male,Black,gender=Male,<=50K,"{""age"": ""25"", ""workclass"": ""Private"", ""fnlwgt"": ""60726"", ""education"": ""HS-grad"", ""educational-num"": ""9"", ""marital-status"": ""Married-civ-spouse"", ""occupation"": ""Transport-moving"", ""relationship"": ""Husband"", ""race"": ""Black"", ""capital-gain"": ""0"", ""capital-loss"": ""0"", ""hours-per-week"": ""30"", ""native-country"": ""United-States""}",gender=Male,gender=Male,gender=Male,,gender=Female,gender=Female,gender=Male,0,<=50K | Husband | Married-civ-spouse | HS-grad | Private,2,2,"{""gender=Female"": ""<=50K"", ""gender=Male"": ""<=50K""}","{""gender=Female"": {""alpha"": 1.0, ""margin"": 0.7086315173316177, ""p_observed"": 0.8543157586658088, ""prior_probability"": 0.003125, ""score"": 0.8543157586658088}, ""gender=Male"": {""alpha"": 1.0, ""margin"": 0.6733128136373083, ""p_observed"": 0.8366564068186539, ""prior_probability"": 0.996875, ""score"": 0.8366564068186539}}","{""gender=Female"": {""alpha"": 1.0, ""margin"": 0.7086315173316177, ""p_observed"": 0.8543157586658088, ""prior_probability"": 0.003125, ""score"": 0.7086315173316177}, ""gender=Male"": {""alpha"": 1.0, ""margin"": 0.6733128136373083, ""p_observed"": 0.8366564068186539, ""prior_probability"": 0.996875, ""score"": 0.6733128136373083}}","{""gender=Female"": {""alpha"": 0.0, ""margin"": 0.7086315173316177, ""p_observed"": 0.8543157586658088, ""prior_probability"": 0.003125, ""score"": -5.768320995793772}, ""gender=Male"": {""alpha"": 0.0, ""margin"": 0.6733128136373083, ""p_observed"": 0.8366564068186539, ""prior_probability"": 0.996875, ""score"": -0.0031298930089277044}}"
180,Male,White,gender=Male,<=50K,"{""age"": ""44"", ""workclass"": ""Private"", ""fnlwgt"": ""76196"", ""education"": ""Bachelors"", ""educational-num"": ""13"", ""marital-status"": ""Married-civ-spouse"", ""occupation"": ""Exec-managerial"", ""relationship"": ""Husband"", ""race"": ""White"", ""capital-gain"": ""0"", ""capital-loss"": ""0"", ""hours-per-week"": ""50"", ""native-country"": ""United-States""}",gender=Male,gender=Male,gender=Male,,gender=Female,gender=Female,gender=Male,0,<=50K | Husband | Married-civ-spouse | Bachelors | Private,2,2,"{""gender=Female"": "">50K"", ""gender=Male"": "">50K""}","{""gender=Female"": {""alpha"": 1.0, ""margin"": -0.2513178396473928, ""p_observed"": 0.3743410801763036, ""prior_probability"": 0.00641025641025641, ""score"": 0.3743410801763036}, ""gender=Male"": {""alpha"": 1.0, ""margin"": -0.5171655982989026, ""p_observed"": 0.2414172008505487, ""prior_probability"": 0.9935897435897436, ""score"": 0.2414172008505487}}","{""gender=Female"": {""alpha"": 1.0, ""margin"": -0.2513178396473928, ""p_observed"": 0.3743410801763036, ""prior_probability"": 0.00641025641025641, ""score"": -0.2513178396473928}, ""gender=Male"": {""alpha"": 1.0, ""margin"": -0.5171655982989026, ""p_observed"": 0.2414172008505487, ""prior_probability"": 0.9935897435897436, ""score"": -0.5171655982989026}}","{""gender=Female"": {""alpha"": 0.0, ""margin"": -0.2513178396473928, ""p_observed"": 0.3743410801763036, ""prior_probability"": 0.00641025641025641, ""score"": -5.049856007249537}, ""gender=Male"": {""alpha"": 0.0, ""margin"": -0.5171655982989026, ""p_observed"": 0.2414172008505487, ""prior_probability"": 0.9935897435897436, ""score"": -0.0064308903302904025}}"
181,Male,White,gender=Male,<=50K,"{""age"": ""46"", ""workclass"": ""Private"", ""fnlwgt"": ""168191"", ""education"": ""HS-grad"", ""educational-num"": ""9"", ""marital-status"": ""Separated"", ""occupation"": ""Craft-repair"", ""relationship"": ""Not-in-family"", ""race"": ""White"", ""capital-gain"": ""0"", ""capital-loss"": ""0"", ""hours-per-week"": ""2"", ""native-country"": ""Italy""}",gender=Male,gender=Male,gender=Male,,gender=Female,gender=Female,gender=Male,0,<=50K | Not-in-family | Separated | HS-grad | Private,2,2,"{""gender=Female"": ""<=50K"", ""gender=Male"": ""<=50K""}","{""gender=Female"": {""alpha"": 1.0, ""margin"": 0.9085472993119513, ""p_observed"": 0.9542736496559755, ""prior_probability"": 0.11538461538461539, ""score"": 0.9542736496559755}, ""gender=Male"": {""alpha"": 1.0, ""margin"": 0.8164382819362759, ""p_observed"": 0.9082191409681377, ""prior_probability"": 0.8846153846153846, ""score"": 0.9082191409681377}}","{""gender=Female"": {""alpha"": 1.0, ""margin"": 0.9085472993119513, ""p_observed"": 0.9542736496559755, ""prior_probability"": 0.11538461538461539, ""score"": 0.9085472993119513}, ""gender=Male"": {""alpha"": 1.0, ""margin"": 0.8164382819362759, ""p_observed"": 0.9082191409681377, ""prior_probability"": 0.8846153846153846, ""score"": 0.8164382819362759}}","{""gender=Female"": {""alpha"": 0.0, ""margin"": 0.9085472993119513, ""p_observed"": 0.9542736496559755, ""prior_probability"": 0.11538461538461539, ""score"": -2.159484249353372}, ""gender=Male"": {""alpha"": 0.0, ""margin"": 0.8164382819362759, ""p_observed"": 0.9082191409681377, ""prior_probability"": 0.8846153846153846, ""score"": -0.12260232209233239}}"
182,Male,White,gender=Male,<=50K,"{""age"": ""35"", ""workclass"": ""Local-gov"", ""fnlwgt"": ""145308"", ""education"": ""Some-college"", ""educational-num"": ""10"", ""marital-status"": ""Married-civ-spouse"", ""occupation"": ""Other-service"", ""relationship"": ""Husband"", ""race"": ""White"", ""capital-gain"": ""0"", ""capital-loss"": ""0"", ""hours-per-week"": ""40"", ""native-country"": ""United-States""}",gender=Male,gender=Male,gender=Male,,gender=Female,gender=Female,gender=Male,0,<=50K | Husband | Married-civ-spouse | Some-college | Local-gov,2,2,"{""gender=Female"": ""<=50K"", ""gender=Male"": ""<=50K""}","{""gender=Female"": {""alpha"": 1.0, ""margin"": 0.5529007989348947, ""p_observed"": 0.7764503994674474, ""prior_probability"": 0.014285714285714285, ""score"": 0.7764503994674474}, ""gender=Male"": {""alpha"": 1.0, ""margin"": 0.5048184045365931, ""p_observed"": 0.7524092022682964, ""prior_probability"": 0.9857142857142858, ""score"": 0.7524092022682964}}","{""gender=Female"": {""alpha"": 1.0, ""margin"": 0.5529007989348947, ""p_observed"": 0.7764503994674474, ""prior_probability"": 0.014285714285714285, ""score"": 0.5529007989348947}, ""gender=Male"": {""alpha"": 1.0, ""margin"": 0.5048184045365931, ""p_observed"": 0.7524092022682964, ""prior_probability"": 0.9857142857142858, ""score"": 0.5048184045365931}}","{""gender=Female"": {""alpha"": 0.0, ""margin"": 0.5529007989348947, ""p_observed"": 0.7764503994674474, ""prior_probability"": 0.014285714285714285, ""score"": -4.248495242049359}, ""gender=Male"": {""alpha"": 0.0, ""margin"": 0.5048184045365931, ""p_observed"": 0.7524092022682964, ""prior_probability"": 0.9857142857142858, ""score"": -0.014388737452099556}}"
183,Male,Asian-Pac-Islander,gender=Male,<=50K,"{""age"": ""23"", ""workclass"": ""Private"", ""fnlwgt"": ""239539"", ""education"": ""HS-grad"", ""educational-num"": ""9"", ""marital-status"": ""Never-married"", ""occupation"": ""Machine-op-inspct"", ""relationship"": ""Own-child"", ""race"": ""Asian-Pac-Islander"", ""capital-gain"": ""0"", ""capital-loss"": ""0"", ""hours-per-week"": ""40"", ""native-country"": ""Philippines""}",gender=Male,gender=Male,gender=Male,gender=Male,gender=Male,gender=Male,gender=Male,1,<=50K | Own-child | Never-married | HS-grad | Private,2,2,"{""gender=Female"": ""<=50K"", ""gender=Male"": ""<=50K""}","{""gender=Female"": {""alpha"": 1.0, ""margin"": 0.9871913714790463, ""p_observed"": 0.9935956857395232, ""prior_probability"": 0.24299065420560748, ""score"": 0.9935956857395232}, ""gender=Male"": {""alpha"": 1.0, ""margin"": 0.9903913978784007, ""p_observed"": 0.9951956989392002, ""prior_probability"": 0.7570093457943925, ""score"": 0.9951956989392002}}","{""gender=Female"": {""alpha"": 1.0, ""margin"": 0.9871913714790463, ""p_observed"": 0.9935956857395232, ""prior_probability"": 0.24299065420560748, ""score"": 0.9871913714790463}, ""gender=Male"": {""alpha"": 1.0, ""margin"": 0.9903913978784007, ""p_observed"": 0.9951956989392002, ""prior_probability"": 0.7570093457943925, ""score"": 0.9903913978784007}}","{""gender=Female"": {""alpha"": 0.0, ""margin"": 0.9871913714790463, ""p_observed"": 0.9935956857395232, ""prior_probability"": 0.24299065420560748, ""score"": -1.414732296440424}, ""gender=Male"": {""alpha"": 0.0, ""margin"": 0.9903913978784007, ""p_observed"": 0.9951956989392002, ""prior_probability"": 0.7570093457943925, ""score"": -0.2783796797894674}}"
184,Male,White,gender=Male,<=50K,"{""age"": ""21"", ""workclass"": ""Private"", ""fnlwgt"": ""205759"", ""education"": ""HS-grad"", ""educational-num"": ""9"", ""marital-status"": ""Never-married"", ""occupation"": ""Handlers-cleaners"", ""relationship"": ""Own-child"", ""race"": ""White"", ""capital-gain"": ""0"", ""capital-loss"": ""0"", ""hours-per-week"": ""40"", ""native-country"": ""United-States""}",gender=Male,gender=Male,gender=Male,gender=Male,gender=Male,gender=Male,gender=Male,1,<=50K | Own-child | Never-married | HS-grad | Private,2,2,"{""gender=Female"": ""<=50K"", ""gender=Male"": ""<=50K""}","{""gender=Female"": {""alpha"": 1.0, ""margin"": 0.9895921592154171, ""p_observed"": 0.9947960796077085, ""prior_probability"": 0.19047619047619047, ""score"": 0.9947960796077085}, ""gender=Male"": {""alpha"": 1.0, ""margin"": 0.9917194915739617, ""p_observed"": 0.9958597457869807, ""prior_probability"": 0.8095238095238095, ""score"": 0.9958597457869807}}","{""gender=Female"": {""alpha"": 1.0, ""margin"": 0.9895921592154171, ""p_observed"": 0.9947960796077085, ""prior_probability"": 0.19047619047619047, ""score"": 0.9895921592154171}, ""gender=Male"": {""alpha"": 1.0, ""margin"": 0.9917194915739617, ""p_observed"": 0.9958597457869807, ""prior_probability"": 0.8095238095238095, ""score"": 0.9917194915739617}}","{""gender=Female"": {""alpha"": 0.0, ""margin"": 0.9895921592154171, ""p_observed"": 0.9947960796077085, ""prior_probability"": 0.19047619047619047, ""score"": -1.6582280766035324}, ""gender=Male"": {""alpha"": 0.0, ""margin"": 0.9917194915739617, ""p_observed"": 0.9958597457869807, ""prior_probability"": 0.8095238095238095, ""score"": -0.2113090936672069}}"
185,Male,White,gender=Male,>50K,"{""age"": ""56"", ""workclass"": ""Private"", ""fnlwgt"": ""182062"", ""education"": ""HS-grad"", ""educational-num"": ""9"", ""marital-status"": ""Married-civ-spouse"", ""occupation"": ""Transport-moving"", ""relationship"": ""Husband"", ""race"": ""White"", ""capital-gain"": ""0"", ""capital-loss"": ""0"", ""hours-per-week"": ""48"", ""native-country"": ""United-States""}",gender=Male,gender=Male,gender=Male,gender=Male,gender=Male,gender=Male,gender=Male,1,>50K | Husband | Married-civ-spouse | HS-grad | Private,2,2,"{""gender=Female"": ""<=50K"", ""gender=Male"": ""<=50K""}","{""gender=Female"": {""alpha"": 1.0, ""margin"": -0.3688733085201248, ""p_observed"": 0.3155633457399373, ""prior_probability"": 0.006802721088435374, ""score"": 0.3155633457399373}, ""gender=Male"": {""alpha"": 1.0, ""margin"": -0.28568940443838015, ""p_observed"": 0.35715529778080984, ""prior_probability"": 0.9931972789115646, ""score"": 0.35715529778080984}}","{""gender=Female"": {""alpha"": 1.0, ""margin"": -0.3688733085201248, ""p_observed"": 0.3155633457399373, ""prior_probability"": 0.006802721088435374, ""score"": -0.3688733085201248}, ""gender=Male"": {""alpha"": 1.0, ""margin"": -0.28568940443838015, ""p_observed"": 0.35715529778080984, ""prior_probability"": 0.9931972789115646, ""score"": -0.28568940443838015}}","{""gender=Female"": {""alpha"": 0.0, ""margin"": -0.3688733085201248, ""p_observed"": 0.3155633457399373, ""prior_probability"": 0.006802721088435374, ""score"": -4.990432586778736}, ""gender=Male"": {""alpha"": 0.0, ""margin"": -0.28568940443838015, ""p_observed"": 0.35715529778080984, ""prior_probability"": 0.9931972789115646, ""score"": -0.006825965070399871}}"
186,Male,White,gender=Male,>50K,"{""age"": ""59"", ""workclass"": ""Federal-gov"", ""fnlwgt"": ""190541"", ""education"": ""HS-grad"", ""educational-num"": ""9"", ""marital-status"": ""Married-civ-spouse"", ""occupation"": ""Craft-repair"", ""relationship"": ""Husband"", ""race"": ""White"", ""capital-gain"": ""0"", ""capital-loss"": ""0"", ""hours-per-week"": ""40"", ""native-country"": ""United-States""}",gender=Male,gender=Male,gender=Male,,gender=Male,gender=Male,gender=Male,0,>50K | Husband | Married-civ-spouse | HS-grad | Federal-gov,2,2,"{""gender=Female"": ""<=50K"", ""gender=Male"": ""<=50K""}","{""gender=Female"": {""alpha"": 1.0, ""margin"": -0.3120095598957314, ""p_observed"": 0.343995220052134, ""prior_probability"": 0.0031847133757961785, ""score"": 0.343995220052134}, ""gender=Male"": {""alpha"": 1.0, ""margin"": -0.2889342040196052, ""p_observed"": 0.3555328979901973, ""prior_probability"": 0.9968152866242038, ""score"": 0.3555328979901973}}","{""gender=Female"": {""alpha"": 1.0, ""margin"": -0.3120095598957314, ""p_observed"": 0.343995220052134, ""prior_probability"": 0.0031847133757961785, ""score"": -0.3120095598957314}, ""gender=Male"": {""alpha"": 1.0, ""margin"": -0.2889342040196052, ""p_observed"": 0.3555328979901973, ""prior_probability"": 0.9968152866242038, ""score"": -0.2889342040196052}}","{""gender=Female"": {""alpha"": 0.0, ""margin"": -0.3120095598957314, ""p_observed"": 0.343995220052134, ""prior_probability"": 0.0031847133757961785, ""score"": -5.749392985908253}, ""gender=Male"": {""alpha"": 0.0, ""margin"": -0.2889342040196052, ""p_observed"": 0.3555328979901973, ""prior_probability"": 0.9968152866242038, ""score"": -0.0031897953681001494}}"
187,Male,White,gender=Male,>50K,"{""age"": ""33"", ""workclass"": ""Private"", ""fnlwgt"": ""159187"", ""education"": ""Some-college"", ""educational-num"": ""10"", ""marital-status"": ""Married-civ-spouse"", ""occupation"": ""Machine-op-inspct"", ""relationship"": ""Husband"", ""race"": ""White"", ""capital-gain"": ""0"", ""capital-loss"": ""0"", ""hours-per-week"": ""54"", ""native-country"": ""United-States""}",gender=Male,gender=Male,gender=Male,,gender=Male,gender=Male,gender=Male,0,>50K | Husband | Married-civ-spouse | Some-college | Private,2,2,"{""gender=Female"": ""<=50K"", ""gender=Male"": ""<=50K""}","{""gender=Female"": {""alpha"": 1.0, ""margin"": -0.42752242230892507, ""p_observed"": 0.2862387888455374, ""prior_probability"": 0.023809523809523808, ""score"": 0.2862387888455374}, ""gender=Male"": {""alpha"": 1.0, ""margin"": -0.33353146788830706, ""p_observed"": 0.33323426605584644, ""prior_probability"": 0.9761904761904762, ""score"": 0.33323426605584644}}","{""gender=Female"": {""alpha"": 1.0, ""margin"": -0.42752242230892507, ""p_observed"": 0.2862387888455374, ""prior_probability"": 0.023809523809523808, ""score"": -0.42752242230892507}, ""gender=Male"": {""alpha"": 1.0, ""margin"": -0.33353146788830706, ""p_observed"": 0.33323426605584644, ""prior_probability"": 0.9761904761904762, ""score"": -0.33353146788830706}}","{""gender=Female"": {""alpha"": 0.0, ""margin"": -0.42752242230892507, ""p_observed"": 0.2862387888455374, ""prior_probability"": 0.023809523809523808, ""score"": -3.7376696182833684}, ""gender=Male"": {""alpha"": 0.0, ""margin"": -0.33353146788830706, ""p_observed"": 0.33323426605584644, ""prior_probability"": 0.9761904761904762, ""score"": -0.02409755157906053}}"
188,Male,White,gender=Male,<=50K,"{""age"": ""20"", ""workclass"": ""Private"", ""fnlwgt"": ""228452"", ""education"": ""Some-college"", ""educational-num"": ""10"", ""marital-status"": ""Never-married"", ""occupation"": ""Sales"", ""relationship"": ""Not-in-family"", ""race"": ""White"", ""capital-gain"": ""0"", ""capital-loss"": ""0"", ""hours-per-week"": ""50"", ""native-country"": ""United-States""}",gender=Male,gender=Male,gender=Male,,gender=Female,gender=Female,gender=Male,0,<=50K | Not-in-family | Never-married | Some-college | Private,2,2,"{""gender=Female"": ""<=50K"", ""gender=Male"": ""<=50K""}","{""gender=Female"": {""alpha"": 1.0, ""margin"": 0.943724492813859, ""p_observed"": 0.9718622464069295, ""prior_probability"": 0.4296875, ""score"": 0.9718622464069295}, ""gender=Male"": {""alpha"": 1.0, ""margin"": 0.9228060060940039, ""p_observed"": 0.9614030030470019, ""prior_probability"": 0.5703125, ""score"": 0.9614030030470019}}","{""gender=Female"": {""alpha"": 1.0, ""margin"": 0.943724492813859, ""p_observed"": 0.9718622464069295, ""prior_probability"": 0.4296875, ""score"": 0.943724492813859}, ""gender=Male"": {""alpha"": 1.0, ""margin"": 0.9228060060940039, ""p_observed"": 0.9614030030470019, ""prior_probability"": 0.5703125, ""score"": 0.9228060060940039}}","{""gender=Female"": {""alpha"": 0.0, ""margin"": 0.943724492813859, ""p_observed"": 0.9718622464069295, ""prior_probability"": 0.4296875, ""score"": -0.8446970786871463}, ""gender=Male"": {""alpha"": 0.0, ""margin"": 0.9228060060940039, ""p_observed"": 0.9614030030470019, ""prior_probability"": 0.5703125, ""score"": -0.561570822771226}}"
189,Male,White,gender=Male,>50K,"{""age"": ""56"", ""workclass"": ""Federal-gov"", ""fnlwgt"": ""277420"", ""education"": ""Bachelors"", ""educational-num"": ""13"", ""marital-status"": ""Married-civ-spouse"", ""occupation"": ""Exec-managerial"", ""relationship"": ""Husband"", ""race"": ""White"", ""capital-gain"": ""0"", ""capital-loss"": ""0"", ""hours-per-week"": ""40"", ""native-country"": ""Puerto-Rico""}",gender=Male,gender=Male,gender=Male,,gender=Male,gender=Male,gender=Male,0,>50K | Husband | Married-civ-spouse | Bachelors | Federal-gov,2,2,"{""gender=Female"": "">50K"", ""gender=Male"": "">50K""}","{""gender=Female"": {""alpha"": 1.0, ""margin"": 0.10368423652486797, ""p_observed"": 0.5518421182624339, ""prior_probability"": 0.00186219739292365, ""score"": 0.5518421182624339}, ""gender=Male"": {""alpha"": 1.0, ""margin"": 0.303208954866134, ""p_observed"": 0.6516044774330669, ""prior_probability"": 0.9981378026070763, ""score"": 0.6516044774330669}}","{""gender=Female"": {""alpha"": 1.0, ""margin"": 0.10368423652486797, ""p_observed"": 0.5518421182624339, ""prior_probability"": 0.00186219739292365, ""score"": 0.10368423652486797}, ""gender=Male"": {""alpha"": 1.0, ""margin"": 0.303208954866134, ""p_observed"": 0.6516044774330669, ""prior_probability"": 0.9981378026070763, ""score"": 0.303208954866134}}","{""gender=Female"": {""alpha"": 0.0, ""margin"": 0.10368423652486797, ""p_observed"": 0.5518421182624339, ""prior_probability"": 0.00186219739292365, ""score"": -6.285998094508865}, ""gender=Male"": {""alpha"": 0.0, ""margin"": 0.303208954866134, ""p_observed"": 0.6516044774330669, ""prior_probability"": 0.9981378026070763, ""score"": -0.0018639334380627533}}"
190,Female,White,gender=Female,<=50K,"{""age"": ""50"", ""workclass"": ""Private"", ""fnlwgt"": ""398625"", ""education"": ""11th"", ""educational-num"": ""7"", ""marital-status"": ""Widowed"", ""occupation"": ""Machine-op-inspct"", ""relationship"": ""Not-in-family"", ""race"": ""White"", ""capital-gain"": ""0"", ""capital-loss"": ""0"", ""hours-per-week"": ""40"", ""native-country"": ""United-States""}",gender=Male,gender=Female,gender=Female,,gender=Female,gender=Female,gender=Female,0,<=50K | Not-in-family | Widowed | 11th | Private,2,2,"{""gender=Female"": ""<=50K"", ""gender=Male"": ""<=50K""}","{""gender=Female"": {""alpha"": 1.0, ""margin"": 0.9376356329721723, ""p_observed"": 0.968817816486086, ""prior_probability"": 0.6, ""score"": 0.968817816486086}, ""gender=Male"": {""alpha"": 1.0, ""margin"": 0.8753970261041272, ""p_observed"": 0.9376985130520635, ""prior_probability"": 0.4, ""score"": 0.9376985130520635}}","{""gender=Female"": {""alpha"": 1.0, ""margin"": 0.9376356329721723, ""p_observed"": 0.968817816486086, ""prior_probability"": 0.6, ""score"": 0.9376356329721723}, ""gender=Male"": {""alpha"": 1.0, ""margin"": 0.8753970261041272, ""p_observed"": 0.9376985130520635, ""prior_probability"": 0.4, ""score"": 0.8753970261041272}}","{""gender=Female"": {""alpha"": 0.0, ""margin"": 0.9376356329721723, ""p_observed"": 0.968817816486086, ""prior_probability"": 0.6, ""score"": -0.5108256237659907}, ""gender=Male"": {""alpha"": 0.0, ""margin"": 0.8753970261041272, ""p_observed"": 0.9376985130520635, ""prior_probability"": 0.4, ""score"": -0.916290731874155}}"
191,Female,White,gender=Female,<=50K,"{""age"": ""23"", ""workclass"": ""Local-gov"", ""fnlwgt"": ""307267"", ""education"": ""Bachelors"", ""educational-num"": ""13"", ""marital-status"": ""Never-married"", ""occupation"": ""Prof-specialty"", ""relationship"": ""Not-in-family"", ""race"": ""White"", ""capital-gain"": ""0"", ""capital-loss"": ""0"", ""hours-per-week"": ""10"", ""native-country"": ""United-States""}",gender=Male,gender=Female,gender=Female,,gender=Female,gender=Female,gender=Female,0,<=50K | Not-in-family | Never-married | Bachelors | Local-gov,2,2,"{""gender=Female"": ""<=50K"", ""gender=Male"": ""<=50K""}","{""gender=Female"": {""alpha"": 1.0, ""margin"": 0.9476978316744655, ""p_observed"": 0.9738489158372327, ""prior_probability"": 0.5366666666666666, ""score"": 0.9738489158372327}, ""gender=Male"": {""alpha"": 1.0, ""margin"": 0.9015312436235886, ""p_observed"": 0.9507656218117942, ""prior_probability"": 0.4633333333333333, ""score"": 0.9507656218117942}}","{""gender=Female"": {""alpha"": 1.0, ""margin"": 0.9476978316744655, ""p_observed"": 0.9738489158372327, ""prior_probability"": 0.5366666666666666, ""score"": 0.9476978316744655}, ""gender=Male"": {""alpha"": 1.0, ""margin"": 0.9015312436235886, ""p_observed"": 0.9507656218117942, ""prior_probability"": 0.4633333333333333, ""score"": 0.9015312436235886}}","{""gender=Female"": {""alpha"": 0.0, ""margin"": 0.9476978316744655, ""p_observed"": 0.9738489158372327, ""prior_probability"": 0.5366666666666666, ""score"": -0.6223781096717381}, ""gender=Male"": {""alpha"": 0.0, ""margin"": 0.9015312436235886, ""p_observed"": 0.9507656218117942, ""prior_probability"": 0.4633333333333333, ""score"": -0.7693085415255093}}"
192,Female,White,gender=Female,<=50K,"{""age"": ""58"", ""workclass"": ""Private"", ""fnlwgt"": ""142326"", ""education"": ""Bachelors"", ""educational-num"": ""13"", ""marital-status"": ""Divorced"", ""occupation"": ""Prof-specialty"", ""relationship"": ""Not-in-family"", ""race"": ""White"", ""capital-gain"": ""0"", ""capital-loss"": ""0"", ""hours-per-week"": ""50"", ""native-country"": ""United-States""}",gender=Male,gender=Female,gender=Female,,gender=Female,gender=Female,gender=Female,0,<=50K | Not-in-family | Divorced | Bachelors | Private,2,2,"{""gender=Female"": ""<=50K"", ""gender=Male"": ""<=50K""}","{""gender=Female"": {""alpha"": 1.0, ""margin"": 0.4876854064129891, ""p_observed"": 0.7438427032064946, ""prior_probability"": 0.5333333333333333, ""score"": 0.7438427032064946}, ""gender=Male"": {""alpha"": 1.0, ""margin"": 0.3192800598692722, ""p_observed"": 0.6596400299346362, ""prior_probability"": 0.4666666666666667, ""score"": 0.6596400299346362}}","{""gender=Female"": {""alpha"": 1.0, ""margin"": 0.4876854064129891, ""p_observed"": 0.7438427032064946, ""prior_probability"": 0.5333333333333333, ""score"": 0.4876854064129891}, ""gender=Male"": {""alpha"": 1.0, ""margin"": 0.3192800598692722, ""p_observed"": 0.6596400299346362, ""prior_probability"": 0.4666666666666667, ""score"": 0.3192800598692722}}","{""gender=Female"": {""alpha"": 0.0, ""margin"": 0.4876854064129891, ""p_observed"": 0.7438427032064946, ""prior_probability"": 0.5333333333333333, ""score"": -0.6286086594223742}, ""gender=Male"": {""alpha"": 0.0, ""margin"": 0.3192800598692722, ""p_observed"": 0.6596400299346362, ""prior_probability"": 0.4666666666666667, ""score"": -0.7621400520468967}}"
193,Female,White,gender=Female,<=50K,"{""age"": ""38"", ""workclass"": ""Self-emp-not-inc"", ""fnlwgt"": ""103474"", ""education"": ""Bachelors"", ""educational-num"": ""13"", ""marital-status"": ""Never-married"", ""occupation"": ""Other-service"", ""relationship"": ""Own-child"", ""race"": ""White"", ""capital-gain"": ""0"", ""capital-loss"": ""0"", ""hours-per-week"": ""20"", ""native-country"": ""United-States""}",gender=Male,gender=Female,gender=Female,,gender=Female,gender=Female,gender=Female,0,<=50K | Own-child | Never-married | Bachelors | Self-emp-not-inc,2,2,"{""gender=Female"": ""<=50K"", ""gender=Male"": ""<=50K""}","{""gender=Female"": {""alpha"": 1.0, ""margin"": 0.887928572341773, ""p_observed"": 0.9439642861708866, ""prior_probability"": 0.6666666666666666, ""score"": 0.9439642861708866}, ""gender=Male"": {""alpha"": 1.0, ""margin"": 0.8587055649391115, ""p_observed"": 0.9293527824695558, ""prior_probability"": 0.3333333333333333, ""score"": 0.9293527824695558}}","{""gender=Female"": {""alpha"": 1.0, ""margin"": 0.887928572341773, ""p_observed"": 0.9439642861708866, ""prior_probability"": 0.6666666666666666, ""score"": 0.887928572341773}, ""gender=Male"": {""alpha"": 1.0, ""margin"": 0.8587055649391115, ""p_observed"": 0.9293527824695558, ""prior_probability"": 0.3333333333333333, ""score"": 0.8587055649391115}}","{""gender=Female"": {""alpha"": 0.0, ""margin"": 0.887928572341773, ""p_observed"": 0.9439642861708866, ""prior_probability"": 0.6666666666666666, ""score"": -0.40546510810816444}, ""gender=Male"": {""alpha"": 0.0, ""margin"": 0.8587055649391115, ""p_observed"": 0.9293527824695558, ""prior_probability"": 0.3333333333333333, ""score"": -1.0986122886681098}}"
194,Male,White,gender=Male,<=50K,"{""age"": ""34"", ""workclass"": ""Private"", ""fnlwgt"": ""329993"", ""education"": ""Some-college"", ""educational-num"": ""10"", ""marital-status"": ""Married-civ-spouse"", ""occupation"": ""Adm-clerical"", ""relationship"": ""Husband"", ""race"": ""White"", ""capital-gain"": ""0"", ""capital-loss"": ""0"", ""hours-per-week"": ""40"", ""native-country"": ""United-States""}",gender=Male,gender=Male,gender=Male,,gender=Female,gender=Female,gender=Male,0,<=50K | Husband | Married-civ-spouse | Some-college | Private,2,2,"{""gender=Female"": ""<=50K"", ""gender=Male"": ""<=50K""}","{""gender=Female"": {""alpha"": 1.0, ""margin"": 0.4144348349867536, ""p_observed"": 0.707217417493377, ""prior_probability"": 0.012658227848101266, ""score"": 0.707217417493377}, ""gender=Male"": {""alpha"": 1.0, ""margin"": 0.34193860191045433, ""p_observed"": 0.6709693009552273, ""prior_probability"": 0.9873417721518988, ""score"": 0.6709693009552273}}","{""gender=Female"": {""alpha"": 1.0, ""margin"": 0.4144348349867536, ""p_observed"": 0.707217417493377, ""prior_probability"": 0.012658227848101266, ""score"": 0.4144348349867536}, ""gender=Male"": {""alpha"": 1.0, ""margin"": 0.34193860191045433, ""p_observed"": 0.6709693009552273, ""prior_probability"": 0.9873417721518988, ""score"": 0.34193860191045433}}","{""gender=Female"": {""alpha"": 0.0, ""margin"": 0.4144348349867536, ""p_observed"": 0.707217417493377, ""prior_probability"": 0.012658227848101266, ""score"": -4.3694478524670215}, ""gender=Male"": {""alpha"": 0.0, ""margin"": 0.34193860191045433, ""p_observed"": 0.6709693009552273, ""prior_probability"": 0.9873417721518988, ""score"": -0.012739025777429714}}"
195,Male,White,gender=Male,>50K,"{""age"": ""43"", ""workclass"": ""Private"", ""fnlwgt"": ""99212"", ""education"": ""Assoc-voc"", ""educational-num"": ""11"", ""marital-status"": ""Married-civ-spouse"", ""occupation"": ""Exec-managerial"", ""relationship"": ""Husband"", ""race"": ""White"", ""capital-gain"": ""3103"", ""capital-loss"": ""0"", ""hours-per-week"": ""48"", ""native-country"": ""United-States""}",gender=Male,gender=Male,gender=Male,,gender=Male,gender=Male,gender=Male,0,>50K | Husband | Married-civ-spouse | Assoc-voc | Private,2,2,"{""gender=Female"": ""<=50K"", ""gender=Male"": "">50K""}","{""gender=Female"": {""alpha"": 1.0, ""margin"": -0.06121010681765898, ""p_observed"": 0.4693949465911705, ""prior_probability"": 0.024390243902439025, ""score"": 0.4693949465911705}, ""gender=Male"": {""alpha"": 1.0, ""margin"": 0.13376000665676013, ""p_observed"": 0.5668800033283801, ""prior_probability"": 0.975609756097561, ""score"": 0.5668800033283801}}","{""gender=Female"": {""alpha"": 1.0, ""margin"": -0.06121010681765898, ""p_observed"": 0.4693949465911705, ""prior_probability"": 0.024390243902439025, ""score"": -0.06121010681765898}, ""gender=Male"": {""alpha"": 1.0, ""margin"": 0.13376000665676013, ""p_observed"": 0.5668800033283801, ""prior_probability"": 0.975609756097561, ""score"": 0.13376000665676013}}","{""gender=Female"": {""alpha"": 0.0, ""margin"": -0.06121010681765898, ""p_observed"": 0.4693949465911705, ""prior_probability"": 0.024390243902439025, ""score"": -3.713572066704308}, ""gender=Male"": {""alpha"": 0.0, ""margin"": 0.13376000665676013, ""p_observed"": 0.5668800033283801, ""prior_probability"": 0.975609756097561, ""score"": -0.02469261259037152}}"
196,Female,White,gender=Female,<=50K,"{""age"": ""37"", ""workclass"": ""Local-gov"", ""fnlwgt"": ""170861"", ""education"": ""Bachelors"", ""educational-num"": ""13"", ""marital-status"": ""Never-married"", ""occupation"": ""Prof-specialty"", ""relationship"": ""Not-in-family"", ""race"": ""White"", ""capital-gain"": ""0"", ""capital-loss"": ""0"", ""hours-per-week"": ""45"", ""native-country"": ""United-States""}",gender=Male,gender=Female,gender=Female,,gender=Female,gender=Female,gender=Female,0,<=50K | Not-in-family | Never-married | Bachelors | Local-gov,2,2,"{""gender=Female"": ""<=50K"", ""gender=Male"": ""<=50K""}","{""gender=Female"": {""alpha"": 1.0, ""margin"": 0.6431314961305067, ""p_observed"": 0.8215657480652533, ""prior_probability"": 0.5366666666666666, ""score"": 0.8215657480652533}, ""gender=Male"": {""alpha"": 1.0, ""margin"": 0.5498357252751872, ""p_observed"": 0.7749178626375934, ""prior_probability"": 0.4633333333333333, ""score"": 0.7749178626375934}}","{""gender=Female"": {""alpha"": 1.0, ""margin"": 0.6431314961305067, ""p_observed"": 0.8215657480652533, ""prior_probability"": 0.5366666666666666, ""score"": 0.6431314961305067}, ""gender=Male"": {""alpha"": 1.0, ""margin"": 0.5498357252751872, ""p_observed"": 0.7749178626375934, ""prior_probability"": 0.4633333333333333, ""score"": 0.5498357252751872}}","{""gender=Female"": {""alpha"": 0.0, ""margin"": 0.6431314961305067, ""p_observed"": 0.8215657480652533, ""prior_probability"": 0.5366666666666666, ""score"": -0.6223781096717381}, ""gender=Male"": {""alpha"": 0.0, ""margin"": 0.5498357252751872, ""p_observed"": 0.7749178626375934, ""prior_probability"": 0.4633333333333333, ""score"": -0.7693085415255093}}"
197,Male,White,gender=Male,>50K,"{""age"": ""30"", ""workclass"": ""Private"", ""fnlwgt"": ""230224"", ""education"": ""Bachelors"", ""educational-num"": ""13"", ""marital-status"": ""Never-married"", ""occupation"": ""Exec-managerial"", ""relationship"": ""Not-in-family"", ""race"": ""White"", ""capital-gain"": ""0"", ""capital-loss"": ""0"", ""hours-per-week"": ""55"", ""native-country"": ""United-States""}",gender=Male,gender=Male,gender=Male,,gender=Male,gender=Male,gender=Male,0,>50K | Not-in-family | Never-married | Bachelors | Private,2,2,"{""gender=Female"": ""<=50K"", ""gender=Male"": ""<=50K""}","{""gender=Female"": {""alpha"": 1.0, ""margin"": -0.5521567011054808, ""p_observed"": 0.22392164944725956, ""prior_probability"": 0.3235294117647059, ""score"": 0.22392164944725956}, ""gender=Male"": {""alpha"": 1.0, ""margin"": -0.4810711262401829, ""p_observed"": 0.2594644368799085, ""prior_probability"": 0.6764705882352942, ""score"": 0.2594644368799085}}","{""gender=Female"": {""alpha"": 1.0, ""margin"": -0.5521567011054808, ""p_observed"": 0.22392164944725956, ""prior_probability"": 0.3235294117647059, ""score"": -0.5521567011054808}, ""gender=Male"": {""alpha"": 1.0, ""margin"": -0.4810711262401829, ""p_observed"": 0.2594644368799085, ""prior_probability"": 0.6764705882352942, ""score"": -0.4810711262401829}}","{""gender=Female"": {""alpha"": 0.0, ""margin"": -0.5521567011054808, ""p_observed"": 0.22392164944725956, ""prior_probability"": 0.3235294117647059, ""score"": -1.128465251817791}, ""gender=Male"": {""alpha"": 0.0, ""margin"": -0.4810711262401829, ""p_observed"": 0.2594644368799085, ""prior_probability"": 0.6764705882352942, ""score"": -0.39086630868701167}}"
198,Male,White,gender=Male,<=50K,"{""age"": ""51"", ""workclass"": ""Private"", ""fnlwgt"": ""96062"", ""education"": ""HS-grad"", ""educational-num"": ""9"", ""marital-status"": ""Married-civ-spouse"", ""occupation"": ""Transport-moving"", ""relationship"": ""Husband"", ""race"": ""White"", ""capital-gain"": ""0"", ""capital-loss"": ""0"", ""hours-per-week"": ""40"", ""native-country"": ""United-States""}",gender=Male,gender=Male,gender=Male,,gender=Female,gender=Female,gender=Male,0,<=50K | Husband | Married-civ-spouse | HS-grad | Private,2,2,"{""gender=Female"": ""<=50K"", ""gender=Male"": ""<=50K""}","{""gender=Female"": {""alpha"": 1.0, ""margin"": 0.4588001453010885, ""p_observed"": 0.7294000726505441, ""prior_probability"": 0.003125, ""score"": 0.7294000726505441}, ""gender=Male"": {""alpha"": 1.0, ""margin"": 0.39378541037076853, ""p_observed"": 0.6968927051853842, ""prior_probability"": 0.996875, ""score"": 0.6968927051853842}}","{""gender=Female"": {""alpha"": 1.0, ""margin"": 0.4588001453010885, ""p_observed"": 0.7294000726505441, ""prior_probability"": 0.003125, ""score"": 0.4588001453010885}, ""gender=Male"": {""alpha"": 1.0, ""margin"": 0.39378541037076853, ""p_observed"": 0.6968927051853842, ""prior_probability"": 0.996875, ""score"": 0.39378541037076853}}","{""gender=Female"": {""alpha"": 0.0, ""margin"": 0.4588001453010885, ""p_observed"": 0.7294000726505441, ""prior_probability"": 0.003125, ""score"": -5.768320995793772}, ""gender=Male"": {""alpha"": 0.0, ""margin"": 0.39378541037076853, ""p_observed"": 0.6968927051853842, ""prior_probability"": 0.996875, ""score"": -0.0031298930089277044}}"
199,Female,White,gender=Female,<=50K,"{""age"": ""21"", ""workclass"": ""Private"", ""fnlwgt"": ""502837"", ""education"": ""HS-grad"", ""educational-num"": ""9"", ""marital-status"": ""Never-married"", ""occupation"": ""Machine-op-inspct"", ""relationship"": ""Own-child"", ""race"": ""White"", ""capital-gain"": ""0"", ""capital-loss"": ""0"", ""hours-per-week"": ""40"", ""native-country"": ""Peru""}",gender=Male,gender=Male,gender=Male,gender=Male,gender=Male,gender=Male,gender=Male,1,<=50K | Own-child | Never-married | HS-grad | Private,2,2,"{""gender=Female"": ""<=50K"", ""gender=Male"": ""<=50K""}","{""gender=Female"": {""alpha"": 1.0, ""margin"": 0.9856413977579672, ""p_observed"": 0.9928206988789835, ""prior_probability"": 0.24299065420560748, ""score"": 0.9928206988789835}, ""gender=Male"": {""alpha"": 1.0, ""margin"": 0.9881965526086425, ""p_observed"": 0.9940982763043211, ""prior_probability"": 0.7570093457943925, ""score"": 0.9940982763043211}}","{""gender=Female"": {""alpha"": 1.0, ""margin"": 0.9856413977579672, ""p_observed"": 0.9928206988789835, ""prior_probability"": 0.24299065420560748, ""score"": 0.9856413977579672}, ""gender=Male"": {""alpha"": 1.0, ""margin"": 0.9881965526086425, ""p_observed"": 0.9940982763043211, ""prior_probability"": 0.7570093457943925, ""score"": 0.9881965526086425}}","{""gender=Female"": {""alpha"": 0.0, ""margin"": 0.9856413977579672, ""p_observed"": 0.9928206988789835, ""prior_probability"": 0.24299065420560748, ""score"": -1.414732296440424}, ""gender=Male"": {""alpha"": 0.0, ""margin"": 0.9881965526086425, ""p_observed"": 0.9940982763043211, ""prior_probability"": 0.7570093457943925, ""score"": -0.2783796797894674}}"
200,Male,White,gender=Male,<=50K,"{""age"": ""30"", ""workclass"": ""Private"", ""fnlwgt"": ""178952"", ""education"": ""HS-grad"", ""educational-num"": ""9"", ""marital-status"": ""Never-married"", ""occupation"": ""Handlers-cleaners"", ""relationship"": ""Own-child"", ""race"": ""White"", ""capital-gain"": ""0"", ""capital-loss"": ""0"", ""hours-per-week"": ""40"", ""native-country"": ""United-States""}",gender=Male,gender=Male,gender=Male,gender=Male,gender=Female,gender=Female,gender=Male,1,<=50K | Own-child | Never-married | HS-grad | Private,2,2,"{""gender=Female"": ""<=50K"", ""gender=Male"": ""<=50K""}","{""gender=Female"": {""alpha"": 1.0, ""margin"": 0.9797148457768327, ""p_observed"": 0.9898574228884163, ""prior_probability"": 0.19047619047619047, ""score"": 0.9898574228884163}, ""gender=Male"": {""alpha"": 1.0, ""margin"": 0.9762183228752644, ""p_observed"": 0.988109161437632, ""prior_probability"": 0.8095238095238095, ""score"": 0.988109161437632}}","{""gender=Female"": {""alpha"": 1.0, ""margin"": 0.9797148457768327, ""p_observed"": 0.9898574228884163, ""prior_probability"": 0.19047619047619047, ""score"": 0.9797148457768327}, ""gender=Male"": {""alpha"": 1.0, ""margin"": 0.9762183228752644, ""p_observed"": 0.988109161437632, ""prior_probability"": 0.8095238095238095, ""score"": 0.9762183228752644}}","{""gender=Female"": {""alpha"": 0.0, ""margin"": 0.9797148457768327, ""p_observed"": 0.9898574228884163, ""prior_probability"": 0.19047619047619047, ""score"": -1.6582280766035324}, ""gender=Male"": {""alpha"": 0.0, ""margin"": 0.9762183228752644, ""p_observed"": 0.988109161437632, ""prior_probability"": 0.8095238095238095, ""score"": -0.2113090936672069}}"
201,Male,Other,gender=Male,<=50K,"{""age"": ""21"", ""workclass"": ""Private"", ""fnlwgt"": ""226668"", ""education"": ""Assoc-voc"", ""educational-num"": ""11"", ""marital-status"": ""Never-married"", ""occupation"": ""Craft-repair"", ""relationship"": ""Not-in-family"", ""race"": ""Other"", ""capital-gain"": ""0"", ""capital-loss"": ""0"", ""hours-per-week"": ""40"", ""native-country"": ""United-States""}",gender=Male,gender=Male,gender=Male,,gender=Female,gender=Female,gender=Male,0,<=50K | Not-in-family | Never-married | Assoc-voc | Private,2,2,"{""gender=Female"": ""<=50K"", ""gender=Male"": ""<=50K""}","{""gender=Female"": {""alpha"": 1.0, ""margin"": 0.9758509173113494, ""p_observed"": 0.9879254586556747, ""prior_probability"": 0.1111111111111111, ""score"": 0.9879254586556747}, ""gender=Male"": {""alpha"": 1.0, ""margin"": 0.9700377422476392, ""p_observed"": 0.9850188711238195, ""prior_probability"": 0.8888888888888888, ""score"": 0.9850188711238195}}","{""gender=Female"": {""alpha"": 1.0, ""margin"": 0.9758509173113494, ""p_observed"": 0.9879254586556747, ""prior_probability"": 0.1111111111111111, ""score"": 0.9758509173113494}, ""gender=Male"": {""alpha"": 1.0, ""margin"": 0.9700377422476392, ""p_observed"": 0.9850188711238195, ""prior_probability"": 0.8888888888888888, ""score"": 0.9700377422476392}}","{""gender=Female"": {""alpha"": 0.0, ""margin"": 0.9758509173113494, ""p_observed"": 0.9879254586556747, ""prior_probability"": 0.1111111111111111, ""score"": -2.1972245773362196}, ""gender=Male"": {""alpha"": 0.0, ""margin"": 0.9700377422476392, ""p_observed"": 0.9850188711238195, ""prior_probability"": 0.8888888888888888, ""score"": -0.11778303565638351}}"
202,Male,White,gender=Male,<=50K,"{""age"": ""29"", ""workclass"": ""Private"", ""fnlwgt"": ""235168"", ""education"": ""Assoc-acdm"", ""educational-num"": ""12"", ""marital-status"": ""Married-civ-spouse"", ""occupation"": ""Sales"", ""relationship"": ""Husband"", ""race"": ""White"", ""capital-gain"": ""0"", ""capital-loss"": ""0"", ""hours-per-week"": ""60"", ""native-country"": ""United-States""}",gender=Male,gender=Male,gender=Male,,gender=Female,gender=Female,gender=Male,0,<=50K | Husband | Married-civ-spouse | Assoc-acdm | Private,2,2,"{""gender=Female"": ""<=50K"", ""gender=Male"": ""<=50K""}","{""gender=Female"": {""alpha"": 1.0, ""margin"": 0.3063781586479324, ""p_observed"": 0.6531890793239661, ""prior_probability"": 0.04, ""score"": 0.6531890793239661}, ""gender=Male"": {""alpha"": 1.0, ""margin"": 0.2589507149158588, ""p_observed"": 0.6294753574579294, ""prior_probability"": 0.96, ""score"": 0.6294753574579294}}","{""gender=Female"": {""alpha"": 1.0, ""margin"": 0.3063781586479324, ""p_observed"": 0.6531890793239661, ""prior_probability"": 0.04, ""score"": 0.3063781586479324}, ""gender=Male"": {""alpha"": 1.0, ""margin"": 0.2589507149158588, ""p_observed"": 0.6294753574579294, ""prior_probability"": 0.96, ""score"": 0.2589507149158588}}","{""gender=Female"": {""alpha"": 0.0, ""margin"": 0.3063781586479324, ""p_observed"": 0.6531890793239661, ""prior_probability"": 0.04, ""score"": -3.2188758248682006}, ""gender=Male"": {""alpha"": 0.0, ""margin"": 0.2589507149158588, ""p_observed"": 0.6294753574579294, ""prior_probability"": 0.96, ""score"": -0.040821994520255166}}"
203,Male,White,gender=Male,<=50K,"{""age"": ""17"", ""workclass"": ""Private"", ""fnlwgt"": ""347000"", ""education"": ""12th"", ""educational-num"": ""8"", ""marital-status"": ""Never-married"", ""occupation"": ""Farming-fishing"", ""relationship"": ""Own-child"", ""race"": ""White"", ""capital-gain"": ""0"", ""capital-loss"": ""0"", ""hours-per-week"": ""12"", ""native-country"": ""United-States""}",gender=Male,gender=Male,gender=Male,,gender=Female,gender=Female,gender=Male,0,<=50K | Own-child | Never-married | 12th | Private,2,2,"{""gender=Female"": ""<=50K"", ""gender=Male"": ""<=50K""}","{""gender=Female"": {""alpha"": 1.0, ""margin"": 0.9939759932905563, ""p_observed"": 0.9969879966452782, ""prior_probability"": 0.2857142857142857, ""score"": 0.9969879966452782}, ""gender=Male"": {""alpha"": 1.0, ""margin"": 0.9931941564741891, ""p_observed"": 0.9965970782370943, ""prior_probability"": 0.7142857142857143, ""score"": 0.9965970782370943}}","{""gender=Female"": {""alpha"": 1.0, ""margin"": 0.9939759932905563, ""p_observed"": 0.9969879966452782, ""prior_probability"": 0.2857142857142857, ""score"": 0.9939759932905563}, ""gender=Male"": {""alpha"": 1.0, ""margin"": 0.9931941564741891, ""p_observed"": 0.9965970782370943, ""prior_probability"": 0.7142857142857143, ""score"": 0.9931941564741891}}","{""gender=Female"": {""alpha"": 0.0, ""margin"": 0.9939759932905563, ""p_observed"": 0.9969879966452782, ""prior_probability"": 0.2857142857142857, ""score"": -1.252762968495368}, ""gender=Male"": {""alpha"": 0.0, ""margin"": 0.9931941564741891, ""p_observed"": 0.9965970782370943, ""prior_probability"": 0.7142857142857143, ""score"": -0.3364722366212129}}"
204,Male,White,gender=Male,<=50K,"{""age"": ""30"", ""workclass"": ""Private"", ""fnlwgt"": ""194901"", ""education"": ""11th"", ""educational-num"": ""7"", ""marital-status"": ""Never-married"", ""occupation"": ""Handlers-cleaners"", ""relationship"": ""Own-child"", ""race"": ""White"", ""capital-gain"": ""0"", ""capital-loss"": ""0"", ""hours-per-week"": ""40"", ""native-country"": ""United-States""}",gender=Male,gender=Male,gender=Male,,gender=Female,gender=Female,gender=Male,0,<=50K | Own-child | Never-married | 11th | Private,2,2,"{""gender=Female"": ""<=50K"", ""gender=Male"": ""<=50K""}","{""gender=Female"": {""alpha"": 1.0, ""margin"": 0.97827846642068, ""p_observed"": 0.9891392332103399, ""prior_probability"": 0.08888888888888889, ""score"": 0.9891392332103399}, ""gender=Male"": {""alpha"": 1.0, ""margin"": 0.9713072149027732, ""p_observed"": 0.9856536074513864, ""prior_probability"": 0.9111111111111111, ""score"": 0.9856536074513864}}","{""gender=Female"": {""alpha"": 1.0, ""margin"": 0.97827846642068, ""p_observed"": 0.9891392332103399, ""prior_probability"": 0.08888888888888889, ""score"": 0.97827846642068}, ""gender=Male"": {""alpha"": 1.0, ""margin"": 0.9713072149027732, ""p_observed"": 0.9856536074513864, ""prior_probability"": 0.9111111111111111, ""score"": 0.9713072149027732}}","{""gender=Female"": {""alpha"": 0.0, ""margin"": 0.97827846642068, ""p_observed"": 0.9891392332103399, ""prior_probability"": 0.08888888888888889, ""score"": -2.4203681286504293}, ""gender=Male"": {""alpha"": 0.0, ""margin"": 0.9713072149027732, ""p_observed"": 0.9856536074513864, ""prior_probability"": 0.9111111111111111, ""score"": -0.09309042306601198}}"
205,Male,White,gender=Male,>50K,"{""age"": ""49"", ""workclass"": ""Private"", ""fnlwgt"": ""132576"", ""education"": ""Bachelors"", ""educational-num"": ""13"", ""marital-status"": ""Married-civ-spouse"", ""occupation"": ""Exec-managerial"", ""relationship"": ""Husband"", ""race"": ""White"", ""capital-gain"": ""0"", ""capital-loss"": ""0"", ""hours-per-week"": ""50"", ""native-country"": ""United-States""}",gender=Male,gender=Male,gender=Male,gender=Male,gender=Male,gender=Male,gender=Male,1,>50K | Husband | Married-civ-spouse | Bachelors | Private,2,2,"{""gender=Female"": "">50K"", ""gender=Male"": "">50K""}","{""gender=Female"": {""alpha"": 1.0, ""margin"": 0.2193824869763804, ""p_observed"": 0.60969124348819, ""prior_probability"": 0.00186219739292365, ""score"": 0.60969124348819}, ""gender=Male"": {""alpha"": 1.0, ""margin"": 0.5263320986261822, ""p_observed"": 0.7631660493130912, ""prior_probability"": 0.9981378026070763, ""score"": 0.7631660493130912}}","{""gender=Female"": {""alpha"": 1.0, ""margin"": 0.2193824869763804, ""p_observed"": 0.60969124348819, ""prior_probability"": 0.00186219739292365, ""score"": 0.2193824869763804}, ""gender=Male"": {""alpha"": 1.0, ""margin"": 0.5263320986261822, ""p_observed"": 0.7631660493130912, ""prior_probability"": 0.9981378026070763, ""score"": 0.5263320986261822}}","{""gender=Female"": {""alpha"": 0.0, ""margin"": 0.2193824869763804, ""p_observed"": 0.60969124348819, ""prior_probability"": 0.00186219739292365, ""score"": -6.285998094508865}, ""gender=Male"": {""alpha"": 0.0, ""margin"": 0.5263320986261822, ""p_observed"": 0.7631660493130912, ""prior_probability"": 0.9981378026070763, ""score"": -0.0018639334380627533}}"
206,Male,White,gender=Male,>50K,"{""age"": ""55"", ""workclass"": ""Private"", ""fnlwgt"": ""124771"", ""education"": ""Bachelors"", ""educational-num"": ""13"", ""marital-status"": ""Married-civ-spouse"", ""occupation"": ""Exec-managerial"", ""relationship"": ""Husband"", ""race"": ""White"", ""capital-gain"": ""15024"", ""capital-loss"": ""0"", ""hours-per-week"": ""50"", ""native-country"": ""United-States""}",gender=Male,gender=Male,gender=Male,gender=Male,gender=Male,gender=Male,gender=Male,1,>50K | Husband | Married-civ-spouse | Bachelors | Private,2,2,"{""gender=Female"": "">50K"", ""gender=Male"": "">50K""}","{""gender=Female"": {""alpha"": 1.0, ""margin"": 0.7259334602474665, ""p_observed"": 0.8629667301237332, ""prior_probability"": 0.00186219739292365, ""score"": 0.8629667301237332}, ""gender=Male"": {""alpha"": 1.0, ""margin"": 0.8849005680350334, ""p_observed"": 0.9424502840175167, ""prior_probability"": 0.9981378026070763, ""score"": 0.9424502840175167}}","{""gender=Female"": {""alpha"": 1.0, ""margin"": 0.7259334602474665, ""p_observed"": 0.8629667301237332, ""prior_probability"": 0.00186219739292365, ""score"": 0.7259334602474665}, ""gender=Male"": {""alpha"": 1.0, ""margin"": 0.8849005680350334, ""p_observed"": 0.9424502840175167, ""prior_probability"": 0.9981378026070763, ""score"": 0.8849005680350334}}","{""gender=Female"": {""alpha"": 0.0, ""margin"": 0.7259334602474665, ""p_observed"": 0.8629667301237332, ""prior_probability"": 0.00186219739292365, ""score"": -6.285998094508865}, ""gender=Male"": {""alpha"": 0.0, ""margin"": 0.8849005680350334, ""p_observed"": 0.9424502840175167, ""prior_probability"": 0.9981378026070763, ""score"": -0.0018639334380627533}}"
207,Female,White,gender=Female,<=50K,"{""age"": ""59"", ""workclass"": ""Private"", ""fnlwgt"": ""157831"", ""education"": ""HS-grad"", ""educational-num"": ""9"", ""marital-status"": ""Divorced"", ""occupation"": ""Adm-clerical"", ""relationship"": ""Not-in-family"", ""race"": ""White"", ""capital-gain"": ""0"", ""capital-loss"": ""0"", ""hours-per-week"": ""16"", ""native-country"": ""United-States""}",gender=Male,gender=Female,gender=Female,,gender=Female,gender=Female,gender=Female,0,<=50K | Not-in-family | Divorced | HS-grad | Private,2,2,"{""gender=Female"": ""<=50K"", ""gender=Male"": ""<=50K""}","{""gender=Female"": {""alpha"": 1.0, ""margin"": 0.9441397961103631, ""p_observed"": 0.9720698980551814, ""prior_probability"": 0.8695652173913043, ""score"": 0.9720698980551814}, ""gender=Male"": {""alpha"": 1.0, ""margin"": 0.9008729720323255, ""p_observed"": 0.9504364860161626, ""prior_probability"": 0.13043478260869565, ""score"": 0.9504364860161626}}","{""gender=Female"": {""alpha"": 1.0, ""margin"": 0.9441397961103631, ""p_observed"": 0.9720698980551814, ""prior_probability"": 0.8695652173913043, ""score"": 0.9441397961103631}, ""gender=Male"": {""alpha"": 1.0, ""margin"": 0.9008729720323255, ""p_observed"": 0.9504364860161626, ""prior_probability"": 0.13043478260869565, ""score"": 0.9008729720323255}}","{""gender=Female"": {""alpha"": 0.0, ""margin"": 0.9441397961103631, ""p_observed"": 0.9720698980551814, ""prior_probability"": 0.8695652173913043, ""score"": -0.13976194237515874}, ""gender=Male"": {""alpha"": 0.0, ""margin"": 0.9008729720323255, ""p_observed"": 0.9504364860161626, ""prior_probability"": 0.13043478260869565, ""score"": -2.03688192726104}}"
208,Female,White,gender=Female,>50K,"{""age"": ""41"", ""workclass"": ""Private"", ""fnlwgt"": ""171839"", ""education"": ""Masters"", ""educational-num"": ""14"", ""marital-status"": ""Married-civ-spouse"", ""occupation"": ""Other-service"", ""relationship"": ""Wife"", ""race"": ""White"", ""capital-gain"": ""0"", ""capital-loss"": ""0"", ""hours-per-week"": ""50"", ""native-country"": ""United-States""}",gender=Male,gender=Female,gender=Female,,gender=Female,gender=Female,gender=Female,0,>50K | Wife | Married-civ-spouse | Masters | Private,2,2,"{""gender=Female"": ""<=50K"", ""gender=Male"": ""<=50K""}","{""gender=Female"": {""alpha"": 1.0, ""margin"": -0.05426474816256477, ""p_observed"": 0.47286762591871756, ""prior_probability"": 0.9967637540453075, ""score"": 0.47286762591871756}, ""gender=Male"": {""alpha"": 1.0, ""margin"": -0.1459436376856239, ""p_observed"": 0.427028181157188, ""prior_probability"": 0.003236245954692557, ""score"": 0.427028181157188}}","{""gender=Female"": {""alpha"": 1.0, ""margin"": -0.05426474816256477, ""p_observed"": 0.47286762591871756, ""prior_probability"": 0.9967637540453075, ""score"": -0.05426474816256477}, ""gender=Male"": {""alpha"": 1.0, ""margin"": -0.1459436376856239, ""p_observed"": 0.427028181157188, ""prior_probability"": 0.003236245954692557, ""score"": -0.1459436376856239}}","{""gender=Female"": {""alpha"": 0.0, ""margin"": -0.05426474816256477, ""p_observed"": 0.47286762591871756, ""prior_probability"": 0.9967637540453075, ""score"": -0.0032414939241709557}, ""gender=Male"": {""alpha"": 0.0, ""margin"": -0.1459436376856239, ""p_observed"": 0.427028181157188, ""prior_probability"": 0.003236245954692557, ""score"": -5.733341276897745}}"
209,Male,White,gender=Male,<=50K,"{""age"": ""44"", ""workclass"": ""Private"", ""fnlwgt"": ""180383"", ""education"": ""Some-college"", ""educational-num"": ""10"", ""marital-status"": ""Married-civ-spouse"", ""occupation"": ""Handlers-cleaners"", ""relationship"": ""Husband"", ""race"": ""White"", ""capital-gain"": ""0"", ""capital-loss"": ""0"", ""hours-per-week"": ""60"", ""native-country"": ""United-States""}",gender=Male,gender=Male,gender=Male,,gender=Female,gender=Female,gender=Male,0,<=50K | Husband | Married-civ-spouse | Some-college | Private,2,2,"{""gender=Female"": ""<=50K"", ""gender=Male"": ""<=50K""}","{""gender=Female"": {""alpha"": 1.0, ""margin"": 0.36727230787988296, ""p_observed"": 0.6836361539399414, ""prior_probability"": 0.01818181818181818, ""score"": 0.6836361539399414}, ""gender=Male"": {""alpha"": 1.0, ""margin"": 0.2601718203061045, ""p_observed"": 0.630085910153052, ""prior_probability"": 0.9818181818181818, ""score"": 0.630085910153052}}","{""gender=Female"": {""alpha"": 1.0, ""margin"": 0.36727230787988296, ""p_observed"": 0.6836361539399414, ""prior_probability"": 0.01818181818181818, ""score"": 0.36727230787988296}, ""gender=Male"": {""alpha"": 1.0, ""margin"": 0.2601718203061045, ""p_observed"": 0.630085910153052, ""prior_probability"": 0.9818181818181818, ""score"": 0.2601718203061045}}","{""gender=Female"": {""alpha"": 0.0, ""margin"": 0.36727230787988296, ""p_observed"": 0.6836361539399414, ""prior_probability"": 0.01818181818181818, ""score"": -4.007333185232471}, ""gender=Male"": {""alpha"": 0.0, ""margin"": 0.2601718203061045, ""p_observed"": 0.630085910153052, ""prior_probability"": 0.9818181818181818, ""score"": -0.01834913866819654}}"
210,Male,White,gender=Male,<=50K,"{""age"": ""38"", ""workclass"": ""Private"", ""fnlwgt"": ""131808"", ""education"": ""Assoc-voc"", ""educational-num"": ""11"", ""marital-status"": ""Divorced"", ""occupation"": ""Craft-repair"", ""relationship"": ""Unmarried"", ""race"": ""White"", ""capital-gain"": ""0"", ""capital-loss"": ""0"", ""hours-per-week"": ""40"", ""native-country"": ""United-States""}",gender=Male,gender=Female,gender=Female,,gender=Female,gender=Female,gender=Female,0,<=50K | Unmarried | Divorced | Assoc-voc | Private,2,2,"{""gender=Female"": ""<=50K"", ""gender=Male"": ""<=50K""}","{""gender=Female"": {""alpha"": 1.0, ""margin"": 0.922241669111429, ""p_observed"": 0.9611208345557145, ""prior_probability"": 0.6, ""score"": 0.9611208345557145}, ""gender=Male"": {""alpha"": 1.0, ""margin"": 0.8660799968600419, ""p_observed"": 0.9330399984300207, ""prior_probability"": 0.4, ""score"": 0.9330399984300207}}","{""gender=Female"": {""alpha"": 1.0, ""margin"": 0.922241669111429, ""p_observed"": 0.9611208345557145, ""prior_probability"": 0.6, ""score"": 0.922241669111429}, ""gender=Male"": {""alpha"": 1.0, ""margin"": 0.8660799968600419, ""p_observed"": 0.9330399984300207, ""prior_probability"": 0.4, ""score"": 0.8660799968600419}}","{""gender=Female"": {""alpha"": 0.0, ""margin"": 0.922241669111429, ""p_observed"": 0.9611208345557145, ""prior_probability"": 0.6, ""score"": -0.5108256237659907}, ""gender=Male"": {""alpha"": 0.0, ""margin"": 0.8660799968600419, ""p_observed"": 0.9330399984300207, ""prior_probability"": 0.4, ""score"": -0.916290731874155}}"
211,Male,White,gender=Male,<=50K,"{""age"": ""53"", ""workclass"": ""Private"", ""fnlwgt"": ""127671"", ""education"": ""7th-8th"", ""educational-num"": ""4"", ""marital-status"": ""Married-civ-spouse"", ""occupation"": ""Machine-op-inspct"", ""relationship"": ""Husband"", ""race"": ""White"", ""capital-gain"": ""0"", ""capital-loss"": ""0"", ""hours-per-week"": ""40"", ""native-country"": ""United-States""}",gender=Male,gender=Male,gender=Male,,gender=Female,gender=Female,gender=Male,0,<=50K | Husband | Married-civ-spouse | 7th-8th | Private,2,2,"{""gender=Female"": ""<=50K"", ""gender=Male"": ""<=50K""}","{""gender=Female"": {""alpha"": 1.0, ""margin"": 0.6776777154981691, ""p_observed"": 0.8388388577490845, ""prior_probability"": 0.03125, ""score"": 0.8388388577490845}, ""gender=Male"": {""alpha"": 1.0, ""margin"": 0.6372294008003686, ""p_observed"": 0.8186147004001842, ""prior_probability"": 0.96875, ""score"": 0.8186147004001842}}","{""gender=Female"": {""alpha"": 1.0, ""margin"": 0.6776777154981691, ""p_observed"": 0.8388388577490845, ""prior_probability"": 0.03125, ""score"": 0.6776777154981691}, ""gender=Male"": {""alpha"": 1.0, ""margin"": 0.6372294008003686, ""p_observed"": 0.8186147004001842, ""prior_probability"": 0.96875, ""score"": 0.6372294008003686}}","{""gender=Female"": {""alpha"": 0.0, ""margin"": 0.6776777154981691, ""p_observed"": 0.8388388577490845, ""prior_probability"": 0.03125, ""score"": -3.4657359027997265}, ""gender=Male"": {""alpha"": 0.0, ""margin"": 0.6372294008003686, ""p_observed"": 0.8186147004001842, ""prior_probability"": 0.96875, ""score"": -0.0317486983145803}}"
212,Male,White,gender=Male,>50K,"{""age"": ""33"", ""workclass"": ""Private"", ""fnlwgt"": ""198003"", ""education"": ""Some-college"", ""educational-num"": ""10"", ""marital-status"": ""Married-civ-spouse"", ""occupation"": ""Craft-repair"", ""relationship"": ""Husband"", ""race"": ""White"", ""capital-gain"": ""7298"", ""capital-loss"": ""0"", ""hours-per-week"": ""50"", ""native-country"": ""United-States""}",gender=Male,gender=Male,gender=Male,,gender=Male,gender=Male,gender=Male,0,>50K | Husband | Married-civ-spouse | Some-college | Private,2,2,"{""gender=Female"": "">50K"", ""gender=Male"": "">50K""}","{""gender=Female"": {""alpha"": 1.0, ""margin"": 0.4081466840501505, ""p_observed"": 0.7040733420250752, ""prior_probability"": 0.005, ""score"": 0.7040733420250752}, ""gender=Male"": {""alpha"": 1.0, ""margin"": 0.661708563440992, ""p_observed"": 0.8308542817204959, ""prior_probability"": 0.995, ""score"": 0.8308542817204959}}","{""gender=Female"": {""alpha"": 1.0, ""margin"": 0.4081466840501505, ""p_observed"": 0.7040733420250752, ""prior_probability"": 0.005, ""score"": 0.4081466840501505}, ""gender=Male"": {""alpha"": 1.0, ""margin"": 0.661708563440992, ""p_observed"": 0.8308542817204959, ""prior_probability"": 0.995, ""score"": 0.661708563440992}}","{""gender=Female"": {""alpha"": 0.0, ""margin"": 0.4081466840501505, ""p_observed"": 0.7040733420250752, ""prior_probability"": 0.005, ""score"": -5.298317366548036}, ""gender=Male"": {""alpha"": 0.0, ""margin"": 0.661708563440992, ""p_observed"": 0.8308542817204959, ""prior_probability"": 0.995, ""score"": -0.005012541823544286}}"
213,Female,White,gender=Female,<=50K,"{""age"": ""52"", ""workclass"": ""Private"", ""fnlwgt"": ""194259"", ""education"": ""7th-8th"", ""educational-num"": ""4"", ""marital-status"": ""Married-civ-spouse"", ""occupation"": ""Exec-managerial"", ""relationship"": ""Wife"", ""race"": ""White"", ""capital-gain"": ""0"", ""capital-loss"": ""0"", ""hours-per-week"": ""50"", ""native-country"": ""United-States""}",gender=Male,gender=Female,gender=Female,,gender=Female,gender=Female,gender=Female,0,<=50K | Wife | Married-civ-spouse | 7th-8th | Private,2,2,"{""gender=Female"": ""<=50K"", ""gender=Male"": ""<=50K""}","{""gender=Female"": {""alpha"": 1.0, ""margin"": 0.24410181307210232, ""p_observed"": 0.6220509065360511, ""prior_probability"": 0.9984399375975039, ""score"": 0.6220509065360511}, ""gender=Male"": {""alpha"": 1.0, ""margin"": 0.2196027079991475, ""p_observed"": 0.6098013539995737, ""prior_probability"": 0.0015600624024961, ""score"": 0.6098013539995737}}","{""gender=Female"": {""alpha"": 1.0, ""margin"": 0.24410181307210232, ""p_observed"": 0.6220509065360511, ""prior_probability"": 0.9984399375975039, ""score"": 0.24410181307210232}, ""gender=Male"": {""alpha"": 1.0, ""margin"": 0.2196027079991475, ""p_observed"": 0.6098013539995737, ""prior_probability"": 0.0015600624024961, ""score"": 0.2196027079991475}}","{""gender=Female"": {""alpha"": 0.0, ""margin"": 0.24410181307210232, ""p_observed"": 0.6220509065360511, ""prior_probability"": 0.9984399375975039, ""score"": -0.0015612805669524645}, ""gender=Male"": {""alpha"": 0.0, ""margin"": 0.2196027079991475, ""p_observed"": 0.6098013539995737, ""prior_probability"": 0.0015600624024961, ""score"": -6.46302945692067}}"
214,Female,Black,gender=Female,<=50K,"{""age"": ""39"", ""workclass"": ""Private"", ""fnlwgt"": ""147500"", ""education"": ""HS-grad"", ""educational-num"": ""9"", ""marital-status"": ""Married-civ-spouse"", ""occupation"": ""Prof-specialty"", ""relationship"": ""Wife"", ""race"": ""Black"", ""capital-gain"": ""0"", ""capital-loss"": ""0"", ""hours-per-week"": ""40"", ""native-country"": ""United-States""}",gender=Male,gender=Female,gender=Female,,gender=Male,gender=Male,gender=Female,0,<=50K | Wife | Married-civ-spouse | HS-grad | Private,2,2,"{""gender=Female"": ""<=50K"", ""gender=Male"": ""<=50K""}","{""gender=Female"": {""alpha"": 1.0, ""margin"": 0.24844612957151274, ""p_observed"": 0.6242230647857564, ""prior_probability"": 0.8888888888888888, ""score"": 0.6242230647857564}, ""gender=Male"": {""alpha"": 1.0, ""margin"": 0.2925335155838587, ""p_observed"": 0.6462667577919292, ""prior_probability"": 0.1111111111111111, ""score"": 0.6462667577919292}}","{""gender=Female"": {""alpha"": 1.0, ""margin"": 0.24844612957151274, ""p_observed"": 0.6242230647857564, ""prior_probability"": 0.8888888888888888, ""score"": 0.24844612957151274}, ""gender=Male"": {""alpha"": 1.0, ""margin"": 0.2925335155838587, ""p_observed"": 0.6462667577919292, ""prior_probability"": 0.1111111111111111, ""score"": 0.2925335155838587}}","{""gender=Female"": {""alpha"": 0.0, ""margin"": 0.24844612957151274, ""p_observed"": 0.6242230647857564, ""prior_probability"": 0.8888888888888888, ""score"": -0.11778303565638351}, ""gender=Male"": {""alpha"": 0.0, ""margin"": 0.2925335155838587, ""p_observed"": 0.6462667577919292, ""prior_probability"": 0.1111111111111111, ""score"": -2.1972245773362196}}"
215,Male,White,gender=Male,<=50K,"{""age"": ""60"", ""workclass"": ""Private"", ""fnlwgt"": ""187458"", ""education"": ""7th-8th"", ""educational-num"": ""4"", ""marital-status"": ""Married-civ-spouse"", ""occupation"": ""Craft-repair"", ""relationship"": ""Husband"", ""race"": ""White"", ""capital-gain"": ""0"", ""capital-loss"": ""0"", ""hours-per-week"": ""40"", ""native-country"": ""United-States""}",gender=Male,gender=Male,gender=Male,,gender=Female,gender=Female,gender=Male,0,<=50K | Husband | Married-civ-spouse | 7th-8th | Private,2,2,"{""gender=Female"": ""<=50K"", ""gender=Male"": ""<=50K""}","{""gender=Female"": {""alpha"": 1.0, ""margin"": 0.6578096758220757, ""p_observed"": 0.8289048379110378, ""prior_probability"": 0.015384615384615385, ""score"": 0.8289048379110378}, ""gender=Male"": {""alpha"": 1.0, ""margin"": 0.6359469354482893, ""p_observed"": 0.8179734677241445, ""prior_probability"": 0.9846153846153847, ""score"": 0.8179734677241445}}","{""gender=Female"": {""alpha"": 1.0, ""margin"": 0.6578096758220757, ""p_observed"": 0.8289048379110378, ""prior_probability"": 0.015384615384615385, ""score"": 0.6578096758220757}, ""gender=Male"": {""alpha"": 1.0, ""margin"": 0.6359469354482893, ""p_observed"": 0.8179734677241445, ""prior_probability"": 0.9846153846153847, ""score"": 0.6359469354482893}}","{""gender=Female"": {""alpha"": 0.0, ""margin"": 0.6578096758220757, ""p_observed"": 0.8289048379110378, ""prior_probability"": 0.015384615384615385, ""score"": -4.174387269895637}, ""gender=Male"": {""alpha"": 0.0, ""margin"": 0.6359469354482893, ""p_observed"": 0.8179734677241445, ""prior_probability"": 0.9846153846153847, ""score"": -0.015504186535965199}}"
216,Male,White,gender=Male,<=50K,"{""age"": ""48"", ""workclass"": ""Private"", ""fnlwgt"": ""173938"", ""education"": ""HS-grad"", ""educational-num"": ""9"", ""marital-status"": ""Married-civ-spouse"", ""occupation"": ""Exec-managerial"", ""relationship"": ""Husband"", ""race"": ""White"", ""capital-gain"": ""0"", ""capital-loss"": ""0"", ""hours-per-week"": ""60"", ""native-country"": ""United-States""}",gender=Male,gender=Male,gender=Female,,gender=Female,gender=Female,gender=Male,0,<=50K | Husband | Married-civ-spouse | HS-grad | Private,2,2,"{""gender=Female"": ""<=50K"", ""gender=Male"": "">50K""}","{""gender=Female"": {""alpha"": 1.0, ""margin"": 0.16629210023398033, ""p_observed"": 0.5831460501169901, ""prior_probability"": 0.0058823529411764705, ""score"": 0.5831460501169901}, ""gender=Male"": {""alpha"": 1.0, ""margin"": -0.023283364142771323, ""p_observed"": 0.4883583179286143, ""prior_probability"": 0.9941176470588236, ""score"": 0.4883583179286143}}","{""gender=Female"": {""alpha"": 1.0, ""margin"": 0.16629210023398033, ""p_observed"": 0.5831460501169901, ""prior_probability"": 0.0058823529411764705, ""score"": 0.16629210023398033}, ""gender=Male"": {""alpha"": 1.0, ""margin"": -0.023283364142771323, ""p_observed"": 0.4883583179286143, ""prior_probability"": 0.9941176470588236, ""score"": -0.023283364142771323}}","{""gender=Female"": {""alpha"": 0.0, ""margin"": 0.16629210023398033, ""p_observed"": 0.5831460501169901, ""prior_probability"": 0.0058823529411764705, ""score"": -5.135798437050262}, ""gender=Male"": {""alpha"": 0.0, ""margin"": -0.023283364142771323, ""p_observed"": 0.4883583179286143, ""prior_probability"": 0.9941176470588236, ""score"": -0.005899722127188271}}"
217,Female,Black,gender=Female,<=50K,"{""age"": ""38"", ""workclass"": ""Private"", ""fnlwgt"": ""177134"", ""education"": ""HS-grad"", ""educational-num"": ""9"", ""marital-status"": ""Married-civ-spouse"", ""occupation"": ""Sales"", ""relationship"": ""Wife"", ""race"": ""Black"", ""capital-gain"": ""0"", ""capital-loss"": ""0"", ""hours-per-week"": ""40"", ""native-country"": ""United-States""}",gender=Male,gender=Female,gender=Female,,gender=Male,gender=Male,gender=Female,0,<=50K | Wife | Married-civ-spouse | HS-grad | Private,2,2,"{""gender=Female"": ""<=50K"", ""gender=Male"": ""<=50K""}","{""gender=Female"": {""alpha"": 1.0, ""margin"": 0.40095769013766974, ""p_observed"": 0.7004788450688347, ""prior_probability"": 0.975, ""score"": 0.7004788450688347}, ""gender=Male"": {""alpha"": 1.0, ""margin"": 0.45225115444971253, ""p_observed"": 0.7261255772248562, ""prior_probability"": 0.025, ""score"": 0.7261255772248562}}","{""gender=Female"": {""alpha"": 1.0, ""margin"": 0.40095769013766974, ""p_observed"": 0.7004788450688347, ""prior_probability"": 0.975, ""score"": 0.40095769013766974}, ""gender=Male"": {""alpha"": 1.0, ""margin"": 0.45225115444971253, ""p_observed"": 0.7261255772248562, ""prior_probability"": 0.025, ""score"": 0.45225115444971253}}","{""gender=Female"": {""alpha"": 0.0, ""margin"": 0.40095769013766974, ""p_observed"": 0.7004788450688347, ""prior_probability"": 0.975, ""score"": -0.025317807984289897}, ""gender=Male"": {""alpha"": 0.0, ""margin"": 0.45225115444971253, ""p_observed"": 0.7261255772248562, ""prior_probability"": 0.025, ""score"": -3.6888794541139363}}"
218,Male,White,gender=Male,>50K,"{""age"": ""34"", ""workclass"": ""Private"", ""fnlwgt"": ""111567"", ""education"": ""Some-college"", ""educational-num"": ""10"", ""marital-status"": ""Never-married"", ""occupation"": ""Exec-managerial"", ""relationship"": ""Not-in-family"", ""race"": ""White"", ""capital-gain"": ""0"", ""capital-loss"": ""0"", ""hours-per-week"": ""40"", ""native-country"": ""United-States""}",gender=Male,gender=Male,gender=Male,,gender=Male,gender=Male,gender=Male,0,>50K | Not-in-family | Never-married | Some-college | Private,2,2,"{""gender=Female"": ""<=50K"", ""gender=Male"": ""<=50K""}","{""gender=Female"": {""alpha"": 1.0, ""margin"": -0.8877854033580559, ""p_observed"": 0.05610729832097209, ""prior_probability"": 0.3333333333333333, ""score"": 0.05610729832097209}, ""gender=Male"": {""alpha"": 1.0, ""margin"": -0.8377198062343099, ""p_observed"": 0.0811400968828451, ""prior_probability"": 0.6666666666666666, ""score"": 0.0811400968828451}}","{""gender=Female"": {""alpha"": 1.0, ""margin"": -0.8877854033580559, ""p_observed"": 0.05610729832097209, ""prior_probability"": 0.3333333333333333, ""score"": -0.8877854033580559}, ""gender=Male"": {""alpha"": 1.0, ""margin"": -0.8377198062343099, ""p_observed"": 0.0811400968828451, ""prior_probability"": 0.6666666666666666, ""score"": -0.8377198062343099}}","{""gender=Female"": {""alpha"": 0.0, ""margin"": -0.8877854033580559, ""p_observed"": 0.05610729832097209, ""prior_probability"": 0.3333333333333333, ""score"": -1.0986122886681098}, ""gender=Male"": {""alpha"": 0.0, ""margin"": -0.8377198062343099, ""p_observed"": 0.0811400968828451, ""prior_probability"": 0.6666666666666666, ""score"": -0.40546510810816444}}"
219,Male,White,gender=Male,<=50K,"{""age"": ""22"", ""workclass"": ""Private"", ""fnlwgt"": ""163870"", ""education"": ""HS-grad"", ""educational-num"": ""9"", ""marital-status"": ""Never-married"", ""occupation"": ""Machine-op-inspct"", ""relationship"": ""Own-child"", ""race"": ""White"", ""capital-gain"": ""0"", ""capital-loss"": ""0"", ""hours-per-week"": ""40"", ""native-country"": ""United-States""}",gender=Male,gender=Male,gender=Male,gender=Male,gender=Male,gender=Male,gender=Male,1,<=50K | Own-child | Never-married | HS-grad | Private,2,2,"{""gender=Female"": ""<=50K"", ""gender=Male"": ""<=50K""}","{""gender=Female"": {""alpha"": 1.0, ""margin"": 0.9895390038859949, ""p_observed"": 0.9947695019429974, ""prior_probability"": 0.24299065420560748, ""score"": 0.9947695019429974}, ""gender=Male"": {""alpha"": 1.0, ""margin"": 0.9906953914239953, ""p_observed"": 0.9953476957119974, ""prior_probability"": 0.7570093457943925, ""score"": 0.9953476957119974}}","{""gender=Female"": {""alpha"": 1.0, ""margin"": 0.9895390038859949, ""p_observed"": 0.9947695019429974, ""prior_probability"": 0.24299065420560748, ""score"": 0.9895390038859949}, ""gender=Male"": {""alpha"": 1.0, ""margin"": 0.9906953914239953, ""p_observed"": 0.9953476957119974, ""prior_probability"": 0.7570093457943925, ""score"": 0.9906953914239953}}","{""gender=Female"": {""alpha"": 0.0, ""margin"": 0.9895390038859949, ""p_observed"": 0.9947695019429974, ""prior_probability"": 0.24299065420560748, ""score"": -1.414732296440424}, ""gender=Male"": {""alpha"": 0.0, ""margin"": 0.9906953914239953, ""p_observed"": 0.9953476957119974, ""prior_probability"": 0.7570093457943925, ""score"": -0.2783796797894674}}"
220,Female,White,gender=Female,<=50K,"{""age"": ""17"", ""workclass"": ""Private"", ""fnlwgt"": ""94492"", ""education"": ""11th"", ""educational-num"": ""7"", ""marital-status"": ""Never-married"", ""occupation"": ""Sales"", ""relationship"": ""Own-child"", ""race"": ""White"", ""capital-gain"": ""0"", ""capital-loss"": ""0"", ""hours-per-week"": ""19"", ""native-country"": ""United-States""}",gender=Male,gender=Female,gender=Female,,gender=Female,gender=Female,gender=Female,0,<=50K | Own-child | Never-married | 11th | Private,2,2,"{""gender=Female"": ""<=50K"", ""gender=Male"": ""<=50K""}","{""gender=Female"": {""alpha"": 1.0, ""margin"": 0.9948585721694424, ""p_observed"": 0.9974292860847213, ""prior_probability"": 0.726027397260274, ""score"": 0.9974292860847213}, ""gender=Male"": {""alpha"": 1.0, ""margin"": 0.9932589027052943, ""p_observed"": 0.996629451352647, ""prior_probability"": 0.273972602739726, ""score"": 0.996629451352647}}","{""gender=Female"": {""alpha"": 1.0, ""margin"": 0.9948585721694424, ""p_observed"": 0.9974292860847213, ""prior_probability"": 0.726027397260274, ""score"": 0.9948585721694424}, ""gender=Male"": {""alpha"": 1.0, ""margin"": 0.9932589027052943, ""p_observed"": 0.996629451352647, ""prior_probability"": 0.273972602739726, ""score"": 0.9932589027052943}}","{""gender=Female"": {""alpha"": 0.0, ""margin"": 0.9948585721694424, ""p_observed"": 0.9974292860847213, ""prior_probability"": 0.726027397260274, ""score"": -0.32016752759626926}, ""gender=Male"": {""alpha"": 0.0, ""margin"": 0.9932589027052943, ""p_observed"": 0.996629451352647, ""prior_probability"": 0.273972602739726, ""score"": -1.2947271675944}}"
221,Female,White,gender=Female,<=50K,"{""age"": ""29"", ""workclass"": ""Private"", ""fnlwgt"": ""312845"", ""education"": ""HS-grad"", ""educational-num"": ""9"", ""marital-status"": ""Divorced"", ""occupation"": ""Other-service"", ""relationship"": ""Unmarried"", ""race"": ""White"", ""capital-gain"": ""0"", ""capital-loss"": ""0"", ""hours-per-week"": ""30"", ""native-country"": ""United-States""}",gender=Male,gender=Female,gender=Female,,gender=Female,gender=Female,gender=Female,0,<=50K | Unmarried | Divorced | HS-grad | Private,2,2,"{""gender=Female"": ""<=50K"", ""gender=Male"": ""<=50K""}","{""gender=Female"": {""alpha"": 1.0, ""margin"": 0.9734789398861426, ""p_observed"": 0.9867394699430715, ""prior_probability"": 0.8674698795180723, ""score"": 0.9867394699430715}, ""gender=Male"": {""alpha"": 1.0, ""margin"": 0.9271799920518279, ""p_observed"": 0.963589996025914, ""prior_probability"": 0.13253012048192772, ""score"": 0.963589996025914}}","{""gender=Female"": {""alpha"": 1.0, ""margin"": 0.9734789398861426, ""p_observed"": 0.9867394699430715, ""prior_probability"": 0.8674698795180723, ""score"": 0.9734789398861426}, ""gender=Male"": {""alpha"": 1.0, ""margin"": 0.9271799920518279, ""p_observed"": 0.963589996025914, ""prior_probability"": 0.13253012048192772, ""score"": 0.9271799920518279}}","{""gender=Female"": {""alpha"": 0.0, ""margin"": 0.9734789398861426, ""p_observed"": 0.9867394699430715, ""prior_probability"": 0.8674698795180723, ""score"": -0.1421744887805426}, ""gender=Male"": {""alpha"": 0.0, ""margin"": 0.9271799920518279, ""p_observed"": 0.963589996025914, ""prior_probability"": 0.13253012048192772, ""score"": -2.020945334998227}}"
222,Male,White,gender=Male,>50K,"{""age"": ""42"", ""workclass"": ""Private"", ""fnlwgt"": ""221947"", ""education"": ""Masters"", ""educational-num"": ""14"", ""marital-status"": ""Married-civ-spouse"", ""occupation"": ""Exec-managerial"", ""relationship"": ""Husband"", ""race"": ""White"", ""capital-gain"": ""0"", ""capital-loss"": ""0"", ""hours-per-week"": ""45"", ""native-country"": ""United-States""}",gender=Male,gender=Male,gender=Male,,gender=Male,gender=Male,gender=Male,0,>50K | Husband | Married-civ-spouse | Masters | Private,2,2,"{""gender=Female"": "">50K"", ""gender=Male"": "">50K""}","{""gender=Female"": {""alpha"": 1.0, ""margin"": 0.3109601029711121, ""p_observed"": 0.6554800514855561, ""prior_probability"": 0.004048582995951417, ""score"": 0.6554800514855561}, ""gender=Male"": {""alpha"": 1.0, ""margin"": 0.5614275655302183, ""p_observed"": 0.7807137827651094, ""prior_probability"": 0.9959514170040485, ""score"": 0.7807137827651094}}","{""gender=Female"": {""alpha"": 1.0, ""margin"": 0.3109601029711121, ""p_observed"": 0.6554800514855561, ""prior_probability"": 0.004048582995951417, ""score"": 0.3109601029711121}, ""gender=Male"": {""alpha"": 1.0, ""margin"": 0.5614275655302183, ""p_observed"": 0.7807137827651094, ""prior_probability"": 0.9959514170040485, ""score"": 0.5614275655302183}}","{""gender=Female"": {""alpha"": 0.0, ""margin"": 0.3109601029711121, ""p_observed"": 0.6554800514855561, ""prior_probability"": 0.004048582995951417, ""score"": -5.5093883366279774}, ""gender=Male"": {""alpha"": 0.0, ""margin"": 0.5614275655302183, ""p_observed"": 0.7807137827651094, ""prior_probability"": 0.9959514170040485, ""score"": -0.00405680069561443}}"
223,Male,White,gender=Male,<=50K,"{""age"": ""38"", ""workclass"": ""Private"", ""fnlwgt"": ""186191"", ""education"": ""HS-grad"", ""educational-num"": ""9"", ""marital-status"": ""Married-civ-spouse"", ""occupation"": ""Craft-repair"", ""relationship"": ""Husband"", ""race"": ""White"", ""capital-gain"": ""0"", ""capital-loss"": ""0"", ""hours-per-week"": ""55"", ""native-country"": ""United-States""}",gender=Male,gender=Male,gender=Male,,gender=Female,gender=Female,gender=Male,0,<=50K | Husband | Married-civ-spouse | HS-grad | Private,2,2,"{""gender=Female"": ""<=50K"", ""gender=Male"": ""<=50K""}","{""gender=Female"": {""alpha"": 1.0, ""margin"": 0.3715642550239876, ""p_observed"": 0.6857821275119935, ""prior_probability"": 0.001364256480218281, ""score"": 0.6857821275119935}, ""gender=Male"": {""alpha"": 1.0, ""margin"": 0.27621960524685285, ""p_observed"": 0.6381098026234263, ""prior_probability"": 0.9986357435197817, ""score"": 0.6381098026234263}}","{""gender=Female"": {""alpha"": 1.0, ""margin"": 0.3715642550239876, ""p_observed"": 0.6857821275119935, ""prior_probability"": 0.001364256480218281, ""score"": 0.3715642550239876}, ""gender=Male"": {""alpha"": 1.0, ""margin"": 0.27621960524685285, ""p_observed"": 0.6381098026234263, ""prior_probability"": 0.9986357435197817, ""score"": 0.27621960524685285}}","{""gender=Female"": {""alpha"": 0.0, ""margin"": 0.3715642550239876, ""p_observed"": 0.6857821275119935, ""prior_probability"": 0.001364256480218281, ""score"": -6.597145701886651}, ""gender=Male"": {""alpha"": 0.0, ""margin"": 0.27621960524685285, ""p_observed"": 0.6381098026234263, ""prior_probability"": 0.9986357435197817, ""score"": -0.00136518792533997}}"
224,Male,White,gender=Male,<=50K,"{""age"": ""36"", ""workclass"": ""Private"", ""fnlwgt"": ""107125"", ""education"": ""HS-grad"", ""educational-num"": ""9"", ""marital-status"": ""Married-civ-spouse"", ""occupation"": ""Tech-support"", ""relationship"": ""Husband"", ""race"": ""White"", ""capital-gain"": ""0"", ""capital-loss"": ""0"", ""hours-per-week"": ""50"", ""native-country"": ""United-States""}",gender=Male,gender=Male,gender=Male,,gender=Female,gender=Female,gender=Male,0,<=50K | Husband | Married-civ-spouse | HS-grad | Private,2,2,"{""gender=Female"": ""<=50K"", ""gender=Male"": ""<=50K""}","{""gender=Female"": {""alpha"": 1.0, ""margin"": 0.3441875424735898, ""p_observed"": 0.6720937712367946, ""prior_probability"": 0.034482758620689655, ""score"": 0.6720937712367946}, ""gender=Male"": {""alpha"": 1.0, ""margin"": 0.22034312581764792, ""p_observed"": 0.6101715629088238, ""prior_probability"": 0.9655172413793104, ""score"": 0.6101715629088238}}","{""gender=Female"": {""alpha"": 1.0, ""margin"": 0.3441875424735898, ""p_observed"": 0.6720937712367946, ""prior_probability"": 0.034482758620689655, ""score"": 0.3441875424735898}, ""gender=Male"": {""alpha"": 1.0, ""margin"": 0.22034312581764792, ""p_observed"": 0.6101715629088238, ""prior_probability"": 0.9655172413793104, ""score"": 0.22034312581764792}}","{""gender=Female"": {""alpha"": 0.0, ""margin"": 0.3441875424735898, ""p_observed"": 0.6720937712367946, ""prior_probability"": 0.034482758620689655, ""score"": -3.367295829986474}, ""gender=Male"": {""alpha"": 0.0, ""margin"": 0.22034312581764792, ""p_observed"": 0.6101715629088238, ""prior_probability"": 0.9655172413793104, ""score"": -0.03509131981127006}}"
225,Male,White,gender=Male,>50K,"{""age"": ""28"", ""workclass"": ""Private"", ""fnlwgt"": ""70034"", ""education"": ""Bachelors"", ""educational-num"": ""13"", ""marital-status"": ""Married-civ-spouse"", ""occupation"": ""Sales"", ""relationship"": ""Husband"", ""race"": ""White"", ""capital-gain"": ""0"", ""capital-loss"": ""0"", ""hours-per-week"": ""45"", ""native-country"": ""United-States""}",gender=Male,gender=Male,gender=Male,gender=Male,gender=Male,gender=Male,gender=Male,1,>50K | Husband | Married-civ-spouse | Bachelors | Private,2,2,"{""gender=Female"": "">50K"", ""gender=Male"": "">50K""}","{""gender=Female"": {""alpha"": 1.0, ""margin"": 0.03555000462484642, ""p_observed"": 0.5177750023124232, ""prior_probability"": 0.003472222222222222, ""score"": 0.5177750023124232}, ""gender=Male"": {""alpha"": 1.0, ""margin"": 0.14439403889938718, ""p_observed"": 0.5721970194496936, ""prior_probability"": 0.9965277777777778, ""score"": 0.5721970194496936}}","{""gender=Female"": {""alpha"": 1.0, ""margin"": 0.03555000462484642, ""p_observed"": 0.5177750023124232, ""prior_probability"": 0.003472222222222222, ""score"": 0.03555000462484642}, ""gender=Male"": {""alpha"": 1.0, ""margin"": 0.14439403889938718, ""p_observed"": 0.5721970194496936, ""prior_probability"": 0.9965277777777778, ""score"": 0.14439403889938718}}","{""gender=Female"": {""alpha"": 0.0, ""margin"": 0.03555000462484642, ""p_observed"": 0.5177750023124232, ""prior_probability"": 0.003472222222222222, ""score"": -5.662960480135946}, ""gender=Male"": {""alpha"": 0.0, ""margin"": 0.14439403889938718, ""p_observed"": 0.5721970194496936, ""prior_probability"": 0.9965277777777778, ""score"": -0.0034782643763248086}}"
226,Male,White,gender=Male,>50K,"{""age"": ""53"", ""workclass"": ""State-gov"", ""fnlwgt"": ""123011"", ""education"": ""Masters"", ""educational-num"": ""14"", ""marital-status"": ""Married-civ-spouse"", ""occupation"": ""Exec-managerial"", ""relationship"": ""Husband"", ""race"": ""White"", ""capital-gain"": ""0"", ""capital-loss"": ""0"", ""hours-per-week"": ""60"", ""native-country"": ""United-States""}",gender=Male,gender=Male,gender=Male,,gender=Male,gender=Male,gender=Male,0,>50K | Husband | Married-civ-spouse | Masters | State-gov,2,2,"{""gender=Female"": "">50K"", ""gender=Male"": "">50K""}","{""gender=Female"": {""alpha"": 1.0, ""margin"": 0.36394723233721027, ""p_observed"": 0.681973616168605, ""prior_probability"": 0.004048582995951417, ""score"": 0.681973616168605}, ""gender=Male"": {""alpha"": 1.0, ""margin"": 0.5740640444230141, ""p_observed"": 0.7870320222115071, ""prior_probability"": 0.9959514170040485, ""score"": 0.7870320222115071}}","{""gender=Female"": {""alpha"": 1.0, ""margin"": 0.36394723233721027, ""p_observed"": 0.681973616168605, ""prior_probability"": 0.004048582995951417, ""score"": 0.36394723233721027}, ""gender=Male"": {""alpha"": 1.0, ""margin"": 0.5740640444230141, ""p_observed"": 0.7870320222115071, ""prior_probability"": 0.9959514170040485, ""score"": 0.5740640444230141}}","{""gender=Female"": {""alpha"": 0.0, ""margin"": 0.36394723233721027, ""p_observed"": 0.681973616168605, ""prior_probability"": 0.004048582995951417, ""score"": -5.5093883366279774}, ""gender=Male"": {""alpha"": 0.0, ""margin"": 0.5740640444230141, ""p_observed"": 0.7870320222115071, ""prior_probability"": 0.9959514170040485, ""score"": -0.00405680069561443}}"
227,Female,White,gender=Female,<=50K,"{""age"": ""35"", ""workclass"": ""Private"", ""fnlwgt"": ""174503"", ""education"": ""HS-grad"", ""educational-num"": ""9"", ""marital-status"": ""Divorced"", ""occupation"": ""Craft-repair"", ""relationship"": ""Not-in-family"", ""race"": ""White"", ""capital-gain"": ""0"", ""capital-loss"": ""0"", ""hours-per-week"": ""40"", ""native-country"": ""United-States""}",gender=Male,gender=Male,gender=Male,,gender=Female,gender=Female,gender=Male,0,<=50K | Not-in-family | Divorced | HS-grad | Private,2,2,"{""gender=Female"": ""<=50K"", ""gender=Male"": ""<=50K""}","{""gender=Female"": {""alpha"": 1.0, ""margin"": 0.932629904576908, ""p_observed"": 0.9663149522884538, ""prior_probability"": 0.08771929824561403, ""score"": 0.9663149522884538}, ""gender=Male"": {""alpha"": 1.0, ""margin"": 0.9179817101783481, ""p_observed"": 0.9589908550891739, ""prior_probability"": 0.9122807017543859, ""score"": 0.9589908550891739}}","{""gender=Female"": {""alpha"": 1.0, ""margin"": 0.932629904576908, ""p_observed"": 0.9663149522884538, ""prior_probability"": 0.08771929824561403, ""score"": 0.932629904576908}, ""gender=Male"": {""alpha"": 1.0, ""margin"": 0.9179817101783481, ""p_observed"": 0.9589908550891739, ""prior_probability"": 0.9122807017543859, ""score"": 0.9179817101783481}}","{""gender=Female"": {""alpha"": 0.0, ""margin"": 0.932629904576908, ""p_observed"": 0.9663149522884538, ""prior_probability"": 0.08771929824561403, ""score"": -2.4336133554004498}, ""gender=Male"": {""alpha"": 0.0, ""margin"": 0.9179817101783481, ""p_observed"": 0.9589908550891739, ""prior_probability"": 0.9122807017543859, ""score"": -0.09180754925312286}}"
228,Female,White,gender=Female,<=50K,"{""age"": ""31"", ""workclass"": ""Private"", ""fnlwgt"": ""1210504"", ""education"": ""10th"", ""educational-num"": ""6"", ""marital-status"": ""Married-civ-spouse"", ""occupation"": ""Adm-clerical"", ""relationship"": ""Wife"", ""race"": ""White"", ""capital-gain"": ""0"", ""capital-loss"": ""0"", ""hours-per-week"": ""40"", ""native-country"": ""United-States""}",gender=Male,gender=Female,gender=Female,,gender=Male,gender=Male,gender=Female,0,<=50K | Wife | Married-civ-spouse | 10th | Private,2,2,"{""gender=Female"": ""<=50K"", ""gender=Male"": ""<=50K""}","{""gender=Female"": {""alpha"": 1.0, ""margin"": 0.5955317432157816, ""p_observed"": 0.7977658716078908, ""prior_probability"": 0.8, ""score"": 0.7977658716078908}, ""gender=Male"": {""alpha"": 1.0, ""margin"": 0.6500802835464118, ""p_observed"": 0.8250401417732058, ""prior_probability"": 0.2, ""score"": 0.8250401417732058}}","{""gender=Female"": {""alpha"": 1.0, ""margin"": 0.5955317432157816, ""p_observed"": 0.7977658716078908, ""prior_probability"": 0.8, ""score"": 0.5955317432157816}, ""gender=Male"": {""alpha"": 1.0, ""margin"": 0.6500802835464118, ""p_observed"": 0.8250401417732058, ""prior_probability"": 0.2, ""score"": 0.6500802835464118}}","{""gender=Female"": {""alpha"": 0.0, ""margin"": 0.5955317432157816, ""p_observed"": 0.7977658716078908, ""prior_probability"": 0.8, ""score"": -0.2231435513142097}, ""gender=Male"": {""alpha"": 0.0, ""margin"": 0.6500802835464118, ""p_observed"": 0.8250401417732058, ""prior_probability"": 0.2, ""score"": -1.6094379124341003}}"
229,Male,White,gender=Male,>50K,"{""age"": ""45"", ""workclass"": ""Federal-gov"", ""fnlwgt"": ""171335"", ""education"": ""Masters"", ""educational-num"": ""14"", ""marital-status"": ""Married-civ-spouse"", ""occupation"": ""Sales"", ""relationship"": ""Husband"", ""race"": ""White"", ""capital-gain"": ""0"", ""capital-loss"": ""0"", ""hours-per-week"": ""50"", ""native-country"": ""United-States""}",gender=Male,gender=Male,gender=Male,,gender=Male,gender=Male,gender=Male,0,>50K | Husband | Married-civ-spouse | Masters | Federal-gov,2,2,"{""gender=Female"": "">50K"", ""gender=Male"": "">50K""}","{""gender=Female"": {""alpha"": 1.0, ""margin"": 0.1908391882835298, ""p_observed"": 0.5954195941417648, ""prior_probability"": 0.018867924528301886, ""score"": 0.5954195941417648}, ""gender=Male"": {""alpha"": 1.0, ""margin"": 0.3401580225443808, ""p_observed"": 0.6700790112721904, ""prior_probability"": 0.9811320754716981, ""score"": 0.6700790112721904}}","{""gender=Female"": {""alpha"": 1.0, ""margin"": 0.1908391882835298, ""p_observed"": 0.5954195941417648, ""prior_probability"": 0.018867924528301886, ""score"": 0.1908391882835298}, ""gender=Male"": {""alpha"": 1.0, ""margin"": 0.3401580225443808, ""p_observed"": 0.6700790112721904, ""prior_probability"": 0.9811320754716981, ""score"": 0.3401580225443808}}","{""gender=Female"": {""alpha"": 0.0, ""margin"": 0.1908391882835298, ""p_observed"": 0.5954195941417648, ""prior_probability"": 0.018867924528301886, ""score"": -3.970291913552122}, ""gender=Male"": {""alpha"": 0.0, ""margin"": 0.3401580225443808, ""p_observed"": 0.6700790112721904, ""prior_probability"": 0.9811320754716981, ""score"": -0.019048194970694474}}"
230,Male,Amer-Indian-Eskimo,gender=Male,<=50K,"{""age"": ""34"", ""workclass"": ""Private"", ""fnlwgt"": ""215857"", ""education"": ""HS-grad"", ""educational-num"": ""9"", ""marital-status"": ""Never-married"", ""occupation"": ""Machine-op-inspct"", ""relationship"": ""Not-in-family"", ""race"": ""Amer-Indian-Eskimo"", ""capital-gain"": ""0"", ""capital-loss"": ""0"", ""hours-per-week"": ""40"", ""native-country"": ""Mexico""}",gender=Male,gender=Male,gender=Male,gender=Male,gender=Female,gender=Female,gender=Male,1,<=50K | Not-in-family | Never-married | HS-grad | Private,2,2,"{""gender=Female"": ""<=50K"", ""gender=Male"": ""<=50K""}","{""gender=Female"": {""alpha"": 1.0, ""margin"": 0.9629666221400426, ""p_observed"": 0.9814833110700212, ""prior_probability"": 0.30434782608695654, ""score"": 0.9814833110700212}, ""gender=Male"": {""alpha"": 1.0, ""margin"": 0.9467341734518631, ""p_observed"": 0.9733670867259313, ""prior_probability"": 0.6956521739130435, ""score"": 0.9733670867259313}}","{""gender=Female"": {""alpha"": 1.0, ""margin"": 0.9629666221400426, ""p_observed"": 0.9814833110700212, ""prior_probability"": 0.30434782608695654, ""score"": 0.9629666221400426}, ""gender=Male"": {""alpha"": 1.0, ""margin"": 0.9467341734518631, ""p_observed"": 0.9733670867259313, ""prior_probability"": 0.6956521739130435, ""score"": 0.9467341734518631}}","{""gender=Female"": {""alpha"": 0.0, ""margin"": 0.9629666221400426, ""p_observed"": 0.9814833110700212, ""prior_probability"": 0.30434782608695654, ""score"": -1.1895840668738362}, ""gender=Male"": {""alpha"": 0.0, ""margin"": 0.9467341734518631, ""p_observed"": 0.9733670867259313, ""prior_probability"": 0.6956521739130435, ""score"": -0.3629054936893685}}"
231,Male,White,gender=Male,<=50K,"{""age"": ""57"", ""workclass"": ""Self-emp-not-inc"", ""fnlwgt"": ""38430"", ""education"": ""7th-8th"", ""educational-num"": ""4"", ""marital-status"": ""Widowed"", ""occupation"": ""Farming-fishing"", ""relationship"": ""Unmarried"", ""race"": ""White"", ""capital-gain"": ""0"", ""capital-loss"": ""0"", ""hours-per-week"": ""40"", ""native-country"": ""United-States""}",gender=Male,gender=Female,gender=Female,,gender=Female,gender=Female,gender=Female,0,<=50K | Unmarried | Widowed | 7th-8th | Self-emp-not-inc,2,2,"{""gender=Female"": ""<=50K"", ""gender=Male"": ""<=50K""}","{""gender=Female"": {""alpha"": 1.0, ""margin"": 0.8857694861153234, ""p_observed"": 0.9428847430576616, ""prior_probability"": 0.6, ""score"": 0.9428847430576616}, ""gender=Male"": {""alpha"": 1.0, ""margin"": 0.8735493730752162, ""p_observed"": 0.9367746865376079, ""prior_probability"": 0.4, ""score"": 0.9367746865376079}}","{""gender=Female"": {""alpha"": 1.0, ""margin"": 0.8857694861153234, ""p_observed"": 0.9428847430576616, ""prior_probability"": 0.6, ""score"": 0.8857694861153234}, ""gender=Male"": {""alpha"": 1.0, ""margin"": 0.8735493730752162, ""p_observed"": 0.9367746865376079, ""prior_probability"": 0.4, ""score"": 0.8735493730752162}}","{""gender=Female"": {""alpha"": 0.0, ""margin"": 0.8857694861153234, ""p_observed"": 0.9428847430576616, ""prior_probability"": 0.6, ""score"": -0.5108256237659907}, ""gender=Male"": {""alpha"": 0.0, ""margin"": 0.8735493730752162, ""p_observed"": 0.9367746865376079, ""prior_probability"": 0.4, ""score"": -0.916290731874155}}"
232,Male,White,gender=Male,>50K,"{""age"": ""37"", ""workclass"": ""Federal-gov"", ""fnlwgt"": ""32528"", ""education"": ""HS-grad"", ""educational-num"": ""9"", ""marital-status"": ""Married-civ-spouse"", ""occupation"": ""Adm-clerical"", ""relationship"": ""Husband"", ""race"": ""White"", ""capital-gain"": ""0"", ""capital-loss"": ""0"", ""hours-per-week"": ""40"", ""native-country"": ""England""}",gender=Male,gender=Male,gender=Male,,gender=Male,gender=Male,gender=Male,0,>50K | Husband | Married-civ-spouse | HS-grad | Federal-gov,2,2,"{""gender=Female"": ""<=50K"", ""gender=Male"": ""<=50K""}","{""gender=Female"": {""alpha"": 1.0, ""margin"": -0.3291477317463652, ""p_observed"": 0.33542613412681715, ""prior_probability"": 0.014705882352941176, ""score"": 0.33542613412681715}, ""gender=Male"": {""alpha"": 1.0, ""margin"": -0.27712814806433966, ""p_observed"": 0.3614359259678301, ""prior_probability"": 0.9852941176470589, ""score"": 0.3614359259678301}}","{""gender=Female"": {""alpha"": 1.0, ""margin"": -0.3291477317463652, ""p_observed"": 0.33542613412681715, ""prior_probability"": 0.014705882352941176, ""score"": -0.3291477317463652}, ""gender=Male"": {""alpha"": 1.0, ""margin"": -0.27712814806433966, ""p_observed"": 0.3614359259678301, ""prior_probability"": 0.9852941176470589, ""score"": -0.27712814806433966}}","{""gender=Female"": {""alpha"": 0.0, ""margin"": -0.3291477317463652, ""p_observed"": 0.33542613412681715, ""prior_probability"": 0.014705882352941176, ""score"": -4.219507705176107}, ""gender=Male"": {""alpha"": 0.0, ""margin"": -0.27712814806433966, ""p_observed"": 0.3614359259678301, ""prior_probability"": 0.9852941176470589, ""score"": -0.014815085785140587}}"
233,Male,White,gender=Male,<=50K,"{""age"": ""55"", ""workclass"": ""Self-emp-not-inc"", ""fnlwgt"": ""105239"", ""education"": ""HS-grad"", ""educational-num"": ""9"", ""marital-status"": ""Married-civ-spouse"", ""occupation"": ""Craft-repair"", ""relationship"": ""Husband"", ""race"": ""White"", ""capital-gain"": ""0"", ""capital-loss"": ""2057"", ""hours-per-week"": ""60"", ""native-country"": ""United-States""}",gender=Male,gender=Male,gender=Male,,gender=Female,gender=Female,gender=Male,0,<=50K | Husband | Married-civ-spouse | HS-grad | Self-emp-not-inc,2,2,"{""gender=Female"": ""<=50K"", ""gender=Male"": ""<=50K""}","{""gender=Female"": {""alpha"": 1.0, ""margin"": 0.14244272853470896, ""p_observed"": 0.5712213642673545, ""prior_probability"": 0.001364256480218281, ""score"": 0.5712213642673545}, ""gender=Male"": {""alpha"": 1.0, ""margin"": 0.134406194075969, ""p_observed"": 0.5672030970379845, ""prior_probability"": 0.9986357435197817, ""score"": 0.5672030970379845}}","{""gender=Female"": {""alpha"": 1.0, ""margin"": 0.14244272853470896, ""p_observed"": 0.5712213642673545, ""prior_probability"": 0.001364256480218281, ""score"": 0.14244272853470896}, ""gender=Male"": {""alpha"": 1.0, ""margin"": 0.134406194075969, ""p_observed"": 0.5672030970379845, ""prior_probability"": 0.9986357435197817, ""score"": 0.134406194075969}}","{""gender=Female"": {""alpha"": 0.0, ""margin"": 0.14244272853470896, ""p_observed"": 0.5712213642673545, ""prior_probability"": 0.001364256480218281, ""score"": -6.597145701886651}, ""gender=Male"": {""alpha"": 0.0, ""margin"": 0.134406194075969, ""p_observed"": 0.5672030970379845, ""prior_probability"": 0.9986357435197817, ""score"": -0.00136518792533997}}"
234,Male,White,gender=Male,<=50K,"{""age"": ""36"", ""workclass"": ""Private"", ""fnlwgt"": ""176050"", ""education"": ""Some-college"", ""educational-num"": ""10"", ""marital-status"": ""Married-civ-spouse"", ""occupation"": ""Machine-op-inspct"", ""relationship"": ""Husband"", ""race"": ""White"", ""capital-gain"": ""0"", ""capital-loss"": ""0"", ""hours-per-week"": ""40"", ""native-country"": ""United-States""}",gender=Male,gender=Male,gender=Male,,gender=Female,gender=Female,gender=Male,0,<=50K | Husband | Married-civ-spouse | Some-college | Private,2,2,"{""gender=Female"": ""<=50K"", ""gender=Male"": ""<=50K""}","{""gender=Female"": {""alpha"": 1.0, ""margin"": 0.3497682749913666, ""p_observed"": 0.6748841374956833, ""prior_probability"": 0.01098901098901099, ""score"": 0.6748841374956833}, ""gender=Male"": {""alpha"": 1.0, ""margin"": 0.28083294788900076, ""p_observed"": 0.6404164739445004, ""prior_probability"": 0.989010989010989, ""score"": 0.6404164739445004}}","{""gender=Female"": {""alpha"": 1.0, ""margin"": 0.3497682749913666, ""p_observed"": 0.6748841374956833, ""prior_probability"": 0.01098901098901099, ""score"": 0.3497682749913666}, ""gender=Male"": {""alpha"": 1.0, ""margin"": 0.28083294788900076, ""p_observed"": 0.6404164739445004, ""prior_probability"": 0.989010989010989, ""score"": 0.28083294788900076}}","{""gender=Female"": {""alpha"": 0.0, ""margin"": 0.3497682749913666, ""p_observed"": 0.6748841374956833, ""prior_probability"": 0.01098901098901099, ""score"": -4.51085950651685}, ""gender=Male"": {""alpha"": 0.0, ""margin"": 0.28083294788900076, ""p_observed"": 0.6404164739445004, ""prior_probability"": 0.989010989010989, ""score"": -0.011049836186584935}}"
235,Female,White,gender=Female,<=50K,"{""age"": ""17"", ""workclass"": ""Private"", ""fnlwgt"": ""36801"", ""education"": ""10th"", ""educational-num"": ""6"", ""marital-status"": ""Never-married"", ""occupation"": ""Other-service"", ""relationship"": ""Own-child"", ""race"": ""White"", ""capital-gain"": ""0"", ""capital-loss"": ""0"", ""hours-per-week"": ""18"", ""native-country"": ""United-States""}",gender=Male,gender=Male,gender=Male,,gender=Female,gender=Female,gender=Male,0,<=50K | Own-child | Never-married | 10th | Private,2,2,"{""gender=Female"": ""<=50K"", ""gender=Male"": ""<=50K""}","{""gender=Female"": {""alpha"": 1.0, ""margin"": 0.9951417123194983, ""p_observed"": 0.9975708561597492, ""prior_probability"": 0.46153846153846156, ""score"": 0.9975708561597492}, ""gender=Male"": {""alpha"": 1.0, ""margin"": 0.9938869290839102, ""p_observed"": 0.996943464541955, ""prior_probability"": 0.5384615384615384, ""score"": 0.996943464541955}}","{""gender=Female"": {""alpha"": 1.0, ""margin"": 0.9951417123194983, ""p_observed"": 0.9975708561597492, ""prior_probability"": 0.46153846153846156, ""score"": 0.9951417123194983}, ""gender=Male"": {""alpha"": 1.0, ""margin"": 0.9938869290839102, ""p_observed"": 0.996943464541955, ""prior_probability"": 0.5384615384615384, ""score"": 0.9938869290839102}}","{""gender=Female"": {""alpha"": 0.0, ""margin"": 0.9951417123194983, ""p_observed"": 0.9975708561597492, ""prior_probability"": 0.46153846153846156, ""score"": -0.7731898882334817}, ""gender=Male"": {""alpha"": 0.0, ""margin"": 0.9938869290839102, ""p_observed"": 0.996943464541955, ""prior_probability"": 0.5384615384615384, ""score"": -0.6190392084062235}}"
236,Female,White,gender=Female,<=50K,"{""age"": ""31"", ""workclass"": ""Private"", ""fnlwgt"": ""83425"", ""education"": ""Some-college"", ""educational-num"": ""10"", ""marital-status"": ""Never-married"", ""occupation"": ""Adm-clerical"", ""relationship"": ""Unmarried"", ""race"": ""White"", ""capital-gain"": ""0"", ""capital-loss"": ""0"", ""hours-per-week"": ""40"", ""native-country"": ""United-States""}",gender=Male,gender=Female,gender=Female,,gender=Female,gender=Female,gender=Female,0,<=50K | Unmarried | Never-married | Some-college | Private,2,2,"{""gender=Female"": ""<=50K"", ""gender=Male"": ""<=50K""}","{""gender=Female"": {""alpha"": 1.0, ""margin"": 0.9641709775665815, ""p_observed"": 0.9820854887832906, ""prior_probability"": 0.9215686274509803, ""score"": 0.9820854887832906}, ""gender=Male"": {""alpha"": 1.0, ""margin"": 0.9511196728537108, ""p_observed"": 0.9755598364268552, ""prior_probability"": 0.0784313725490196, ""score"": 0.9755598364268552}}","{""gender=Female"": {""alpha"": 1.0, ""margin"": 0.9641709775665815, ""p_observed"": 0.9820854887832906, ""prior_probability"": 0.9215686274509803, ""score"": 0.9641709775665815}, ""gender=Male"": {""alpha"": 1.0, ""margin"": 0.9511196728537108, ""p_observed"": 0.9755598364268552, ""prior_probability"": 0.0784313725490196, ""score"": 0.9511196728537108}}","{""gender=Female"": {""alpha"": 0.0, ""margin"": 0.9641709775665815, ""p_observed"": 0.9820854887832906, ""prior_probability"": 0.9215686274509803, ""score"": -0.08167803101426724}, ""gender=Male"": {""alpha"": 0.0, ""margin"": 0.9511196728537108, ""p_observed"": 0.9755598364268552, ""prior_probability"": 0.0784313725490196, ""score"": -2.5455312716044354}}"
237,Male,White,gender=Male,<=50K,"{""age"": ""51"", ""workclass"": ""Private"", ""fnlwgt"": ""104651"", ""education"": ""Bachelors"", ""educational-num"": ""13"", ""marital-status"": ""Married-civ-spouse"", ""occupation"": ""Craft-repair"", ""relationship"": ""Husband"", ""race"": ""White"", ""capital-gain"": ""0"", ""capital-loss"": ""0"", ""hours-per-week"": ""50"", ""native-country"": ""United-States""}",gender=Male,gender=Male,gender=Male,,gender=Female,gender=Female,gender=Male,0,<=50K | Husband | Married-civ-spouse | Bachelors | Private,2,2,"{""gender=Female"": "">50K"", ""gender=Male"": "">50K""}","{""gender=Female"": {""alpha"": 1.0, ""margin"": -0.06863436334723605, ""p_observed"": 0.46568281832638203, ""prior_probability"": 0.018867924528301886, ""score"": 0.46568281832638203}, ""gender=Male"": {""alpha"": 1.0, ""margin"": -0.28506955693452896, ""p_observed"": 0.3574652215327355, ""prior_probability"": 0.9811320754716981, ""score"": 0.3574652215327355}}","{""gender=Female"": {""alpha"": 1.0, ""margin"": -0.06863436334723605, ""p_observed"": 0.46568281832638203, ""prior_probability"": 0.018867924528301886, ""score"": -0.06863436334723605}, ""gender=Male"": {""alpha"": 1.0, ""margin"": -0.28506955693452896, ""p_observed"": 0.3574652215327355, ""prior_probability"": 0.9811320754716981, ""score"": -0.28506955693452896}}","{""gender=Female"": {""alpha"": 0.0, ""margin"": -0.06863436334723605, ""p_observed"": 0.46568281832638203, ""prior_probability"": 0.018867924528301886, ""score"": -3.970291913552122}, ""gender=Male"": {""alpha"": 0.0, ""margin"": -0.28506955693452896, ""p_observed"": 0.3574652215327355, ""prior_probability"": 0.9811320754716981, ""score"": -0.019048194970694474}}"
238,Male,White,gender=Male,<=50K,"{""age"": ""56"", ""workclass"": ""Private"", ""fnlwgt"": ""174040"", ""education"": ""HS-grad"", ""educational-num"": ""9"", ""marital-status"": ""Divorced"", ""occupation"": ""Other-service"", ""relationship"": ""Not-in-family"", ""race"": ""White"", ""capital-gain"": ""0"", ""capital-loss"": ""0"", ""hours-per-week"": ""40"", ""native-country"": ""United-States""}",gender=Male,gender=Female,gender=Female,,gender=Female,gender=Female,gender=Female,0,<=50K | Not-in-family | Divorced | HS-grad | Private,2,2,"{""gender=Female"": ""<=50K"", ""gender=Male"": ""<=50K""}","{""gender=Female"": {""alpha"": 1.0, ""margin"": 0.9632505247060921, ""p_observed"": 0.9816252623530459, ""prior_probability"": 0.7558139534883721, ""score"": 0.9816252623530459}, ""gender=Male"": {""alpha"": 1.0, ""margin"": 0.9298342118615576, ""p_observed"": 0.9649171059307786, ""prior_probability"": 0.2441860465116279, ""score"": 0.9649171059307786}}","{""gender=Female"": {""alpha"": 1.0, ""margin"": 0.9632505247060921, ""p_observed"": 0.9816252623530459, ""prior_probability"": 0.7558139534883721, ""score"": 0.9632505247060921}, ""gender=Male"": {""alpha"": 1.0, ""margin"": 0.9298342118615576, ""p_observed"": 0.9649171059307786, ""prior_probability"": 0.2441860465116279, ""score"": 0.9298342118615576}}","{""gender=Female"": {""alpha"": 0.0, ""margin"": 0.9632505247060921, ""p_observed"": 0.9816252623530459, ""prior_probability"": 0.7558139534883721, ""score"": -0.2799600263578706}, ""gender=Male"": {""alpha"": 0.0, ""margin"": 0.9298342118615576, ""p_observed"": 0.9649171059307786, ""prior_probability"": 0.2441860465116279, ""score"": -1.4098248585300848}}"
239,Male,White,gender=Male,<=50K,"{""age"": ""24"", ""workclass"": ""Private"", ""fnlwgt"": ""208946"", ""education"": ""Assoc-voc"", ""educational-num"": ""11"", ""marital-status"": ""Never-married"", ""occupation"": ""Craft-repair"", ""relationship"": ""Not-in-family"", ""race"": ""White"", ""capital-gain"": ""0"", ""capital-loss"": ""0"", ""hours-per-week"": ""40"", ""native-country"": ""United-States""}",gender=Male,gender=Male,gender=Male,,gender=Female,gender=Female,gender=Male,0,<=50K | Not-in-family | Never-married | Assoc-voc | Private,2,2,"{""gender=Female"": ""<=50K"", ""gender=Male"": ""<=50K""}","{""gender=Female"": {""alpha"": 1.0, ""margin"": 0.9742092749571516, ""p_observed"": 0.9871046374785758, ""prior_probability"": 0.1111111111111111, ""score"": 0.9871046374785758}, ""gender=Male"": {""alpha"": 1.0, ""margin"": 0.9643804789859212, ""p_observed"": 0.9821902394929605, ""prior_probability"": 0.8888888888888888, ""score"": 0.9821902394929605}}","{""gender=Female"": {""alpha"": 1.0, ""margin"": 0.9742092749571516, ""p_observed"": 0.9871046374785758, ""prior_probability"": 0.1111111111111111, ""score"": 0.9742092749571516}, ""gender=Male"": {""alpha"": 1.0, ""margin"": 0.9643804789859212, ""p_observed"": 0.9821902394929605, ""prior_probability"": 0.8888888888888888, ""score"": 0.9643804789859212}}","{""gender=Female"": {""alpha"": 0.0, ""margin"": 0.9742092749571516, ""p_observed"": 0.9871046374785758, ""prior_probability"": 0.1111111111111111, ""score"": -2.1972245773362196}, ""gender=Male"": {""alpha"": 0.0, ""margin"": 0.9643804789859212, ""p_observed"": 0.9821902394929605, ""prior_probability"": 0.8888888888888888, ""score"": -0.11778303565638351}}"
240,Male,White,gender=Male,>50K,"{""age"": ""58"", ""workclass"": ""Private"", ""fnlwgt"": ""31532"", ""education"": ""Bachelors"", ""educational-num"": ""13"", ""marital-status"": ""Married-civ-spouse"", ""occupation"": ""Prof-specialty"", ""relationship"": ""Husband"", ""race"": ""White"", ""capital-gain"": ""0"", ""capital-loss"": ""0"", ""hours-per-week"": ""40"", ""native-country"": ""United-States""}",gender=Male,gender=Male,gender=Male,gender=Male,gender=Male,gender=Male,gender=Male,1,>50K | Husband | Married-civ-spouse | Bachelors | Private,2,2,"{""gender=Female"": "">50K"", ""gender=Male"": "">50K""}","{""gender=Female"": {""alpha"": 1.0, ""margin"": 0.1584194938023883, ""p_observed"": 0.5792097469011941, ""prior_probability"": 0.0029069767441860465, ""score"": 0.5792097469011941}, ""gender=Male"": {""alpha"": 1.0, ""margin"": 0.27709801768593484, ""p_observed"": 0.6385490088429674, ""prior_probability"": 0.997093023255814, ""score"": 0.6385490088429674}}","{""gender=Female"": {""alpha"": 1.0, ""margin"": 0.1584194938023883, ""p_observed"": 0.5792097469011941, ""prior_probability"": 0.0029069767441860465, ""score"": 0.1584194938023883}, ""gender=Male"": {""alpha"": 1.0, ""margin"": 0.27709801768593484, ""p_observed"": 0.6385490088429674, ""prior_probability"": 0.997093023255814, ""score"": 0.27709801768593484}}","{""gender=Female"": {""alpha"": 0.0, ""margin"": 0.1584194938023883, ""p_observed"": 0.5792097469011941, ""prior_probability"": 0.0029069767441860465, ""score"": -5.840641657373398}, ""gender=Male"": {""alpha"": 0.0, ""margin"": 0.27709801768593484, ""p_observed"": 0.6385490088429674, ""prior_probability"": 0.997093023255814, ""score"": -0.0029112102074584415}}"
241,Male,White,gender=Male,<=50K,"{""age"": ""39"", ""workclass"": ""Private"", ""fnlwgt"": ""150057"", ""education"": ""10th"", ""educational-num"": ""6"", ""marital-status"": ""Separated"", ""occupation"": ""Machine-op-inspct"", ""relationship"": ""Own-child"", ""race"": ""White"", ""capital-gain"": ""0"", ""capital-loss"": ""0"", ""hours-per-week"": ""40"", ""native-country"": ""United-States""}",gender=Male,gender=Male,gender=Male,,gender=Female,gender=Female,gender=Male,0,<=50K | Own-child | Separated | 10th | Private,2,2,"{""gender=Female"": ""<=50K"", ""gender=Male"": ""<=50K""}","{""gender=Female"": {""alpha"": 1.0, ""margin"": 0.9583855726273396, ""p_observed"": 0.9791927863136698, ""prior_probability"": 0.4794520547945205, ""score"": 0.9791927863136698}, ""gender=Male"": {""alpha"": 1.0, ""margin"": 0.9219712029163354, ""p_observed"": 0.9609856014581675, ""prior_probability"": 0.5205479452054794, ""score"": 0.9609856014581675}}","{""gender=Female"": {""alpha"": 1.0, ""margin"": 0.9583855726273396, ""p_observed"": 0.9791927863136698, ""prior_probability"": 0.4794520547945205, ""score"": 0.9583855726273396}, ""gender=Male"": {""alpha"": 1.0, ""margin"": 0.9219712029163354, ""p_observed"": 0.9609856014581675, ""prior_probability"": 0.5205479452054794, ""score"": 0.9219712029163354}}","{""gender=Female"": {""alpha"": 0.0, ""margin"": 0.9583855726273396, ""p_observed"": 0.9791927863136698, ""prior_probability"": 0.4794520547945205, ""score"": -0.7351113796589775}, ""gender=Male"": {""alpha"": 0.0, ""margin"": 0.9219712029163354, ""p_observed"": 0.9609856014581675, ""prior_probability"": 0.5205479452054794, ""score"": -0.6528732814220054}}"
242,Female,White,gender=Female,<=50K,"{""age"": ""35"", ""workclass"": ""Private"", ""fnlwgt"": ""177121"", ""education"": ""HS-grad"", ""educational-num"": ""9"", ""marital-status"": ""Divorced"", ""occupation"": ""Other-service"", ""relationship"": ""Not-in-family"", ""race"": ""White"", ""capital-gain"": ""0"", ""capital-loss"": ""0"", ""hours-per-week"": ""35"", ""native-country"": ""United-States""}",gender=Male,gender=Female,gender=Female,,gender=Female,gender=Female,gender=Female,0,<=50K | Not-in-family | Divorced | HS-grad | Private,2,2,"{""gender=Female"": ""<=50K"", ""gender=Male"": ""<=50K""}","{""gender=Female"": {""alpha"": 1.0, ""margin"": 0.9690509112456618, ""p_observed"": 0.9845254556228309, ""prior_probability"": 0.7558139534883721, ""score"": 0.9845254556228309}, ""gender=Male"": {""alpha"": 1.0, ""margin"": 0.9433963094057055, ""p_observed"": 0.9716981547028526, ""prior_probability"": 0.2441860465116279, ""score"": 0.9716981547028526}}","{""gender=Female"": {""alpha"": 1.0, ""margin"": 0.9690509112456618, ""p_observed"": 0.9845254556228309, ""prior_probability"": 0.7558139534883721, ""score"": 0.9690509112456618}, ""gender=Male"": {""alpha"": 1.0, ""margin"": 0.9433963094057055, ""p_observed"": 0.9716981547028526, ""prior_probability"": 0.2441860465116279, ""score"": 0.9433963094057055}}","{""gender=Female"": {""alpha"": 0.0, ""margin"": 0.9690509112456618, ""p_observed"": 0.9845254556228309, ""prior_probability"": 0.7558139534883721, ""score"": -0.2799600263578706}, ""gender=Male"": {""alpha"": 0.0, ""margin"": 0.9433963094057055, ""p_observed"": 0.9716981547028526, ""prior_probability"": 0.2441860465116279, ""score"": -1.4098248585300848}}"
243,Female,White,gender=Female,<=50K,"{""age"": ""24"", ""workclass"": ""Private"", ""fnlwgt"": ""387663"", ""education"": ""Some-college"", ""educational-num"": ""10"", ""marital-status"": ""Married-spouse-absent"", ""occupation"": ""Farming-fishing"", ""relationship"": ""Unmarried"", ""race"": ""White"", ""capital-gain"": ""0"", ""capital-loss"": ""0"", ""hours-per-week"": ""40"", ""native-country"": ""United-States""}",gender=Male,gender=Female,gender=Female,,gender=Female,gender=Female,gender=Female,0,<=50K | Unmarried | Married-spouse-absent | Some-college | Private,2,2,"{""gender=Female"": ""<=50K"", ""gender=Male"": ""<=50K""}","{""gender=Female"": {""alpha"": 1.0, ""margin"": 0.943133943748982, ""p_observed"": 0.9715669718744909, ""prior_probability"": 0.6666666666666666, ""score"": 0.9715669718744909}, ""gender=Male"": {""alpha"": 1.0, ""margin"": 0.912124432411605, ""p_observed"": 0.9560622162058025, ""prior_probability"": 0.3333333333333333, ""score"": 0.9560622162058025}}","{""gender=Female"": {""alpha"": 1.0, ""margin"": 0.943133943748982, ""p_observed"": 0.9715669718744909, ""prior_probability"": 0.6666666666666666, ""score"": 0.943133943748982}, ""gender=Male"": {""alpha"": 1.0, ""margin"": 0.912124432411605, ""p_observed"": 0.9560622162058025, ""prior_probability"": 0.3333333333333333, ""score"": 0.912124432411605}}","{""gender=Female"": {""alpha"": 0.0, ""margin"": 0.943133943748982, ""p_observed"": 0.9715669718744909, ""prior_probability"": 0.6666666666666666, ""score"": -0.40546510810816444}, ""gender=Male"": {""alpha"": 0.0, ""margin"": 0.912124432411605, ""p_observed"": 0.9560622162058025, ""prior_probability"": 0.3333333333333333, ""score"": -1.0986122886681098}}"
244,Male,White,gender=Male,<=50K,"{""age"": ""31"", ""workclass"": ""Private"", ""fnlwgt"": ""114691"", ""education"": ""HS-grad"", ""educational-num"": ""9"", ""marital-status"": ""Never-married"", ""occupation"": ""Sales"", ""relationship"": ""Own-child"", ""race"": ""White"", ""capital-gain"": ""0"", ""capital-loss"": ""0"", ""hours-per-week"": ""40"", ""native-country"": ""United-States""}",gender=Male,gender=Female,gender=Female,gender=Female,gender=Female,gender=Female,gender=Female,1,<=50K | Own-child | Never-married | HS-grad | Private,2,2,"{""gender=Female"": ""<=50K"", ""gender=Male"": ""<=50K""}","{""gender=Female"": {""alpha"": 1.0, ""margin"": 0.9752592701692723, ""p_observed"": 0.987629635084636, ""prior_probability"": 0.6222222222222222, ""score"": 0.987629635084636}, ""gender=Male"": {""alpha"": 1.0, ""margin"": 0.9709659094566624, ""p_observed"": 0.985482954728331, ""prior_probability"": 0.37777777777777777, ""score"": 0.985482954728331}}","{""gender=Female"": {""alpha"": 1.0, ""margin"": 0.9752592701692723, ""p_observed"": 0.987629635084636, ""prior_probability"": 0.6222222222222222, ""score"": 0.9752592701692723}, ""gender=Male"": {""alpha"": 1.0, ""margin"": 0.9709659094566624, ""p_observed"": 0.985482954728331, ""prior_probability"": 0.37777777777777777, ""score"": 0.9709659094566624}}","{""gender=Female"": {""alpha"": 0.0, ""margin"": 0.9752592701692723, ""p_observed"": 0.987629635084636, ""prior_probability"": 0.6222222222222222, ""score"": -0.4744579795951158}, ""gender=Male"": {""alpha"": 0.0, ""margin"": 0.9709659094566624, ""p_observed"": 0.985482954728331, ""prior_probability"": 0.37777777777777777, ""score"": -0.9734491457141037}}"
245,Male,White,gender=Male,>50K,"{""age"": ""41"", ""workclass"": ""Private"", ""fnlwgt"": ""206948"", ""education"": ""Bachelors"", ""educational-num"": ""13"", ""marital-status"": ""Married-civ-spouse"", ""occupation"": ""Sales"", ""relationship"": ""Husband"", ""race"": ""White"", ""capital-gain"": ""0"", ""capital-loss"": ""0"", ""hours-per-week"": ""40"", ""native-country"": ""United-States""}",gender=Male,gender=Male,gender=Male,gender=Male,gender=Male,gender=Male,gender=Male,1,>50K | Husband | Married-civ-spouse | Bachelors | Private,2,2,"{""gender=Female"": "">50K"", ""gender=Male"": "">50K""}","{""gender=Female"": {""alpha"": 1.0, ""margin"": 0.07735154652431764, ""p_observed"": 0.5386757732621588, ""prior_probability"": 0.003472222222222222, ""score"": 0.5386757732621588}, ""gender=Male"": {""alpha"": 1.0, ""margin"": 0.2420705345259272, ""p_observed"": 0.6210352672629635, ""prior_probability"": 0.9965277777777778, ""score"": 0.6210352672629635}}","{""gender=Female"": {""alpha"": 1.0, ""margin"": 0.07735154652431764, ""p_observed"": 0.5386757732621588, ""prior_probability"": 0.003472222222222222, ""score"": 0.07735154652431764}, ""gender=Male"": {""alpha"": 1.0, ""margin"": 0.2420705345259272, ""p_observed"": 0.6210352672629635, ""prior_probability"": 0.9965277777777778, ""score"": 0.2420705345259272}}","{""gender=Female"": {""alpha"": 0.0, ""margin"": 0.07735154652431764, ""p_observed"": 0.5386757732621588, ""prior_probability"": 0.003472222222222222, ""score"": -5.662960480135946}, ""gender=Male"": {""alpha"": 0.0, ""margin"": 0.2420705345259272, ""p_observed"": 0.6210352672629635, ""prior_probability"": 0.9965277777777778, ""score"": -0.0034782643763248086}}"
246,Male,White,gender=Male,>50K,"{""age"": ""39"", ""workclass"": ""Federal-gov"", ""fnlwgt"": ""99146"", ""education"": ""Bachelors"", ""educational-num"": ""13"", ""marital-status"": ""Married-civ-spouse"", ""occupation"": ""Protective-serv"", ""relationship"": ""Husband"", ""race"": ""White"", ""capital-gain"": ""0"", ""capital-loss"": ""1887"", ""hours-per-week"": ""60"", ""native-country"": ""United-States""}",gender=Male,gender=Male,gender=Male,,gender=Male,gender=Male,gender=Male,0,>50K | Husband | Married-civ-spouse | Bachelors | Federal-gov,2,2,"{""gender=Female"": "">50K"", ""gender=Male"": "">50K""}","{""gender=Female"": {""alpha"": 1.0, ""margin"": 0.493378464566505, ""p_observed"": 0.7466892322832526, ""prior_probability"": 0.025, ""score"": 0.7466892322832526}, ""gender=Male"": {""alpha"": 1.0, ""margin"": 0.643671542606024, ""p_observed"": 0.821835771303012, ""prior_probability"": 0.975, ""score"": 0.821835771303012}}","{""gender=Female"": {""alpha"": 1.0, ""margin"": 0.493378464566505, ""p_observed"": 0.7466892322832526, ""prior_probability"": 0.025, ""score"": 0.493378464566505}, ""gender=Male"": {""alpha"": 1.0, ""margin"": 0.643671542606024, ""p_observed"": 0.821835771303012, ""prior_probability"": 0.975, ""score"": 0.643671542606024}}","{""gender=Female"": {""alpha"": 0.0, ""margin"": 0.493378464566505, ""p_observed"": 0.7466892322832526, ""prior_probability"": 0.025, ""score"": -3.6888794541139363}, ""gender=Male"": {""alpha"": 0.0, ""margin"": 0.643671542606024, ""p_observed"": 0.821835771303012, ""prior_probability"": 0.975, ""score"": -0.025317807984289897}}"
247,Male,Asian-Pac-Islander,gender=Male,<=50K,"{""age"": ""21"", ""workclass"": ""Private"", ""fnlwgt"": ""109414"", ""education"": ""Some-college"", ""educational-num"": ""10"", ""marital-status"": ""Never-married"", ""occupation"": ""Prof-specialty"", ""relationship"": ""Own-child"", ""race"": ""Asian-Pac-Islander"", ""capital-gain"": ""0"", ""capital-loss"": ""1974"", ""hours-per-week"": ""40"", ""native-country"": ""United-States""}",gender=Male,gender=Female,gender=Female,gender=Female,gender=Male,gender=Male,gender=Female,1,<=50K | Own-child | Never-married | Some-college | Private,2,2,"{""gender=Female"": ""<=50K"", ""gender=Male"": ""<=50K""}","{""gender=Female"": {""alpha"": 1.0, ""margin"": 0.8675782825568408, ""p_observed"": 0.9337891412784204, ""prior_probability"": 0.5, ""score"": 0.9337891412784204}, ""gender=Male"": {""alpha"": 1.0, ""margin"": 0.8732201553956642, ""p_observed"": 0.9366100776978321, ""prior_probability"": 0.5, ""score"": 0.9366100776978321}}","{""gender=Female"": {""alpha"": 1.0, ""margin"": 0.8675782825568408, ""p_observed"": 0.9337891412784204, ""prior_probability"": 0.5, ""score"": 0.8675782825568408}, ""gender=Male"": {""alpha"": 1.0, ""margin"": 0.8732201553956642, ""p_observed"": 0.9366100776978321, ""prior_probability"": 0.5, ""score"": 0.8732201553956642}}","{""gender=Female"": {""alpha"": 0.0, ""margin"": 0.8675782825568408, ""p_observed"": 0.9337891412784204, ""prior_probability"": 0.5, ""score"": -0.6931471805599453}, ""gender=Male"": {""alpha"": 0.0, ""margin"": 0.8732201553956642, ""p_observed"": 0.9366100776978321, ""prior_probability"": 0.5, ""score"": -0.6931471805599453}}"
248,Female,Amer-Indian-Eskimo,gender=Female,>50K,"{""age"": ""34"", ""workclass"": ""Private"", ""fnlwgt"": ""27565"", ""education"": ""Assoc-voc"", ""educational-num"": ""11"", ""marital-status"": ""Married-civ-spouse"", ""occupation"": ""Craft-repair"", ""relationship"": ""Wife"", ""race"": ""Amer-Indian-Eskimo"", ""capital-gain"": ""0"", ""capital-loss"": ""0"", ""hours-per-week"": ""27"", ""native-country"": ""United-States""}",gender=Male,gender=Female,gender=Female,,gender=Female,gender=Female,gender=Female,0,>50K | Wife | Married-civ-spouse | Assoc-voc | Private,2,2,"{""gender=Female"": ""<=50K"", ""gender=Male"": ""<=50K""}","{""gender=Female"": {""alpha"": 1.0, ""margin"": -0.32447846794539803, ""p_observed"": 0.3377607660273009, ""prior_probability"": 0.6666666666666666, ""score"": 0.3377607660273009}, ""gender=Male"": {""alpha"": 1.0, ""margin"": -0.4398527790199843, ""p_observed"": 0.2800736104900077, ""prior_probability"": 0.3333333333333333, ""score"": 0.2800736104900077}}","{""gender=Female"": {""alpha"": 1.0, ""margin"": -0.32447846794539803, ""p_observed"": 0.3377607660273009, ""prior_probability"": 0.6666666666666666, ""score"": -0.32447846794539803}, ""gender=Male"": {""alpha"": 1.0, ""margin"": -0.4398527790199843, ""p_observed"": 0.2800736104900077, ""prior_probability"": 0.3333333333333333, ""score"": -0.4398527790199843}}","{""gender=Female"": {""alpha"": 0.0, ""margin"": -0.32447846794539803, ""p_observed"": 0.3377607660273009, ""prior_probability"": 0.6666666666666666, ""score"": -0.40546510810816444}, ""gender=Male"": {""alpha"": 0.0, ""margin"": -0.4398527790199843, ""p_observed"": 0.2800736104900077, ""prior_probability"": 0.3333333333333333, ""score"": -1.0986122886681098}}"
249,Male,Black,gender=Male,<=50K,"{""age"": ""42"", ""workclass"": ""Self-emp-inc"", ""fnlwgt"": ""161532"", ""education"": ""Bachelors"", ""educational-num"": ""13"", ""marital-status"": ""Married-civ-spouse"", ""occupation"": ""Craft-repair"", ""relationship"": ""Husband"", ""race"": ""Black"", ""capital-gain"": ""0"", ""capital-loss"": ""0"", ""hours-per-week"": ""60"", ""native-country"": ""United-States""}",gender=Male,gender=Male,gender=Male,,gender=Female,gender=Female,gender=Male,0,<=50K | Husband | Married-civ-spouse | Bachelors | Self-emp-inc,2,2,"{""gender=Female"": "">50K"", ""gender=Male"": "">50K""}","{""gender=Female"": {""alpha"": 1.0, ""margin"": -0.06993855430467238, ""p_observed"": 0.46503072284766384, ""prior_probability"": 0.018867924528301886, ""score"": 0.46503072284766384}, ""gender=Male"": {""alpha"": 1.0, ""margin"": -0.30183352623626974, ""p_observed"": 0.3490832368818651, ""prior_probability"": 0.9811320754716981, ""score"": 0.3490832368818651}}","{""gender=Female"": {""alpha"": 1.0, ""margin"": -0.06993855430467238, ""p_observed"": 0.46503072284766384, ""prior_probability"": 0.018867924528301886, ""score"": -0.06993855430467238}, ""gender=Male"": {""alpha"": 1.0, ""margin"": -0.30183352623626974, ""p_observed"": 0.3490832368818651, ""prior_probability"": 0.9811320754716981, ""score"": -0.30183352623626974}}","{""gender=Female"": {""alpha"": 0.0, ""margin"": -0.06993855430467238, ""p_observed"": 0.46503072284766384, ""prior_probability"": 0.018867924528301886, ""score"": -3.970291913552122}, ""gender=Male"": {""alpha"": 0.0, ""margin"": -0.30183352623626974, ""p_observed"": 0.3490832368818651, ""prior_probability"": 0.9811320754716981, ""score"": -0.019048194970694474}}"
250,Male,White,gender=Male,>50K,"{""age"": ""49"", ""workclass"": ""Private"", ""fnlwgt"": ""198759"", ""education"": ""Assoc-acdm"", ""educational-num"": ""12"", ""marital-status"": ""Married-civ-spouse"", ""occupation"": ""Sales"", ""relationship"": ""Husband"", ""race"": ""White"", ""capital-gain"": ""15024"", ""capital-loss"": ""0"", ""hours-per-week"": ""60"", ""native-country"": ""United-States""}",gender=Male,gender=Male,gender=Male,,gender=Male,gender=Male,gender=Male,0,>50K | Husband | Married-civ-spouse | Assoc-acdm | Private,2,2,"{""gender=Female"": "">50K"", ""gender=Male"": "">50K""}","{""gender=Female"": {""alpha"": 1.0, ""margin"": 0.6037570668165086, ""p_observed"": 0.8018785334082544, ""prior_probability"": 0.027777777777777776, ""score"": 0.8018785334082544}, ""gender=Male"": {""alpha"": 1.0, ""margin"": 0.7320535162435633, ""p_observed"": 0.8660267581217816, ""prior_probability"": 0.9722222222222222, ""score"": 0.8660267581217816}}","{""gender=Female"": {""alpha"": 1.0, ""margin"": 0.6037570668165086, ""p_observed"": 0.8018785334082544, ""prior_probability"": 0.027777777777777776, ""score"": 0.6037570668165086}, ""gender=Male"": {""alpha"": 1.0, ""margin"": 0.7320535162435633, ""p_observed"": 0.8660267581217816, ""prior_probability"": 0.9722222222222222, ""score"": 0.7320535162435633}}","{""gender=Female"": {""alpha"": 0.0, ""margin"": 0.6037570668165086, ""p_observed"": 0.8018785334082544, ""prior_probability"": 0.027777777777777776, ""score"": -3.58351893845611}, ""gender=Male"": {""alpha"": 0.0, ""margin"": 0.7320535162435633, ""p_observed"": 0.8660267581217816, ""prior_probability"": 0.9722222222222222, ""score"": -0.028170876966696335}}"
251,Female,White,gender=Female,<=50K,"{""age"": ""22"", ""workclass"": ""Private"", ""fnlwgt"": ""64292"", ""education"": ""HS-grad"", ""educational-num"": ""9"", ""marital-status"": ""Never-married"", ""occupation"": ""Tech-support"", ""relationship"": ""Not-in-family"", ""race"": ""White"", ""capital-gain"": ""0"", ""capital-loss"": ""0"", ""hours-per-week"": ""40"", ""native-country"": ""United-States""}",gender=Male,gender=Male,gender=Male,gender=Male,gender=Female,gender=Female,gender=Male,1,<=50K | Not-in-family | Never-married | HS-grad | Private,2,2,"{""gender=Female"": ""<=50K"", ""gender=Male"": ""<=50K""}","{""gender=Female"": {""alpha"": 1.0, ""margin"": 0.9720846449385341, ""p_observed"": 0.9860423224692669, ""prior_probability"": 0.34615384615384615, ""score"": 0.9860423224692669}, ""gender=Male"": {""alpha"": 1.0, ""margin"": 0.9686381983706455, ""p_observed"": 0.9843190991853226, ""prior_probability"": 0.6538461538461539, ""score"": 0.9843190991853226}}","{""gender=Female"": {""alpha"": 1.0, ""margin"": 0.9720846449385341, ""p_observed"": 0.9860423224692669, ""prior_probability"": 0.34615384615384615, ""score"": 0.9720846449385341}, ""gender=Male"": {""alpha"": 1.0, ""margin"": 0.9686381983706455, ""p_observed"": 0.9843190991853226, ""prior_probability"": 0.6538461538461539, ""score"": 0.9686381983706455}}","{""gender=Female"": {""alpha"": 0.0, ""margin"": 0.9720846449385341, ""p_observed"": 0.9860423224692669, ""prior_probability"": 0.34615384615384615, ""score"": -1.0608719606852628}, ""gender=Male"": {""alpha"": 0.0, ""margin"": 0.9686381983706455, ""p_observed"": 0.9843190991853226, ""prior_probability"": 0.6538461538461539, ""score"": -0.42488319396526597}}"
252,Male,White,gender=Male,>50K,"{""age"": ""41"", ""workclass"": ""Private"", ""fnlwgt"": ""154374"", ""education"": ""Bachelors"", ""educational-num"": ""13"", ""marital-status"": ""Married-civ-spouse"", ""occupation"": ""Exec-managerial"", ""relationship"": ""Husband"", ""race"": ""White"", ""capital-gain"": ""0"", ""capital-loss"": ""1887"", ""hours-per-week"": ""50"", ""native-country"": ""United-States""}",gender=Male,gender=Male,gender=Male,gender=Male,gender=Male,gender=Male,gender=Male,1,>50K | Husband | Married-civ-spouse | Bachelors | Private,2,2,"{""gender=Female"": "">50K"", ""gender=Male"": "">50K""}","{""gender=Female"": {""alpha"": 1.0, ""margin"": 0.5366525939903071, ""p_observed"": 0.7683262969951536, ""prior_probability"": 0.00186219739292365, ""score"": 0.7683262969951536}, ""gender=Male"": {""alpha"": 1.0, ""margin"": 0.8158734332694847, ""p_observed"": 0.9079367166347424, ""prior_probability"": 0.9981378026070763, ""score"": 0.9079367166347424}}","{""gender=Female"": {""alpha"": 1.0, ""margin"": 0.5366525939903071, ""p_observed"": 0.7683262969951536, ""prior_probability"": 0.00186219739292365, ""score"": 0.5366525939903071}, ""gender=Male"": {""alpha"": 1.0, ""margin"": 0.8158734332694847, ""p_observed"": 0.9079367166347424, ""prior_probability"": 0.9981378026070763, ""score"": 0.8158734332694847}}","{""gender=Female"": {""alpha"": 0.0, ""margin"": 0.5366525939903071, ""p_observed"": 0.7683262969951536, ""prior_probability"": 0.00186219739292365, ""score"": -6.285998094508865}, ""gender=Male"": {""alpha"": 0.0, ""margin"": 0.8158734332694847, ""p_observed"": 0.9079367166347424, ""prior_probability"": 0.9981378026070763, ""score"": -0.0018639334380627533}}"
253,Male,Black,gender=Male,<=50K,"{""age"": ""45"", ""workclass"": ""Private"", ""fnlwgt"": ""273194"", ""education"": ""HS-grad"", ""educational-num"": ""9"", ""marital-status"": ""Married-civ-spouse"", ""occupation"": ""Machine-op-inspct"", ""relationship"": ""Husband"", ""race"": ""Black"", ""capital-gain"": ""3137"", ""capital-loss"": ""0"", ""hours-per-week"": ""35"", ""native-country"": ""United-States""}",gender=Male,gender=Male,gender=Male,,gender=Female,gender=Female,gender=Male,0,<=50K | Husband | Married-civ-spouse | HS-grad | Private,2,2,"{""gender=Female"": ""<=50K"", ""gender=Male"": ""<=50K""}","{""gender=Female"": {""alpha"": 1.0, ""margin"": 0.5266580603194535, ""p_observed"": 0.7633290301597266, ""prior_probability"": 0.0033783783783783786, ""score"": 0.7633290301597266}, ""gender=Male"": {""alpha"": 1.0, ""margin"": 0.4636029053335383, ""p_observed"": 0.731801452666769, ""prior_probability"": 0.9966216216216216, ""score"": 0.731801452666769}}","{""gender=Female"": {""alpha"": 1.0, ""margin"": 0.5266580603194535, ""p_observed"": 0.7633290301597266, ""prior_probability"": 0.0033783783783783786, ""score"": 0.5266580603194535}, ""gender=Male"": {""alpha"": 1.0, ""margin"": 0.4636029053335383, ""p_observed"": 0.731801452666769, ""prior_probability"": 0.9966216216216216, ""score"": 0.4636029053335383}}","{""gender=Female"": {""alpha"": 0.0, ""margin"": 0.5266580603194535, ""p_observed"": 0.7633290301597266, ""prior_probability"": 0.0033783783783783786, ""score"": -5.69035945432406}, ""gender=Male"": {""alpha"": 0.0, ""margin"": 0.4636029053335383, ""p_observed"": 0.731801452666769, ""prior_probability"": 0.9966216216216216, ""score"": -0.0033840979842405684}}"
254,Male,White,gender=Male,<=50K,"{""age"": ""52"", ""workclass"": ""Private"", ""fnlwgt"": ""170562"", ""education"": ""12th"", ""educational-num"": ""8"", ""marital-status"": ""Married-civ-spouse"", ""occupation"": ""Craft-repair"", ""relationship"": ""Husband"", ""race"": ""White"", ""capital-gain"": ""0"", ""capital-loss"": ""0"", ""hours-per-week"": ""40"", ""native-country"": ""United-States""}",gender=Male,gender=Male,gender=Male,,gender=Female,gender=Female,gender=Male,0,<=50K | Husband | Married-civ-spouse | 12th | Private,2,2,"{""gender=Female"": ""<=50K"", ""gender=Male"": ""<=50K""}","{""gender=Female"": {""alpha"": 1.0, ""margin"": 0.5278351943958315, ""p_observed"": 0.7639175971979156, ""prior_probability"": 0.043478260869565216, ""score"": 0.7639175971979156}, ""gender=Male"": {""alpha"": 1.0, ""margin"": 0.501665933696652, ""p_observed"": 0.750832966848326, ""prior_probability"": 0.9565217391304348, ""score"": 0.750832966848326}}","{""gender=Female"": {""alpha"": 1.0, ""margin"": 0.5278351943958315, ""p_observed"": 0.7639175971979156, ""prior_probability"": 0.043478260869565216, ""score"": 0.5278351943958315}, ""gender=Male"": {""alpha"": 1.0, ""margin"": 0.501665933696652, ""p_observed"": 0.750832966848326, ""prior_probability"": 0.9565217391304348, ""score"": 0.501665933696652}}","{""gender=Female"": {""alpha"": 0.0, ""margin"": 0.5278351943958315, ""p_observed"": 0.7639175971979156, ""prior_probability"": 0.043478260869565216, ""score"": -3.1354942159291497}, ""gender=Male"": {""alpha"": 0.0, ""margin"": 0.501665933696652, ""p_observed"": 0.750832966848326, ""prior_probability"": 0.9565217391304348, ""score"": -0.04445176257083381}}"
255,Male,White,gender=Male,<=50K,"{""age"": ""31"", ""workclass"": ""Private"", ""fnlwgt"": ""195750"", ""education"": ""1st-4th"", ""educational-num"": ""2"", ""marital-status"": ""Married-civ-spouse"", ""occupation"": ""Prof-specialty"", ""relationship"": ""Husband"", ""race"": ""White"", ""capital-gain"": ""0"", ""capital-loss"": ""0"", ""hours-per-week"": ""45"", ""native-country"": ""United-States""}",gender=Male,gender=Male,gender=Male,,gender=Female,gender=Female,gender=Male,0,<=50K | Husband | Married-civ-spouse | 1st-4th | Private,2,2,"{""gender=Female"": ""<=50K"", ""gender=Male"": ""<=50K""}","{""gender=Female"": {""alpha"": 1.0, ""margin"": 0.3926245624064931, ""p_observed"": 0.6963122812032465, ""prior_probability"": 0.0003256798567008631, ""score"": 0.6963122812032465}, ""gender=Male"": {""alpha"": 1.0, ""margin"": 0.3646249941467656, ""p_observed"": 0.6823124970733827, ""prior_probability"": 0.9996743201432992, ""score"": 0.6823124970733827}}","{""gender=Female"": {""alpha"": 1.0, ""margin"": 0.3926245624064931, ""p_observed"": 0.6963122812032465, ""prior_probability"": 0.0003256798567008631, ""score"": 0.3926245624064931}, ""gender=Male"": {""alpha"": 1.0, ""margin"": 0.3646249941467656, ""p_observed"": 0.6823124970733827, ""prior_probability"": 0.9996743201432992, ""score"": 0.3646249941467656}}","{""gender=Female"": {""alpha"": 0.0, ""margin"": 0.3926245624064931, ""p_observed"": 0.6963122812032465, ""prior_probability"": 0.0003256798567008631, ""score"": -8.029595693769453}, ""gender=Male"": {""alpha"": 0.0, ""margin"": 0.3646249941467656, ""p_observed"": 0.6823124970733827, ""prior_probability"": 0.9996743201432992, ""score"": -0.0003257329019028567}}"
