sample_index,membership_label,user_id,true_label,base_prediction,label_stability_score,sampling_attack_score,transfer_attack_score,boundary_attack_score,dhattack_style_score,dhattack_style_raw_score
0,1,casia:470,1,1,0.125,0.25984251968503935,0.4251968503937008,0.6929133858267716,0.28326510291516954,0.7637795275590551
1,1,casia:061,0,0,1.0,1.0,0.6535433070866141,0.6299212598425197,-0.5219897598049272,0.47244094488188976
2,1,casia:250,1,0,1.0,0.07086614173228346,0.8976377952755905,0.8976377952755905,-1.544462878394243,0.2204724409448819
3,1,casia:042,0,0,1.0,1.0,0.7559055118110236,0.7559055118110236,1.1395290579027106,0.8818897637795275
4,1,casia:490,1,1,0.578125,0.2755905511811024,0.4409448818897638,0.4409448818897638,-0.7419957921522076,0.5354330708661418
5,1,casia:346,1,1,0.4609375,0.2992125984251969,0.6220472440944882,0.6220472440944882,0.6368033425935754,0.84251968503937
6,1,casia:192,0,0,1.0,1.0,1.0,0.8582677165354331,0.7880539233876337,0.7952755905511811
7,1,casia:279,1,1,0.1953125,0.25196850393700787,0.31496062992125984,0.31496062992125984,-1.272303151669817,0.41732283464566927
8,1,casia:345,1,1,0.0703125,0.25196850393700787,0.8503937007874016,0.2440944881889764,-0.21168843263459897,0.6535433070866141
9,1,casia:462,1,1,0.1953125,0.25196850393700787,0.3228346456692913,0.18110236220472442,-0.6359343202486859,0.5590551181102362
10,1,casia:326,1,1,0.0390625,0.25196850393700787,0.33858267716535434,0.33858267716535434,0.17720363101164796,0.7401574803149606
11,1,casia:426,1,1,0.09375,0.25196850393700787,0.5039370078740157,0.5905511811023622,0.38932657481869165,0.7874015748031497
12,1,casia:222,0,0,1.0,1.0,1.0,0.1889763779527559,-1.544462878394243,0.2204724409448819
13,1,casia:052,0,0,1.0,1.0,0.4094488188976378,0.4094488188976378,0.5643879286962208,0.7401574803149606
14,1,casia:191,0,0,1.0,1.0,0.48031496062992124,0.48031496062992124,0.02119908444564691,0.6062992125984252
15,1,casia:190,0,0,1.0,1.0,1.0,0.4094488188976378,0.7561016384317176,0.7874015748031497
16,1,casia:360,1,1,0.90625,0.8110236220472441,0.47244094488188976,0.47244094488188976,0.9196339343363003,0.905511811023622
17,1,casia:026,0,0,1.0,1.0,0.937007874015748,0.7480314960629921,1.1075767729467947,0.8740157480314961
18,1,casia:078,0,0,1.0,1.0,0.6850393700787402,0.6850393700787402,0.30876964904889187,0.6771653543307087
19,1,casia:180,0,0,1.0,1.0,0.7716535433070866,0.7716535433070866,-1.8000811580415719,0.15748031496062992
20,1,casia:289,1,1,0.1328125,0.3228346456692913,0.36220472440944884,0.6850393700787402,0.07114215910812584,0.7165354330708661
21,1,casia:031,0,0,0.9921875,1.0,1.0,0.6377952755905512,-1.4805583084824105,0.23622047244094488
22,1,casia:390,1,1,0.03125,0.25196850393700787,0.7086614173228346,0.905511811023622,-1.3783646235733384,0.3937007874015748
23,1,casia:291,1,1,0.1484375,0.2755905511811024,0.2755905511811024,0.2047244094488189,0.17720363101164796,0.7401574803149606
24,1,casia:186,0,0,1.0,1.0,0.25196850393700787,0.14960629921259844,-0.8734648943200045,0.3858267716535433
25,1,casia:365,1,1,0.0390625,0.25196850393700787,0.4881889763779528,0.4881889763779528,0.9549877583041413,0.9133858267716536
26,1,casia:093,0,0,1.0,1.0,0.08661417322834646,0.08661417322834646,0.30876964904889187,0.6771653543307087
27,1,casia:296,1,1,0.0234375,0.25196850393700787,0.41732283464566927,0.41732283464566927,-0.706641968184367,0.5433070866141733
28,1,casia:464,1,1,0.1328125,0.2755905511811024,0.5354330708661418,0.5354330708661418,-0.3177499045381206,0.6299212598425197
29,1,casia:158,0,0,1.0,0.9763779527559056,0.33070866141732286,0.33070866141732286,1.0117199180790466,0.8503937007874016
30,1,casia:123,0,0,1.0,1.0,0.7874015748031497,0.7874015748031497,0.97976763312313,0.84251968503937
31,1,casia:043,0,0,1.0,1.0,1.0,0.8188976377952756,-0.8415126093640882,0.3937007874015748
32,1,casia:027,0,0,1.0,1.0,0.889763779527559,0.889763779527559,1.1714813428586268,0.889763779527559
33,1,casia:447,1,1,0.09375,0.25196850393700787,0.3937007874015748,0.3937007874015748,0.0357883351402853,0.7086614173228346
34,1,casia:245,0,0,1.0,1.0,1.0,0.2755905511811024,-1.4166537385705784,0.25196850393700787
35,1,casia:291,1,1,0.0078125,0.25984251968503935,0.4251968503937008,0.4251968503937008,-1.0248263838949325,0.47244094488188976
36,1,casia:019,0,0,1.0,1.0,1.0,0.9448818897637795,-0.6178466146726755,0.44881889763779526
37,1,casia:443,1,1,0.1171875,0.31496062992125984,0.4330708661417323,0.8031496062992126,0.1418498070438074,0.7322834645669292
38,1,casia:286,1,1,0.0078125,0.25196850393700787,0.18110236220472442,0.18110236220472442,-1.873318159123107,0.28346456692913385
39,1,casia:274,1,1,0.0234375,0.25984251968503935,0.7244094488188977,0.7244094488188977,0.3186189268830101,0.7716535433070866
40,1,casia:467,1,1,0.3515625,0.29133858267716534,0.33858267716535434,0.5590551181102362,-0.7419957921522076,0.5354330708661418
41,1,casia:473,1,1,0.65625,0.29133858267716534,0.8267716535433071,0.5354330708661418,0.4600342227543727,0.8031496062992126
42,1,casia:059,0,0,0.96875,0.8031496062992126,0.7480314960629921,0.7480314960629921,1.1714813428586268,0.889763779527559
43,1,casia:099,0,0,1.0,1.0,0.8346456692913385,0.8346456692913385,0.5324356437403047,0.7322834645669292
44,1,casia:035,0,0,1.0,1.0,0.8503937007874016,0.8503937007874016,0.660244783563969,0.7637795275590551
45,1,casia:183,0,0,1.0,1.0,0.4251968503937008,0.4251968503937008,0.372674218960724,0.6929133858267716
46,1,casia:005,0,0,1.0,0.3228346456692913,0.8031496062992126,0.8031496062992126,0.9158630632112978,0.8267716535433071
47,1,casia:237,0,0,0.984375,0.3937007874015748,0.07874015748031496,0.07874015748031496,0.7241493534758011,0.7795275590551181
48,1,casia:184,0,0,1.0,1.0,1.0,0.6141732283464567,0.053151369401562974,0.6141732283464567
49,1,casia:485,1,1,0.171875,0.25984251968503935,0.8188976377952756,0.8188976377952756,-1.272303151669817,0.41732283464566927
50,1,casia:319,1,1,0.015625,0.2992125984251969,0.4645669291338583,0.4645669291338583,0.10649598307596687,0.7244094488188977
51,1,casia:356,1,1,0.4375,0.25196850393700787,0.7559055118110236,0.7559055118110236,0.49538804672221326,0.8110236220472441
52,1,casia:458,1,1,0.328125,0.25196850393700787,0.2204724409448819,0.3779527559055118,-1.1308878557984545,0.44881889763779526
53,1,casia:341,1,1,0.296875,0.25196850393700787,0.6771653543307087,0.6771653543307087,0.9903415822719818,0.9212598425196851
54,1,casia:203,0,0,1.0,0.8110236220472441,1.0,0.84251968503937,0.97976763312313,0.84251968503937
55,1,casia:187,0,0,0.9921875,0.8740157480314961,0.33070866141732286,0.33070866141732286,-0.9693217491877527,0.36220472440944884
56,1,casia:179,0,0,1.0,1.0,1.0,1.0,0.5324356437403047,0.7322834645669292
57,1,casia:438,1,1,0.046875,0.25196850393700787,0.4645669291338583,0.3779527559055118,-1.3783646235733384,0.3937007874015748
58,1,casia:257,1,1,0.5625,0.3543307086614173,0.3937007874015748,0.3937007874015748,-0.8127034400878891,0.5196850393700787
59,1,casia:153,0,0,0.984375,0.11811023622047244,0.5905511811023622,0.5905511811023622,-2.2154608624684813,0.05511811023622047
60,1,casia:469,1,1,0.515625,0.5511811023622047,0.3858267716535433,0.3858267716535433,-0.49451902437732376,0.5905511811023622
61,1,casia:011,0,0,1.0,1.0,1.0,0.6692913385826772,0.9478153481672139,0.8346456692913385
62,1,casia:077,0,0,1.0,1.0,0.6929133858267716,0.6929133858267716,0.053151369401562974,0.6141732283464567
63,1,casia:420,1,1,0.09375,0.25196850393700787,0.5433070866141733,0.5433070866141733,0.6368033425935754,0.84251968503937
64,1,casia:473,1,1,0.71875,0.8346456692913385,0.6771653543307087,0.6062992125984252,0.3186189268830101,0.7716535433070866
65,1,casia:194,0,0,1.0,1.0,0.48031496062992124,0.48031496062992124,0.14900822426931115,0.6377952755905512
66,1,casia:443,1,1,0.109375,0.25196850393700787,0.4094488188976378,0.8582677165354331,0.00043451117244476187,0.7007874015748031
67,1,casia:060,0,0,1.0,1.0,0.6377952755905512,0.6377952755905512,0.8839107782553818,0.8188976377952756
68,1,casia:225,0,0,1.0,1.0,0.25984251968503935,0.25984251968503935,0.5963402136521369,0.7480314960629921
69,1,casia:411,1,1,0.1953125,0.4094488188976378,0.7165354330708661,0.7165354330708661,0.6014495186257349,0.8346456692913385
70,1,casia:294,1,1,0.015625,0.25984251968503935,0.6535433070866141,0.6535433070866141,-0.9541187359592512,0.4881889763779528
71,1,casia:433,1,1,0.4140625,0.25984251968503935,0.3700787401574803,0.7401574803149606,0.8135724624327786,0.8818897637795275
72,1,casia:226,0,0,1.0,1.0,0.11023622047244094,0.11023622047244094,-1.352749168658746,0.2677165354330709
73,1,casia:027,0,0,1.0,1.0,1.0,0.7559055118110236,0.8519584932994658,0.8110236220472441
74,1,casia:163,0,0,1.0,1.0,0.49606299212598426,0.49606299212598426,-0.9693217491877527,0.36220472440944884
75,1,casia:049,0,0,1.0,1.0,0.5669291338582677,0.5669291338582677,0.4685310738284722,0.7165354330708661
76,1,casia:087,0,0,1.0,1.0,0.9606299212598425,0.9606299212598425,1.0756244879908787,0.8661417322834646
77,1,casia:400,1,1,0.0234375,0.2755905511811024,0.1968503937007874,0.1968503937007874,0.9549877583041413,0.9133858267716536
78,1,casia:428,1,1,0.4609375,0.25196850393700787,0.8818897637795275,0.8818897637795275,1.131756878143344,0.952755905511811
79,1,casia:088,0,0,1.0,1.0,1.0,0.5669291338582677,1.1714813428586268,0.889763779527559
80,1,casia:234,0,0,1.0,1.0,0.3228346456692913,0.3228346456692913,0.08510365435747903,0.6220472440944882
81,1,casia:128,0,0,1.0,1.0,0.09448818897637795,0.09448818897637795,-1.1290831739673335,0.3228346456692913
82,1,casia:132,0,0,0.9375,0.5196850393700787,0.16535433070866143,0.16535433070866143,-1.1290831739673335,0.3228346456692913
83,1,casia:347,1,1,0.65625,0.5433070866141733,0.33858267716535434,0.33858267716535434,0.9196339343363003,0.905511811023622
84,1,casia:044,0,0,1.0,1.0,0.4566929133858268,0.6377952755905512,0.6282924986080529,0.7559055118110236
85,1,casia:064,0,0,1.0,1.0,0.8661417322834646,0.6850393700787402,1.2034336278145428,0.8976377952755905
86,1,casia:032,0,0,1.0,1.0,0.31496062992125984,0.31496062992125984,1.0117199180790466,0.8503937007874016
87,1,casia:379,1,1,0.828125,0.7795275590551181,0.23622047244094488,0.23622047244094488,1.0964030541755034,0.9448818897637795
88,1,casia:431,1,1,0.0703125,0.2677165354330709,0.28346456692913385,0.2283464566929134,0.9903415822719818,0.9212598425196851
89,1,casia:296,1,1,0.234375,0.28346456692913385,0.8110236220472441,0.6850393700787402,0.1418498070438074,0.7322834645669292
90,1,casia:432,1,1,0.5234375,0.30708661417322836,0.3937007874015748,0.3937007874015748,0.07114215910812584,0.7165354330708661
91,1,casia:459,1,1,0.0625,0.31496062992125984,0.5669291338582677,0.6377952755905512,0.3539727508508506,0.7795275590551181
92,1,casia:335,1,1,0.15625,0.25984251968503935,0.5511811023622047,0.5511811023622047,0.4600342227543727,0.8031496062992126
93,1,casia:222,0,0,0.9765625,0.5196850393700787,0.6771653543307087,0.6771653543307087,-0.5219897598049272,0.47244094488188976
94,1,casia:092,0,0,1.0,1.0,0.968503937007874,0.968503937007874,1.0436722030349626,0.8582677165354331
95,1,casia:156,0,0,1.0,1.0,0.29133858267716534,0.29133858267716534,0.34072193400480794,0.6850393700787402
96,1,casia:420,1,1,0.03125,0.25984251968503935,0.5118110236220472,0.5118110236220472,0.707510990529257,0.8582677165354331
97,1,casia:265,1,1,0.3828125,0.25196850393700787,0.6535433070866141,0.6535433070866141,0.707510990529257,0.8582677165354331
98,1,casia:279,1,1,0.0625,0.2677165354330709,0.29133858267716534,0.29133858267716534,0.6368033425935754,0.84251968503937
99,1,casia:192,0,0,1.0,1.0,0.48031496062992124,0.48031496062992124,0.43657878887255613,0.7086614173228346
100,1,casia:386,1,1,0.34375,0.3700787401574803,0.7716535433070866,0.7716535433070866,0.8489262864006192,0.889763779527559
101,1,casia:325,1,1,0.0625,0.25196850393700787,0.3937007874015748,0.3937007874015748,0.07114215910812584,0.7165354330708661
102,1,casia:248,0,1,0.015625,0.25196850393700787,0.8582677165354331,0.2440944881889764,-2.0500872789623097,0.2440944881889764
103,1,casia:213,0,0,1.0,0.1968503937007874,0.031496062992125984,0.031496062992125984,-2.0556994376889004,0.09448818897637795
104,1,casia:487,1,1,0.171875,0.3228346456692913,0.2204724409448819,0.3700787401574803,0.6368033425935754,0.84251968503937
105,1,casia:212,0,0,1.0,1.0,0.4251968503937008,0.4251968503937008,-1.7042243031738233,0.18110236220472442
106,1,casia:389,1,1,0.0078125,0.25196850393700787,0.2204724409448819,0.2204724409448819,-1.7672566872195852,0.30708661417322836
107,1,casia:271,1,1,0.015625,0.2755905511811024,0.4015748031496063,0.4015748031496063,-1.3076569756376573,0.4094488188976378
108,1,casia:348,1,1,0.1328125,0.3858267716535433,0.5984251968503937,0.7480314960629921,0.38932657481869165,0.7874015748031497
109,1,casia:327,1,1,0.3359375,0.25984251968503935,0.25984251968503935,0.25984251968503935,-0.9541187359592512,0.4881889763779528
110,1,casia:222,0,0,1.0,0.5984251968503937,0.11023622047244094,0.11023622047244094,-1.352749168658746,0.2677165354330709
111,1,casia:148,0,0,1.0,0.015748031496062992,0.03937007874015748,0.7716535433070866,-1.9917948677770683,0.11023622047244094
112,1,casia:214,0,0,0.9921875,0.4094488188976378,0.2283464566929134,0.2283464566929134,-1.6722720182179074,0.1889763779527559
113,1,casia:054,0,0,1.0,1.0,0.8818897637795275,0.8818897637795275,0.7561016384317176,0.7874015748031497
114,1,casia:396,1,1,0.3046875,0.3464566929133858,0.3779527559055118,0.3779527559055118,0.6721571665614164,0.8503937007874016
115,1,casia:011,0,0,1.0,1.0,1.0,0.5826771653543307,0.9158630632112978,0.8267716535433071
116,1,casia:035,0,0,1.0,1.0,0.8818897637795275,0.8818897637795275,0.372674218960724,0.6929133858267716
117,1,casia:266,1,1,0.0625,0.2755905511811024,0.3464566929133858,0.3464566929133858,-0.9187649119914107,0.49606299212598426
118,1,casia:000,0,0,1.0,1.0,0.6692913385826772,0.7795275590551181,0.7241493534758011,0.7795275590551181
119,1,casia:282,1,1,0.0078125,0.2204724409448819,0.33858267716535434,0.33858267716535434,0.4246803987865322,0.7952755905511811
120,1,casia:267,1,1,0.15625,0.25196850393700787,0.14173228346456693,0.14173228346456693,0.28326510291516954,0.7637795275590551
121,1,casia:126,0,0,1.0,1.0,0.7559055118110236,0.7559055118110236,0.692197068519885,0.7716535433070866
122,1,casia:071,0,0,0.9921875,1.0,0.14960629921259844,0.14960629921259844,-1.8320334429974878,0.14960629921259844
123,1,casia:351,1,1,0.171875,0.25984251968503935,0.905511811023622,0.7952755905511811,0.4246803987865322,0.7952755905511811
124,1,casia:381,1,1,0.53125,0.25196850393700787,0.7086614173228346,0.7086614173228346,0.17720363101164796,0.7401574803149606
125,1,casia:084,0,0,0.9921875,1.0,0.44881889763779526,0.44881889763779526,0.692197068519885,0.7716535433070866
126,1,casia:158,0,0,1.0,1.0,0.8188976377952756,0.8188976377952756,1.1395290579027106,0.8818897637795275
127,1,casia:130,0,0,1.0,1.0,0.6377952755905512,0.6377952755905512,0.40462650391664007,0.7007874015748031
128,1,casia:165,0,0,1.0,0.7244094488188977,1.0,0.44881889763779526,0.5004833587843887,0.7244094488188977
129,1,casia:305,1,1,0.0078125,0.25196850393700787,0.1889763779527559,0.1889763779527559,-0.6005804962808454,0.5669291338582677
130,1,casia:433,1,1,0.2265625,0.31496062992125984,0.5669291338582677,0.1732283464566929,0.4600342227543727,0.8031496062992126
131,1,casia:025,0,0,1.0,1.0,0.5433070866141733,0.5433070866141733,0.11705593931339509,0.6299212598425197
132,1,casia:119,0,0,1.0,1.0,0.2047244094488189,0.2047244094488189,-1.288844598746914,0.28346456692913385
133,1,casia:124,0,0,1.0,1.0,0.2677165354330709,0.2677165354330709,-0.13856234033393383,0.5669291338582677
134,1,casia:315,1,1,0.1484375,0.25984251968503935,0.6535433070866141,0.6535433070866141,0.1418498070438074,0.7322834645669292
135,1,casia:078,0,0,1.0,1.0,0.9763779527559056,0.9763779527559056,0.97976763312313,0.84251968503937
136,1,casia:446,1,1,0.5,0.25196850393700787,0.9133858267716536,0.9133858267716536,0.8842801103684597,0.8976377952755905
137,1,casia:461,1,1,0.03125,0.25984251968503935,0.8503937007874016,0.8503937007874016,-2.2622102227693537,0.1968503937007874
138,1,casia:171,0,0,0.984375,0.6220472440944882,0.2204724409448819,0.2204724409448819,-1.7681288730856555,0.16535433070866143
139,1,casia:133,0,0,1.0,1.0,0.28346456692913385,0.28346456692913385,0.6282924986080529,0.7559055118110236
140,1,casia:425,1,1,0.2109375,0.28346456692913385,0.5354330708661418,0.5354330708661418,0.5660956946578943,0.8267716535433071
141,1,casia:072,0,0,1.0,0.5433070866141733,0.2047244094488189,0.2047244094488189,-1.6403197332619912,0.1968503937007874
142,1,casia:361,1,1,0.5859375,0.2992125984251969,0.4566929133858268,0.4566929133858268,0.9549877583041413,0.9133858267716536
143,1,casia:368,1,1,0.1953125,0.25196850393700787,0.4330708661417323,0.4330708661417323,0.8842801103684597,0.8976377952755905
144,1,casia:434,1,1,0.0234375,0.25196850393700787,0.28346456692913385,0.5118110236220472,-0.6712881442165265,0.5511811023622047
145,1,casia:007,0,0,1.0,0.5669291338582677,1.0,0.8818897637795275,-0.7776080394522561,0.4094488188976378
146,1,casia:215,0,0,1.0,1.0,0.6456692913385826,0.6456692913385826,0.11705593931339509,0.6299212598425197
147,1,casia:292,1,1,0.0703125,0.25984251968503935,0.4015748031496063,0.4015748031496063,-1.4137184475411793,0.3858267716535433
148,1,casia:349,1,1,0.3515625,0.25196850393700787,0.33070866141732286,0.8582677165354331,-1.166241679766295,0.4409448818897638
149,1,casia:392,1,1,0.25,0.25196850393700787,0.905511811023622,0.44881889763779526,0.7428648144970975,0.8661417322834646
150,1,casia:076,0,0,1.0,1.0,0.5984251968503937,0.9133858267716536,0.692197068519885,0.7716535433070866
151,1,casia:061,0,0,1.0,1.0,0.6299212598425197,0.33070866141732286,-1.097130889011417,0.33070866141732286
152,1,casia:472,1,1,0.0625,0.2677165354330709,0.5118110236220472,0.7401574803149606,-0.8834110880235702,0.5039370078740157
153,1,casia:356,1,1,0.453125,0.25984251968503935,0.3858267716535433,0.3858267716535433,-0.9541187359592512,0.4881889763779528
154,1,casia:477,1,1,0.8046875,0.7637795275590551,0.4094488188976378,0.5275590551181102,0.3186189268830101,0.7716535433070866
155,1,casia:011,0,0,1.0,1.0,1.0,0.44881889763779526,0.9478153481672139,0.8346456692913385
156,1,casia:017,0,0,0.953125,0.2047244094488189,0.5590551181102362,0.5590551181102362,1.0436722030349626,0.8582677165354331
157,1,casia:038,0,0,1.0,1.0,1.0,0.7952755905511811,0.6282924986080529,0.7559055118110236
158,1,casia:236,0,0,1.0,1.0,0.6220472440944882,0.6220472440944882,-1.6083674483060753,0.2047244094488189
159,1,casia:273,1,1,0.1328125,0.2755905511811024,0.30708661417322836,0.30708661417322836,0.707510990529257,0.8582677165354331
160,1,casia:257,1,1,0.84375,0.7637795275590551,0.7952755905511811,0.7952755905511811,-0.4238113764416422,0.6062992125984252
161,1,casia:457,1,1,0.34375,0.25984251968503935,0.31496062992125984,0.9212598425196851,0.17720363101164796,0.7401574803149606
162,1,casia:449,1,1,0.2265625,0.25984251968503935,0.889763779527559,0.8267716535433071,1.0256954062398222,0.9291338582677166
163,1,casia:386,1,1,0.0234375,0.2677165354330709,0.5433070866141733,0.5354330708661418,0.8842801103684597,0.8976377952755905
164,1,casia:146,0,0,1.0,1.0,0.9606299212598425,0.9606299212598425,0.7561016384317176,0.7874015748031497
165,1,casia:428,1,1,0.46875,0.29133858267716534,0.8740157480314961,0.8740157480314961,1.131756878143344,0.952755905511811
166,1,casia:273,1,1,0.0390625,0.25984251968503935,0.28346456692913385,0.28346456692913385,0.28326510291516954,0.7637795275590551
167,1,casia:362,1,1,0.4296875,0.2992125984251969,0.8976377952755905,0.8976377952755905,0.8489262864006192,0.889763779527559
168,1,casia:075,0,0,1.0,1.0,0.7874015748031497,0.7874015748031497,0.8200062083435498,0.8031496062992126
169,1,casia:143,0,0,1.0,1.0,0.6062992125984252,0.6062992125984252,0.5004833587843887,0.7244094488188977
170,1,casia:401,1,1,0.3984375,0.3937007874015748,0.47244094488188976,0.6771653543307087,0.9549877583041413,0.9133858267716536
171,1,casia:461,1,1,0.4609375,0.2992125984251969,0.23622047244094488,0.1968503937007874,-0.4591652004094827,0.5984251968503937
172,1,casia:269,1,1,0.0078125,0.25984251968503935,0.49606299212598426,0.49606299212598426,0.4600342227543727,0.8031496062992126
173,1,casia:392,1,1,0.0546875,0.2677165354330709,0.5590551181102362,0.5590551181102362,-0.03491931279539578,0.6929133858267716
174,1,casia:122,0,0,0.828125,0.2125984251968504,0.984251968503937,0.984251968503937,-2.0237471527329847,0.10236220472440945
175,1,casia:227,0,0,1.0,1.0,1.0,0.2204724409448819,0.40462650391664007,0.7007874015748031
176,1,casia:436,1,1,0.6328125,0.7637795275590551,0.6929133858267716,0.984251968503937,0.5307418706900539,0.8188976377952756
177,1,casia:423,1,1,0.015625,0.3464566929133858,0.5354330708661418,0.5354330708661418,0.6721571665614164,0.8503937007874016
178,1,casia:240,0,0,1.0,1.0,0.33070866141732286,0.33070866141732286,-1.0651786040555011,0.33858267716535434
179,1,casia:067,0,0,0.9921875,1.0,0.48031496062992124,0.48031496062992124,-0.8415126093640882,0.3937007874015748
180,1,casia:181,0,0,1.0,1.0,0.4251968503937008,0.4251968503937008,-0.234419195201682,0.5433070866141733
181,1,casia:275,1,1,0.0546875,0.25984251968503935,0.18110236220472442,0.11023622047244094,0.9196339343363003,0.905511811023622
182,1,casia:030,0,0,1.0,1.0,0.7401574803149606,0.7401574803149606,-0.234419195201682,0.5433070866141733
183,1,casia:322,1,1,0.0078125,0.25196850393700787,0.14960629921259844,0.14960629921259844,-1.3076569756376573,0.4094488188976378
184,1,casia:407,1,1,0.5390625,0.31496062992125984,0.3779527559055118,0.3779527559055118,-0.1409807846989174,0.6692913385826772
185,1,casia:280,1,1,0.0703125,0.2677165354330709,0.5748031496062992,0.28346456692913385,0.38932657481869165,0.7874015748031497
186,1,casia:147,0,0,0.859375,0.4251968503937008,1.0,0.2047244094488189,-1.1290831739673335,0.3228346456692913
187,1,casia:038,0,0,1.0,1.0,1.0,0.7244094488188977,0.4685310738284722,0.7165354330708661
188,1,casia:094,0,0,0.9921875,1.0,0.7401574803149606,0.7401574803149606,0.660244783563969,0.7637795275590551
189,1,casia:317,1,1,0.0625,0.25984251968503935,0.2992125984251969,0.2992125984251969,0.8842801103684597,0.8976377952755905
190,1,casia:288,1,1,0.0078125,0.25196850393700787,0.33858267716535434,0.33858267716535434,-0.8834110880235702,0.5039370078740157
191,1,casia:401,1,1,0.03125,0.25196850393700787,0.6535433070866141,0.2125984251968504,-1.0248263838949325,0.47244094488188976
192,1,casia:445,1,1,0.65625,0.7559055118110236,0.905511811023622,0.8188976377952756,0.9549877583041413,0.9133858267716536
193,1,casia:082,0,0,1.0,1.0,0.5354330708661418,0.5354330708661418,-0.8734648943200045,0.3858267716535433
194,1,casia:336,1,1,0.109375,0.2677165354330709,0.6299212598425197,0.6614173228346457,0.6721571665614164,0.8503937007874016
195,1,casia:311,1,1,0.046875,0.2755905511811024,0.49606299212598426,0.28346456692913385,0.38932657481869165,0.7874015748031497
196,1,casia:063,0,0,1.0,1.0,0.7952755905511811,0.7952755905511811,0.43657878887255613,0.7086614173228346
197,1,casia:124,0,0,1.0,1.0,0.2047244094488189,0.2047244094488189,-0.7776080394522561,0.4094488188976378
198,1,casia:103,0,0,1.0,1.0,0.7244094488188977,0.7244094488188977,0.08510365435747903,0.6220472440944882
199,1,casia:283,1,1,0.0234375,0.25196850393700787,0.29133858267716534,0.29133858267716534,-1.1308878557984545,0.44881889763779526
200,1,casia:018,0,0,1.0,1.0,0.29133858267716534,0.29133858267716534,-1.4166537385705784,0.25196850393700787
201,1,casia:328,1,1,0.1171875,0.25196850393700787,0.8346456692913385,0.8346456692913385,-0.4591652004094827,0.5984251968503937
202,1,casia:421,1,1,0.2109375,0.25196850393700787,0.5039370078740157,0.36220472440944884,0.4246803987865322,0.7952755905511811
203,1,casia:269,1,1,0.0078125,0.25984251968503935,0.5118110236220472,0.5118110236220472,0.38932657481869165,0.7874015748031497
204,1,casia:463,1,1,0.6953125,0.7244094488188977,0.8346456692913385,0.8346456692913385,-0.10562696073107684,0.6771653543307087
205,1,casia:441,1,1,0.546875,0.25196850393700787,0.2755905511811024,0.2755905511811024,0.9196339343363003,0.905511811023622
206,1,casia:060,0,0,1.0,1.0,0.6141732283464567,0.6141732283464567,0.7880539233876337,0.7952755905511811
207,1,casia:230,0,0,1.0,1.0,0.4015748031496063,0.4015748031496063,0.5643879286962208,0.7401574803149606
208,1,casia:202,0,1,0.0078125,0.1968503937007874,0.7716535433070866,0.09448818897637795,1.0256954062398222,0.9291338582677166
209,1,casia:465,1,1,0.109375,0.4645669291338583,0.33858267716535434,0.33858267716535434,-0.4238113764416422,0.6062992125984252
210,1,casia:134,0,0,1.0,1.0,0.5354330708661418,0.5354330708661418,-1.288844598746914,0.28346456692913385
211,1,casia:044,0,0,1.0,1.0,1.0,0.6535433070866141,0.660244783563969,0.7637795275590551
212,1,casia:449,1,1,0.015625,0.25984251968503935,0.6456692913385826,0.9291338582677166,0.7428648144970975,0.8661417322834646
213,1,casia:359,1,1,0.5078125,0.2992125984251969,0.5905511811023622,0.5905511811023622,0.707510990529257,0.8582677165354331
214,1,casia:014,0,0,1.0,1.0,0.7401574803149606,0.7401574803149606,0.21291279418114326,0.6535433070866141
215,1,casia:250,1,1,0.0078125,0.15748031496062992,0.4251968503937008,0.4251968503937008,-1.5904875673803822,0.3464566929133858
216,1,casia:103,0,0,0.984375,0.1732283464566929,0.1732283464566929,0.1732283464566929,-1.4805583084824105,0.23622047244094488
217,1,casia:444,1,1,0.390625,0.25984251968503935,0.7795275590551181,0.7795275590551181,0.8489262864006192,0.889763779527559
218,1,casia:402,1,1,0.03125,0.25196850393700787,0.23622047244094488,0.23622047244094488,0.8135724624327786,0.8818897637795275
219,1,casia:108,0,0,1.0,1.0,0.5511811023622047,0.5511811023622047,1.1714813428586268,0.889763779527559
220,1,casia:409,1,1,0.0390625,0.25196850393700787,0.2677165354330709,0.2677165354330709,0.49538804672221326,0.8110236220472441
221,1,casia:371,1,1,0.03125,0.25196850393700787,0.4409448818897638,0.4409448818897638,-0.03491931279539578,0.6929133858267716
222,1,casia:482,1,1,0.453125,0.25196850393700787,0.5275590551181102,0.5275590551181102,0.8489262864006192,0.889763779527559
223,1,casia:149,0,0,1.0,1.0,0.23622047244094488,0.23622047244094488,0.8200062083435498,0.8031496062992126
224,1,casia:093,0,0,1.0,1.0,0.6220472440944882,0.6220472440944882,0.5963402136521369,0.7480314960629921
225,1,casia:109,0,0,1.0,1.0,0.5590551181102362,0.5590551181102362,-0.5539420447608433,0.4645669291338583
226,1,casia:150,0,0,1.0,1.0,0.6614173228346457,0.6614173228346457,1.1395290579027106,0.8818897637795275
227,1,casia:144,0,0,1.0,1.0,0.5433070866141733,0.5433070866141733,0.660244783563969,0.7637795275590551
228,1,casia:413,1,1,0.1640625,0.2755905511811024,0.7165354330708661,0.3700787401574803,0.6721571665614164,0.8503937007874016
229,1,casia:131,0,0,1.0,1.0,0.6771653543307087,0.6771653543307087,0.9478153481672139,0.8346456692913385
230,1,casia:382,1,1,0.59375,0.6299212598425197,0.7165354330708661,0.7165354330708661,0.49538804672221326,0.8110236220472441
231,1,casia:212,0,0,1.0,1.0,0.937007874015748,0.11023622047244094,-1.6403197332619912,0.1968503937007874
232,1,casia:167,0,0,1.0,1.0,0.9606299212598425,0.9606299212598425,0.5963402136521369,0.7480314960629921
233,1,casia:152,0,0,1.0,1.0,1.0,0.5511811023622047,0.7880539233876337,0.7952755905511811
234,1,casia:303,1,1,0.0625,0.25196850393700787,0.6771653543307087,0.6771653543307087,0.07114215910812584,0.7165354330708661
235,1,casia:141,0,0,1.0,1.0,0.7795275590551181,0.7795275590551181,0.7561016384317176,0.7874015748031497
236,1,casia:171,0,0,0.9921875,1.0,0.41732283464566927,0.14960629921259844,-1.8959380129093202,0.13385826771653545
237,1,casia:256,1,1,0.0078125,0.25196850393700787,0.3228346456692913,0.3228346456692913,0.707510990529257,0.8582677165354331
238,1,casia:484,1,1,0.0078125,0.25196850393700787,0.2440944881889764,0.2440944881889764,0.6368033425935754,0.84251968503937
239,1,casia:282,1,0,0.9921875,0.03937007874015748,0.6614173228346457,0.6614173228346457,-2.151556292556649,0.07086614173228346
240,1,casia:001,0,0,1.0,1.0,0.14960629921259844,0.14960629921259844,-1.8320334429974878,0.14960629921259844
241,1,casia:108,0,0,1.0,1.0,0.4645669291338583,0.4645669291338583,-1.6722720182179074,0.1889763779527559
242,1,casia:181,0,0,1.0,1.0,0.16535433070866143,0.16535433070866143,-0.49003747484901117,0.48031496062992124
243,1,casia:357,1,1,0.4296875,0.3700787401574803,0.5196850393700787,0.8031496062992126,0.6368033425935754,0.84251968503937
244,1,casia:161,0,0,1.0,1.0,0.4645669291338583,0.4645669291338583,-0.29832376511351455,0.5275590551181102
245,1,casia:147,0,0,1.0,1.0,1.0,0.2677165354330709,-0.8415126093640882,0.3937007874015748
246,1,casia:496,1,1,0.046875,0.25984251968503935,0.25984251968503935,0.25984251968503935,-1.5551337434125416,0.3543307086614173
247,1,casia:278,1,1,0.0078125,0.25984251968503935,0.2125984251968504,0.2125984251968504,-0.5298728483451643,0.5826771653543307
248,1,casia:110,0,0,1.0,1.0,0.4409448818897638,0.4409448818897638,0.43657878887255613,0.7086614173228346
249,1,casia:384,1,1,0.6015625,0.6456692913385826,0.5984251968503937,0.2992125984251969,0.0357883351402853,0.7086614173228346
250,1,casia:167,0,0,1.0,1.0,0.952755905511811,0.952755905511811,1.0436722030349626,0.8582677165354331
251,1,casia:086,0,0,1.0,1.0,0.937007874015748,0.937007874015748,-0.4580851898930949,0.4881889763779528
252,1,casia:468,1,1,0.671875,0.31496062992125984,0.8818897637795275,0.6456692913385826,-0.8480572640557297,0.5118110236220472
253,1,casia:145,0,0,1.0,1.0,1.0,0.2204724409448819,0.14900822426931115,0.6377952755905512
254,1,casia:123,0,0,1.0,1.0,0.8031496062992126,0.8031496062992126,0.692197068519885,0.7716535433070866
255,1,casia:131,0,0,1.0,1.0,0.9212598425196851,0.9212598425196851,0.7241493534758011,0.7795275590551181
256,1,casia:269,1,1,0.015625,0.25196850393700787,0.3464566929133858,0.3464566929133858,-0.21168843263459897,0.6535433070866141
257,1,casia:334,1,1,0.2421875,0.6062992125984252,0.7637795275590551,0.33858267716535434,0.9196339343363003,0.905511811023622
258,1,casia:187,0,0,0.890625,0.15748031496062992,0.30708661417322836,0.30708661417322836,-2.2154608624684813,0.05511811023622047
259,1,casia:480,1,1,0.03125,0.25984251968503935,0.2755905511811024,0.2755905511811024,-0.5652266723130048,0.5748031496062992
260,1,casia:399,1,1,0.625,0.25196850393700787,0.7165354330708661,0.8188976377952756,0.38932657481869165,0.7874015748031497
261,1,casia:372,1,1,0.3515625,0.25984251968503935,0.6535433070866141,0.6535433070866141,0.7782186384649381,0.8740157480314961
262,1,casia:142,0,0,0.921875,0.2204724409448819,0.2992125984251969,0.2992125984251969,-1.8959380129093202,0.13385826771653545
263,1,casia:236,0,0,1.0,0.2047244094488189,0.7007874015748031,0.7007874015748031,-1.544462878394243,0.2204724409448819
264,1,casia:441,1,1,0.3125,0.25196850393700787,0.7086614173228346,0.7086614173228346,0.707510990529257,0.8582677165354331
265,1,casia:214,0,1,0.0078125,0.07086614173228346,0.05511811023622047,0.05511811023622047,-0.03491931279539578,0.6929133858267716
266,1,casia:283,1,1,0.0390625,0.2677165354330709,0.4881889763779528,0.4881889763779528,-0.989472559927092,0.48031496062992124
267,1,casia:070,0,0,1.0,1.0,0.5826771653543307,0.5826771653543307,0.40462650391664007,0.7007874015748031
268,1,casia:212,0,0,1.0,1.0,0.5433070866141733,0.5433070866141733,0.5324356437403047,0.7322834645669292
269,1,casia:411,1,1,0.4609375,0.3228346456692913,0.6692913385826772,0.6692913385826772,0.9549877583041413,0.9133858267716536
270,1,casia:005,0,0,1.0,1.0,0.6141732283464567,0.6141732283464567,-1.352749168658746,0.2677165354330709
271,1,casia:040,0,1,0.015625,0.25196850393700787,0.07874015748031496,0.07874015748031496,-0.10562696073107684,0.6771653543307087
272,1,casia:494,1,1,0.0078125,0.25196850393700787,0.3700787401574803,0.3700787401574803,-1.9086719830909475,0.2755905511811024
273,1,casia:030,0,0,1.0,1.0,0.6771653543307087,0.6771653543307087,0.372674218960724,0.6929133858267716
274,1,casia:036,0,0,1.0,1.0,1.0,0.6614173228346457,0.8519584932994658,0.8110236220472441
275,1,casia:157,0,0,1.0,1.0,0.7716535433070866,0.7716535433070866,-0.4580851898930949,0.4881889763779528
276,1,casia:198,0,0,0.9296875,0.6141732283464567,0.33070866141732286,0.33070866141732286,-2.2474131474243975,0.047244094488188976
277,1,casia:279,1,1,0.140625,0.25984251968503935,0.6456692913385826,0.6456692913385826,0.9196339343363003,0.905511811023622
278,1,casia:377,1,1,0.609375,0.25196850393700787,0.905511811023622,0.8740157480314961,0.7782186384649381,0.8740157480314961
279,1,casia:393,1,1,0.0390625,0.25984251968503935,0.3779527559055118,0.3779527559055118,0.00043451117244476187,0.7007874015748031
280,1,casia:123,0,0,1.0,1.0,0.7952755905511811,0.7952755905511811,1.1395290579027106,0.8818897637795275
281,1,casia:095,0,0,1.0,1.0,1.0,0.6771653543307087,-0.7776080394522561,0.4094488188976378
282,1,casia:160,0,0,0.90625,0.7086614173228346,0.4881889763779528,0.4881889763779528,0.34072193400480794,0.6850393700787402
283,1,casia:319,1,1,0.578125,0.47244094488188976,0.5196850393700787,0.5196850393700787,0.49538804672221326,0.8110236220472441
284,1,casia:020,0,0,1.0,1.0,0.4330708661417323,0.4330708661417323,0.6282924986080529,0.7559055118110236
285,1,casia:180,0,0,1.0,1.0,0.5826771653543307,0.5826771653543307,0.40462650391664007,0.7007874015748031
286,1,casia:427,1,1,0.6328125,0.25984251968503935,0.6535433070866141,0.6535433070866141,0.707510990529257,0.8582677165354331
287,1,casia:116,0,0,1.0,1.0,0.952755905511811,0.952755905511811,0.7241493534758011,0.7795275590551181
288,1,casia:388,1,1,0.046875,0.25196850393700787,0.5826771653543307,0.5826771653543307,0.9903415822719818,0.9212598425196851
289,1,casia:371,1,1,0.0078125,0.25196850393700787,0.11811023622047244,0.11811023622047244,-0.2470422566024395,0.6456692913385826
290,1,casia:283,1,1,0.0234375,0.25196850393700787,0.16535433070866143,0.16535433070866143,-0.7773496161200486,0.5275590551181102
291,1,casia:070,0,0,1.0,1.0,0.5118110236220472,0.5118110236220472,-1.9917948677770683,0.11023622047244094
292,1,casia:167,0,0,1.0,1.0,0.968503937007874,0.968503937007874,-0.6497988996285916,0.4409448818897638
293,1,casia:412,1,1,0.0078125,0.16535433070866143,0.15748031496062992,0.48031496062992124,-0.989472559927092,0.48031496062992124
294,1,casia:103,0,0,1.0,1.0,0.7559055118110236,0.7559055118110236,0.14900822426931115,0.6377952755905512
295,1,casia:432,1,1,0.7890625,0.3779527559055118,0.6220472440944882,0.6220472440944882,0.4246803987865322,0.7952755905511811
296,1,casia:314,1,1,0.234375,0.2755905511811024,0.7952755905511811,0.7952755905511811,0.9903415822719818,0.9212598425196851
297,1,casia:072,0,0,1.0,1.0,0.10236220472440945,0.10236220472440945,-2.279365432380313,0.03937007874015748
298,1,casia:322,1,1,0.0078125,0.25196850393700787,0.2204724409448819,0.2204724409448819,0.1418498070438074,0.7322834645669292
299,1,casia:291,1,1,0.0390625,0.25984251968503935,0.3464566929133858,0.3464566929133858,-1.4137184475411793,0.3858267716535433
300,1,casia:366,1,1,0.5703125,0.3543307086614173,0.7480314960629921,0.7480314960629921,0.7782186384649381,0.8740157480314961
301,1,casia:259,1,1,0.3671875,0.25196850393700787,0.33858267716535434,0.8188976377952756,-0.6359343202486859,0.5590551181102362
302,1,casia:359,1,1,0.6953125,0.6692913385826772,0.33858267716535434,0.5905511811023622,0.9196339343363003,0.905511811023622
303,1,casia:129,0,0,1.0,1.0,0.2125984251968504,0.2125984251968504,0.692197068519885,0.7716535433070866
304,1,casia:085,0,0,1.0,1.0,0.41732283464566927,0.41732283464566927,0.4685310738284722,0.7165354330708661
305,1,casia:196,0,0,1.0,1.0,1.0,0.8976377952755905,1.2034336278145428,0.8976377952755905
306,1,casia:372,1,1,0.4140625,0.29133858267716534,0.9291338582677166,0.7244094488188977,0.9549877583041413,0.9133858267716536
307,1,casia:112,0,0,1.0,1.0,0.3464566929133858,0.3464566929133858,-0.10661005537801777,0.5748031496062992
308,1,casia:471,1,1,0.2109375,0.2677165354330709,0.25196850393700787,0.25196850393700787,-0.9541187359592512,0.4881889763779528
309,1,casia:065,0,0,1.0,1.0,0.3228346456692913,0.3228346456692913,0.7241493534758011,0.7795275590551181
310,1,casia:456,1,1,0.3125,0.2992125984251969,0.5039370078740157,0.952755905511811,0.707510990529257,0.8582677165354331
311,1,casia:237,0,0,1.0,1.0,0.31496062992125984,0.31496062992125984,0.372674218960724,0.6929133858267716
312,1,casia:230,0,0,1.0,1.0,0.7165354330708661,0.7165354330708661,0.7241493534758011,0.7795275590551181
313,1,casia:356,1,1,0.5,0.30708661417322836,0.8267716535433071,0.6929133858267716,0.6014495186257349,0.8346456692913385
314,1,casia:077,0,0,1.0,1.0,0.7086614173228346,0.7086614173228346,0.7241493534758011,0.7795275590551181
315,1,casia:329,1,1,0.1171875,0.25196850393700787,0.3700787401574803,0.3700787401574803,0.1418498070438074,0.7322834645669292
316,1,casia:259,1,1,0.015625,0.25196850393700787,0.2283464566929134,0.4881889763779528,-0.21168843263459897,0.6535433070866141
317,1,casia:081,0,0,1.0,1.0,1.0,0.8188976377952756,0.9158630632112978,0.8267716535433071
318,1,casia:273,1,1,0.0703125,0.30708661417322836,0.3937007874015748,0.3937007874015748,0.28326510291516954,0.7637795275590551
319,1,casia:054,0,0,1.0,1.0,0.5354330708661418,0.5354330708661418,0.24486507913705977,0.6614173228346457
320,1,casia:026,0,0,1.0,1.0,1.0,0.6535433070866141,0.02119908444564691,0.6062992125984252
321,1,casia:443,1,1,0.265625,0.29133858267716534,0.48031496062992124,0.7716535433070866,-0.3177499045381206,0.6299212598425197
322,1,casia:263,1,1,0.078125,0.25196850393700787,0.30708661417322836,0.6377952755905512,0.24791127894732903,0.7559055118110236
323,1,casia:135,0,0,1.0,1.0,0.33070866141732286,0.33070866141732286,-0.4580851898930949,0.4881889763779528
324,1,casia:456,1,1,0.5,0.2677165354330709,0.8818897637795275,0.937007874015748,-0.03491931279539578,0.6929133858267716
325,1,casia:457,1,1,0.296875,0.25984251968503935,0.8267716535433071,0.9212598425196851,0.00043451117244476187,0.7007874015748031
326,1,casia:284,1,1,0.0859375,0.25196850393700787,0.30708661417322836,0.3779527559055118,-0.28239608057028004,0.6377952755905512
327,1,casia:286,1,1,0.015625,0.25196850393700787,0.13385826771653545,0.08661417322834646,-2.0854411029301505,0.23622047244094488
328,1,casia:233,0,1,0.015625,0.08661417322834646,0.2677165354330709,0.2677165354330709,-2.9692867021261655,0.03937007874015748
329,1,casia:404,1,1,0.671875,0.5984251968503937,0.36220472440944884,0.36220472440944884,0.9196339343363003,0.905511811023622
330,1,casia:139,0,0,1.0,1.0,0.7480314960629921,0.5590551181102362,0.8839107782553818,0.8188976377952756
331,1,casia:055,0,0,1.0,1.0,1.0,0.4330708661417323,1.2992904826822915,0.9212598425196851
332,1,casia:182,0,0,1.0,1.0,1.0,0.3937007874015748,0.7880539233876337,0.7952755905511811
333,1,casia:039,0,0,1.0,1.0,0.6456692913385826,0.6456692913385826,0.053151369401562974,0.6141732283464567
334,1,casia:139,0,0,1.0,1.0,1.0,0.5196850393700787,0.8200062083435498,0.8031496062992126
335,1,casia:327,1,1,0.2734375,0.25196850393700787,0.1889763779527559,0.1889763779527559,-2.2622102227693537,0.1968503937007874
336,1,casia:478,1,1,0.0078125,0.25196850393700787,0.5039370078740157,0.5039370078740157,0.3186189268830101,0.7716535433070866
337,1,casia:308,1,1,0.2578125,0.25196850393700787,0.5354330708661418,0.5354330708661418,0.5307418706900539,0.8188976377952756
338,1,casia:481,1,1,0.0703125,0.25196850393700787,0.2755905511811024,0.14960629921259844,-0.49451902437732376,0.5905511811023622
339,1,casia:413,1,1,0.15625,0.3228346456692913,0.6771653543307087,0.5433070866141733,0.7782186384649381,0.8740157480314961
340,1,casia:144,0,0,1.0,1.0,1.0,0.4566929133858268,-0.3302760500694306,0.5196850393700787
341,1,casia:467,1,1,0.0078125,0.25196850393700787,0.15748031496062992,0.15748031496062992,-0.5298728483451643,0.5826771653543307
342,1,casia:470,1,1,0.109375,0.2755905511811024,0.7244094488188977,0.7559055118110236,-0.4238113764416422,0.6062992125984252
343,1,casia:021,0,0,1.0,1.0,0.7322834645669292,0.7322834645669292,0.08510365435747903,0.6220472440944882
344,1,casia:215,0,0,1.0,1.0,0.5511811023622047,0.5511811023622047,-1.1929877438791656,0.30708661417322836
345,1,casia:192,0,0,1.0,1.0,0.3937007874015748,0.3937007874015748,0.7880539233876337,0.7952755905511811
346,1,casia:221,0,0,0.984375,0.1732283464566929,0.15748031496062992,0.15748031496062992,-0.9693217491877527,0.36220472440944884
347,1,casia:171,0,1,0.453125,0.11811023622047244,0.4251968503937008,0.023622047244094488,-0.4238113764416422,0.6062992125984252
348,1,casia:320,1,1,0.1171875,0.25984251968503935,0.7007874015748031,0.7007874015748031,0.2125574549794885,0.7480314960629921
349,1,casia:136,0,0,1.0,0.8582677165354331,0.3464566929133858,0.3464566929133858,0.692197068519885,0.7716535433070866
350,1,casia:019,0,1,0.546875,0.2677165354330709,0.7480314960629921,0.7480314960629921,0.07114215910812584,0.7165354330708661
351,1,casia:146,0,0,1.0,1.0,0.4881889763779528,0.4881889763779528,0.4685310738284722,0.7165354330708661
352,1,casia:211,0,0,1.0,1.0,0.16535433070866143,0.16535433070866143,-1.7361765881297395,0.1732283464566929
353,1,casia:098,0,0,1.0,1.0,1.0,0.8031496062992126,0.5324356437403047,0.7322834645669292
354,1,casia:074,0,0,1.0,1.0,0.8976377952755905,0.8976377952755905,0.692197068519885,0.7716535433070866
355,1,casia:379,1,1,0.453125,0.44881889763779526,0.3543307086614173,0.3543307086614173,-0.38845755247380165,0.6141732283464567
356,1,casia:369,1,1,0.28125,0.25196850393700787,0.47244094488188976,0.8267716535433071,-0.706641968184367,0.5433070866141733
357,1,casia:116,0,0,1.0,1.0,0.29133858267716534,0.29133858267716534,0.9158630632112978,0.8267716535433071
358,1,casia:374,1,1,0.0390625,0.25984251968503935,0.6929133858267716,0.6929133858267716,0.4246803987865322,0.7952755905511811
359,1,casia:355,1,1,0.125,0.25984251968503935,0.3464566929133858,0.3464566929133858,-0.7773496161200486,0.5275590551181102
360,1,casia:368,1,1,0.46875,0.29133858267716534,0.6535433070866141,0.4330708661417323,0.9903415822719818,0.9212598425196851
361,1,casia:378,1,1,0.0859375,0.3464566929133858,0.28346456692913385,0.7401574803149606,0.38932657481869165,0.7874015748031497
362,1,casia:107,0,0,1.0,1.0,0.30708661417322836,0.30708661417322836,-0.9373694642318366,0.3700787401574803
363,1,casia:142,0,0,0.9609375,0.937007874015748,0.7244094488188977,0.7244094488188977,-2.0556994376889004,0.09448818897637795
364,1,casia:339,1,1,0.0703125,0.25196850393700787,0.23622047244094488,0.6141732283464567,-0.8127034400878891,0.5196850393700787
365,1,casia:307,1,1,0.5546875,0.25196850393700787,0.6299212598425197,0.8188976377952756,0.5307418706900539,0.8188976377952756
366,1,casia:362,1,1,0.3359375,0.31496062992125984,0.41732283464566927,0.41732283464566927,0.6368033425935754,0.84251968503937
367,1,casia:199,0,0,1.0,1.0,0.4881889763779528,0.4881889763779528,0.7880539233876337,0.7952755905511811
368,1,casia:374,1,1,0.0234375,0.25196850393700787,0.6771653543307087,0.6771653543307087,0.07114215910812584,0.7165354330708661
369,1,casia:418,1,1,0.109375,0.31496062992125984,0.6220472440944882,0.8267716535433071,1.0964030541755034,0.9448818897637795
370,1,casia:341,1,1,0.0703125,0.25984251968503935,0.7401574803149606,0.7401574803149606,1.0610492302076628,0.937007874015748
371,1,casia:315,1,1,0.046875,0.28346456692913385,0.3700787401574803,0.3700787401574803,0.5660956946578943,0.8267716535433071
372,1,casia:252,1,1,0.015625,0.25196850393700787,0.6377952755905512,0.6377952755905512,-0.2470422566024395,0.6456692913385826
373,1,casia:346,1,1,0.4453125,0.25984251968503935,0.44881889763779526,0.44881889763779526,-0.07027313676323631,0.6850393700787402
374,1,casia:477,1,1,0.640625,0.7874015748031497,0.5590551181102362,0.5590551181102362,0.3186189268830101,0.7716535433070866
375,1,casia:424,1,1,0.03125,0.25196850393700787,0.2047244094488189,0.2047244094488189,-2.226856398801513,0.2047244094488189
376,1,casia:469,1,1,0.703125,0.7716535433070866,0.4881889763779528,0.4881889763779528,-0.28239608057028004,0.6377952755905512
377,1,casia:077,0,0,1.0,1.0,0.7244094488188977,0.7244094488188977,0.5963402136521369,0.7480314960629921
378,1,casia:105,0,0,1.0,1.0,0.4251968503937008,0.4251968503937008,-0.8415126093640882,0.3937007874015748
379,1,casia:268,1,1,0.03125,0.25196850393700787,0.3228346456692913,0.23622047244094488,-0.21168843263459897,0.6535433070866141
380,1,casia:368,1,1,0.203125,0.25984251968503935,0.4330708661417323,0.4330708661417323,0.9549877583041413,0.9133858267716536
381,1,casia:262,1,1,0.1953125,0.25196850393700787,0.7401574803149606,0.7401574803149606,0.8489262864006192,0.889763779527559
382,1,casia:332,1,1,0.375,0.2755905511811024,0.6220472440944882,0.6220472440944882,-0.9541187359592512,0.4881889763779528
383,1,casia:177,0,0,1.0,1.0,0.3937007874015748,0.3937007874015748,-0.042705485466185654,0.5905511811023622
384,1,casia:342,1,1,0.171875,0.25984251968503935,0.7401574803149606,0.7401574803149606,0.49538804672221326,0.8110236220472441
385,1,casia:124,0,0,1.0,1.0,1.0,0.5669291338582677,-0.13856234033393383,0.5669291338582677
386,1,casia:330,1,1,0.3828125,0.25196850393700787,0.33858267716535434,0.33858267716535434,-0.03491931279539578,0.6929133858267716
387,1,casia:203,0,0,1.0,1.0,0.8582677165354331,0.8582677165354331,0.97976763312313,0.84251968503937
388,1,casia:205,0,0,1.0,1.0,0.41732283464566927,0.41732283464566927,0.11705593931339509,0.6299212598425197
389,1,casia:487,1,1,0.359375,0.44881889763779526,0.6456692913385826,0.6456692913385826,0.5307418706900539,0.8188976377952756
390,1,casia:468,1,1,0.6484375,0.29133858267716534,0.5905511811023622,0.6062992125984252,-0.6712881442165265,0.5511811023622047
391,1,casia:432,1,1,0.5703125,0.25984251968503935,0.5590551181102362,0.5590551181102362,-0.21168843263459897,0.6535433070866141
392,1,casia:384,1,1,0.3828125,0.2677165354330709,0.7401574803149606,0.23622047244094488,-0.6359343202486859,0.5590551181102362
393,1,casia:162,0,0,1.0,1.0,1.0,0.8582677165354331,-0.20246691024576594,0.5511811023622047
394,1,casia:280,1,1,0.0546875,0.25984251968503935,0.6062992125984252,0.30708661417322836,0.9903415822719818,0.9212598425196851
395,1,casia:477,1,1,0.1640625,0.25196850393700787,0.7007874015748031,0.7007874015748031,-0.6359343202486859,0.5590551181102362
396,1,casia:175,0,0,1.0,1.0,0.9448818897637795,0.9448818897637795,0.8200062083435498,0.8031496062992126
397,1,casia:414,1,1,0.4921875,0.2677165354330709,0.16535433070866143,0.16535433070866143,-2.120794926897991,0.2283464566929134
398,1,casia:045,0,0,1.0,1.0,0.36220472440944884,0.36220472440944884,0.11705593931339509,0.6299212598425197
399,1,casia:295,1,1,0.0078125,0.007874015748031496,0.007874015748031496,0.007874015748031496,-3.110701997997528,0.007874015748031496
400,1,casia:260,1,1,0.015625,0.25196850393700787,0.23622047244094488,0.12598425196850394,-1.272303151669817,0.41732283464566927
401,1,casia:402,1,1,0.359375,0.25984251968503935,0.29133858267716534,0.29133858267716534,0.3539727508508506,0.7795275590551181
402,1,casia:303,1,1,0.125,0.25984251968503935,0.5590551181102362,0.5590551181102362,-0.6005804962808454,0.5669291338582677
403,1,casia:002,0,0,0.9921875,0.3779527559055118,0.047244094488188976,0.14173228346456693,-1.8959380129093202,0.13385826771653545
404,1,casia:429,1,1,0.1640625,0.25984251968503935,0.2440944881889764,0.2440944881889764,0.9196339343363003,0.905511811023622
405,1,casia:313,1,1,0.2578125,0.25196850393700787,0.7637795275590551,0.7637795275590551,1.0256954062398222,0.9291338582677166
406,1,casia:301,1,1,0.03125,0.25196850393700787,0.7952755905511811,0.7952755905511811,0.8842801103684597,0.8976377952755905
407,1,casia:335,1,1,0.2578125,0.2755905511811024,0.3228346456692913,0.7401574803149606,0.17720363101164796,0.7401574803149606
408,1,casia:233,0,0,1.0,1.0,0.14960629921259844,0.14960629921259844,0.372674218960724,0.6929133858267716
409,1,casia:002,0,0,1.0,1.0,0.7165354330708661,0.7165354330708661,0.5643879286962208,0.7401574803149606
410,1,casia:283,1,1,0.09375,0.25196850393700787,0.7007874015748031,0.1889763779527559,-1.236949327701976,0.4251968503937008
411,1,casia:165,0,0,1.0,1.0,1.0,0.7795275590551181,0.7561016384317176,0.7874015748031497
412,1,casia:456,1,1,0.46875,0.48031496062992124,0.6850393700787402,0.952755905511811,-0.9541187359592512,0.4881889763779528
413,1,casia:485,1,1,0.4296875,0.25196850393700787,0.7795275590551181,0.7795275590551181,-1.3076569756376573,0.4094488188976378
414,1,casia:227,0,0,1.0,0.7952755905511811,1.0,0.3543307086614173,0.692197068519885,0.7716535433070866
415,1,casia:188,0,0,1.0,1.0,0.41732283464566927,0.41732283464566927,0.5324356437403047,0.7322834645669292
416,1,casia:212,0,0,1.0,1.0,1.0,0.05511811023622047,-2.119604007600733,0.07874015748031496
417,1,casia:204,0,0,1.0,1.0,0.8267716535433071,0.8267716535433071,0.5643879286962208,0.7401574803149606
418,1,casia:372,1,1,0.5625,0.25984251968503935,0.7480314960629921,0.7480314960629921,0.9196339343363003,0.905511811023622
419,1,casia:373,1,1,0.4140625,0.2677165354330709,0.4881889763779528,0.4881889763779528,0.8842801103684597,0.8976377952755905
420,1,casia:321,1,1,0.40625,0.2755905511811024,0.5511811023622047,0.5511811023622047,0.6368033425935754,0.84251968503937
421,1,casia:166,0,0,1.0,1.0,0.6299212598425197,0.6299212598425197,0.9478153481672139,0.8346456692913385
422,1,casia:274,1,1,0.0546875,0.25196850393700787,0.16535433070866143,0.16535433070866143,-0.706641968184367,0.5433070866141733
423,1,casia:438,1,1,0.0390625,0.25196850393700787,0.2440944881889764,0.2440944881889764,-0.21168843263459897,0.6535433070866141
424,1,casia:059,0,0,0.96875,0.889763779527559,0.7559055118110236,0.7559055118110236,1.2034336278145428,0.8976377952755905
425,1,casia:205,0,0,1.0,1.0,0.5275590551181102,0.5275590551181102,0.21291279418114326,0.6535433070866141
426,1,casia:114,0,0,1.0,1.0,0.9606299212598425,0.9606299212598425,0.692197068519885,0.7716535433070866
427,1,casia:285,1,1,0.0546875,0.25984251968503935,0.7165354330708661,0.5275590551181102,0.7428648144970975,0.8661417322834646
428,1,casia:026,0,0,1.0,1.0,1.0,0.7401574803149606,0.053151369401562974,0.6141732283464567
429,1,casia:038,0,0,1.0,1.0,1.0,0.8110236220472441,0.9478153481672139,0.8346456692913385
430,1,casia:136,0,1,0.015625,0.031496062992125984,0.015748031496062992,0.015748031496062992,0.38932657481869165,0.7874015748031497
431,1,casia:476,1,1,0.28125,0.2677165354330709,0.889763779527559,0.889763779527559,0.49538804672221326,0.8110236220472441
432,1,casia:378,1,1,0.5,0.2992125984251969,0.5275590551181102,0.8976377952755905,1.0610492302076628,0.937007874015748
433,1,casia:147,0,0,1.0,1.0,0.14173228346456693,0.14173228346456693,-1.8320334429974878,0.14960629921259844
434,1,casia:276,1,1,0.1015625,0.29133858267716534,0.4251968503937008,0.4251968503937008,0.7428648144970975,0.8661417322834646
435,1,casia:422,1,1,0.0234375,0.25196850393700787,0.7795275590551181,0.7795275590551181,0.4600342227543727,0.8031496062992126
436,1,casia:474,1,1,0.5703125,0.44881889763779526,0.8976377952755905,0.8976377952755905,1.0964030541755034,0.9448818897637795
437,1,casia:092,0,0,1.0,1.0,0.9606299212598425,0.9606299212598425,0.8519584932994658,0.8110236220472441
438,1,casia:033,0,0,1.0,1.0,1.0,0.6929133858267716,0.7561016384317176,0.7874015748031497
439,1,casia:079,0,1,0.0078125,0.09448818897637795,0.07874015748031496,0.07874015748031496,-1.4137184475411793,0.3858267716535433
440,1,casia:393,1,1,0.0234375,0.33070866141732286,0.47244094488188976,0.47244094488188976,0.9196339343363003,0.905511811023622
441,1,casia:253,1,1,0.1328125,0.25984251968503935,0.7322834645669292,0.7322834645669292,-1.5904875673803822,0.3464566929133858
442,1,casia:466,1,1,0.0078125,0.25984251968503935,0.2677165354330709,0.2677165354330709,-2.332917870705035,0.18110236220472442
443,1,casia:143,0,0,1.0,1.0,0.6771653543307087,0.6771653543307087,0.660244783563969,0.7637795275590551
444,1,casia:014,0,0,1.0,1.0,1.0,0.2755905511811024,0.43657878887255613,0.7086614173228346
445,1,casia:091,0,0,1.0,1.0,0.9212598425196851,0.9212598425196851,1.2992904826822915,0.9212598425196851
446,1,casia:176,0,0,1.0,1.0,0.4015748031496063,0.4015748031496063,-0.8095603244081722,0.4015748031496063
447,1,casia:298,1,1,0.0078125,0.06299212598425197,0.6377952755905512,0.6377952755905512,0.00043451117244476187,0.7007874015748031
448,1,casia:357,1,1,0.2734375,0.5826771653543307,0.33858267716535434,0.7086614173228346,0.8135724624327786,0.8818897637795275
449,1,casia:219,0,1,0.0078125,0.25196850393700787,0.47244094488188976,0.47244094488188976,-0.4238113764416422,0.6062992125984252
450,1,casia:135,0,0,1.0,1.0,0.4015748031496063,0.4015748031496063,-0.26637148015759804,0.5354330708661418
451,1,casia:270,1,1,0.0234375,0.25984251968503935,0.44881889763779526,0.5905511811023622,-0.17633460866675793,0.6614173228346457
452,1,casia:150,0,0,1.0,1.0,0.7716535433070866,0.7716535433070866,0.5324356437403047,0.7322834645669292
453,1,casia:346,1,1,0.5703125,0.2755905511811024,0.3858267716535433,0.7874015748031497,0.707510990529257,0.8582677165354331
454,1,casia:274,1,1,0.0234375,0.25196850393700787,0.7480314960629921,0.7480314960629921,0.5660956946578943,0.8267716535433071
455,1,casia:016,0,0,1.0,1.0,0.7795275590551181,0.984251968503937,0.9478153481672139,0.8346456692913385
456,1,casia:113,0,0,1.0,1.0,1.0,0.6377952755905512,0.5004833587843887,0.7244094488188977
457,1,casia:382,1,1,0.6640625,0.4566929133858268,0.7086614173228346,0.7086614173228346,0.6014495186257349,0.8346456692913385
458,1,casia:050,0,0,1.0,0.25196850393700787,0.7716535433070866,0.7716535433070866,-1.4805583084824105,0.23622047244094488
459,1,casia:337,1,1,0.046875,0.25196850393700787,0.6456692913385826,0.6456692913385826,0.5660956946578943,0.8267716535433071
460,1,casia:087,0,0,1.0,1.0,0.7244094488188977,0.7244094488188977,0.97976763312313,0.84251968503937
461,1,casia:324,1,1,0.0078125,0.25196850393700787,0.7165354330708661,0.7165354330708661,-1.5197799194447008,0.36220472440944884
462,1,casia:090,0,0,1.0,1.0,0.6929133858267716,0.6929133858267716,1.1075767729467947,0.8740157480314961
463,1,casia:381,1,1,0.3671875,0.25196850393700787,0.5433070866141733,0.5433070866141733,-0.21168843263459897,0.6535433070866141
464,1,casia:459,1,1,0.328125,0.25196850393700787,0.5669291338582677,0.5669291338582677,0.28326510291516954,0.7637795275590551
465,1,casia:195,0,0,0.9453125,0.3543307086614173,0.2440944881889764,0.11023622047244094,-1.8000811580415719,0.15748031496062992
466,1,casia:033,0,0,1.0,1.0,0.9133858267716536,0.7086614173228346,1.0756244879908787,0.8661417322834646
467,1,casia:216,0,0,1.0,1.0,0.5669291338582677,0.5669291338582677,-0.20246691024576594,0.5511811023622047
468,1,casia:398,1,1,0.1640625,0.25196850393700787,0.8346456692913385,0.8346456692913385,0.28326510291516954,0.7637795275590551
469,1,casia:426,1,1,0.1171875,0.25196850393700787,0.36220472440944884,0.15748031496062992,0.2125574549794885,0.7480314960629921
470,1,casia:192,0,0,1.0,1.0,0.25984251968503935,0.25984251968503935,0.692197068519885,0.7716535433070866
471,1,casia:288,1,1,0.0625,0.31496062992125984,0.7244094488188977,0.7244094488188977,-0.8834110880235702,0.5039370078740157
472,1,casia:310,1,1,0.03125,0.25196850393700787,0.2125984251968504,0.2125984251968504,-1.8026105111874255,0.2992125984251969
473,1,casia:133,0,0,1.0,1.0,0.28346456692913385,0.28346456692913385,-0.7137034695404237,0.4251968503937008
474,1,casia:391,1,1,0.1484375,0.2755905511811024,0.4881889763779528,0.4881889763779528,0.7782186384649381,0.8740157480314961
475,1,casia:492,1,1,0.046875,0.25196850393700787,0.2204724409448819,0.2125984251968504,-0.17633460866675793,0.6614173228346457
476,1,casia:205,0,0,1.0,1.0,0.2992125984251969,0.2992125984251969,-0.6178466146726755,0.44881889763779526
477,1,casia:114,0,0,1.0,1.0,0.9606299212598425,0.9606299212598425,0.5963402136521369,0.7480314960629921
478,1,casia:452,1,1,0.0078125,0.2677165354330709,0.31496062992125984,0.31496062992125984,0.6368033425935754,0.84251968503937
479,1,casia:385,1,1,0.0859375,0.25196850393700787,0.44881889763779526,0.44881889763779526,0.3186189268830101,0.7716535433070866
480,1,casia:187,0,0,1.0,1.0,0.3543307086614173,0.3543307086614173,-1.0651786040555011,0.33858267716535434
481,1,casia:112,0,0,1.0,1.0,0.6456692913385826,0.33858267716535434,0.2768173640929758,0.6692913385826772
482,1,casia:257,1,1,0.203125,0.29133858267716534,0.15748031496062992,0.15748031496062992,-0.07027313676323631,0.6850393700787402
483,1,casia:475,1,1,0.546875,0.2992125984251969,0.3700787401574803,0.3700787401574803,0.07114215910812584,0.7165354330708661
484,1,casia:407,1,1,0.2421875,0.2755905511811024,0.31496062992125984,0.31496062992125984,0.00043451117244476187,0.7007874015748031
485,1,casia:065,0,0,1.0,1.0,1.0,0.4881889763779528,-0.6817511845845077,0.4330708661417323
486,1,casia:495,1,1,0.03125,0.25984251968503935,0.1889763779527559,0.30708661417322836,-0.07027313676323631,0.6850393700787402
487,1,casia:293,1,1,0.015625,0.25196850393700787,0.1732283464566929,0.1732283464566929,-2.297564046737194,0.1889763779527559
488,1,casia:472,1,1,0.5703125,0.28346456692913385,0.7874015748031497,0.7874015748031497,0.0357883351402853,0.7086614173228346
489,1,casia:419,1,1,0.2578125,0.2755905511811024,0.3464566929133858,0.1732283464566929,0.3186189268830101,0.7716535433070866
490,1,casia:140,0,0,1.0,1.0,0.3700787401574803,0.3700787401574803,0.40462650391664007,0.7007874015748031
491,1,casia:211,0,1,0.0078125,0.09448818897637795,0.031496062992125984,0.031496062992125984,-0.3531037285059611,0.6220472440944882
492,1,casia:199,0,0,1.0,1.0,0.15748031496062992,0.15748031496062992,-1.9278902978652361,0.12598425196850394
493,1,casia:492,1,1,0.1171875,0.3228346456692913,0.4881889763779528,0.49606299212598426,0.8135724624327786,0.8818897637795275
494,1,casia:112,0,0,1.0,0.47244094488188976,0.14960629921259844,0.14960629921259844,0.43657878887255613,0.7086614173228346
495,1,casia:238,0,0,1.0,1.0,0.25984251968503935,0.25984251968503935,0.5004833587843887,0.7244094488188977
496,1,casia:411,1,1,0.4609375,0.25196850393700787,0.5196850393700787,0.5196850393700787,0.7428648144970975,0.8661417322834646
497,1,casia:118,0,0,1.0,1.0,0.7244094488188977,0.7244094488188977,1.1075767729467947,0.8740157480314961
498,1,casia:140,0,0,1.0,1.0,0.6377952755905512,0.6377952755905512,0.1809605092252272,0.6456692913385826
499,1,casia:093,0,0,1.0,1.0,0.36220472440944884,0.36220472440944884,-2.183508577512565,0.06299212598425197
500,1,casia:046,0,0,0.9921875,1.0,0.5669291338582677,0.5669291338582677,-0.8095603244081722,0.4015748031496063
501,1,casia:262,1,1,0.1328125,0.33070866141732286,0.7952755905511811,0.7952755905511811,-0.38845755247380165,0.6141732283464567
502,1,casia:438,1,1,0.0234375,0.2755905511811024,0.2440944881889764,0.2440944881889764,-1.3783646235733384,0.3937007874015748
503,1,casia:174,0,0,1.0,1.0,0.4409448818897638,0.4409448818897638,-1.4805583084824105,0.23622047244094488
504,1,casia:146,0,0,0.8125,0.07086614173228346,1.0,0.09448818897637795,-1.8959380129093202,0.13385826771653545
505,1,casia:209,0,0,0.984375,1.0,0.2755905511811024,0.2755905511811024,-0.26637148015759804,0.5354330708661418
506,1,casia:350,1,1,0.328125,0.25984251968503935,0.6062992125984252,0.8503937007874016,0.8135724624327786,0.8818897637795275
507,1,casia:441,1,1,0.5859375,0.25196850393700787,0.5118110236220472,0.5118110236220472,0.1418498070438074,0.7322834645669292
508,1,casia:083,0,0,1.0,1.0,0.7716535433070866,0.7716535433070866,-0.20246691024576594,0.5511811023622047
509,1,casia:037,0,0,1.0,1.0,0.7086614173228346,0.7086614173228346,1.2992904826822915,0.9212598425196851
510,1,casia:272,1,1,0.0625,0.25984251968503935,0.28346456692913385,0.25196850393700787,-0.28239608057028004,0.6377952755905512
511,1,casia:043,0,0,1.0,1.0,1.0,0.4251968503937008,0.660244783563969,0.7637795275590551
512,1,casia:288,1,1,0.0234375,0.25196850393700787,0.3464566929133858,0.3464566929133858,-0.706641968184367,0.5433070866141733
513,1,casia:370,1,1,0.5703125,0.3543307086614173,0.8110236220472441,0.7559055118110236,0.8135724624327786,0.8818897637795275
514,1,casia:450,1,1,0.3046875,0.29133858267716534,0.5433070866141733,0.5433070866141733,-0.7419957921522076,0.5354330708661418
515,1,casia:379,1,1,0.0703125,0.25196850393700787,0.7401574803149606,0.7401574803149606,0.0357883351402853,0.7086614173228346
516,1,casia:294,1,1,0.1640625,0.2755905511811024,0.3543307086614173,0.3543307086614173,0.5660956946578943,0.8267716535433071
517,1,casia:189,0,0,1.0,1.0,1.0,0.5826771653543307,0.372674218960724,0.6929133858267716
518,1,casia:270,1,1,0.0078125,0.25196850393700787,0.3464566929133858,0.7086614173228346,0.4600342227543727,0.8031496062992126
519,1,casia:168,0,0,1.0,1.0,0.8661417322834646,0.8661417322834646,0.5324356437403047,0.7322834645669292
520,1,casia:117,0,0,1.0,1.0,0.3858267716535433,0.3858267716535433,0.5324356437403047,0.7322834645669292
521,1,casia:463,1,1,0.640625,0.25984251968503935,0.8582677165354331,0.8582677165354331,0.07114215910812584,0.7165354330708661
522,1,casia:436,1,1,0.203125,0.25984251968503935,0.4409448818897638,0.4409448818897638,0.38932657481869165,0.7874015748031497
523,1,casia:162,0,0,1.0,1.0,0.48031496062992124,0.48031496062992124,0.8519584932994658,0.8110236220472441
524,1,casia:376,1,1,0.2265625,0.2755905511811024,0.6535433070866141,0.6535433070866141,0.4246803987865322,0.7952755905511811
525,1,casia:469,1,1,0.203125,0.25984251968503935,0.18110236220472442,0.18110236220472442,-1.272303151669817,0.41732283464566927
526,1,casia:316,1,1,0.0625,0.25984251968503935,0.3543307086614173,0.3543307086614173,-0.8834110880235702,0.5039370078740157
527,1,casia:013,0,0,1.0,1.0,1.0,0.8188976377952756,0.8839107782553818,0.8188976377952756
528,1,casia:153,0,0,1.0,1.0,0.6535433070866141,0.6535433070866141,-0.5539420447608433,0.4645669291338583
529,1,casia:178,0,0,1.0,1.0,0.968503937007874,0.968503937007874,1.1075767729467947,0.8740157480314961
530,1,casia:419,1,1,0.34375,0.25196850393700787,0.4566929133858268,0.23622047244094488,0.38932657481869165,0.7874015748031497
531,1,casia:144,0,0,1.0,1.0,0.48031496062992124,0.48031496062992124,0.5643879286962208,0.7401574803149606
532,1,casia:352,1,1,0.296875,0.6141732283464567,0.4015748031496063,0.6771653543307087,0.707510990529257,0.8582677165354331
533,1,casia:307,1,1,0.484375,0.25196850393700787,0.6141732283464567,0.4645669291338583,-0.1409807846989174,0.6692913385826772
534,1,casia:118,0,0,1.0,1.0,0.4015748031496063,0.4015748031496063,0.21291279418114326,0.6535433070866141
535,1,casia:121,0,0,1.0,1.0,0.3464566929133858,0.3464566929133858,0.11705593931339509,0.6299212598425197
536,1,casia:499,1,1,0.2109375,0.25196850393700787,0.23622047244094488,0.23622047244094488,-1.272303151669817,0.41732283464566927
537,1,casia:252,1,1,0.1015625,0.2755905511811024,0.5433070866141733,0.5433070866141733,0.6014495186257349,0.8346456692913385
538,1,casia:163,0,0,1.0,1.0,0.6456692913385826,0.6456692913385826,-0.3622283350253467,0.5118110236220472
539,1,casia:101,0,0,1.0,1.0,0.29133858267716534,0.29133858267716534,-1.256892313790998,0.29133858267716534
540,1,casia:289,1,1,0.2265625,0.25196850393700787,0.5748031496062992,0.5748031496062992,-0.03491931279539578,0.6929133858267716
541,1,casia:167,0,0,0.9921875,1.0,0.36220472440944884,0.36220472440944884,0.6282924986080529,0.7559055118110236
542,1,casia:195,0,0,1.0,1.0,0.4881889763779528,0.4881889763779528,0.5004833587843887,0.7244094488188977
543,1,casia:089,0,0,1.0,1.0,0.13385826771653545,0.13385826771653545,-1.9598425828211523,0.11811023622047244
544,1,casia:037,0,0,1.0,1.0,0.7716535433070866,0.7716535433070866,1.2034336278145428,0.8976377952755905
545,1,casia:430,1,1,0.546875,0.3543307086614173,0.5196850393700787,0.6771653543307087,0.7428648144970975,0.8661417322834646
546,1,casia:493,1,1,0.1875,0.25196850393700787,0.4330708661417323,0.5748031496062992,0.38932657481869165,0.7874015748031497
547,1,casia:237,0,0,1.0,1.0,0.7874015748031497,0.7874015748031497,0.692197068519885,0.7716535433070866
548,1,casia:458,1,1,0.1953125,0.2677165354330709,0.3543307086614173,0.3543307086614173,-1.0601802078627731,0.4645669291338583
549,1,casia:235,0,0,1.0,1.0,0.13385826771653545,0.13385826771653545,-2.2154608624684813,0.05511811023622047
550,1,casia:131,0,0,1.0,1.0,0.5984251968503937,0.5984251968503937,-0.3302760500694306,0.5196850393700787
551,1,casia:399,1,1,0.8359375,0.7637795275590551,0.6614173228346457,0.7795275590551181,1.202464526079025,0.968503937007874
552,1,casia:343,1,1,0.5625,0.31496062992125984,0.6929133858267716,0.8267716535433071,1.0610492302076628,0.937007874015748
553,1,casia:189,0,0,1.0,1.0,0.8740157480314961,0.8740157480314961,-0.20246691024576594,0.5511811023622047
554,1,casia:153,0,0,0.9609375,0.18110236220472442,0.2755905511811024,0.2755905511811024,-2.343270002292146,0.023622047244094488
555,1,casia:453,1,1,0.234375,0.41732283464566927,0.6377952755905512,0.6377952755905512,-0.5298728483451643,0.5826771653543307
556,1,casia:240,0,0,1.0,1.0,0.5826771653543307,0.5826771653543307,1.2992904826822915,0.9212598425196851
557,1,casia:305,1,1,0.0234375,0.25984251968503935,0.33858267716535434,0.33858267716535434,0.2125574549794885,0.7480314960629921
558,1,casia:369,1,1,0.03125,0.25196850393700787,0.5118110236220472,0.8188976377952756,-0.38845755247380165,0.6141732283464567
559,1,casia:227,0,0,1.0,1.0,0.2125984251968504,0.05511811023622047,-2.151556292556649,0.07086614173228346
560,1,casia:048,0,0,1.0,1.0,1.0,0.8582677165354331,0.9158630632112978,0.8267716535433071
561,1,casia:039,0,0,1.0,1.0,0.15748031496062992,0.15748031496062992,-1.1929877438791656,0.30708661417322836
562,1,casia:358,1,1,0.1875,0.25984251968503935,0.8582677165354331,0.8582677165354331,-0.7419957921522076,0.5354330708661418
563,1,casia:302,1,1,0.0078125,0.25196850393700787,0.3700787401574803,0.3700787401574803,-0.8480572640557297,0.5118110236220472
564,1,casia:496,1,1,0.0390625,0.25984251968503935,0.48031496062992124,0.48031496062992124,-0.8480572640557297,0.5118110236220472
565,1,casia:377,1,1,0.578125,0.2755905511811024,0.3464566929133858,0.9133858267716536,0.9549877583041413,0.9133858267716536
566,1,casia:143,0,0,1.0,1.0,0.7716535433070866,0.7716535433070866,0.7241493534758011,0.7795275590551181
567,1,casia:430,1,1,0.53125,0.2755905511811024,0.33858267716535434,0.33858267716535434,0.49538804672221326,0.8110236220472441
568,1,casia:068,0,0,0.6171875,0.2755905511811024,1.0,0.30708661417322836,-1.4166537385705784,0.25196850393700787
569,1,casia:405,1,1,0.015625,0.25196850393700787,0.1889763779527559,0.1889763779527559,0.7428648144970975,0.8661417322834646
570,1,casia:197,0,0,1.0,1.0,0.5669291338582677,0.5669291338582677,0.9478153481672139,0.8346456692913385
571,1,casia:231,0,0,1.0,0.4645669291338583,1.0,0.8267716535433071,-1.3847014536146622,0.25984251968503935
572,1,casia:368,1,1,0.5625,0.25984251968503935,0.31496062992125984,0.4015748031496063,0.17720363101164796,0.7401574803149606
573,1,casia:359,1,1,0.6640625,0.7952755905511811,0.5354330708661418,0.5354330708661418,0.07114215910812584,0.7165354330708661
574,1,casia:081,0,0,1.0,1.0,1.0,1.0,-0.042705485466185654,0.5905511811023622
575,1,casia:031,0,0,1.0,0.5511811023622047,1.0,0.2204724409448819,-1.5125105934383265,0.2283464566929134
576,1,casia:281,1,1,0.109375,0.25196850393700787,0.6614173228346457,0.6614173228346457,-0.49451902437732376,0.5905511811023622
577,1,casia:271,1,1,0.0703125,0.2755905511811024,0.5905511811023622,0.5905511811023622,0.5307418706900539,0.8188976377952756
578,1,casia:410,1,1,0.609375,0.25984251968503935,0.30708661417322836,0.30708661417322836,0.707510990529257,0.8582677165354331
579,1,casia:304,1,1,0.0078125,0.2677165354330709,0.4409448818897638,0.2125984251968504,-0.28239608057028004,0.6377952755905512
580,1,casia:499,1,1,0.5859375,0.29133858267716534,0.3858267716535433,0.30708661417322836,0.8489262864006192,0.889763779527559
581,1,casia:286,1,1,0.0078125,0.25196850393700787,0.29133858267716534,0.29133858267716534,-2.0854411029301505,0.23622047244094488
582,1,casia:272,1,1,0.25,0.28346456692913385,0.5039370078740157,0.5039370078740157,0.4600342227543727,0.8031496062992126
583,1,casia:203,0,0,1.0,0.4330708661417323,1.0,0.5196850393700787,-0.3302760500694306,0.5196850393700787
584,1,casia:397,1,1,0.0546875,0.25196850393700787,0.84251968503937,0.84251968503937,-0.8834110880235702,0.5039370078740157
585,1,casia:080,0,0,1.0,1.0,0.5748031496062992,0.5748031496062992,0.4685310738284722,0.7165354330708661
586,1,casia:496,1,1,0.0546875,0.25196850393700787,0.937007874015748,0.937007874015748,0.3186189268830101,0.7716535433070866
587,1,casia:105,0,0,1.0,1.0,1.0,0.41732283464566927,-0.13856234033393383,0.5669291338582677
588,1,casia:079,0,0,1.0,1.0,0.31496062992125984,0.31496062992125984,-0.29832376511351455,0.5275590551181102
589,1,casia:428,1,1,0.140625,0.25196850393700787,0.2283464566929134,0.2283464566929134,0.49538804672221326,0.8110236220472441
590,1,casia:044,0,0,0.9921875,1.0,0.7480314960629921,0.7480314960629921,0.7561016384317176,0.7874015748031497
591,1,casia:496,1,1,0.125,0.25984251968503935,0.7165354330708661,0.33858267716535434,0.8842801103684597,0.8976377952755905
592,1,casia:371,1,1,0.0234375,0.25196850393700787,0.7716535433070866,0.7716535433070866,0.8489262864006192,0.889763779527559
593,1,casia:317,1,1,0.0234375,0.25984251968503935,0.33858267716535434,0.3779527559055118,-0.8834110880235702,0.5039370078740157
594,1,casia:033,0,0,1.0,1.0,1.0,0.6771653543307087,-0.7776080394522561,0.4094488188976378
595,1,casia:016,0,0,1.0,1.0,0.4881889763779528,0.9763779527559056,0.8200062083435498,0.8031496062992126
596,1,casia:364,1,1,0.328125,0.25984251968503935,0.7480314960629921,0.7480314960629921,0.9196339343363003,0.905511811023622
597,1,casia:112,0,0,1.0,1.0,0.5433070866141733,0.3700787401574803,-0.07465777042210171,0.5826771653543307
598,1,casia:421,1,1,0.3203125,0.2992125984251969,0.7165354330708661,0.5196850393700787,-0.07027313676323631,0.6850393700787402
599,1,casia:446,1,1,0.59375,0.25196850393700787,0.9212598425196851,0.8031496062992126,0.9196339343363003,0.905511811023622
600,1,casia:045,0,0,1.0,1.0,0.28346456692913385,0.28346456692913385,-0.9373694642318366,0.3700787401574803
601,1,casia:287,1,1,0.015625,0.25196850393700787,0.6692913385826772,0.15748031496062992,-0.706641968184367,0.5433070866141733
602,1,casia:398,1,1,0.125,0.25196850393700787,0.49606299212598426,0.49606299212598426,0.7428648144970975,0.8661417322834646
603,1,casia:292,1,1,0.046875,0.25196850393700787,0.6692913385826772,0.5669291338582677,-1.5904875673803822,0.3464566929133858
604,1,casia:152,0,0,1.0,1.0,0.5590551181102362,0.5590551181102362,0.9158630632112978,0.8267716535433071
605,1,casia:395,1,1,0.2265625,0.25196850393700787,0.9133858267716536,0.9133858267716536,1.0964030541755034,0.9448818897637795
606,1,casia:314,1,1,0.015625,0.25196850393700787,0.31496062992125984,0.31496062992125984,1.0256954062398222,0.9291338582677166
607,1,casia:476,1,1,0.546875,0.2992125984251969,0.3937007874015748,0.3937007874015748,0.5307418706900539,0.8188976377952756
608,1,casia:300,1,1,0.09375,0.25196850393700787,0.49606299212598426,0.1889763779527559,-0.49451902437732376,0.5905511811023622
609,1,casia:040,0,0,0.96875,0.7244094488188977,0.30708661417322836,0.30708661417322836,-0.8734648943200045,0.3858267716535433
610,1,casia:056,0,0,1.0,1.0,0.6614173228346457,0.6614173228346457,0.7880539233876337,0.7952755905511811
611,1,casia:327,1,1,0.5234375,0.2755905511811024,0.41732283464566927,0.41732283464566927,0.28326510291516954,0.7637795275590551
612,1,casia:209,0,0,0.9921875,0.023622047244094488,0.07874015748031496,0.07874015748031496,0.34072193400480794,0.6850393700787402
613,1,casia:131,0,0,1.0,1.0,1.0,0.8188976377952756,0.11705593931339509,0.6299212598425197
614,1,casia:499,1,1,0.3828125,0.2755905511811024,0.2677165354330709,0.2677165354330709,-0.989472559927092,0.48031496062992124
615,1,casia:041,0,0,1.0,1.0,0.5039370078740157,0.5039370078740157,1.1395290579027106,0.8818897637795275
616,1,casia:068,0,0,0.578125,0.25196850393700787,0.14960629921259844,0.14960629921259844,-1.4486060235264944,0.2440944881889764
617,1,casia:082,0,0,1.0,1.0,0.5433070866141733,0.5433070866141733,-0.49003747484901117,0.48031496062992124
618,1,casia:358,1,1,0.109375,0.25196850393700787,0.5433070866141733,0.5669291338582677,0.1418498070438074,0.7322834645669292
619,1,casia:406,1,1,0.046875,0.25196850393700787,0.2992125984251969,0.2992125984251969,-0.17633460866675793,0.6614173228346457
620,1,casia:115,0,0,1.0,1.0,0.984251968503937,0.984251968503937,1.0436722030349626,0.8582677165354331
621,1,casia:243,0,0,1.0,1.0,1.0,0.49606299212598426,-0.74565575449634,0.41732283464566927
622,1,casia:344,1,1,0.546875,0.4645669291338583,0.5433070866141733,0.33070866141732286,1.0964030541755034,0.9448818897637795
623,1,casia:195,0,0,1.0,1.0,1.0,0.06299212598425197,-1.6083674483060753,0.2047244094488189
624,1,casia:109,0,0,1.0,1.0,0.7244094488188977,0.7244094488188977,-1.6083674483060753,0.2047244094488189
625,1,casia:354,1,1,0.125,0.28346456692913385,0.5669291338582677,0.5669291338582677,-0.3177499045381206,0.6299212598425197
626,1,casia:151,0,0,1.0,1.0,0.5669291338582677,0.5669291338582677,0.7241493534758011,0.7795275590551181
627,1,casia:139,0,0,1.0,1.0,0.8188976377952756,0.8188976377952756,0.97976763312313,0.84251968503937
628,1,casia:249,0,0,1.0,1.0,1.0,0.4409448818897638,-0.5858943297167594,0.4566929133858268
629,1,casia:296,1,1,0.3125,0.25984251968503935,0.3464566929133858,0.3464566929133858,0.00043451117244476187,0.7007874015748031
630,1,casia:281,1,1,0.1171875,0.25196850393700787,0.4251968503937008,0.7637795275590551,-0.07027313676323631,0.6850393700787402
631,1,casia:266,1,1,0.1015625,0.2755905511811024,0.7086614173228346,0.7086614173228346,0.8842801103684597,0.8976377952755905
632,1,casia:177,0,0,1.0,1.0,0.6299212598425197,0.6299212598425197,0.5963402136521369,0.7480314960629921
633,1,casia:494,1,1,0.0078125,0.25196850393700787,0.15748031496062992,0.15748031496062992,-0.5652266723130048,0.5748031496062992
634,1,casia:120,0,0,1.0,1.0,0.3937007874015748,0.3937007874015748,0.372674218960724,0.6929133858267716
635,1,casia:312,1,1,0.078125,0.25984251968503935,0.8818897637795275,0.8267716535433071,0.6721571665614164,0.8503937007874016
636,1,casia:243,0,1,0.0078125,0.25984251968503935,0.5196850393700787,0.5196850393700787,-1.6258413913482228,0.33858267716535434
637,1,casia:454,1,1,0.5,0.2755905511811024,0.7637795275590551,0.7637795275590551,-0.07027313676323631,0.6850393700787402
638,1,casia:207,0,0,1.0,1.0,1.0,0.6771653543307087,-0.042705485466185654,0.5905511811023622
639,1,casia:015,0,0,1.0,1.0,0.3858267716535433,0.3858267716535433,1.2673381977263753,0.9133858267716536
640,1,casia:012,0,0,1.0,1.0,0.8031496062992126,0.8031496062992126,1.1075767729467947,0.8740157480314961
641,1,casia:309,1,1,0.0546875,0.25196850393700787,0.8188976377952756,0.8188976377952756,-0.21168843263459897,0.6535433070866141
642,1,casia:079,0,0,1.0,1.0,0.33070866141732286,0.33070866141732286,0.14900822426931115,0.6377952755905512
643,1,casia:117,0,0,1.0,1.0,0.6614173228346457,0.6614173228346457,0.24486507913705977,0.6614173228346457
644,1,casia:290,1,1,0.0234375,0.25196850393700787,0.8110236220472441,0.8110236220472441,-0.17633460866675793,0.6614173228346457
645,1,casia:102,0,0,1.0,1.0,0.5118110236220472,0.5118110236220472,-0.49003747484901117,0.48031496062992124
646,1,casia:337,1,1,0.2890625,0.25196850393700787,0.5511811023622047,0.5511811023622047,0.3539727508508506,0.7795275590551181
647,1,casia:114,0,0,1.0,1.0,0.968503937007874,0.968503937007874,0.5324356437403047,0.7322834645669292
648,1,casia:096,0,0,1.0,1.0,0.84251968503937,0.84251968503937,0.660244783563969,0.7637795275590551
649,1,casia:337,1,1,0.078125,0.25196850393700787,0.25196850393700787,0.25196850393700787,0.6014495186257349,0.8346456692913385
650,1,casia:317,1,1,0.03125,0.28346456692913385,0.25984251968503935,0.25984251968503935,0.28326510291516954,0.7637795275590551
651,1,casia:397,1,1,0.2578125,0.28346456692913385,0.5118110236220472,0.6614173228346457,-1.8379643351552664,0.29133858267716534
652,1,casia:150,0,0,1.0,1.0,0.9606299212598425,0.9606299212598425,0.14900822426931115,0.6377952755905512
653,1,casia:203,0,0,1.0,1.0,0.7795275590551181,0.7795275590551181,0.7241493534758011,0.7795275590551181
654,1,casia:171,0,0,1.0,1.0,0.4409448818897638,0.4409448818897638,0.660244783563969,0.7637795275590551
655,1,casia:016,0,0,1.0,1.0,0.6220472440944882,0.9763779527559056,0.34072193400480794,0.6850393700787402
656,1,casia:375,1,1,0.3671875,0.25196850393700787,0.4409448818897638,0.4409448818897638,1.1671107021111844,0.9606299212598425
657,1,casia:208,0,0,1.0,1.0,0.3543307086614173,0.3543307086614173,0.053151369401562974,0.6141732283464567
658,1,casia:322,1,1,0.0078125,0.25196850393700787,0.5511811023622047,0.5511811023622047,-0.6359343202486859,0.5590551181102362
659,1,casia:349,1,1,0.078125,0.25196850393700787,0.48031496062992124,0.48031496062992124,0.3186189268830101,0.7716535433070866
660,1,casia:310,1,1,0.0234375,0.2677165354330709,0.889763779527559,0.14173228346456693,1.0610492302076628,0.937007874015748
661,1,casia:136,0,0,1.0,1.0,0.13385826771653545,0.13385826771653545,-1.7361765881297395,0.1732283464566929
662,1,casia:238,0,0,0.9921875,0.03937007874015748,0.11023622047244094,0.11023622047244094,-2.279365432380313,0.03937007874015748
663,1,casia:110,0,0,1.0,1.0,0.3543307086614173,0.3543307086614173,0.24486507913705977,0.6614173228346457
664,1,casia:159,0,0,1.0,1.0,0.7480314960629921,0.7480314960629921,1.1714813428586268,0.889763779527559
665,1,casia:454,1,1,0.203125,0.25196850393700787,0.7952755905511811,0.7952755905511811,0.0357883351402853,0.7086614173228346
666,1,casia:106,0,0,1.0,1.0,1.0,0.8582677165354331,1.0436722030349626,0.8582677165354331
667,1,casia:278,1,1,0.0625,0.25984251968503935,0.7322834645669292,0.7322834645669292,-0.5652266723130048,0.5748031496062992
668,1,casia:196,0,0,1.0,1.0,1.0,0.7559055118110236,0.6282924986080529,0.7559055118110236
669,1,casia:375,1,1,0.3046875,0.25196850393700787,0.8976377952755905,0.8976377952755905,1.0964030541755034,0.9448818897637795
670,1,casia:291,1,1,0.375,0.31496062992125984,0.44881889763779526,0.44881889763779526,1.0610492302076628,0.937007874015748
671,1,casia:051,0,0,1.0,1.0,0.6299212598425197,0.6299212598425197,0.7880539233876337,0.7952755905511811
672,1,casia:480,1,1,0.0625,0.33858267716535434,0.6062992125984252,0.6062992125984252,0.6014495186257349,0.8346456692913385
673,1,casia:120,0,0,1.0,1.0,0.7322834645669292,0.7322834645669292,0.1809605092252272,0.6456692913385826
674,1,casia:290,1,1,0.015625,0.25196850393700787,0.2204724409448819,0.2204724409448819,-0.8127034400878891,0.5196850393700787
675,1,casia:361,1,1,0.6015625,0.3937007874015748,0.6535433070866141,0.6535433070866141,0.9549877583041413,0.9133858267716536
676,1,casia:326,1,1,0.03125,0.25196850393700787,0.47244094488188976,0.47244094488188976,-0.5298728483451643,0.5826771653543307
677,1,casia:235,0,0,1.0,1.0,0.8582677165354331,0.8582677165354331,-1.352749168658746,0.2677165354330709
678,1,casia:407,1,1,0.15625,0.2677165354330709,0.25196850393700787,0.25196850393700787,0.3539727508508506,0.7795275590551181
679,1,casia:417,1,1,0.140625,0.25196850393700787,0.3779527559055118,0.3937007874015748,1.0610492302076628,0.937007874015748
680,1,casia:389,1,1,0.21875,0.2677165354330709,0.9133858267716536,0.9133858267716536,-0.7773496161200486,0.5275590551181102
681,1,casia:172,0,0,0.9921875,1.0,1.0,0.3779527559055118,-1.6403197332619912,0.1968503937007874
682,1,casia:359,1,1,0.6171875,0.44881889763779526,0.8661417322834646,0.5905511811023622,0.6721571665614164,0.8503937007874016
683,1,casia:404,1,1,0.75,0.3779527559055118,0.1889763779527559,0.1889763779527559,1.0256954062398222,0.9291338582677166
684,1,casia:054,0,0,1.0,1.0,0.8976377952755905,0.8976377952755905,0.8519584932994658,0.8110236220472441
685,1,casia:457,1,1,0.0078125,0.28346456692913385,0.7559055118110236,0.8740157480314961,-0.5652266723130048,0.5748031496062992
686,1,casia:053,0,0,1.0,1.0,0.8188976377952756,0.8188976377952756,1.1395290579027106,0.8818897637795275
687,1,casia:218,0,0,0.9453125,0.047244094488188976,0.7795275590551181,0.7795275590551181,-1.863985727953404,0.14173228346456693
688,1,casia:132,0,0,0.84375,0.7480314960629921,0.952755905511811,0.952755905511811,-0.3622283350253467,0.5118110236220472
689,1,casia:403,1,1,0.34375,0.25196850393700787,0.5511811023622047,0.5511811023622047,0.5307418706900539,0.8188976377952756
690,1,casia:495,1,1,0.0625,0.25984251968503935,0.30708661417322836,0.30708661417322836,-0.7773496161200486,0.5275590551181102
691,1,casia:426,1,1,0.171875,0.25984251968503935,1.0,0.6456692913385826,0.3539727508508506,0.7795275590551181
692,1,casia:398,1,1,0.3046875,0.2677165354330709,0.7952755905511811,0.7952755905511811,-0.1409807846989174,0.6692913385826772
693,1,casia:470,1,1,0.171875,0.25196850393700787,0.5354330708661418,0.31496062992125984,0.8842801103684597,0.8976377952755905
694,1,casia:199,0,0,1.0,1.0,0.7086614173228346,0.7086614173228346,0.7880539233876337,0.7952755905511811
695,1,casia:458,1,1,0.125,0.25196850393700787,0.25984251968503935,0.25984251968503935,-0.9187649119914107,0.49606299212598426
696,1,casia:411,1,1,0.375,0.25196850393700787,0.7165354330708661,0.7165354330708661,0.6014495186257349,0.8346456692913385
697,1,casia:446,1,1,0.59375,0.28346456692913385,0.8346456692913385,0.8346456692913385,0.9196339343363003,0.905511811023622
698,1,casia:331,1,1,0.3828125,0.3700787401574803,0.5118110236220472,0.5118110236220472,0.7428648144970975,0.8661417322834646
699,1,casia:402,1,1,0.171875,0.25984251968503935,0.6771653543307087,0.6771653543307087,0.8135724624327786,0.8818897637795275
700,1,casia:205,0,0,1.0,1.0,0.8267716535433071,0.8267716535433071,0.34072193400480794,0.6850393700787402
701,1,casia:013,0,0,1.0,1.0,0.6535433070866141,0.3700787401574803,0.8839107782553818,0.8188976377952756
702,1,casia:316,1,1,0.0078125,0.25196850393700787,0.1732283464566929,0.25984251968503935,-1.5197799194447008,0.36220472440944884
703,1,casia:300,1,1,0.4453125,0.2677165354330709,0.8188976377952756,0.8582677165354331,-0.9187649119914107,0.49606299212598426
704,1,casia:099,0,0,1.0,1.0,0.7401574803149606,0.7401574803149606,0.7880539233876337,0.7952755905511811
705,1,casia:213,0,0,1.0,1.0,0.7007874015748031,0.7007874015748031,0.40462650391664007,0.7007874015748031
706,1,casia:226,0,0,1.0,0.10236220472440945,0.05511811023622047,0.05511811023622047,-0.13856234033393383,0.5669291338582677
707,1,casia:009,0,0,1.0,1.0,0.905511811023622,0.905511811023622,1.1714813428586268,0.889763779527559
708,1,casia:133,0,0,1.0,1.0,1.0,0.8740157480314961,0.30876964904889187,0.6771653543307087
709,1,casia:323,1,1,0.0078125,0.2047244094488189,0.08661417322834646,0.08661417322834646,-1.0248263838949325,0.47244094488188976
710,1,casia:058,0,0,1.0,1.0,0.6771653543307087,0.6771653543307087,1.0756244879908787,0.8661417322834646
711,1,casia:481,1,1,0.0859375,0.25984251968503935,0.15748031496062992,0.15748031496062992,-0.38845755247380165,0.6141732283464567
712,1,casia:452,1,1,0.1328125,0.2755905511811024,0.29133858267716534,0.29133858267716534,0.6721571665614164,0.8503937007874016
713,1,casia:458,1,1,0.3984375,0.25196850393700787,0.3779527559055118,0.2992125984251969,0.1418498070438074,0.7322834645669292
714,1,casia:400,1,1,0.2578125,0.25196850393700787,0.41732283464566927,0.41732283464566927,0.9549877583041413,0.9133858267716536
715,1,casia:282,1,1,0.03125,0.25984251968503935,0.5433070866141733,0.5433070866141733,0.3539727508508506,0.7795275590551181
716,1,casia:233,0,0,1.0,0.14960629921259844,0.10236220472440945,0.10236220472440945,-2.087651722644817,0.08661417322834646
717,1,casia:299,1,1,0.15625,0.31496062992125984,0.23622047244094488,0.6299212598425197,0.5660956946578943,0.8267716535433071
718,1,casia:434,1,1,0.0234375,0.25196850393700787,0.6929133858267716,0.5118110236220472,-1.0601802078627731,0.4645669291338583
719,1,casia:482,1,1,0.6328125,0.25196850393700787,0.6377952755905512,0.6377952755905512,-2.1915025748336725,0.2125984251968504
720,1,casia:323,1,1,0.0078125,0.14960629921259844,0.1889763779527559,0.1889763779527559,-1.9086719830909475,0.2755905511811024
721,1,casia:275,1,1,0.2421875,0.2755905511811024,0.16535433070866143,0.16535433070866143,0.2125574549794885,0.7480314960629921
722,1,casia:382,1,1,0.4375,0.25984251968503935,0.2440944881889764,0.2440944881889764,-0.21168843263459897,0.6535433070866141
723,1,casia:254,1,1,0.1875,0.25984251968503935,0.3228346456692913,0.3228346456692913,-2.297564046737194,0.1889763779527559
724,1,casia:380,1,1,0.3671875,0.25984251968503935,0.5433070866141733,0.5433070866141733,0.707510990529257,0.8582677165354331
725,1,casia:175,0,0,1.0,1.0,0.968503937007874,0.968503937007874,0.9478153481672139,0.8346456692913385
726,1,casia:056,0,0,1.0,1.0,1.0,0.6771653543307087,0.6282924986080529,0.7559055118110236
727,1,casia:380,1,1,0.3359375,0.4094488188976378,0.5118110236220472,0.5118110236220472,0.07114215910812584,0.7165354330708661
728,1,casia:474,1,1,0.7109375,0.7007874015748031,0.889763779527559,0.889763779527559,1.0610492302076628,0.937007874015748
729,1,casia:180,0,0,1.0,1.0,0.3858267716535433,0.3858267716535433,0.372674218960724,0.6929133858267716
730,1,casia:241,0,0,1.0,1.0,0.05511811023622047,0.05511811023622047,-0.234419195201682,0.5433070866141733
731,1,casia:157,0,0,1.0,1.0,0.7401574803149606,0.7401574803149606,0.1809605092252272,0.6456692913385826
732,1,casia:493,1,1,0.1796875,0.30708661417322836,0.2283464566929134,0.2283464566929134,-0.4591652004094827,0.5984251968503937
733,1,casia:414,1,1,0.09375,0.29133858267716534,0.48031496062992124,0.48031496062992124,-1.3430107996054979,0.4015748031496063
734,1,casia:002,0,0,1.0,1.0,1.0,0.7952755905511811,-0.6817511845845077,0.4330708661417323
735,1,casia:481,1,1,0.109375,0.25196850393700787,0.2755905511811024,0.11023622047244094,-0.1409807846989174,0.6692913385826772
736,1,casia:088,0,0,1.0,1.0,0.9212598425196851,0.9212598425196851,1.0436722030349626,0.8582677165354331
737,1,casia:330,1,1,0.0234375,0.25196850393700787,0.12598425196850394,0.12598425196850394,0.6014495186257349,0.8346456692913385
738,1,casia:475,1,1,0.53125,0.25196850393700787,0.3464566929133858,0.3464566929133858,-1.0955340318306137,0.4566929133858268
739,1,casia:184,0,0,1.0,1.0,1.0,0.6062992125984252,0.02119908444564691,0.6062992125984252
740,1,casia:029,0,0,1.0,1.0,0.6850393700787402,0.6850393700787402,0.7241493534758011,0.7795275590551181
741,1,casia:221,0,0,0.9921875,0.11023622047244094,0.2047244094488189,0.2047244094488189,-0.7137034695404237,0.4251968503937008
742,1,casia:381,1,1,0.1640625,0.25196850393700787,0.48031496062992124,0.48031496062992124,-0.9541187359592512,0.4881889763779528
743,1,casia:233,0,0,1.0,1.0,0.1889763779527559,0.1889763779527559,0.1809605092252272,0.6456692913385826
744,1,casia:170,0,0,1.0,1.0,0.7165354330708661,0.7165354330708661,0.8200062083435498,0.8031496062992126
745,1,casia:228,0,0,1.0,1.0,0.2125984251968504,0.2125984251968504,1.2673381977263753,0.9133858267716536
746,1,casia:052,0,0,1.0,1.0,0.84251968503937,0.84251968503937,0.1809605092252272,0.6456692913385826
747,1,casia:177,0,0,1.0,1.0,0.6929133858267716,0.6929133858267716,0.5963402136521369,0.7480314960629921
748,1,casia:153,0,0,1.0,1.0,0.4251968503937008,0.4251968503937008,-0.4261329049371788,0.49606299212598426
749,1,casia:214,0,0,1.0,1.0,0.49606299212598426,0.49606299212598426,0.1809605092252272,0.6456692913385826
750,1,casia:141,0,0,1.0,1.0,0.4251968503937008,0.984251968503937,0.8200062083435498,0.8031496062992126
751,1,casia:318,1,1,0.0234375,0.09448818897637795,0.047244094488188976,0.047244094488188976,-0.10562696073107684,0.6771653543307087
752,1,casia:480,1,1,0.0078125,0.2677165354330709,0.4330708661417323,0.4330708661417323,0.6014495186257349,0.8346456692913385
753,1,casia:469,1,1,0.3828125,0.25196850393700787,0.23622047244094488,0.23622047244094488,-0.38845755247380165,0.6141732283464567
754,1,casia:100,0,0,0.9765625,0.6614173228346457,0.937007874015748,0.937007874015748,-1.6083674483060753,0.2047244094488189
755,1,casia:425,1,1,0.2109375,0.25984251968503935,0.6456692913385826,0.937007874015748,0.9903415822719818,0.9212598425196851
756,1,casia:116,0,0,0.9765625,0.7480314960629921,0.07874015748031496,0.07874015748031496,-1.4486060235264944,0.2440944881889764
757,1,casia:499,1,1,0.28125,0.25196850393700787,0.2125984251968504,0.2125984251968504,-1.166241679766295,0.4409448818897638
758,1,casia:383,1,1,0.3046875,0.31496062992125984,0.8582677165354331,0.8582677165354331,0.5660956946578943,0.8267716535433071
759,1,casia:479,1,1,0.03125,0.28346456692913385,0.3543307086614173,0.3543307086614173,-0.07027313676323631,0.6850393700787402
760,1,casia:401,1,1,0.328125,0.25196850393700787,0.47244094488188976,0.1968503937007874,1.0964030541755034,0.9448818897637795
761,1,casia:123,0,0,1.0,1.0,0.8188976377952756,0.8188976377952756,0.7241493534758011,0.7795275590551181
762,1,casia:289,1,1,0.015625,0.25196850393700787,0.7716535433070866,0.2204724409448819,0.4246803987865322,0.7952755905511811
763,1,casia:398,1,1,0.390625,0.2677165354330709,0.4094488188976378,0.4094488188976378,-0.07027313676323631,0.6850393700787402
764,1,casia:344,1,1,0.421875,0.6220472440944882,0.49606299212598426,0.49606299212598426,1.1671107021111844,0.9606299212598425
765,1,casia:217,0,0,1.0,1.0,0.33070866141732286,0.33070866141732286,0.5963402136521369,0.7480314960629921
766,1,casia:405,1,1,0.078125,0.25196850393700787,0.5826771653543307,0.5826771653543307,1.0256954062398222,0.9291338582677166
767,1,casia:284,1,1,0.0390625,0.25984251968503935,0.5511811023622047,0.18110236220472442,-1.0601802078627731,0.4645669291338583
768,1,casia:046,0,0,1.0,1.0,0.33858267716535434,0.33858267716535434,-0.07465777042210171,0.5826771653543307
769,1,casia:146,0,0,1.0,1.0,0.7637795275590551,0.7637795275590551,0.6282924986080529,0.7559055118110236
770,1,casia:196,0,0,1.0,1.0,0.3700787401574803,0.3700787401574803,0.43657878887255613,0.7086614173228346
771,1,casia:222,0,0,1.0,1.0,1.0,0.5354330708661418,-0.6497988996285916,0.4409448818897638
772,1,casia:328,1,1,0.21875,0.25196850393700787,0.7874015748031497,0.7874015748031497,-0.5652266723130048,0.5748031496062992
773,1,casia:224,0,0,0.9765625,1.0,1.0,0.8267716535433071,0.43657878887255613,0.7086614173228346
774,1,casia:075,0,0,1.0,1.0,0.5590551181102362,0.5590551181102362,0.5963402136521369,0.7480314960629921
775,1,casia:172,0,0,0.8984375,0.9133858267716536,1.0,0.2677165354330709,-1.1290831739673335,0.3228346456692913
776,1,casia:206,0,0,1.0,1.0,0.3700787401574803,0.3700787401574803,0.5963402136521369,0.7480314960629921
777,1,casia:183,0,0,0.9765625,1.0,0.2677165354330709,0.2204724409448819,-1.8000811580415719,0.15748031496062992
778,1,casia:416,1,1,0.125,0.25196850393700787,0.8661417322834646,0.8661417322834646,-2.1561487508658317,0.2204724409448819
779,1,casia:491,1,1,0.0703125,0.25984251968503935,0.30708661417322836,0.30708661417322836,-0.989472559927092,0.48031496062992124
780,1,casia:436,1,1,0.171875,0.25984251968503935,0.7952755905511811,0.7952755905511811,0.4246803987865322,0.7952755905511811
781,1,casia:410,1,1,0.5234375,0.2677165354330709,0.8031496062992126,0.8031496062992126,0.9196339343363003,0.905511811023622
782,1,casia:450,1,1,0.0546875,0.25984251968503935,0.29133858267716534,0.29133858267716534,-0.989472559927092,0.48031496062992124
783,1,casia:161,0,0,1.0,1.0,0.5354330708661418,0.5354330708661418,0.02119908444564691,0.6062992125984252
784,1,casia:021,0,0,1.0,1.0,0.5826771653543307,0.5826771653543307,0.5643879286962208,0.7401574803149606
785,1,casia:383,1,1,0.1171875,0.2755905511811024,0.7952755905511811,0.7952755905511811,0.707510990529257,0.8582677165354331
786,1,casia:161,0,0,1.0,1.0,0.5905511811023622,0.5905511811023622,0.2768173640929758,0.6692913385826772
787,1,casia:256,1,1,0.09375,0.25984251968503935,0.889763779527559,0.889763779527559,0.9196339343363003,0.905511811023622
788,1,casia:462,1,1,0.53125,0.2992125984251969,0.7480314960629921,0.7480314960629921,0.9903415822719818,0.9212598425196851
789,1,casia:323,1,0,1.0,0.015748031496062992,0.007874015748031496,0.007874015748031496,-2.3752222872480617,0.015748031496062992
790,1,casia:125,0,0,1.0,1.0,0.3700787401574803,0.3700787401574803,-0.9693217491877527,0.36220472440944884
791,1,casia:419,1,1,0.421875,0.25196850393700787,0.3779527559055118,0.3779527559055118,-0.5298728483451643,0.5826771653543307
792,1,casia:326,1,1,0.0390625,0.25196850393700787,0.1889763779527559,0.1889763779527559,0.3539727508508506,0.7795275590551181
793,1,casia:104,0,0,1.0,1.0,1.0,0.9763779527559056,0.7561016384317176,0.7874015748031497
794,1,casia:076,0,1,0.0078125,0.08661417322834646,0.031496062992125984,0.2992125984251969,-3.0046405260940063,0.031496062992125984
795,1,casia:340,1,1,0.5625,0.25196850393700787,0.7086614173228346,0.7086614173228346,0.10649598307596687,0.7244094488188977
796,1,casia:400,1,1,0.328125,0.2755905511811024,0.3937007874015748,0.3937007874015748,0.8489262864006192,0.889763779527559
797,1,casia:151,0,0,1.0,1.0,0.4881889763779528,0.4881889763779528,0.5324356437403047,0.7322834645669292
798,1,casia:260,1,1,0.0390625,0.25196850393700787,0.1732283464566929,0.1732283464566929,0.0357883351402853,0.7086614173228346
799,1,casia:478,1,1,0.0078125,0.25196850393700787,0.5748031496062992,0.5748031496062992,0.07114215910812584,0.7165354330708661
800,1,casia:043,0,0,1.0,1.0,1.0,0.9448818897637795,1.1075767729467947,0.8740157480314961
801,1,casia:061,0,0,1.0,1.0,0.3858267716535433,0.28346456692913385,-1.288844598746914,0.28346456692913385
802,1,casia:039,0,0,1.0,1.0,0.6929133858267716,0.6929133858267716,0.053151369401562974,0.6141732283464567
803,1,casia:246,0,0,1.0,1.0,0.2204724409448819,0.08661417322834646,-2.31131771733623,0.031496062992125984
804,1,casia:160,0,0,0.9765625,0.4330708661417323,0.28346456692913385,0.28346456692913385,-2.151556292556649,0.07086614173228346
805,1,casia:084,0,0,1.0,1.0,0.48031496062992124,0.48031496062992124,-1.033226319099585,0.3464566929133858
806,1,casia:089,0,0,1.0,1.0,0.44881889763779526,0.44881889763779526,-0.29832376511351455,0.5275590551181102
807,1,casia:132,0,0,0.9296875,0.08661417322834646,0.18110236220472442,0.18110236220472442,-2.087651722644817,0.08661417322834646
808,1,casia:082,0,0,0.9921875,1.0,0.4094488188976378,0.4094488188976378,-1.4486060235264944,0.2440944881889764
809,1,casia:173,0,0,1.0,1.0,0.7874015748031497,0.7874015748031497,-0.13856234033393383,0.5669291338582677
810,1,casia:208,0,0,1.0,1.0,0.2992125984251969,0.5669291338582677,-0.39418061998126275,0.5039370078740157
811,1,casia:421,1,1,0.0703125,0.30708661417322836,0.4094488188976378,0.4094488188976378,0.8135724624327786,0.8818897637795275
812,1,casia:241,0,0,1.0,1.0,0.2677165354330709,0.2677165354330709,0.34072193400480794,0.6850393700787402
813,1,casia:074,0,0,1.0,1.0,0.7401574803149606,0.7401574803149606,0.8200062083435498,0.8031496062992126
814,1,casia:302,1,1,0.6015625,0.4566929133858268,0.6535433070866141,0.6535433070866141,0.3539727508508506,0.7795275590551181
815,1,casia:344,1,1,0.140625,0.25984251968503935,0.6220472440944882,0.31496062992125984,0.9903415822719818,0.9212598425196851
816,1,casia:067,0,0,1.0,1.0,0.5748031496062992,0.5748031496062992,-0.010753200510269146,0.5984251968503937
817,1,casia:032,0,0,1.0,1.0,0.7480314960629921,0.7480314960629921,0.11705593931339509,0.6299212598425197
818,1,casia:331,1,1,0.25,0.6535433070866141,0.5669291338582677,0.5669291338582677,-1.0955340318306137,0.4566929133858268
819,1,casia:190,0,0,1.0,1.0,1.0,0.5905511811023622,0.692197068519885,0.7716535433070866
820,1,casia:474,1,1,0.6953125,0.7086614173228346,0.889763779527559,0.889763779527559,1.0964030541755034,0.9448818897637795
821,1,casia:122,0,0,0.9453125,0.2047244094488189,0.13385826771653545,0.13385826771653545,0.5963402136521369,0.7480314960629921
822,1,casia:055,0,0,1.0,1.0,1.0,0.7165354330708661,1.1714813428586268,0.889763779527559
823,1,casia:417,1,1,0.5859375,0.28346456692913385,0.8346456692913385,0.6535433070866141,1.0256954062398222,0.9291338582677166
824,1,casia:438,1,1,0.078125,0.25196850393700787,0.29133858267716534,0.8503937007874016,-1.1308878557984545,0.44881889763779526
825,1,casia:306,1,1,0.078125,0.3937007874015748,0.47244094488188976,0.47244094488188976,0.7782186384649381,0.8740157480314961
826,1,casia:455,1,1,0.0703125,0.2677165354330709,0.2755905511811024,0.2755905511811024,-1.7319028632517446,0.31496062992125984
827,1,casia:483,1,1,0.0234375,0.25984251968503935,0.4251968503937008,0.29133858267716534,-0.4591652004094827,0.5984251968503937
828,1,casia:338,1,1,0.203125,0.25984251968503935,0.4645669291338583,0.6062992125984252,-0.4238113764416422,0.6062992125984252
829,1,casia:470,1,1,0.1328125,0.25196850393700787,0.3464566929133858,0.2755905511811024,0.8135724624327786,0.8818897637795275
830,1,casia:220,0,0,1.0,0.2440944881889764,0.7716535433070866,0.7716535433070866,-0.49003747484901117,0.48031496062992124
831,1,casia:382,1,1,0.515625,0.25984251968503935,0.4566929133858268,0.4566929133858268,-0.4238113764416422,0.6062992125984252
832,1,casia:023,0,0,1.0,1.0,0.3858267716535433,0.3858267716535433,0.9158630632112978,0.8267716535433071
833,1,casia:447,1,1,0.7109375,0.7716535433070866,0.5905511811023622,0.5905511811023622,1.0610492302076628,0.937007874015748
834,1,casia:390,1,1,0.046875,0.25196850393700787,0.6062992125984252,1.0,0.1418498070438074,0.7322834645669292
835,1,casia:253,1,1,0.0234375,0.25984251968503935,0.7874015748031497,0.7874015748031497,-1.7319028632517446,0.31496062992125984
836,1,casia:024,0,0,1.0,0.25196850393700787,0.13385826771653545,0.13385826771653545,0.14900822426931115,0.6377952755905512
837,1,casia:306,1,1,0.296875,0.25196850393700787,0.2755905511811024,0.2755905511811024,0.8489262864006192,0.889763779527559
838,1,casia:179,0,0,1.0,1.0,1.0,0.8346456692913385,1.0117199180790466,0.8503937007874016
839,1,casia:311,1,1,0.171875,0.25984251968503935,0.5905511811023622,0.5905511811023622,0.49538804672221326,0.8110236220472441
840,1,casia:301,1,1,0.0703125,0.25196850393700787,0.7559055118110236,0.7165354330708661,0.4246803987865322,0.7952755905511811
841,1,casia:045,0,0,1.0,1.0,0.2992125984251969,0.2992125984251969,-0.042705485466185654,0.5905511811023622
842,1,casia:193,0,0,0.9765625,1.0,0.2283464566929134,0.2283464566929134,0.5324356437403047,0.7322834645669292
843,1,casia:063,0,0,1.0,1.0,0.8188976377952756,0.8188976377952756,0.7241493534758011,0.7795275590551181
844,1,casia:220,0,0,1.0,1.0,0.8346456692913385,0.8346456692913385,-1.4805583084824105,0.23622047244094488
845,1,casia:460,1,1,0.5703125,0.25196850393700787,0.7559055118110236,0.7559055118110236,-1.5904875673803822,0.3464566929133858
846,1,casia:143,0,0,1.0,1.0,0.5275590551181102,0.5275590551181102,0.97976763312313,0.84251968503937
847,1,casia:270,1,1,0.015625,0.25196850393700787,0.2677165354330709,0.2677165354330709,0.7428648144970975,0.8661417322834646
848,1,casia:023,0,0,1.0,1.0,0.6456692913385826,0.6456692913385826,0.7561016384317176,0.7874015748031497
849,1,casia:102,0,0,0.9921875,1.0,1.0,0.4330708661417323,-0.39418061998126275,0.5039370078740157
850,1,casia:210,0,0,1.0,0.07874015748031496,0.047244094488188976,0.047244094488188976,-2.0556994376889004,0.09448818897637795
851,1,casia:247,0,0,1.0,0.2992125984251969,0.05511811023622047,0.05511811023622047,-0.8734648943200045,0.3858267716535433
852,1,casia:244,0,1,0.0078125,0.007874015748031496,0.007874015748031496,0.007874015748031496,-0.3177499045381206,0.6299212598425197
853,1,casia:043,0,0,1.0,1.0,0.7952755905511811,0.7952755905511811,1.2673381977263753,0.9133858267716536
854,1,casia:196,0,0,1.0,1.0,0.6062992125984252,0.6062992125984252,0.1809605092252272,0.6456692913385826
855,1,casia:204,0,0,1.0,1.0,0.8582677165354331,0.8582677165354331,0.8519584932994658,0.8110236220472441
856,1,casia:155,0,0,1.0,1.0,0.937007874015748,0.937007874015748,0.8839107782553818,0.8188976377952756
857,1,casia:457,1,1,0.0859375,0.25984251968503935,0.7401574803149606,0.3543307086614173,-0.10562696073107684,0.6771653543307087
858,1,casia:493,1,1,0.328125,0.28346456692913385,0.5196850393700787,0.5196850393700787,0.4600342227543727,0.8031496062992126
859,1,casia:459,1,1,0.5234375,0.2755905511811024,0.6220472440944882,0.4409448818897638,0.07114215910812584,0.7165354330708661
860,1,casia:465,1,1,0.171875,0.4094488188976378,0.48031496062992124,0.4330708661417323,-0.49451902437732376,0.5905511811023622
861,1,casia:111,0,0,1.0,1.0,0.4251968503937008,0.4251968503937008,0.8519584932994658,0.8110236220472441
862,1,casia:048,0,0,1.0,1.0,0.7322834645669292,0.7322834645669292,0.9158630632112978,0.8267716535433071
863,1,casia:091,0,0,1.0,1.0,0.9212598425196851,0.9212598425196851,1.235385912770459,0.905511811023622
864,1,casia:208,0,0,1.0,1.0,0.5590551181102362,0.5590551181102362,0.40462650391664007,0.7007874015748031
865,1,casia:457,1,1,0.0546875,0.25196850393700787,0.7086614173228346,0.968503937007874,-1.0248263838949325,0.47244094488188976
866,1,casia:127,0,0,1.0,1.0,0.6850393700787402,0.6850393700787402,0.7241493534758011,0.7795275590551181
867,1,casia:344,1,1,0.46875,0.2992125984251969,0.5748031496062992,0.36220472440944884,1.1671107021111844,0.9606299212598425
868,1,casia:316,1,1,0.09375,0.25196850393700787,0.6377952755905512,0.6377952755905512,0.49538804672221326,0.8110236220472441
869,1,casia:210,0,0,1.0,1.0,0.03937007874015748,0.03937007874015748,0.4685310738284722,0.7165354330708661
870,1,casia:304,1,1,0.078125,0.25196850393700787,0.4094488188976378,0.4094488188976378,-0.8127034400878891,0.5196850393700787
871,1,casia:271,1,1,0.2578125,0.25196850393700787,0.3700787401574803,0.3700787401574803,0.24791127894732903,0.7559055118110236
872,1,casia:215,0,0,0.9921875,1.0,0.6456692913385826,0.6456692913385826,-1.9278902978652361,0.12598425196850394
873,1,casia:452,1,1,0.359375,0.29133858267716534,0.7559055118110236,0.7559055118110236,0.7428648144970975,0.8661417322834646
874,1,casia:178,0,0,1.0,1.0,0.8818897637795275,0.8818897637795275,0.8519584932994658,0.8110236220472441
875,1,casia:096,0,0,1.0,1.0,0.7007874015748031,0.7007874015748031,0.7241493534758011,0.7795275590551181
876,1,casia:277,1,1,0.0078125,0.3464566929133858,0.5669291338582677,0.5669291338582677,-0.8834110880235702,0.5039370078740157
877,1,casia:168,0,0,1.0,1.0,0.7322834645669292,0.7322834645669292,-0.234419195201682,0.5433070866141733
878,1,casia:325,1,1,0.171875,0.25196850393700787,0.4645669291338583,0.4645669291338583,0.3186189268830101,0.7716535433070866
879,1,casia:460,1,1,0.0625,0.25196850393700787,0.6220472440944882,0.6220472440944882,-1.4844260954768602,0.3700787401574803
880,1,casia:398,1,1,0.359375,0.25196850393700787,0.7795275590551181,0.7795275590551181,0.38932657481869165,0.7874015748031497
881,1,casia:402,1,1,0.0390625,0.25984251968503935,0.28346456692913385,0.28346456692913385,0.8489262864006192,0.889763779527559
882,1,casia:101,0,0,1.0,0.7401574803149606,0.4015748031496063,0.4015748031496063,-1.9917948677770683,0.11023622047244094
883,1,casia:128,0,0,1.0,1.0,0.13385826771653545,0.13385826771653545,-0.9693217491877527,0.36220472440944884
884,1,casia:219,0,1,0.015625,0.25984251968503935,0.25984251968503935,0.25984251968503935,-0.2470422566024395,0.6456692913385826
885,1,casia:214,0,0,1.0,0.14960629921259844,0.07874015748031496,0.07874015748031496,-1.9917948677770683,0.11023622047244094
886,1,casia:031,0,0,1.0,0.2755905511811024,1.0,0.23622047244094488,-2.31131771733623,0.031496062992125984
887,1,casia:242,0,0,1.0,1.0,0.3700787401574803,0.3700787401574803,-1.1290831739673335,0.3228346456692913
888,1,casia:030,0,0,1.0,1.0,0.7401574803149606,0.6929133858267716,0.30876964904889187,0.6771653543307087
889,1,casia:367,1,1,0.046875,0.25196850393700787,0.30708661417322836,0.30708661417322836,-1.8026105111874255,0.2992125984251969
890,1,casia:159,0,0,1.0,1.0,0.7401574803149606,0.7401574803149606,0.8519584932994658,0.8110236220472441
891,1,casia:016,0,0,1.0,1.0,0.7795275590551181,0.7795275590551181,1.0117199180790466,0.8503937007874016
892,1,casia:348,1,1,0.328125,0.4094488188976378,0.6299212598425197,0.937007874015748,-0.706641968184367,0.5433070866141733
893,1,casia:181,0,0,1.0,1.0,0.15748031496062992,0.15748031496062992,-0.4580851898930949,0.4881889763779528
894,1,casia:415,1,1,0.0078125,0.25984251968503935,0.5590551181102362,0.6929133858267716,-0.03491931279539578,0.6929133858267716
895,1,casia:476,1,1,0.5859375,0.28346456692913385,0.47244094488188976,0.47244094488188976,0.5307418706900539,0.8188976377952756
896,1,casia:076,0,0,1.0,1.0,0.8346456692913385,0.6692913385826772,0.6282924986080529,0.7559055118110236
897,1,casia:057,0,0,1.0,1.0,0.6929133858267716,0.6929133858267716,-0.4580851898930949,0.4881889763779528
898,1,casia:089,0,0,1.0,1.0,1.0,0.7480314960629921,0.5963402136521369,0.7480314960629921
899,1,casia:396,1,1,0.296875,0.28346456692913385,0.16535433070866143,0.16535433070866143,-0.28239608057028004,0.6377952755905512
900,1,casia:230,0,0,1.0,0.25196850393700787,0.7480314960629921,0.7480314960629921,1.0756244879908787,0.8661417322834646
901,1,casia:345,1,1,0.328125,0.25196850393700787,0.5275590551181102,0.29133858267716534,0.6368033425935754,0.84251968503937
902,1,casia:027,0,0,1.0,1.0,1.0,0.7559055118110236,0.9478153481672139,0.8346456692913385
903,1,casia:333,1,1,0.328125,0.25984251968503935,0.4251968503937008,0.7952755905511811,0.6721571665614164,0.8503937007874016
904,1,casia:067,0,0,0.921875,0.4015748031496063,0.4251968503937008,0.4251968503937008,-0.20246691024576594,0.5511811023622047
905,1,casia:324,1,1,0.046875,0.25984251968503935,0.16535433070866143,0.16535433070866143,-1.6258413913482228,0.33858267716535434
906,1,casia:344,1,1,0.28125,0.3858267716535433,0.7874015748031497,0.3228346456692913,0.8135724624327786,0.8818897637795275
907,1,casia:141,0,0,1.0,1.0,0.6535433070866141,0.6535433070866141,0.7561016384317176,0.7874015748031497
908,1,casia:103,0,0,0.9921875,1.0,0.2992125984251969,0.2992125984251969,-1.4805583084824105,0.23622047244094488
909,1,casia:477,1,1,0.7109375,0.6299212598425197,0.3228346456692913,0.9133858267716536,-0.17633460866675793,0.6614173228346457
910,1,casia:464,1,1,0.4921875,0.25984251968503935,0.2047244094488189,0.2047244094488189,-0.17633460866675793,0.6614173228346457
911,1,casia:082,0,0,1.0,1.0,0.905511811023622,0.905511811023622,-1.033226319099585,0.3464566929133858
912,1,casia:007,0,0,0.984375,0.7322834645669292,0.13385826771653545,0.16535433070866143,1.0756244879908787,0.8661417322834646
913,1,casia:029,0,0,1.0,1.0,1.0,0.41732283464566927,0.7561016384317176,0.7874015748031497
914,1,casia:178,0,0,1.0,1.0,0.6850393700787402,0.6850393700787402,-0.5539420447608433,0.4645669291338583
915,1,casia:125,0,0,1.0,1.0,0.6850393700787402,0.6850393700787402,0.6282924986080529,0.7559055118110236
916,1,casia:295,1,1,0.109375,0.25196850393700787,0.29133858267716534,0.29133858267716534,-0.1409807846989174,0.6692913385826772
917,1,casia:027,0,0,1.0,1.0,0.8031496062992126,0.8031496062992126,0.9478153481672139,0.8346456692913385
918,1,casia:387,1,1,0.484375,0.2677165354330709,0.5196850393700787,0.7559055118110236,0.9903415822719818,0.9212598425196851
919,1,casia:147,0,0,1.0,1.0,0.3543307086614173,0.3543307086614173,0.30876964904889187,0.6771653543307087
920,1,casia:436,1,1,0.0390625,0.25984251968503935,0.4330708661417323,0.6614173228346457,0.00043451117244476187,0.7007874015748031
921,1,casia:239,0,0,1.0,0.09448818897637795,0.30708661417322836,0.30708661417322836,-0.5858943297167594,0.4566929133858268
922,1,casia:194,0,0,1.0,1.0,0.3464566929133858,0.3464566929133858,0.43657878887255613,0.7086614173228346
923,1,casia:214,0,0,1.0,0.11023622047244094,0.031496062992125984,0.031496062992125984,-2.151556292556649,0.07086614173228346
924,1,casia:401,1,1,0.0859375,0.29133858267716534,0.5984251968503937,0.2440944881889764,0.8842801103684597,0.8976377952755905
925,1,casia:407,1,1,0.0703125,0.2755905511811024,0.2125984251968504,0.2125984251968504,-2.0147334549944693,0.25196850393700787
926,1,casia:308,1,1,0.6484375,0.25984251968503935,0.8110236220472441,0.7007874015748031,0.8489262864006192,0.889763779527559
927,1,casia:151,0,0,1.0,1.0,0.8031496062992126,0.8031496062992126,0.9478153481672139,0.8346456692913385
928,1,casia:154,0,0,1.0,1.0,0.6929133858267716,0.6929133858267716,0.7880539233876337,0.7952755905511811
929,1,casia:412,1,1,0.0078125,0.25984251968503935,0.33070866141732286,0.3464566929133858,-1.5904875673803822,0.3464566929133858
930,1,casia:169,0,0,1.0,1.0,0.905511811023622,0.905511811023622,0.692197068519885,0.7716535433070866
931,1,casia:166,0,0,1.0,1.0,0.7401574803149606,0.7401574803149606,0.9478153481672139,0.8346456692913385
932,1,casia:479,1,1,0.0234375,0.2677165354330709,0.33858267716535434,0.33858267716535434,-0.8127034400878891,0.5196850393700787
933,1,casia:142,0,0,0.9765625,1.0,0.6535433070866141,0.6535433070866141,-1.3847014536146622,0.25984251968503935
934,1,casia:490,1,1,0.09375,0.2677165354330709,0.2204724409448819,0.3464566929133858,0.00043451117244476187,0.7007874015748031
935,1,casia:391,1,1,0.5234375,0.2755905511811024,0.7401574803149606,0.7401574803149606,0.9196339343363003,0.905511811023622
936,1,casia:484,1,1,0.0234375,0.25196850393700787,0.08661417322834646,0.08661417322834646,-2.0500872789623097,0.2440944881889764
937,1,casia:332,1,1,0.6796875,0.5984251968503937,0.5039370078740157,0.7480314960629921,-0.5298728483451643,0.5826771653543307
938,1,casia:097,0,0,1.0,1.0,0.937007874015748,0.937007874015748,1.4590519074618717,0.9606299212598425
939,1,casia:262,1,1,0.046875,0.25196850393700787,0.16535433070866143,0.16535433070866143,-0.5298728483451643,0.5826771653543307
940,1,casia:044,0,0,0.9921875,0.8267716535433071,0.5039370078740157,0.47244094488188976,0.7880539233876337,0.7952755905511811
941,1,casia:308,1,1,0.265625,0.31496062992125984,0.6614173228346457,0.6614173228346457,0.9196339343363003,0.905511811023622
942,1,casia:440,1,1,0.140625,0.2677165354330709,0.7401574803149606,0.7401574803149606,-0.07027313676323631,0.6850393700787402
943,1,casia:403,1,1,0.046875,0.25984251968503935,0.33070866141732286,0.33070866141732286,-1.2015955037341355,0.4330708661417323
944,1,casia:137,0,0,1.0,1.0,0.6692913385826772,0.6692913385826772,1.3312427676382075,0.9291338582677166
945,1,casia:161,0,0,1.0,1.0,0.952755905511811,0.952755905511811,-0.1705146252898499,0.5590551181102362
946,1,casia:210,0,0,1.0,0.48031496062992124,0.7086614173228346,0.7086614173228346,-1.9598425828211523,0.11811023622047244
947,1,casia:099,0,0,1.0,0.007874015748031496,0.007874015748031496,0.007874015748031496,-2.407174572203978,0.007874015748031496
948,1,casia:059,0,0,0.984375,1.0,0.14960629921259844,0.14960629921259844,1.235385912770459,0.905511811023622
949,1,casia:162,0,0,1.0,1.0,0.4645669291338583,0.4645669291338583,0.7880539233876337,0.7952755905511811
950,1,casia:420,1,1,0.0390625,0.25196850393700787,0.33070866141732286,0.33070866141732286,0.5660956946578943,0.8267716535433071
951,1,casia:342,1,1,0.09375,0.25196850393700787,0.47244094488188976,0.47244094488188976,0.5660956946578943,0.8267716535433071
952,1,casia:247,0,0,1.0,1.0,0.1889763779527559,0.1889763779527559,1.1714813428586268,0.889763779527559
953,1,casia:164,0,0,0.9921875,1.0,0.6771653543307087,0.6771653543307087,0.97976763312313,0.84251968503937
954,1,casia:176,0,0,1.0,1.0,0.8740157480314961,0.8740157480314961,0.7241493534758011,0.7795275590551181
955,1,casia:216,0,0,1.0,1.0,0.6377952755905512,0.6377952755905512,0.053151369401562974,0.6141732283464567
956,1,casia:097,0,0,1.0,1.0,0.1968503937007874,0.047244094488188976,-1.9278902978652361,0.12598425196850394
957,1,casia:229,0,0,1.0,1.0,0.937007874015748,0.937007874015748,-1.352749168658746,0.2677165354330709
958,1,casia:114,0,0,1.0,1.0,0.4566929133858268,0.4566929133858268,0.21291279418114326,0.6535433070866141
959,1,casia:377,1,1,0.375,0.25984251968503935,0.7401574803149606,0.49606299212598426,0.9903415822719818,0.9212598425196851
960,1,casia:170,0,0,1.0,1.0,0.6062992125984252,0.6062992125984252,1.0117199180790466,0.8503937007874016
961,1,casia:306,1,1,0.171875,0.25984251968503935,0.4015748031496063,0.4015748031496063,0.4600342227543727,0.8031496062992126
962,1,casia:487,1,1,0.0859375,0.25196850393700787,0.2204724409448819,0.5433070866141733,0.707510990529257,0.8582677165354331
963,1,casia:448,1,1,0.015625,0.25196850393700787,0.2125984251968504,0.2125984251968504,0.38932657481869165,0.7874015748031497
964,1,casia:309,1,1,0.109375,0.25196850393700787,0.3700787401574803,0.3700787401574803,-1.5904875673803822,0.3464566929133858
965,1,casia:010,0,0,1.0,1.0,1.0,0.023622047244094488,-2.2154608624684813,0.05511811023622047
966,1,casia:106,0,0,1.0,1.0,0.8582677165354331,0.8582677165354331,1.0756244879908787,0.8661417322834646
967,1,casia:255,1,1,0.1328125,0.2992125984251969,0.9212598425196851,0.9212598425196851,-0.2470422566024395,0.6456692913385826
968,1,casia:050,0,0,1.0,0.2125984251968504,0.31496062992125984,0.31496062992125984,-2.151556292556649,0.07086614173228346
969,1,casia:266,1,1,0.0078125,0.25196850393700787,0.4094488188976378,0.4094488188976378,-0.7773496161200486,0.5275590551181102
970,1,casia:243,0,0,1.0,1.0,0.937007874015748,0.937007874015748,0.24486507913705977,0.6614173228346457
971,1,casia:397,1,1,0.1796875,0.2755905511811024,0.31496062992125984,0.7165354330708661,-0.8127034400878891,0.5196850393700787
972,1,casia:336,1,1,0.1875,0.25196850393700787,0.5826771653543307,0.5826771653543307,0.9196339343363003,0.905511811023622
973,1,casia:341,1,1,0.1796875,0.25196850393700787,0.6299212598425197,0.6299212598425197,0.9549877583041413,0.9133858267716536
974,1,casia:098,0,0,1.0,1.0,1.0,0.9763779527559056,0.34072193400480794,0.6850393700787402
975,1,casia:093,0,0,1.0,1.0,0.7401574803149606,0.7401574803149606,0.08510365435747903,0.6220472440944882
976,1,casia:032,0,0,1.0,1.0,0.8031496062992126,0.8031496062992126,-0.3302760500694306,0.5196850393700787
977,1,casia:137,0,0,1.0,1.0,0.6377952755905512,0.6377952755905512,0.7241493534758011,0.7795275590551181
978,1,casia:491,1,1,0.078125,0.25196850393700787,0.29133858267716534,0.29133858267716534,-0.7419957921522076,0.5354330708661418
979,1,casia:247,0,1,0.0078125,0.13385826771653545,0.09448818897637795,0.09448818897637795,-1.8379643351552664,0.29133858267716534
980,1,casia:236,0,0,1.0,1.0,0.2677165354330709,0.2677165354330709,0.372674218960724,0.6929133858267716
981,1,casia:279,1,1,0.1484375,0.25984251968503935,0.15748031496062992,0.15748031496062992,0.4600342227543727,0.8031496062992126
982,1,casia:462,1,1,0.140625,0.5118110236220472,0.4330708661417323,0.5748031496062992,0.6721571665614164,0.8503937007874016
983,1,casia:272,1,1,0.125,0.31496062992125984,0.3937007874015748,0.3937007874015748,-0.10562696073107684,0.6771653543307087
984,1,casia:133,0,0,1.0,1.0,1.0,0.5118110236220472,0.5963402136521369,0.7480314960629921
985,1,casia:155,0,0,1.0,1.0,0.18110236220472442,0.6535433070866141,0.660244783563969,0.7637795275590551
986,1,casia:240,0,0,1.0,1.0,0.4330708661417323,0.4330708661417323,-1.7042243031738233,0.18110236220472442
987,1,casia:388,1,1,0.1796875,0.25984251968503935,0.7165354330708661,0.7165354330708661,0.9903415822719818,0.9212598425196851
988,1,casia:324,1,1,0.046875,0.2677165354330709,0.18110236220472442,0.18110236220472442,-0.6005804962808454,0.5669291338582677
989,1,casia:388,1,1,0.1953125,0.25196850393700787,0.6220472440944882,0.6220472440944882,0.9903415822719818,0.9212598425196851
990,1,casia:057,0,0,1.0,1.0,0.8740157480314961,0.8740157480314961,0.6282924986080529,0.7559055118110236
991,1,casia:436,1,1,0.0390625,0.25196850393700787,0.4330708661417323,0.44881889763779526,0.24791127894732903,0.7559055118110236
992,1,casia:432,1,1,0.671875,0.3228346456692913,0.4645669291338583,0.4645669291338583,0.4600342227543727,0.8031496062992126
993,1,casia:029,0,0,1.0,1.0,0.7874015748031497,0.7874015748031497,0.7880539233876337,0.7952755905511811
994,1,casia:074,0,0,1.0,1.0,0.8661417322834646,0.8661417322834646,0.9158630632112978,0.8267716535433071
995,1,casia:292,1,1,0.0390625,0.25984251968503935,0.13385826771653545,0.3464566929133858,-1.5904875673803822,0.3464566929133858
996,1,casia:335,1,1,0.078125,0.25196850393700787,0.6771653543307087,0.6771653543307087,0.3186189268830101,0.7716535433070866
997,1,casia:252,1,1,0.09375,0.25984251968503935,0.6535433070866141,0.6535433070866141,0.5307418706900539,0.8188976377952756
998,1,casia:050,0,0,1.0,1.0,0.2125984251968504,0.2125984251968504,-1.033226319099585,0.3464566929133858
999,1,casia:213,0,0,1.0,1.0,0.8267716535433071,0.33858267716535434,0.5643879286962208,0.7401574803149606
1000,1,casia:480,1,1,0.0390625,0.28346456692913385,0.7795275590551181,0.7795275590551181,0.5660956946578943,0.8267716535433071
1001,1,casia:228,0,0,1.0,1.0,0.7480314960629921,0.7480314960629921,0.7561016384317176,0.7874015748031497
1002,1,casia:238,0,0,1.0,1.0,0.7322834645669292,0.7322834645669292,0.02119908444564691,0.6062992125984252
1003,1,casia:133,0,0,1.0,1.0,0.7007874015748031,0.7007874015748031,0.1809605092252272,0.6456692913385826
1004,1,casia:018,0,0,1.0,1.0,0.1968503937007874,0.1968503937007874,-1.9598425828211523,0.11811023622047244
1005,1,casia:333,1,1,0.5234375,0.6141732283464567,0.6220472440944882,0.6771653543307087,0.0357883351402853,0.7086614173228346
1006,1,casia:152,0,0,1.0,1.0,0.6692913385826772,0.6692913385826772,0.97976763312313,0.84251968503937
1007,1,casia:207,0,0,1.0,1.0,0.03937007874015748,0.5039370078740157,-0.010753200510269146,0.5984251968503937
1008,1,casia:018,0,0,1.0,0.8818897637795275,0.47244094488188976,0.47244094488188976,-1.5764151633501589,0.2125984251968504
1009,1,casia:141,0,0,1.0,1.0,0.6929133858267716,0.6929133858267716,0.8839107782553818,0.8188976377952756
1010,1,casia:184,0,0,1.0,1.0,1.0,0.6299212598425197,0.11705593931339509,0.6299212598425197
1011,1,casia:484,1,1,0.0078125,0.12598425196850394,0.07086614173228346,0.07086614173228346,-2.4743331665763972,0.14960629921259844
1012,1,casia:204,0,0,0.9921875,0.4566929133858268,0.6850393700787402,0.6850393700787402,-1.8959380129093202,0.13385826771653545
1013,1,casia:276,1,1,0.1015625,0.2755905511811024,0.33070866141732286,0.33070866141732286,0.5307418706900539,0.8188976377952756
1014,1,casia:032,0,0,1.0,1.0,0.6062992125984252,0.6062992125984252,0.08510365435747903,0.6220472440944882
1015,1,casia:249,0,0,1.0,1.0,0.6929133858267716,0.6929133858267716,0.372674218960724,0.6929133858267716
1016,1,casia:231,0,0,1.0,1.0,0.84251968503937,0.7244094488188977,0.11705593931339509,0.6299212598425197
1017,1,casia:017,0,1,0.1640625,0.25984251968503935,0.09448818897637795,0.09448818897637795,-1.4137184475411793,0.3858267716535433
1018,1,casia:165,0,0,1.0,1.0,1.0,0.2047244094488189,0.660244783563969,0.7637795275590551
1019,1,casia:403,1,1,0.0234375,0.25196850393700787,0.08661417322834646,0.08661417322834646,-0.989472559927092,0.48031496062992124
1020,1,casia:252,1,1,0.1015625,0.25196850393700787,0.4094488188976378,0.4094488188976378,0.6368033425935754,0.84251968503937
1021,1,casia:328,1,1,0.0234375,0.25196850393700787,0.23622047244094488,0.23622047244094488,-1.2015955037341355,0.4330708661417323
1022,1,casia:394,1,1,0.2109375,0.33858267716535434,0.7795275590551181,0.984251968503937,1.0256954062398222,0.9291338582677166
1023,1,casia:158,0,0,1.0,1.0,0.5984251968503937,0.5984251968503937,0.9478153481672139,0.8346456692913385
0,0,casia:433,1,1,0.2421875,0.2677165354330709,0.5984251968503937,0.5590551181102362,0.7782186384649381,0.8740157480314961
1,0,casia:087,0,0,1.0,1.0,0.7086614173228346,0.7086614173228346,1.1395290579027106,0.8818897637795275
2,0,casia:223,0,0,1.0,1.0,0.15748031496062992,0.15748031496062992,0.14900822426931115,0.6377952755905512
3,0,casia:465,1,1,0.171875,0.49606299212598426,0.5275590551181102,0.5275590551181102,-0.8127034400878891,0.5196850393700787
4,0,casia:196,0,0,1.0,1.0,1.0,0.49606299212598426,0.7561016384317176,0.7874015748031497
5,0,casia:008,0,0,1.0,1.0,0.84251968503937,0.84251968503937,1.1395290579027106,0.8818897637795275
6,0,casia:446,1,1,0.53125,0.2755905511811024,0.905511811023622,0.905511811023622,0.8842801103684597,0.8976377952755905
7,0,casia:284,1,0,1.0,1.0,0.23622047244094488,0.23622047244094488,1.1395290579027106,0.8818897637795275
8,0,casia:199,0,0,1.0,1.0,0.25984251968503935,0.25984251968503935,-1.5125105934383265,0.2283464566929134
9,0,casia:442,1,1,0.640625,0.7716535433070866,0.7165354330708661,0.7165354330708661,1.0964030541755034,0.9448818897637795
10,0,casia:220,0,1,0.0234375,0.25196850393700787,0.1732283464566929,0.09448818897637795,-2.6157484624477596,0.11811023622047244
11,0,casia:058,0,0,1.0,1.0,0.5118110236220472,0.5118110236220472,0.660244783563969,0.7637795275590551
12,0,casia:340,1,1,0.671875,0.7795275590551181,0.6929133858267716,0.6929133858267716,1.0256954062398222,0.9291338582677166
13,0,casia:440,1,1,0.046875,0.25984251968503935,0.5669291338582677,0.5669291338582677,0.49538804672221326,0.8110236220472441
14,0,casia:308,1,1,0.375,0.25196850393700787,0.7007874015748031,0.4330708661417323,0.7428648144970975,0.8661417322834646
15,0,casia:091,0,1,0.0078125,0.25196850393700787,0.12598425196850394,0.12598425196850394,-2.1561487508658317,0.2204724409448819
16,0,casia:362,1,1,0.671875,0.7480314960629921,0.9133858267716536,0.9133858267716536,0.9549877583041413,0.9133858267716536
17,0,casia:172,0,0,0.9921875,1.0,1.0,0.5669291338582677,-0.9054171792759206,0.3779527559055118
18,0,casia:166,0,0,1.0,1.0,0.7322834645669292,0.7322834645669292,1.1075767729467947,0.8740157480314961
19,0,casia:010,0,0,1.0,1.0,1.0,0.5433070866141733,1.1075767729467947,0.8740157480314961
20,0,casia:024,0,1,0.109375,0.25196850393700787,0.5118110236220472,0.5118110236220472,0.38932657481869165,0.7874015748031497
21,0,casia:261,1,1,0.375,0.28346456692913385,0.1732283464566929,0.1732283464566929,-0.6712881442165265,0.5511811023622047
22,0,casia:111,0,0,1.0,1.0,1.0,0.8267716535433071,1.0756244879908787,0.8661417322834646
23,0,casia:394,1,1,0.328125,0.2677165354330709,0.5590551181102362,0.9763779527559056,1.0964030541755034,0.9448818897637795
24,0,casia:157,0,0,1.0,1.0,0.4645669291338583,0.4645669291338583,-1.288844598746914,0.28346456692913385
25,0,casia:377,1,1,0.640625,0.36220472440944884,0.5590551181102362,0.5590551181102362,1.0256954062398222,0.9291338582677166
26,0,casia:321,1,1,0.140625,0.25196850393700787,0.5354330708661418,0.5354330708661418,0.5660956946578943,0.8267716535433071
27,0,casia:285,1,1,0.0078125,0.25196850393700787,0.29133858267716534,0.29133858267716534,-1.9440258070587881,0.2677165354330709
28,0,casia:422,1,1,0.421875,0.25196850393700787,0.5590551181102362,0.5590551181102362,0.10649598307596687,0.7244094488188977
29,0,casia:199,0,0,1.0,1.0,0.49606299212598426,0.49606299212598426,-1.256892313790998,0.29133858267716534
30,0,casia:430,1,1,0.640625,0.25196850393700787,0.4251968503937008,0.7637795275590551,0.6721571665614164,0.8503937007874016
31,0,casia:185,0,0,1.0,1.0,0.6535433070866141,0.6535433070866141,-1.0651786040555011,0.33858267716535434
32,0,casia:108,0,0,1.0,1.0,0.3700787401574803,0.3700787401574803,1.0756244879908787,0.8661417322834646
33,0,casia:178,0,0,1.0,1.0,0.9606299212598425,0.9606299212598425,0.692197068519885,0.7716535433070866
34,0,casia:395,1,1,0.53125,0.2755905511811024,0.889763779527559,0.889763779527559,1.131756878143344,0.952755905511811
35,0,casia:259,1,0,0.9765625,0.44881889763779526,0.07874015748031496,0.07874015748031496,-1.0651786040555011,0.33858267716535434
36,0,casia:015,0,0,1.0,1.0,0.8031496062992126,0.8031496062992126,1.0436722030349626,0.8582677165354331
37,0,casia:483,1,1,0.015625,0.25196850393700787,0.3858267716535433,0.3858267716535433,-1.3430107996054979,0.4015748031496063
38,0,casia:248,0,0,1.0,0.11811023622047244,1.0,0.06299212598425197,-2.183508577512565,0.06299212598425197
39,0,casia:224,0,1,0.015625,0.25196850393700787,0.30708661417322836,0.30708661417322836,0.28326510291516954,0.7637795275590551
40,0,casia:177,0,0,1.0,1.0,0.7559055118110236,0.7559055118110236,0.5643879286962208,0.7401574803149606
41,0,casia:424,1,1,0.046875,0.25196850393700787,0.4645669291338583,0.8818897637795275,0.8135724624327786,0.8818897637795275
42,0,casia:250,1,1,0.03125,0.25196850393700787,0.3464566929133858,0.7401574803149606,-0.2470422566024395,0.6456692913385826
43,0,casia:257,1,1,0.59375,0.3228346456692913,0.6692913385826772,0.6692913385826772,-0.28239608057028004,0.6377952755905512
44,0,casia:185,0,0,1.0,1.0,0.6062992125984252,0.6062992125984252,-0.010753200510269146,0.5984251968503937
45,0,casia:318,1,1,0.0078125,0.09448818897637795,0.2755905511811024,0.25196850393700787,1.202464526079025,0.968503937007874
46,0,casia:337,1,1,0.03125,0.25196850393700787,0.5433070866141733,0.5433070866141733,0.8489262864006192,0.889763779527559
47,0,casia:083,0,0,0.9921875,1.0,0.12598425196850394,0.12598425196850394,0.97976763312313,0.84251968503937
48,0,casia:328,1,1,0.0078125,0.25196850393700787,0.25196850393700787,0.25196850393700787,-1.4844260954768602,0.3700787401574803
49,0,casia:101,0,0,1.0,1.0,0.5590551181102362,0.5590551181102362,0.5963402136521369,0.7480314960629921
50,0,casia:037,0,0,1.0,1.0,0.9133858267716536,0.9133858267716536,1.2034336278145428,0.8976377952755905
51,0,casia:077,0,0,1.0,1.0,0.6692913385826772,0.6692913385826772,0.40462650391664007,0.7007874015748031
52,0,casia:062,0,0,1.0,1.0,0.6299212598425197,0.6299212598425197,0.21291279418114326,0.6535433070866141
53,0,casia:455,1,1,0.5078125,0.6220472440944882,0.4645669291338583,0.5039370078740157,-0.8834110880235702,0.5039370078740157
54,0,casia:417,1,1,0.4609375,0.3858267716535433,0.3700787401574803,0.3700787401574803,1.131756878143344,0.952755905511811
55,0,casia:418,1,1,0.296875,0.25196850393700787,0.8267716535433071,0.8267716535433071,1.0964030541755034,0.9448818897637795
56,0,casia:321,1,1,0.2734375,0.2677165354330709,0.7007874015748031,0.7007874015748031,0.7782186384649381,0.8740157480314961
57,0,casia:054,0,0,1.0,1.0,0.5511811023622047,0.5511811023622047,0.08510365435747903,0.6220472440944882
58,0,casia:258,1,1,0.796875,0.6456692913385826,0.7637795275590551,0.7637795275590551,1.0610492302076628,0.937007874015748
59,0,casia:482,1,1,0.5078125,0.5196850393700787,0.5275590551181102,0.5275590551181102,0.7782186384649381,0.8740157480314961
60,0,casia:148,0,0,1.0,0.08661417322834646,1.0,0.6377952755905512,-2.2474131474243975,0.047244094488188976
61,0,casia:245,0,0,1.0,1.0,0.5669291338582677,0.5669291338582677,0.7561016384317176,0.7874015748031497
62,0,casia:290,1,1,0.0078125,0.15748031496062992,0.2047244094488189,0.2047244094488189,-1.9793796310266287,0.25984251968503935
63,0,casia:414,1,1,0.453125,0.2992125984251969,0.8267716535433071,0.8267716535433071,-2.1561487508658317,0.2204724409448819
64,0,casia:309,1,1,0.0859375,0.25196850393700787,0.14960629921259844,0.14960629921259844,-1.5197799194447008,0.36220472440944884
65,0,casia:038,0,0,1.0,1.0,1.0,0.8346456692913385,-0.6178466146726755,0.44881889763779526
66,0,casia:119,0,0,1.0,1.0,0.2677165354330709,0.2677165354330709,-0.13856234033393383,0.5669291338582677
67,0,casia:256,1,1,0.09375,0.28346456692913385,0.8346456692913385,0.8346456692913385,-0.03491931279539578,0.6929133858267716
68,0,casia:221,0,1,0.5,0.25984251968503935,0.07086614173228346,0.07086614173228346,-0.21168843263459897,0.6535433070866141
69,0,casia:058,0,0,1.0,1.0,0.905511811023622,0.905511811023622,0.7241493534758011,0.7795275590551181
70,0,casia:168,0,0,1.0,1.0,0.8346456692913385,0.8346456692913385,-0.042705485466185654,0.5905511811023622
71,0,casia:334,1,1,0.125,0.25196850393700787,0.5118110236220472,0.8031496062992126,-0.10562696073107684,0.6771653543307087
72,0,casia:005,0,0,1.0,1.0,1.0,0.8267716535433071,0.8200062083435498,0.8031496062992126
73,0,casia:271,1,1,0.1171875,0.25196850393700787,0.6377952755905512,0.6377952755905512,0.24791127894732903,0.7559055118110236
74,0,casia:234,0,0,0.9921875,1.0,0.5039370078740157,0.5039370078740157,-1.5125105934383265,0.2283464566929134
75,0,casia:463,1,1,0.6328125,0.25196850393700787,0.6771653543307087,0.8661417322834646,0.07114215910812584,0.7165354330708661
76,0,casia:051,0,0,1.0,1.0,0.84251968503937,0.84251968503937,0.5643879286962208,0.7401574803149606
77,0,casia:246,0,0,1.0,1.0,0.5275590551181102,0.5275590551181102,0.34072193400480794,0.6850393700787402
78,0,casia:144,0,0,1.0,1.0,0.6535433070866141,0.6535433070866141,0.372674218960724,0.6929133858267716
79,0,casia:279,1,1,0.1875,0.29133858267716534,0.30708661417322836,0.30708661417322836,0.4600342227543727,0.8031496062992126
80,0,casia:242,0,0,1.0,0.952755905511811,0.5275590551181102,0.5275590551181102,0.4685310738284722,0.7165354330708661
81,0,casia:081,0,0,1.0,1.0,0.984251968503937,0.984251968503937,-0.13856234033393383,0.5669291338582677
82,0,casia:254,1,1,0.0703125,0.25984251968503935,0.49606299212598426,0.49606299212598426,-0.989472559927092,0.48031496062992124
83,0,casia:324,1,0,1.0,1.0,0.6456692913385826,0.6456692913385826,-1.6403197332619912,0.1968503937007874
84,0,casia:449,1,1,0.15625,0.2755905511811024,0.5354330708661418,0.8976377952755905,0.8842801103684597,0.8976377952755905
85,0,casia:467,1,1,0.7265625,0.3543307086614173,0.7559055118110236,0.7559055118110236,-1.4844260954768602,0.3700787401574803
86,0,casia:484,1,1,0.0078125,0.15748031496062992,0.16535433070866143,0.16535433070866143,0.8489262864006192,0.889763779527559
87,0,casia:241,0,0,1.0,1.0,0.14173228346456693,0.14173228346456693,0.8519584932994658,0.8110236220472441
88,0,casia:160,0,0,1.0,1.0,0.5354330708661418,0.4409448818897638,0.372674218960724,0.6929133858267716
89,0,casia:100,0,0,1.0,1.0,1.0,0.6692913385826772,0.8519584932994658,0.8110236220472441
90,0,casia:498,1,1,0.484375,0.2992125984251969,0.4566929133858268,0.8661417322834646,0.7782186384649381,0.8740157480314961
91,0,casia:002,0,1,0.0703125,0.25196850393700787,0.2440944881889764,0.2440944881889764,0.38932657481869165,0.7874015748031497
92,0,casia:066,0,0,1.0,1.0,0.937007874015748,0.937007874015748,1.1395290579027106,0.8818897637795275
93,0,casia:391,1,1,0.15625,0.2677165354330709,0.6929133858267716,0.6929133858267716,0.9549877583041413,0.9133858267716536
94,0,casia:202,0,0,1.0,1.0,0.23622047244094488,0.23622047244094488,-1.6403197332619912,0.1968503937007874
95,0,casia:059,0,0,1.0,1.0,0.7559055118110236,0.7559055118110236,1.2034336278145428,0.8976377952755905
96,0,casia:325,1,1,0.3359375,0.25196850393700787,0.8188976377952756,0.8188976377952756,0.00043451117244476187,0.7007874015748031
97,0,casia:333,1,1,0.359375,0.3779527559055118,0.36220472440944884,0.8503937007874016,0.00043451117244476187,0.7007874015748031
98,0,casia:034,0,0,1.0,1.0,0.5984251968503937,0.6850393700787402,-0.39418061998126275,0.5039370078740157
99,0,casia:442,1,1,0.59375,0.25984251968503935,0.8661417322834646,0.8661417322834646,0.9549877583041413,0.9133858267716536
100,0,casia:139,0,0,1.0,1.0,0.5511811023622047,0.5511811023622047,0.8839107782553818,0.8188976377952756
101,0,casia:014,0,0,1.0,1.0,0.5748031496062992,0.5748031496062992,-0.49003747484901117,0.48031496062992124
102,0,casia:022,0,0,1.0,1.0,0.3779527559055118,0.3779527559055118,0.8839107782553818,0.8188976377952756
103,0,casia:178,0,0,1.0,1.0,0.7401574803149606,0.7401574803149606,0.7561016384317176,0.7874015748031497
104,0,casia:445,1,1,0.6875,0.3858267716535433,0.7952755905511811,0.7952755905511811,1.0610492302076628,0.937007874015748
105,0,casia:072,0,0,1.0,1.0,0.7165354330708661,0.7165354330708661,-2.0237471527329847,0.10236220472440945
106,0,casia:264,1,1,0.203125,0.25984251968503935,0.5511811023622047,0.5511811023622047,-0.1409807846989174,0.6692913385826772
107,0,casia:047,0,0,1.0,1.0,0.1889763779527559,0.1889763779527559,-1.352749168658746,0.2677165354330709
108,0,casia:105,0,0,1.0,0.6456692913385826,0.07086614173228346,0.07086614173228346,-2.2154608624684813,0.05511811023622047
109,0,casia:375,1,1,0.453125,0.2677165354330709,0.9133858267716536,0.9133858267716536,1.0256954062398222,0.9291338582677166
110,0,casia:065,0,0,1.0,1.0,1.0,0.8031496062992126,0.8519584932994658,0.8110236220472441
111,0,casia:228,0,0,1.0,1.0,1.0,0.8188976377952756,0.9478153481672139,0.8346456692913385
112,0,casia:453,1,1,0.546875,0.5511811023622047,0.4645669291338583,0.4645669291338583,0.6368033425935754,0.84251968503937
113,0,casia:158,0,0,1.0,1.0,0.7322834645669292,0.7322834645669292,1.1714813428586268,0.889763779527559
114,0,casia:066,0,0,1.0,1.0,0.9212598425196851,0.9212598425196851,0.9478153481672139,0.8346456692913385
115,0,casia:448,1,1,0.0390625,0.2677165354330709,0.44881889763779526,0.1889763779527559,0.707510990529257,0.8582677165354331
116,0,casia:127,0,0,1.0,1.0,0.13385826771653545,0.13385826771653545,0.97976763312313,0.84251968503937
117,0,casia:383,1,1,0.2890625,0.29133858267716534,0.41732283464566927,0.7086614173228346,0.8489262864006192,0.889763779527559
118,0,casia:304,1,1,0.0703125,0.25196850393700787,0.7952755905511811,0.31496062992125984,0.07114215910812584,0.7165354330708661
119,0,casia:312,1,1,0.203125,0.29133858267716534,0.6771653543307087,0.6771653543307087,-0.07027313676323631,0.6850393700787402
120,0,casia:320,1,1,0.0078125,0.25984251968503935,0.6456692913385826,0.15748031496062992,-0.9541187359592512,0.4881889763779528
121,0,casia:353,1,1,0.234375,0.25984251968503935,0.7874015748031497,0.8976377952755905,0.5307418706900539,0.8188976377952756
122,0,casia:358,1,1,0.0234375,0.25196850393700787,0.7637795275590551,0.28346456692913385,-0.4591652004094827,0.5984251968503937
123,0,casia:170,0,0,1.0,1.0,0.5669291338582677,0.5669291338582677,0.9478153481672139,0.8346456692913385
124,0,casia:191,0,0,1.0,1.0,0.9448818897637795,0.9448818897637795,-0.010753200510269146,0.5984251968503937
125,0,casia:426,1,1,0.2421875,0.25196850393700787,0.41732283464566927,0.3779527559055118,0.3186189268830101,0.7716535433070866
126,0,casia:095,0,0,1.0,1.0,0.6062992125984252,0.5984251968503937,0.8839107782553818,0.8188976377952756
127,0,casia:326,1,1,0.0234375,0.25196850393700787,0.25196850393700787,0.6692913385826772,-0.1409807846989174,0.6692913385826772
128,0,casia:119,0,0,1.0,1.0,0.6062992125984252,0.6062992125984252,-1.4805583084824105,0.23622047244094488
129,0,casia:070,0,0,1.0,1.0,0.2755905511811024,0.2755905511811024,-1.3847014536146622,0.25984251968503935
130,0,casia:122,0,0,0.8359375,0.5196850393700787,0.2047244094488189,0.2047244094488189,-1.288844598746914,0.28346456692913385
131,0,casia:352,1,1,0.1953125,0.3937007874015748,0.7637795275590551,0.7637795275590551,0.28326510291516954,0.7637795275590551
132,0,casia:280,1,1,0.3046875,0.28346456692913385,0.6771653543307087,0.2283464566929134,-0.17633460866675793,0.6614173228346457
133,0,casia:409,1,1,0.46875,0.25196850393700787,0.4330708661417323,0.4330708661417323,0.8842801103684597,0.8976377952755905
134,0,casia:466,1,1,0.1484375,0.2755905511811024,0.33070866141732286,0.33070866141732286,-0.1409807846989174,0.6692913385826772
135,0,casia:095,0,0,1.0,1.0,0.6929133858267716,0.6929133858267716,0.372674218960724,0.6929133858267716
136,0,casia:291,1,1,0.2265625,0.3937007874015748,0.47244094488188976,0.47244094488188976,-0.6712881442165265,0.5511811023622047
137,0,casia:466,1,1,0.1875,0.25984251968503935,0.3937007874015748,0.3937007874015748,-1.166241679766295,0.4409448818897638
138,0,casia:181,0,0,0.984375,1.0,0.10236220472440945,0.10236220472440945,-1.863985727953404,0.14173228346456693
139,0,casia:435,1,1,0.3828125,0.29133858267716534,0.31496062992125984,0.31496062992125984,-0.8127034400878891,0.5196850393700787
140,0,casia:251,1,1,0.6328125,0.33858267716535434,0.6771653543307087,0.9606299212598425,1.0256954062398222,0.9291338582677166
141,0,casia:364,1,1,0.2734375,0.36220472440944884,0.7401574803149606,0.7401574803149606,0.6368033425935754,0.84251968503937
142,0,casia:039,0,0,1.0,1.0,0.7007874015748031,0.7007874015748031,0.692197068519885,0.7716535433070866
143,0,casia:140,0,0,1.0,1.0,0.7952755905511811,0.7952755905511811,0.372674218960724,0.6929133858267716
144,0,casia:474,1,1,0.6328125,0.5196850393700787,0.8661417322834646,0.8661417322834646,1.0610492302076628,0.937007874015748
145,0,casia:320,1,0,1.0,0.015748031496062992,0.007874015748031496,0.007874015748031496,-2.407174572203978,0.007874015748031496
146,0,casia:128,0,0,1.0,1.0,0.41732283464566927,0.41732283464566927,-1.3847014536146622,0.25984251968503935
147,0,casia:057,0,0,1.0,1.0,0.2755905511811024,0.2755905511811024,-1.2249400288350816,0.2992125984251969
148,0,casia:155,0,0,1.0,1.0,0.5826771653543307,0.5826771653543307,0.660244783563969,0.7637795275590551
149,0,casia:201,0,0,1.0,1.0,0.7165354330708661,0.7165354330708661,0.6282924986080529,0.7559055118110236
150,0,casia:253,1,1,0.140625,0.25196850393700787,0.1889763779527559,0.1889763779527559,-1.272303151669817,0.41732283464566927
151,0,casia:397,1,1,0.234375,0.28346456692913385,0.84251968503937,0.84251968503937,-0.5652266723130048,0.5748031496062992
152,0,casia:206,0,0,0.84375,0.4881889763779528,0.2283464566929134,0.2283464566929134,-1.8000811580415719,0.15748031496062992
153,0,casia:126,0,0,1.0,1.0,0.5984251968503937,0.5984251968503937,1.1395290579027106,0.8818897637795275
154,0,casia:467,1,1,0.109375,0.25196850393700787,0.2204724409448819,0.2204724409448819,-1.3430107996054979,0.4015748031496063
155,0,casia:252,1,1,0.0546875,0.25196850393700787,0.7244094488188977,0.7244094488188977,0.5660956946578943,0.8267716535433071
156,0,casia:062,0,0,1.0,1.0,0.905511811023622,0.905511811023622,1.0117199180790466,0.8503937007874016
157,0,casia:094,0,0,0.96875,0.3700787401574803,0.7244094488188977,0.7244094488188977,0.8200062083435498,0.8031496062992126
158,0,casia:333,1,1,0.390625,0.25196850393700787,0.8503937007874016,0.8503937007874016,0.2125574549794885,0.7480314960629921
159,0,casia:298,1,0,1.0,1.0,0.4409448818897638,0.4409448818897638,0.6282924986080529,0.7559055118110236
160,0,casia:058,0,1,0.0078125,0.10236220472440945,0.015748031496062992,0.015748031496062992,-1.272303151669817,0.41732283464566927
161,0,casia:065,0,0,1.0,1.0,0.7952755905511811,0.7952755905511811,0.8519584932994658,0.8110236220472441
162,0,casia:293,1,1,0.015625,0.16535433070866143,0.07086614173228346,0.10236220472440945,-2.580394638479919,0.12598425196850394
163,0,casia:437,1,1,0.59375,0.33070866141732286,0.4409448818897638,0.3779527559055118,0.10649598307596687,0.7244094488188977
164,0,casia:383,1,1,0.140625,0.25196850393700787,0.5905511811023622,0.7007874015748031,0.5307418706900539,0.8188976377952756
165,0,casia:396,1,1,0.5546875,0.25196850393700787,0.3543307086614173,0.3543307086614173,0.6368033425935754,0.84251968503937
166,0,casia:334,1,1,0.265625,0.25196850393700787,0.5118110236220472,0.5433070866141733,-0.38845755247380165,0.6141732283464567
167,0,casia:230,0,0,1.0,1.0,0.6299212598425197,0.6299212598425197,0.8839107782553818,0.8188976377952756
168,0,casia:014,0,0,1.0,1.0,0.4881889763779528,0.4881889763779528,0.7241493534758011,0.7795275590551181
169,0,casia:376,1,1,0.078125,0.25196850393700787,0.8818897637795275,0.25984251968503935,0.24791127894732903,0.7559055118110236
170,0,casia:257,1,1,0.1328125,0.25196850393700787,0.13385826771653545,0.4094488188976378,-2.120794926897991,0.2283464566929134
171,0,casia:006,0,0,1.0,0.30708661417322836,0.11023622047244094,0.11023622047244094,-1.9598425828211523,0.11811023622047244
172,0,casia:351,1,1,0.28125,0.28346456692913385,0.6456692913385826,0.7480314960629921,0.2125574549794885,0.7480314960629921
173,0,casia:363,1,1,0.4921875,0.2755905511811024,0.7165354330708661,0.7165354330708661,0.9903415822719818,0.9212598425196851
174,0,casia:376,1,1,0.03125,0.25984251968503935,0.44881889763779526,0.14960629921259844,-0.38845755247380165,0.6141732283464567
175,0,casia:069,0,0,0.9921875,1.0,0.7952755905511811,0.7952755905511811,-0.10661005537801777,0.5748031496062992
176,0,casia:049,0,0,1.0,1.0,0.5354330708661418,0.5354330708661418,0.5643879286962208,0.7401574803149606
177,0,casia:063,0,0,1.0,1.0,0.8661417322834646,0.8661417322834646,0.5324356437403047,0.7322834645669292
178,0,casia:385,1,1,0.0703125,0.25196850393700787,0.3700787401574803,0.5669291338582677,0.49538804672221326,0.8110236220472441
179,0,casia:496,1,1,0.0390625,0.25196850393700787,0.1889763779527559,0.13385826771653545,-1.3783646235733384,0.3937007874015748
180,0,casia:330,1,1,0.046875,0.25196850393700787,0.4094488188976378,0.6614173228346457,-0.4238113764416422,0.6062992125984252
181,0,casia:179,0,0,1.0,1.0,0.7637795275590551,0.7637795275590551,-0.234419195201682,0.5433070866141733
182,0,casia:444,1,1,0.265625,0.2677165354330709,0.8110236220472441,0.8110236220472441,0.8489262864006192,0.889763779527559
183,0,casia:029,0,0,1.0,1.0,0.7795275590551181,0.7795275590551181,0.8200062083435498,0.8031496062992126
184,0,casia:354,1,1,0.078125,0.25984251968503935,0.8346456692913385,0.9212598425196851,0.9903415822719818,0.9212598425196851
185,0,casia:131,0,0,1.0,1.0,0.7952755905511811,0.7952755905511811,-0.8415126093640882,0.3937007874015748
186,0,casia:498,1,1,0.5625,0.4251968503937008,0.6456692913385826,0.6456692913385826,0.4600342227543727,0.8031496062992126
187,0,casia:119,0,0,1.0,1.0,0.4645669291338583,0.4645669291338583,-1.288844598746914,0.28346456692913385
188,0,casia:005,0,0,1.0,1.0,1.0,0.6299212598425197,-0.6178466146726755,0.44881889763779526
189,0,casia:080,0,0,1.0,1.0,0.7874015748031497,0.7874015748031497,-0.26637148015759804,0.5354330708661418
190,0,casia:479,1,1,0.0078125,0.28346456692913385,0.5039370078740157,0.5039370078740157,-0.10562696073107684,0.6771653543307087
191,0,casia:391,1,1,0.1328125,0.28346456692913385,0.7952755905511811,0.7952755905511811,0.9196339343363003,0.905511811023622
192,0,casia:366,1,1,0.3203125,0.25196850393700787,0.7795275590551181,0.7795275590551181,0.4246803987865322,0.7952755905511811
193,0,casia:090,0,0,1.0,0.1889763779527559,0.6456692913385826,0.6456692913385826,-2.183508577512565,0.06299212598425197
194,0,casia:483,1,1,0.1484375,0.2677165354330709,0.3700787401574803,0.3700787401574803,0.7428648144970975,0.8661417322834646
195,0,casia:414,1,1,0.578125,0.25196850393700787,0.7874015748031497,0.7874015748031497,-1.0601802078627731,0.4645669291338583
196,0,casia:035,0,0,1.0,1.0,0.889763779527559,0.889763779527559,0.5324356437403047,0.7322834645669292
197,0,casia:413,1,1,0.0234375,0.25196850393700787,0.5118110236220472,0.5118110236220472,-0.10562696073107684,0.6771653543307087
198,0,casia:429,1,1,0.265625,0.25196850393700787,0.3228346456692913,0.3228346456692913,0.3539727508508506,0.7795275590551181
199,0,casia:198,0,1,0.4375,0.25196850393700787,0.6771653543307087,0.6771653543307087,0.17720363101164796,0.7401574803149606
200,0,casia:450,1,1,0.25,0.25196850393700787,0.5275590551181102,0.5275590551181102,-0.8127034400878891,0.5196850393700787
201,0,casia:289,1,1,0.09375,0.2677165354330709,0.31496062992125984,0.31496062992125984,0.00043451117244476187,0.7007874015748031
202,0,casia:080,0,0,1.0,1.0,0.5118110236220472,0.5118110236220472,-0.3302760500694306,0.5196850393700787
203,0,casia:434,1,1,0.234375,0.4251968503937008,0.30708661417322836,0.4251968503937008,-0.7419957921522076,0.5354330708661418
204,0,casia:318,1,1,0.015625,0.2283464566929134,0.5669291338582677,0.5669291338582677,0.38932657481869165,0.7874015748031497
205,0,casia:202,0,1,0.0078125,0.25196850393700787,0.08661417322834646,0.11023622047244094,-0.03491931279539578,0.6929133858267716
206,0,casia:003,0,0,1.0,1.0,0.8582677165354331,0.16535433070866143,-0.6817511845845077,0.4330708661417323
207,0,casia:483,1,1,0.0234375,0.25196850393700787,0.23622047244094488,0.1732283464566929,-0.28239608057028004,0.6377952755905512
208,0,casia:159,0,0,1.0,1.0,0.905511811023622,0.905511811023622,0.7241493534758011,0.7795275590551181
209,0,casia:297,1,1,0.1328125,0.2677165354330709,0.5433070866141733,0.9448818897637795,0.07114215910812584,0.7165354330708661
210,0,casia:051,0,0,1.0,1.0,0.7086614173228346,0.7086614173228346,0.692197068519885,0.7716535433070866
211,0,casia:169,0,0,1.0,1.0,0.36220472440944884,0.36220472440944884,0.43657878887255613,0.7086614173228346
212,0,casia:408,1,1,0.15625,0.2677165354330709,0.8346456692913385,0.8346456692913385,0.4600342227543727,0.8031496062992126
213,0,casia:296,1,1,0.3046875,0.2755905511811024,0.7007874015748031,0.25984251968503935,-0.4238113764416422,0.6062992125984252
214,0,casia:482,1,1,0.484375,0.25984251968503935,0.25196850393700787,0.25196850393700787,-3.0046405260940063,0.031496062992125984
215,0,casia:121,0,0,1.0,1.0,1.0,0.4566929133858268,0.30876964904889187,0.6771653543307087
216,0,casia:026,0,0,1.0,1.0,0.8976377952755905,0.8976377952755905,1.1395290579027106,0.8818897637795275
217,0,casia:008,0,0,1.0,1.0,0.29133858267716534,0.29133858267716534,-0.7776080394522561,0.4094488188976378
218,0,casia:468,1,1,0.7109375,0.3464566929133858,0.2440944881889764,0.2440944881889764,-0.5298728483451643,0.5826771653543307
219,0,casia:498,1,1,0.4296875,0.25984251968503935,0.33070866141732286,0.8503937007874016,0.7782186384649381,0.8740157480314961
220,0,casia:342,1,1,0.1328125,0.25984251968503935,0.3700787401574803,0.3700787401574803,0.49538804672221326,0.8110236220472441
221,0,casia:294,1,1,0.0078125,0.25196850393700787,0.4566929133858268,0.4566929133858268,0.4600342227543727,0.8031496062992126
222,0,casia:399,1,1,0.4296875,0.33858267716535434,0.7559055118110236,0.8346456692913385,0.8489262864006192,0.889763779527559
223,0,casia:048,0,0,1.0,1.0,0.905511811023622,0.984251968503937,-0.1705146252898499,0.5590551181102362
224,0,casia:194,0,0,1.0,1.0,0.6692913385826772,0.6692913385826772,0.372674218960724,0.6929133858267716
225,0,casia:419,1,1,0.546875,0.25196850393700787,0.3543307086614173,0.3543307086614173,-0.2470422566024395,0.6456692913385826
226,0,casia:384,1,1,0.296875,0.3228346456692913,0.3700787401574803,0.7637795275590551,0.9196339343363003,0.905511811023622
227,0,casia:197,0,0,1.0,1.0,0.31496062992125984,0.28346456692913385,0.14900822426931115,0.6377952755905512
228,0,casia:140,0,0,1.0,0.6692913385826772,0.6456692913385826,0.3543307086614173,0.34072193400480794,0.6850393700787402
229,0,casia:473,1,1,0.71875,0.7952755905511811,0.6220472440944882,0.6220472440944882,0.1418498070438074,0.7322834645669292
230,0,casia:403,1,1,0.015625,0.25196850393700787,0.10236220472440945,0.10236220472440945,-1.166241679766295,0.4409448818897638
231,0,casia:298,1,1,0.0078125,0.16535433070866143,0.3543307086614173,0.3543307086614173,-0.10562696073107684,0.6771653543307087
232,0,casia:381,1,1,0.453125,0.2677165354330709,0.3543307086614173,0.3543307086614173,-0.8127034400878891,0.5196850393700787
233,0,casia:068,0,0,0.6015625,0.25196850393700787,0.6929133858267716,0.6929133858267716,-1.288844598746914,0.28346456692913385
234,0,casia:365,1,1,0.0078125,0.12598425196850394,0.5669291338582677,0.5669291338582677,0.9549877583041413,0.9133858267716536
235,0,casia:355,1,1,0.1328125,0.4409448818897638,0.3858267716535433,0.3858267716535433,-1.0955340318306137,0.4566929133858268
236,0,casia:030,0,0,1.0,1.0,0.7559055118110236,0.7559055118110236,0.14900822426931115,0.6377952755905512
237,0,casia:025,0,0,1.0,1.0,0.6850393700787402,0.6850393700787402,-1.2249400288350816,0.2992125984251969
238,0,casia:333,1,1,0.3828125,0.4881889763779528,0.4566929133858268,0.5590551181102362,0.5307418706900539,0.8188976377952756
239,0,casia:056,0,0,1.0,1.0,1.0,0.7795275590551181,0.660244783563969,0.7637795275590551
240,0,casia:226,0,0,1.0,1.0,0.2125984251968504,0.2125984251968504,0.7880539233876337,0.7952755905511811
241,0,casia:190,0,0,1.0,1.0,1.0,0.49606299212598426,0.40462650391664007,0.7007874015748031
242,0,casia:347,1,1,0.6328125,0.3464566929133858,0.30708661417322836,0.30708661417322836,0.8489262864006192,0.889763779527559
243,0,casia:243,0,1,0.015625,0.25196850393700787,0.15748031496062992,0.15748031496062992,-0.7419957921522076,0.5354330708661418
244,0,casia:400,1,1,0.359375,0.2677165354330709,0.7401574803149606,0.7401574803149606,0.3186189268830101,0.7716535433070866
245,0,casia:173,0,0,1.0,0.13385826771653545,0.015748031496062992,0.015748031496062992,-2.183508577512565,0.06299212598425197
246,0,casia:369,1,1,0.390625,0.25984251968503935,0.8188976377952756,0.6850393700787402,0.38932657481869165,0.7874015748031497
247,0,casia:297,1,1,0.046875,0.25196850393700787,0.14960629921259844,0.14960629921259844,0.4246803987865322,0.7952755905511811
248,0,casia:064,0,0,0.9609375,0.5669291338582677,0.2440944881889764,0.2440944881889764,-0.010753200510269146,0.5984251968503937
249,0,casia:009,0,0,1.0,1.0,0.7874015748031497,0.7874015748031497,0.97976763312313,0.84251968503937
250,0,casia:109,0,0,0.9921875,1.0,0.11023622047244094,0.11023622047244094,-1.544462878394243,0.2204724409448819
251,0,casia:013,0,0,1.0,1.0,0.7559055118110236,0.7559055118110236,0.97976763312313,0.84251968503937
252,0,casia:441,1,1,0.5859375,0.3464566929133858,0.9133858267716536,0.9133858267716536,0.707510990529257,0.8582677165354331
253,0,casia:265,1,1,0.015625,0.25196850393700787,0.5039370078740157,0.5039370078740157,0.8489262864006192,0.889763779527559
254,0,casia:004,0,0,1.0,1.0,0.6377952755905512,0.6377952755905512,0.8519584932994658,0.8110236220472441
255,0,casia:138,0,0,0.5546875,0.36220472440944884,1.0,0.3700787401574803,-0.20246691024576594,0.5511811023622047
256,0,casia:275,1,1,0.078125,0.25196850393700787,0.7716535433070866,0.7716535433070866,0.00043451117244476187,0.7007874015748031
257,0,casia:128,0,1,0.015625,0.25984251968503935,0.48031496062992124,0.48031496062992124,-0.49451902437732376,0.5905511811023622
258,0,casia:434,1,1,0.0234375,0.25196850393700787,0.25196850393700787,0.25196850393700787,0.7428648144970975,0.8661417322834646
259,0,casia:028,0,0,1.0,1.0,0.952755905511811,0.952755905511811,-0.1705146252898499,0.5590551181102362
260,0,casia:011,0,0,1.0,1.0,1.0,0.4409448818897638,0.9478153481672139,0.8346456692913385
261,0,casia:358,1,1,0.0546875,0.25196850393700787,0.3937007874015748,0.5118110236220472,0.1418498070438074,0.7322834645669292
262,0,casia:246,0,0,1.0,1.0,0.3700787401574803,0.4566929133858268,-1.5125105934383265,0.2283464566929134
263,0,casia:034,0,0,1.0,1.0,0.6220472440944882,0.5511811023622047,0.02119908444564691,0.6062992125984252
264,0,casia:277,1,0,1.0,0.2755905511811024,0.1968503937007874,0.1968503937007874,-0.7776080394522561,0.4094488188976378
265,0,casia:090,0,0,1.0,1.0,0.3779527559055118,0.3779527559055118,-0.9054171792759206,0.3779527559055118
266,0,casia:339,1,1,0.3984375,0.25196850393700787,0.4330708661417323,0.4330708661417323,0.3539727508508506,0.7795275590551181
267,0,casia:268,1,1,0.0234375,0.25196850393700787,0.7401574803149606,0.2204724409448819,0.0357883351402853,0.7086614173228346
268,0,casia:346,1,1,0.5390625,0.25984251968503935,0.5984251968503937,0.7480314960629921,0.4246803987865322,0.7952755905511811
269,0,casia:299,1,1,0.0390625,0.25196850393700787,0.1968503937007874,0.8346456692913385,0.6368033425935754,0.84251968503937
270,0,casia:389,1,1,0.1953125,0.2677165354330709,0.6062992125984252,0.4566929133858268,-1.7319028632517446,0.31496062992125984
271,0,casia:336,1,1,0.0546875,0.25196850393700787,0.5669291338582677,0.5669291338582677,0.8842801103684597,0.8976377952755905
272,0,casia:447,1,1,0.6875,0.7795275590551181,0.5039370078740157,0.5039370078740157,0.707510990529257,0.8582677165354331
273,0,casia:470,1,1,0.1796875,0.25984251968503935,0.6535433070866141,0.33858267716535434,0.7782186384649381,0.8740157480314961
274,0,casia:379,1,1,0.6796875,0.7007874015748031,0.33858267716535434,0.2440944881889764,0.5307418706900539,0.8188976377952756
275,0,casia:357,1,1,0.7109375,0.3543307086614173,0.6377952755905512,0.6377952755905512,0.707510990529257,0.8582677165354331
276,0,casia:067,0,0,0.6640625,0.25196850393700787,0.4251968503937008,0.3700787401574803,-1.9917948677770683,0.11023622047244094
277,0,casia:290,1,1,0.0078125,0.25196850393700787,0.2125984251968504,0.2125984251968504,0.5307418706900539,0.8188976377952756
278,0,casia:357,1,1,0.1171875,0.29133858267716534,0.29133858267716534,0.29133858267716534,0.5660956946578943,0.8267716535433071
279,0,casia:466,1,1,0.171875,0.2677165354330709,0.3937007874015748,0.3937007874015748,0.2125574549794885,0.7480314960629921
280,0,casia:439,1,1,0.078125,0.25196850393700787,0.2755905511811024,0.2755905511811024,-0.7773496161200486,0.5275590551181102
281,0,casia:318,1,1,0.0234375,0.25196850393700787,0.2283464566929134,0.25984251968503935,-1.9086719830909475,0.2755905511811024
282,0,casia:295,1,1,0.09375,0.25196850393700787,0.25984251968503935,0.2440944881889764,-0.3531037285059611,0.6220472440944882
283,0,casia:042,0,0,1.0,1.0,0.9448818897637795,0.9448818897637795,0.9158630632112978,0.8267716535433071
284,0,casia:056,0,0,0.984375,1.0,0.1732283464566929,0.1732283464566929,-0.6817511845845077,0.4330708661417323
285,0,casia:311,1,1,0.2265625,0.25984251968503935,0.6456692913385826,0.5590551181102362,0.38932657481869165,0.7874015748031497
286,0,casia:323,1,1,0.0078125,0.2677165354330709,0.3779527559055118,0.7244094488188977,-0.7419957921522076,0.5354330708661418
287,0,casia:258,1,1,0.5703125,0.25196850393700787,0.7795275590551181,0.7795275590551181,-1.4844260954768602,0.3700787401574803
288,0,casia:040,0,0,0.9765625,0.8661417322834646,1.0,0.7401574803149606,0.1809605092252272,0.6456692913385826
289,0,casia:232,0,1,0.0234375,0.25196850393700787,0.2440944881889764,0.2440944881889764,-0.5298728483451643,0.5826771653543307
290,0,casia:102,0,0,1.0,1.0,0.4566929133858268,0.4566929133858268,-1.097130889011417,0.33070866141732286
291,0,casia:352,1,1,0.4296875,0.5984251968503937,0.3779527559055118,0.8031496062992126,0.9549877583041413,0.9133858267716536
292,0,casia:354,1,1,0.1015625,0.36220472440944884,0.4566929133858268,0.4566929133858268,1.0610492302076628,0.937007874015748
293,0,casia:075,0,0,1.0,1.0,1.0,0.6850393700787402,0.692197068519885,0.7716535433070866
294,0,casia:198,0,1,0.109375,0.25196850393700787,0.8661417322834646,0.8661417322834646,-0.3177499045381206,0.6299212598425197
295,0,casia:053,0,0,1.0,1.0,0.7559055118110236,0.7559055118110236,0.9158630632112978,0.8267716535433071
296,0,casia:492,1,1,0.2734375,0.25196850393700787,0.2755905511811024,0.31496062992125984,-0.17633460866675793,0.6614173228346457
297,0,casia:270,1,1,0.0078125,0.25196850393700787,0.5826771653543307,0.5826771653543307,-0.07027313676323631,0.6850393700787402
298,0,casia:466,1,1,0.015625,0.25984251968503935,0.889763779527559,0.889763779527559,0.07114215910812584,0.7165354330708661
299,0,casia:347,1,1,0.6875,0.8188976377952756,0.3700787401574803,0.3700787401574803,0.9549877583041413,0.9133858267716536
300,0,casia:003,0,0,1.0,1.0,0.7322834645669292,0.7322834645669292,-0.8415126093640882,0.3937007874015748
301,0,casia:006,0,0,1.0,1.0,0.36220472440944884,0.36220472440944884,-0.6497988996285916,0.4409448818897638
302,0,casia:138,0,0,1.0,1.0,0.4330708661417323,0.4330708661417323,0.21291279418114326,0.6535433070866141
303,0,casia:473,1,1,0.109375,0.30708661417322836,0.8346456692913385,0.8346456692913385,-0.21168843263459897,0.6535433070866141
304,0,casia:159,0,0,1.0,1.0,0.8346456692913385,0.8346456692913385,0.7880539233876337,0.7952755905511811
305,0,casia:432,1,1,0.75,0.6456692913385826,0.4409448818897638,0.4409448818897638,0.07114215910812584,0.7165354330708661
306,0,casia:245,0,0,1.0,0.18110236220472442,0.5511811023622047,0.5511811023622047,-0.3302760500694306,0.5196850393700787
307,0,casia:445,1,1,0.7578125,0.7559055118110236,0.7086614173228346,0.8346456692913385,0.8135724624327786,0.8818897637795275
308,0,casia:280,1,1,0.015625,0.25196850393700787,0.3937007874015748,0.2125984251968504,-0.1409807846989174,0.6692913385826772
309,0,casia:154,0,0,1.0,1.0,0.6850393700787402,0.6850393700787402,0.7880539233876337,0.7952755905511811
310,0,casia:241,0,0,1.0,1.0,0.5511811023622047,0.5511811023622047,0.5963402136521369,0.7480314960629921
311,0,casia:408,1,1,0.078125,0.2677165354330709,0.15748031496062992,0.15748031496062992,0.49538804672221326,0.8110236220472441
312,0,casia:447,1,1,0.3125,0.7559055118110236,0.41732283464566927,0.2755905511811024,0.6014495186257349,0.8346456692913385
313,0,casia:349,1,1,0.21875,0.28346456692913385,0.8188976377952756,0.8818897637795275,0.5307418706900539,0.8188976377952756
314,0,casia:455,1,1,0.171875,0.25196850393700787,0.3228346456692913,0.49606299212598426,-0.9187649119914107,0.49606299212598426
315,0,casia:202,0,1,0.0078125,0.25984251968503935,0.5196850393700787,0.2125984251968504,1.131756878143344,0.952755905511811
316,0,casia:386,1,1,0.1640625,0.2677165354330709,0.7480314960629921,0.7480314960629921,1.0256954062398222,0.9291338582677166
317,0,casia:022,0,0,1.0,1.0,0.7795275590551181,0.7795275590551181,0.692197068519885,0.7716535433070866
318,0,casia:302,1,1,0.03125,0.25196850393700787,0.18110236220472442,0.18110236220472442,-1.4490722715090198,0.3779527559055118
319,0,casia:351,1,1,0.265625,0.28346456692913385,0.9133858267716536,0.9133858267716536,-1.5197799194447008,0.36220472440944884
320,0,casia:368,1,1,0.3046875,0.29133858267716534,0.5669291338582677,0.5669291338582677,1.0964030541755034,0.9448818897637795
321,0,casia:122,0,1,0.3828125,0.2755905511811024,0.2047244094488189,0.2047244094488189,-1.0955340318306137,0.4566929133858268
322,0,casia:176,0,0,1.0,1.0,0.905511811023622,0.905511811023622,-0.8734648943200045,0.3858267716535433
323,0,casia:399,1,1,0.5078125,0.5275590551181102,0.6377952755905512,0.6377952755905512,0.7782186384649381,0.8740157480314961
324,0,casia:388,1,1,0.40625,0.29133858267716534,0.8661417322834646,0.6692913385826772,0.6721571665614164,0.8503937007874016
325,0,casia:260,1,0,1.0,1.0,0.5984251968503937,0.5984251968503937,-0.6178466146726755,0.44881889763779526
326,0,casia:180,0,0,1.0,1.0,1.0,0.33070866141732286,0.4685310738284722,0.7165354330708661
327,0,casia:284,1,1,0.0078125,0.25984251968503935,0.12598425196850394,0.12598425196850394,-1.6611952153160632,0.33070866141732286
328,0,casia:390,1,1,0.015625,0.25984251968503935,0.44881889763779526,0.3228346456692913,0.2125574549794885,0.7480314960629921
329,0,casia:445,1,1,0.5546875,0.7401574803149606,0.5984251968503937,0.3464566929133858,0.7428648144970975,0.8661417322834646
330,0,casia:361,1,1,0.3359375,0.25196850393700787,0.9133858267716536,0.9133858267716536,0.8842801103684597,0.8976377952755905
331,0,casia:468,1,1,0.703125,0.25984251968503935,0.7480314960629921,0.7480314960629921,-0.9541187359592512,0.4881889763779528
332,0,casia:155,0,0,1.0,1.0,0.7165354330708661,0.7165354330708661,1.0117199180790466,0.8503937007874016
333,0,casia:328,1,1,0.140625,0.25984251968503935,0.44881889763779526,0.44881889763779526,-0.4591652004094827,0.5984251968503937
334,0,casia:356,1,1,0.484375,0.29133858267716534,0.36220472440944884,0.36220472440944884,0.49538804672221326,0.8110236220472441
335,0,casia:264,1,1,0.0234375,0.25196850393700787,0.1889763779527559,0.1889763779527559,-0.9187649119914107,0.49606299212598426
336,0,casia:393,1,1,0.015625,0.25984251968503935,0.4881889763779528,0.4881889763779528,0.9196339343363003,0.905511811023622
337,0,casia:488,1,1,0.109375,0.25196850393700787,0.31496062992125984,0.7559055118110236,-0.49451902437732376,0.5905511811023622
338,0,casia:429,1,1,0.2421875,0.25984251968503935,0.5826771653543307,0.5826771653543307,0.6014495186257349,0.8346456692913385
339,0,casia:037,0,0,1.0,1.0,0.9133858267716536,0.9133858267716536,1.2034336278145428,0.8976377952755905
340,0,casia:312,1,1,0.59375,0.7795275590551181,0.905511811023622,0.905511811023622,0.1418498070438074,0.7322834645669292
341,0,casia:439,1,1,0.15625,0.2677165354330709,0.5275590551181102,0.5275590551181102,0.2125574549794885,0.7480314960629921
342,0,casia:013,0,0,1.0,1.0,0.6377952755905512,0.7716535433070866,0.692197068519885,0.7716535433070866
343,0,casia:338,1,1,0.1953125,0.36220472440944884,0.41732283464566927,0.41732283464566927,-0.8127034400878891,0.5196850393700787
344,0,casia:442,1,1,0.6328125,0.28346456692913385,0.5196850393700787,0.5196850393700787,0.9196339343363003,0.905511811023622
345,0,casia:497,1,1,0.0078125,0.1732283464566929,0.06299212598425197,0.06299212598425197,-2.0147334549944693,0.25196850393700787
346,0,casia:023,0,0,1.0,1.0,0.14173228346456693,0.14173228346456693,1.0117199180790466,0.8503937007874016
347,0,casia:044,0,0,1.0,1.0,0.6377952755905512,0.9448818897637795,-0.234419195201682,0.5433070866141733
348,0,casia:057,0,0,1.0,1.0,0.29133858267716534,0.29133858267716534,0.7880539233876337,0.7952755905511811
349,0,casia:090,0,0,1.0,1.0,0.7007874015748031,0.7007874015748031,-1.5764151633501589,0.2125984251968504
350,0,casia:004,0,0,1.0,1.0,0.6220472440944882,0.6220472440944882,0.7880539233876337,0.7952755905511811
351,0,casia:442,1,1,0.6171875,0.2755905511811024,0.5039370078740157,0.905511811023622,0.9196339343363003,0.905511811023622
352,0,casia:384,1,1,0.171875,0.25196850393700787,0.8031496062992126,0.30708661417322836,0.9903415822719818,0.9212598425196851
353,0,casia:456,1,1,0.3515625,0.33858267716535434,0.9133858267716536,0.8976377952755905,0.17720363101164796,0.7401574803149606
354,0,casia:150,0,0,1.0,1.0,0.4566929133858268,0.4566929133858268,0.660244783563969,0.7637795275590551
355,0,casia:269,1,1,0.015625,0.25196850393700787,0.28346456692913385,0.28346456692913385,0.0357883351402853,0.7086614173228346
356,0,casia:016,0,0,1.0,1.0,0.5275590551181102,0.5275590551181102,0.30876964904889187,0.6771653543307087
357,0,casia:259,1,1,0.0703125,0.25196850393700787,0.6141732283464567,0.6141732283464567,0.00043451117244476187,0.7007874015748031
358,0,casia:134,0,0,1.0,1.0,0.3700787401574803,0.3700787401574803,0.9158630632112978,0.8267716535433071
359,0,casia:294,1,1,0.234375,0.33070866141732286,0.44881889763779526,0.44881889763779526,0.5660956946578943,0.8267716535433071
360,0,casia:451,1,1,0.75,0.6062992125984252,0.8503937007874016,0.8503937007874016,1.0610492302076628,0.937007874015748
361,0,casia:267,1,1,0.0078125,0.25196850393700787,0.2992125984251969,0.2992125984251969,-2.580394638479919,0.12598425196850394
362,0,casia:393,1,1,0.21875,0.2677165354330709,0.3779527559055118,0.3779527559055118,0.8489262864006192,0.889763779527559
363,0,casia:366,1,1,0.5234375,0.2755905511811024,0.7165354330708661,0.7165354330708661,0.8135724624327786,0.8818897637795275
364,0,casia:071,0,0,1.0,1.0,0.9448818897637795,0.9448818897637795,-0.4580851898930949,0.4881889763779528
365,0,casia:163,0,0,1.0,1.0,0.889763779527559,0.889763779527559,0.2768173640929758,0.6692913385826772
366,0,casia:239,0,1,0.0078125,0.1732283464566929,0.05511811023622047,0.05511811023622047,-1.9793796310266287,0.25984251968503935
367,0,casia:251,1,1,0.7265625,0.7795275590551181,0.5196850393700787,0.5196850393700787,0.00043451117244476187,0.7007874015748031
368,0,casia:126,0,0,1.0,0.23622047244094488,0.48031496062992124,0.48031496062992124,-2.087651722644817,0.08661417322834646
369,0,casia:114,0,0,1.0,1.0,0.8110236220472441,0.8110236220472441,0.5004833587843887,0.7244094488188977
370,0,casia:380,1,1,0.3828125,0.2755905511811024,0.3937007874015748,0.3937007874015748,0.6368033425935754,0.84251968503937
371,0,casia:027,0,0,1.0,1.0,1.0,0.7716535433070866,0.8839107782553818,0.8188976377952756
372,0,casia:430,1,1,0.15625,0.25984251968503935,0.3937007874015748,0.3937007874015748,0.9549877583041413,0.9133858267716536
373,0,casia:111,0,0,1.0,1.0,0.8031496062992126,0.8031496062992126,0.8519584932994658,0.8110236220472441
374,0,casia:048,0,0,1.0,1.0,0.7165354330708661,0.9448818897637795,0.9158630632112978,0.8267716535433071
375,0,casia:217,0,0,0.984375,0.6299212598425197,0.952755905511811,0.952755905511811,-0.26637148015759804,0.5354330708661418
376,0,casia:256,1,1,0.0703125,0.2755905511811024,0.8818897637795275,0.8818897637795275,0.28326510291516954,0.7637795275590551
377,0,casia:343,1,1,0.0546875,0.25984251968503935,0.047244094488188976,0.047244094488188976,-1.9086719830909475,0.2755905511811024
378,0,casia:409,1,1,0.5234375,0.2677165354330709,0.6299212598425197,0.6299212598425197,0.9549877583041413,0.9133858267716536
379,0,casia:234,0,0,1.0,1.0,0.5118110236220472,0.5118110236220472,-1.001274034143669,0.3543307086614173
380,0,casia:140,0,0,1.0,1.0,0.5590551181102362,0.5590551181102362,0.30876964904889187,0.6771653543307087
381,0,casia:361,1,1,0.375,0.25196850393700787,0.33070866141732286,0.33070866141732286,0.9196339343363003,0.905511811023622
382,0,casia:461,1,1,0.4609375,0.3937007874015748,0.15748031496062992,0.25984251968503935,-0.5652266723130048,0.5748031496062992
383,0,casia:049,0,0,1.0,1.0,0.7716535433070866,0.7716535433070866,0.1809605092252272,0.6456692913385826
384,0,casia:148,0,0,1.0,1.0,1.0,0.5905511811023622,0.692197068519885,0.7716535433070866
385,0,casia:300,1,1,0.4765625,0.41732283464566927,0.5196850393700787,0.937007874015748,-0.6359343202486859,0.5590551181102362
386,0,casia:216,0,0,1.0,1.0,0.5826771653543307,0.5826771653543307,-0.010753200510269146,0.5984251968503937
387,0,casia:375,1,1,0.640625,0.25196850393700787,0.6377952755905512,0.6377952755905512,1.131756878143344,0.952755905511811
388,0,casia:109,0,0,0.9453125,0.047244094488188976,0.007874015748031496,0.007874015748031496,0.02119908444564691,0.6062992125984252
389,0,casia:125,0,0,1.0,0.2677165354330709,0.2047244094488189,0.2047244094488189,-1.5764151633501589,0.2125984251968504
390,0,casia:235,0,0,1.0,1.0,0.15748031496062992,0.15748031496062992,-1.863985727953404,0.14173228346456693
391,0,casia:031,0,0,1.0,1.0,1.0,0.6535433070866141,-0.4261329049371788,0.49606299212598426
392,0,casia:388,1,1,0.28125,0.33070866141732286,0.5984251968503937,0.3779527559055118,0.8842801103684597,0.8976377952755905
393,0,casia:163,0,0,1.0,1.0,0.8267716535433071,0.8267716535433071,0.2768173640929758,0.6692913385826772
394,0,casia:347,1,1,0.8046875,0.8582677165354331,0.3543307086614173,0.31496062992125984,0.9903415822719818,0.9212598425196851
395,0,casia:315,1,1,0.0078125,0.25196850393700787,0.49606299212598426,0.49606299212598426,-0.8480572640557297,0.5118110236220472
396,0,casia:431,1,1,0.3125,0.4251968503937008,0.5354330708661418,0.5354330708661418,0.6368033425935754,0.84251968503937
397,0,casia:318,1,1,0.078125,0.2677165354330709,0.18110236220472442,0.18110236220472442,-0.5652266723130048,0.5748031496062992
398,0,casia:139,0,0,1.0,1.0,0.29133858267716534,0.5826771653543307,0.5643879286962208,0.7401574803149606
399,0,casia:175,0,0,1.0,1.0,0.952755905511811,0.952755905511811,0.7561016384317176,0.7874015748031497
400,0,casia:287,1,1,0.0546875,0.25196850393700787,0.49606299212598426,0.49606299212598426,-0.4591652004094827,0.5984251968503937
401,0,casia:000,0,0,1.0,1.0,0.6456692913385826,0.25196850393700787,0.8200062083435498,0.8031496062992126
402,0,casia:373,1,1,0.46875,0.2755905511811024,0.8582677165354331,0.8582677165354331,0.8489262864006192,0.889763779527559
403,0,casia:158,0,0,1.0,1.0,0.5748031496062992,0.5748031496062992,0.97976763312313,0.84251968503937
404,0,casia:317,1,1,0.046875,0.25196850393700787,0.031496062992125984,0.031496062992125984,-2.721809934351281,0.09448818897637795
405,0,casia:413,1,1,0.0234375,0.25196850393700787,0.6377952755905512,0.6377952755905512,-0.10562696073107684,0.6771653543307087
406,0,casia:313,1,1,0.078125,0.25984251968503935,0.14173228346456693,0.14173228346456693,0.9903415822719818,0.9212598425196851
407,0,casia:194,0,0,1.0,1.0,0.47244094488188976,0.47244094488188976,0.5643879286962208,0.7401574803149606
408,0,casia:450,1,1,0.1328125,0.25196850393700787,0.4015748031496063,0.4094488188976378,-1.3076569756376573,0.4094488188976378
409,0,casia:493,1,1,0.140625,0.2992125984251969,0.5748031496062992,0.5748031496062992,0.3539727508508506,0.7795275590551181
410,0,casia:192,0,0,1.0,1.0,0.5905511811023622,0.5905511811023622,0.692197068519885,0.7716535433070866
411,0,casia:212,0,0,1.0,1.0,0.49606299212598426,0.49606299212598426,-0.20246691024576594,0.5511811023622047
412,0,casia:113,0,0,1.0,1.0,0.84251968503937,0.84251968503937,0.8839107782553818,0.8188976377952756
413,0,casia:023,0,0,1.0,1.0,1.0,0.6929133858267716,0.8519584932994658,0.8110236220472441
414,0,casia:129,0,0,1.0,1.0,0.5511811023622047,0.5511811023622047,0.40462650391664007,0.7007874015748031
415,0,casia:266,1,1,0.140625,0.4330708661417323,0.6850393700787402,0.6850393700787402,0.8489262864006192,0.889763779527559
416,0,casia:340,1,1,0.5703125,0.5354330708661418,0.7086614173228346,0.7086614173228346,0.9903415822719818,0.9212598425196851
417,0,casia:110,0,0,1.0,1.0,0.36220472440944884,0.36220472440944884,0.08510365435747903,0.6220472440944882
418,0,casia:228,0,0,1.0,1.0,0.905511811023622,0.905511811023622,1.1714813428586268,0.889763779527559
419,0,casia:104,0,0,1.0,1.0,1.0,0.5039370078740157,0.6282924986080529,0.7559055118110236
420,0,casia:360,1,1,0.9765625,0.889763779527559,0.7322834645669292,0.7322834645669292,1.202464526079025,0.968503937007874
421,0,casia:253,1,1,0.2265625,0.2677165354330709,0.6929133858267716,0.3700787401574803,0.00043451117244476187,0.7007874015748031
422,0,casia:475,1,1,0.4921875,0.2677165354330709,0.2677165354330709,0.4645669291338583,-0.989472559927092,0.48031496062992124
423,0,casia:010,0,0,1.0,1.0,0.13385826771653545,0.6299212598425197,0.9158630632112978,0.8267716535433071
424,0,casia:060,0,0,1.0,1.0,0.5826771653543307,0.5826771653543307,0.7241493534758011,0.7795275590551181
425,0,casia:172,0,1,0.0078125,0.25196850393700787,0.7559055118110236,0.2677165354330709,-1.4137184475411793,0.3858267716535433
426,0,casia:281,1,1,0.09375,0.25196850393700787,0.3700787401574803,0.3700787401574803,-0.2470422566024395,0.6456692913385826
427,0,casia:263,1,1,0.0234375,0.25984251968503935,0.5748031496062992,0.5748031496062992,-0.5652266723130048,0.5748031496062992
428,0,casia:261,1,1,0.046875,0.25196850393700787,0.33858267716535434,0.33858267716535434,-1.1308878557984545,0.44881889763779526
429,0,casia:478,1,1,0.0078125,0.29133858267716534,0.6141732283464567,0.6141732283464567,-1.2015955037341355,0.4330708661417323
430,0,casia:187,0,1,0.078125,0.2047244094488189,0.3543307086614173,0.3543307086614173,0.3539727508508506,0.7795275590551181
431,0,casia:343,1,1,0.40625,0.31496062992125984,0.5118110236220472,0.9133858267716536,-0.2470422566024395,0.6456692913385826
432,0,casia:215,0,0,1.0,1.0,0.2283464566929134,0.2283464566929134,-1.6722720182179074,0.1889763779527559
433,0,casia:369,1,1,0.1328125,0.25196850393700787,0.6850393700787402,0.8661417322834646,-0.28239608057028004,0.6377952755905512
434,0,casia:289,1,1,0.046875,0.25196850393700787,0.8031496062992126,0.4094488188976378,0.3186189268830101,0.7716535433070866
435,0,casia:153,0,1,0.140625,0.25196850393700787,0.7716535433070866,0.7716535433070866,-0.5298728483451643,0.5826771653543307
436,0,casia:089,0,0,1.0,1.0,0.3228346456692913,0.36220472440944884,-1.4166537385705784,0.25196850393700787
437,0,casia:251,1,1,0.46875,0.25196850393700787,0.6771653543307087,0.968503937007874,-0.03491931279539578,0.6929133858267716
438,0,casia:435,1,1,0.421875,0.3228346456692913,0.7007874015748031,0.1889763779527559,-1.0601802078627731,0.4645669291338583
439,0,casia:218,0,1,0.34375,0.25196850393700787,0.2755905511811024,0.4881889763779528,-1.1308878557984545,0.44881889763779526
440,0,casia:191,0,0,1.0,1.0,0.5826771653543307,0.5826771653543307,0.1809605092252272,0.6456692913385826
441,0,casia:248,0,1,0.015625,0.25196850393700787,0.6299212598425197,0.5984251968503937,-0.4591652004094827,0.5984251968503937
442,0,casia:429,1,1,0.09375,0.25984251968503935,0.11811023622047244,0.11811023622047244,0.9196339343363003,0.905511811023622
443,0,casia:269,1,1,0.015625,0.2047244094488189,0.11811023622047244,0.11811023622047244,-0.9541187359592512,0.4881889763779528
444,0,casia:488,1,1,0.0390625,0.25196850393700787,0.33070866141732286,0.6850393700787402,-0.03491931279539578,0.6929133858267716
445,0,casia:118,0,0,1.0,1.0,0.5039370078740157,0.5039370078740157,1.2034336278145428,0.8976377952755905
446,0,casia:073,0,0,1.0,1.0,0.952755905511811,0.952755905511811,0.43657878887255613,0.7086614173228346
447,0,casia:200,0,0,1.0,0.11023622047244094,0.11811023622047244,0.11811023622047244,-2.279365432380313,0.03937007874015748
448,0,casia:360,1,1,0.8046875,0.7637795275590551,0.7165354330708661,0.7165354330708661,0.7782186384649381,0.8740157480314961
449,0,casia:399,1,1,0.53125,0.3937007874015748,0.6929133858267716,0.6929133858267716,1.0964030541755034,0.9448818897637795
450,0,casia:409,1,1,0.4375,0.4645669291338583,0.7165354330708661,0.7165354330708661,1.0610492302076628,0.937007874015748
451,0,casia:362,1,1,0.65625,0.6929133858267716,0.937007874015748,0.937007874015748,0.9549877583041413,0.9133858267716536
452,0,casia:181,0,0,1.0,1.0,0.07086614173228346,0.07086614173228346,-1.6722720182179074,0.1889763779527559
453,0,casia:011,0,0,1.0,1.0,1.0,0.5275590551181102,-0.9054171792759206,0.3779527559055118
454,0,casia:377,1,1,0.6015625,0.25984251968503935,0.25196850393700787,0.25196850393700787,-0.4238113764416422,0.6062992125984252
455,0,casia:281,1,1,0.0078125,0.25196850393700787,0.5196850393700787,0.5196850393700787,-0.5652266723130048,0.5748031496062992
456,0,casia:249,0,0,1.0,1.0,0.41732283464566927,0.41732283464566927,0.1809605092252272,0.6456692913385826
457,0,casia:321,1,1,0.1484375,0.2283464566929134,0.48031496062992124,0.48031496062992124,0.8135724624327786,0.8818897637795275
458,0,casia:176,0,0,1.0,1.0,0.952755905511811,0.952755905511811,-0.8734648943200045,0.3858267716535433
459,0,casia:419,1,1,0.6796875,0.29133858267716534,0.6062992125984252,0.9606299212598425,0.9903415822719818,0.9212598425196851
460,0,casia:165,0,0,0.984375,0.08661417322834646,1.0,0.06299212598425197,1.0436722030349626,0.8582677165354331
461,0,casia:193,0,0,1.0,1.0,0.5590551181102362,0.5590551181102362,-0.5858943297167594,0.4566929133858268
462,0,casia:045,0,0,1.0,1.0,0.29133858267716534,0.29133858267716534,-0.39418061998126275,0.5039370078740157
463,0,casia:217,0,0,1.0,0.6220472440944882,0.3700787401574803,0.3700787401574803,0.02119908444564691,0.6062992125984252
464,0,casia:370,1,1,0.2890625,0.2677165354330709,0.6929133858267716,0.6929133858267716,0.9903415822719818,0.9212598425196851
465,0,casia:236,0,1,0.0078125,0.11811023622047244,0.031496062992125984,0.031496062992125984,-2.9692867021261655,0.03937007874015748
466,0,casia:106,0,0,1.0,1.0,0.8503937007874016,0.8503937007874016,0.97976763312313,0.84251968503937
467,0,casia:225,0,0,1.0,1.0,0.8031496062992126,0.8031496062992126,0.11705593931339509,0.6299212598425197
468,0,casia:454,1,1,0.1953125,0.2125984251968504,0.5275590551181102,0.5275590551181102,-1.1308878557984545,0.44881889763779526
469,0,casia:437,1,1,0.1484375,0.3543307086614173,0.2992125984251969,0.2992125984251969,1.0256954062398222,0.9291338582677166
470,0,casia:185,0,0,1.0,1.0,0.4566929133858268,0.4566929133858268,-1.0651786040555011,0.33858267716535434
471,0,casia:372,1,1,0.328125,0.2755905511811024,0.7874015748031497,0.7874015748031497,0.7428648144970975,0.8661417322834646
472,0,casia:450,1,1,0.4296875,0.25984251968503935,0.8188976377952756,0.8188976377952756,-0.989472559927092,0.48031496062992124
473,0,casia:001,0,0,1.0,1.0,0.8267716535433071,0.8267716535433071,-0.49003747484901117,0.48031496062992124
474,0,casia:353,1,1,0.03125,0.25984251968503935,0.6377952755905512,0.6377952755905512,0.9196339343363003,0.905511811023622
475,0,casia:259,1,0,1.0,1.0,0.6456692913385826,0.6456692913385826,0.5324356437403047,0.7322834645669292
476,0,casia:012,0,0,1.0,1.0,0.7795275590551181,0.7795275590551181,1.0436722030349626,0.8582677165354331
477,0,casia:010,0,0,1.0,1.0,1.0,0.5275590551181102,1.0117199180790466,0.8503937007874016
478,0,casia:455,1,1,0.25,0.3779527559055118,0.3228346456692913,0.44881889763779526,-1.1308878557984545,0.44881889763779526
479,0,casia:258,1,1,0.4765625,0.25196850393700787,0.8110236220472441,0.8110236220472441,0.9549877583041413,0.9133858267716536
480,0,casia:107,0,0,1.0,1.0,0.3228346456692913,0.3228346456692913,0.4685310738284722,0.7165354330708661
481,0,casia:454,1,1,0.1796875,0.2677165354330709,0.3543307086614173,0.3543307086614173,-0.7419957921522076,0.5354330708661418
482,0,casia:060,0,0,1.0,1.0,0.5433070866141733,0.5433070866141733,0.5324356437403047,0.7322834645669292
483,0,casia:034,0,0,1.0,0.2992125984251969,0.7086614173228346,0.7086614173228346,-0.74565575449634,0.41732283464566927
484,0,casia:231,0,0,1.0,0.2440944881889764,0.47244094488188976,0.05511811023622047,-1.1929877438791656,0.30708661417322836
485,0,casia:137,0,0,1.0,0.007874015748031496,0.007874015748031496,0.007874015748031496,-2.407174572203978,0.007874015748031496
486,0,casia:068,0,0,0.34375,0.31496062992125984,0.10236220472440945,0.10236220472440945,-1.8320334429974878,0.14960629921259844
487,0,casia:448,1,1,0.1015625,0.3543307086614173,0.3464566929133858,0.18110236220472442,-0.1409807846989174,0.6692913385826772
488,0,casia:317,1,1,0.0546875,0.2755905511811024,0.2677165354330709,0.6692913385826772,-0.6712881442165265,0.5511811023622047
489,0,casia:047,0,0,1.0,1.0,0.2204724409448819,0.2204724409448819,0.692197068519885,0.7716535433070866
490,0,casia:438,1,1,0.0078125,0.25984251968503935,0.3228346456692913,0.3228346456692913,-1.3783646235733384,0.3937007874015748
491,0,casia:477,1,1,0.1875,0.3858267716535433,0.3543307086614173,0.9133858267716536,0.4246803987865322,0.7952755905511811
492,0,casia:033,0,0,1.0,1.0,0.7007874015748031,0.7007874015748031,-0.6817511845845077,0.4330708661417323
493,0,casia:437,1,1,0.515625,0.2755905511811024,0.5039370078740157,0.5039370078740157,0.3186189268830101,0.7716535433070866
494,0,casia:191,0,0,1.0,1.0,0.5118110236220472,0.5118110236220472,0.2768173640929758,0.6692913385826772
495,0,casia:420,1,1,0.125,0.25984251968503935,0.4330708661417323,0.4330708661417323,0.28326510291516954,0.7637795275590551
496,0,casia:206,0,0,1.0,1.0,0.5118110236220472,0.5118110236220472,-0.3622283350253467,0.5118110236220472
497,0,casia:195,0,0,1.0,1.0,1.0,0.44881889763779526,0.5324356437403047,0.7322834645669292
498,0,casia:423,1,1,0.0390625,0.25196850393700787,0.2755905511811024,0.2755905511811024,0.4246803987865322,0.7952755905511811
499,0,casia:478,1,1,0.0078125,0.25196850393700787,0.6220472440944882,0.6220472440944882,0.9549877583041413,0.9133858267716536
500,0,casia:147,0,0,1.0,1.0,0.3464566929133858,0.3464566929133858,-0.29832376511351455,0.5275590551181102
501,0,casia:229,0,1,0.03125,0.11023622047244094,0.11023622047244094,0.11023622047244094,-2.5450408145120784,0.13385826771653545
502,0,casia:444,1,1,0.1015625,0.25196850393700787,0.47244094488188976,0.47244094488188976,0.9549877583041413,0.9133858267716536
503,0,casia:007,0,0,1.0,1.0,1.0,0.7716535433070866,0.692197068519885,0.7716535433070866
504,0,casia:069,0,0,1.0,1.0,0.8031496062992126,0.8031496062992126,0.692197068519885,0.7716535433070866
505,0,casia:483,1,1,0.0078125,0.25196850393700787,0.31496062992125984,0.31496062992125984,0.07114215910812584,0.7165354330708661
506,0,casia:264,1,1,0.0625,0.2677165354330709,0.5354330708661418,0.9606299212598425,0.7428648144970975,0.8661417322834646
507,0,casia:263,1,1,0.140625,0.25196850393700787,0.7480314960629921,0.7795275590551181,0.3539727508508506,0.7795275590551181
508,0,casia:117,0,0,1.0,1.0,0.6692913385826772,0.6692913385826772,0.2768173640929758,0.6692913385826772
509,0,casia:236,0,0,1.0,1.0,0.9606299212598425,0.9606299212598425,0.9478153481672139,0.8346456692913385
510,0,casia:164,0,0,1.0,1.0,1.0,0.49606299212598426,0.9158630632112978,0.8267716535433071
511,0,casia:367,1,1,0.1015625,0.25196850393700787,0.44881889763779526,0.44881889763779526,-0.9541187359592512,0.4881889763779528
512,0,casia:020,0,0,0.9921875,0.4881889763779528,0.31496062992125984,0.31496062992125984,-1.288844598746914,0.28346456692913385
513,0,casia:136,0,0,0.984375,0.2047244094488189,0.12598425196850394,0.12598425196850394,0.9158630632112978,0.8267716535433071
514,0,casia:229,0,0,1.0,1.0,0.8188976377952756,0.8188976377952756,0.5643879286962208,0.7401574803149606
515,0,casia:405,1,1,0.0078125,0.08661417322834646,0.13385826771653545,0.13385826771653545,0.6014495186257349,0.8346456692913385
516,0,casia:452,1,1,0.1953125,0.25984251968503935,0.5669291338582677,0.5669291338582677,0.6014495186257349,0.8346456692913385
517,0,casia:082,0,0,1.0,1.0,0.3464566929133858,0.3464566929133858,-0.9693217491877527,0.36220472440944884
518,0,casia:319,1,1,0.0859375,0.25984251968503935,0.3464566929133858,0.30708661417322836,-1.272303151669817,0.41732283464566927
519,0,casia:351,1,1,0.0234375,0.25196850393700787,0.5984251968503937,0.7716535433070866,0.3186189268830101,0.7716535433070866
520,0,casia:272,1,1,0.0546875,0.2677165354330709,0.5433070866141733,0.5590551181102362,0.07114215910812584,0.7165354330708661
521,0,casia:334,1,1,0.0625,0.2755905511811024,0.6141732283464567,0.6141732283464567,-0.3177499045381206,0.6299212598425197
522,0,casia:134,0,0,0.9921875,0.4409448818897638,0.33070866141732286,0.33070866141732286,-1.8000811580415719,0.15748031496062992
523,0,casia:156,0,0,1.0,1.0,0.5118110236220472,0.5118110236220472,0.11705593931339509,0.6299212598425197
524,0,casia:105,0,0,1.0,1.0,1.0,0.5433070866141733,-0.9373694642318366,0.3700787401574803
525,0,casia:463,1,1,0.59375,0.25984251968503935,0.47244094488188976,0.47244094488188976,-0.07027313676323631,0.6850393700787402
526,0,casia:062,0,0,1.0,1.0,0.8346456692913385,0.8346456692913385,-0.7137034695404237,0.4251968503937008
527,0,casia:313,1,1,0.078125,0.25984251968503935,0.13385826771653545,0.13385826771653545,-1.7672566872195852,0.30708661417322836
528,0,casia:168,0,0,1.0,1.0,0.8818897637795275,0.8818897637795275,0.08510365435747903,0.6220472440944882
529,0,casia:066,0,0,1.0,1.0,0.9291338582677166,0.9291338582677166,0.8839107782553818,0.8188976377952756
530,0,casia:395,1,1,0.3828125,0.3228346456692913,0.8976377952755905,0.8976377952755905,1.0256954062398222,0.9291338582677166
531,0,casia:352,1,1,0.34375,0.7086614173228346,0.4330708661417323,0.7401574803149606,0.707510990529257,0.8582677165354331
532,0,casia:389,1,1,0.0546875,0.33070866141732286,0.28346456692913385,0.6377952755905512,-1.5551337434125416,0.3543307086614173
533,0,casia:138,0,0,1.0,1.0,0.4094488188976378,0.4094488188976378,0.5963402136521369,0.7480314960629921
534,0,casia:223,0,0,1.0,1.0,0.25984251968503935,0.36220472440944884,0.24486507913705977,0.6614173228346457
535,0,casia:247,0,1,0.0078125,0.25196850393700787,0.25196850393700787,0.25196850393700787,-1.7672566872195852,0.30708661417322836
536,0,casia:265,1,1,0.125,0.25196850393700787,0.7952755905511811,0.8188976377952756,0.5307418706900539,0.8188976377952756
537,0,casia:177,0,0,1.0,1.0,1.0,0.9133858267716536,0.21291279418114326,0.6535433070866141
538,0,casia:460,1,1,0.015625,0.25984251968503935,0.11023622047244094,0.11023622047244094,-1.3783646235733384,0.3937007874015748
539,0,casia:425,1,1,0.0703125,0.07086614173228346,0.6299212598425197,0.6299212598425197,0.49538804672221326,0.8110236220472441
540,0,casia:162,0,0,1.0,1.0,0.8503937007874016,0.8503937007874016,0.1809605092252272,0.6456692913385826
541,0,casia:265,1,1,0.2734375,0.25984251968503935,0.6141732283464567,0.6141732283464567,0.9196339343363003,0.905511811023622
542,0,casia:156,0,0,1.0,1.0,0.41732283464566927,0.41732283464566927,0.30876964904889187,0.6771653543307087
543,0,casia:076,0,0,1.0,1.0,0.47244094488188976,0.6220472440944882,0.4685310738284722,0.7165354330708661
544,0,casia:048,0,0,1.0,1.0,0.8976377952755905,0.8976377952755905,0.692197068519885,0.7716535433070866
545,0,casia:216,0,0,1.0,1.0,0.6535433070866141,0.6535433070866141,0.7561016384317176,0.7874015748031497
546,0,casia:336,1,1,0.03125,0.25196850393700787,0.5590551181102362,0.5590551181102362,0.7428648144970975,0.8661417322834646
547,0,casia:233,0,1,0.125,0.25196850393700787,0.44881889763779526,0.44881889763779526,-1.873318159123107,0.28346456692913385
548,0,casia:184,0,0,1.0,1.0,1.0,0.5118110236220472,-0.3622283350253467,0.5118110236220472
549,0,casia:417,1,1,0.03125,0.25984251968503935,0.41732283464566927,0.41732283464566927,1.1671107021111844,0.9606299212598425
550,0,casia:081,0,0,1.0,1.0,1.0,0.33070866141732286,1.0756244879908787,0.8661417322834646
551,0,casia:088,0,0,1.0,1.0,0.7559055118110236,0.7559055118110236,1.2992904826822915,0.9212598425196851
552,0,casia:042,0,0,1.0,1.0,1.0,0.7637795275590551,0.692197068519885,0.7716535433070866
553,0,casia:015,0,0,1.0,1.0,0.8031496062992126,0.8031496062992126,1.1714813428586268,0.889763779527559
554,0,casia:277,1,1,0.03125,0.2992125984251969,0.2677165354330709,0.2677165354330709,-1.236949327701976,0.4251968503937008
555,0,casia:127,0,0,1.0,1.0,0.5669291338582677,0.5669291338582677,-0.10661005537801777,0.5748031496062992
556,0,casia:425,1,1,0.046875,0.25196850393700787,0.11023622047244094,0.11023622047244094,0.9196339343363003,0.905511811023622
557,0,casia:017,0,1,0.2265625,0.2677165354330709,0.25984251968503935,0.25984251968503935,1.0964030541755034,0.9448818897637795
558,0,casia:418,1,1,0.1875,0.25196850393700787,0.5275590551181102,0.5275590551181102,1.0256954062398222,0.9291338582677166
559,0,casia:305,1,0,1.0,1.0,0.5511811023622047,0.5511811023622047,-1.4805583084824105,0.23622047244094488
560,0,casia:488,1,1,0.1171875,0.25196850393700787,0.41732283464566927,0.6771653543307087,0.6014495186257349,0.8346456692913385
561,0,casia:278,1,1,0.5703125,0.25196850393700787,0.2204724409448819,0.2204724409448819,0.7782186384649381,0.8740157480314961
562,0,casia:075,0,0,1.0,1.0,0.7086614173228346,0.7086614173228346,0.372674218960724,0.6929133858267716
563,0,casia:068,0,0,0.8203125,0.28346456692913385,0.31496062992125984,0.31496062992125984,-1.6403197332619912,0.1968503937007874
564,0,casia:380,1,1,0.4140625,0.2992125984251969,0.952755905511811,0.952755905511811,0.49538804672221326,0.8110236220472441
565,0,casia:085,0,0,1.0,1.0,1.0,0.8818897637795275,0.6282924986080529,0.7559055118110236
566,0,casia:207,0,0,1.0,1.0,1.0,0.3858267716535433,0.053151369401562974,0.6141732283464567
567,0,casia:437,1,1,0.5703125,0.25984251968503935,0.8582677165354331,0.28346456692913385,0.4246803987865322,0.7952755905511811
568,0,casia:106,0,0,1.0,1.0,0.6692913385826772,0.6692913385826772,0.8839107782553818,0.8188976377952756
569,0,casia:408,1,1,0.0546875,0.25196850393700787,0.25196850393700787,0.25196850393700787,0.1418498070438074,0.7322834645669292
570,0,casia:087,0,0,1.0,1.0,0.6141732283464567,0.6141732283464567,0.97976763312313,0.84251968503937
571,0,casia:439,1,1,0.1328125,0.25196850393700787,0.6614173228346457,0.6614173228346457,-0.8480572640557297,0.5118110236220472
572,0,casia:155,0,0,1.0,1.0,0.48031496062992124,0.48031496062992124,0.7241493534758011,0.7795275590551181
573,0,casia:416,1,1,0.2109375,0.2677165354330709,0.3700787401574803,0.3700787401574803,-1.3783646235733384,0.3937007874015748
574,0,casia:288,1,1,0.015625,0.25196850393700787,0.6220472440944882,0.6220472440944882,-0.9187649119914107,0.49606299212598426
575,0,casia:047,0,0,1.0,1.0,0.2755905511811024,0.2755905511811024,-0.5858943297167594,0.4566929133858268
576,0,casia:023,0,0,1.0,1.0,0.5826771653543307,0.5826771653543307,1.0436722030349626,0.8582677165354331
577,0,casia:342,1,1,0.0078125,0.25984251968503935,0.7086614173228346,0.7086614173228346,0.7428648144970975,0.8661417322834646
578,0,casia:070,0,0,1.0,1.0,0.3228346456692913,0.3228346456692913,0.6282924986080529,0.7559055118110236
579,0,casia:489,1,0,1.0,0.11023622047244094,0.06299212598425197,0.06299212598425197,-2.119604007600733,0.07874015748031496
580,0,casia:089,0,0,1.0,1.0,0.25196850393700787,0.25196850393700787,-1.6403197332619912,0.1968503937007874
581,0,casia:159,0,0,1.0,1.0,0.6062992125984252,0.6062992125984252,0.30876964904889187,0.6771653543307087
582,0,casia:478,1,1,0.0078125,0.25196850393700787,0.5433070866141733,0.5433070866141733,0.4246803987865322,0.7952755905511811
583,0,casia:307,1,1,0.578125,0.29133858267716534,0.9133858267716536,0.9133858267716536,0.9903415822719818,0.9212598425196851
584,0,casia:073,0,0,1.0,1.0,0.9606299212598425,0.9606299212598425,0.7561016384317176,0.7874015748031497
585,0,casia:287,1,1,0.3515625,0.25984251968503935,0.6771653543307087,0.6771653543307087,0.49538804672221326,0.8110236220472441
586,0,casia:489,1,1,0.0078125,0.18110236220472442,0.3464566929133858,0.3464566929133858,0.3186189268830101,0.7716535433070866
587,0,casia:000,0,0,0.9921875,0.25196850393700787,0.33858267716535434,0.33858267716535434,-0.5219897598049272,0.47244094488188976
588,0,casia:396,1,1,0.15625,0.25984251968503935,0.2755905511811024,0.2755905511811024,0.6014495186257349,0.8346456692913385
589,0,casia:113,0,0,1.0,1.0,0.9763779527559056,0.9763779527559056,1.0117199180790466,0.8503937007874016
590,0,casia:015,0,0,1.0,1.0,0.7007874015748031,0.7007874015748031,1.2992904826822915,0.9212598425196851
591,0,casia:179,0,0,1.0,1.0,0.3779527559055118,0.3779527559055118,0.7880539233876337,0.7952755905511811
592,0,casia:090,0,0,1.0,1.0,0.5196850393700787,0.5826771653543307,0.692197068519885,0.7716535433070866
593,0,casia:364,1,1,0.25,0.25196850393700787,0.7874015748031497,0.7874015748031497,1.0964030541755034,0.9448818897637795
594,0,casia:472,1,1,0.078125,0.31496062992125984,0.4094488188976378,0.7716535433070866,-0.706641968184367,0.5433070866141733
595,0,casia:019,0,0,1.0,0.25984251968503935,0.4566929133858268,0.16535433070866143,0.5324356437403047,0.7322834645669292
596,0,casia:028,0,0,1.0,1.0,0.8188976377952756,0.8188976377952756,-0.26637148015759804,0.5354330708661418
597,0,casia:451,1,1,0.7421875,0.7874015748031497,0.7559055118110236,0.9291338582677166,1.0256954062398222,0.9291338582677166
598,0,casia:435,1,1,0.1484375,0.25196850393700787,0.4409448818897638,0.4409448818897638,-0.706641968184367,0.5433070866141733
599,0,casia:265,1,1,0.234375,0.25196850393700787,0.8740157480314961,0.8740157480314961,0.8135724624327786,0.8818897637795275
600,0,casia:012,0,0,1.0,1.0,0.7637795275590551,0.7637795275590551,1.1395290579027106,0.8818897637795275
601,0,casia:225,0,0,1.0,1.0,0.7716535433070866,0.7716535433070866,0.30876964904889187,0.6771653543307087
602,0,casia:258,1,1,0.484375,0.31496062992125984,0.8031496062992126,1.0,1.0964030541755034,0.9448818897637795
603,0,casia:085,0,0,1.0,1.0,0.8346456692913385,0.8346456692913385,-0.5219897598049272,0.47244094488188976
604,0,casia:353,1,1,0.09375,0.30708661417322836,0.2204724409448819,0.1889763779527559,-1.2015955037341355,0.4330708661417323
605,0,casia:315,1,1,0.0234375,0.28346456692913385,0.7165354330708661,0.7165354330708661,-1.166241679766295,0.4409448818897638
606,0,casia:143,0,0,1.0,1.0,0.7401574803149606,0.7401574803149606,0.4685310738284722,0.7165354330708661
607,0,casia:220,0,0,1.0,1.0,0.33070866141732286,0.33070866141732286,-0.8415126093640882,0.3937007874015748
608,0,casia:209,0,0,1.0,1.0,0.6220472440944882,0.6220472440944882,0.372674218960724,0.6929133858267716
609,0,casia:363,1,1,0.6953125,0.8031496062992126,0.7244094488188977,0.7244094488188977,0.9903415822719818,0.9212598425196851
610,0,casia:415,1,1,0.0859375,0.2677165354330709,0.6141732283464567,0.84251968503937,0.6368033425935754,0.84251968503937
611,0,casia:332,1,1,0.5859375,0.3700787401574803,0.5275590551181102,0.5275590551181102,0.00043451117244476187,0.7007874015748031
612,0,casia:416,1,1,0.765625,0.8661417322834646,0.5275590551181102,0.5275590551181102,-0.4238113764416422,0.6062992125984252
613,0,casia:156,0,0,1.0,1.0,0.5196850393700787,0.5196850393700787,0.5643879286962208,0.7401574803149606
614,0,casia:278,1,1,0.046875,0.2677165354330709,0.7007874015748031,0.4015748031496063,-0.706641968184367,0.5433070866141733
615,0,casia:287,1,1,0.125,0.25196850393700787,0.8188976377952756,0.8188976377952756,-0.17633460866675793,0.6614173228346457
616,0,casia:014,0,0,1.0,1.0,1.0,0.84251968503937,0.7241493534758011,0.7795275590551181
617,0,casia:149,0,0,1.0,1.0,0.5275590551181102,0.5275590551181102,0.5324356437403047,0.7322834645669292
618,0,casia:202,0,1,0.0625,0.25196850393700787,0.6771653543307087,0.36220472440944884,0.38932657481869165,0.7874015748031497
619,0,casia:342,1,1,0.109375,0.25196850393700787,0.44881889763779526,0.3700787401574803,-0.5298728483451643,0.5826771653543307
620,0,casia:137,0,0,1.0,1.0,0.4015748031496063,0.4015748031496063,0.7561016384317176,0.7874015748031497
621,0,casia:423,1,1,0.1953125,0.30708661417322836,0.5905511811023622,0.5905511811023622,0.8489262864006192,0.889763779527559
622,0,casia:041,0,0,1.0,1.0,0.7952755905511811,0.7952755905511811,0.5324356437403047,0.7322834645669292
623,0,casia:060,0,0,1.0,1.0,0.6692913385826772,0.6692913385826772,1.2034336278145428,0.8976377952755905
624,0,casia:353,1,1,0.0703125,0.29133858267716534,0.5275590551181102,0.31496062992125984,0.5307418706900539,0.8188976377952756
625,0,casia:121,0,0,1.0,1.0,0.3228346456692913,0.3228346456692913,0.5963402136521369,0.7480314960629921
626,0,casia:276,1,1,0.1640625,0.25196850393700787,0.3543307086614173,0.3543307086614173,-0.10562696073107684,0.6771653543307087
627,0,casia:407,1,0,1.0,1.0,0.11023622047244094,0.11023622047244094,-1.097130889011417,0.33070866141732286
628,0,casia:019,0,0,1.0,1.0,0.905511811023622,0.905511811023622,-0.4261329049371788,0.49606299212598426
629,0,casia:460,1,1,0.359375,0.25196850393700787,0.29133858267716534,0.29133858267716534,-0.9187649119914107,0.49606299212598426
630,0,casia:485,1,1,0.6171875,0.2755905511811024,0.905511811023622,0.905511811023622,-1.236949327701976,0.4251968503937008
631,0,casia:096,0,0,1.0,1.0,0.6062992125984252,0.6062992125984252,0.5643879286962208,0.7401574803149606
632,0,casia:348,1,1,0.234375,0.4330708661417323,0.8267716535433071,0.9212598425196851,-0.3531037285059611,0.6220472440944882
633,0,casia:210,0,0,1.0,1.0,0.06299212598425197,0.06299212598425197,-1.4805583084824105,0.23622047244094488
634,0,casia:416,1,1,0.03125,0.25196850393700787,0.5669291338582677,0.5669291338582677,-0.2470422566024395,0.6456692913385826
635,0,casia:066,0,0,1.0,1.0,1.0,0.7401574803149606,0.9478153481672139,0.8346456692913385
636,0,casia:120,0,0,1.0,1.0,0.6377952755905512,0.6377952755905512,0.2768173640929758,0.6692913385826772
637,0,casia:270,1,1,0.0078125,0.25196850393700787,0.5039370078740157,0.5039370078740157,-0.49451902437732376,0.5905511811023622
638,0,casia:358,1,1,0.0078125,0.25196850393700787,0.5118110236220472,0.5118110236220472,-0.2470422566024395,0.6456692913385826
639,0,casia:063,0,0,0.7578125,0.5118110236220472,0.2283464566929134,0.2283464566929134,1.2034336278145428,0.8976377952755905
640,0,casia:001,0,0,1.0,1.0,0.8740157480314961,0.7244094488188977,1.0117199180790466,0.8503937007874016
641,0,casia:130,0,0,1.0,1.0,0.6692913385826772,0.6692913385826772,0.34072193400480794,0.6850393700787402
642,0,casia:132,0,0,0.640625,0.007874015748031496,0.07874015748031496,0.07874015748031496,-2.407174572203978,0.007874015748031496
643,0,casia:086,0,0,1.0,1.0,0.952755905511811,0.952755905511811,-0.7137034695404237,0.4251968503937008
644,0,casia:273,1,1,0.265625,0.3700787401574803,0.28346456692913385,0.28346456692913385,0.707510990529257,0.8582677165354331
645,0,casia:084,0,0,1.0,1.0,0.4015748031496063,0.4015748031496063,-1.352749168658746,0.2677165354330709
646,0,casia:497,1,0,1.0,1.0,0.1889763779527559,0.1889763779527559,-2.2154608624684813,0.05511811023622047
647,0,casia:304,1,1,0.0390625,0.25196850393700787,0.4251968503937008,0.3937007874015748,0.07114215910812584,0.7165354330708661
648,0,casia:025,0,0,1.0,1.0,0.7165354330708661,0.7165354330708661,1.0117199180790466,0.8503937007874016
649,0,casia:204,0,0,1.0,1.0,0.84251968503937,0.84251968503937,1.2673381977263753,0.9133858267716536
650,0,casia:456,1,1,0.5390625,0.6771653543307087,0.6692913385826772,0.6692913385826772,-0.8834110880235702,0.5039370078740157
651,0,casia:126,0,0,1.0,1.0,0.36220472440944884,0.36220472440944884,1.1395290579027106,0.8818897637795275
652,0,casia:374,1,1,0.0625,0.25984251968503935,0.6929133858267716,0.6929133858267716,0.5660956946578943,0.8267716535433071
653,0,casia:404,1,1,0.640625,0.36220472440944884,0.36220472440944884,0.36220472440944884,0.9549877583041413,0.9133858267716536
654,0,casia:190,0,0,1.0,1.0,0.6377952755905512,0.6377952755905512,0.5004833587843887,0.7244094488188977
655,0,casia:228,0,0,1.0,1.0,0.5433070866141733,0.5433070866141733,0.7241493534758011,0.7795275590551181
656,0,casia:305,1,1,0.0078125,0.09448818897637795,0.07086614173228346,0.12598425196850394,-1.2015955037341355,0.4330708661417323
657,0,casia:255,1,1,0.0078125,0.25196850393700787,0.6535433070866141,0.6220472440944882,0.7782186384649381,0.8740157480314961
658,0,casia:189,0,0,1.0,1.0,1.0,0.4645669291338583,0.660244783563969,0.7637795275590551
659,0,casia:190,0,0,1.0,1.0,0.6929133858267716,0.6929133858267716,0.053151369401562974,0.6141732283464567
660,0,casia:271,1,1,0.0078125,0.25196850393700787,0.1968503937007874,0.1968503937007874,-0.6359343202486859,0.5590551181102362
661,0,casia:486,1,1,0.03125,0.25196850393700787,0.5826771653543307,0.5826771653543307,-1.5197799194447008,0.36220472440944884
662,0,casia:248,0,0,0.96875,0.23622047244094488,0.41732283464566927,0.08661417322834646,-2.087651722644817,0.08661417322834646
663,0,casia:329,1,1,0.3515625,0.6771653543307087,0.7795275590551181,0.7007874015748031,0.7428648144970975,0.8661417322834646
664,0,casia:209,0,0,1.0,1.0,0.4015748031496063,0.4015748031496063,-0.9373694642318366,0.3700787401574803
665,0,casia:101,0,1,0.03125,0.25196850393700787,0.4094488188976378,0.4094488188976378,-0.7773496161200486,0.5275590551181102
666,0,casia:373,1,1,0.484375,0.2755905511811024,0.49606299212598426,0.49606299212598426,1.0256954062398222,0.9291338582677166
667,0,casia:345,1,1,0.515625,0.4330708661417323,0.6692913385826772,0.3543307086614173,0.5660956946578943,0.8267716535433071
668,0,casia:137,0,0,1.0,1.0,0.9606299212598425,0.9606299212598425,1.2673381977263753,0.9133858267716536
669,0,casia:280,1,1,0.1640625,0.2677165354330709,0.5354330708661418,0.5354330708661418,-1.0601802078627731,0.4645669291338583
670,0,casia:386,1,1,0.078125,0.30708661417322836,0.25196850393700787,0.25196850393700787,1.0964030541755034,0.9448818897637795
671,0,casia:135,0,0,1.0,1.0,0.13385826771653545,0.13385826771653545,-0.4580851898930949,0.4881889763779528
672,0,casia:006,0,0,0.984375,0.33858267716535434,0.13385826771653545,0.13385826771653545,-1.4486060235264944,0.2440944881889764
673,0,casia:124,0,0,1.0,1.0,0.2992125984251969,0.2992125984251969,-0.010753200510269146,0.5984251968503937
674,0,casia:264,1,1,0.03125,0.25196850393700787,0.33858267716535434,0.30708661417322836,0.5660956946578943,0.8267716535433071
675,0,casia:306,1,1,0.078125,0.25196850393700787,0.2125984251968504,0.2125984251968504,0.6368033425935754,0.84251968503937
676,0,casia:210,0,1,0.015625,0.11023622047244094,0.05511811023622047,0.05511811023622047,-2.9692867021261655,0.03937007874015748
677,0,casia:350,1,1,0.34375,0.2677165354330709,0.5275590551181102,0.5275590551181102,0.8489262864006192,0.889763779527559
678,0,casia:329,1,1,0.5078125,0.2755905511811024,0.33858267716535434,0.6141732283464567,0.8842801103684597,0.8976377952755905
679,0,casia:311,1,1,0.015625,0.25984251968503935,0.23622047244094488,0.36220472440944884,-1.3783646235733384,0.3937007874015748
680,0,casia:083,0,0,1.0,1.0,0.889763779527559,0.889763779527559,0.7241493534758011,0.7795275590551181
681,0,casia:136,0,0,1.0,0.2283464566929134,0.30708661417322836,0.12598425196850394,-0.8415126093640882,0.3937007874015748
682,0,casia:108,0,0,1.0,1.0,0.41732283464566927,0.41732283464566927,1.235385912770459,0.905511811023622
683,0,casia:072,0,0,0.9609375,0.7086614173228346,0.6850393700787402,0.6850393700787402,-1.001274034143669,0.3543307086614173
684,0,casia:094,0,0,1.0,1.0,0.5984251968503937,0.5984251968503937,-0.8415126093640882,0.3937007874015748
685,0,casia:229,0,1,0.3046875,0.25984251968503935,0.6377952755905512,0.937007874015748,-2.438979342608557,0.15748031496062992
686,0,casia:467,1,1,0.203125,0.2755905511811024,0.3937007874015748,0.3937007874015748,-1.272303151669817,0.41732283464566927
687,0,casia:004,0,0,1.0,1.0,0.7165354330708661,0.7165354330708661,1.0436722030349626,0.8582677165354331
688,0,casia:020,0,0,1.0,1.0,0.3937007874015748,0.3937007874015748,-0.6817511845845077,0.4330708661417323
689,0,casia:360,1,1,0.6875,0.30708661417322836,0.3228346456692913,0.9921259842519685,1.0964030541755034,0.9448818897637795
690,0,casia:339,1,1,0.34375,0.33858267716535434,0.4330708661417323,0.5748031496062992,1.0964030541755034,0.9448818897637795
691,0,casia:267,1,1,0.0078125,0.25984251968503935,0.14960629921259844,0.14960629921259844,-0.9187649119914107,0.49606299212598426
692,0,casia:041,0,0,1.0,1.0,0.7086614173228346,0.7086614173228346,1.1714813428586268,0.889763779527559
693,0,casia:403,1,1,0.4765625,0.41732283464566927,0.8976377952755905,0.9291338582677166,1.0256954062398222,0.9291338582677166
694,0,casia:078,0,0,1.0,1.0,0.6141732283464567,0.6141732283464567,0.11705593931339509,0.6299212598425197
695,0,casia:340,1,1,0.40625,0.3228346456692913,0.41732283464566927,0.4409448818897638,-1.3430107996054979,0.4015748031496063
696,0,casia:366,1,1,0.5859375,0.2677165354330709,0.7637795275590551,0.7637795275590551,-1.0248263838949325,0.47244094488188976
697,0,casia:098,0,0,1.0,1.0,0.7637795275590551,0.7637795275590551,0.660244783563969,0.7637795275590551
698,0,casia:141,0,0,1.0,1.0,0.8818897637795275,0.8818897637795275,0.9158630632112978,0.8267716535433071
699,0,casia:182,0,0,1.0,1.0,1.0,0.5196850393700787,-0.9373694642318366,0.3700787401574803
700,0,casia:022,0,0,0.953125,0.2677165354330709,0.889763779527559,0.889763779527559,0.5324356437403047,0.7322834645669292
701,0,casia:148,0,0,1.0,1.0,1.0,0.5511811023622047,1.2673381977263753,0.9133858267716536
702,0,casia:193,0,1,0.3359375,0.2677165354330709,0.33070866141732286,0.33070866141732286,1.0610492302076628,0.937007874015748
703,0,casia:406,1,1,0.0234375,0.25984251968503935,0.25984251968503935,0.5590551181102362,-1.0248263838949325,0.47244094488188976
704,0,casia:323,1,1,0.015625,0.25984251968503935,0.1732283464566929,0.1732283464566929,-1.0601802078627731,0.4645669291338583
705,0,casia:421,1,1,0.1171875,0.25196850393700787,0.4015748031496063,0.49606299212598426,-0.2470422566024395,0.6456692913385826
706,0,casia:267,1,1,0.046875,0.25196850393700787,0.11811023622047244,0.11811023622047244,-0.21168843263459897,0.6535433070866141
707,0,casia:175,0,0,1.0,1.0,0.905511811023622,0.905511811023622,0.660244783563969,0.7637795275590551
708,0,casia:037,0,0,1.0,1.0,0.8031496062992126,0.8031496062992126,1.235385912770459,0.905511811023622
709,0,casia:117,0,0,1.0,1.0,0.33858267716535434,0.33858267716535434,0.30876964904889187,0.6771653543307087
710,0,casia:365,1,1,0.203125,0.25984251968503935,0.3464566929133858,0.3464566929133858,1.131756878143344,0.952755905511811
711,0,casia:223,0,0,1.0,1.0,0.2755905511811024,0.2755905511811024,-1.5764151633501589,0.2125984251968504
712,0,casia:330,1,1,0.046875,0.2677165354330709,0.29133858267716534,0.29133858267716534,-0.21168843263459897,0.6535433070866141
713,0,casia:428,1,1,0.1875,0.25196850393700787,0.1732283464566929,0.1732283464566929,1.1671107021111844,0.9606299212598425
714,0,casia:123,0,0,1.0,1.0,0.8582677165354331,0.8582677165354331,0.5004833587843887,0.7244094488188977
715,0,casia:160,0,0,1.0,1.0,0.49606299212598426,0.7244094488188977,0.43657878887255613,0.7086614173228346
716,0,casia:268,1,1,0.0078125,0.08661417322834646,0.03937007874015748,0.015748031496062992,-3.039994350061847,0.023622047244094488
717,0,casia:292,1,1,0.0390625,0.25196850393700787,0.2677165354330709,0.33070866141732286,-1.9440258070587881,0.2677165354330709
718,0,casia:234,0,0,1.0,1.0,0.6220472440944882,0.6220472440944882,0.21291279418114326,0.6535433070866141
719,0,casia:316,1,1,0.0390625,0.33070866141732286,0.6535433070866141,0.6535433070866141,0.9196339343363003,0.905511811023622
720,0,casia:001,0,1,0.0078125,0.08661417322834646,0.11023622047244094,0.11023622047244094,-0.5298728483451643,0.5826771653543307
721,0,casia:204,0,0,1.0,1.0,0.5275590551181102,0.5275590551181102,0.8839107782553818,0.8188976377952756
722,0,casia:185,0,0,1.0,1.0,0.4409448818897638,0.4409448818897638,-1.6403197332619912,0.1968503937007874
723,0,casia:149,0,0,1.0,1.0,0.9921259842519685,0.9921259842519685,0.692197068519885,0.7716535433070866
724,0,casia:422,1,1,0.5859375,0.29133858267716534,0.5118110236220472,0.937007874015748,0.4600342227543727,0.8031496062992126
725,0,casia:354,1,1,0.015625,0.25196850393700787,0.5354330708661418,0.5354330708661418,0.5660956946578943,0.8267716535433071
726,0,casia:070,0,0,1.0,1.0,0.5354330708661418,0.5354330708661418,0.7241493534758011,0.7795275590551181
727,0,casia:193,0,1,0.3828125,0.2677165354330709,0.2440944881889764,0.2440944881889764,0.7428648144970975,0.8661417322834646
728,0,casia:331,1,1,0.4609375,0.36220472440944884,0.5905511811023622,0.5905511811023622,-0.9187649119914107,0.49606299212598426
729,0,casia:396,1,1,0.40625,0.25984251968503935,0.952755905511811,0.952755905511811,0.4246803987865322,0.7952755905511811
730,0,casia:303,1,1,0.171875,0.30708661417322836,0.5511811023622047,0.5511811023622047,0.4600342227543727,0.8031496062992126
731,0,casia:262,1,1,0.1484375,0.25984251968503935,0.6692913385826772,0.6692913385826772,-0.21168843263459897,0.6535433070866141
732,0,casia:397,1,1,0.0546875,0.29133858267716534,0.8110236220472441,0.8110236220472441,-1.272303151669817,0.41732283464566927
733,0,casia:169,0,0,1.0,1.0,0.6220472440944882,0.6220472440944882,0.34072193400480794,0.6850393700787402
734,0,casia:426,1,1,0.2421875,0.25196850393700787,0.9291338582677166,0.3858267716535433,0.17720363101164796,0.7401574803149606
735,0,casia:362,1,1,0.59375,0.7795275590551181,0.4881889763779528,0.4881889763779528,0.9196339343363003,0.905511811023622
736,0,casia:008,0,1,0.0390625,0.25196850393700787,0.08661417322834646,0.08661417322834646,-2.0854411029301505,0.23622047244094488
737,0,casia:376,1,1,0.1484375,0.30708661417322836,0.4566929133858268,0.31496062992125984,0.00043451117244476187,0.7007874015748031
738,0,casia:064,0,0,0.96875,1.0,0.6929133858267716,0.6929133858267716,1.0117199180790466,0.8503937007874016
739,0,casia:030,0,0,0.984375,1.0,0.7165354330708661,0.7165354330708661,0.660244783563969,0.7637795275590551
740,0,casia:221,0,0,1.0,1.0,0.2992125984251969,0.2992125984251969,0.8200062083435498,0.8031496062992126
741,0,casia:479,1,1,0.0078125,0.2677165354330709,0.08661417322834646,0.08661417322834646,-0.8834110880235702,0.5039370078740157
742,0,casia:012,0,0,0.9921875,1.0,0.7952755905511811,0.7952755905511811,1.0756244879908787,0.8661417322834646
743,0,casia:019,0,1,0.0078125,0.2755905511811024,0.1889763779527559,0.14960629921259844,-0.8834110880235702,0.5039370078740157
744,0,casia:188,0,0,1.0,1.0,0.3937007874015748,0.3937007874015748,-0.3302760500694306,0.5196850393700787
745,0,casia:026,0,0,1.0,1.0,0.9212598425196851,0.937007874015748,1.1714813428586268,0.889763779527559
746,0,casia:003,0,0,1.0,1.0,1.0,0.7401574803149606,1.1395290579027106,0.8818897637795275
747,0,casia:293,1,1,0.0078125,0.25984251968503935,0.33070866141732286,0.5196850393700787,-0.6005804962808454,0.5669291338582677
748,0,casia:173,0,0,1.0,1.0,0.6614173228346457,0.6614173228346457,-0.29832376511351455,0.5275590551181102
749,0,casia:077,0,0,1.0,1.0,0.8582677165354331,0.8582677165354331,0.5004833587843887,0.7244094488188977
750,0,casia:492,1,1,0.1328125,0.29133858267716534,0.2755905511811024,0.2992125984251969,-0.8834110880235702,0.5039370078740157
751,0,casia:246,0,0,1.0,1.0,0.5669291338582677,0.7874015748031497,0.5963402136521369,0.7480314960629921
752,0,casia:145,0,0,1.0,1.0,1.0,0.5196850393700787,0.053151369401562974,0.6141732283464567
753,0,casia:338,1,1,0.0703125,0.25196850393700787,0.4015748031496063,0.4015748031496063,-1.0601802078627731,0.4645669291338583
754,0,casia:410,1,1,0.3671875,0.2677165354330709,0.28346456692913385,0.28346456692913385,0.4600342227543727,0.8031496062992126
755,0,casia:224,0,0,1.0,1.0,1.0,0.7952755905511811,0.40462650391664007,0.7007874015748031
756,0,casia:412,1,1,0.0078125,0.25196850393700787,0.41732283464566927,0.25984251968503935,-1.9793796310266287,0.25984251968503935
757,0,casia:251,1,1,0.7421875,0.8267716535433071,0.4645669291338583,0.4645669291338583,-0.989472559927092,0.48031496062992124
758,0,casia:485,1,1,0.2421875,0.25196850393700787,0.1968503937007874,0.1968503937007874,-1.236949327701976,0.4251968503937008
759,0,casia:421,1,1,0.046875,0.31496062992125984,0.2283464566929134,0.41732283464566927,0.0357883351402853,0.7086614173228346
760,0,casia:211,0,0,1.0,1.0,0.16535433070866143,0.16535433070866143,-1.7681288730856555,0.16535433070866143
761,0,casia:443,1,1,0.0390625,0.25984251968503935,0.33070866141732286,0.7086614173228346,-0.21168843263459897,0.6535433070866141
762,0,casia:145,0,0,1.0,1.0,0.6299212598425197,0.6299212598425197,-0.26637148015759804,0.5354330708661418
763,0,casia:074,0,0,1.0,1.0,0.3937007874015748,0.3937007874015748,-0.9373694642318366,0.3700787401574803
764,0,casia:111,0,0,1.0,1.0,1.0,0.9133858267716536,0.8200062083435498,0.8031496062992126
765,0,casia:392,1,1,0.328125,0.2677165354330709,0.5275590551181102,0.5669291338582677,0.8135724624327786,0.8818897637795275
766,0,casia:135,0,0,1.0,1.0,0.3937007874015748,0.31496062992125984,-1.4166537385705784,0.25196850393700787
767,0,casia:072,0,1,0.0078125,0.25196850393700787,0.2047244094488189,0.2047244094488189,-1.4490722715090198,0.3779527559055118
768,0,casia:292,1,1,0.03125,0.29133858267716534,0.6929133858267716,0.3858267716535433,-1.272303151669817,0.41732283464566927
769,0,casia:166,0,0,0.9453125,0.5984251968503937,0.11023622047244094,0.11023622047244094,-2.119604007600733,0.07874015748031496
770,0,casia:064,0,0,1.0,1.0,0.984251968503937,0.984251968503937,0.8519584932994658,0.8110236220472441
771,0,casia:492,1,1,0.28125,0.30708661417322836,0.29133858267716534,0.3464566929133858,-0.38845755247380165,0.6141732283464567
772,0,casia:329,1,1,0.0390625,0.25196850393700787,0.4330708661417323,0.4330708661417323,-0.4591652004094827,0.5984251968503937
773,0,casia:422,1,1,0.5234375,0.3779527559055118,0.30708661417322836,0.30708661417322836,0.7782186384649381,0.8740157480314961
774,0,casia:157,0,0,1.0,1.0,0.5826771653543307,0.5826771653543307,-0.8734648943200045,0.3858267716535433
775,0,casia:113,0,0,1.0,1.0,1.0,0.4645669291338583,0.7880539233876337,0.7952755905511811
776,0,casia:497,1,0,1.0,1.0,0.5984251968503937,0.5984251968503937,1.0756244879908787,0.8661417322834646
777,0,casia:154,0,0,1.0,1.0,0.5826771653543307,0.5826771653543307,0.8200062083435498,0.8031496062992126
778,0,casia:498,1,1,0.609375,0.28346456692913385,0.6850393700787402,0.7795275590551181,0.49538804672221326,0.8110236220472441
779,0,casia:381,1,1,0.2890625,0.25984251968503935,0.5905511811023622,0.5905511811023622,0.07114215910812584,0.7165354330708661
780,0,casia:225,0,0,1.0,0.03937007874015748,0.007874015748031496,0.007874015748031496,-2.407174572203978,0.007874015748031496
781,0,casia:410,1,1,0.5234375,0.4251968503937008,0.31496062992125984,0.31496062992125984,0.6721571665614164,0.8503937007874016
782,0,casia:296,1,1,0.03125,0.25196850393700787,0.2283464566929134,0.2283464566929134,-0.6712881442165265,0.5511811023622047
783,0,casia:062,0,0,1.0,1.0,0.4881889763779528,0.4881889763779528,0.8200062083435498,0.8031496062992126
784,0,casia:332,1,1,0.59375,0.7244094488188977,0.3937007874015748,0.5118110236220472,-0.8834110880235702,0.5039370078740157
785,0,casia:223,0,0,1.0,0.1732283464566929,1.0,0.06299212598425197,-1.5764151633501589,0.2125984251968504
786,0,casia:053,0,0,1.0,1.0,0.5748031496062992,0.5748031496062992,0.7241493534758011,0.7795275590551181
787,0,casia:238,0,0,1.0,1.0,0.8267716535433071,0.8267716535433071,0.34072193400480794,0.6850393700787402
788,0,casia:273,1,1,0.0390625,0.25196850393700787,0.18110236220472442,0.18110236220472442,-0.8127034400878891,0.5196850393700787
789,0,casia:059,0,0,0.9921875,1.0,0.7559055118110236,0.7559055118110236,1.2034336278145428,0.8976377952755905
790,0,casia:083,0,0,1.0,0.5275590551181102,0.8582677165354331,0.8582677165354331,0.9478153481672139,0.8346456692913385
791,0,casia:481,1,1,0.015625,0.031496062992125984,0.07086614173228346,0.07086614173228346,-1.4137184475411793,0.3858267716535433
792,0,casia:083,0,0,1.0,1.0,0.7007874015748031,0.7007874015748031,0.8200062083435498,0.8031496062992126
793,0,casia:435,1,1,0.4921875,0.3228346456692913,0.6220472440944882,0.5511811023622047,-0.8127034400878891,0.5196850393700787
794,0,casia:385,1,1,0.203125,0.25196850393700787,0.5039370078740157,0.5039370078740157,-0.17633460866675793,0.6614173228346457
795,0,casia:028,0,0,1.0,1.0,0.4881889763779528,0.4881889763779528,0.7880539233876337,0.7952755905511811
796,0,casia:242,0,0,0.984375,1.0,0.2677165354330709,0.2677165354330709,0.6282924986080529,0.7559055118110236
797,0,casia:249,0,0,0.984375,0.15748031496062992,0.031496062992125984,0.031496062992125984,-2.279365432380313,0.03937007874015748
798,0,casia:043,0,0,1.0,1.0,0.8740157480314961,0.8740157480314961,-0.5858943297167594,0.4566929133858268
799,0,casia:049,0,0,1.0,0.23622047244094488,0.07874015748031496,0.07874015748031496,-2.2474131474243975,0.047244094488188976
800,0,casia:120,0,0,1.0,1.0,0.7716535433070866,0.7716535433070866,0.30876964904889187,0.6771653543307087
801,0,casia:359,1,1,0.453125,0.30708661417322836,0.7165354330708661,0.7165354330708661,0.8135724624327786,0.8818897637795275
802,0,casia:305,1,1,0.21875,0.25984251968503935,0.4409448818897638,0.4409448818897638,0.8135724624327786,0.8818897637795275
803,0,casia:430,1,1,0.4453125,0.2677165354330709,0.36220472440944884,0.36220472440944884,0.38932657481869165,0.7874015748031497
804,0,casia:034,0,0,1.0,1.0,0.6141732283464567,0.25196850393700787,-0.49003747484901117,0.48031496062992124
805,0,casia:086,0,0,1.0,1.0,0.6377952755905512,0.6377952755905512,-0.5858943297167594,0.4566929133858268
806,0,casia:256,1,1,0.078125,0.2992125984251969,0.8188976377952756,0.8188976377952756,-0.706641968184367,0.5433070866141733
807,0,casia:322,1,1,0.0078125,0.23622047244094488,0.2204724409448819,0.2204724409448819,-0.4591652004094827,0.5984251968503937
808,0,casia:411,1,1,0.4296875,0.25984251968503935,0.4015748031496063,0.4015748031496063,0.8842801103684597,0.8976377952755905
809,0,casia:065,0,0,1.0,1.0,1.0,0.7244094488188977,-0.49003747484901117,0.48031496062992124
810,0,casia:029,0,0,1.0,0.2992125984251969,0.6850393700787402,0.6850393700787402,-0.6497988996285916,0.4409448818897638
811,0,casia:130,0,0,1.0,1.0,0.6220472440944882,0.6220472440944882,0.372674218960724,0.6929133858267716
812,0,casia:108,0,0,1.0,0.08661417322834646,0.007874015748031496,0.007874015748031496,0.9158630632112978,0.8267716535433071
813,0,casia:050,0,0,1.0,1.0,0.6850393700787402,0.6850393700787402,0.2768173640929758,0.6692913385826772
814,0,casia:370,1,1,0.125,0.31496062992125984,0.30708661417322836,0.30708661417322836,0.9903415822719818,0.9212598425196851
815,0,casia:174,0,0,1.0,1.0,0.8346456692913385,0.8346456692913385,0.7561016384317176,0.7874015748031497
816,0,casia:255,1,1,0.015625,0.25196850393700787,0.5590551181102362,0.5590551181102362,-2.1915025748336725,0.2125984251968504
817,0,casia:134,0,0,1.0,1.0,0.8267716535433071,0.8267716535433071,0.5643879286962208,0.7401574803149606
818,0,casia:116,0,0,1.0,1.0,0.25984251968503935,0.25984251968503935,0.97976763312313,0.84251968503937
819,0,casia:240,0,0,1.0,1.0,0.5748031496062992,0.5748031496062992,-0.7776080394522561,0.4094488188976378
820,0,casia:453,1,1,0.3671875,0.4645669291338583,0.6299212598425197,1.0,0.3539727508508506,0.7795275590551181
821,0,casia:024,0,0,0.96875,0.1968503937007874,0.14173228346456693,0.14173228346456693,-2.31131771733623,0.031496062992125984
822,0,casia:329,1,0,1.0,1.0,0.31496062992125984,0.31496062992125984,1.235385912770459,0.905511811023622
823,0,casia:497,1,1,0.0078125,0.2047244094488189,0.03937007874015748,0.03937007874015748,-1.2015955037341355,0.4330708661417323
824,0,casia:471,1,1,0.2109375,0.25984251968503935,0.44881889763779526,0.44881889763779526,0.7428648144970975,0.8661417322834646
825,0,casia:115,0,0,1.0,1.0,0.937007874015748,0.937007874015748,0.97976763312313,0.84251968503937
826,0,casia:263,1,1,0.140625,0.25984251968503935,0.8267716535433071,0.7007874015748031,0.6368033425935754,0.84251968503937
827,0,casia:223,0,1,0.078125,0.25196850393700787,0.7559055118110236,0.7559055118110236,-2.2622102227693537,0.1968503937007874
828,0,casia:183,0,0,1.0,1.0,0.4015748031496063,0.2440944881889764,0.24486507913705977,0.6614173228346457
829,0,casia:118,0,0,1.0,1.0,0.2992125984251969,0.2992125984251969,0.660244783563969,0.7637795275590551
830,0,casia:017,0,0,0.90625,0.2992125984251969,0.11023622047244094,0.11023622047244094,0.5643879286962208,0.7401574803149606
831,0,casia:408,1,1,0.1171875,0.2677165354330709,0.2992125984251969,0.2992125984251969,0.6014495186257349,0.8346456692913385
832,0,casia:486,1,1,0.0859375,0.2677165354330709,0.47244094488188976,0.6062992125984252,-0.5652266723130048,0.5748031496062992
833,0,casia:173,0,0,1.0,1.0,0.5039370078740157,0.5039370078740157,0.43657878887255613,0.7086614173228346
834,0,casia:102,0,0,1.0,1.0,0.9291338582677166,0.9291338582677166,0.5643879286962208,0.7401574803149606
835,0,casia:458,1,1,0.34375,0.2992125984251969,0.3228346456692913,0.3228346456692913,0.00043451117244476187,0.7007874015748031
836,0,casia:463,1,1,0.578125,0.2677165354330709,0.4881889763779528,0.4881889763779528,0.6721571665614164,0.8503937007874016
837,0,casia:346,1,1,0.5078125,0.25196850393700787,0.4566929133858268,0.4566929133858268,0.3186189268830101,0.7716535433070866
838,0,casia:239,0,1,0.046875,0.25196850393700787,0.4094488188976378,0.4094488188976378,0.3539727508508506,0.7795275590551181
839,0,casia:025,0,1,0.3046875,0.25196850393700787,0.1732283464566929,0.1732283464566929,0.17720363101164796,0.7401574803149606
840,0,casia:069,0,0,1.0,0.7952755905511811,0.6850393700787402,0.6850393700787402,0.660244783563969,0.7637795275590551
841,0,casia:097,0,0,1.0,1.0,1.0,0.8346456692913385,1.235385912770459,0.905511811023622
842,0,casia:254,1,1,0.015625,0.25984251968503935,0.3858267716535433,0.6220472440944882,-2.226856398801513,0.2047244094488189
843,0,casia:129,0,0,0.9921875,0.7007874015748031,1.0,0.4015748031496063,-0.3622283350253467,0.5118110236220472
844,0,casia:166,0,0,1.0,1.0,0.8267716535433071,0.8267716535433071,-2.0556994376889004,0.09448818897637795
845,0,casia:209,0,0,1.0,1.0,0.2283464566929134,0.2283464566929134,0.5004833587843887,0.7244094488188977
846,0,casia:444,1,1,0.2578125,0.2992125984251969,0.3700787401574803,0.3700787401574803,0.5660956946578943,0.8267716535433071
847,0,casia:451,1,1,0.5078125,0.3779527559055118,0.8582677165354331,0.8582677165354331,1.0964030541755034,0.9448818897637795
848,0,casia:314,1,1,0.109375,0.25984251968503935,0.7480314960629921,0.7480314960629921,1.0256954062398222,0.9291338582677166
849,0,casia:276,1,1,0.375,0.25196850393700787,0.41732283464566927,0.6299212598425197,0.6014495186257349,0.8346456692913385
850,0,casia:428,1,1,0.3515625,0.25984251968503935,0.5905511811023622,0.9606299212598425,0.9196339343363003,0.905511811023622
851,0,casia:186,0,1,0.1015625,0.14173228346456693,0.3700787401574803,0.3700787401574803,0.4600342227543727,0.8031496062992126
852,0,casia:325,1,1,0.109375,0.2677165354330709,0.5590551181102362,0.5590551181102362,-0.38845755247380165,0.6141732283464567
853,0,casia:022,0,0,1.0,1.0,0.9133858267716536,0.9133858267716536,0.7561016384317176,0.7874015748031497
854,0,casia:094,0,0,0.9921875,0.1968503937007874,0.7637795275590551,0.7637795275590551,-0.26637148015759804,0.5354330708661418
855,0,casia:243,0,0,1.0,1.0,1.0,0.5984251968503937,0.40462650391664007,0.7007874015748031
856,0,casia:320,1,1,0.0078125,0.25196850393700787,0.3858267716535433,0.3858267716535433,-0.5652266723130048,0.5748031496062992
857,0,casia:449,1,1,0.2578125,0.25984251968503935,0.6062992125984252,0.6062992125984252,1.0610492302076628,0.937007874015748
858,0,casia:064,0,0,1.0,1.0,0.5905511811023622,0.5905511811023622,0.8839107782553818,0.8188976377952756
859,0,casia:324,1,1,0.015625,0.25196850393700787,0.28346456692913385,0.28346456692913385,-1.6258413913482228,0.33858267716535434
860,0,casia:109,0,0,1.0,1.0,0.5590551181102362,0.5590551181102362,-0.74565575449634,0.41732283464566927
861,0,casia:004,0,0,1.0,1.0,0.49606299212598426,0.49606299212598426,1.0436722030349626,0.8582677165354331
862,0,casia:486,1,1,0.0234375,0.25196850393700787,0.5669291338582677,0.5669291338582677,0.00043451117244476187,0.7007874015748031
863,0,casia:247,0,1,0.0078125,0.25196850393700787,0.3700787401574803,0.3700787401574803,-0.9541187359592512,0.4881889763779528
864,0,casia:249,0,0,1.0,1.0,0.5354330708661418,0.6929133858267716,0.34072193400480794,0.6850393700787402
865,0,casia:326,1,1,0.0546875,0.25984251968503935,0.4645669291338583,0.4645669291338583,0.07114215910812584,0.7165354330708661
866,0,casia:218,0,0,1.0,0.9212598425196851,0.2047244094488189,0.8818897637795275,0.08510365435747903,0.6220472440944882
867,0,casia:164,0,0,1.0,1.0,1.0,0.5275590551181102,1.0436722030349626,0.8582677165354331
868,0,casia:378,1,1,0.3359375,0.3543307086614173,0.6141732283464567,0.7401574803149606,0.707510990529257,0.8582677165354331
869,0,casia:412,1,1,0.046875,0.1732283464566929,0.3228346456692913,0.3228346456692913,-0.5652266723130048,0.5748031496062992
870,0,casia:063,0,0,0.9765625,0.49606299212598426,0.84251968503937,0.84251968503937,1.1714813428586268,0.889763779527559
871,0,casia:175,0,0,1.0,1.0,0.889763779527559,0.889763779527559,0.660244783563969,0.7637795275590551
872,0,casia:295,1,1,0.015625,0.25196850393700787,0.7559055118110236,0.7559055118110236,-1.5197799194447008,0.36220472440944884
873,0,casia:309,1,1,0.0625,0.25196850393700787,0.4566929133858268,0.4566929133858268,0.0357883351402853,0.7086614173228346
874,0,casia:476,1,1,0.1171875,0.25196850393700787,0.889763779527559,0.889763779527559,0.6368033425935754,0.84251968503937
875,0,casia:447,1,1,0.6015625,0.6456692913385826,0.5511811023622047,0.5511811023622047,0.28326510291516954,0.7637795275590551
876,0,casia:338,1,1,0.0234375,0.25984251968503935,0.2440944881889764,0.3228346456692913,-1.696549039283904,0.3228346456692913
877,0,casia:476,1,1,0.4453125,0.36220472440944884,0.9133858267716536,0.8188976377952756,0.17720363101164796,0.7401574803149606
878,0,casia:334,1,1,0.1484375,0.25196850393700787,0.5354330708661418,0.5354330708661418,-0.03491931279539578,0.6929133858267716
879,0,casia:418,1,1,0.3984375,0.2755905511811024,0.7637795275590551,0.7637795275590551,1.0964030541755034,0.9448818897637795
880,0,casia:282,1,1,0.0078125,0.1889763779527559,0.4015748031496063,0.4015748031496063,-0.6359343202486859,0.5590551181102362
881,0,casia:387,1,1,0.0546875,0.28346456692913385,0.4094488188976378,0.15748031496062992,0.9196339343363003,0.905511811023622
882,0,casia:420,1,1,0.2265625,0.25196850393700787,0.5748031496062992,0.5748031496062992,0.49538804672221326,0.8110236220472441
883,0,casia:100,0,0,1.0,1.0,1.0,0.8267716535433071,0.9158630632112978,0.8267716535433071
884,0,casia:439,1,1,0.0703125,0.25984251968503935,0.36220472440944884,0.36220472440944884,-1.236949327701976,0.4251968503937008
885,0,casia:350,1,1,0.3515625,0.2992125984251969,0.5039370078740157,0.5039370078740157,0.9196339343363003,0.905511811023622
886,0,casia:003,0,0,0.984375,0.14173228346456693,0.023622047244094488,0.023622047244094488,-2.183508577512565,0.06299212598425197
887,0,casia:391,1,1,0.2421875,0.2677165354330709,0.7401574803149606,0.36220472440944884,0.9549877583041413,0.9133858267716536
888,0,casia:427,1,1,0.34375,0.25196850393700787,0.7401574803149606,0.1968503937007874,-0.8480572640557297,0.5118110236220472
889,0,casia:018,0,0,1.0,1.0,0.2283464566929134,0.2283464566929134,-1.288844598746914,0.28346456692913385
890,0,casia:216,0,0,1.0,1.0,0.6220472440944882,0.6220472440944882,0.43657878887255613,0.7086614173228346
891,0,casia:222,0,0,1.0,1.0,0.3779527559055118,0.3779527559055118,-0.6178466146726755,0.44881889763779526
892,0,casia:055,0,0,1.0,1.0,1.0,0.7480314960629921,1.1714813428586268,0.889763779527559
893,0,casia:176,0,0,1.0,1.0,0.8346456692913385,0.8346456692913385,0.5643879286962208,0.7401574803149606
894,0,casia:203,0,0,1.0,1.0,0.2204724409448819,0.2204724409448819,0.5963402136521369,0.7480314960629921
895,0,casia:073,0,1,0.0078125,0.2677165354330709,0.15748031496062992,0.15748031496062992,-0.9541187359592512,0.4881889763779528
896,0,casia:100,0,0,1.0,1.0,1.0,0.3779527559055118,0.8519584932994658,0.8110236220472441
897,0,casia:207,0,0,1.0,1.0,1.0,0.6692913385826772,0.372674218960724,0.6929133858267716
898,0,casia:000,0,0,1.0,1.0,0.6692913385826772,0.1732283464566929,-1.7361765881297395,0.1732283464566929
899,0,casia:125,0,0,1.0,1.0,0.3700787401574803,0.3700787401574803,0.11705593931339509,0.6299212598425197
900,0,casia:290,1,1,0.015625,0.25984251968503935,0.4330708661417323,0.4330708661417323,0.5660956946578943,0.8267716535433071
901,0,casia:149,0,0,1.0,1.0,0.2047244094488189,0.2047244094488189,-2.183508577512565,0.06299212598425197
902,0,casia:034,0,0,0.984375,0.28346456692913385,0.2677165354330709,0.6692913385826772,0.5643879286962208,0.7401574803149606
903,0,casia:061,0,0,1.0,1.0,0.4251968503937008,0.84251968503937,-1.0651786040555011,0.33858267716535434
904,0,casia:285,1,1,0.0390625,0.25984251968503935,0.2125984251968504,0.4094488188976378,0.17720363101164796,0.7401574803149606
905,0,casia:071,0,0,1.0,0.2125984251968504,0.031496062992125984,0.031496062992125984,-2.407174572203978,0.007874015748031496
906,0,casia:239,0,0,1.0,1.0,0.2755905511811024,0.2755905511811024,-0.20246691024576594,0.5511811023622047
907,0,casia:144,0,0,1.0,1.0,0.7480314960629921,0.7480314960629921,0.8200062083435498,0.8031496062992126
908,0,casia:451,1,1,0.625,0.7401574803149606,0.8582677165354331,0.8582677165354331,1.0964030541755034,0.9448818897637795
909,0,casia:314,1,1,0.1484375,0.2992125984251969,0.30708661417322836,0.30708661417322836,0.8842801103684597,0.8976377952755905
910,0,casia:201,0,0,1.0,1.0,0.6535433070866141,0.6535433070866141,-0.6817511845845077,0.4330708661417323
911,0,casia:294,1,1,0.140625,0.25196850393700787,0.2677165354330709,0.2677165354330709,-0.1409807846989174,0.6692913385826772
912,0,casia:418,1,1,0.265625,0.31496062992125984,0.6929133858267716,0.6929133858267716,0.9903415822719818,0.9212598425196851
913,0,casia:116,0,0,1.0,1.0,0.6535433070866141,0.6535433070866141,1.0436722030349626,0.8582677165354331
914,0,casia:315,1,1,0.0078125,0.25196850393700787,0.1732283464566929,0.5433070866141733,0.49538804672221326,0.8110236220472441
915,0,casia:106,0,0,1.0,1.0,0.7322834645669292,0.7322834645669292,0.8519584932994658,0.8110236220472441
916,0,casia:494,1,1,0.0546875,0.3937007874015748,0.4015748031496063,0.4015748031496063,0.3186189268830101,0.7716535433070866
917,0,casia:096,0,0,1.0,1.0,0.48031496062992124,0.7007874015748031,0.6282924986080529,0.7559055118110236
918,0,casia:022,0,0,1.0,1.0,1.0,0.7716535433070866,0.43657878887255613,0.7086614173228346
919,0,casia:491,1,1,0.234375,0.3464566929133858,0.25196850393700787,0.25196850393700787,-0.21168843263459897,0.6535433070866141
920,0,casia:067,0,1,0.3125,0.2755905511811024,0.1968503937007874,0.1968503937007874,-1.9086719830909475,0.2755905511811024
921,0,casia:260,1,1,0.0078125,0.07086614173228346,0.33070866141732286,0.30708661417322836,-0.9541187359592512,0.4881889763779528
922,0,casia:299,1,1,0.0078125,0.25196850393700787,0.5826771653543307,0.5826771653543307,-0.9187649119914107,0.49606299212598426
923,0,casia:312,1,1,0.4765625,0.36220472440944884,0.8503937007874016,0.8503937007874016,0.17720363101164796,0.7401574803149606
924,0,casia:312,1,1,0.2890625,0.2677165354330709,0.6220472440944882,0.6220472440944882,0.2125574549794885,0.7480314960629921
925,0,casia:179,0,0,1.0,1.0,1.0,0.41732283464566927,0.97976763312313,0.84251968503937
926,0,casia:126,0,0,1.0,1.0,0.5826771653543307,0.4094488188976378,0.8200062083435498,0.8031496062992126
927,0,casia:371,1,0,1.0,1.0,0.023622047244094488,0.023622047244094488,-2.0556994376889004,0.09448818897637795
928,0,casia:452,1,1,0.2109375,0.25984251968503935,0.23622047244094488,0.8031496062992126,0.17720363101164796,0.7401574803149606
929,0,casia:394,1,1,0.34375,0.2677165354330709,0.6850393700787402,1.0,1.131756878143344,0.952755905511811
930,0,casia:250,1,0,1.0,1.0,0.18110236220472442,0.4015748031496063,0.1809605092252272,0.6456692913385826
931,0,casia:482,1,0,0.9921875,0.36220472440944884,0.2677165354330709,0.2677165354330709,-2.087651722644817,0.08661417322834646
932,0,casia:012,0,0,1.0,1.0,1.0,0.3937007874015748,1.0756244879908787,0.8661417322834646
933,0,casia:266,1,1,0.359375,0.44881889763779526,0.2755905511811024,0.7795275590551181,-0.2470422566024395,0.6456692913385826
934,0,casia:174,0,0,1.0,1.0,0.6062992125984252,0.6062992125984252,0.9478153481672139,0.8346456692913385
935,0,casia:479,1,1,0.046875,0.30708661417322836,0.6535433070866141,0.6535433070866141,-0.706641968184367,0.5433070866141733
936,0,casia:232,0,1,0.09375,0.25196850393700787,0.3228346456692913,0.3228346456692913,-1.272303151669817,0.41732283464566927
937,0,casia:142,0,0,0.9921875,0.9763779527559056,0.6220472440944882,0.6220472440944882,-1.097130889011417,0.33070866141732286
938,0,casia:387,1,1,0.625,0.5354330708661418,0.44881889763779526,0.7480314960629921,1.0610492302076628,0.937007874015748
939,0,casia:046,0,0,1.0,1.0,0.8740157480314961,0.8740157480314961,0.7880539233876337,0.7952755905511811
940,0,casia:075,0,0,1.0,1.0,0.7559055118110236,0.7559055118110236,0.7561016384317176,0.7874015748031497
941,0,casia:485,1,1,0.40625,0.25196850393700787,0.44881889763779526,0.44881889763779526,-1.166241679766295,0.4409448818897638
942,0,casia:102,0,0,1.0,1.0,1.0,0.4094488188976378,0.30876964904889187,0.6771653543307087
943,0,casia:185,0,0,1.0,1.0,0.2992125984251969,0.2992125984251969,-0.4580851898930949,0.4881889763779528
944,0,casia:355,1,1,0.0546875,0.25196850393700787,0.6220472440944882,0.6220472440944882,-0.3531037285059611,0.6220472440944882
945,0,casia:217,0,0,1.0,0.3937007874015748,0.9133858267716536,0.9133858267716536,0.1809605092252272,0.6456692913385826
946,0,casia:488,1,1,0.1171875,0.25984251968503935,0.7716535433070866,0.6220472440944882,-0.28239608057028004,0.6377952755905512
947,0,casia:052,0,1,0.3203125,0.2677165354330709,0.4251968503937008,0.4251968503937008,0.9196339343363003,0.905511811023622
948,0,casia:429,1,1,0.4921875,0.28346456692913385,0.3779527559055118,0.5984251968503937,-0.4591652004094827,0.5984251968503937
949,0,casia:215,0,0,1.0,1.0,0.5984251968503937,0.5984251968503937,0.372674218960724,0.6929133858267716
950,0,casia:047,0,0,1.0,1.0,0.8818897637795275,0.6614173228346457,0.14900822426931115,0.6377952755905512
951,0,casia:134,0,0,0.9921875,1.0,0.6456692913385826,0.6456692913385826,1.0436722030349626,0.8582677165354331
952,0,casia:227,0,1,0.015625,0.1889763779527559,0.031496062992125984,0.3464566929133858,-1.7319028632517446,0.31496062992125984
953,0,casia:186,0,1,0.0546875,0.25196850393700787,0.12598425196850394,0.12598425196850394,0.707510990529257,0.8582677165354331
954,0,casia:118,0,0,1.0,1.0,0.9606299212598425,0.9606299212598425,1.0436722030349626,0.8582677165354331
955,0,casia:226,0,0,1.0,1.0,0.11023622047244094,0.11023622047244094,0.97976763312313,0.84251968503937
956,0,casia:459,1,1,0.6171875,0.2992125984251969,0.4015748031496063,0.4015748031496063,0.17720363101164796,0.7401574803149606
957,0,casia:101,0,0,1.0,1.0,0.25196850393700787,0.25196850393700787,-1.7042243031738233,0.18110236220472442
958,0,casia:167,0,0,1.0,1.0,0.25196850393700787,0.25196850393700787,0.7241493534758011,0.7795275590551181
959,0,casia:071,0,0,1.0,1.0,0.5275590551181102,0.5275590551181102,-1.8959380129093202,0.13385826771653545
960,0,casia:353,1,1,0.2109375,0.25196850393700787,0.5590551181102362,0.33070866141732286,0.00043451117244476187,0.7007874015748031
961,0,casia:170,0,0,1.0,1.0,0.6771653543307087,0.6771653543307087,0.9478153481672139,0.8346456692913385
962,0,casia:297,1,1,0.015625,0.25196850393700787,0.2283464566929134,0.5118110236220472,-0.5652266723130048,0.5748031496062992
963,0,casia:092,0,0,1.0,1.0,0.8188976377952756,0.8188976377952756,0.8519584932994658,0.8110236220472441
964,0,casia:490,1,1,0.0390625,0.28346456692913385,0.33858267716535434,0.25196850393700787,0.17720363101164796,0.7401574803149606
965,0,casia:453,1,1,0.703125,0.6062992125984252,0.4094488188976378,0.4094488188976378,-0.10562696073107684,0.6771653543307087
966,0,casia:052,0,0,1.0,1.0,0.5590551181102362,0.5590551181102362,-1.7361765881297395,0.1732283464566929
967,0,casia:425,1,1,0.046875,0.25196850393700787,0.14960629921259844,0.14960629921259844,0.6368033425935754,0.84251968503937
968,0,casia:431,1,1,0.390625,0.28346456692913385,0.44881889763779526,0.9606299212598425,0.6368033425935754,0.84251968503937
969,0,casia:309,1,1,0.0234375,0.25984251968503935,0.3543307086614173,0.4645669291338583,-1.4490722715090198,0.3779527559055118
970,0,casia:261,1,1,0.015625,0.25196850393700787,0.1732283464566929,0.1732283464566929,0.07114215910812584,0.7165354330708661
971,0,casia:348,1,1,0.3203125,0.2755905511811024,0.5669291338582677,0.5669291338582677,1.202464526079025,0.968503937007874
972,0,casia:010,0,0,1.0,1.0,1.0,0.47244094488188976,0.8519584932994658,0.8110236220472441
973,0,casia:042,0,0,1.0,1.0,0.7795275590551181,0.7795275590551181,-0.9373694642318366,0.3700787401574803
974,0,casia:130,0,0,1.0,1.0,0.7244094488188977,0.7244094488188977,0.5004833587843887,0.7244094488188977
975,0,casia:174,0,0,1.0,1.0,0.3464566929133858,0.3464566929133858,0.7880539233876337,0.7952755905511811
976,0,casia:431,1,1,0.1015625,0.2992125984251969,0.5905511811023622,0.49606299212598426,0.9549877583041413,0.9133858267716536
977,0,casia:084,0,0,1.0,1.0,0.5590551181102362,0.5590551181102362,0.6282924986080529,0.7559055118110236
978,0,casia:151,0,0,1.0,1.0,0.8031496062992126,0.8031496062992126,0.8200062083435498,0.8031496062992126
979,0,casia:311,1,1,0.0234375,0.1968503937007874,0.3937007874015748,0.3937007874015748,-1.5551337434125416,0.3543307086614173
980,0,casia:390,1,1,0.0078125,0.25196850393700787,0.3700787401574803,0.25196850393700787,0.7782186384649381,0.8740157480314961
981,0,casia:021,0,0,1.0,1.0,0.7637795275590551,0.7637795275590551,0.97976763312313,0.84251968503937
982,0,casia:321,1,1,0.140625,0.25196850393700787,0.6062992125984252,0.6062992125984252,-2.438979342608557,0.15748031496062992
983,0,casia:494,1,1,0.015625,0.25984251968503935,0.2677165354330709,0.2677165354330709,-0.989472559927092,0.48031496062992124
984,0,casia:006,0,0,1.0,1.0,0.7795275590551181,0.7795275590551181,0.5324356437403047,0.7322834645669292
985,0,casia:378,1,1,0.4140625,0.25984251968503935,0.3700787401574803,0.7401574803149606,-0.17633460866675793,0.6614173228346457
986,0,casia:138,0,1,0.640625,0.25196850393700787,0.4409448818897638,0.4409448818897638,-1.696549039283904,0.3228346456692913
987,0,casia:163,0,0,1.0,1.0,0.6850393700787402,0.6850393700787402,0.02119908444564691,0.6062992125984252
988,0,casia:041,0,0,1.0,1.0,0.6692913385826772,0.6692913385826772,-1.1290831739673335,0.3228346456692913
989,0,casia:073,0,0,1.0,1.0,0.3543307086614173,0.3543307086614173,0.5643879286962208,0.7401574803149606
990,0,casia:275,1,1,0.1328125,0.25196850393700787,0.31496062992125984,0.84251968503937,-0.8480572640557297,0.5118110236220472
991,0,casia:345,1,1,0.1796875,0.36220472440944884,0.7716535433070866,0.7716535433070866,0.28326510291516954,0.7637795275590551
992,0,casia:355,1,1,0.0390625,0.2755905511811024,0.25984251968503935,0.25984251968503935,0.10649598307596687,0.7244094488188977
993,0,casia:128,0,0,1.0,1.0,0.5354330708661418,0.5354330708661418,-0.26637148015759804,0.5354330708661418
994,0,casia:171,0,0,1.0,1.0,0.1732283464566929,0.1732283464566929,-2.183508577512565,0.06299212598425197
995,0,casia:299,1,1,0.046875,0.25196850393700787,0.1732283464566929,0.7401574803149606,0.10649598307596687,0.7244094488188977
996,0,casia:218,0,1,0.046875,0.031496062992125984,0.007874015748031496,0.007874015748031496,-0.8834110880235702,0.5039370078740157
997,0,casia:094,0,0,1.0,1.0,0.5669291338582677,0.5669291338582677,0.02119908444564691,0.6062992125984252
998,0,casia:097,0,0,1.0,1.0,0.8188976377952756,0.8188976377952756,1.0436722030349626,0.8582677165354331
999,0,casia:416,1,1,0.5,0.25196850393700787,0.5196850393700787,0.5196850393700787,0.5307418706900539,0.8188976377952756
1000,0,casia:272,1,1,0.265625,0.25196850393700787,0.3779527559055118,0.3779527559055118,0.49538804672221326,0.8110236220472441
1001,0,casia:341,1,1,0.4140625,0.30708661417322836,0.6929133858267716,0.6929133858267716,1.0256954062398222,0.9291338582677166
1002,0,casia:211,0,0,1.0,0.25984251968503935,0.33858267716535434,0.33858267716535434,-1.8000811580415719,0.15748031496062992
1003,0,casia:286,1,0,1.0,1.0,1.0,0.25984251968503935,0.34072193400480794,0.6850393700787402
1004,0,casia:008,0,1,0.0234375,0.25984251968503935,0.30708661417322836,0.30708661417322836,-2.438979342608557,0.15748031496062992
1005,0,casia:237,0,0,1.0,1.0,0.6929133858267716,0.6929133858267716,0.7561016384317176,0.7874015748031497
1006,0,casia:284,1,1,0.0078125,0.25196850393700787,0.08661417322834646,0.2125984251968504,-2.0500872789623097,0.2440944881889764
1007,0,casia:024,0,0,0.90625,0.25984251968503935,0.11811023622047244,0.11811023622047244,-1.5125105934383265,0.2283464566929134
1008,0,casia:491,1,1,0.078125,0.25196850393700787,0.25196850393700787,0.25196850393700787,-0.4591652004094827,0.5984251968503937
1009,0,casia:299,1,1,0.140625,0.31496062992125984,0.18110236220472442,0.6614173228346457,0.6014495186257349,0.8346456692913385
1010,0,casia:471,1,1,0.265625,0.25984251968503935,0.2440944881889764,0.2440944881889764,0.17720363101164796,0.7401574803149606
1011,0,casia:260,1,1,0.0078125,0.25196850393700787,0.08661417322834646,0.08661417322834646,-1.4137184475411793,0.3858267716535433
1012,0,casia:121,0,0,1.0,1.0,1.0,0.7874015748031497,0.4685310738284722,0.7165354330708661
1013,0,casia:405,1,1,0.046875,0.25196850393700787,0.7716535433070866,0.7716535433070866,0.9549877583041413,0.9133858267716536
1014,0,casia:301,1,1,0.09375,0.2755905511811024,0.7086614173228346,0.7007874015748031,0.8489262864006192,0.889763779527559
1015,0,casia:091,0,1,0.0078125,0.015748031496062992,0.007874015748031496,0.007874015748031496,-2.9339328781583247,0.047244094488188976
1016,0,casia:383,1,1,0.46875,0.25984251968503935,0.8740157480314961,0.7401574803149606,0.9196339343363003,0.905511811023622
1017,0,casia:079,0,0,1.0,1.0,0.15748031496062992,0.15748031496062992,-2.31131771733623,0.031496062992125984
1018,0,casia:455,1,1,0.0234375,0.25196850393700787,0.14173228346456693,0.14173228346456693,-2.1561487508658317,0.2204724409448819
1019,0,casia:189,0,0,1.0,1.0,1.0,0.3543307086614173,0.11705593931339509,0.6299212598425197
1020,0,casia:258,1,1,0.28125,0.25984251968503935,0.7559055118110236,0.7559055118110236,1.0256954062398222,0.9291338582677166
1021,0,casia:495,1,1,0.109375,0.29133858267716534,0.5039370078740157,0.4015748031496063,0.707510990529257,0.8582677165354331
1022,0,casia:025,0,0,1.0,1.0,0.48031496062992124,0.48031496062992124,1.0756244879908787,0.8661417322834646
1023,0,casia:303,1,1,0.0390625,0.30708661417322836,0.25196850393700787,0.25196850393700787,-0.4591652004094827,0.5984251968503937
