sample_index,membership_label,user_id,true_label,base_prediction,label_stability_score,sampling_attack_score,transfer_attack_score,boundary_attack_score,dhattack_style_score,dhattack_style_raw_score
0,1,train:3461,1,1,0.015625,0.2857142857142857,0.47619047619047616,0.47619047619047616,0.7711379342244655,0.7142857142857143
1,1,train:5343,0,0,0.78125,0.31746031746031744,1.0,0.031746031746031744,-1.8787266006775052,0.031746031746031744
2,1,train:4305,0,0,1.0,1.0,0.09523809523809523,0.09523809523809523,0.568331372224972,0.4444444444444444
3,1,train:308,1,0,0.953125,0.2222222222222222,0.015873015873015872,0.015873015873015872,-1.9728442150199081,0.015873015873015872
4,1,train:6638,0,0,1.0,1.0,0.5714285714285714,0.5714285714285714,0.7565666009097779,0.47619047619047616
5,1,train:1884,0,0,1.0,0.6190476190476191,0.2222222222222222,0.2222222222222222,-0.7493152285686695,0.2222222222222222
6,1,test:5427,0,1,0.4375,0.12698412698412698,0.031746031746031744,0.015873015873015872,-2.4800879735191264,0.015873015873015872
7,1,train:1266,1,0,1.0,0.07936507936507936,0.015873015873015872,0.015873015873015872,0.8506842152521809,0.49206349206349204
8,1,train:9366,1,0,1.0,1.0,0.4444444444444444,0.4444444444444444,0.3800961435401661,0.4126984126984127
9,1,train:5167,0,0,1.0,1.0,0.5079365079365079,0.5079365079365079,1.038919443936987,0.5238095238095238
10,1,train:10072,0,0,1.0,1.0,0.7777777777777778,0.7777777777777778,1.415389901306599,0.5873015873015873
11,1,train:6673,1,0,1.0,1.0,0.6507936507936508,0.6507936507936508,1.038919443936987,0.5238095238095238
12,1,train:9188,0,0,1.0,1.0,0.746031746031746,0.746031746031746,0.0036256861705542018,0.3492063492063492
13,1,train:8488,0,0,1.0,1.0,0.6984126984126984,0.6984126984126984,0.7565666009097779,0.47619047619047616
14,1,train:8116,0,1,0.109375,0.25396825396825395,0.49206349206349204,0.49206349206349204,-0.4111260322277497,0.4603174603174603
15,1,train:5282,1,0,1.0,1.0,0.20634920634920634,0.20634920634920634,-0.7493152285686695,0.2222222222222222
16,1,train:5227,0,0,1.0,1.0,0.6825396825396826,0.6825396825396826,0.47421375788256903,0.42857142857142855
17,1,train:4665,1,1,0.71875,0.7936507936507936,0.8253968253968254,0.8253968253968254,1.0667039258375193,0.7777777777777778
18,1,train:6845,1,1,0.96875,0.7619047619047619,1.0,0.8888888888888888,0.7711379342244655,0.7142857142857143
19,1,test:5699,1,1,0.390625,0.49206349206349204,0.7619047619047619,0.7619047619047619,0.032222955191831194,0.5555555555555556
20,1,train:1780,1,1,0.09375,0.2698412698412698,0.42857142857142855,0.42857142857142855,-1.4456070028734378,0.23809523809523808
21,1,train:8762,1,0,0.84375,0.23809523809523808,0.047619047619047616,0.047619047619047616,-1.0316680715958784,0.1746031746031746
22,1,train:1660,1,0,0.875,0.12698412698412698,0.015873015873015872,0.015873015873015872,-1.9728442150199081,0.015873015873015872
23,1,train:6505,1,1,0.25,0.2857142857142857,0.06349206349206349,0.06349206349206349,-2.0367389860995453,0.1111111111111111
24,1,train:2225,0,0,1.0,1.0,0.5555555555555556,0.5555555555555556,0.7565666009097779,0.47619047619047616
25,1,train:4944,0,0,1.0,1.0,0.6984126984126984,0.6984126984126984,1.038919443936987,0.5238095238095238
26,1,train:1884,0,0,1.0,1.0,0.6349206349206349,0.6349206349206349,-0.09049192817184876,0.3333333333333333
27,1,train:709,1,1,0.546875,0.30158730158730157,0.6825396825396826,0.6825396825396826,0.6233549384179387,0.6825396825396826
28,1,train:5815,1,0,0.984375,0.6349206349206349,0.07936507936507936,0.07936507936507936,-1.8787266006775052,0.031746031746031744
29,1,train:4916,0,0,1.0,1.0,0.49206349206349204,0.49206349206349204,0.568331372224972,0.4444444444444444
30,1,test:5427,0,0,1.0,1.0,0.6984126984126984,0.6984126984126984,1.791860358676211,0.6507936507936508
31,1,train:1660,1,1,0.015625,0.25396825396825395,0.3492063492063492,0.3492063492063492,-1.150041011260384,0.30158730158730157
32,1,train:6415,0,0,1.0,1.0,0.5714285714285714,0.5714285714285714,1.415389901306599,0.5873015873015873
33,1,train:4929,0,0,0.875,0.5396825396825397,0.07936507936507936,0.07936507936507936,-1.596373757650296,0.07936507936507936
34,1,test:2775,1,0,1.0,1.0,0.23809523809523808,0.23809523809523808,-1.6904913719926993,0.06349206349206349
35,1,train:5574,0,0,1.0,1.0,0.36507936507936506,0.36507936507936506,-0.46696238554146063,0.2698412698412698
36,1,train:5537,0,1,0.171875,0.2698412698412698,0.2857142857142857,0.2857142857142857,-0.2633430364212228,0.49206349206349204
37,1,train:529,1,0,0.921875,0.9682539682539683,0.2698412698412698,0.2698412698412698,-1.0316680715958784,0.1746031746031746
38,1,train:5864,0,0,1.0,1.0,0.6666666666666666,0.6666666666666666,0.0036256861705542018,0.3492063492063492
39,1,train:3562,1,0,1.0,1.0,0.38095238095238093,0.5555555555555556,-0.46696238554146063,0.2698412698412698
40,1,train:9284,1,1,0.25,0.2698412698412698,0.5079365079365079,0.5079365079365079,0.18000595099835806,0.5873015873015873
41,1,train:8488,1,1,0.78125,0.3492063492063492,0.6666666666666666,0.6666666666666666,1.1405954237407825,0.7936507936507936
42,1,train:2204,1,1,0.5625,0.25396825396825395,0.7619047619047619,0.9365079365079365,0.25389744890162125,0.6031746031746031
43,1,train:5172,0,0,0.953125,0.6190476190476191,0.14285714285714285,0.14285714285714285,-1.4081385289654902,0.1111111111111111
44,1,train:5430,0,0,1.0,1.0,0.6666666666666666,0.6666666666666666,1.1330370582793898,0.5396825396825397
45,1,train:6569,0,0,1.0,1.0,0.7142857142857143,0.30158730158730157,0.7565666009097779,0.47619047619047616
46,1,train:648,0,0,1.0,1.0,0.3492063492063492,0.3333333333333333,-0.3728447711990577,0.2857142857142857
47,1,train:6415,1,0,1.0,1.0,0.7142857142857143,0.7142857142857143,0.7565666009097779,0.47619047619047616
48,1,train:8762,1,1,0.640625,0.2698412698412698,0.746031746031746,0.746031746031746,0.25389744890162125,0.6031746031746031
49,1,train:2970,1,0,0.890625,0.31746031746031744,0.5714285714285714,0.5714285714285714,-0.18460954251425174,0.31746031746031744
50,1,train:1660,1,1,0.28125,0.25396825396825395,0.9841269841269841,0.9841269841269841,-1.667281496583228,0.19047619047619047
51,1,train:8857,0,1,0.171875,0.25396825396825395,0.9047619047619048,0.9047619047619048,0.18000595099835806,0.5873015873015873
52,1,train:5364,1,1,0.921875,1.0,0.6984126984126984,0.6984126984126984,1.2883784195473094,0.8253968253968254
53,1,train:5809,0,0,1.0,1.0,0.7619047619047619,0.7619047619047619,1.3212722869641957,0.5714285714285714
54,1,train:4665,1,1,0.359375,0.2698412698412698,0.9841269841269841,0.9841269841269841,0.10611445309509437,0.5714285714285714
55,1,train:8487,0,0,0.984375,1.0,0.047619047619047616,0.047619047619047616,-0.46696238554146063,0.2698412698412698
56,1,train:3089,1,1,0.5,0.25396825396825395,0.6349206349206349,0.6349206349206349,0.25389744890162125,0.6031746031746031
57,1,train:4944,0,0,1.0,1.0,0.47619047619047616,0.47619047619047616,0.7565666009097779,0.47619047619047616
58,1,train:262,0,1,0.90625,0.7301587301587301,0.6190476190476191,0.6190476190476191,0.549463440514675,0.6666666666666666
59,1,train:909,1,1,0.78125,0.3492063492063492,0.5555555555555556,0.5555555555555556,-0.11556004061469567,0.5238095238095238
60,1,train:8718,1,1,0.5625,0.3333333333333333,0.49206349206349204,0.49206349206349204,0.9189209300309924,0.746031746031746
61,1,train:5864,0,0,0.984375,1.0,0.5079365079365079,0.5079365079365079,0.47421375788256903,0.42857142857142855
62,1,train:7480,0,0,1.0,1.0,0.9523809523809523,0.7777777777777778,0.7565666009097779,0.47619047619047616
63,1,test:6949,1,0,1.0,1.0,0.3492063492063492,0.3492063492063492,0.09774330051295717,0.36507936507936506
64,1,train:532,1,1,0.203125,0.25396825396825395,0.9682539682539683,0.9682539682539683,0.4016804447081481,0.6349206349206349
65,1,train:909,1,1,0.75,0.8888888888888888,0.9047619047619048,0.9047619047619048,0.4016804447081481,0.6349206349206349
66,1,train:9188,0,0,1.0,1.0,0.19047619047619047,0.19047619047619047,-0.3728447711990577,0.2857142857142857
67,1,train:5877,1,0,1.0,1.0,0.30158730158730157,0.6507936507936508,-1.1257856859382813,0.15873015873015872
68,1,train:8756,0,0,1.0,1.0,0.5238095238095238,0.5238095238095238,0.9448018295945838,0.5079365079365079
69,1,train:6673,0,0,1.0,1.0,0.8095238095238095,0.8095238095238095,1.791860358676211,0.6507936507936508
70,1,train:2225,1,1,0.875,0.2698412698412698,0.5396825396825397,0.5396825396825397,0.8450294321277287,0.7301587301587301
71,1,train:8269,1,1,0.65625,0.38095238095238093,0.9365079365079365,0.9365079365079365,1.2144869216440461,0.8095238095238095
72,1,train:2225,0,0,1.0,1.0,0.2857142857142857,0.23809523809523808,-1.1257856859382813,0.15873015873015872
73,1,train:709,1,1,0.984375,1.0,0.8412698412698413,0.7301587301587301,0.6233549384179387,0.6825396825396826
74,1,train:8337,0,0,1.0,1.0,0.5238095238095238,0.5238095238095238,-0.3728447711990577,0.2857142857142857
75,1,train:8756,0,0,1.0,1.0,0.1111111111111111,0.1111111111111111,-1.0316680715958784,0.1746031746031746
76,1,train:8780,1,0,1.0,1.0,0.09523809523809523,0.09523809523809523,-1.4081385289654902,0.1111111111111111
77,1,train:1453,0,0,1.0,1.0,0.6666666666666666,0.6666666666666666,0.0036256861705542018,0.3492063492063492
78,1,train:5816,1,1,0.140625,0.15873015873015872,0.49206349206349204,0.49206349206349204,-2.184521981906072,0.07936507936507936
79,1,train:8857,0,0,0.984375,1.0,0.14285714285714285,0.14285714285714285,-0.6551976142262665,0.23809523809523808
80,1,train:1615,1,1,0.515625,0.25396825396825395,0.8095238095238095,0.8095238095238095,0.8450294321277287,0.7301587301587301
81,1,train:8269,0,0,1.0,1.0,0.20634920634920634,0.20634920634920634,1.038919443936987,0.5238095238095238
82,1,train:999,1,0,1.0,1.0,0.1111111111111111,0.1111111111111111,-1.4081385289654902,0.1111111111111111
83,1,train:9104,1,0,1.0,1.0,0.7142857142857143,0.7142857142857143,-1.7846089863351022,0.047619047619047616
84,1,train:4944,0,0,1.0,1.0,0.6349206349206349,0.6349206349206349,-0.46696238554146063,0.2698412698412698
85,1,train:6438,0,0,1.0,0.20634920634920634,0.031746031746031744,0.031746031746031744,-0.3728447711990577,0.2857142857142857
86,1,train:7612,1,1,0.234375,0.25396825396825395,0.6349206349206349,0.6349206349206349,0.7711379342244655,0.7142857142857143
87,1,train:8718,0,0,1.0,1.0,0.23809523809523808,0.23809523809523808,-0.46696238554146063,0.2698412698412698
88,1,train:1884,0,0,1.0,1.0,0.7142857142857143,0.7142857142857143,0.6624489865673749,0.4603174603174603
89,1,train:1884,1,0,1.0,1.0,0.3333333333333333,0.3333333333333333,-0.8434328429110725,0.20634920634920634
90,1,train:8857,0,0,1.0,1.0,1.0,0.4126984126984127,0.09774330051295717,0.36507936507936506
91,1,train:4944,0,0,1.0,1.0,0.6984126984126984,0.9206349206349206,1.227154672621793,0.5555555555555556
92,1,test:9441,0,0,1.0,1.0,0.7301587301587301,0.7301587301587301,0.7565666009097779,0.47619047619047616
93,1,train:1780,1,0,1.0,1.0,0.873015873015873,0.873015873015873,0.47421375788256903,0.42857142857142855
94,1,train:708,1,1,0.390625,0.47619047619047616,0.9365079365079365,0.9365079365079365,0.18000595099835806,0.5873015873015873
95,1,train:7877,1,0,0.859375,0.42857142857142855,0.07936507936507936,0.06349206349206349,-1.596373757650296,0.07936507936507936
96,1,train:6673,1,1,0.0625,0.12698412698412698,0.09523809523809523,0.09523809523809523,-2.4061964756158623,0.031746031746031744
97,1,train:1660,1,1,0.75,0.6507936507936508,0.7619047619047619,0.7619047619047619,0.7711379342244655,0.7142857142857143
98,1,train:5815,1,0,0.78125,0.6984126984126984,0.1746031746031746,0.1746031746031746,-0.7493152285686695,0.2222222222222222
99,1,train:2970,1,1,0.421875,0.25396825396825395,0.4126984126984127,0.4126984126984127,-0.4111260322277497,0.4603174603174603
100,1,train:4944,0,0,1.0,1.0,0.5873015873015873,0.5873015873015873,0.19186091485536014,0.38095238095238093
101,1,train:5877,1,1,0.25,0.25396825396825395,0.4444444444444444,0.4444444444444444,0.8450294321277287,0.7301587301587301
102,1,train:1033,0,0,1.0,1.0,0.38095238095238093,0.38095238095238093,0.47421375788256903,0.42857142857142855
103,1,train:1780,0,0,1.0,1.0,0.4603174603174603,0.4603174603174603,-0.6551976142262665,0.23809523809523808
104,1,train:4929,1,1,0.34375,0.3333333333333333,0.6825396825396826,0.6825396825396826,-0.33723453432448625,0.47619047619047616
105,1,train:5765,0,1,0.546875,0.25396825396825395,0.5238095238095238,0.9841269841269841,0.6233549384179387,0.6825396825396826
106,1,train:3461,1,1,0.03125,0.25396825396825395,0.9682539682539683,0.1111111111111111,0.4016804447081481,0.6349206349206349
107,1,train:4305,0,0,1.0,1.0,1.0,0.9047619047619048,0.8506842152521809,0.49206349206349204
108,1,train:8756,1,0,0.53125,0.15873015873015872,0.07936507936507936,0.07936507936507936,-1.7846089863351022,0.047619047619047616
109,1,train:4915,0,0,0.9375,0.30158730158730157,0.015873015873015872,0.015873015873015872,-1.8787266006775052,0.031746031746031744
110,1,test:5427,1,1,0.546875,0.25396825396825395,0.8571428571428571,0.8571428571428571,0.9928124279342556,0.7619047619047619
111,1,train:4929,1,1,0.953125,0.7936507936507936,0.8412698412698413,0.7936507936507936,-0.11556004061469567,0.5238095238095238
112,1,train:6569,1,1,0.1875,0.25396825396825395,0.7142857142857143,0.7142857142857143,-1.815064492389755,0.15873015873015872
113,1,train:1866,0,0,1.0,1.0,0.2857142857142857,0.2857142857142857,-0.6551976142262665,0.23809523809523808
114,1,train:1780,1,1,0.765625,0.36507936507936506,0.6666666666666666,0.6666666666666666,0.9189209300309924,0.746031746031746
115,1,train:9816,0,0,1.0,1.0,1.0,1.0,0.9448018295945838,0.5079365079365079
116,1,train:2494,1,0,1.0,1.0,0.5079365079365079,0.5079365079365079,1.415389901306599,0.5873015873015873
117,1,train:3539,1,1,0.640625,0.2698412698412698,0.6507936507936508,0.6507936507936508,0.4016804447081481,0.6349206349206349
118,1,test:2463,1,1,0.703125,0.30158730158730157,1.0,0.9841269841269841,0.6972464363212019,0.6984126984126984
119,1,train:5833,1,1,0.390625,0.2698412698412698,0.30158730158730157,0.30158730158730157,0.9928124279342556,0.7619047619047619
120,1,train:6569,0,0,1.0,1.0,0.7777777777777778,0.7777777777777778,0.9448018295945838,0.5079365079365079
121,1,train:262,0,1,0.796875,0.4603174603174603,0.8253968253968254,0.6666666666666666,0.47557194261141184,0.6507936507936508
122,1,train:7612,1,0,0.71875,0.2698412698412698,0.06349206349206349,0.06349206349206349,-1.6904913719926993,0.06349206349206349
123,1,train:5035,1,1,0.5625,0.2857142857142857,0.3492063492063492,0.9047619047619048,0.25389744890162125,0.6031746031746031
124,1,train:418,0,0,0.953125,1.0,0.6825396825396826,0.6825396825396826,-0.7493152285686695,0.2222222222222222
125,1,test:2463,0,0,0.96875,1.0,0.7142857142857143,0.7142857142857143,-0.46696238554146063,0.2698412698412698
126,1,train:3562,1,1,0.5,0.25396825396825395,0.7777777777777778,0.14285714285714285,0.6972464363212019,0.6984126984126984
127,1,train:2753,1,1,0.109375,0.25396825396825395,0.4126984126984127,0.4126984126984127,-0.7805835217440669,0.38095238095238093
128,1,train:359,0,1,0.53125,0.30158730158730157,0.8412698412698413,0.8412698412698413,1.0667039258375193,0.7777777777777778
129,1,train:2225,0,1,0.609375,0.9365079365079365,0.6825396825396826,0.6825396825396826,0.7711379342244655,0.7142857142857143
130,1,train:2544,1,1,0.25,0.2698412698412698,1.0,0.36507936507936506,-0.8544750196473303,0.36507936507936506
131,1,train:6438,0,1,0.515625,0.25396825396825395,0.42857142857142855,0.42857142857142855,0.549463440514675,0.6666666666666666
132,1,train:5534,1,1,0.359375,0.25396825396825395,0.1111111111111111,0.9523809523809523,0.47557194261141184,0.6507936507936508
133,1,train:3461,1,0,1.0,1.0,0.047619047619047616,0.047619047619047616,-0.8434328429110725,0.20634920634920634
134,1,train:7938,0,1,0.8125,0.2857142857142857,0.9206349206349206,0.9206349206349206,-1.4456070028734378,0.23809523809523808
135,1,train:6372,0,0,1.0,1.0,0.8571428571428571,0.8571428571428571,1.227154672621793,0.5555555555555556
136,1,train:7877,1,1,0.265625,0.25396825396825395,0.20634920634920634,0.20634920634920634,-0.2633430364212228,0.49206349206349204
137,1,train:1780,1,0,0.921875,0.5079365079365079,0.07936507936507936,0.07936507936507936,-1.9728442150199081,0.015873015873015872
138,1,train:3570,1,1,0.15625,0.12698412698412698,0.1111111111111111,0.1111111111111111,-2.184521981906072,0.07936507936507936
139,1,train:7170,0,0,1.0,1.0,0.5714285714285714,0.5714285714285714,0.7565666009097779,0.47619047619047616
140,1,train:5555,0,0,1.0,1.0,0.7777777777777778,0.23809523809523808,-0.5610799998838636,0.25396825396825395
141,1,train:2970,1,1,0.453125,0.746031746031746,1.0,0.7142857142857143,0.18000595099835806,0.5873015873015873
142,1,train:5555,0,0,1.0,1.0,0.746031746031746,0.746031746031746,0.2859785291977631,0.3968253968253968
143,1,train:708,1,1,0.09375,0.25396825396825395,0.12698412698412698,0.12698412698412698,-1.8889559902930184,0.14285714285714285
144,1,train:5366,1,1,0.5625,0.36507936507936506,0.5238095238095238,0.9523809523809523,0.6233549384179387,0.6825396825396826
145,1,train:308,1,0,1.0,1.0,0.15873015873015872,0.15873015873015872,-1.596373757650296,0.07936507936507936
146,1,train:5809,1,1,0.90625,0.9682539682539683,0.746031746031746,0.746031746031746,0.9189209300309924,0.746031746031746
147,1,train:4916,0,0,1.0,1.0,0.6984126984126984,0.6984126984126984,1.038919443936987,0.5238095238095238
148,1,train:7510,1,1,0.125,0.031746031746031744,0.6666666666666666,0.6666666666666666,-2.4800879735191264,0.015873015873015872
149,1,train:5877,1,1,0.84375,0.4126984126984127,0.23809523809523808,0.23809523809523808,0.549463440514675,0.6666666666666666
150,1,train:5343,0,0,1.0,1.0,0.49206349206349204,0.49206349206349204,1.1330370582793898,0.5396825396825397
151,1,train:5833,1,1,0.46875,0.25396825396825395,0.7142857142857143,0.7142857142857143,0.47557194261141184,0.6507936507936508
152,1,train:2706,0,1,0.046875,0.12698412698412698,0.5714285714285714,0.5714285714285714,-2.184521981906072,0.07936507936507936
153,1,train:5300,1,1,0.703125,0.5396825396825397,0.5238095238095238,0.5238095238095238,0.7711379342244655,0.7142857142857143
154,1,train:5574,1,1,0.578125,0.36507936507936506,0.9523809523809523,0.9523809523809523,0.6972464363212019,0.6984126984126984
155,1,train:6438,1,1,0.28125,0.25396825396825395,0.5714285714285714,0.5714285714285714,0.8450294321277287,0.7301587301587301
156,1,train:8057,0,0,1.0,1.0,1.0,0.9682539682539683,-0.27872715685665467,0.30158730158730157
157,1,train:2272,0,0,0.875,0.30158730158730157,0.047619047619047616,0.047619047619047616,-1.5022561433078931,0.09523809523809523
158,1,train:1615,1,1,0.59375,0.2857142857142857,0.8571428571428571,0.8571428571428571,0.9189209300309924,0.746031746031746
159,1,train:1866,1,1,0.390625,0.3333333333333333,0.9523809523809523,0.9523809523809523,1.0667039258375193,0.7777777777777778
160,1,train:4916,0,0,1.0,1.0,0.42857142857142855,0.42857142857142855,0.3800961435401661,0.4126984126984127
161,1,train:5035,0,0,1.0,1.0,0.047619047619047616,0.047619047619047616,-0.7493152285686695,0.2222222222222222
162,1,train:7451,1,0,1.0,1.0,0.2857142857142857,0.2857142857142857,0.0036256861705542018,0.3492063492063492
163,1,train:8669,0,0,1.0,1.0,0.1111111111111111,0.1111111111111111,-0.8434328429110725,0.20634920634920634
164,1,train:4916,0,0,1.0,1.0,0.6507936507936508,0.6507936507936508,0.19186091485536014,0.38095238095238093
165,1,train:7451,1,1,0.578125,0.2857142857142857,0.5714285714285714,0.9523809523809523,-0.18945153851795937,0.5079365079365079
166,1,train:17,0,0,1.0,1.0,1.0,0.5238095238095238,0.9448018295945838,0.5079365079365079
167,1,train:5833,1,1,0.53125,0.25396825396825395,0.7142857142857143,0.7142857142857143,1.4361614153538362,0.8571428571428571
168,1,train:5815,1,0,1.0,1.0,0.5873015873015873,0.5873015873015873,0.568331372224972,0.4444444444444444
169,1,train:3539,0,0,1.0,1.0,0.9523809523809523,0.9523809523809523,-0.18460954251425174,0.31746031746031744
170,1,train:5343,0,0,1.0,1.0,0.5714285714285714,0.5714285714285714,0.7565666009097779,0.47619047619047616
171,1,train:7860,1,1,0.203125,0.2698412698412698,0.5079365079365079,0.5079365079365079,-0.18945153851795937,0.5079365079365079
172,1,train:8359,1,0,0.984375,1.0,0.14285714285714285,0.14285714285714285,0.0036256861705542018,0.3492063492063492
173,1,train:6415,1,1,0.015625,0.2857142857142857,0.36507936507936506,0.36507936507936506,-0.18945153851795937,0.5079365079365079
174,1,train:7938,1,0,1.0,1.0,0.09523809523809523,0.09523809523809523,-1.596373757650296,0.07936507936507936
175,1,train:2970,1,0,0.609375,0.6349206349206349,0.14285714285714285,0.14285714285714285,-1.596373757650296,0.07936507936507936
176,1,train:8116,0,0,1.0,1.0,0.4603174603174603,0.4603174603174603,0.7565666009097779,0.47619047619047616
177,1,train:5765,0,0,1.0,1.0,0.2698412698412698,0.2698412698412698,0.09774330051295717,0.36507936507936506
178,1,train:868,1,1,0.5,0.2698412698412698,0.3492063492063492,0.6666666666666666,0.6972464363212019,0.6984126984126984
179,1,train:6438,1,1,0.5625,0.6984126984126984,0.5555555555555556,0.5555555555555556,-1.150041011260384,0.30158730158730157
180,1,train:5537,0,0,0.765625,0.873015873015873,0.1111111111111111,0.1111111111111111,-0.7493152285686695,0.2222222222222222
181,1,train:860,1,1,0.609375,0.4126984126984127,0.9047619047619048,0.9047619047619048,0.9189209300309924,0.746031746031746
182,1,train:1884,1,1,0.125,0.25396825396825395,0.6349206349206349,0.2857142857142857,-0.8544750196473303,0.36507936507936506
183,1,train:4691,1,1,0.84375,0.36507936507936506,0.47619047619047616,0.47619047619047616,0.9189209300309924,0.746031746031746
184,1,train:2437,1,1,0.53125,0.25396825396825395,0.9047619047619048,0.9047619047619048,-0.4850175301310131,0.4444444444444444
185,1,train:2970,1,0,0.890625,0.5555555555555556,0.5873015873015873,0.5873015873015873,-1.5022561433078931,0.09523809523809523
186,1,train:2437,1,1,0.171875,0.2698412698412698,0.30158730158730157,0.30158730158730157,-0.33723453432448625,0.47619047619047616
187,1,train:3706,0,0,1.0,1.0,1.0,0.873015873015873,0.8506842152521809,0.49206349206349204
188,1,train:1615,1,1,0.125,0.25396825396825395,0.746031746031746,0.746031746031746,-1.5194985007767012,0.2222222222222222
189,1,train:5815,0,0,1.0,1.0,0.6984126984126984,0.6984126984126984,1.5095075156490017,0.6031746031746031
190,1,train:7448,0,0,1.0,1.0,0.9682539682539683,0.9682539682539683,1.8859779730186135,0.6666666666666666
191,1,train:2970,0,1,0.59375,0.25396825396825395,0.4444444444444444,0.4444444444444444,0.47557194261141184,0.6507936507936508
192,1,train:8116,0,1,0.375,0.25396825396825395,0.7777777777777778,0.7777777777777778,1.1405954237407825,0.7936507936507936
193,1,train:868,1,1,0.03125,0.25396825396825395,0.746031746031746,0.8412698412698413,0.47557194261141184,0.6507936507936508
194,1,train:3539,0,0,1.0,1.0,0.8571428571428571,0.8571428571428571,1.227154672621793,0.5555555555555556
195,1,train:9773,1,0,1.0,1.0,0.873015873015873,0.873015873015873,1.5095075156490017,0.6031746031746031
196,1,train:709,1,1,0.21875,0.15873015873015872,0.47619047619047616,0.47619047619047616,-0.2633430364212228,0.49206349206349204
197,1,train:1958,1,1,0.59375,0.3333333333333333,0.7301587301587301,0.7301587301587301,0.9189209300309924,0.746031746031746
198,1,train:9994,0,0,1.0,1.0,0.9682539682539683,0.9682539682539683,1.227154672621793,0.5555555555555556
199,1,train:5300,1,1,1.0,0.8253968253968254,0.6825396825396826,0.6825396825396826,-0.63280052593754,0.4126984126984127
200,1,train:8669,1,1,0.03125,0.25396825396825395,0.746031746031746,0.9047619047619048,1.1405954237407825,0.7936507936507936
201,1,train:6673,0,0,1.0,1.0,0.7301587301587301,0.7301587301587301,-0.46696238554146063,0.2698412698412698
202,1,train:7480,1,0,0.984375,1.0,0.3333333333333333,0.1111111111111111,-1.5022561433078931,0.09523809523809523
203,1,train:999,1,1,0.671875,0.36507936507936506,0.9523809523809523,0.9841269841269841,0.8450294321277287,0.7301587301587301
204,1,test:5427,0,0,1.0,1.0,0.3968253968253968,0.3968253968253968,1.038919443936987,0.5238095238095238
205,1,train:4929,1,1,0.203125,0.30158730158730157,0.5873015873015873,0.9841269841269841,0.549463440514675,0.6666666666666666
206,1,train:4334,0,1,0.609375,0.25396825396825395,0.9047619047619048,0.9047619047619048,0.18000595099835806,0.5873015873015873
207,1,train:868,1,1,0.140625,0.2698412698412698,0.7142857142857143,0.7142857142857143,0.32778894680488496,0.6190476190476191
208,1,train:5300,1,1,0.28125,0.2857142857142857,0.6666666666666666,0.49206349206349204,-1.297824007066911,0.2698412698412698
209,1,train:8359,0,0,1.0,1.0,0.873015873015873,0.873015873015873,1.5095075156490017,0.6031746031746031
210,1,train:8116,1,1,0.53125,0.2857142857142857,0.9682539682539683,0.9682539682539683,-0.4850175301310131,0.4444444444444444
211,1,train:7860,0,1,0.359375,0.12698412698412698,1.0,1.0,1.1405954237407825,0.7936507936507936
212,1,train:4305,0,0,1.0,1.0,0.6825396825396826,0.6825396825396826,0.09774330051295717,0.36507936507936506
213,1,train:2809,1,1,0.125,0.25396825396825395,0.9523809523809523,1.0,-0.9283665175505937,0.3492063492063492
214,1,train:7170,1,1,0.46875,0.25396825396825395,0.7777777777777778,0.7777777777777778,0.7711379342244655,0.7142857142857143
215,1,train:5364,1,1,0.578125,0.2698412698412698,0.7619047619047619,0.7619047619047619,-0.5589090280342766,0.42857142857142855
216,1,train:5343,1,0,0.875,0.25396825396825395,0.2222222222222222,0.8888888888888888,0.9448018295945838,0.5079365079365079
217,1,train:9483,0,0,1.0,1.0,0.42857142857142855,0.42857142857142855,-0.46696238554146063,0.2698412698412698
218,1,train:6372,0,0,1.0,1.0,0.9841269841269841,0.7777777777777778,0.9448018295945838,0.5079365079365079
219,1,train:5193,0,0,0.953125,0.9047619047619048,0.23809523809523808,0.23809523809523808,0.19186091485536014,0.38095238095238093
220,1,train:1999,0,0,1.0,1.0,0.4444444444444444,0.4444444444444444,0.47421375788256903,0.42857142857142855
221,1,train:532,1,1,0.203125,0.2698412698412698,0.7936507936507936,0.7936507936507936,0.9189209300309924,0.746031746031746
222,1,train:7612,0,0,1.0,1.0,0.5396825396825397,0.6190476190476191,0.0036256861705542018,0.3492063492063492
223,1,train:9284,1,1,0.359375,0.6349206349206349,0.8571428571428571,0.8571428571428571,0.47557194261141184,0.6507936507936508
224,1,train:1958,0,0,1.0,1.0,0.5079365079365079,0.5079365079365079,-0.5610799998838636,0.25396825396825395
225,1,train:5574,1,1,0.0625,0.19047619047619047,0.5079365079365079,0.5079365079365079,-1.8889559902930184,0.14285714285714285
226,1,train:7938,1,1,0.984375,1.0,0.8412698412698413,0.8412698412698413,0.32778894680488496,0.6190476190476191
227,1,train:8857,0,0,1.0,1.0,0.8095238095238095,0.38095238095238093,-0.3728447711990577,0.2857142857142857
228,1,train:8359,0,0,1.0,1.0,0.6984126984126984,0.6984126984126984,-0.6551976142262665,0.23809523809523808
229,1,train:6845,1,1,0.9375,0.2698412698412698,0.9682539682539683,0.9682539682539683,-0.63280052593754,0.4126984126984127
230,1,train:2544,1,1,0.015625,0.047619047619047616,0.06349206349206349,0.06349206349206349,-2.4800879735191264,0.015873015873015872
231,1,train:5833,1,1,0.734375,0.23809523809523808,0.7301587301587301,0.7301587301587301,0.8450294321277287,0.7301587301587301
232,1,train:6505,1,0,0.921875,1.0,0.25396825396825395,0.25396825396825395,0.47421375788256903,0.42857142857142855
233,1,train:6638,1,0,1.0,1.0,0.30158730158730157,0.30158730158730157,-0.46696238554146063,0.2698412698412698
234,1,train:7938,1,1,0.765625,0.8095238095238095,0.9523809523809523,0.9523809523809523,0.9928124279342556,0.7619047619047619
235,1,train:4915,1,1,0.65625,0.3333333333333333,0.8253968253968254,1.0,0.18000595099835806,0.5873015873015873
236,1,train:1866,1,0,0.984375,0.873015873015873,0.5238095238095238,0.5238095238095238,-1.4081385289654902,0.1111111111111111
237,1,train:5193,1,1,0.046875,0.25396825396825395,0.20634920634920634,0.20634920634920634,0.25389744890162125,0.6031746031746031
238,1,train:1788,1,0,1.0,1.0,0.5714285714285714,0.4444444444444444,1.6036251299914048,0.6190476190476191
239,1,train:2272,0,0,0.96875,1.0,0.09523809523809523,0.09523809523809523,0.8506842152521809,0.49206349206349204
240,1,train:2970,0,1,0.03125,0.2698412698412698,0.4126984126984127,0.4126984126984127,-2.0367389860995453,0.1111111111111111
241,1,train:1727,1,1,0.53125,0.2698412698412698,0.8571428571428571,0.8571428571428571,0.7711379342244655,0.7142857142857143
242,1,test:5610,0,0,0.984375,1.0,0.14285714285714285,0.14285714285714285,-1.3140209146230872,0.12698412698412698
243,1,test:6949,1,1,0.890625,0.8253968253968254,0.8412698412698413,0.8412698412698413,1.4361614153538362,0.8571428571428571
244,1,train:5167,0,0,0.90625,1.0,0.23809523809523808,0.23809523809523808,-0.27872715685665467,0.30158730158730157
245,1,train:3089,1,1,0.015625,0.2698412698412698,0.3492063492063492,0.3492063492063492,0.47557194261141184,0.6507936507936508
246,1,train:6569,0,0,1.0,1.0,0.15873015873015872,0.15873015873015872,-1.3140209146230872,0.12698412698412698
247,1,train:4305,0,0,0.859375,0.2222222222222222,0.07936507936507936,0.07936507936507936,0.6624489865673749,0.4603174603174603
248,1,train:6638,0,0,1.0,1.0,0.6825396825396826,0.6825396825396826,1.038919443936987,0.5238095238095238
249,1,train:5815,1,0,0.921875,0.49206349206349204,0.31746031746031744,0.31746031746031744,-0.27872715685665467,0.30158730158730157
250,1,train:5809,1,1,0.3125,0.25396825396825395,0.6031746031746031,0.6031746031746031,1.0667039258375193,0.7777777777777778
251,1,train:1660,1,1,0.109375,0.19047619047619047,0.1746031746031746,0.1746031746031746,-1.667281496583228,0.19047619047619047
252,1,test:8237,0,0,1.0,1.0,0.5873015873015873,0.5873015873015873,1.1330370582793898,0.5396825396825397
253,1,train:5537,0,0,1.0,1.0,0.8095238095238095,0.9206349206349206,0.6624489865673749,0.4603174603174603
254,1,train:4514,0,0,1.0,1.0,0.5873015873015873,0.5873015873015873,-0.09049192817184876,0.3333333333333333
255,1,train:1033,0,0,1.0,1.0,0.5396825396825397,0.5396825396825397,1.038919443936987,0.5238095238095238
256,1,test:6949,1,1,0.375,0.25396825396825395,0.5396825396825397,0.5396825396825397,-0.2633430364212228,0.49206349206349204
257,1,train:3089,1,1,0.1875,0.2857142857142857,0.9365079365079365,0.9365079365079365,1.2144869216440461,0.8095238095238095
258,1,train:909,1,1,0.84375,0.6984126984126984,0.5079365079365079,0.8253968253968254,0.4016804447081481,0.6349206349206349
259,1,train:1884,1,1,0.46875,0.30158730158730157,0.3333333333333333,0.3333333333333333,0.549463440514675,0.6666666666666666
260,1,train:5815,0,0,1.0,1.0,0.25396825396825395,0.25396825396825395,0.47421375788256903,0.42857142857142855
261,1,train:5364,1,0,1.0,1.0,0.5238095238095238,0.5238095238095238,0.2859785291977631,0.3968253968253968
262,1,train:8451,1,0,1.0,1.0,0.6031746031746031,0.6031746031746031,1.5095075156490017,0.6031746031746031
263,1,train:4944,0,0,1.0,1.0,0.47619047619047616,0.47619047619047616,0.7565666009097779,0.47619047619047616
264,1,train:3230,0,0,1.0,1.0,0.47619047619047616,0.47619047619047616,0.09774330051295717,0.36507936507936506
265,1,test:6949,1,1,0.578125,0.7142857142857143,0.7301587301587301,0.6666666666666666,-0.2633430364212228,0.49206349206349204
266,1,train:9773,0,0,1.0,1.0,0.5555555555555556,0.5555555555555556,1.5095075156490017,0.6031746031746031
267,1,test:6949,1,1,0.1875,0.2698412698412698,0.5555555555555556,0.5555555555555556,0.18000595099835806,0.5873015873015873
268,1,train:7170,1,0,1.0,1.0,0.38095238095238093,0.38095238095238093,0.19186091485536014,0.38095238095238093
269,1,train:8857,0,0,0.625,0.6507936507936508,0.6031746031746031,0.6031746031746031,-0.6551976142262665,0.23809523809523808
270,1,train:1660,1,1,0.4375,0.25396825396825395,0.6825396825396826,0.6825396825396826,0.18000595099835806,0.5873015873015873
271,1,train:3539,0,1,0.46875,0.2857142857142857,0.42857142857142855,0.42857142857142855,0.32778894680488496,0.6190476190476191
272,1,test:9736,1,1,0.609375,0.6825396825396826,0.49206349206349204,0.49206349206349204,-0.7805835217440669,0.38095238095238093
273,1,train:2494,1,1,0.015625,0.07936507936507936,0.5555555555555556,0.5555555555555556,-2.2584134798093354,0.06349206349206349
274,1,train:7510,0,0,1.0,1.0,0.38095238095238093,0.7142857142857143,0.2859785291977631,0.3968253968253968
275,1,train:1884,1,1,0.5,0.2698412698412698,0.5873015873015873,0.5873015873015873,0.6233549384179387,0.6825396825396826
276,1,train:10072,0,0,1.0,1.0,0.2698412698412698,0.2698412698412698,-0.3728447711990577,0.2857142857142857
277,1,train:9816,0,0,1.0,1.0,0.9047619047619048,0.9047619047619048,1.415389901306599,0.5873015873015873
278,1,test:5069,1,1,1.0,1.0,0.7142857142857143,0.7142857142857143,1.0667039258375193,0.7777777777777778
279,1,train:5537,0,0,1.0,1.0,0.25396825396825395,0.25396825396825395,0.0036256861705542018,0.3492063492063492
280,1,train:7860,0,0,1.0,1.0,0.47619047619047616,0.3333333333333333,-0.5610799998838636,0.25396825396825395
281,1,train:1479,0,0,1.0,1.0,1.0,0.5714285714285714,0.568331372224972,0.4444444444444444
282,1,test:5069,1,0,0.90625,0.47619047619047616,0.047619047619047616,0.047619047619047616,-1.5022561433078931,0.09523809523809523
283,1,train:529,0,0,1.0,1.0,0.5714285714285714,0.5714285714285714,0.7565666009097779,0.47619047619047616
284,1,train:4691,1,1,0.171875,0.25396825396825395,0.8571428571428571,0.8571428571428571,-0.5589090280342766,0.42857142857142855
285,1,train:308,1,0,1.0,1.0,0.23809523809523808,0.23809523809523808,0.09774330051295717,0.36507936507936506
286,1,train:648,0,0,1.0,1.0,0.7936507936507936,0.9047619047619048,-0.18460954251425174,0.31746031746031744
287,1,train:6673,0,0,1.0,1.0,0.6190476190476191,0.6190476190476191,1.227154672621793,0.5555555555555556
288,1,train:8337,0,0,1.0,1.0,1.0,0.8253968253968254,1.3212722869641957,0.5714285714285714
289,1,train:5343,1,0,1.0,1.0,0.19047619047619047,0.19047619047619047,-1.596373757650296,0.07936507936507936
290,1,train:2453,1,1,0.375,0.38095238095238093,0.9365079365079365,0.5238095238095238,-0.0416685427114325,0.5396825396825397
291,1,train:2272,0,0,1.0,1.0,0.42857142857142855,0.42857142857142855,0.09774330051295717,0.36507936507936506
292,1,train:5815,1,1,0.5,0.2698412698412698,0.25396825396825395,0.25396825396825395,-0.9283665175505937,0.3492063492063492
293,1,train:1615,1,1,1.0,1.0,0.8571428571428571,0.8571428571428571,0.9928124279342556,0.7619047619047619
294,1,train:3216,1,1,0.15625,0.07936507936507936,0.6666666666666666,0.6666666666666666,-2.4800879735191264,0.015873015873015872
295,1,train:6372,0,0,1.0,1.0,0.7619047619047619,0.7619047619047619,0.9448018295945838,0.5079365079365079
296,1,train:7448,0,0,1.0,1.0,0.3492063492063492,0.3492063492063492,0.7565666009097779,0.47619047619047616
297,1,train:4915,1,1,0.515625,0.2698412698412698,0.6984126984126984,0.6984126984126984,0.8450294321277287,0.7301587301587301
298,1,train:5765,1,1,0.71875,0.6507936507936508,1.0,0.6507936507936508,0.25389744890162125,0.6031746031746031
299,1,train:999,0,0,1.0,1.0,0.5079365079365079,0.5079365079365079,0.09774330051295717,0.36507936507936506
300,1,train:2814,0,0,1.0,1.0,0.6666666666666666,0.6666666666666666,1.227154672621793,0.5555555555555556
301,1,train:7480,1,1,0.765625,0.873015873015873,0.5396825396825397,0.5396825396825397,0.18000595099835806,0.5873015873015873
302,1,train:1780,1,1,0.5,0.25396825396825395,0.7301587301587301,0.7301587301587301,-0.33723453432448625,0.47619047619047616
303,1,train:359,0,0,0.9375,1.0,0.09523809523809523,0.09523809523809523,-1.596373757650296,0.07936507936507936
304,1,train:3570,0,0,1.0,1.0,0.5238095238095238,0.5238095238095238,0.568331372224972,0.4444444444444444
305,1,train:999,1,0,0.828125,0.25396825396825395,0.1746031746031746,0.1746031746031746,-1.8787266006775052,0.031746031746031744
306,1,train:5364,1,1,0.015625,0.20634920634920634,0.20634920634920634,0.20634920634920634,-2.2584134798093354,0.06349206349206349
307,1,train:9994,0,0,1.0,1.0,1.0,1.0,1.6036251299914048,0.6190476190476191
308,1,train:5877,1,0,1.0,1.0,0.6984126984126984,0.6984126984126984,-0.3728447711990577,0.2857142857142857
309,1,train:8762,1,0,1.0,1.0,0.9523809523809523,0.9523809523809523,0.9448018295945838,0.5079365079365079
310,1,train:6638,0,0,1.0,1.0,0.5873015873015873,0.5873015873015873,-0.5610799998838636,0.25396825396825395
311,1,train:2344,1,1,0.625,0.25396825396825395,0.6507936507936508,0.6507936507936508,-0.2633430364212228,0.49206349206349204
312,1,train:999,1,0,1.0,1.0,0.5238095238095238,0.5238095238095238,-1.7846089863351022,0.047619047619047616
313,1,train:1727,1,1,0.109375,0.30158730158730157,0.9047619047619048,0.9047619047619048,-0.0416685427114325,0.5396825396825397
314,1,train:5809,0,0,1.0,1.0,1.0,1.0,1.6036251299914048,0.6190476190476191
315,1,train:2453,1,0,1.0,1.0,0.3968253968253968,0.12698412698412698,-1.5022561433078931,0.09523809523809523
316,1,train:7877,0,0,1.0,1.0,1.0,0.9523809523809523,0.47421375788256903,0.42857142857142855
317,1,train:249,1,1,0.921875,0.7777777777777778,1.0,1.0,1.2883784195473094,0.8253968253968254
318,1,train:1266,1,1,0.84375,0.3333333333333333,0.7142857142857143,0.6190476190476191,1.1405954237407825,0.7936507936507936
319,1,test:5610,1,0,1.0,1.0,0.7619047619047619,0.7619047619047619,0.19186091485536014,0.38095238095238093
320,1,train:909,1,1,0.515625,0.25396825396825395,0.9365079365079365,0.9365079365079365,0.7711379342244655,0.7142857142857143
321,1,train:3461,1,1,0.65625,0.36507936507936506,0.9523809523809523,0.9523809523809523,0.6233549384179387,0.6825396825396826
322,1,train:1780,1,0,0.84375,0.25396825396825395,0.5238095238095238,0.5238095238095238,0.2859785291977631,0.3968253968253968
323,1,train:5496,1,1,0.046875,0.20634920634920634,1.0,0.3492063492063492,0.8450294321277287,0.7301587301587301
324,1,train:5864,0,0,1.0,1.0,0.5079365079365079,0.5079365079365079,0.9448018295945838,0.5079365079365079
325,1,train:2102,0,0,1.0,1.0,0.6666666666666666,0.6666666666666666,1.8859779730186135,0.6666666666666666
326,1,train:359,1,1,0.328125,0.25396825396825395,0.7142857142857143,0.7142857142857143,0.9189209300309924,0.746031746031746
327,1,train:5809,0,0,0.875,1.0,0.047619047619047616,0.047619047619047616,0.2859785291977631,0.3968253968253968
328,1,train:7612,1,1,0.53125,0.30158730158730157,0.6349206349206349,0.6349206349206349,0.32778894680488496,0.6190476190476191
329,1,test:8237,0,0,0.984375,1.0,0.2222222222222222,0.2222222222222222,-1.7846089863351022,0.047619047619047616
330,1,train:8718,0,0,1.0,1.0,0.5396825396825397,0.5396825396825397,-1.1257856859382813,0.15873015873015872
331,1,train:328,1,0,0.953125,0.9365079365079365,0.20634920634920634,0.20634920634920634,-1.3140209146230872,0.12698412698412698
332,1,train:3539,1,1,0.40625,0.25396825396825395,0.9365079365079365,0.9365079365079365,-1.0022580154538572,0.3333333333333333
333,1,train:5300,1,1,0.90625,0.8888888888888888,0.9206349206349206,0.9206349206349206,1.362269917450573,0.8412698412698413
334,1,train:648,0,0,1.0,1.0,1.0,0.7777777777777778,1.5095075156490017,0.6031746031746031
335,1,train:2809,0,1,0.015625,0.25396825396825395,0.14285714285714285,0.12698412698412698,-0.4111260322277497,0.4603174603174603
336,1,train:1958,0,0,1.0,1.0,0.9682539682539683,0.9682539682539683,1.8859779730186135,0.6666666666666666
337,1,train:418,1,1,0.953125,1.0,0.8571428571428571,0.8571428571428571,0.8450294321277287,0.7301587301587301
338,1,train:4514,0,1,0.0625,0.1111111111111111,0.015873015873015872,0.015873015873015872,-2.4061964756158623,0.031746031746031744
339,1,train:7860,0,0,1.0,1.0,0.15873015873015872,0.15873015873015872,1.5095075156490017,0.6031746031746031
340,1,train:5222,1,1,0.90625,0.47619047619047616,0.6825396825396826,0.6825396825396826,0.6233549384179387,0.6825396825396826
341,1,train:3539,1,1,0.28125,0.25396825396825395,0.7301587301587301,0.7301587301587301,0.32778894680488496,0.6190476190476191
342,1,train:249,0,0,1.0,1.0,0.6825396825396826,0.6825396825396826,0.47421375788256903,0.42857142857142855
343,1,train:7448,0,0,1.0,1.0,0.2222222222222222,0.2222222222222222,1.6977427443338076,0.6349206349206349
344,1,train:3706,0,0,1.0,1.0,0.49206349206349204,0.31746031746031744,0.0036256861705542018,0.3492063492063492
345,1,train:860,1,1,0.9375,0.31746031746031744,1.0,1.0,1.0667039258375193,0.7777777777777778
346,1,train:6212,0,0,1.0,1.0,0.4126984126984127,0.4126984126984127,1.227154672621793,0.5555555555555556
347,1,train:1999,1,0,0.75,0.23809523809523808,0.047619047619047616,0.047619047619047616,-1.6904913719926993,0.06349206349206349
348,1,train:17,0,0,1.0,1.0,0.20634920634920634,0.20634920634920634,0.568331372224972,0.4444444444444444
349,1,train:860,1,1,0.890625,0.31746031746031744,0.746031746031746,0.746031746031746,0.032222955191831194,0.5555555555555556
350,1,train:7448,0,0,1.0,1.0,0.6666666666666666,0.5238095238095238,0.568331372224972,0.4444444444444444
351,1,train:3637,0,0,1.0,1.0,0.15873015873015872,0.15873015873015872,0.09774330051295717,0.36507936507936506
352,1,train:9017,0,0,1.0,1.0,0.5238095238095238,0.5238095238095238,1.415389901306599,0.5873015873015873
353,1,train:7451,0,1,0.3125,0.25396825396825395,0.12698412698412698,0.12698412698412698,-0.33723453432448625,0.47619047619047616
354,1,train:2706,0,0,1.0,1.0,0.9841269841269841,0.9841269841269841,0.8506842152521809,0.49206349206349204
355,1,train:1033,0,0,0.90625,1.0,0.6825396825396826,0.6825396825396826,-0.5610799998838636,0.25396825396825395
356,1,train:5430,0,0,1.0,1.0,0.4603174603174603,0.4603174603174603,1.415389901306599,0.5873015873015873
357,1,train:3216,1,1,0.125,0.25396825396825395,0.23809523809523808,0.4603174603174603,-1.150041011260384,0.30158730158730157
358,1,train:2814,0,0,1.0,1.0,0.4444444444444444,0.4444444444444444,1.227154672621793,0.5555555555555556
359,1,train:2753,1,0,1.0,1.0,0.19047619047619047,0.19047619047619047,-0.7493152285686695,0.2222222222222222
360,1,train:8857,0,0,1.0,1.0,0.8095238095238095,0.8095238095238095,0.0036256861705542018,0.3492063492063492
361,1,train:6638,0,0,1.0,1.0,0.6666666666666666,0.6666666666666666,0.7565666009097779,0.47619047619047616
362,1,train:1958,0,0,0.984375,1.0,0.6190476190476191,0.4444444444444444,0.19186091485536014,0.38095238095238093
363,1,train:2590,0,0,1.0,1.0,0.23809523809523808,0.23809523809523808,0.568331372224972,0.4444444444444444
364,1,train:7877,1,1,0.046875,0.25396825396825395,1.0,0.2857142857142857,-1.9628474881962819,0.12698412698412698
365,1,test:2463,0,0,0.9375,1.0,0.12698412698412698,0.12698412698412698,-1.4081385289654902,0.1111111111111111
366,1,train:5833,0,0,0.9375,0.09523809523809523,0.015873015873015872,0.015873015873015872,-1.9728442150199081,0.015873015873015872
367,1,train:359,1,1,0.40625,0.31746031746031744,0.8888888888888888,0.8888888888888888,0.18000595099835806,0.5873015873015873
368,1,train:1033,0,0,1.0,1.0,0.36507936507936506,0.36507936507936506,0.9448018295945838,0.5079365079365079
369,1,train:7480,0,1,0.15625,0.25396825396825395,0.8888888888888888,0.8888888888888888,0.9928124279342556,0.7619047619047619
370,1,train:5765,1,1,0.46875,0.4126984126984127,1.0,1.0,-0.11556004061469567,0.5238095238095238
371,1,train:5877,0,0,1.0,1.0,0.7301587301587301,0.7301587301587301,0.568331372224972,0.4444444444444444
372,1,train:6415,0,0,1.0,1.0,0.9206349206349206,0.9206349206349206,0.9448018295945838,0.5079365079365079
373,1,train:6438,1,0,1.0,1.0,0.36507936507936506,0.36507936507936506,-0.8434328429110725,0.20634920634920634
374,1,train:9017,0,0,1.0,1.0,0.6984126984126984,0.6984126984126984,1.791860358676211,0.6507936507936508
375,1,train:4944,0,0,1.0,1.0,1.0,0.25396825396825395,0.0036256861705542018,0.3492063492063492
376,1,train:308,1,1,0.515625,0.2698412698412698,0.6666666666666666,0.6666666666666666,0.6233549384179387,0.6825396825396826
377,1,train:4514,0,0,1.0,1.0,0.2222222222222222,0.25396825396825395,-0.7493152285686695,0.2222222222222222
378,1,train:708,1,1,0.40625,0.25396825396825395,0.6031746031746031,0.6031746031746031,0.6972464363212019,0.6984126984126984
379,1,train:1999,1,1,0.09375,0.25396825396825395,0.09523809523809523,0.09523809523809523,0.4016804447081481,0.6349206349206349
380,1,train:10072,0,0,1.0,1.0,0.6984126984126984,0.6984126984126984,1.3212722869641957,0.5714285714285714
381,1,train:3539,0,0,0.890625,1.0,0.1111111111111111,0.1111111111111111,-1.7846089863351022,0.047619047619047616
382,1,train:4334,0,0,1.0,1.0,0.5079365079365079,0.5079365079365079,-0.9375504572534754,0.19047619047619047
383,1,train:5366,0,0,0.96875,0.6984126984126984,0.06349206349206349,0.06349206349206349,-1.6904913719926993,0.06349206349206349
384,1,train:5193,1,1,0.3125,0.36507936507936506,0.9841269841269841,0.8095238095238095,-0.0416685427114325,0.5396825396825397
385,1,train:8057,1,1,0.34375,0.25396825396825395,0.4126984126984127,0.4126984126984127,0.032222955191831194,0.5555555555555556
386,1,train:4691,1,1,0.046875,0.09523809523809523,0.047619047619047616,0.047619047619047616,0.25389744890162125,0.6031746031746031
387,1,train:6438,1,0,1.0,1.0,0.49206349206349204,0.49206349206349204,-0.18460954251425174,0.31746031746031744
388,1,train:249,0,0,0.78125,0.8888888888888888,0.3492063492063492,0.3492063492063492,-0.7493152285686695,0.2222222222222222
389,1,train:8337,1,1,0.015625,0.25396825396825395,0.23809523809523808,0.23809523809523808,-1.2239325091636475,0.2857142857142857
390,1,train:7612,1,0,0.96875,0.1746031746031746,0.015873015873015872,0.015873015873015872,-1.0316680715958784,0.1746031746031746
391,1,train:4514,0,0,1.0,1.0,0.36507936507936506,0.36507936507936506,-0.5610799998838636,0.25396825396825395
392,1,train:708,1,1,0.1875,0.36507936507936506,0.7301587301587301,0.7301587301587301,-0.2633430364212228,0.49206349206349204
393,1,train:5816,1,1,0.21875,0.30158730158730157,0.5396825396825397,0.6984126984126984,-0.63280052593754,0.4126984126984127
394,1,train:1609,0,0,0.75,0.6984126984126984,0.38095238095238093,0.38095238095238093,-0.7493152285686695,0.2222222222222222
395,1,train:17,0,0,1.0,1.0,0.5555555555555556,0.5555555555555556,0.568331372224972,0.4444444444444444
396,1,train:2102,0,0,0.3125,0.30158730158730157,0.1111111111111111,0.09523809523809523,-1.6904913719926993,0.06349206349206349
397,1,train:6372,0,0,1.0,1.0,0.47619047619047616,0.47619047619047616,0.47421375788256903,0.42857142857142855
398,1,train:5811,1,1,0.015625,0.1746031746031746,0.09523809523809523,0.09523809523809523,-2.0367389860995453,0.1111111111111111
399,1,train:3570,1,1,0.828125,0.49206349206349204,0.6984126984126984,1.0,1.0667039258375193,0.7777777777777778
400,1,train:9994,1,1,0.203125,0.3333333333333333,0.3968253968253968,1.0,-0.11556004061469567,0.5238095238095238
401,1,train:8030,1,1,0.234375,0.25396825396825395,0.7619047619047619,0.7619047619047619,-0.18945153851795937,0.5079365079365079
402,1,train:8462,1,1,0.453125,0.14285714285714285,0.23809523809523808,0.23809523809523808,-1.0761495133571206,0.31746031746031744
403,1,train:1033,0,0,1.0,1.0,0.6507936507936508,0.6507936507936508,0.3800961435401661,0.4126984126984127
404,1,train:8116,0,1,0.03125,0.14285714285714285,0.30158730158730157,0.30158730158730157,-2.3323049777125986,0.047619047619047616
405,1,train:2706,0,0,1.0,1.0,0.6666666666666666,0.6666666666666666,-0.09049192817184876,0.3333333333333333
406,1,test:2463,0,0,0.96875,1.0,0.20634920634920634,0.20634920634920634,-1.2199033002806843,0.14285714285714285
407,1,train:2753,1,1,0.140625,0.25396825396825395,0.9365079365079365,0.9365079365079365,0.47557194261141184,0.6507936507936508
408,1,train:6845,0,0,0.984375,1.0,0.19047619047619047,0.19047619047619047,0.6624489865673749,0.4603174603174603
409,1,train:5364,1,1,0.4375,0.31746031746031744,0.9206349206349206,0.9206349206349206,0.9928124279342556,0.7619047619047619
410,1,train:868,1,1,0.90625,0.3492063492063492,0.873015873015873,0.9365079365079365,0.9189209300309924,0.746031746031746
411,1,train:2753,1,0,1.0,1.0,0.7777777777777778,0.7777777777777778,0.568331372224972,0.4444444444444444
412,1,train:5864,0,0,1.0,1.0,0.5873015873015873,0.9523809523809523,1.1330370582793898,0.5396825396825397
413,1,train:8337,0,0,1.0,1.0,1.0,0.8571428571428571,1.5095075156490017,0.6031746031746031
414,1,train:9188,0,0,1.0,1.0,1.0,1.0,0.7565666009097779,0.47619047619047616
415,1,train:7590,1,1,0.921875,1.0,0.9206349206349206,0.9206349206349206,0.9189209300309924,0.746031746031746
416,1,train:2706,0,1,0.859375,0.3333333333333333,0.9206349206349206,0.6507936507936508,0.18000595099835806,0.5873015873015873
417,1,train:359,0,0,1.0,1.0,0.746031746031746,0.746031746031746,1.1330370582793898,0.5396825396825397
418,1,train:8718,0,1,0.015625,0.25396825396825395,0.5873015873015873,0.5873015873015873,0.32778894680488496,0.6190476190476191
419,1,train:3461,1,1,0.015625,0.15873015873015872,0.2857142857142857,0.2857142857142857,-2.4061964756158623,0.031746031746031744
420,1,train:2494,0,0,1.0,1.0,0.47619047619047616,0.47619047619047616,-0.6551976142262665,0.23809523809523808
421,1,train:5833,0,1,0.171875,0.09523809523809523,0.14285714285714285,0.14285714285714285,0.32778894680488496,0.6190476190476191
422,1,train:3706,0,0,1.0,1.0,0.7301587301587301,0.6825396825396826,0.7565666009097779,0.47619047619047616
423,1,train:7938,1,1,1.0,1.0,0.9523809523809523,0.9523809523809523,0.7711379342244655,0.7142857142857143
424,1,train:8105,1,1,0.234375,0.031746031746031744,0.015873015873015872,0.015873015873015872,-2.4800879735191264,0.015873015873015872
425,1,train:5809,1,1,0.859375,0.3333333333333333,0.4444444444444444,0.4444444444444444,0.47557194261141184,0.6507936507936508
426,1,train:8576,1,1,0.265625,0.25396825396825395,0.6190476190476191,0.6190476190476191,0.6233549384179387,0.6825396825396826
427,1,train:3089,1,1,0.625,0.3492063492063492,0.9047619047619048,0.9047619047619048,0.549463440514675,0.6666666666666666
428,1,train:2814,0,0,1.0,1.0,1.0,1.0,0.09774330051295717,0.36507936507936506
429,1,train:4929,1,1,0.4375,0.30158730158730157,0.6507936507936508,0.9841269841269841,-0.4850175301310131,0.4444444444444444
430,1,train:17,0,0,1.0,1.0,0.6825396825396826,0.6825396825396826,-0.09049192817184876,0.3333333333333333
431,1,train:2590,0,0,0.921875,0.3968253968253968,0.8095238095238095,0.8095238095238095,-0.27872715685665467,0.30158730158730157
432,1,train:5300,1,0,1.0,1.0,0.5079365079365079,0.5079365079365079,-0.7493152285686695,0.2222222222222222
433,1,train:7590,1,1,0.90625,0.9206349206349206,0.9523809523809523,0.9523809523809523,1.4361614153538362,0.8571428571428571
434,1,train:8756,1,1,1.0,0.8253968253968254,0.9365079365079365,0.9365079365079365,1.4361614153538362,0.8571428571428571
435,1,train:3089,1,0,1.0,1.0,0.9523809523809523,0.9523809523809523,1.3212722869641957,0.5714285714285714
436,1,test:2463,1,0,0.984375,1.0,0.1746031746031746,0.1746031746031746,-0.7493152285686695,0.2222222222222222
437,1,train:3562,0,0,0.875,0.25396825396825395,0.6031746031746031,0.6031746031746031,-0.7493152285686695,0.2222222222222222
438,1,train:5833,1,1,0.390625,0.1111111111111111,1.0,0.6507936507936508,0.8450294321277287,0.7301587301587301
439,1,train:3562,1,1,0.703125,0.2857142857142857,0.7936507936507936,0.7936507936507936,1.583944411160363,0.8888888888888888
440,1,test:6949,1,1,0.828125,0.31746031746031744,0.8095238095238095,0.8095238095238095,0.47557194261141184,0.6507936507936508
441,1,train:6438,1,1,0.125,0.2222222222222222,0.6666666666666666,0.6666666666666666,-2.2584134798093354,0.06349206349206349
442,1,train:328,0,0,1.0,1.0,0.49206349206349204,0.49206349206349204,0.9448018295945838,0.5079365079365079
443,1,train:9483,0,0,1.0,1.0,0.746031746031746,0.746031746031746,1.1330370582793898,0.5396825396825397
444,1,train:4915,1,0,0.9375,0.9682539682539683,0.07936507936507936,0.07936507936507936,-1.3140209146230872,0.12698412698412698
445,1,train:999,1,0,1.0,1.0,0.6507936507936508,0.6507936507936508,-0.7493152285686695,0.2222222222222222
446,1,train:8105,0,0,1.0,1.0,0.7777777777777778,0.7777777777777778,0.2859785291977631,0.3968253968253968
447,1,test:5427,1,1,0.71875,0.5873015873015873,0.7142857142857143,0.7142857142857143,0.8450294321277287,0.7301587301587301
448,1,train:529,0,0,1.0,1.0,0.8888888888888888,0.8888888888888888,1.5095075156490017,0.6031746031746031
449,1,train:2814,0,0,0.921875,1.0,0.3968253968253968,0.3968253968253968,-0.18460954251425174,0.31746031746031744
450,1,train:3706,0,0,1.0,1.0,0.5714285714285714,0.5714285714285714,1.3212722869641957,0.5714285714285714
451,1,train:2102,0,1,0.15625,0.25396825396825395,0.09523809523809523,0.09523809523809523,-2.184521981906072,0.07936507936507936
452,1,train:7510,1,1,0.625,0.30158730158730157,0.9523809523809523,0.9523809523809523,0.18000595099835806,0.5873015873015873
453,1,train:6374,0,0,1.0,1.0,0.8888888888888888,0.8888888888888888,0.2859785291977631,0.3968253968253968
454,1,train:8105,0,0,1.0,1.0,0.15873015873015872,0.9047619047619048,0.8506842152521809,0.49206349206349204
455,1,test:9441,1,1,0.09375,0.2698412698412698,0.5396825396825397,0.5396825396825397,0.032222955191831194,0.5555555555555556
456,1,train:2437,1,1,0.609375,0.2698412698412698,0.1111111111111111,0.9682539682539683,-1.0022580154538572,0.3333333333333333
457,1,train:5193,1,0,1.0,1.0,0.49206349206349204,0.49206349206349204,1.791860358676211,0.6507936507936508
458,1,train:2494,1,0,1.0,1.0,0.2222222222222222,0.2222222222222222,-1.6904913719926993,0.06349206349206349
459,1,train:8669,0,0,1.0,1.0,0.7619047619047619,0.7619047619047619,0.09774330051295717,0.36507936507936506
460,1,train:10072,0,0,0.9375,0.6031746031746031,0.09523809523809523,0.9841269841269841,0.0036256861705542018,0.3492063492063492
461,1,train:8718,0,0,0.984375,1.0,0.3333333333333333,0.3333333333333333,-0.6551976142262665,0.23809523809523808
462,1,train:5809,1,1,0.5625,0.2698412698412698,0.8571428571428571,0.8571428571428571,1.2144869216440461,0.8095238095238095
463,1,train:1033,0,0,1.0,1.0,0.4126984126984127,0.4126984126984127,-0.5610799998838636,0.25396825396825395
464,1,train:9284,1,1,0.25,0.38095238095238093,0.5079365079365079,0.5079365079365079,0.6233549384179387,0.6825396825396826
465,1,train:5816,0,1,0.65625,0.31746031746031744,0.42857142857142855,0.047619047619047616,-1.8889559902930184,0.14285714285714285
466,1,train:6476,0,0,1.0,1.0,0.4603174603174603,0.4603174603174603,-0.46696238554146063,0.2698412698412698
467,1,train:8451,1,1,0.140625,0.25396825396825395,0.07936507936507936,0.07936507936507936,-1.9628474881962819,0.12698412698412698
468,1,train:2272,0,0,1.0,1.0,0.2857142857142857,0.2857142857142857,0.9448018295945838,0.5079365079365079
469,1,train:1999,1,1,0.25,0.2698412698412698,0.30158730158730157,0.4126984126984127,-1.297824007066911,0.2698412698412698
470,1,train:4691,1,1,0.046875,0.25396825396825395,0.7936507936507936,0.7936507936507936,-2.1106304840028085,0.09523809523809523
471,1,train:359,0,1,0.109375,0.25396825396825395,1.0,0.9047619047619048,-0.9283665175505937,0.3492063492063492
472,1,train:359,0,0,1.0,1.0,0.36507936507936506,0.36507936507936506,-0.18460954251425174,0.31746031746031744
473,1,train:7448,1,1,0.640625,0.31746031746031744,0.8253968253968254,0.8253968253968254,1.1405954237407825,0.7936507936507936
474,1,train:5809,0,1,0.40625,0.3333333333333333,0.36507936507936506,0.36507936507936506,-0.4850175301310131,0.4444444444444444
475,1,test:6949,0,1,0.1875,0.25396825396825395,0.6190476190476191,1.0,0.9928124279342556,0.7619047619047619
476,1,train:9994,0,0,1.0,1.0,0.6825396825396826,0.6825396825396826,1.415389901306599,0.5873015873015873
477,1,train:8857,0,0,1.0,1.0,0.6666666666666666,0.6666666666666666,0.568331372224972,0.4444444444444444
478,1,train:5409,0,0,1.0,1.0,0.15873015873015872,0.15873015873015872,-0.09049192817184876,0.3333333333333333
479,1,train:525,0,0,1.0,1.0,0.3492063492063492,0.7777777777777778,0.568331372224972,0.4444444444444444
480,1,train:2204,0,0,1.0,1.0,1.0,0.7777777777777778,1.227154672621793,0.5555555555555556
481,1,train:1788,0,0,1.0,1.0,0.746031746031746,0.746031746031746,-1.3140209146230872,0.12698412698412698
482,1,train:1615,1,1,0.625,0.6349206349206349,0.8571428571428571,0.8571428571428571,1.1405954237407825,0.7936507936507936
483,1,train:4916,0,0,1.0,1.0,0.6825396825396826,0.6825396825396826,1.1330370582793898,0.5396825396825397
484,1,train:1780,1,1,0.734375,0.36507936507936506,0.4126984126984127,0.4126984126984127,0.10611445309509437,0.5714285714285714
485,1,train:1884,1,0,0.90625,0.6666666666666666,0.031746031746031744,0.031746031746031744,-1.4081385289654902,0.1111111111111111
486,1,train:2204,1,1,0.03125,0.25396825396825395,0.5396825396825397,0.5396825396825397,-1.815064492389755,0.15873015873015872
487,1,train:8487,0,0,1.0,1.0,0.8571428571428571,0.8571428571428571,2.3565660447306285,0.746031746031746
488,1,train:1884,1,1,0.03125,0.2222222222222222,0.5555555555555556,0.5555555555555556,0.7711379342244655,0.7142857142857143
489,1,train:3637,0,0,1.0,1.0,0.9047619047619048,0.9047619047619048,1.9800955873610169,0.6825396825396826
490,1,train:868,1,1,0.625,0.3333333333333333,0.6507936507936508,0.6507936507936508,0.10611445309509437,0.5714285714285714
491,1,train:6476,0,1,0.953125,1.0,0.9523809523809523,0.9523809523809523,0.8450294321277287,0.7301587301587301
492,1,train:418,0,0,1.0,1.0,1.0,0.6984126984126984,0.9448018295945838,0.5079365079365079
493,1,train:5035,0,1,0.46875,0.25396825396825395,0.5873015873015873,0.5873015873015873,0.47557194261141184,0.6507936507936508
494,1,train:8488,0,0,0.953125,1.0,0.12698412698412698,0.12698412698412698,-0.9375504572534754,0.19047619047619047
495,1,train:4691,0,0,1.0,1.0,0.6507936507936508,0.6507936507936508,0.8506842152521809,0.49206349206349204
496,1,train:4915,1,0,1.0,1.0,0.2857142857142857,0.25396825396825395,0.6624489865673749,0.4603174603174603
497,1,train:6372,1,1,0.03125,0.06349206349206349,0.5873015873015873,0.5873015873015873,-0.8544750196473303,0.36507936507936506
498,1,train:2809,0,1,0.09375,0.25396825396825395,0.873015873015873,0.873015873015873,-0.33723453432448625,0.47619047619047616
499,1,test:9441,1,1,0.0625,0.25396825396825395,0.746031746031746,0.746031746031746,0.7711379342244655,0.7142857142857143
500,1,train:9994,0,0,1.0,1.0,0.6507936507936508,0.6507936507936508,0.47421375788256903,0.42857142857142855
501,1,train:4334,0,0,0.9375,1.0,0.1746031746031746,0.1746031746031746,-0.5610799998838636,0.25396825396825395
502,1,test:6949,1,1,0.3125,0.25396825396825395,0.5238095238095238,0.5238095238095238,-0.4111260322277497,0.4603174603174603
503,1,train:8669,0,0,1.0,1.0,0.4444444444444444,0.4444444444444444,-0.09049192817184876,0.3333333333333333
504,1,train:4305,0,0,1.0,1.0,0.9365079365079365,0.9365079365079365,1.038919443936987,0.5238095238095238
505,1,train:5816,0,0,1.0,1.0,0.06349206349206349,0.06349206349206349,-1.1257856859382813,0.15873015873015872
506,1,test:5427,1,1,0.03125,0.25396825396825395,0.4126984126984127,0.4126984126984127,0.7711379342244655,0.7142857142857143
507,1,train:3539,1,1,0.40625,0.2857142857142857,0.6984126984126984,0.6984126984126984,-0.63280052593754,0.4126984126984127
508,1,train:1884,1,1,0.15625,0.25396825396825395,0.8253968253968254,0.8253968253968254,0.7711379342244655,0.7142857142857143
509,1,train:5456,1,1,0.8125,0.2698412698412698,0.9206349206349206,0.8888888888888888,0.32778894680488496,0.6190476190476191
510,1,train:4916,0,0,1.0,1.0,0.25396825396825395,0.1746031746031746,0.0036256861705542018,0.3492063492063492
511,1,train:7860,0,0,0.953125,1.0,0.9523809523809523,0.9523809523809523,-0.6551976142262665,0.23809523809523808
0,0,train:4334,0,0,1.0,1.0,0.5873015873015873,0.5873015873015873,1.1330370582793898,0.5396825396825397
1,0,train:1266,1,0,0.953125,0.015873015873015872,0.31746031746031744,0.31746031746031744,-1.5022561433078931,0.09523809523809523
2,0,train:9397,0,0,1.0,1.0,0.3333333333333333,0.3333333333333333,0.2859785291977631,0.3968253968253968
3,0,train:3706,1,1,0.578125,0.25396825396825395,0.31746031746031744,0.31746031746031744,-0.11556004061469567,0.5238095238095238
4,0,train:1492,1,1,0.296875,0.1746031746031746,0.5079365079365079,0.5079365079365079,0.8450294321277287,0.7301587301587301
5,0,train:6438,1,0,1.0,1.0,0.42857142857142855,0.42857142857142855,-0.09049192817184876,0.3333333333333333
6,0,train:860,1,1,0.921875,0.9206349206349206,0.8095238095238095,0.6190476190476191,1.2144869216440461,0.8095238095238095
7,0,train:5555,0,0,1.0,1.0,0.7142857142857143,0.7142857142857143,1.1330370582793898,0.5396825396825397
8,0,train:4915,1,1,0.0625,0.30158730158730157,0.7936507936507936,0.7936507936507936,0.9928124279342556,0.7619047619047619
9,0,train:1884,1,1,0.109375,0.2857142857142857,0.5396825396825397,0.5396825396825397,-1.8889559902930184,0.14285714285714285
10,0,train:262,0,1,0.1875,0.25396825396825395,0.7936507936507936,0.8571428571428571,0.10611445309509437,0.5714285714285714
11,0,train:6415,1,0,1.0,1.0,0.31746031746031744,0.9523809523809523,-0.5610799998838636,0.25396825396825395
12,0,train:5537,0,0,0.984375,1.0,0.015873015873015872,0.015873015873015872,-1.9728442150199081,0.015873015873015872
13,0,train:1788,0,0,1.0,1.0,1.0,0.7301587301587301,1.227154672621793,0.5555555555555556
14,0,train:6673,1,1,0.5625,0.2698412698412698,0.47619047619047616,0.47619047619047616,0.6972464363212019,0.6984126984126984
15,0,train:7480,0,0,1.0,1.0,0.8571428571428571,0.8571428571428571,-1.0316680715958784,0.1746031746031746
16,0,train:2225,1,0,1.0,1.0,0.873015873015873,0.873015873015873,-0.3728447711990577,0.2857142857142857
17,0,train:5574,0,1,0.921875,0.7936507936507936,0.9841269841269841,0.9841269841269841,0.7711379342244655,0.7142857142857143
18,0,train:3733,1,0,1.0,1.0,0.4603174603174603,0.4603174603174603,-0.46696238554146063,0.2698412698412698
19,0,train:2437,1,1,0.40625,0.3968253968253968,0.7777777777777778,0.7777777777777778,0.4016804447081481,0.6349206349206349
20,0,train:328,0,0,1.0,1.0,0.47619047619047616,0.47619047619047616,-0.9375504572534754,0.19047619047619047
21,0,train:7170,0,0,1.0,1.0,0.5238095238095238,0.5238095238095238,-0.6551976142262665,0.23809523809523808
22,0,train:4514,0,0,1.0,1.0,0.8095238095238095,0.8095238095238095,1.227154672621793,0.5555555555555556
23,0,train:9773,1,1,0.3125,0.31746031746031744,0.873015873015873,0.873015873015873,1.2883784195473094,0.8253968253968254
24,0,train:2102,0,0,1.0,1.0,0.2857142857142857,0.2857142857142857,-0.3728447711990577,0.2857142857142857
25,0,train:709,1,1,0.609375,0.9365079365079365,0.8888888888888888,0.7777777777777778,0.32778894680488496,0.6190476190476191
26,0,train:5815,0,0,1.0,1.0,0.5714285714285714,0.5714285714285714,0.9448018295945838,0.5079365079365079
27,0,train:9483,0,1,0.015625,0.1111111111111111,0.09523809523809523,0.09523809523809523,1.0667039258375193,0.7777777777777778
28,0,train:8451,0,0,0.96875,1.0,0.19047619047619047,0.19047619047619047,0.8506842152521809,0.49206349206349204
29,0,train:5222,1,1,0.078125,0.15873015873015872,0.14285714285714285,0.14285714285714285,1.2883784195473094,0.8253968253968254
30,0,train:532,0,0,0.9375,0.20634920634920634,0.36507936507936506,0.36507936507936506,-1.7846089863351022,0.047619047619047616
31,0,test:2775,1,0,0.671875,0.6507936507936508,0.14285714285714285,0.07936507936507936,-1.1257856859382813,0.15873015873015872
32,0,train:1453,0,0,1.0,1.0,0.6349206349206349,0.6349206349206349,1.415389901306599,0.5873015873015873
33,0,train:2225,0,0,0.890625,0.1111111111111111,0.4126984126984127,0.4126984126984127,-1.5022561433078931,0.09523809523809523
34,0,test:9736,0,0,1.0,1.0,0.6984126984126984,0.6984126984126984,-0.5610799998838636,0.25396825396825395
35,0,test:5069,1,1,0.40625,0.2698412698412698,0.7301587301587301,0.7301587301587301,-1.0022580154538572,0.3333333333333333
36,0,train:9017,0,1,0.09375,0.1111111111111111,0.06349206349206349,0.06349206349206349,-2.3323049777125986,0.047619047619047616
37,0,train:1788,0,0,1.0,1.0,0.5396825396825397,0.5396825396825397,-1.1257856859382813,0.15873015873015872
38,0,test:9441,1,0,1.0,1.0,0.7777777777777778,0.7777777777777778,-0.09049192817184876,0.3333333333333333
39,0,train:1615,1,1,0.734375,0.746031746031746,0.8412698412698413,0.9841269841269841,0.6972464363212019,0.6984126984126984
40,0,train:4944,0,0,0.984375,1.0,0.6984126984126984,0.6984126984126984,0.8506842152521809,0.49206349206349204
41,0,train:5366,0,0,1.0,1.0,0.15873015873015872,0.15873015873015872,0.2859785291977631,0.3968253968253968
42,0,train:2453,1,0,1.0,1.0,0.2698412698412698,0.2698412698412698,-0.5610799998838636,0.25396825396825395
43,0,train:1660,1,0,1.0,0.6984126984126984,0.1746031746031746,0.1746031746031746,-1.1257856859382813,0.15873015873015872
44,0,train:1958,1,1,0.71875,0.25396825396825395,0.015873015873015872,0.015873015873015872,1.2144869216440461,0.8095238095238095
45,0,train:8576,1,1,0.59375,0.2698412698412698,1.0,1.0,0.47557194261141184,0.6507936507936508
46,0,train:2753,1,1,0.03125,0.2698412698412698,0.8888888888888888,0.873015873015873,0.9189209300309924,0.746031746031746
47,0,train:5809,0,1,0.671875,0.3492063492063492,0.8412698412698413,0.8412698412698413,0.18000595099835806,0.5873015873015873
48,0,train:7860,1,1,0.015625,0.2698412698412698,0.7777777777777778,0.7777777777777778,-1.3717155049701744,0.25396825396825395
49,0,train:6505,0,1,0.328125,0.25396825396825395,0.38095238095238093,0.38095238095238093,-1.5194985007767012,0.2222222222222222
50,0,train:5877,1,0,1.0,1.0,0.23809523809523808,0.23809523809523808,0.0036256861705542018,0.3492063492063492
51,0,train:9017,0,0,1.0,1.0,0.6031746031746031,0.6031746031746031,0.9448018295945838,0.5079365079365079
52,0,train:9816,0,0,1.0,1.0,0.4603174603174603,0.4603174603174603,0.0036256861705542018,0.3492063492063492
53,0,test:5069,1,1,0.578125,0.42857142857142855,0.6984126984126984,0.6984126984126984,-0.8544750196473303,0.36507936507936506
54,0,train:5816,1,1,0.546875,0.2698412698412698,0.9682539682539683,0.5714285714285714,0.7711379342244655,0.7142857142857143
55,0,train:5809,0,0,1.0,1.0,0.9523809523809523,0.9523809523809523,1.038919443936987,0.5238095238095238
56,0,train:418,0,0,1.0,1.0,0.47619047619047616,0.4444444444444444,-0.9375504572534754,0.19047619047619047
57,0,train:1884,1,1,0.59375,0.25396825396825395,0.7936507936507936,0.7936507936507936,0.32778894680488496,0.6190476190476191
58,0,train:328,1,1,0.671875,0.2698412698412698,0.9365079365079365,0.9365079365079365,0.9928124279342556,0.7619047619047619
59,0,train:8487,0,0,1.0,1.0,0.6507936507936508,0.6507936507936508,1.227154672621793,0.5555555555555556
60,0,train:8857,1,0,1.0,1.0,0.25396825396825395,0.25396825396825395,0.9448018295945838,0.5079365079365079
61,0,test:8237,0,0,1.0,1.0,0.5873015873015873,0.5873015873015873,-1.596373757650296,0.07936507936507936
62,0,train:2272,0,1,0.296875,0.1111111111111111,0.6825396825396826,0.6825396825396826,-0.33723453432448625,0.47619047619047616
63,0,train:7938,1,0,0.96875,0.8888888888888888,0.2698412698412698,0.2698412698412698,-0.7493152285686695,0.2222222222222222
64,0,train:4691,1,1,0.8125,0.31746031746031744,0.42857142857142855,0.42857142857142855,0.47557194261141184,0.6507936507936508
65,0,train:3570,0,1,0.0625,0.07936507936507936,0.07936507936507936,0.07936507936507936,-2.4061964756158623,0.031746031746031744
66,0,train:4305,0,0,1.0,1.0,0.6666666666666666,0.6666666666666666,0.6624489865673749,0.4603174603174603
67,0,train:4915,0,0,1.0,1.0,0.5555555555555556,0.5555555555555556,0.19186091485536014,0.38095238095238093
68,0,train:9188,0,0,0.984375,1.0,0.047619047619047616,0.047619047619047616,-0.3728447711990577,0.2857142857142857
69,0,train:4929,0,1,0.03125,0.031746031746031744,0.031746031746031744,0.9047619047619048,0.4016804447081481,0.6349206349206349
70,0,train:6845,0,0,1.0,1.0,0.746031746031746,0.9682539682539683,-0.8434328429110725,0.20634920634920634
71,0,train:5765,1,1,0.109375,0.25396825396825395,0.6825396825396826,0.6825396825396826,0.9189209300309924,0.746031746031746
72,0,train:5555,0,0,1.0,1.0,0.8253968253968254,0.8253968253968254,1.6036251299914048,0.6190476190476191
73,0,test:5610,0,0,1.0,1.0,0.8095238095238095,0.8095238095238095,0.7565666009097779,0.47619047619047616
74,0,test:2775,0,0,1.0,1.0,0.5396825396825397,0.5396825396825397,-0.3728447711990577,0.2857142857142857
75,0,train:9994,0,0,1.0,1.0,0.23809523809523808,0.23809523809523808,0.47421375788256903,0.42857142857142855
76,0,train:1660,1,1,0.453125,0.2698412698412698,0.9523809523809523,0.2857142857142857,0.7711379342244655,0.7142857142857143
77,0,train:8116,1,0,1.0,1.0,0.38095238095238093,0.38095238095238093,-0.27872715685665467,0.30158730158730157
78,0,train:3637,0,0,1.0,1.0,0.42857142857142855,0.42857142857142855,-0.09049192817184876,0.3333333333333333
79,0,train:4916,0,0,1.0,1.0,0.2857142857142857,0.2857142857142857,0.568331372224972,0.4444444444444444
80,0,train:7938,1,1,0.65625,0.25396825396825395,0.5873015873015873,0.5873015873015873,0.6233549384179387,0.6825396825396826
81,0,test:2775,1,1,0.890625,0.2698412698412698,0.09523809523809523,0.09523809523809523,0.18000595099835806,0.5873015873015873
82,0,train:8030,1,0,1.0,1.0,0.6031746031746031,0.6031746031746031,1.038919443936987,0.5238095238095238
83,0,train:1866,1,1,0.28125,0.25396825396825395,0.6349206349206349,0.6349206349206349,0.6972464363212019,0.6984126984126984
84,0,train:1609,1,0,1.0,1.0,0.6190476190476191,0.6190476190476191,1.038919443936987,0.5238095238095238
85,0,train:4944,0,0,1.0,1.0,0.6507936507936508,0.6507936507936508,1.6036251299914048,0.6190476190476191
86,0,train:2272,0,0,1.0,1.0,0.6825396825396826,0.6825396825396826,-0.46696238554146063,0.2698412698412698
87,0,train:1660,0,0,1.0,1.0,0.49206349206349204,0.9365079365079365,0.7565666009097779,0.47619047619047616
88,0,train:4305,0,0,1.0,1.0,0.7301587301587301,0.6666666666666666,-0.6551976142262665,0.23809523809523808
89,0,train:8487,1,0,1.0,1.0,0.23809523809523808,0.23809523809523808,-0.5610799998838636,0.25396825396825395
90,0,train:2970,1,1,0.890625,0.5714285714285714,0.6507936507936508,0.6507936507936508,0.9928124279342556,0.7619047619047619
91,0,test:5699,1,1,0.171875,0.30158730158730157,0.8571428571428571,0.8571428571428571,0.10611445309509437,0.5714285714285714
92,0,train:7170,1,0,0.875,0.25396825396825395,0.047619047619047616,0.047619047619047616,-1.7846089863351022,0.047619047619047616
93,0,train:6421,1,0,1.0,1.0,0.4444444444444444,0.4444444444444444,-1.0316680715958784,0.1746031746031746
94,0,train:9104,1,0,1.0,1.0,0.3333333333333333,0.3333333333333333,1.6977427443338076,0.6349206349206349
95,0,train:4514,0,0,1.0,1.0,1.0,1.0,0.09774330051295717,0.36507936507936506
96,0,train:5409,1,1,0.015625,0.2698412698412698,0.09523809523809523,0.09523809523809523,-1.5933899986799647,0.20634920634920634
97,0,train:5727,1,1,0.375,0.25396825396825395,1.0,0.6666666666666666,0.32778894680488496,0.6190476190476191
98,0,train:5644,1,1,0.421875,0.25396825396825395,0.6349206349206349,0.6349206349206349,0.32778894680488496,0.6190476190476191
99,0,test:2775,1,1,0.109375,0.2698412698412698,0.9206349206349206,0.2857142857142857,0.6972464363212019,0.6984126984126984
100,0,train:709,0,0,1.0,1.0,1.0,0.6031746031746031,1.227154672621793,0.5555555555555556
101,0,train:2590,0,1,0.21875,0.2698412698412698,0.3333333333333333,0.3333333333333333,-1.3717155049701744,0.25396825396825395
102,0,train:2102,0,0,1.0,1.0,0.47619047619047616,0.47619047619047616,-0.27872715685665467,0.30158730158730157
103,0,test:9736,0,0,1.0,1.0,0.6031746031746031,0.6031746031746031,-0.3728447711990577,0.2857142857142857
104,0,train:8462,0,0,0.921875,0.25396825396825395,0.015873015873015872,0.015873015873015872,-1.8787266006775052,0.031746031746031744
105,0,train:1788,0,0,1.0,1.0,0.5873015873015873,0.5873015873015873,1.6977427443338076,0.6349206349206349
106,0,train:2809,1,1,0.671875,0.3333333333333333,0.8571428571428571,0.8571428571428571,-0.11556004061469567,0.5238095238095238
107,0,train:5877,1,1,0.34375,0.2857142857142857,0.49206349206349204,0.7142857142857143,0.9189209300309924,0.746031746031746
108,0,train:7448,0,0,1.0,1.0,0.3968253968253968,0.3968253968253968,1.1330370582793898,0.5396825396825397
109,0,train:9017,0,0,0.984375,1.0,1.0,0.9523809523809523,0.0036256861705542018,0.3492063492063492
110,0,train:648,0,0,1.0,1.0,0.7619047619047619,0.7619047619047619,-0.3728447711990577,0.2857142857142857
111,0,train:6421,0,0,1.0,1.0,0.7777777777777778,0.7777777777777778,0.6624489865673749,0.4603174603174603
112,0,train:5809,0,0,1.0,1.0,0.3968253968253968,0.3968253968253968,-1.0316680715958784,0.1746031746031746
113,0,train:9816,0,0,1.0,1.0,0.4444444444444444,0.4444444444444444,-0.7493152285686695,0.2222222222222222
114,0,train:1033,0,0,1.0,1.0,0.9523809523809523,0.9523809523809523,0.47421375788256903,0.42857142857142855
115,0,train:860,1,1,0.796875,0.31746031746031744,0.9206349206349206,0.9206349206349206,0.25389744890162125,0.6031746031746031
116,0,train:5193,1,1,0.078125,0.2698412698412698,0.9523809523809523,0.9523809523809523,-1.8889559902930184,0.14285714285714285
117,0,train:5555,1,0,0.703125,0.7936507936507936,0.031746031746031744,0.031746031746031744,-1.1257856859382813,0.15873015873015872
118,0,train:7170,1,1,0.46875,0.25396825396825395,0.9523809523809523,0.9523809523809523,1.1405954237407825,0.7936507936507936
119,0,train:5300,1,1,0.484375,0.2857142857142857,0.06349206349206349,0.06349206349206349,0.47557194261141184,0.6507936507936508
120,0,train:1266,1,0,1.0,1.0,0.2857142857142857,0.2857142857142857,0.19186091485536014,0.38095238095238093
121,0,train:7170,1,1,0.1875,0.2857142857142857,0.746031746031746,0.746031746031746,-1.0761495133571206,0.31746031746031744
122,0,train:909,0,1,0.28125,0.25396825396825395,0.6190476190476191,0.6190476190476191,0.032222955191831194,0.5555555555555556
123,0,train:308,1,0,0.875,0.4126984126984127,0.5714285714285714,0.5714285714285714,0.568331372224972,0.4444444444444444
124,0,train:3570,0,0,1.0,1.0,0.14285714285714285,0.14285714285714285,-1.3140209146230872,0.12698412698412698
125,0,train:5765,1,1,0.5,0.2698412698412698,0.6825396825396826,0.6825396825396826,0.6233549384179387,0.6825396825396826
126,0,train:9017,0,0,0.921875,0.8571428571428571,0.3968253968253968,0.3968253968253968,-0.27872715685665467,0.30158730158730157
127,0,test:5610,0,1,0.09375,0.25396825396825395,0.2857142857142857,0.2857142857142857,-0.9283665175505937,0.3492063492063492
128,0,train:8030,1,0,1.0,1.0,0.9365079365079365,0.9365079365079365,2.5448012734154344,0.7777777777777778
129,0,train:5877,1,1,0.3125,0.2698412698412698,0.25396825396825395,0.25396825396825395,-0.0416685427114325,0.5396825396825397
130,0,train:5537,0,1,0.59375,0.2857142857142857,0.8095238095238095,0.8095238095238095,1.362269917450573,0.8412698412698413
131,0,train:2437,1,1,0.625,0.4444444444444444,0.7936507936507936,0.7936507936507936,0.6233549384179387,0.6825396825396826
132,0,train:2590,0,0,1.0,1.0,0.4603174603174603,0.6825396825396826,-0.5610799998838636,0.25396825396825395
133,0,train:4929,0,0,1.0,1.0,0.3968253968253968,0.3968253968253968,0.2859785291977631,0.3968253968253968
134,0,test:5069,1,1,0.78125,0.873015873015873,0.9206349206349206,0.9206349206349206,1.2144869216440461,0.8095238095238095
135,0,train:4514,0,0,1.0,1.0,1.0,0.8253968253968254,0.47421375788256903,0.42857142857142855
136,0,train:7170,0,0,1.0,1.0,1.0,0.6666666666666666,-0.46696238554146063,0.2698412698412698
137,0,train:1788,0,0,1.0,1.0,0.6825396825396826,0.6825396825396826,1.6977427443338076,0.6349206349206349
138,0,train:9017,0,0,1.0,1.0,0.6507936507936508,0.6507936507936508,-0.46696238554146063,0.2698412698412698
139,0,train:1492,1,0,1.0,1.0,0.7777777777777778,0.7777777777777778,-0.3728447711990577,0.2857142857142857
140,0,train:8857,0,0,0.90625,0.6190476190476191,0.6507936507936508,0.6507936507936508,0.3800961435401661,0.4126984126984127
141,0,train:6415,0,1,0.015625,0.15873015873015872,0.09523809523809523,0.09523809523809523,-1.5933899986799647,0.20634920634920634
142,0,train:860,1,1,0.234375,0.36507936507936506,0.6825396825396826,0.6825396825396826,1.2144869216440461,0.8095238095238095
143,0,train:8451,0,1,0.171875,0.25396825396825395,0.09523809523809523,0.09523809523809523,-2.3323049777125986,0.047619047619047616
144,0,train:2814,1,0,1.0,1.0,0.746031746031746,0.746031746031746,-0.46696238554146063,0.2698412698412698
145,0,train:5227,1,1,0.390625,0.31746031746031744,0.6984126984126984,0.6984126984126984,0.9189209300309924,0.746031746031746
146,0,train:5364,1,0,1.0,1.0,0.38095238095238093,0.38095238095238093,0.3800961435401661,0.4126984126984127
147,0,train:5727,0,0,1.0,1.0,0.5396825396825397,0.5396825396825397,1.415389901306599,0.5873015873015873
148,0,train:1727,1,1,0.34375,0.25396825396825395,0.38095238095238093,0.38095238095238093,-0.11556004061469567,0.5238095238095238
149,0,train:5222,1,1,0.171875,0.2698412698412698,0.3333333333333333,0.3333333333333333,-0.0416685427114325,0.5396825396825397
150,0,train:5282,0,0,1.0,1.0,0.031746031746031744,0.031746031746031744,-1.596373757650296,0.07936507936507936
151,0,train:6476,0,1,0.359375,0.25396825396825395,0.30158730158730157,0.30158730158730157,0.6233549384179387,0.6825396825396826
152,0,train:1609,1,1,0.484375,0.25396825396825395,0.8888888888888888,0.6031746031746031,0.9189209300309924,0.746031746031746
153,0,train:2809,1,1,0.875,0.8095238095238095,0.8095238095238095,0.8095238095238095,0.7711379342244655,0.7142857142857143
154,0,train:1033,0,0,0.703125,0.6666666666666666,0.1746031746031746,0.1746031746031746,-1.4081385289654902,0.1111111111111111
155,0,train:3216,1,1,0.75,0.30158730158730157,0.873015873015873,0.873015873015873,0.9189209300309924,0.746031746031746
156,0,train:3089,1,1,0.265625,0.25396825396825395,0.6507936507936508,1.0,-0.11556004061469567,0.5238095238095238
157,0,train:5765,0,0,0.953125,0.15873015873015872,0.2857142857142857,0.2857142857142857,-1.9728442150199081,0.015873015873015872
158,0,train:2204,0,0,1.0,1.0,0.5714285714285714,0.5714285714285714,1.227154672621793,0.5555555555555556
159,0,train:418,0,0,1.0,1.0,1.0,0.1746031746031746,-1.0316680715958784,0.1746031746031746
160,0,train:8756,1,1,0.4375,0.38095238095238093,0.5079365079365079,0.5079365079365079,0.8450294321277287,0.7301587301587301
161,0,train:9366,0,1,0.015625,0.1746031746031746,0.09523809523809523,0.09523809523809523,-2.3323049777125986,0.047619047619047616
162,0,train:6438,1,0,1.0,1.0,0.6666666666666666,0.6666666666666666,0.2859785291977631,0.3968253968253968
163,0,test:6949,1,1,0.578125,0.38095238095238093,1.0,1.0,0.25389744890162125,0.6031746031746031
164,0,train:2437,1,1,0.96875,0.8095238095238095,0.8095238095238095,0.9523809523809523,0.9189209300309924,0.746031746031746
165,0,train:3216,1,1,0.1875,0.2698412698412698,0.07936507936507936,0.07936507936507936,-1.2239325091636475,0.2857142857142857
166,0,test:5427,0,1,0.765625,0.25396825396825395,0.7777777777777778,0.7777777777777778,0.47557194261141184,0.6507936507936508
167,0,train:6421,0,0,1.0,1.0,0.4444444444444444,0.4444444444444444,1.038919443936987,0.5238095238095238
168,0,train:7170,0,0,1.0,1.0,0.8412698412698413,0.8412698412698413,1.8859779730186135,0.6666666666666666
169,0,train:6476,0,0,1.0,1.0,0.873015873015873,0.873015873015873,0.09774330051295717,0.36507936507936506
170,0,train:6421,0,0,1.0,1.0,0.6666666666666666,0.6666666666666666,1.415389901306599,0.5873015873015873
171,0,train:9483,1,1,0.5,0.25396825396825395,0.09523809523809523,0.09523809523809523,-0.18945153851795937,0.5079365079365079
172,0,train:7510,1,1,0.671875,0.2698412698412698,0.9682539682539683,0.9682539682539683,0.4016804447081481,0.6349206349206349
173,0,train:5282,1,1,0.140625,0.2857142857142857,0.8888888888888888,0.8888888888888888,-0.0416685427114325,0.5396825396825397
174,0,test:9441,0,0,1.0,1.0,0.746031746031746,0.746031746031746,1.6977427443338076,0.6349206349206349
175,0,train:7170,0,0,1.0,1.0,0.7936507936507936,0.7936507936507936,0.0036256861705542018,0.3492063492063492
176,0,train:4334,0,1,0.5625,0.2698412698412698,0.8095238095238095,0.8095238095238095,0.8450294321277287,0.7301587301587301
177,0,train:418,0,0,1.0,1.0,0.38095238095238093,0.38095238095238093,-0.9375504572534754,0.19047619047619047
178,0,test:5427,0,1,0.0625,0.25396825396825395,0.36507936507936506,0.36507936507936506,-0.4850175301310131,0.4444444444444444
179,0,train:7938,1,1,1.0,1.0,0.8412698412698413,0.8412698412698413,0.6233549384179387,0.6825396825396826
180,0,train:5537,0,1,0.296875,0.30158730158730157,0.3333333333333333,0.3333333333333333,0.4016804447081481,0.6349206349206349
181,0,train:6438,1,1,0.71875,0.746031746031746,0.7777777777777778,0.7777777777777778,0.4016804447081481,0.6349206349206349
182,0,train:4916,1,0,0.984375,0.2698412698412698,0.1746031746031746,0.1746031746031746,0.09774330051295717,0.36507936507936506
183,0,train:7170,1,1,0.515625,0.2857142857142857,0.9682539682539683,0.9682539682539683,1.2883784195473094,0.8253968253968254
184,0,train:5496,1,0,0.4375,0.4444444444444444,0.14285714285714285,0.12698412698412698,-1.7846089863351022,0.047619047619047616
185,0,train:5167,0,0,1.0,1.0,0.6349206349206349,0.6349206349206349,-0.7493152285686695,0.2222222222222222
186,0,train:709,1,1,0.484375,0.2698412698412698,0.7777777777777778,0.7777777777777778,0.8450294321277287,0.7301587301587301
187,0,train:5222,1,1,0.125,0.25396825396825395,0.9047619047619048,0.9047619047619048,0.25389744890162125,0.6031746031746031
188,0,train:5193,1,1,0.5625,0.6666666666666666,0.7936507936507936,0.7936507936507936,0.25389744890162125,0.6031746031746031
189,0,test:9736,0,0,1.0,1.0,0.6507936507936508,0.6507936507936508,1.415389901306599,0.5873015873015873
190,0,train:3706,0,0,1.0,1.0,0.4603174603174603,0.4603174603174603,0.47421375788256903,0.42857142857142855
191,0,train:525,1,0,1.0,1.0,0.5079365079365079,0.5079365079365079,0.09774330051295717,0.36507936507936506
192,0,train:6505,1,0,1.0,1.0,0.7142857142857143,0.4126984126984127,0.7565666009097779,0.47619047619047616
193,0,train:6845,0,0,0.828125,1.0,0.9523809523809523,0.1746031746031746,-0.18460954251425174,0.31746031746031744
194,0,train:3637,0,1,0.3125,0.2698412698412698,0.09523809523809523,0.09523809523809523,0.6972464363212019,0.6984126984126984
195,0,train:8359,0,0,1.0,1.0,0.873015873015873,0.873015873015873,-0.7493152285686695,0.2222222222222222
196,0,train:1479,1,1,0.1875,0.25396825396825395,0.6666666666666666,0.6666666666666666,0.549463440514675,0.6666666666666666
197,0,train:6374,1,1,0.046875,0.25396825396825395,0.20634920634920634,0.1111111111111111,0.32778894680488496,0.6190476190476191
198,0,train:9017,0,0,1.0,1.0,0.6666666666666666,0.6666666666666666,1.038919443936987,0.5238095238095238
199,0,test:2463,0,0,1.0,1.0,1.0,0.5555555555555556,-0.18460954251425174,0.31746031746031744
200,0,train:9366,1,0,1.0,1.0,0.49206349206349204,0.49206349206349204,0.3800961435401661,0.4126984126984127
201,0,test:5069,1,1,0.578125,0.25396825396825395,0.7142857142857143,0.7142857142857143,0.47557194261141184,0.6507936507936508
202,0,train:2102,0,0,1.0,1.0,0.2222222222222222,0.2222222222222222,-1.2199033002806843,0.14285714285714285
203,0,train:2814,0,0,1.0,1.0,0.1111111111111111,0.1111111111111111,-0.6551976142262665,0.23809523809523808
204,0,train:3706,0,1,0.03125,0.25396825396825395,0.19047619047619047,0.19047619047619047,-0.63280052593754,0.4126984126984127
205,0,train:1479,0,0,1.0,1.0,0.2222222222222222,0.2222222222222222,0.6624489865673749,0.4603174603174603
206,0,train:1033,0,0,0.84375,0.31746031746031744,0.25396825396825395,0.25396825396825395,1.227154672621793,0.5555555555555556
207,0,train:8487,1,0,1.0,1.0,0.2857142857142857,0.2857142857142857,-0.8434328429110725,0.20634920634920634
208,0,train:6421,0,0,1.0,1.0,1.0,1.0,-0.18460954251425174,0.31746031746031744
209,0,train:4916,1,0,1.0,1.0,0.9682539682539683,0.9682539682539683,0.2859785291977631,0.3968253968253968
210,0,train:2437,1,1,0.390625,0.31746031746031744,0.9047619047619048,0.9047619047619048,0.549463440514675,0.6666666666666666
211,0,train:5343,0,0,1.0,1.0,1.0,0.6984126984126984,1.1330370582793898,0.5396825396825397
212,0,train:8488,0,0,1.0,1.0,0.746031746031746,0.746031746031746,0.8506842152521809,0.49206349206349204
213,0,train:4915,0,0,1.0,1.0,0.746031746031746,0.5396825396825397,1.038919443936987,0.5238095238095238
214,0,train:5555,0,0,1.0,1.0,0.6349206349206349,0.6349206349206349,1.227154672621793,0.5555555555555556
215,0,train:3539,1,1,0.265625,0.30158730158730157,0.9206349206349206,0.9206349206349206,-0.8544750196473303,0.36507936507936506
216,0,train:8669,0,0,1.0,1.0,0.47619047619047616,0.47619047619047616,-1.5022561433078931,0.09523809523809523
217,0,train:9816,0,0,1.0,1.0,0.4603174603174603,0.4603174603174603,0.6624489865673749,0.4603174603174603
218,0,train:5409,0,0,0.984375,1.0,0.1746031746031746,0.3492063492063492,-0.46696238554146063,0.2698412698412698
219,0,train:9037,0,0,1.0,1.0,0.9365079365079365,0.9365079365079365,1.5095075156490017,0.6031746031746031
220,0,train:525,0,0,1.0,1.0,0.8888888888888888,0.8888888888888888,1.9800955873610169,0.6825396825396826
221,0,train:6505,1,1,0.0625,0.25396825396825395,0.23809523809523808,0.23809523809523808,-0.9283665175505937,0.3492063492063492
222,0,test:6949,0,1,0.15625,0.30158730158730157,0.42857142857142855,0.9682539682539683,0.549463440514675,0.6666666666666666
223,0,train:6569,0,0,1.0,1.0,0.7142857142857143,0.7142857142857143,0.9448018295945838,0.5079365079365079
224,0,train:868,1,1,0.15625,0.25396825396825395,0.9206349206349206,0.9206349206349206,0.549463440514675,0.6666666666666666
225,0,train:8116,1,1,0.65625,0.2857142857142857,0.14285714285714285,0.9841269841269841,0.549463440514675,0.6666666666666666
226,0,train:9397,0,0,1.0,1.0,0.5714285714285714,0.5714285714285714,-0.3728447711990577,0.2857142857142857
227,0,train:1866,1,1,0.015625,0.19047619047619047,0.8412698412698413,0.8412698412698413,-1.9628474881962819,0.12698412698412698
228,0,test:6949,1,1,0.515625,0.25396825396825395,0.4126984126984127,0.4126984126984127,1.1405954237407825,0.7936507936507936
229,0,train:7590,0,0,0.921875,0.3968253968253968,0.14285714285714285,0.14285714285714285,-1.7846089863351022,0.047619047619047616
230,0,test:2463,1,0,0.296875,0.2857142857142857,0.06349206349206349,0.06349206349206349,-0.9375504572534754,0.19047619047619047
231,0,train:6845,1,1,0.234375,0.2698412698412698,0.6984126984126984,0.6984126984126984,0.32778894680488496,0.6190476190476191
232,0,train:868,0,1,0.375,0.2857142857142857,0.9047619047619048,0.9841269841269841,0.32778894680488496,0.6190476190476191
233,0,train:8487,1,1,0.5625,0.3333333333333333,0.47619047619047616,0.47619047619047616,0.18000595099835806,0.5873015873015873
234,0,train:3637,0,0,1.0,1.0,0.19047619047619047,0.19047619047619047,-0.3728447711990577,0.2857142857142857
235,0,train:8576,1,1,0.609375,0.25396825396825395,0.9841269841269841,0.6507936507936508,-0.4850175301310131,0.4444444444444444
236,0,train:8576,1,0,1.0,1.0,0.31746031746031744,0.31746031746031744,0.8506842152521809,0.49206349206349204
237,0,train:5366,1,0,1.0,1.0,0.9365079365079365,0.8571428571428571,-0.46696238554146063,0.2698412698412698
238,0,train:4691,1,1,0.375,0.2698412698412698,0.5079365079365079,0.5079365079365079,0.4016804447081481,0.6349206349206349
239,0,train:5300,1,0,0.765625,0.9682539682539683,0.2857142857142857,0.2857142857142857,0.0036256861705542018,0.3492063492063492
240,0,train:860,1,1,0.640625,0.047619047619047616,0.4126984126984127,0.4126984126984127,-2.4800879735191264,0.015873015873015872
241,0,train:9397,0,0,1.0,1.0,0.6666666666666666,0.6666666666666666,1.038919443936987,0.5238095238095238
242,0,train:7612,1,0,1.0,1.0,0.6666666666666666,0.6666666666666666,0.0036256861705542018,0.3492063492063492
243,0,train:5300,0,0,1.0,1.0,0.49206349206349204,0.49206349206349204,0.0036256861705542018,0.3492063492063492
244,0,train:2437,1,1,0.390625,0.25396825396825395,0.9841269841269841,0.9841269841269841,0.7711379342244655,0.7142857142857143
245,0,train:6505,0,1,0.859375,0.30158730158730157,0.9206349206349206,0.9206349206349206,-0.33723453432448625,0.47619047619047616
246,0,train:4929,1,1,0.390625,0.6507936507936508,0.5238095238095238,0.5238095238095238,-0.11556004061469567,0.5238095238095238
247,0,train:5364,1,1,0.171875,0.25396825396825395,0.25396825396825395,0.25396825396825395,-0.11556004061469567,0.5238095238095238
248,0,train:5035,1,1,0.640625,0.31746031746031744,0.6666666666666666,0.5079365079365079,0.9189209300309924,0.746031746031746
249,0,train:8669,0,0,1.0,1.0,0.8571428571428571,0.8571428571428571,0.6624489865673749,0.4603174603174603
250,0,train:5816,1,0,1.0,1.0,0.7142857142857143,0.6031746031746031,-1.2199033002806843,0.14285714285714285
251,0,train:8337,0,0,1.0,1.0,0.8888888888888888,0.8888888888888888,0.6624489865673749,0.4603174603174603
252,0,train:999,0,0,1.0,1.0,0.3333333333333333,0.3333333333333333,-0.09049192817184876,0.3333333333333333
253,0,train:1492,1,0,0.921875,0.3968253968253968,0.1111111111111111,0.1111111111111111,-1.596373757650296,0.07936507936507936
254,0,train:1033,0,0,1.0,1.0,0.9682539682539683,0.9682539682539683,1.038919443936987,0.5238095238095238
255,0,train:1866,1,1,0.09375,0.25396825396825395,0.9841269841269841,0.9841269841269841,0.9189209300309924,0.746031746031746
256,0,train:1958,1,1,0.5625,0.30158730158730157,0.9523809523809523,0.9523809523809523,1.2883784195473094,0.8253968253968254
257,0,train:8269,0,0,1.0,1.0,0.4444444444444444,0.4444444444444444,0.0036256861705542018,0.3492063492063492
258,0,train:5864,0,1,0.265625,0.31746031746031744,0.746031746031746,0.746031746031746,1.0667039258375193,0.7777777777777778
259,0,train:7860,1,1,0.015625,0.23809523809523808,1.0,1.0,0.9189209300309924,0.746031746031746
260,0,test:2463,0,0,1.0,1.0,0.047619047619047616,0.047619047619047616,-0.8434328429110725,0.20634920634920634
261,0,train:7860,0,0,0.8125,1.0,0.047619047619047616,0.047619047619047616,-1.7846089863351022,0.047619047619047616
262,0,train:5300,0,0,1.0,1.0,0.47619047619047616,0.47619047619047616,-0.46696238554146063,0.2698412698412698
263,0,train:6438,1,1,0.546875,0.5555555555555556,0.8412698412698413,0.9365079365079365,0.032222955191831194,0.5555555555555556
264,0,train:1999,0,0,1.0,1.0,0.3492063492063492,0.3492063492063492,1.038919443936987,0.5238095238095238
265,0,train:6638,1,1,0.28125,0.14285714285714285,0.09523809523809523,0.09523809523809523,-2.184521981906072,0.07936507936507936
266,0,train:999,0,1,0.84375,0.9047619047619048,0.5555555555555556,0.7301587301587301,0.9189209300309924,0.746031746031746
267,0,train:5644,1,0,1.0,1.0,0.2222222222222222,0.2222222222222222,-1.1257856859382813,0.15873015873015872
268,0,train:2814,1,0,1.0,1.0,0.07936507936507936,0.07936507936507936,-1.4081385289654902,0.1111111111111111
269,0,train:1615,1,1,0.6875,0.25396825396825395,0.9365079365079365,0.9841269841269841,1.2883784195473094,0.8253968253968254
270,0,train:7170,1,0,1.0,1.0,0.7936507936507936,0.7936507936507936,-0.7493152285686695,0.2222222222222222
271,0,train:3230,0,0,1.0,1.0,0.5714285714285714,0.5714285714285714,1.227154672621793,0.5555555555555556
272,0,train:328,1,1,0.609375,0.25396825396825395,0.6825396825396826,0.6825396825396826,0.549463440514675,0.6666666666666666
273,0,train:6845,0,1,0.34375,0.25396825396825395,0.42857142857142855,0.42857142857142855,0.7711379342244655,0.7142857142857143
274,0,train:8116,0,1,0.34375,0.25396825396825395,1.0,1.0,-1.5194985007767012,0.2222222222222222
275,0,train:10072,1,0,0.90625,0.7142857142857143,0.07936507936507936,0.07936507936507936,-1.7846089863351022,0.047619047619047616
276,0,train:4691,0,0,1.0,1.0,0.5555555555555556,0.5555555555555556,0.7565666009097779,0.47619047619047616
277,0,train:8780,1,1,0.515625,0.4603174603174603,1.0,0.6984126984126984,-0.11556004061469567,0.5238095238095238
278,0,train:6505,0,1,0.828125,0.25396825396825395,0.5238095238095238,0.5238095238095238,1.2144869216440461,0.8095238095238095
279,0,train:262,1,1,0.171875,0.25396825396825395,0.7936507936507936,0.7936507936507936,-1.0022580154538572,0.3333333333333333
280,0,train:6421,1,0,1.0,1.0,0.4126984126984127,0.4126984126984127,-0.3728447711990577,0.2857142857142857
281,0,train:525,0,0,1.0,1.0,0.6507936507936508,0.6507936507936508,1.791860358676211,0.6507936507936508
282,0,train:3216,1,1,1.0,1.0,0.9365079365079365,0.9365079365079365,0.4016804447081481,0.6349206349206349
283,0,train:8269,1,1,0.671875,0.2698412698412698,0.6031746031746031,0.6031746031746031,0.8450294321277287,0.7301587301587301
284,0,train:5833,1,1,0.265625,0.25396825396825395,0.8095238095238095,0.8095238095238095,-0.7066920238408034,0.3968253968253968
285,0,train:1999,0,0,1.0,1.0,0.6984126984126984,0.6984126984126984,-0.18460954251425174,0.31746031746031744
286,0,train:3570,1,0,0.953125,0.4126984126984127,0.36507936507936506,0.36507936507936506,-1.5022561433078931,0.09523809523809523
287,0,train:7510,0,1,0.109375,0.15873015873015872,0.14285714285714285,0.14285714285714285,-0.8544750196473303,0.36507936507936506
288,0,train:1033,1,1,0.140625,0.2698412698412698,0.6507936507936508,0.6507936507936508,-0.2633430364212228,0.49206349206349204
289,0,train:999,1,0,0.890625,0.20634920634920634,0.031746031746031744,0.031746031746031744,-1.9728442150199081,0.015873015873015872
290,0,train:5877,1,0,1.0,1.0,0.19047619047619047,0.19047619047619047,-0.5610799998838636,0.25396825396825395
291,0,test:2463,1,1,0.46875,0.25396825396825395,0.9841269841269841,0.9841269841269841,0.4016804447081481,0.6349206349206349
292,0,train:249,0,0,1.0,1.0,0.3968253968253968,0.3968253968253968,1.6977427443338076,0.6349206349206349
293,0,train:5035,0,1,0.5,0.015873015873015872,0.36507936507936506,0.36507936507936506,0.9928124279342556,0.7619047619047619
294,0,train:9816,0,0,1.0,1.0,0.8888888888888888,0.8888888888888888,1.8859779730186135,0.6666666666666666
295,0,train:1266,0,0,1.0,1.0,0.9365079365079365,0.9365079365079365,0.7565666009097779,0.47619047619047616
296,0,train:1958,1,0,1.0,1.0,0.8095238095238095,0.8095238095238095,0.09774330051295717,0.36507936507936506
297,0,train:9773,0,0,1.0,1.0,0.07936507936507936,0.047619047619047616,-1.1257856859382813,0.15873015873015872
298,0,train:5809,1,1,0.953125,1.0,0.9841269841269841,0.9841269841269841,0.6233549384179387,0.6825396825396826
299,0,train:709,0,1,0.125,0.25396825396825395,0.6984126984126984,0.6984126984126984,0.8450294321277287,0.7301587301587301
300,0,train:2706,0,0,1.0,1.0,0.1111111111111111,0.1111111111111111,-0.9375504572534754,0.19047619047619047
301,0,train:1866,1,1,0.15625,0.4126984126984127,0.9206349206349206,0.9841269841269841,0.18000595099835806,0.5873015873015873
302,0,train:708,1,1,0.046875,0.3492063492063492,0.31746031746031744,0.31746031746031744,0.8450294321277287,0.7301587301587301
303,0,train:359,0,0,1.0,1.0,0.5714285714285714,0.9365079365079365,0.6624489865673749,0.4603174603174603
304,0,train:3216,1,0,0.828125,0.2222222222222222,0.06349206349206349,0.06349206349206349,-1.2199033002806843,0.14285714285714285
305,0,train:5765,0,0,1.0,1.0,0.6190476190476191,0.6190476190476191,0.09774330051295717,0.36507936507936506
306,0,train:7480,0,0,0.9375,1.0,0.8095238095238095,0.8095238095238095,-0.6551976142262665,0.23809523809523808
307,0,test:6949,1,1,0.75,0.7619047619047619,0.6349206349206349,0.6984126984126984,0.8450294321277287,0.7301587301587301
308,0,train:6372,1,0,1.0,1.0,0.9523809523809523,0.9523809523809523,1.3212722869641957,0.5714285714285714
309,0,train:5222,1,0,0.953125,0.9682539682539683,0.6190476190476191,0.6190476190476191,-1.1257856859382813,0.15873015873015872
310,0,train:8337,1,1,0.015625,0.23809523809523808,0.2222222222222222,0.2222222222222222,-2.3323049777125986,0.047619047619047616
311,0,train:1479,1,1,0.3125,0.4444444444444444,0.9047619047619048,0.9047619047619048,0.8450294321277287,0.7301587301587301
312,0,train:3562,1,1,0.125,0.2698412698412698,0.6190476190476191,0.6190476190476191,-1.297824007066911,0.2698412698412698
313,0,train:4334,0,0,1.0,1.0,0.25396825396825395,0.25396825396825395,-0.6551976142262665,0.23809523809523808
314,0,train:5456,1,0,1.0,1.0,0.5238095238095238,0.5238095238095238,0.47421375788256903,0.42857142857142855
315,0,train:5167,0,0,1.0,1.0,0.8571428571428571,0.8571428571428571,-0.09049192817184876,0.3333333333333333
316,0,train:7877,0,0,1.0,1.0,0.6666666666666666,0.6666666666666666,0.8506842152521809,0.49206349206349204
317,0,train:2706,0,0,1.0,1.0,0.873015873015873,0.873015873015873,0.568331372224972,0.4444444444444444
318,0,train:1479,0,0,1.0,1.0,0.7301587301587301,0.7301587301587301,-1.0316680715958784,0.1746031746031746
319,0,train:1866,1,0,1.0,1.0,0.9206349206349206,0.9206349206349206,1.1330370582793898,0.5396825396825397
320,0,train:1609,1,1,0.0625,0.25396825396825395,1.0,0.5555555555555556,0.549463440514675,0.6666666666666666
321,0,train:1866,1,1,0.03125,0.25396825396825395,0.4603174603174603,0.4603174603174603,-2.1106304840028085,0.09523809523809523
322,0,train:7877,1,0,1.0,1.0,0.9523809523809523,0.9523809523809523,-0.9375504572534754,0.19047619047619047
323,0,train:1866,1,0,1.0,1.0,0.5873015873015873,0.5873015873015873,0.3800961435401661,0.4126984126984127
324,0,train:2809,1,1,0.1875,0.25396825396825395,0.5714285714285714,0.5714285714285714,0.549463440514675,0.6666666666666666
325,0,train:1033,0,0,1.0,1.0,0.8412698412698413,0.8412698412698413,2.1683308160458226,0.7142857142857143
326,0,train:525,1,1,0.015625,0.015873015873015872,0.015873015873015872,0.015873015873015872,-2.4800879735191264,0.015873015873015872
327,0,test:5610,0,0,1.0,0.5714285714285714,0.7777777777777778,0.7777777777777778,-1.0316680715958784,0.1746031746031746
328,0,train:5534,0,1,0.5625,0.3492063492063492,0.6031746031746031,0.6031746031746031,0.032222955191831194,0.5555555555555556
329,0,train:5035,1,1,0.46875,0.25396825396825395,0.47619047619047616,0.14285714285714285,0.9189209300309924,0.746031746031746
330,0,train:5035,1,1,0.671875,0.2857142857142857,0.9682539682539683,0.9682539682539683,0.9928124279342556,0.7619047619047619
331,0,train:3706,0,0,1.0,1.0,0.6349206349206349,0.6349206349206349,1.227154672621793,0.5555555555555556
332,0,train:328,1,1,0.171875,0.31746031746031744,0.6031746031746031,0.6031746031746031,0.4016804447081481,0.6349206349206349
333,0,train:5167,1,1,0.109375,0.25396825396825395,0.873015873015873,0.873015873015873,0.32778894680488496,0.6190476190476191
334,0,train:8718,1,1,0.015625,0.25396825396825395,0.19047619047619047,0.5079365079365079,-1.2239325091636475,0.2857142857142857
335,0,test:2775,1,0,1.0,1.0,0.5555555555555556,0.5555555555555556,0.568331372224972,0.4444444444444444
336,0,train:5193,1,1,0.734375,0.47619047619047616,0.9523809523809523,0.9523809523809523,0.549463440514675,0.6666666666666666
337,0,train:8756,1,1,1.0,1.0,0.8253968253968254,0.8253968253968254,0.18000595099835806,0.5873015873015873
338,0,train:2272,0,1,0.265625,0.25396825396825395,0.14285714285714285,0.14285714285714285,-1.0022580154538572,0.3333333333333333
339,0,train:3216,0,0,1.0,1.0,0.047619047619047616,0.047619047619047616,-1.4081385289654902,0.1111111111111111
340,0,train:8462,0,0,1.0,1.0,0.9206349206349206,0.9206349206349206,1.227154672621793,0.5555555555555556
341,0,train:4929,1,1,0.71875,0.25396825396825395,0.9365079365079365,0.6984126984126984,1.2144869216440461,0.8095238095238095
342,0,train:868,1,1,0.15625,0.2698412698412698,0.8412698412698413,0.8412698412698413,0.18000595099835806,0.5873015873015873
343,0,train:5456,1,1,0.421875,0.2857142857142857,0.873015873015873,0.873015873015873,-0.18945153851795937,0.5079365079365079
344,0,train:1660,1,1,0.78125,0.2698412698412698,0.9206349206349206,0.9206349206349206,0.7711379342244655,0.7142857142857143
345,0,train:9994,0,0,1.0,1.0,0.8888888888888888,0.8888888888888888,1.791860358676211,0.6507936507936508
346,0,test:9736,0,0,1.0,1.0,0.25396825396825395,0.25396825396825395,0.09774330051295717,0.36507936507936506
347,0,train:9483,0,0,1.0,1.0,0.6825396825396826,0.6825396825396826,0.568331372224972,0.4444444444444444
348,0,train:5765,0,0,1.0,1.0,0.6984126984126984,0.6984126984126984,-0.5610799998838636,0.25396825396825395
349,0,train:9994,1,1,0.03125,0.25396825396825395,0.9365079365079365,0.9365079365079365,-1.8889559902930184,0.14285714285714285
350,0,train:5809,0,1,0.46875,0.5873015873015873,0.9365079365079365,0.9365079365079365,0.032222955191831194,0.5555555555555556
351,0,train:999,1,1,0.171875,0.06349206349206349,0.3968253968253968,0.3968253968253968,-2.4800879735191264,0.015873015873015872
352,0,train:8105,1,1,0.21875,0.36507936507936506,1.0,1.0,1.4361614153538362,0.8571428571428571
353,0,train:5765,0,1,0.359375,0.25396825396825395,0.9523809523809523,0.9523809523809523,0.10611445309509437,0.5714285714285714
354,0,train:1884,1,0,0.78125,0.25396825396825395,0.1746031746031746,0.1746031746031746,-1.596373757650296,0.07936507936507936
355,0,train:10072,0,1,0.015625,0.047619047619047616,0.12698412698412698,0.12698412698412698,-2.4061964756158623,0.031746031746031744
356,0,train:5193,0,0,1.0,1.0,0.746031746031746,0.746031746031746,1.6036251299914048,0.6190476190476191
357,0,test:5069,1,1,0.15625,0.2698412698412698,0.5714285714285714,0.5714285714285714,0.4016804447081481,0.6349206349206349
358,0,train:7480,0,1,0.734375,0.6507936507936508,0.5238095238095238,0.5238095238095238,0.25389744890162125,0.6031746031746031
359,0,train:262,1,1,0.109375,0.36507936507936506,0.9682539682539683,0.9682539682539683,0.8450294321277287,0.7301587301587301
360,0,test:5069,0,0,1.0,1.0,1.0,1.0,0.3800961435401661,0.4126984126984127
361,0,train:2437,1,1,0.734375,0.5238095238095238,0.9841269841269841,0.9841269841269841,0.9189209300309924,0.746031746031746
362,0,train:4944,0,0,1.0,1.0,0.8571428571428571,0.8571428571428571,1.5095075156490017,0.6031746031746031
363,0,train:1999,1,0,0.9375,1.0,0.1746031746031746,0.1746031746031746,-1.1257856859382813,0.15873015873015872
364,0,train:418,0,0,0.78125,0.38095238095238093,0.1746031746031746,0.1746031746031746,0.3800961435401661,0.4126984126984127
365,0,train:8451,1,1,0.625,0.25396825396825395,0.5714285714285714,0.5714285714285714,-0.0416685427114325,0.5396825396825397
366,0,train:3216,1,1,0.03125,0.25396825396825395,0.6349206349206349,0.6349206349206349,0.8450294321277287,0.7301587301587301
367,0,train:909,1,1,0.734375,0.3492063492063492,0.9047619047619048,0.9047619047619048,0.549463440514675,0.6666666666666666
368,0,train:7938,1,1,1.0,1.0,0.7777777777777778,0.7777777777777778,0.7711379342244655,0.7142857142857143
369,0,train:3216,0,0,0.96875,0.031746031746031744,0.031746031746031744,0.031746031746031744,-1.9728442150199081,0.015873015873015872
370,0,test:6949,0,0,0.984375,1.0,0.6666666666666666,0.6666666666666666,0.3800961435401661,0.4126984126984127
371,0,train:1033,1,1,0.046875,0.23809523809523808,0.09523809523809523,0.09523809523809523,-2.2584134798093354,0.06349206349206349
372,0,train:5537,0,0,1.0,1.0,0.25396825396825395,0.25396825396825395,-0.18460954251425174,0.31746031746031744
373,0,train:5811,1,0,1.0,1.0,0.6825396825396826,0.6825396825396826,-0.7493152285686695,0.2222222222222222
374,0,train:8451,1,0,0.96875,1.0,0.5238095238095238,0.5238095238095238,-1.0316680715958784,0.1746031746031746
375,0,train:3733,0,0,1.0,1.0,0.9841269841269841,0.9841269841269841,-0.27872715685665467,0.30158730158730157
376,0,train:8718,0,0,1.0,1.0,0.5714285714285714,0.5714285714285714,0.3800961435401661,0.4126984126984127
377,0,train:7480,0,1,0.5625,0.25396825396825395,0.9206349206349206,0.9206349206349206,0.6972464363212019,0.6984126984126984
378,0,train:7938,1,1,0.46875,0.2698412698412698,0.5714285714285714,0.5714285714285714,-0.0416685427114325,0.5396825396825397
379,0,train:9816,0,1,0.0625,0.14285714285714285,0.031746031746031744,0.031746031746031744,0.9928124279342556,0.7619047619047619
380,0,train:9037,1,1,0.140625,0.25396825396825395,0.36507936507936506,0.36507936507936506,0.4016804447081481,0.6349206349206349
381,0,train:262,1,1,0.359375,0.2857142857142857,0.42857142857142855,0.42857142857142855,-1.297824007066911,0.2698412698412698
382,0,train:4691,0,0,1.0,1.0,0.5555555555555556,0.5555555555555556,1.415389901306599,0.5873015873015873
383,0,train:5300,0,1,0.015625,0.12698412698412698,0.047619047619047616,0.047619047619047616,-1.0022580154538572,0.3333333333333333
384,0,train:1266,1,0,0.890625,0.047619047619047616,0.015873015873015872,0.015873015873015872,-1.8787266006775052,0.031746031746031744
385,0,train:5534,1,0,1.0,1.0,0.4126984126984127,0.4126984126984127,-0.3728447711990577,0.2857142857142857
386,0,train:5035,1,1,0.578125,0.30158730158730157,0.7619047619047619,0.19047619047619047,0.7711379342244655,0.7142857142857143
387,0,train:1660,1,0,0.828125,0.5873015873015873,0.047619047619047616,0.047619047619047616,-1.8787266006775052,0.031746031746031744
388,0,train:1660,1,0,0.71875,0.42857142857142855,0.8095238095238095,0.8095238095238095,-0.27872715685665467,0.30158730158730157
389,0,train:262,0,1,0.140625,0.15873015873015872,0.4444444444444444,0.4444444444444444,-2.4061964756158623,0.031746031746031744
390,0,train:249,1,0,0.890625,0.9206349206349206,1.0,0.746031746031746,0.0036256861705542018,0.3492063492063492
391,0,train:8576,1,1,0.125,0.07936507936507936,0.7301587301587301,0.7301587301587301,0.8450294321277287,0.7301587301587301
392,0,train:9483,1,0,1.0,1.0,0.2857142857142857,0.2857142857142857,-0.3728447711990577,0.2857142857142857
393,0,train:2706,0,0,1.0,1.0,1.0,0.8571428571428571,0.9448018295945838,0.5079365079365079
394,0,train:1615,1,1,0.640625,0.2698412698412698,0.9206349206349206,0.9206349206349206,0.6972464363212019,0.6984126984126984
395,0,train:529,1,0,0.953125,0.9047619047619048,0.6190476190476191,0.6190476190476191,-0.6551976142262665,0.23809523809523808
396,0,test:2463,1,1,0.109375,0.25396825396825395,0.8571428571428571,0.8571428571428571,-2.184521981906072,0.07936507936507936
397,0,test:5610,0,0,1.0,1.0,0.31746031746031744,0.31746031746031744,-1.2199033002806843,0.14285714285714285
398,0,train:3939,1,1,0.078125,0.25396825396825395,0.8412698412698413,0.8412698412698413,-0.7066920238408034,0.3968253968253968
399,0,train:1727,1,1,0.5,0.2698412698412698,0.47619047619047616,0.47619047619047616,-0.5589090280342766,0.42857142857142855
400,0,train:2970,1,0,0.953125,0.6666666666666666,0.38095238095238093,0.38095238095238093,-0.8434328429110725,0.20634920634920634
401,0,train:5864,0,0,1.0,1.0,0.42857142857142855,0.42857142857142855,1.6977427443338076,0.6349206349206349
402,0,train:4944,0,0,1.0,1.0,0.31746031746031744,0.31746031746031744,0.8506842152521809,0.49206349206349204
403,0,train:5574,0,1,0.765625,0.4126984126984127,0.9841269841269841,0.9841269841269841,0.4016804447081481,0.6349206349206349
404,0,train:6415,0,0,1.0,1.0,0.9365079365079365,0.9365079365079365,2.0742132017034196,0.6984126984126984
405,0,train:5809,0,0,1.0,1.0,0.9523809523809523,0.9523809523809523,-0.6551976142262665,0.23809523809523808
406,0,train:860,1,1,1.0,1.0,0.873015873015873,0.873015873015873,1.1405954237407825,0.7936507936507936
407,0,train:3562,1,1,0.421875,0.25396825396825395,0.8571428571428571,0.9841269841269841,-0.4850175301310131,0.4444444444444444
408,0,train:4665,1,1,0.390625,0.31746031746031744,0.9682539682539683,0.9682539682539683,0.18000595099835806,0.5873015873015873
409,0,train:648,0,0,1.0,1.0,0.12698412698412698,0.12698412698412698,-0.5610799998838636,0.25396825396825395
410,0,train:6673,0,0,1.0,1.0,0.8888888888888888,0.8888888888888888,0.6624489865673749,0.4603174603174603
411,0,train:9188,0,0,0.96875,1.0,0.1111111111111111,0.1111111111111111,-1.1257856859382813,0.15873015873015872
412,0,train:308,1,1,0.921875,1.0,0.9365079365079365,0.9365079365079365,0.6233549384179387,0.6825396825396826
413,0,train:5765,1,1,0.484375,0.25396825396825395,0.873015873015873,0.873015873015873,-0.2633430364212228,0.49206349206349204
414,0,train:5282,0,0,1.0,1.0,0.8571428571428571,0.5555555555555556,0.0036256861705542018,0.3492063492063492
415,0,train:1727,0,0,0.953125,0.6984126984126984,0.20634920634920634,0.20634920634920634,-0.5610799998838636,0.25396825396825395
416,0,train:8762,1,1,0.03125,0.12698412698412698,0.47619047619047616,0.47619047619047616,0.32778894680488496,0.6190476190476191
417,0,train:3461,0,0,1.0,1.0,0.8888888888888888,0.8888888888888888,1.1330370582793898,0.5396825396825397
418,0,train:1615,1,1,0.1875,0.2698412698412698,0.6190476190476191,0.6190476190476191,1.0667039258375193,0.7777777777777778
419,0,train:418,0,0,1.0,1.0,0.5555555555555556,0.5555555555555556,1.5095075156490017,0.6031746031746031
420,0,train:8451,0,1,0.25,0.15873015873015872,0.07936507936507936,0.31746031746031744,0.549463440514675,0.6666666666666666
421,0,train:1788,0,0,1.0,1.0,0.9523809523809523,0.9523809523809523,0.2859785291977631,0.3968253968253968
422,0,train:3539,0,0,0.984375,1.0,0.42857142857142855,0.8095238095238095,0.3800961435401661,0.4126984126984127
423,0,train:5282,0,0,1.0,1.0,0.6507936507936508,0.6507936507936508,0.568331372224972,0.4444444444444444
424,0,train:1266,0,0,1.0,1.0,1.0,0.6507936507936508,0.2859785291977631,0.3968253968253968
425,0,train:9483,0,0,0.875,0.7301587301587301,0.20634920634920634,0.20634920634920634,-1.1257856859382813,0.15873015873015872
426,0,train:7448,0,0,1.0,1.0,1.0,0.8095238095238095,2.0742132017034196,0.6984126984126984
427,0,train:418,1,1,0.71875,0.6031746031746031,0.873015873015873,1.0,0.18000595099835806,0.5873015873015873
428,0,train:3570,1,1,0.9375,0.7936507936507936,0.7301587301587301,0.7301587301587301,0.6233549384179387,0.6825396825396826
429,0,train:9037,0,0,1.0,1.0,0.6984126984126984,0.6984126984126984,0.2859785291977631,0.3968253968253968
430,0,train:7877,0,0,1.0,1.0,0.9523809523809523,0.9523809523809523,-0.09049192817184876,0.3333333333333333
431,0,train:2706,0,0,0.96875,1.0,0.047619047619047616,0.047619047619047616,-1.596373757650296,0.07936507936507936
432,0,train:8488,1,1,0.125,0.047619047619047616,0.047619047619047616,0.047619047619047616,-0.9283665175505937,0.3492063492063492
433,0,train:9017,0,0,1.0,1.0,0.30158730158730157,0.30158730158730157,-0.09049192817184876,0.3333333333333333
434,0,train:5644,1,1,0.671875,0.2857142857142857,0.6666666666666666,0.6666666666666666,0.32778894680488496,0.6190476190476191
435,0,train:8105,1,1,0.640625,0.3492063492063492,0.3492063492063492,0.3492063492063492,0.549463440514675,0.6666666666666666
436,0,train:6212,0,0,1.0,1.0,0.9365079365079365,0.9365079365079365,1.415389901306599,0.5873015873015873
437,0,train:2437,1,1,0.609375,0.47619047619047616,0.7777777777777778,0.7777777777777778,0.8450294321277287,0.7301587301587301
438,0,train:2453,1,1,0.265625,0.25396825396825395,0.3333333333333333,0.3333333333333333,-1.3717155049701744,0.25396825396825395
439,0,train:9483,1,1,0.015625,0.14285714285714285,0.6984126984126984,0.873015873015873,0.7711379342244655,0.7142857142857143
440,0,train:9366,1,1,0.0625,0.25396825396825395,0.2222222222222222,0.9841269841269841,-0.0416685427114325,0.5396825396825397
441,0,test:5610,0,0,1.0,1.0,0.2857142857142857,0.2857142857142857,-0.46696238554146063,0.2698412698412698
442,0,train:8451,1,0,0.671875,0.25396825396825395,0.031746031746031744,0.031746031746031744,-1.6904913719926993,0.06349206349206349
443,0,train:9366,1,1,0.296875,0.25396825396825395,0.5873015873015873,0.5873015873015873,-1.2239325091636475,0.2857142857142857
444,0,train:5534,1,1,0.46875,0.25396825396825395,0.6984126984126984,0.6666666666666666,-0.63280052593754,0.4126984126984127
445,0,test:5069,1,0,1.0,1.0,0.23809523809523808,0.23809523809523808,-0.27872715685665467,0.30158730158730157
446,0,train:1788,0,0,1.0,1.0,0.9365079365079365,0.9523809523809523,1.415389901306599,0.5873015873015873
447,0,train:1866,0,0,1.0,1.0,0.6349206349206349,0.6349206349206349,-0.46696238554146063,0.2698412698412698
448,0,train:2706,0,0,1.0,1.0,0.42857142857142855,0.42857142857142855,0.3800961435401661,0.4126984126984127
449,0,train:328,0,0,1.0,0.6666666666666666,0.1111111111111111,0.1111111111111111,-1.6904913719926993,0.06349206349206349
450,0,train:1479,1,1,0.609375,0.2857142857142857,0.7142857142857143,0.7142857142857143,0.32778894680488496,0.6190476190476191
451,0,train:3562,1,1,0.515625,0.2857142857142857,0.6349206349206349,0.47619047619047616,0.18000595099835806,0.5873015873015873
452,0,train:7510,0,1,0.078125,0.25396825396825395,0.8888888888888888,0.8888888888888888,-1.7411729944864915,0.1746031746031746
453,0,train:8487,0,0,1.0,1.0,0.873015873015873,0.873015873015873,1.791860358676211,0.6507936507936508
454,0,train:6476,0,0,1.0,1.0,0.6825396825396826,0.6825396825396826,0.0036256861705542018,0.3492063492063492
455,0,train:1609,1,1,0.4375,0.25396825396825395,0.7936507936507936,0.3968253968253968,-0.11556004061469567,0.5238095238095238
456,0,train:6638,1,1,0.15625,0.25396825396825395,0.7619047619047619,0.7619047619047619,0.9189209300309924,0.746031746031746
457,0,train:8337,1,0,1.0,1.0,0.5238095238095238,0.5238095238095238,-0.27872715685665467,0.30158730158730157
458,0,train:3230,1,0,1.0,1.0,0.42857142857142855,0.42857142857142855,0.09774330051295717,0.36507936507936506
459,0,train:4944,0,0,1.0,1.0,0.031746031746031744,0.031746031746031744,-1.8787266006775052,0.031746031746031744
460,0,train:2437,0,0,0.96875,0.873015873015873,0.5079365079365079,0.5079365079365079,-0.46696238554146063,0.2698412698412698
461,0,train:6845,0,0,0.953125,1.0,0.5079365079365079,0.5079365079365079,-0.27872715685665467,0.30158730158730157
462,0,train:7877,0,0,1.0,1.0,0.9365079365079365,0.9365079365079365,0.9448018295945838,0.5079365079365079
463,0,train:909,0,1,0.234375,0.25396825396825395,0.8412698412698413,0.8412698412698413,0.032222955191831194,0.5555555555555556
464,0,train:7877,0,1,0.46875,0.25396825396825395,0.6666666666666666,0.6666666666666666,-0.0416685427114325,0.5396825396825397
465,0,train:3230,1,0,1.0,1.0,0.7619047619047619,0.7619047619047619,1.3212722869641957,0.5714285714285714
466,0,train:4916,0,0,1.0,1.0,0.7301587301587301,0.7301587301587301,1.3212722869641957,0.5714285714285714
467,0,train:1884,1,0,0.984375,1.0,0.2698412698412698,0.2698412698412698,0.0036256861705542018,0.3492063492063492
468,0,train:9037,0,0,1.0,1.0,0.9682539682539683,0.6984126984126984,0.2859785291977631,0.3968253968253968
469,0,train:4916,0,0,1.0,1.0,0.5396825396825397,0.5396825396825397,0.19186091485536014,0.38095238095238093
470,0,train:3939,1,1,0.03125,0.31746031746031744,0.5079365079365079,0.5079365079365079,-1.8889559902930184,0.14285714285714285
471,0,train:6569,1,0,0.984375,1.0,0.5555555555555556,0.5555555555555556,1.1330370582793898,0.5396825396825397
472,0,train:4944,0,1,0.015625,0.15873015873015872,0.07936507936507936,0.07936507936507936,-2.4061964756158623,0.031746031746031744
473,0,train:2225,1,0,1.0,1.0,0.36507936507936506,0.36507936507936506,-0.5610799998838636,0.25396825396825395
474,0,train:10072,1,0,1.0,1.0,0.5238095238095238,0.5238095238095238,0.2859785291977631,0.3968253968253968
475,0,train:2344,1,0,1.0,1.0,0.6031746031746031,0.6031746031746031,1.227154672621793,0.5555555555555556
476,0,train:308,1,1,0.109375,0.25396825396825395,0.5396825396825397,0.5396825396825397,0.6233549384179387,0.6825396825396826
477,0,train:3706,1,0,1.0,1.0,0.38095238095238093,0.38095238095238093,-0.46696238554146063,0.2698412698412698
478,0,train:6845,0,0,0.4375,0.2698412698412698,0.36507936507936506,0.36507936507936506,-1.2199033002806843,0.14285714285714285
479,0,train:9188,0,0,1.0,1.0,0.12698412698412698,0.12698412698412698,-1.5022561433078931,0.09523809523809523
480,0,train:5364,1,1,0.109375,0.25396825396825395,0.2857142857142857,0.2857142857142857,0.6233549384179387,0.6825396825396826
481,0,train:1266,0,0,0.921875,0.9523809523809523,0.2698412698412698,0.2698412698412698,1.038919443936987,0.5238095238095238
482,0,train:1615,1,0,0.859375,0.5238095238095238,0.23809523809523808,0.23809523809523808,-0.46696238554146063,0.2698412698412698
483,0,train:4514,1,1,0.875,1.0,0.6507936507936508,0.6507936507936508,0.32778894680488496,0.6190476190476191
484,0,train:868,1,1,0.09375,0.25396825396825395,0.36507936507936506,0.36507936507936506,-0.11556004061469567,0.5238095238095238
485,0,train:2437,1,1,0.515625,0.38095238095238093,0.9206349206349206,0.9047619047619048,-0.11556004061469567,0.5238095238095238
486,0,train:3089,1,1,0.0625,0.2857142857142857,0.9682539682539683,0.9682539682539683,0.25389744890162125,0.6031746031746031
487,0,train:2225,0,0,0.9375,0.25396825396825395,0.47619047619047616,0.47619047619047616,0.6624489865673749,0.4603174603174603
488,0,train:9994,0,1,0.34375,0.2698412698412698,0.7777777777777778,0.7777777777777778,-0.4111260322277497,0.4603174603174603
489,0,train:5815,0,0,1.0,1.0,0.8253968253968254,0.8253968253968254,0.09774330051295717,0.36507936507936506
490,0,train:5193,1,0,0.890625,0.7142857142857143,0.20634920634920634,0.20634920634920634,-1.5022561433078931,0.09523809523809523
491,0,train:3216,1,1,0.765625,0.36507936507936506,0.6666666666666666,0.6666666666666666,0.6233549384179387,0.6825396825396826
492,0,train:999,1,0,1.0,1.0,0.15873015873015872,0.23809523809523808,-1.7846089863351022,0.047619047619047616
493,0,train:3089,1,0,1.0,0.6825396825396826,0.9206349206349206,0.36507936507936506,0.8506842152521809,0.49206349206349204
494,0,train:5430,0,0,1.0,1.0,0.36507936507936506,0.36507936507936506,0.09774330051295717,0.36507936507936506
495,0,train:2343,0,0,1.0,1.0,0.8412698412698413,0.8412698412698413,-0.3728447711990577,0.2857142857142857
496,0,train:8576,1,0,1.0,1.0,0.4126984126984127,0.4126984126984127,-0.18460954251425174,0.31746031746031744
497,0,test:5427,1,1,0.28125,0.30158730158730157,0.5873015873015873,0.5873015873015873,0.8450294321277287,0.7301587301587301
498,0,train:359,1,1,0.9375,0.7777777777777778,0.6984126984126984,0.6984126984126984,0.7711379342244655,0.7142857142857143
499,0,train:8116,0,0,1.0,1.0,0.5238095238095238,0.5238095238095238,-0.27872715685665467,0.30158730158730157
500,0,train:10072,1,1,0.046875,0.1746031746031746,0.6507936507936508,0.6507936507936508,-2.4061964756158623,0.031746031746031744
501,0,train:6673,0,0,1.0,1.0,0.47619047619047616,0.47619047619047616,0.6624489865673749,0.4603174603174603
502,0,train:5035,0,1,0.546875,0.25396825396825395,0.4603174603174603,0.4603174603174603,0.25389744890162125,0.6031746031746031
503,0,train:2102,0,1,0.84375,0.49206349206349204,0.6190476190476191,0.9523809523809523,0.32778894680488496,0.6190476190476191
504,0,train:868,1,1,0.578125,0.2857142857142857,0.746031746031746,0.9047619047619048,0.32778894680488496,0.6190476190476191
505,0,train:2102,0,0,1.0,1.0,0.8888888888888888,0.8888888888888888,1.5095075156490017,0.6031746031746031
506,0,train:6845,1,1,0.28125,0.031746031746031744,0.873015873015873,0.06349206349206349,0.6233549384179387,0.6825396825396826
507,0,train:2753,1,1,0.140625,0.2698412698412698,0.2698412698412698,0.2698412698412698,-1.2239325091636475,0.2857142857142857
508,0,train:3461,1,1,0.15625,0.25396825396825395,0.873015873015873,0.873015873015873,-0.0416685427114325,0.5396825396825397
509,0,train:1780,1,1,0.296875,0.25396825396825395,0.6190476190476191,0.6190476190476191,-0.2633430364212228,0.49206349206349204
510,0,train:9994,1,1,0.34375,0.25396825396825395,0.8412698412698413,0.8412698412698413,-1.8889559902930184,0.14285714285714285
511,0,train:1884,1,0,1.0,1.0,0.20634920634920634,0.20634920634920634,0.7565666009097779,0.47619047619047616
