sample_index,membership_label,user_id,true_label,base_prediction,label_stability_score,sampling_attack_score,transfer_attack_score,boundary_attack_score,dhattack_style_score,dhattack_style_raw_score
0,1,train:3539,0,0,0.875,0.8571428571428571,1.0,0.7142857142857143,-0.051495244044149804,0.42857142857142855
1,1,train:5167,0,1,1.0,1.0,0.5714285714285714,0.5714285714285714,0.5039205006238403,0.7142857142857143
2,1,train:5282,0,0,0.75,0.2857142857142857,0.5714285714285714,0.5714285714285714,-0.051495244044149804,0.42857142857142855
3,1,train:4915,1,1,1.0,1.0,0.42857142857142855,0.42857142857142855,0.5039205006238403,0.7142857142857143
4,1,train:5300,1,1,1.0,1.0,0.2857142857142857,0.42857142857142855,0.5039205006238403,0.7142857142857143
5,1,train:4929,1,1,0.75,1.0,0.8571428571428571,0.8571428571428571,-0.5835313617517284,0.42857142857142855
6,1,train:308,1,0,1.0,1.0,0.2857142857142857,0.2857142857142857,-0.9018295004026471,0.2857142857142857
7,1,train:2437,1,1,1.0,1.0,0.42857142857142855,0.42857142857142855,0.5039205006238403,0.7142857142857143
8,1,train:909,1,1,1.0,1.0,0.14285714285714285,0.14285714285714285,-0.5835313617517284,0.42857142857142855
9,1,train:1727,1,0,0.5,0.5714285714285714,0.7142857142857143,0.7142857142857143,-1.7521637567611443,0.14285714285714285
10,1,train:1660,1,1,1.0,1.0,0.7142857142857143,0.7142857142857143,-0.5835313617517284,0.42857142857142855
11,1,train:10072,1,0,0.875,0.5714285714285714,1.0,1.0,-0.051495244044149804,0.42857142857142855
12,1,train:9104,0,0,1.0,1.0,0.5714285714285714,0.5714285714285714,0.7988390123143475,0.5714285714285714
13,1,train:5282,0,0,1.0,1.0,0.42857142857142855,0.42857142857142855,-0.051495244044149804,0.42857142857142855
14,1,train:5877,1,0,0.5,1.0,0.5714285714285714,0.5714285714285714,0.7988390123143475,0.5714285714285714
15,1,train:8857,0,0,1.0,1.0,1.0,0.7142857142857143,0.7988390123143475,0.5714285714285714
16,1,train:5193,1,1,1.0,1.0,0.5714285714285714,1.0,-0.5835313617517284,0.42857142857142855
17,1,train:2706,0,0,1.0,1.0,0.42857142857142855,0.42857142857142855,0.7988390123143475,0.5714285714285714
18,1,train:1780,1,1,0.875,1.0,0.5714285714285714,0.2857142857142857,-0.03980543056394414,0.5714285714285714
19,1,train:8762,1,1,1.0,1.0,0.8571428571428571,0.8571428571428571,1.0476464318116243,0.8571428571428571
20,1,train:2344,1,1,0.875,0.2857142857142857,0.2857142857142857,0.7142857142857143,-0.03980543056394414,0.5714285714285714
21,1,train:17,0,0,0.875,1.0,0.7142857142857143,0.7142857142857143,1.649173268672845,0.7142857142857143
22,1,train:7612,1,1,0.625,0.8571428571428571,0.42857142857142855,0.5714285714285714,0.5039205006238403,0.7142857142857143
23,1,train:709,1,1,1.0,1.0,0.5714285714285714,0.14285714285714285,1.5913723629994088,1.0
24,1,train:2225,0,1,0.875,1.0,0.42857142857142855,0.42857142857142855,0.5039205006238403,0.7142857142857143
25,1,train:9397,0,0,0.375,1.0,1.0,0.42857142857142855,-0.9018295004026471,0.2857142857142857
26,1,train:3706,0,0,1.0,1.0,0.8571428571428571,0.8571428571428571,0.7988390123143475,0.5714285714285714
27,1,train:5430,1,1,0.875,1.0,0.8571428571428571,0.8571428571428571,-0.5835313617517284,0.42857142857142855
28,1,train:5555,1,1,1.0,1.0,0.42857142857142855,0.42857142857142855,1.5913723629994088,1.0
29,1,train:6476,0,0,1.0,1.0,0.7142857142857143,0.7142857142857143,-0.051495244044149804,0.42857142857142855
30,1,train:3562,1,1,0.75,0.8571428571428571,0.2857142857142857,0.2857142857142857,-1.1272572929395126,0.2857142857142857
31,1,train:3230,0,0,0.375,0.2857142857142857,0.2857142857142857,0.2857142857142857,-0.9018295004026471,0.2857142857142857
32,1,train:2494,0,0,0.25,0.7142857142857143,1.0,0.5714285714285714,-0.9018295004026471,0.2857142857142857
33,1,train:4944,0,0,0.625,0.2857142857142857,0.7142857142857143,0.7142857142857143,0.7988390123143475,0.5714285714285714
34,1,train:532,1,1,1.0,1.0,1.0,1.0,-0.5835313617517284,0.42857142857142855
35,1,train:5537,1,1,0.375,0.2857142857142857,0.14285714285714285,0.14285714285714285,-1.1272572929395126,0.2857142857142857
36,1,train:1660,1,1,1.0,1.0,0.5714285714285714,1.0,1.0476464318116243,0.8571428571428571
37,1,train:525,1,1,1.0,1.0,0.42857142857142855,0.42857142857142855,1.0476464318116243,0.8571428571428571
38,1,train:5430,0,0,0.875,1.0,0.42857142857142855,0.42857142857142855,-0.051495244044149804,0.42857142857142855
39,1,train:3706,1,1,1.0,1.0,0.7142857142857143,0.7142857142857143,1.0476464318116243,0.8571428571428571
40,1,train:1780,1,0,0.125,0.2857142857142857,0.14285714285714285,0.14285714285714285,-1.7521637567611443,0.14285714285714285
41,1,train:4305,1,1,0.875,1.0,0.8571428571428571,1.0,-0.03980543056394414,0.5714285714285714
42,1,train:418,0,0,0.375,0.7142857142857143,0.2857142857142857,0.2857142857142857,-0.051495244044149804,0.42857142857142855
43,1,train:5574,1,1,1.0,1.0,0.42857142857142855,0.42857142857142855,-1.1272572929395126,0.2857142857142857
44,1,train:8857,1,1,1.0,1.0,0.7142857142857143,0.7142857142857143,-0.03980543056394414,0.5714285714285714
45,1,train:9017,0,0,0.875,1.0,1.0,1.0,0.7988390123143475,0.5714285714285714
46,1,train:2970,0,0,0.25,0.5714285714285714,0.7142857142857143,0.7142857142857143,-0.9018295004026471,0.2857142857142857
47,1,train:5193,0,0,0.5,0.8571428571428571,0.5714285714285714,0.5714285714285714,0.7988390123143475,0.5714285714285714
48,1,train:9017,0,0,0.875,1.0,0.7142857142857143,0.7142857142857143,1.649173268672845,0.7142857142857143
49,1,train:3089,1,1,0.25,0.5714285714285714,0.7142857142857143,0.2857142857142857,-0.5835313617517284,0.42857142857142855
50,1,train:5815,0,0,0.875,1.0,1.0,1.0,-0.051495244044149804,0.42857142857142855
51,1,train:6415,1,1,1.0,1.0,0.5714285714285714,0.42857142857142855,-0.03980543056394414,0.5714285714285714
52,1,train:359,1,1,1.0,1.0,0.2857142857142857,0.2857142857142857,1.0476464318116243,0.8571428571428571
53,1,train:648,0,0,1.0,1.0,1.0,0.5714285714285714,0.7988390123143475,0.5714285714285714
54,1,train:10072,0,1,0.625,0.2857142857142857,0.14285714285714285,0.14285714285714285,-1.6709832241272968,0.14285714285714285
55,1,train:4514,0,0,1.0,1.0,0.7142857142857143,0.7142857142857143,-0.051495244044149804,0.42857142857142855
56,1,train:7448,0,0,1.0,1.0,1.0,0.8571428571428571,1.649173268672845,0.7142857142857143
57,1,test:2463,1,0,0.625,1.0,1.0,0.8571428571428571,1.649173268672845,0.7142857142857143
58,1,train:4691,1,1,0.875,1.0,0.14285714285714285,0.14285714285714285,0.5039205006238403,0.7142857142857143
59,1,train:418,0,0,0.75,0.7142857142857143,1.0,0.42857142857142855,-0.9018295004026471,0.2857142857142857
60,1,train:5877,1,0,0.875,0.7142857142857143,1.0,0.7142857142857143,-0.051495244044149804,0.42857142857142855
61,1,train:5193,1,1,1.0,1.0,0.2857142857142857,0.2857142857142857,-1.6709832241272968,0.14285714285714285
62,1,train:5282,0,1,1.0,0.14285714285714285,0.5714285714285714,0.5714285714285714,-1.6709832241272968,0.14285714285714285
63,1,train:5227,1,1,1.0,1.0,0.42857142857142855,0.42857142857142855,0.5039205006238403,0.7142857142857143
64,1,train:1615,1,1,1.0,1.0,0.5714285714285714,0.8571428571428571,1.5913723629994088,1.0
65,1,train:5833,0,0,0.375,1.0,0.5714285714285714,0.5714285714285714,-0.051495244044149804,0.42857142857142855
66,1,train:8451,1,1,0.875,1.0,0.2857142857142857,0.5714285714285714,-1.6709832241272968,0.14285714285714285
67,1,train:4929,1,1,1.0,1.0,0.42857142857142855,0.42857142857142855,0.5039205006238403,0.7142857142857143
68,1,train:2225,1,0,0.375,0.7142857142857143,0.5714285714285714,0.5714285714285714,-1.7521637567611443,0.14285714285714285
69,1,train:5300,1,1,1.0,1.0,0.2857142857142857,0.2857142857142857,0.5039205006238403,0.7142857142857143
70,1,test:2463,1,1,0.875,0.8571428571428571,1.0,0.42857142857142855,-0.5835313617517284,0.42857142857142855
71,1,test:8237,1,0,0.125,1.0,0.5714285714285714,0.5714285714285714,-0.9018295004026471,0.2857142857142857
72,1,train:1788,0,1,0.75,0.5714285714285714,0.42857142857142855,0.42857142857142855,-0.5835313617517284,0.42857142857142855
73,1,train:9037,1,1,1.0,1.0,0.8571428571428571,0.5714285714285714,0.5039205006238403,0.7142857142857143
74,1,train:5765,1,1,0.875,1.0,0.7142857142857143,0.7142857142857143,-0.03980543056394414,0.5714285714285714
75,1,train:4305,0,0,0.75,0.7142857142857143,1.0,0.7142857142857143,1.649173268672845,0.7142857142857143
76,1,train:5300,1,1,1.0,1.0,0.5714285714285714,0.5714285714285714,-1.1272572929395126,0.2857142857142857
77,1,train:2344,1,1,1.0,1.0,0.2857142857142857,0.2857142857142857,-0.03980543056394414,0.5714285714285714
78,1,train:3637,0,0,0.125,0.2857142857142857,0.5714285714285714,0.5714285714285714,0.7988390123143475,0.5714285714285714
79,1,test:2463,0,0,0.5,0.8571428571428571,0.42857142857142855,0.42857142857142855,-1.7521637567611443,0.14285714285714285
80,1,train:5227,0,0,0.5,0.7142857142857143,0.42857142857142855,0.42857142857142855,-0.051495244044149804,0.42857142857142855
81,1,train:5300,1,1,1.0,0.7142857142857143,0.2857142857142857,0.8571428571428571,-0.03980543056394414,0.5714285714285714
82,1,train:9483,0,0,0.75,1.0,0.42857142857142855,0.42857142857142855,-0.9018295004026471,0.2857142857142857
83,1,train:308,1,1,1.0,1.0,1.0,1.0,1.5913723629994088,1.0
84,1,train:4514,0,0,0.375,0.2857142857142857,0.14285714285714285,0.14285714285714285,-0.9018295004026471,0.2857142857142857
85,1,train:8462,0,0,0.625,0.2857142857142857,1.0,0.2857142857142857,-0.9018295004026471,0.2857142857142857
86,1,train:5765,0,0,1.0,1.0,0.5714285714285714,0.5714285714285714,-0.9018295004026471,0.2857142857142857
87,1,train:525,1,1,1.0,1.0,0.42857142857142855,0.42857142857142855,-0.03980543056394414,0.5714285714285714
88,1,train:8576,1,1,1.0,1.0,0.5714285714285714,0.5714285714285714,0.5039205006238403,0.7142857142857143
89,1,train:5833,1,1,1.0,1.0,0.5714285714285714,1.0,-0.03980543056394414,0.5714285714285714
90,1,train:3706,1,1,1.0,1.0,0.7142857142857143,0.5714285714285714,0.5039205006238403,0.7142857142857143
91,1,train:1866,1,1,1.0,1.0,0.7142857142857143,0.7142857142857143,-0.03980543056394414,0.5714285714285714
92,1,train:1479,1,1,1.0,1.0,0.8571428571428571,0.8571428571428571,0.5039205006238403,0.7142857142857143
93,1,train:1266,1,1,1.0,1.0,0.42857142857142855,0.42857142857142855,0.5039205006238403,0.7142857142857143
94,1,train:1884,1,1,0.75,0.42857142857142855,0.42857142857142855,0.42857142857142855,-0.5835313617517284,0.42857142857142855
95,1,train:5877,1,1,1.0,1.0,0.5714285714285714,0.8571428571428571,1.5913723629994088,1.0
96,1,train:1780,1,1,1.0,1.0,1.0,0.42857142857142855,-0.03980543056394414,0.5714285714285714
97,1,train:7860,1,1,1.0,1.0,0.7142857142857143,0.7142857142857143,-0.03980543056394414,0.5714285714285714
98,1,train:2814,1,1,0.5,1.0,0.7142857142857143,0.7142857142857143,-1.1272572929395126,0.2857142857142857
99,1,train:999,0,0,0.125,0.2857142857142857,0.14285714285714285,0.14285714285714285,-1.7521637567611443,0.14285714285714285
100,1,train:5574,1,1,1.0,1.0,0.14285714285714285,0.14285714285714285,-0.5835313617517284,0.42857142857142855
101,1,train:868,1,1,1.0,1.0,0.42857142857142855,0.42857142857142855,-0.03980543056394414,0.5714285714285714
102,1,train:7860,0,0,0.125,0.8571428571428571,0.8571428571428571,0.8571428571428571,-0.051495244044149804,0.42857142857142855
103,1,train:6673,0,0,1.0,1.0,0.8571428571428571,0.8571428571428571,0.7988390123143475,0.5714285714285714
104,1,train:909,1,1,1.0,1.0,0.5714285714285714,0.42857142857142855,1.0476464318116243,0.8571428571428571
105,1,train:4514,0,0,0.75,1.0,0.2857142857142857,0.2857142857142857,-0.9018295004026471,0.2857142857142857
106,1,train:7877,1,1,1.0,1.0,1.0,0.8571428571428571,1.5913723629994088,1.0
107,1,train:708,1,1,1.0,1.0,0.14285714285714285,0.14285714285714285,-0.03980543056394414,0.5714285714285714
108,1,train:7938,1,1,1.0,1.0,0.8571428571428571,0.8571428571428571,0.5039205006238403,0.7142857142857143
109,1,train:8756,1,1,1.0,1.0,0.7142857142857143,0.7142857142857143,0.5039205006238403,0.7142857142857143
110,1,train:17,0,0,1.0,1.0,1.0,0.5714285714285714,-0.051495244044149804,0.42857142857142855
111,1,train:2814,0,1,1.0,1.0,0.5714285714285714,0.5714285714285714,0.5039205006238403,0.7142857142857143
112,1,train:5537,0,0,0.125,0.42857142857142855,0.8571428571428571,0.8571428571428571,1.649173268672845,0.7142857142857143
113,1,train:6476,0,1,0.875,1.0,0.14285714285714285,0.5714285714285714,-1.6709832241272968,0.14285714285714285
114,1,train:1884,1,1,1.0,1.0,0.5714285714285714,0.5714285714285714,1.5913723629994088,1.0
115,1,train:7877,0,0,0.25,0.2857142857142857,0.42857142857142855,0.42857142857142855,-1.7521637567611443,0.14285714285714285
116,1,train:5555,0,0,0.75,1.0,0.14285714285714285,0.14285714285714285,-1.7521637567611443,0.14285714285714285
117,1,train:6415,1,1,1.0,1.0,1.0,0.7142857142857143,-0.03980543056394414,0.5714285714285714
118,1,train:4305,1,1,0.625,0.2857142857142857,0.14285714285714285,0.14285714285714285,-1.1272572929395126,0.2857142857142857
119,1,train:4514,0,1,1.0,1.0,0.5714285714285714,0.5714285714285714,0.5039205006238403,0.7142857142857143
120,1,train:8576,1,1,1.0,1.0,0.42857142857142855,0.42857142857142855,-0.5835313617517284,0.42857142857142855
121,1,train:6569,0,0,0.75,0.8571428571428571,1.0,0.5714285714285714,-0.051495244044149804,0.42857142857142855
122,1,train:5035,0,1,1.0,1.0,0.7142857142857143,0.8571428571428571,1.0476464318116243,0.8571428571428571
123,1,train:3562,1,1,1.0,1.0,0.8571428571428571,0.8571428571428571,1.0476464318116243,0.8571428571428571
124,1,train:532,1,1,1.0,1.0,0.5714285714285714,0.5714285714285714,-0.03980543056394414,0.5714285714285714
125,1,train:328,1,0,0.25,0.2857142857142857,1.0,1.0,-0.051495244044149804,0.42857142857142855
126,1,train:7480,0,1,0.5,1.0,0.7142857142857143,0.7142857142857143,-0.03980543056394414,0.5714285714285714
127,1,train:6415,0,0,0.625,0.42857142857142855,0.7142857142857143,0.7142857142857143,-0.051495244044149804,0.42857142857142855
128,1,train:868,1,1,1.0,1.0,0.42857142857142855,0.42857142857142855,-0.5835313617517284,0.42857142857142855
129,1,train:1660,1,1,1.0,1.0,0.5714285714285714,0.5714285714285714,-0.03980543056394414,0.5714285714285714
130,1,train:1884,1,1,1.0,1.0,0.7142857142857143,0.7142857142857143,0.5039205006238403,0.7142857142857143
131,1,train:7510,0,1,0.875,0.14285714285714285,0.14285714285714285,0.14285714285714285,-1.6709832241272968,0.14285714285714285
132,1,train:8487,0,0,1.0,1.0,1.0,1.0,0.7988390123143475,0.5714285714285714
133,1,train:9994,0,0,0.625,0.8571428571428571,0.14285714285714285,0.7142857142857143,-0.9018295004026471,0.2857142857142857
134,1,train:1609,0,1,1.0,1.0,1.0,1.0,0.5039205006238403,0.7142857142857143
135,1,train:359,0,0,0.625,0.5714285714285714,0.42857142857142855,0.42857142857142855,-0.051495244044149804,0.42857142857142855
136,1,train:4916,1,1,1.0,1.0,0.7142857142857143,0.7142857142857143,-0.03980543056394414,0.5714285714285714
137,1,train:3089,1,1,1.0,1.0,0.8571428571428571,0.7142857142857143,1.5913723629994088,1.0
138,1,train:1033,0,0,1.0,0.7142857142857143,0.8571428571428571,0.8571428571428571,0.7988390123143475,0.5714285714285714
139,1,train:2814,0,0,0.875,1.0,1.0,1.0,0.7988390123143475,0.5714285714285714
140,1,train:5809,1,1,1.0,0.2857142857142857,0.7142857142857143,0.7142857142857143,-0.03980543056394414,0.5714285714285714
141,1,train:3706,0,0,1.0,1.0,0.8571428571428571,0.8571428571428571,-0.051495244044149804,0.42857142857142855
142,1,train:7170,1,0,0.75,1.0,0.7142857142857143,0.7142857142857143,-0.9018295004026471,0.2857142857142857
143,1,train:648,0,0,0.875,1.0,0.5714285714285714,0.5714285714285714,-0.051495244044149804,0.42857142857142855
144,1,train:7938,1,1,1.0,1.0,0.7142857142857143,0.7142857142857143,1.5913723629994088,1.0
145,1,train:8116,0,0,0.25,0.2857142857142857,0.14285714285714285,0.14285714285714285,-1.7521637567611443,0.14285714285714285
146,1,train:4514,0,0,0.625,0.2857142857142857,0.2857142857142857,0.2857142857142857,-0.9018295004026471,0.2857142857142857
147,1,train:6438,1,1,1.0,0.8571428571428571,0.7142857142857143,0.7142857142857143,0.5039205006238403,0.7142857142857143
148,1,train:7938,1,1,1.0,1.0,0.2857142857142857,0.2857142857142857,1.0476464318116243,0.8571428571428571
149,1,train:5877,1,1,1.0,1.0,0.14285714285714285,0.2857142857142857,-1.1272572929395126,0.2857142857142857
150,1,train:5555,0,0,1.0,1.0,0.7142857142857143,0.7142857142857143,1.649173268672845,0.7142857142857143
151,1,train:6415,0,0,1.0,1.0,1.0,1.0,1.649173268672845,0.7142857142857143
152,1,train:8359,1,0,0.625,0.2857142857142857,0.7142857142857143,0.7142857142857143,-0.051495244044149804,0.42857142857142855
153,1,train:5409,0,1,1.0,1.0,0.14285714285714285,0.14285714285714285,-0.03980543056394414,0.5714285714285714
154,1,train:5366,1,1,1.0,1.0,0.42857142857142855,0.42857142857142855,1.5913723629994088,1.0
155,1,train:5574,0,0,0.625,0.5714285714285714,0.7142857142857143,0.7142857142857143,1.649173268672845,0.7142857142857143
156,1,train:5282,1,1,1.0,1.0,0.8571428571428571,0.8571428571428571,-0.03980543056394414,0.5714285714285714
157,1,train:6569,0,0,1.0,1.0,0.8571428571428571,0.8571428571428571,-0.051495244044149804,0.42857142857142855
158,1,train:5864,0,0,0.625,1.0,1.0,0.8571428571428571,0.7988390123143475,0.5714285714285714
159,1,train:4514,0,0,1.0,1.0,0.42857142857142855,0.42857142857142855,-0.051495244044149804,0.42857142857142855
160,1,train:6673,1,1,1.0,0.2857142857142857,0.2857142857142857,0.2857142857142857,-1.1272572929395126,0.2857142857142857
161,1,train:1884,1,0,1.0,0.5714285714285714,0.8571428571428571,0.8571428571428571,-0.9018295004026471,0.2857142857142857
162,1,train:8451,1,1,1.0,0.2857142857142857,0.42857142857142855,0.42857142857142855,1.0476464318116243,0.8571428571428571
163,1,train:6438,1,1,0.75,0.5714285714285714,0.7142857142857143,0.7142857142857143,-1.1272572929395126,0.2857142857142857
164,1,train:6415,0,0,1.0,1.0,0.7142857142857143,0.7142857142857143,0.7988390123143475,0.5714285714285714
165,1,train:4334,0,0,0.25,0.2857142857142857,0.2857142857142857,0.2857142857142857,-0.9018295004026471,0.2857142857142857
166,1,test:5699,1,1,1.0,1.0,0.42857142857142855,0.2857142857142857,-0.5835313617517284,0.42857142857142855
167,1,train:6438,1,1,1.0,1.0,0.42857142857142855,1.0,-0.5835313617517284,0.42857142857142855
168,1,train:6845,0,0,0.125,0.8571428571428571,1.0,0.42857142857142855,-1.7521637567611443,0.14285714285714285
169,1,train:9483,0,0,1.0,1.0,0.7142857142857143,0.7142857142857143,0.7988390123143475,0.5714285714285714
170,1,train:3230,1,0,1.0,1.0,0.42857142857142855,0.2857142857142857,-0.051495244044149804,0.42857142857142855
171,1,train:5765,1,1,1.0,1.0,0.42857142857142855,0.42857142857142855,-1.1272572929395126,0.2857142857142857
172,1,train:5364,1,1,1.0,1.0,0.14285714285714285,0.14285714285714285,1.0476464318116243,0.8571428571428571
173,1,test:9441,1,1,0.625,1.0,0.5714285714285714,0.5714285714285714,-1.6709832241272968,0.14285714285714285
174,1,train:5300,1,1,1.0,0.7142857142857143,0.7142857142857143,0.5714285714285714,-1.6709832241272968,0.14285714285714285
175,1,train:8857,0,0,0.75,1.0,0.8571428571428571,0.8571428571428571,-0.051495244044149804,0.42857142857142855
176,1,train:2544,1,1,0.875,1.0,0.8571428571428571,0.42857142857142855,-1.6709832241272968,0.14285714285714285
177,1,train:909,1,1,1.0,1.0,0.5714285714285714,0.5714285714285714,1.0476464318116243,0.8571428571428571
178,1,train:6569,0,0,0.875,1.0,0.8571428571428571,0.8571428571428571,-0.051495244044149804,0.42857142857142855
179,1,train:4915,0,1,1.0,1.0,0.2857142857142857,0.2857142857142857,-1.6709832241272968,0.14285714285714285
180,1,test:9441,0,0,0.5,0.2857142857142857,0.14285714285714285,0.14285714285714285,-1.7521637567611443,0.14285714285714285
181,1,train:5877,1,0,0.375,0.8571428571428571,0.5714285714285714,0.5714285714285714,0.7988390123143475,0.5714285714285714
182,1,train:5167,0,1,0.375,0.42857142857142855,0.14285714285714285,0.14285714285714285,-1.6709832241272968,0.14285714285714285
183,1,train:262,1,1,1.0,1.0,0.2857142857142857,0.2857142857142857,-1.6709832241272968,0.14285714285714285
184,1,test:6949,0,0,0.125,0.42857142857142855,0.7142857142857143,0.7142857142857143,-0.051495244044149804,0.42857142857142855
185,1,train:1727,1,1,1.0,1.0,0.8571428571428571,0.42857142857142855,-0.5835313617517284,0.42857142857142855
186,1,train:4334,0,0,0.75,1.0,1.0,1.0,-0.051495244044149804,0.42857142857142855
187,1,train:648,0,0,1.0,1.0,0.7142857142857143,0.7142857142857143,1.649173268672845,0.7142857142857143
188,1,train:7448,0,0,0.875,0.8571428571428571,1.0,0.8571428571428571,1.649173268672845,0.7142857142857143
189,1,train:2272,1,1,0.5,0.2857142857142857,0.2857142857142857,0.2857142857142857,-0.5835313617517284,0.42857142857142855
190,1,train:5364,1,1,1.0,1.0,0.8571428571428571,0.8571428571428571,1.5913723629994088,1.0
191,1,train:3706,0,0,0.75,1.0,0.8571428571428571,1.0,-0.051495244044149804,0.42857142857142855
192,1,train:3562,1,1,1.0,1.0,0.2857142857142857,0.14285714285714285,-0.03980543056394414,0.5714285714285714
193,1,train:5035,0,0,0.5,0.42857142857142855,0.7142857142857143,0.7142857142857143,-0.051495244044149804,0.42857142857142855
194,1,train:709,1,1,1.0,1.0,0.7142857142857143,0.7142857142857143,1.5913723629994088,1.0
195,1,train:6476,1,1,1.0,1.0,0.8571428571428571,0.8571428571428571,0.5039205006238403,0.7142857142857143
196,1,train:2544,0,0,0.875,1.0,0.5714285714285714,0.5714285714285714,0.7988390123143475,0.5714285714285714
197,1,train:9483,1,1,1.0,1.0,0.8571428571428571,0.7142857142857143,0.5039205006238403,0.7142857142857143
198,1,train:5877,0,0,0.875,1.0,0.7142857142857143,0.7142857142857143,0.7988390123143475,0.5714285714285714
199,1,train:5193,1,1,0.875,0.7142857142857143,0.2857142857142857,0.2857142857142857,0.5039205006238403,0.7142857142857143
200,1,train:3706,0,1,0.875,0.2857142857142857,0.8571428571428571,0.8571428571428571,-1.6709832241272968,0.14285714285714285
201,1,train:8718,1,1,1.0,1.0,0.5714285714285714,0.5714285714285714,1.5913723629994088,1.0
202,1,train:868,1,1,0.875,0.5714285714285714,0.42857142857142855,0.42857142857142855,-0.5835313617517284,0.42857142857142855
203,1,test:6949,0,1,0.875,1.0,0.42857142857142855,0.8571428571428571,1.0476464318116243,0.8571428571428571
204,1,train:5537,0,0,0.125,0.7142857142857143,0.7142857142857143,0.7142857142857143,-0.9018295004026471,0.2857142857142857
205,1,test:6949,0,0,0.75,0.2857142857142857,0.2857142857142857,0.2857142857142857,-0.9018295004026471,0.2857142857142857
206,1,train:359,0,0,0.125,0.5714285714285714,0.14285714285714285,0.14285714285714285,-1.7521637567611443,0.14285714285714285
207,1,train:525,0,0,1.0,1.0,0.8571428571428571,0.8571428571428571,1.649173268672845,0.7142857142857143
208,1,train:5555,0,0,1.0,1.0,0.7142857142857143,0.7142857142857143,0.7988390123143475,0.5714285714285714
209,1,train:8116,1,1,1.0,1.0,0.2857142857142857,0.2857142857142857,-0.5835313617517284,0.42857142857142855
210,1,train:359,0,1,0.5,0.14285714285714285,1.0,0.14285714285714285,-1.6709832241272968,0.14285714285714285
211,1,train:9017,0,0,1.0,1.0,0.7142857142857143,0.7142857142857143,1.649173268672845,0.7142857142857143
212,1,train:359,1,1,1.0,1.0,0.8571428571428571,0.8571428571428571,1.0476464318116243,0.8571428571428571
213,1,train:7860,0,0,0.125,0.2857142857142857,0.14285714285714285,0.14285714285714285,-0.9018295004026471,0.2857142857142857
214,1,train:7510,0,1,1.0,1.0,0.42857142857142855,0.42857142857142855,-1.1272572929395126,0.2857142857142857
215,1,test:2775,1,1,1.0,1.0,1.0,1.0,-0.5835313617517284,0.42857142857142855
216,1,train:7448,0,0,0.875,1.0,0.8571428571428571,0.8571428571428571,1.649173268672845,0.7142857142857143
217,1,train:8337,1,0,0.5,0.8571428571428571,1.0,0.5714285714285714,0.7988390123143475,0.5714285714285714
218,1,train:525,0,0,1.0,1.0,1.0,0.7142857142857143,0.7988390123143475,0.5714285714285714
219,1,train:1492,1,1,0.75,0.42857142857142855,0.2857142857142857,0.2857142857142857,-1.6709832241272968,0.14285714285714285
220,1,train:3570,1,0,1.0,1.0,0.42857142857142855,0.42857142857142855,1.649173268672845,0.7142857142857143
221,1,train:5815,1,1,1.0,1.0,0.7142857142857143,0.7142857142857143,0.5039205006238403,0.7142857142857143
222,1,train:1479,0,0,1.0,1.0,0.5714285714285714,0.5714285714285714,0.7988390123143475,0.5714285714285714
223,1,train:9366,1,1,1.0,1.0,0.14285714285714285,0.14285714285714285,-1.1272572929395126,0.2857142857142857
224,1,train:1727,0,0,0.75,0.8571428571428571,0.8571428571428571,0.14285714285714285,-0.051495244044149804,0.42857142857142855
225,1,train:8105,0,0,1.0,1.0,0.8571428571428571,0.42857142857142855,-0.9018295004026471,0.2857142857142857
226,1,train:1727,0,1,1.0,1.0,0.2857142857142857,0.2857142857142857,1.5913723629994088,1.0
227,1,test:5610,0,0,0.375,0.2857142857142857,0.14285714285714285,0.14285714285714285,-1.7521637567611443,0.14285714285714285
228,1,train:5534,1,1,1.0,1.0,0.8571428571428571,0.8571428571428571,-0.5835313617517284,0.42857142857142855
229,1,train:10072,0,0,0.5,0.5714285714285714,0.7142857142857143,0.7142857142857143,-0.9018295004026471,0.2857142857142857
230,1,train:5035,0,0,0.125,0.5714285714285714,0.2857142857142857,0.2857142857142857,-0.9018295004026471,0.2857142857142857
231,1,test:2463,0,0,0.625,0.2857142857142857,0.14285714285714285,0.14285714285714285,-1.7521637567611443,0.14285714285714285
232,1,train:8488,0,0,1.0,1.0,0.8571428571428571,0.8571428571428571,0.7988390123143475,0.5714285714285714
233,1,train:5456,1,1,1.0,1.0,0.7142857142857143,1.0,-0.03980543056394414,0.5714285714285714
234,1,train:2809,1,1,1.0,1.0,0.5714285714285714,0.5714285714285714,-0.5835313617517284,0.42857142857142855
235,1,train:1884,0,0,0.875,1.0,0.5714285714285714,0.5714285714285714,-0.051495244044149804,0.42857142857142855
236,1,train:4305,0,1,0.875,1.0,0.14285714285714285,0.14285714285714285,-1.1272572929395126,0.2857142857142857
237,1,train:1609,1,1,1.0,1.0,0.8571428571428571,0.8571428571428571,-0.03980543056394414,0.5714285714285714
238,1,train:7170,1,1,1.0,1.0,0.42857142857142855,0.42857142857142855,1.5913723629994088,1.0
239,1,test:9441,1,1,1.0,1.0,0.7142857142857143,0.7142857142857143,0.5039205006238403,0.7142857142857143
240,1,test:5427,1,1,0.625,0.8571428571428571,0.2857142857142857,1.0,-0.5835313617517284,0.42857142857142855
241,1,test:2775,0,0,0.25,0.5714285714285714,0.7142857142857143,0.7142857142857143,-0.051495244044149804,0.42857142857142855
242,1,train:5809,1,1,0.875,1.0,0.2857142857142857,0.5714285714285714,-0.5835313617517284,0.42857142857142855
243,1,train:7938,1,0,0.875,1.0,0.42857142857142855,0.42857142857142855,0.7988390123143475,0.5714285714285714
244,1,train:6476,1,1,1.0,1.0,0.2857142857142857,0.2857142857142857,-1.1272572929395126,0.2857142857142857
245,1,train:5809,0,0,1.0,1.0,0.8571428571428571,0.8571428571428571,1.649173268672845,0.7142857142857143
246,1,train:1780,1,1,1.0,1.0,0.5714285714285714,0.5714285714285714,-0.03980543056394414,0.5714285714285714
247,1,test:5069,1,1,1.0,0.7142857142857143,0.7142857142857143,0.7142857142857143,-0.03980543056394414,0.5714285714285714
248,1,train:8718,0,0,0.875,0.8571428571428571,0.5714285714285714,0.5714285714285714,-0.051495244044149804,0.42857142857142855
249,1,train:8857,0,0,1.0,1.0,0.8571428571428571,0.8571428571428571,-0.051495244044149804,0.42857142857142855
250,1,train:648,0,0,1.0,1.0,0.8571428571428571,0.8571428571428571,0.7988390123143475,0.5714285714285714
251,1,train:3539,0,0,0.625,1.0,0.8571428571428571,0.8571428571428571,-0.9018295004026471,0.2857142857142857
252,1,train:9483,1,1,1.0,1.0,0.5714285714285714,0.5714285714285714,0.5039205006238403,0.7142857142857143
253,1,train:4944,1,1,1.0,1.0,0.2857142857142857,0.2857142857142857,-0.5835313617517284,0.42857142857142855
254,1,train:2706,0,0,0.5,1.0,0.7142857142857143,0.7142857142857143,-1.7521637567611443,0.14285714285714285
255,1,train:2437,1,1,1.0,1.0,1.0,1.0,0.5039205006238403,0.7142857142857143
256,1,train:5300,0,0,1.0,1.0,1.0,1.0,-0.051495244044149804,0.42857142857142855
257,1,train:5537,0,0,0.125,0.42857142857142855,0.8571428571428571,0.8571428571428571,-0.051495244044149804,0.42857142857142855
258,1,train:7170,0,0,1.0,1.0,0.8571428571428571,0.8571428571428571,0.7988390123143475,0.5714285714285714
259,1,train:7938,0,1,1.0,1.0,0.2857142857142857,0.2857142857142857,-0.5835313617517284,0.42857142857142855
260,1,train:3539,1,1,1.0,1.0,0.7142857142857143,0.7142857142857143,0.5039205006238403,0.7142857142857143
261,1,train:1727,1,1,1.0,1.0,0.42857142857142855,1.0,-0.03980543056394414,0.5714285714285714
262,1,train:1660,1,1,1.0,1.0,0.7142857142857143,0.7142857142857143,-0.5835313617517284,0.42857142857142855
263,1,train:5809,0,0,0.625,0.8571428571428571,0.42857142857142855,0.42857142857142855,-0.051495244044149804,0.42857142857142855
264,1,train:532,0,1,0.75,1.0,0.7142857142857143,0.7142857142857143,-1.6709832241272968,0.14285714285714285
265,1,train:709,1,1,1.0,1.0,0.14285714285714285,0.14285714285714285,-0.5835313617517284,0.42857142857142855
266,1,train:3539,1,1,0.75,0.42857142857142855,0.14285714285714285,1.0,-1.1272572929395126,0.2857142857142857
267,1,train:8488,0,1,1.0,1.0,0.7142857142857143,0.8571428571428571,1.0476464318116243,0.8571428571428571
268,1,train:4691,0,0,1.0,1.0,0.7142857142857143,0.7142857142857143,0.7988390123143475,0.5714285714285714
269,1,train:2706,0,0,0.625,0.7142857142857143,0.7142857142857143,0.7142857142857143,0.7988390123143475,0.5714285714285714
270,1,train:5727,1,1,1.0,1.0,1.0,1.0,0.5039205006238403,0.7142857142857143
271,1,train:6845,1,1,1.0,1.0,0.5714285714285714,0.7142857142857143,-0.5835313617517284,0.42857142857142855
272,1,train:7451,0,0,0.125,0.42857142857142855,1.0,1.0,1.649173268672845,0.7142857142857143
273,1,train:2453,1,1,1.0,1.0,0.42857142857142855,0.7142857142857143,-0.5835313617517284,0.42857142857142855
274,1,train:8337,0,0,0.75,1.0,0.7142857142857143,0.7142857142857143,-1.7521637567611443,0.14285714285714285
275,1,test:9736,0,0,0.875,0.8571428571428571,0.7142857142857143,0.7142857142857143,-0.051495244044149804,0.42857142857142855
276,1,train:1479,1,1,1.0,1.0,1.0,0.8571428571428571,0.5039205006238403,0.7142857142857143
277,1,train:8487,0,0,1.0,1.0,0.8571428571428571,0.8571428571428571,1.649173268672845,0.7142857142857143
278,1,train:7480,0,0,1.0,1.0,0.5714285714285714,0.5714285714285714,1.649173268672845,0.7142857142857143
279,1,train:5555,0,0,0.375,0.5714285714285714,0.2857142857142857,0.2857142857142857,-0.051495244044149804,0.42857142857142855
280,1,train:3089,1,1,1.0,1.0,0.8571428571428571,0.7142857142857143,-0.03980543056394414,0.5714285714285714
281,1,train:8857,0,0,1.0,1.0,0.7142857142857143,0.7142857142857143,-0.051495244044149804,0.42857142857142855
282,1,train:2204,1,0,0.125,0.2857142857142857,1.0,0.8571428571428571,-0.9018295004026471,0.2857142857142857
283,1,train:7480,0,0,1.0,1.0,1.0,1.0,0.7988390123143475,0.5714285714285714
284,1,train:5282,1,0,0.125,0.5714285714285714,0.42857142857142855,0.42857142857142855,-0.9018295004026471,0.2857142857142857
285,1,test:5610,0,0,0.75,1.0,0.5714285714285714,0.5714285714285714,0.7988390123143475,0.5714285714285714
286,1,train:2343,0,1,0.375,1.0,0.2857142857142857,0.2857142857142857,-1.1272572929395126,0.2857142857142857
287,1,train:2544,1,1,1.0,1.0,1.0,0.5714285714285714,-0.03980543056394414,0.5714285714285714
288,1,train:4916,0,0,1.0,1.0,0.7142857142857143,0.7142857142857143,0.7988390123143475,0.5714285714285714
289,1,train:4944,0,0,0.25,0.5714285714285714,0.2857142857142857,0.2857142857142857,-0.9018295004026471,0.2857142857142857
290,1,train:6673,1,1,1.0,0.5714285714285714,0.5714285714285714,0.5714285714285714,-0.03980543056394414,0.5714285714285714
291,1,train:2453,1,1,1.0,1.0,0.7142857142857143,0.7142857142857143,-0.5835313617517284,0.42857142857142855
292,1,train:8057,1,1,1.0,1.0,1.0,1.0,0.5039205006238403,0.7142857142857143
293,1,train:708,0,0,0.375,0.42857142857142855,0.5714285714285714,0.5714285714285714,-0.051495244044149804,0.42857142857142855
294,1,train:5364,1,1,1.0,1.0,0.7142857142857143,0.7142857142857143,0.5039205006238403,0.7142857142857143
295,1,train:9284,1,0,1.0,1.0,0.7142857142857143,0.7142857142857143,0.7988390123143475,0.5714285714285714
296,1,train:5815,1,1,1.0,1.0,1.0,0.2857142857142857,-0.03980543056394414,0.5714285714285714
297,1,train:8488,1,1,1.0,1.0,0.42857142857142855,0.42857142857142855,0.5039205006238403,0.7142857142857143
298,1,train:7448,0,0,0.75,0.7142857142857143,0.5714285714285714,0.5714285714285714,0.7988390123143475,0.5714285714285714
299,1,train:5167,0,1,1.0,0.5714285714285714,0.14285714285714285,0.14285714285714285,-1.6709832241272968,0.14285714285714285
300,1,train:8105,0,0,1.0,1.0,1.0,0.8571428571428571,0.7988390123143475,0.5714285714285714
301,1,test:5610,0,1,0.75,1.0,0.5714285714285714,0.5714285714285714,-1.1272572929395126,0.2857142857142857
302,1,train:999,1,1,0.75,0.2857142857142857,0.14285714285714285,0.2857142857142857,-1.1272572929395126,0.2857142857142857
303,1,train:7510,1,1,0.5,0.42857142857142855,0.14285714285714285,0.14285714285714285,-1.1272572929395126,0.2857142857142857
304,1,train:3637,0,0,0.125,0.42857142857142855,0.14285714285714285,0.14285714285714285,-0.9018295004026471,0.2857142857142857
305,1,train:4944,0,0,0.375,0.5714285714285714,0.14285714285714285,0.14285714285714285,-0.051495244044149804,0.42857142857142855
306,1,train:5035,0,0,0.125,0.2857142857142857,0.14285714285714285,0.14285714285714285,-1.7521637567611443,0.14285714285714285
307,1,train:4691,1,1,1.0,1.0,0.5714285714285714,0.5714285714285714,0.5039205006238403,0.7142857142857143
308,1,train:7860,0,0,0.125,0.42857142857142855,0.42857142857142855,0.42857142857142855,-1.7521637567611443,0.14285714285714285
309,1,train:8718,0,0,0.875,1.0,0.2857142857142857,0.2857142857142857,-0.9018295004026471,0.2857142857142857
310,1,train:5366,0,0,0.25,0.5714285714285714,0.8571428571428571,0.8571428571428571,-0.051495244044149804,0.42857142857142855
311,1,train:1660,1,1,1.0,1.0,0.8571428571428571,0.8571428571428571,0.5039205006238403,0.7142857142857143
312,1,train:9994,0,0,0.375,0.7142857142857143,0.2857142857142857,0.2857142857142857,-0.051495244044149804,0.42857142857142855
313,1,train:8857,0,0,1.0,0.7142857142857143,1.0,0.7142857142857143,-0.051495244044149804,0.42857142857142855
314,1,train:5877,1,0,0.125,0.2857142857142857,0.42857142857142855,0.2857142857142857,-0.051495244044149804,0.42857142857142855
315,1,train:6421,0,0,1.0,1.0,1.0,1.0,-0.051495244044149804,0.42857142857142855
316,1,train:9773,1,0,0.375,0.2857142857142857,0.8571428571428571,0.8571428571428571,-0.9018295004026471,0.2857142857142857
317,1,train:3706,0,0,1.0,0.8571428571428571,1.0,0.8571428571428571,-0.051495244044149804,0.42857142857142855
318,1,train:708,0,0,1.0,1.0,0.8571428571428571,0.8571428571428571,0.7988390123143475,0.5714285714285714
319,1,train:1492,1,1,1.0,0.8571428571428571,0.5714285714285714,0.5714285714285714,-1.6709832241272968,0.14285714285714285
320,1,train:9017,0,0,1.0,1.0,0.5714285714285714,0.5714285714285714,0.7988390123143475,0.5714285714285714
321,1,train:6845,0,0,0.5,0.5714285714285714,0.2857142857142857,0.2857142857142857,0.7988390123143475,0.5714285714285714
322,1,train:8576,1,1,1.0,1.0,0.2857142857142857,0.2857142857142857,0.5039205006238403,0.7142857142857143
323,1,train:2706,0,1,0.875,0.2857142857142857,0.2857142857142857,0.2857142857142857,-1.1272572929395126,0.2857142857142857
324,1,test:8237,0,1,1.0,1.0,0.5714285714285714,0.5714285714285714,-1.1272572929395126,0.2857142857142857
325,1,train:8337,1,0,0.25,0.42857142857142855,0.14285714285714285,0.14285714285714285,-0.9018295004026471,0.2857142857142857
326,1,train:2437,1,1,1.0,1.0,0.7142857142857143,0.7142857142857143,1.5913723629994088,1.0
327,1,train:6845,1,1,1.0,1.0,0.5714285714285714,0.5714285714285714,0.5039205006238403,0.7142857142857143
328,1,train:2970,1,1,1.0,0.14285714285714285,0.14285714285714285,0.14285714285714285,-0.03980543056394414,0.5714285714285714
329,1,train:5222,1,1,1.0,1.0,0.5714285714285714,1.0,1.0476464318116243,0.8571428571428571
330,1,train:6638,1,1,1.0,1.0,0.2857142857142857,0.2857142857142857,-1.1272572929395126,0.2857142857142857
331,1,train:7877,0,0,1.0,1.0,1.0,0.5714285714285714,0.7988390123143475,0.5714285714285714
332,1,train:3539,0,0,1.0,1.0,0.5714285714285714,0.5714285714285714,0.7988390123143475,0.5714285714285714
333,1,train:1727,0,0,0.625,0.8571428571428571,1.0,1.0,-0.051495244044149804,0.42857142857142855
334,1,train:2814,0,0,1.0,1.0,0.42857142857142855,0.42857142857142855,1.649173268672845,0.7142857142857143
335,1,train:5496,1,1,1.0,1.0,0.14285714285714285,0.14285714285714285,1.5913723629994088,1.0
336,1,train:17,0,0,1.0,1.0,1.0,0.7142857142857143,-0.051495244044149804,0.42857142857142855
337,1,train:5815,1,1,1.0,1.0,0.7142857142857143,0.7142857142857143,-0.5835313617517284,0.42857142857142855
338,1,train:8857,1,1,1.0,1.0,0.14285714285714285,0.7142857142857143,-0.5835313617517284,0.42857142857142855
339,1,train:5343,1,1,0.875,1.0,0.2857142857142857,0.2857142857142857,-0.03980543056394414,0.5714285714285714
340,1,train:2437,1,1,1.0,1.0,1.0,0.7142857142857143,-1.1272572929395126,0.2857142857142857
341,1,train:8576,1,1,1.0,1.0,0.42857142857142855,0.42857142857142855,1.5913723629994088,1.0
342,1,train:6421,1,0,0.875,1.0,1.0,1.0,-0.051495244044149804,0.42857142857142855
343,1,test:6949,1,0,0.75,1.0,1.0,1.0,-0.051495244044149804,0.42857142857142855
344,1,train:5765,1,1,1.0,1.0,0.5714285714285714,0.5714285714285714,-1.1272572929395126,0.2857142857142857
345,1,train:3230,0,0,0.875,0.7142857142857143,0.42857142857142855,0.42857142857142855,-0.051495244044149804,0.42857142857142855
346,1,train:3539,0,0,0.75,1.0,0.5714285714285714,0.5714285714285714,-0.9018295004026471,0.2857142857142857
347,1,train:4944,0,0,1.0,0.7142857142857143,0.8571428571428571,1.0,-1.7521637567611443,0.14285714285714285
348,1,train:6845,0,1,1.0,1.0,1.0,1.0,-0.5835313617517284,0.42857142857142855
349,1,test:5610,0,0,1.0,1.0,0.5714285714285714,0.5714285714285714,-0.051495244044149804,0.42857142857142855
350,1,train:5815,1,0,0.125,0.7142857142857143,1.0,0.2857142857142857,-0.9018295004026471,0.2857142857142857
351,1,train:5534,1,0,0.125,0.42857142857142855,0.2857142857142857,0.2857142857142857,-0.051495244044149804,0.42857142857142855
352,1,train:1033,0,0,0.125,0.2857142857142857,1.0,0.2857142857142857,0.7988390123143475,0.5714285714285714
353,1,train:1999,1,1,1.0,0.42857142857142855,1.0,1.0,0.5039205006238403,0.7142857142857143
354,1,train:262,0,1,0.875,0.2857142857142857,0.14285714285714285,0.14285714285714285,-0.03980543056394414,0.5714285714285714
355,1,train:9037,0,0,0.375,0.5714285714285714,1.0,1.0,-0.051495244044149804,0.42857142857142855
356,1,train:5035,0,1,1.0,1.0,0.2857142857142857,0.7142857142857143,1.0476464318116243,0.8571428571428571
357,1,train:8116,0,1,1.0,1.0,0.8571428571428571,1.0,-0.5835313617517284,0.42857142857142855
358,1,train:4929,1,1,1.0,1.0,0.7142857142857143,0.7142857142857143,1.5913723629994088,1.0
359,1,train:1033,0,0,1.0,1.0,0.8571428571428571,0.8571428571428571,1.649173268672845,0.7142857142857143
360,1,train:5816,1,1,1.0,1.0,0.8571428571428571,0.8571428571428571,-0.03980543056394414,0.5714285714285714
361,1,test:6949,1,1,1.0,1.0,0.5714285714285714,0.5714285714285714,-0.03980543056394414,0.5714285714285714
362,1,train:6476,1,1,1.0,1.0,0.8571428571428571,1.0,-0.03980543056394414,0.5714285714285714
363,1,train:5534,1,0,0.125,0.2857142857142857,0.14285714285714285,0.14285714285714285,-0.051495244044149804,0.42857142857142855
364,1,test:9736,0,0,0.875,0.8571428571428571,0.7142857142857143,0.7142857142857143,-0.051495244044149804,0.42857142857142855
365,1,test:9441,0,1,1.0,1.0,0.42857142857142855,0.42857142857142855,1.5913723629994088,1.0
366,1,train:5815,1,0,0.5,0.7142857142857143,0.7142857142857143,0.7142857142857143,0.7988390123143475,0.5714285714285714
367,1,train:860,1,1,1.0,1.0,0.7142857142857143,0.7142857142857143,-1.6709832241272968,0.14285714285714285
368,1,train:2590,1,1,1.0,1.0,0.5714285714285714,0.5714285714285714,-1.1272572929395126,0.2857142857142857
369,1,train:6569,0,0,1.0,1.0,0.5714285714285714,0.5714285714285714,-0.051495244044149804,0.42857142857142855
370,1,train:4691,1,1,1.0,1.0,0.5714285714285714,0.5714285714285714,0.5039205006238403,0.7142857142857143
371,1,train:2970,1,1,1.0,1.0,0.5714285714285714,0.5714285714285714,-1.1272572929395126,0.2857142857142857
372,1,train:1727,1,1,1.0,1.0,1.0,0.42857142857142855,-0.03980543056394414,0.5714285714285714
373,1,train:2970,1,1,1.0,1.0,1.0,0.7142857142857143,-0.03980543056394414,0.5714285714285714
374,1,train:9037,1,0,0.75,0.42857142857142855,0.42857142857142855,0.42857142857142855,-0.051495244044149804,0.42857142857142855
375,1,train:1884,1,1,0.5,0.42857142857142855,0.2857142857142857,0.2857142857142857,-0.5835313617517284,0.42857142857142855
376,1,train:6845,1,1,1.0,1.0,0.42857142857142855,0.42857142857142855,-1.1272572929395126,0.2857142857142857
377,1,train:8462,1,1,0.875,0.14285714285714285,0.5714285714285714,0.5714285714285714,-1.6709832241272968,0.14285714285714285
378,1,train:860,1,1,1.0,1.0,1.0,0.7142857142857143,1.5913723629994088,1.0
379,1,train:3637,0,0,0.75,1.0,0.42857142857142855,0.42857142857142855,-0.051495244044149804,0.42857142857142855
380,1,train:8116,0,0,0.375,0.5714285714285714,0.5714285714285714,0.5714285714285714,-0.051495244044149804,0.42857142857142855
381,1,train:525,1,0,1.0,0.5714285714285714,0.14285714285714285,0.14285714285714285,-0.9018295004026471,0.2857142857142857
382,1,train:328,1,1,1.0,1.0,0.7142857142857143,0.7142857142857143,0.5039205006238403,0.7142857142857143
383,1,test:8237,0,0,0.625,0.7142857142857143,0.14285714285714285,0.14285714285714285,-1.7521637567611443,0.14285714285714285
384,1,train:6438,1,0,0.375,0.2857142857142857,0.2857142857142857,0.2857142857142857,-0.9018295004026471,0.2857142857142857
385,1,train:1780,0,0,0.125,0.2857142857142857,0.42857142857142855,0.42857142857142855,-0.9018295004026471,0.2857142857142857
386,1,train:8030,1,0,1.0,1.0,0.42857142857142855,0.42857142857142855,-1.7521637567611443,0.14285714285714285
387,1,train:4514,0,0,0.5,0.2857142857142857,0.7142857142857143,0.7142857142857143,0.7988390123143475,0.5714285714285714
388,1,train:999,1,0,1.0,1.0,0.7142857142857143,0.7142857142857143,0.7988390123143475,0.5714285714285714
389,1,train:2814,0,1,1.0,1.0,1.0,0.42857142857142855,-0.5835313617517284,0.42857142857142855
390,1,train:8857,0,0,0.25,0.42857142857142855,0.14285714285714285,0.14285714285714285,-0.9018295004026471,0.2857142857142857
391,1,train:4334,1,1,1.0,0.2857142857142857,0.14285714285714285,0.14285714285714285,0.5039205006238403,0.7142857142857143
392,1,train:6638,1,1,1.0,1.0,0.7142857142857143,0.7142857142857143,-0.5835313617517284,0.42857142857142855
393,1,train:2437,1,1,1.0,1.0,0.8571428571428571,0.8571428571428571,1.0476464318116243,0.8571428571428571
394,1,train:1884,1,1,1.0,1.0,0.42857142857142855,0.42857142857142855,-0.03980543056394414,0.5714285714285714
395,1,train:5809,0,1,1.0,1.0,0.8571428571428571,0.7142857142857143,0.5039205006238403,0.7142857142857143
396,1,train:8576,1,1,1.0,1.0,0.7142857142857143,1.0,0.5039205006238403,0.7142857142857143
397,1,train:5534,1,1,1.0,1.0,0.8571428571428571,0.8571428571428571,-1.1272572929395126,0.2857142857142857
398,1,train:2102,0,0,0.875,1.0,0.7142857142857143,0.7142857142857143,0.7988390123143475,0.5714285714285714
399,1,train:2814,1,1,0.375,0.7142857142857143,0.14285714285714285,0.14285714285714285,-0.03980543056394414,0.5714285714285714
400,1,train:3539,0,0,0.75,1.0,0.7142857142857143,0.8571428571428571,-0.9018295004026471,0.2857142857142857
401,1,train:8337,1,1,1.0,1.0,0.5714285714285714,0.5714285714285714,1.0476464318116243,0.8571428571428571
402,1,train:8669,1,1,1.0,1.0,0.42857142857142855,0.42857142857142855,-1.1272572929395126,0.2857142857142857
403,1,train:6505,1,1,1.0,1.0,0.5714285714285714,0.5714285714285714,-0.5835313617517284,0.42857142857142855
404,1,train:1999,1,1,1.0,1.0,0.5714285714285714,0.5714285714285714,-0.03980543056394414,0.5714285714285714
405,1,train:648,0,0,1.0,1.0,0.42857142857142855,0.42857142857142855,-1.7521637567611443,0.14285714285714285
406,1,train:7510,1,0,0.125,0.5714285714285714,1.0,1.0,0.7988390123143475,0.5714285714285714
407,1,train:9284,1,1,1.0,1.0,0.7142857142857143,1.0,0.5039205006238403,0.7142857142857143
408,1,train:8269,1,0,0.5,0.42857142857142855,0.7142857142857143,0.7142857142857143,1.649173268672845,0.7142857142857143
409,1,train:4929,1,1,1.0,1.0,1.0,1.0,-0.5835313617517284,0.42857142857142855
410,1,train:17,0,1,1.0,1.0,0.5714285714285714,0.5714285714285714,1.5913723629994088,1.0
411,1,train:1660,1,1,1.0,1.0,0.7142857142857143,0.7142857142857143,-0.5835313617517284,0.42857142857142855
412,1,test:5069,1,1,1.0,1.0,0.7142857142857143,1.0,1.0476464318116243,0.8571428571428571
413,1,train:1780,1,1,1.0,1.0,0.8571428571428571,0.8571428571428571,-0.03980543056394414,0.5714285714285714
414,1,train:8451,0,0,0.375,0.7142857142857143,0.42857142857142855,0.42857142857142855,-0.051495244044149804,0.42857142857142855
415,1,train:9397,1,1,1.0,1.0,0.7142857142857143,0.7142857142857143,-1.1272572929395126,0.2857142857142857
416,1,test:5427,0,1,0.75,1.0,0.5714285714285714,0.5714285714285714,1.0476464318116243,0.8571428571428571
417,1,train:5343,0,1,0.75,1.0,0.14285714285714285,0.14285714285714285,-1.6709832241272968,0.14285714285714285
418,1,train:4916,0,0,1.0,1.0,0.5714285714285714,0.5714285714285714,0.7988390123143475,0.5714285714285714
419,1,train:1999,0,0,0.5,0.5714285714285714,0.42857142857142855,0.42857142857142855,-0.051495244044149804,0.42857142857142855
420,1,train:860,1,1,1.0,1.0,0.8571428571428571,0.8571428571428571,1.0476464318116243,0.8571428571428571
421,1,train:7612,1,1,1.0,0.42857142857142855,0.2857142857142857,0.2857142857142857,-1.1272572929395126,0.2857142857142857
422,1,test:5427,1,0,0.25,0.2857142857142857,0.14285714285714285,0.14285714285714285,-1.7521637567611443,0.14285714285714285
423,1,train:10072,0,0,0.75,0.5714285714285714,0.5714285714285714,0.5714285714285714,1.649173268672845,0.7142857142857143
424,1,train:6673,1,1,1.0,0.42857142857142855,0.7142857142857143,0.7142857142857143,-0.5835313617517284,0.42857142857142855
425,1,train:7860,1,1,1.0,1.0,0.42857142857142855,0.42857142857142855,-1.1272572929395126,0.2857142857142857
426,1,train:4916,0,0,0.375,0.7142857142857143,1.0,0.8571428571428571,-0.9018295004026471,0.2857142857142857
427,1,train:5366,1,1,0.75,0.42857142857142855,0.2857142857142857,0.2857142857142857,-1.6709832241272968,0.14285714285714285
428,1,test:2463,0,0,1.0,1.0,0.5714285714285714,1.0,-0.051495244044149804,0.42857142857142855
429,1,train:8105,0,0,0.625,0.42857142857142855,0.2857142857142857,0.2857142857142857,-0.051495244044149804,0.42857142857142855
430,1,train:2343,0,1,0.625,1.0,0.2857142857142857,0.2857142857142857,-1.1272572929395126,0.2857142857142857
431,1,train:9397,0,0,1.0,1.0,1.0,0.42857142857142855,0.7988390123143475,0.5714285714285714
432,1,train:8337,0,0,1.0,1.0,0.8571428571428571,0.8571428571428571,0.7988390123143475,0.5714285714285714
433,1,train:1999,1,1,1.0,1.0,0.8571428571428571,0.7142857142857143,-0.03980543056394414,0.5714285714285714
434,1,train:5534,1,1,1.0,1.0,0.7142857142857143,0.7142857142857143,1.5913723629994088,1.0
435,1,test:9441,0,0,0.875,1.0,0.42857142857142855,0.42857142857142855,-0.051495244044149804,0.42857142857142855
436,1,train:8756,1,1,1.0,1.0,0.8571428571428571,0.8571428571428571,1.0476464318116243,0.8571428571428571
437,1,train:5644,1,1,1.0,0.14285714285714285,0.2857142857142857,0.2857142857142857,0.5039205006238403,0.7142857142857143
438,1,train:860,1,0,0.125,0.14285714285714285,1.0,1.0,-0.051495244044149804,0.42857142857142855
439,1,train:4691,0,0,0.25,0.2857142857142857,0.2857142857142857,0.2857142857142857,-1.7521637567611443,0.14285714285714285
440,1,train:7480,0,0,0.875,0.42857142857142855,0.8571428571428571,0.8571428571428571,-0.051495244044149804,0.42857142857142855
441,1,train:8116,0,0,0.625,0.42857142857142855,1.0,1.0,-0.051495244044149804,0.42857142857142855
442,1,train:3539,0,0,0.75,1.0,0.8571428571428571,0.8571428571428571,0.7988390123143475,0.5714285714285714
443,1,train:5534,0,1,1.0,1.0,0.42857142857142855,0.42857142857142855,-0.5835313617517284,0.42857142857142855
444,1,train:5574,1,1,0.875,1.0,0.8571428571428571,0.8571428571428571,0.5039205006238403,0.7142857142857143
445,1,test:5610,0,0,1.0,1.0,0.42857142857142855,0.42857142857142855,-0.051495244044149804,0.42857142857142855
446,1,train:6415,0,0,1.0,1.0,1.0,0.7142857142857143,-0.051495244044149804,0.42857142857142855
447,1,train:1266,0,0,0.125,0.7142857142857143,0.14285714285714285,0.14285714285714285,0.7988390123143475,0.5714285714285714
448,1,test:5610,0,0,0.375,0.2857142857142857,0.42857142857142855,0.42857142857142855,-1.7521637567611443,0.14285714285714285
449,1,train:5809,1,1,1.0,1.0,0.7142857142857143,0.7142857142857143,-0.03980543056394414,0.5714285714285714
450,1,train:5765,1,1,1.0,1.0,0.2857142857142857,0.2857142857142857,-1.6709832241272968,0.14285714285714285
451,1,train:5574,0,1,1.0,1.0,1.0,1.0,0.5039205006238403,0.7142857142857143
452,1,train:5816,0,1,1.0,1.0,0.8571428571428571,0.8571428571428571,1.5913723629994088,1.0
453,1,train:5222,1,1,1.0,1.0,0.7142857142857143,0.7142857142857143,1.0476464318116243,0.8571428571428571
454,1,test:5069,0,1,1.0,1.0,0.5714285714285714,0.5714285714285714,-0.03980543056394414,0.5714285714285714
455,1,train:308,1,0,0.5,0.5714285714285714,0.14285714285714285,0.14285714285714285,-0.051495244044149804,0.42857142857142855
456,1,train:3089,1,1,0.625,0.7142857142857143,0.14285714285714285,0.8571428571428571,-1.6709832241272968,0.14285714285714285
457,1,train:17,0,0,0.875,1.0,0.7142857142857143,0.7142857142857143,0.7988390123143475,0.5714285714285714
458,1,train:9188,0,0,0.75,0.2857142857142857,0.7142857142857143,0.7142857142857143,0.7988390123143475,0.5714285714285714
459,1,train:4929,1,1,1.0,1.0,0.14285714285714285,0.14285714285714285,0.5039205006238403,0.7142857142857143
460,1,train:708,1,1,1.0,1.0,0.5714285714285714,0.5714285714285714,1.0476464318116243,0.8571428571428571
461,1,train:9104,1,1,0.75,0.14285714285714285,0.2857142857142857,0.2857142857142857,-1.6709832241272968,0.14285714285714285
462,1,train:8857,0,0,1.0,1.0,0.7142857142857143,0.7142857142857143,1.649173268672845,0.7142857142857143
463,1,train:328,1,1,1.0,1.0,0.7142857142857143,1.0,0.5039205006238403,0.7142857142857143
464,1,train:6415,0,0,0.25,0.5714285714285714,0.2857142857142857,0.2857142857142857,-1.7521637567611443,0.14285714285714285
465,1,train:868,1,1,1.0,1.0,1.0,1.0,1.0476464318116243,0.8571428571428571
466,1,test:5069,1,1,1.0,1.0,0.8571428571428571,0.8571428571428571,0.5039205006238403,0.7142857142857143
467,1,train:328,0,0,0.875,1.0,0.5714285714285714,0.5714285714285714,2.4995075250313423,0.8571428571428571
468,1,test:5427,0,0,0.875,1.0,0.5714285714285714,0.7142857142857143,1.649173268672845,0.7142857142857143
469,1,train:3706,0,0,1.0,0.2857142857142857,1.0,1.0,0.7988390123143475,0.5714285714285714
470,1,train:7170,1,1,1.0,1.0,0.8571428571428571,1.0,-0.03980543056394414,0.5714285714285714
471,1,train:6505,1,1,1.0,1.0,0.42857142857142855,0.2857142857142857,1.5913723629994088,1.0
472,1,train:8669,0,0,1.0,1.0,0.2857142857142857,0.2857142857142857,-0.9018295004026471,0.2857142857142857
473,1,train:1780,1,1,1.0,1.0,0.14285714285714285,0.14285714285714285,-1.6709832241272968,0.14285714285714285
474,1,train:6638,1,1,0.75,1.0,0.7142857142857143,0.7142857142857143,-0.5835313617517284,0.42857142857142855
475,1,train:4916,0,0,1.0,1.0,0.7142857142857143,0.7142857142857143,1.649173268672845,0.7142857142857143
476,1,train:5877,1,0,0.25,0.5714285714285714,0.5714285714285714,0.5714285714285714,0.7988390123143475,0.5714285714285714
477,1,train:359,1,1,1.0,1.0,0.42857142857142855,1.0,1.0476464318116243,0.8571428571428571
478,1,train:1266,0,0,0.375,0.8571428571428571,0.2857142857142857,0.2857142857142857,-0.9018295004026471,0.2857142857142857
479,1,train:2272,0,0,0.125,0.2857142857142857,1.0,0.2857142857142857,-0.9018295004026471,0.2857142857142857
480,1,train:5765,1,1,1.0,1.0,0.42857142857142855,0.42857142857142855,-0.03980543056394414,0.5714285714285714
481,1,train:5574,1,1,1.0,1.0,0.5714285714285714,0.8571428571428571,1.5913723629994088,1.0
482,1,train:9994,0,0,0.5,0.5714285714285714,0.14285714285714285,0.2857142857142857,-0.9018295004026471,0.2857142857142857
483,1,train:2753,0,0,1.0,1.0,1.0,0.7142857142857143,0.7988390123143475,0.5714285714285714
484,1,train:3570,1,1,1.0,1.0,1.0,1.0,1.0476464318116243,0.8571428571428571
485,1,train:2590,1,1,1.0,1.0,0.42857142857142855,0.42857142857142855,-0.5835313617517284,0.42857142857142855
486,1,train:5496,1,1,1.0,1.0,1.0,0.5714285714285714,1.0476464318116243,0.8571428571428571
487,1,train:2272,0,1,1.0,1.0,0.42857142857142855,0.42857142857142855,1.5913723629994088,1.0
488,1,train:532,1,1,0.875,1.0,0.8571428571428571,0.8571428571428571,-0.5835313617517284,0.42857142857142855
489,1,test:6949,1,1,1.0,1.0,0.42857142857142855,0.42857142857142855,-0.5835313617517284,0.42857142857142855
490,1,train:5282,1,0,1.0,1.0,1.0,1.0,-0.051495244044149804,0.42857142857142855
491,1,train:4929,1,1,1.0,1.0,1.0,0.8571428571428571,0.5039205006238403,0.7142857142857143
492,1,train:7448,0,0,1.0,1.0,1.0,1.0,2.4995075250313423,0.8571428571428571
493,1,train:2272,0,1,1.0,1.0,0.5714285714285714,1.0,-0.5835313617517284,0.42857142857142855
494,1,train:1958,0,0,0.125,0.5714285714285714,0.2857142857142857,0.2857142857142857,-0.051495244044149804,0.42857142857142855
495,1,train:709,1,1,1.0,1.0,0.8571428571428571,0.8571428571428571,-0.5835313617517284,0.42857142857142855
496,1,train:262,0,1,1.0,1.0,0.7142857142857143,0.8571428571428571,-1.6709832241272968,0.14285714285714285
497,1,train:5222,0,0,0.125,0.42857142857142855,0.2857142857142857,0.2857142857142857,-0.9018295004026471,0.2857142857142857
498,1,train:359,1,1,1.0,1.0,0.7142857142857143,1.0,-0.5835313617517284,0.42857142857142855
499,1,train:4334,0,1,1.0,0.42857142857142855,0.7142857142857143,0.42857142857142855,-1.6709832241272968,0.14285714285714285
500,1,train:4916,0,0,1.0,1.0,1.0,0.5714285714285714,-0.051495244044149804,0.42857142857142855
501,1,train:7590,0,0,0.75,0.2857142857142857,0.14285714285714285,0.14285714285714285,0.7988390123143475,0.5714285714285714
502,1,train:4916,0,0,1.0,1.0,0.5714285714285714,0.5714285714285714,-0.9018295004026471,0.2857142857142857
503,1,train:6374,1,1,0.875,1.0,1.0,0.7142857142857143,-1.6709832241272968,0.14285714285714285
504,1,train:8488,1,1,1.0,1.0,0.5714285714285714,0.5714285714285714,1.5913723629994088,1.0
505,1,train:6372,0,0,1.0,1.0,1.0,1.0,1.649173268672845,0.7142857142857143
506,1,train:9017,0,0,1.0,1.0,0.7142857142857143,0.7142857142857143,0.7988390123143475,0.5714285714285714
507,1,train:7170,0,0,0.125,0.2857142857142857,0.2857142857142857,0.2857142857142857,-0.9018295004026471,0.2857142857142857
508,1,train:3733,1,0,0.75,1.0,0.5714285714285714,0.5714285714285714,0.7988390123143475,0.5714285714285714
509,1,train:7170,1,0,0.5,0.2857142857142857,0.2857142857142857,0.2857142857142857,-0.051495244044149804,0.42857142857142855
510,1,train:418,0,0,0.125,0.7142857142857143,0.14285714285714285,0.14285714285714285,0.7988390123143475,0.5714285714285714
511,1,train:7170,0,0,1.0,0.5714285714285714,0.8571428571428571,0.8571428571428571,0.7988390123143475,0.5714285714285714
512,1,train:1266,1,1,0.75,0.14285714285714285,0.14285714285714285,1.0,1.0476464318116243,0.8571428571428571
513,1,train:532,1,1,1.0,1.0,0.7142857142857143,0.7142857142857143,0.5039205006238403,0.7142857142857143
514,1,train:9366,1,0,0.75,0.42857142857142855,0.42857142857142855,0.42857142857142855,-0.051495244044149804,0.42857142857142855
515,1,train:7938,1,1,1.0,1.0,0.42857142857142855,0.42857142857142855,-0.03980543056394414,0.5714285714285714
516,1,train:9366,1,1,1.0,1.0,0.7142857142857143,0.7142857142857143,0.5039205006238403,0.7142857142857143
517,1,train:5537,1,0,0.25,0.7142857142857143,0.42857142857142855,0.5714285714285714,-0.9018295004026471,0.2857142857142857
518,1,train:9816,0,0,0.375,0.5714285714285714,0.2857142857142857,0.2857142857142857,-0.9018295004026471,0.2857142857142857
519,1,train:7877,1,1,0.875,0.42857142857142855,0.2857142857142857,0.8571428571428571,-1.1272572929395126,0.2857142857142857
520,1,train:4514,0,0,0.5,0.2857142857142857,0.42857142857142855,0.42857142857142855,-1.7521637567611443,0.14285714285714285
521,1,train:3570,0,0,0.5,0.42857142857142855,1.0,1.0,-0.051495244044149804,0.42857142857142855
522,1,train:1999,1,1,1.0,0.8571428571428571,0.2857142857142857,0.2857142857142857,-0.03980543056394414,0.5714285714285714
523,1,train:2453,1,1,1.0,1.0,1.0,1.0,-0.03980543056394414,0.5714285714285714
524,1,train:7451,0,1,1.0,0.2857142857142857,0.42857142857142855,0.14285714285714285,-0.5835313617517284,0.42857142857142855
525,1,train:5816,1,1,1.0,1.0,0.14285714285714285,0.14285714285714285,-1.6709832241272968,0.14285714285714285
526,1,test:5069,1,1,1.0,1.0,0.8571428571428571,0.8571428571428571,-0.03980543056394414,0.5714285714285714
527,1,train:5765,1,1,1.0,1.0,0.42857142857142855,0.42857142857142855,-0.5835313617517284,0.42857142857142855
528,1,train:1033,0,0,1.0,1.0,0.5714285714285714,0.5714285714285714,-0.9018295004026471,0.2857142857142857
529,1,train:3089,0,0,0.375,0.42857142857142855,0.14285714285714285,0.14285714285714285,-1.7521637567611443,0.14285714285714285
530,1,train:9994,0,0,1.0,1.0,1.0,1.0,0.7988390123143475,0.5714285714285714
531,1,train:4691,1,1,0.75,0.14285714285714285,0.2857142857142857,0.2857142857142857,-0.5835313617517284,0.42857142857142855
532,1,train:418,0,0,1.0,1.0,0.8571428571428571,0.8571428571428571,0.7988390123143475,0.5714285714285714
533,1,test:5610,1,0,0.625,0.2857142857142857,0.7142857142857143,0.7142857142857143,-0.051495244044149804,0.42857142857142855
534,1,train:1866,1,1,1.0,1.0,0.42857142857142855,0.8571428571428571,-0.03980543056394414,0.5714285714285714
535,1,train:3230,0,0,0.75,0.42857142857142855,0.5714285714285714,0.5714285714285714,0.7988390123143475,0.5714285714285714
536,1,train:4334,0,1,0.375,0.2857142857142857,0.14285714285714285,0.14285714285714285,-1.1272572929395126,0.2857142857142857
537,1,train:860,1,1,1.0,1.0,0.5714285714285714,0.5714285714285714,0.5039205006238403,0.7142857142857143
538,1,train:5877,1,1,0.875,0.42857142857142855,0.14285714285714285,0.5714285714285714,-0.03980543056394414,0.5714285714285714
539,1,train:3562,0,1,1.0,1.0,0.42857142857142855,0.14285714285714285,-0.5835313617517284,0.42857142857142855
540,1,train:2753,0,0,1.0,1.0,0.7142857142857143,0.7142857142857143,0.7988390123143475,0.5714285714285714
541,1,train:328,1,1,1.0,1.0,0.7142857142857143,0.7142857142857143,0.5039205006238403,0.7142857142857143
542,1,train:7510,0,0,0.25,0.7142857142857143,0.14285714285714285,0.2857142857142857,-0.051495244044149804,0.42857142857142855
543,1,train:418,0,0,1.0,1.0,0.5714285714285714,0.5714285714285714,1.649173268672845,0.7142857142857143
544,1,train:9994,0,0,0.875,1.0,0.7142857142857143,0.7142857142857143,0.7988390123143475,0.5714285714285714
545,1,train:2204,0,0,1.0,1.0,1.0,0.8571428571428571,0.7988390123143475,0.5714285714285714
546,1,train:9284,1,1,1.0,1.0,0.42857142857142855,0.42857142857142855,-0.5835313617517284,0.42857142857142855
547,1,train:6438,1,1,1.0,1.0,0.8571428571428571,0.8571428571428571,-1.1272572929395126,0.2857142857142857
548,1,train:2706,0,0,0.375,0.7142857142857143,0.14285714285714285,0.14285714285714285,-0.051495244044149804,0.42857142857142855
549,1,train:5300,1,1,1.0,1.0,0.14285714285714285,0.14285714285714285,-0.03980543056394414,0.5714285714285714
550,1,train:1033,0,0,1.0,1.0,1.0,1.0,0.7988390123143475,0.5714285714285714
551,1,train:9816,0,0,1.0,1.0,0.5714285714285714,0.5714285714285714,-0.051495244044149804,0.42857142857142855
552,1,train:9037,1,1,0.125,0.42857142857142855,0.7142857142857143,0.7142857142857143,-1.6709832241272968,0.14285714285714285
553,1,train:4915,1,1,1.0,1.0,0.7142857142857143,0.7142857142857143,-0.03980543056394414,0.5714285714285714
554,1,train:3733,0,0,1.0,1.0,0.5714285714285714,0.5714285714285714,1.649173268672845,0.7142857142857143
555,1,train:2706,0,0,0.75,0.42857142857142855,1.0,0.7142857142857143,-0.051495244044149804,0.42857142857142855
556,1,test:9736,1,1,1.0,1.0,0.7142857142857143,0.8571428571428571,-0.03980543056394414,0.5714285714285714
557,1,train:5555,0,0,1.0,1.0,0.8571428571428571,0.8571428571428571,0.7988390123143475,0.5714285714285714
558,1,test:5069,1,1,1.0,1.0,0.5714285714285714,0.5714285714285714,1.0476464318116243,0.8571428571428571
559,1,train:3562,1,1,1.0,1.0,0.5714285714285714,1.0,1.5913723629994088,1.0
560,1,train:525,0,0,1.0,1.0,0.42857142857142855,0.42857142857142855,0.7988390123143475,0.5714285714285714
561,1,train:5193,0,0,0.625,0.2857142857142857,0.8571428571428571,0.8571428571428571,-0.9018295004026471,0.2857142857142857
562,1,train:6374,0,0,0.75,0.5714285714285714,1.0,1.0,-0.051495244044149804,0.42857142857142855
563,1,train:2437,1,1,1.0,1.0,0.7142857142857143,0.7142857142857143,1.0476464318116243,0.8571428571428571
564,1,test:5699,1,1,1.0,1.0,1.0,1.0,1.0476464318116243,0.8571428571428571
565,1,train:2970,1,1,1.0,1.0,0.5714285714285714,0.5714285714285714,-0.03980543056394414,0.5714285714285714
566,1,train:9017,1,1,1.0,1.0,0.2857142857142857,0.2857142857142857,-1.1272572929395126,0.2857142857142857
567,1,train:648,0,0,0.75,1.0,0.8571428571428571,0.5714285714285714,-0.051495244044149804,0.42857142857142855
568,1,train:6673,1,0,0.25,0.2857142857142857,0.2857142857142857,0.2857142857142857,-0.9018295004026471,0.2857142857142857
569,1,train:8488,0,0,1.0,1.0,0.8571428571428571,0.8571428571428571,1.649173268672845,0.7142857142857143
570,1,train:5833,1,1,1.0,1.0,0.42857142857142855,0.14285714285714285,-0.03980543056394414,0.5714285714285714
571,1,train:4305,0,0,0.875,1.0,0.7142857142857143,0.7142857142857143,0.7988390123143475,0.5714285714285714
572,1,train:9188,0,0,1.0,1.0,0.14285714285714285,0.2857142857142857,-0.9018295004026471,0.2857142857142857
573,1,train:2204,1,1,1.0,1.0,0.42857142857142855,0.42857142857142855,1.5913723629994088,1.0
574,1,train:6476,1,0,0.125,0.2857142857142857,0.14285714285714285,0.14285714285714285,-1.7521637567611443,0.14285714285714285
575,1,train:418,0,0,1.0,1.0,1.0,0.7142857142857143,0.7988390123143475,0.5714285714285714
576,1,train:5343,0,0,0.375,0.2857142857142857,0.2857142857142857,0.2857142857142857,-0.9018295004026471,0.2857142857142857
577,1,train:6415,1,1,1.0,1.0,0.2857142857142857,0.2857142857142857,0.5039205006238403,0.7142857142857143
578,1,train:3562,1,1,0.75,0.8571428571428571,0.42857142857142855,0.42857142857142855,-1.6709832241272968,0.14285714285714285
579,1,test:2463,1,1,1.0,1.0,0.42857142857142855,0.7142857142857143,1.5913723629994088,1.0
580,1,train:7938,1,1,1.0,1.0,0.2857142857142857,0.8571428571428571,-1.1272572929395126,0.2857142857142857
581,1,train:9483,1,1,0.75,0.14285714285714285,1.0,0.2857142857142857,-0.03980543056394414,0.5714285714285714
582,1,train:8780,1,1,0.625,0.14285714285714285,0.14285714285714285,0.14285714285714285,-0.03980543056394414,0.5714285714285714
583,1,train:9284,1,1,1.0,1.0,0.5714285714285714,0.7142857142857143,0.5039205006238403,0.7142857142857143
584,1,train:5555,0,0,1.0,1.0,0.7142857142857143,0.7142857142857143,0.7988390123143475,0.5714285714285714
585,1,train:5222,1,1,1.0,1.0,0.5714285714285714,0.5714285714285714,-0.03980543056394414,0.5714285714285714
586,1,train:6569,0,0,1.0,1.0,0.7142857142857143,0.7142857142857143,0.7988390123143475,0.5714285714285714
587,1,train:8718,1,1,1.0,1.0,0.5714285714285714,1.0,-0.5835313617517284,0.42857142857142855
588,1,train:7860,0,0,0.75,0.2857142857142857,0.14285714285714285,0.8571428571428571,0.7988390123143475,0.5714285714285714
589,1,train:5300,0,0,1.0,1.0,1.0,0.7142857142857143,-0.051495244044149804,0.42857142857142855
590,1,train:1033,1,1,0.5,0.42857142857142855,0.2857142857142857,0.42857142857142855,-1.1272572929395126,0.2857142857142857
591,1,train:10072,0,0,1.0,1.0,0.5714285714285714,0.7142857142857143,-0.051495244044149804,0.42857142857142855
592,1,train:249,1,1,1.0,1.0,0.7142857142857143,1.0,1.5913723629994088,1.0
593,1,train:5811,1,0,0.25,0.2857142857142857,1.0,0.2857142857142857,0.7988390123143475,0.5714285714285714
594,1,train:6673,1,0,1.0,0.2857142857142857,1.0,1.0,-0.9018295004026471,0.2857142857142857
595,1,train:2706,0,0,0.125,0.7142857142857143,0.42857142857142855,0.42857142857142855,-1.7521637567611443,0.14285714285714285
596,1,train:262,0,1,1.0,1.0,0.2857142857142857,0.5714285714285714,1.5913723629994088,1.0
597,1,test:2463,1,0,0.5,0.2857142857142857,1.0,1.0,-0.051495244044149804,0.42857142857142855
598,1,train:5193,0,0,1.0,1.0,0.5714285714285714,0.5714285714285714,-0.051495244044149804,0.42857142857142855
599,1,train:909,1,1,1.0,1.0,0.2857142857142857,0.8571428571428571,0.5039205006238403,0.7142857142857143
600,1,train:8488,1,1,1.0,1.0,0.42857142857142855,0.42857142857142855,0.5039205006238403,0.7142857142857143
601,1,train:8269,0,0,0.125,0.42857142857142855,0.7142857142857143,0.7142857142857143,-0.9018295004026471,0.2857142857142857
602,1,train:9773,1,1,1.0,1.0,0.5714285714285714,0.5714285714285714,1.5913723629994088,1.0
603,1,train:909,1,1,1.0,1.0,0.7142857142857143,0.5714285714285714,-0.03980543056394414,0.5714285714285714
604,1,train:868,1,1,1.0,1.0,0.7142857142857143,1.0,0.5039205006238403,0.7142857142857143
605,1,train:4305,0,0,1.0,1.0,0.5714285714285714,0.5714285714285714,-0.051495244044149804,0.42857142857142855
606,1,test:5427,1,1,1.0,1.0,0.42857142857142855,0.42857142857142855,1.0476464318116243,0.8571428571428571
607,1,train:4691,1,1,1.0,1.0,0.42857142857142855,0.42857142857142855,-1.1272572929395126,0.2857142857142857
608,1,train:8669,1,1,0.875,0.8571428571428571,0.8571428571428571,0.2857142857142857,-1.1272572929395126,0.2857142857142857
609,1,train:5833,1,0,0.125,0.42857142857142855,0.2857142857142857,0.2857142857142857,-1.7521637567611443,0.14285714285714285
610,1,train:529,0,0,0.625,0.8571428571428571,0.14285714285714285,0.14285714285714285,-0.9018295004026471,0.2857142857142857
611,1,train:2814,0,0,0.875,0.2857142857142857,0.42857142857142855,0.5714285714285714,-0.9018295004026471,0.2857142857142857
612,1,train:1780,1,1,0.75,0.8571428571428571,0.2857142857142857,0.7142857142857143,-1.6709832241272968,0.14285714285714285
613,1,train:5167,0,0,0.75,1.0,0.2857142857142857,0.2857142857142857,-0.9018295004026471,0.2857142857142857
614,1,train:1615,1,1,1.0,1.0,0.42857142857142855,1.0,1.5913723629994088,1.0
615,1,train:328,1,1,1.0,1.0,0.5714285714285714,0.7142857142857143,1.0476464318116243,0.8571428571428571
616,1,test:9736,0,1,0.875,1.0,0.42857142857142855,0.42857142857142855,0.5039205006238403,0.7142857142857143
617,1,train:5864,0,0,0.5,0.42857142857142855,0.42857142857142855,0.42857142857142855,-0.051495244044149804,0.42857142857142855
618,1,train:5811,0,0,1.0,1.0,0.42857142857142855,0.42857142857142855,-0.051495244044149804,0.42857142857142855
619,1,train:999,1,1,0.875,1.0,1.0,1.0,-0.03980543056394414,0.5714285714285714
620,1,train:5496,1,1,1.0,1.0,0.5714285714285714,0.7142857142857143,1.0476464318116243,0.8571428571428571
621,1,train:8718,0,0,0.625,0.2857142857142857,0.14285714285714285,0.14285714285714285,-1.7521637567611443,0.14285714285714285
622,1,train:418,0,0,1.0,1.0,0.2857142857142857,0.2857142857142857,-0.9018295004026471,0.2857142857142857
623,1,train:9483,1,0,0.625,0.5714285714285714,0.7142857142857143,0.7142857142857143,-1.7521637567611443,0.14285714285714285
624,1,train:5343,1,0,0.625,1.0,0.2857142857142857,0.2857142857142857,-0.9018295004026471,0.2857142857142857
625,1,train:8337,0,0,1.0,1.0,1.0,1.0,0.7988390123143475,0.5714285714285714
626,1,train:3461,1,1,1.0,1.0,0.7142857142857143,0.7142857142857143,-0.5835313617517284,0.42857142857142855
627,1,train:1609,0,0,0.25,0.14285714285714285,0.14285714285714285,0.14285714285714285,-0.9018295004026471,0.2857142857142857
628,1,train:5167,0,0,0.625,0.42857142857142855,0.2857142857142857,0.2857142857142857,-0.9018295004026471,0.2857142857142857
629,1,train:9483,0,0,0.125,0.2857142857142857,0.2857142857142857,0.2857142857142857,-0.9018295004026471,0.2857142857142857
630,1,train:3939,1,1,1.0,0.8571428571428571,0.42857142857142855,0.2857142857142857,-0.5835313617517284,0.42857142857142855
631,1,train:8462,1,0,0.125,0.2857142857142857,0.8571428571428571,0.8571428571428571,-0.9018295004026471,0.2857142857142857
632,1,train:2494,1,0,0.375,0.2857142857142857,1.0,0.7142857142857143,-0.9018295004026471,0.2857142857142857
633,1,train:2225,0,0,0.75,0.8571428571428571,1.0,0.2857142857142857,-0.9018295004026471,0.2857142857142857
634,1,train:5366,1,1,1.0,1.0,0.8571428571428571,0.8571428571428571,1.5913723629994088,1.0
635,1,train:2706,0,0,1.0,1.0,1.0,0.8571428571428571,-0.051495244044149804,0.42857142857142855
636,1,train:3089,1,1,1.0,1.0,0.8571428571428571,0.8571428571428571,0.5039205006238403,0.7142857142857143
637,1,train:6212,0,1,1.0,1.0,0.42857142857142855,0.42857142857142855,1.0476464318116243,0.8571428571428571
638,1,train:5343,1,1,0.5,0.42857142857142855,0.2857142857142857,0.8571428571428571,0.5039205006238403,0.7142857142857143
639,1,train:9483,0,1,1.0,0.14285714285714285,1.0,0.5714285714285714,0.5039205006238403,0.7142857142857143
640,1,train:4305,0,0,0.875,1.0,0.42857142857142855,0.42857142857142855,-0.9018295004026471,0.2857142857142857
641,1,train:7170,0,0,1.0,1.0,0.8571428571428571,0.8571428571428571,-0.051495244044149804,0.42857142857142855
642,1,train:5765,1,1,1.0,1.0,0.7142857142857143,0.7142857142857143,1.0476464318116243,0.8571428571428571
643,1,train:7480,0,0,1.0,1.0,1.0,1.0,0.7988390123143475,0.5714285714285714
644,1,train:5282,0,0,0.5,0.2857142857142857,0.2857142857142857,0.2857142857142857,-0.051495244044149804,0.42857142857142855
645,1,test:5069,1,1,1.0,1.0,0.8571428571428571,1.0,1.5913723629994088,1.0
646,1,train:1884,0,0,0.875,0.7142857142857143,1.0,1.0,-0.9018295004026471,0.2857142857142857
647,1,train:5877,1,1,1.0,0.5714285714285714,0.14285714285714285,0.14285714285714285,-1.6709832241272968,0.14285714285714285
648,1,train:4929,1,1,1.0,1.0,0.8571428571428571,0.8571428571428571,1.0476464318116243,0.8571428571428571
649,1,train:5864,0,0,0.5,0.5714285714285714,0.42857142857142855,0.42857142857142855,0.7988390123143475,0.5714285714285714
650,1,train:5193,1,1,1.0,1.0,0.2857142857142857,0.2857142857142857,-1.6709832241272968,0.14285714285714285
651,1,train:860,1,1,1.0,1.0,0.5714285714285714,0.5714285714285714,0.5039205006238403,0.7142857142857143
652,1,train:1615,1,1,1.0,1.0,0.5714285714285714,0.8571428571428571,1.5913723629994088,1.0
653,1,train:2814,0,0,1.0,1.0,1.0,1.0,0.7988390123143475,0.5714285714285714
654,1,train:4944,0,0,0.625,0.8571428571428571,0.42857142857142855,0.42857142857142855,1.649173268672845,0.7142857142857143
655,1,train:8359,0,0,0.75,1.0,0.14285714285714285,0.14285714285714285,-1.7521637567611443,0.14285714285714285
656,1,train:4915,0,0,0.875,0.5714285714285714,1.0,1.0,1.649173268672845,0.7142857142857143
657,1,train:999,1,1,1.0,1.0,0.14285714285714285,0.14285714285714285,-1.1272572929395126,0.2857142857142857
658,1,train:525,0,0,1.0,1.0,0.8571428571428571,0.8571428571428571,1.649173268672845,0.7142857142857143
659,1,train:3939,1,1,1.0,1.0,0.42857142857142855,0.42857142857142855,-1.1272572929395126,0.2857142857142857
660,1,test:9441,1,1,1.0,1.0,1.0,1.0,1.0476464318116243,0.8571428571428571
661,1,train:5035,1,1,1.0,1.0,0.5714285714285714,0.8571428571428571,0.5039205006238403,0.7142857142857143
662,1,train:2453,0,1,1.0,1.0,0.42857142857142855,0.14285714285714285,-0.5835313617517284,0.42857142857142855
663,1,train:3539,0,0,0.375,1.0,0.5714285714285714,0.42857142857142855,-0.9018295004026471,0.2857142857142857
664,1,train:8857,0,0,0.625,1.0,0.5714285714285714,0.5714285714285714,-0.051495244044149804,0.42857142857142855
665,1,train:5537,0,0,0.625,0.5714285714285714,0.8571428571428571,0.8571428571428571,0.7988390123143475,0.5714285714285714
666,1,train:4514,1,1,1.0,1.0,0.42857142857142855,0.14285714285714285,-0.5835313617517284,0.42857142857142855
667,1,train:1958,0,0,1.0,1.0,0.5714285714285714,0.5714285714285714,0.7988390123143475,0.5714285714285714
668,1,train:5815,1,0,0.375,0.7142857142857143,1.0,0.2857142857142857,-0.9018295004026471,0.2857142857142857
669,1,train:359,0,0,1.0,1.0,0.42857142857142855,0.42857142857142855,-0.051495244044149804,0.42857142857142855
670,1,train:3089,1,0,0.75,1.0,0.5714285714285714,0.42857142857142855,0.7988390123143475,0.5714285714285714
671,1,train:7860,1,1,1.0,1.0,1.0,0.8571428571428571,1.0476464318116243,0.8571428571428571
672,1,train:2970,0,0,0.125,0.14285714285714285,0.14285714285714285,0.14285714285714285,-1.7521637567611443,0.14285714285714285
673,1,test:6949,1,1,1.0,1.0,0.5714285714285714,0.5714285714285714,-0.03980543056394414,0.5714285714285714
674,1,train:2706,0,0,0.875,1.0,0.14285714285714285,0.14285714285714285,-0.9018295004026471,0.2857142857142857
675,1,test:5427,1,1,1.0,1.0,0.8571428571428571,0.8571428571428571,1.0476464318116243,0.8571428571428571
676,1,train:8487,1,0,0.25,0.2857142857142857,0.14285714285714285,0.14285714285714285,-1.7521637567611443,0.14285714285714285
677,1,train:2753,1,1,1.0,0.8571428571428571,0.2857142857142857,0.2857142857142857,-1.1272572929395126,0.2857142857142857
678,1,train:8857,0,0,1.0,1.0,1.0,1.0,0.7988390123143475,0.5714285714285714
679,1,train:5035,1,1,1.0,1.0,0.5714285714285714,0.5714285714285714,1.0476464318116243,0.8571428571428571
680,1,train:2544,1,1,1.0,1.0,0.8571428571428571,0.8571428571428571,0.5039205006238403,0.7142857142857143
681,1,train:3089,1,1,1.0,1.0,0.7142857142857143,0.42857142857142855,-1.1272572929395126,0.2857142857142857
682,1,train:8487,0,0,0.875,1.0,0.5714285714285714,0.5714285714285714,0.7988390123143475,0.5714285714285714
683,1,train:9816,1,0,0.875,1.0,1.0,0.5714285714285714,-0.051495244044149804,0.42857142857142855
684,1,train:8269,1,1,1.0,1.0,0.5714285714285714,0.5714285714285714,0.5039205006238403,0.7142857142857143
685,1,train:5193,1,1,1.0,1.0,0.42857142857142855,0.2857142857142857,-0.5835313617517284,0.42857142857142855
686,1,train:8488,1,1,1.0,1.0,1.0,1.0,-0.03980543056394414,0.5714285714285714
687,1,train:9773,0,0,0.125,0.2857142857142857,0.14285714285714285,0.14285714285714285,-1.7521637567611443,0.14285714285714285
688,1,train:5537,0,1,1.0,1.0,0.42857142857142855,0.42857142857142855,-1.6709832241272968,0.14285714285714285
689,1,train:2809,0,1,0.625,0.5714285714285714,0.2857142857142857,0.2857142857142857,-0.03980543056394414,0.5714285714285714
690,1,train:1866,1,1,0.875,0.2857142857142857,1.0,0.7142857142857143,-0.5835313617517284,0.42857142857142855
691,1,train:1866,1,0,1.0,1.0,1.0,0.5714285714285714,-0.9018295004026471,0.2857142857142857
692,1,test:5069,1,0,0.875,1.0,1.0,0.5714285714285714,-0.051495244044149804,0.42857142857142855
693,1,train:5574,1,1,1.0,1.0,0.14285714285714285,0.14285714285714285,-0.5835313617517284,0.42857142857142855
694,1,train:6505,1,1,0.75,0.2857142857142857,1.0,1.0,-1.1272572929395126,0.2857142857142857
695,1,train:9037,0,0,0.75,1.0,1.0,1.0,-0.051495244044149804,0.42857142857142855
696,1,train:2204,1,1,1.0,1.0,1.0,1.0,-0.03980543056394414,0.5714285714285714
697,1,train:868,1,1,1.0,1.0,1.0,1.0,1.5913723629994088,1.0
698,1,train:1727,1,1,1.0,1.0,0.7142857142857143,0.7142857142857143,1.0476464318116243,0.8571428571428571
699,1,train:2494,1,1,1.0,1.0,0.8571428571428571,0.8571428571428571,-0.03980543056394414,0.5714285714285714
700,1,train:1609,1,1,0.875,1.0,0.2857142857142857,0.2857142857142857,-1.6709832241272968,0.14285714285714285
701,1,train:2970,0,0,1.0,1.0,0.8571428571428571,0.8571428571428571,1.649173268672845,0.7142857142857143
702,1,train:648,0,0,0.5,0.5714285714285714,0.2857142857142857,0.2857142857142857,-0.9018295004026471,0.2857142857142857
703,1,train:5366,1,1,1.0,1.0,1.0,1.0,1.5913723629994088,1.0
704,1,train:2204,1,1,1.0,1.0,0.42857142857142855,0.42857142857142855,-0.03980543056394414,0.5714285714285714
705,1,train:4944,0,0,1.0,1.0,0.42857142857142855,0.42857142857142855,-0.051495244044149804,0.42857142857142855
706,1,train:262,0,0,1.0,1.0,0.5714285714285714,0.5714285714285714,0.7988390123143475,0.5714285714285714
707,1,train:6415,0,0,1.0,1.0,0.42857142857142855,0.7142857142857143,0.7988390123143475,0.5714285714285714
708,1,train:1033,0,0,0.25,0.2857142857142857,0.8571428571428571,0.8571428571428571,-1.7521637567611443,0.14285714285714285
709,1,train:9483,0,0,0.875,0.7142857142857143,0.14285714285714285,0.14285714285714285,-1.7521637567611443,0.14285714285714285
710,1,train:9994,1,1,0.875,0.7142857142857143,1.0,1.0,-1.6709832241272968,0.14285714285714285
711,1,train:2437,0,0,0.5,0.2857142857142857,0.7142857142857143,0.7142857142857143,0.7988390123143475,0.5714285714285714
712,1,train:9994,1,1,1.0,1.0,0.7142857142857143,0.7142857142857143,-1.6709832241272968,0.14285714285714285
713,1,train:9284,1,1,1.0,0.2857142857142857,0.5714285714285714,0.5714285714285714,-0.5835313617517284,0.42857142857142855
714,1,train:5833,1,0,0.625,0.5714285714285714,0.8571428571428571,0.8571428571428571,-0.051495244044149804,0.42857142857142855
715,1,train:5300,1,1,0.75,0.5714285714285714,0.42857142857142855,0.42857142857142855,-0.5835313617517284,0.42857142857142855
716,1,train:2753,1,0,0.375,0.2857142857142857,1.0,0.2857142857142857,-0.051495244044149804,0.42857142857142855
717,1,train:5172,0,0,0.125,0.2857142857142857,0.14285714285714285,0.14285714285714285,-1.7521637567611443,0.14285714285714285
718,1,train:6374,1,1,1.0,1.0,0.42857142857142855,0.2857142857142857,1.5913723629994088,1.0
719,1,train:1866,1,0,0.375,0.5714285714285714,0.42857142857142855,0.42857142857142855,-0.9018295004026471,0.2857142857142857
720,1,train:2970,1,1,1.0,0.8571428571428571,0.42857142857142855,0.42857142857142855,0.5039205006238403,0.7142857142857143
721,1,train:1615,1,1,1.0,1.0,0.42857142857142855,0.42857142857142855,1.0476464318116243,0.8571428571428571
722,1,train:3089,1,1,0.875,0.42857142857142855,0.2857142857142857,0.2857142857142857,-1.6709832241272968,0.14285714285714285
723,1,train:8105,1,1,1.0,1.0,0.5714285714285714,0.5714285714285714,1.5913723629994088,1.0
724,1,train:5167,1,1,1.0,1.0,1.0,1.0,-0.03980543056394414,0.5714285714285714
725,1,train:7938,1,1,1.0,1.0,0.5714285714285714,0.5714285714285714,1.0476464318116243,0.8571428571428571
726,1,train:6372,0,0,1.0,1.0,0.8571428571428571,0.8571428571428571,0.7988390123143475,0.5714285714285714
727,1,train:5833,0,0,0.875,0.42857142857142855,0.5714285714285714,0.5714285714285714,0.7988390123143475,0.5714285714285714
728,1,train:3461,1,1,1.0,0.2857142857142857,1.0,0.5714285714285714,0.5039205006238403,0.7142857142857143
729,1,train:7938,1,1,1.0,1.0,1.0,0.8571428571428571,0.5039205006238403,0.7142857142857143
730,1,train:4944,0,0,0.25,0.8571428571428571,1.0,0.7142857142857143,0.7988390123143475,0.5714285714285714
731,1,train:8451,0,0,1.0,1.0,0.8571428571428571,0.8571428571428571,0.7988390123143475,0.5714285714285714
732,1,train:7510,0,1,0.375,0.7142857142857143,0.14285714285714285,0.14285714285714285,-1.1272572929395126,0.2857142857142857
733,1,test:2775,1,1,1.0,1.0,0.8571428571428571,0.8571428571428571,0.5039205006238403,0.7142857142857143
734,1,train:999,1,1,1.0,1.0,0.7142857142857143,0.8571428571428571,-0.03980543056394414,0.5714285714285714
735,1,train:3461,0,0,1.0,1.0,1.0,0.8571428571428571,0.7988390123143475,0.5714285714285714
736,1,train:3570,1,1,0.75,1.0,0.7142857142857143,0.8571428571428571,1.0476464318116243,0.8571428571428571
737,1,train:6845,0,1,1.0,0.2857142857142857,0.2857142857142857,0.2857142857142857,-1.6709832241272968,0.14285714285714285
738,1,train:8359,1,0,0.375,0.2857142857142857,0.14285714285714285,0.14285714285714285,-1.7521637567611443,0.14285714285714285
739,1,train:5193,1,1,1.0,1.0,0.2857142857142857,0.7142857142857143,-1.1272572929395126,0.2857142857142857
740,1,train:359,0,0,0.125,0.42857142857142855,0.5714285714285714,0.5714285714285714,-0.051495244044149804,0.42857142857142855
741,1,train:2590,0,0,1.0,1.0,1.0,0.8571428571428571,0.7988390123143475,0.5714285714285714
742,1,train:6421,0,0,1.0,1.0,1.0,1.0,1.649173268672845,0.7142857142857143
743,1,train:2437,1,1,1.0,1.0,0.7142857142857143,0.42857142857142855,-0.5835313617517284,0.42857142857142855
744,1,train:1660,0,0,1.0,1.0,1.0,0.8571428571428571,0.7988390123143475,0.5714285714285714
745,1,train:6505,0,1,1.0,0.2857142857142857,0.42857142857142855,0.42857142857142855,-1.6709832241272968,0.14285714285714285
746,1,train:8057,0,1,1.0,1.0,0.7142857142857143,0.7142857142857143,1.5913723629994088,1.0
747,1,train:1958,0,1,1.0,1.0,0.42857142857142855,0.14285714285714285,1.5913723629994088,1.0
748,1,train:6638,0,0,0.875,1.0,0.42857142857142855,0.42857142857142855,-1.7521637567611443,0.14285714285714285
749,1,train:359,0,1,1.0,1.0,0.7142857142857143,0.7142857142857143,-0.5835313617517284,0.42857142857142855
750,1,train:2590,0,0,0.75,0.8571428571428571,1.0,0.8571428571428571,-0.9018295004026471,0.2857142857142857
751,1,train:4305,0,0,1.0,1.0,0.5714285714285714,0.8571428571428571,1.649173268672845,0.7142857142857143
752,1,train:6505,1,1,1.0,1.0,0.5714285714285714,0.5714285714285714,-0.03980543056394414,0.5714285714285714
753,1,train:3539,1,1,1.0,1.0,0.2857142857142857,0.2857142857142857,-0.5835313617517284,0.42857142857142855
754,1,train:3089,1,1,1.0,1.0,0.8571428571428571,0.8571428571428571,-1.6709832241272968,0.14285714285714285
755,1,train:2706,0,1,0.875,0.8571428571428571,0.8571428571428571,0.8571428571428571,-1.1272572929395126,0.2857142857142857
756,1,train:5574,1,1,1.0,1.0,0.42857142857142855,0.42857142857142855,-0.5835313617517284,0.42857142857142855
757,1,train:359,0,0,0.875,1.0,0.8571428571428571,0.7142857142857143,0.7988390123143475,0.5714285714285714
758,1,train:1788,1,0,0.5,0.42857142857142855,0.42857142857142855,0.42857142857142855,-0.051495244044149804,0.42857142857142855
759,1,train:2494,1,1,0.875,0.2857142857142857,0.5714285714285714,0.5714285714285714,0.5039205006238403,0.7142857142857143
760,1,train:2706,1,1,0.875,0.5714285714285714,0.2857142857142857,0.8571428571428571,-1.6709832241272968,0.14285714285714285
761,1,train:8487,1,1,0.75,1.0,0.5714285714285714,0.5714285714285714,-1.6709832241272968,0.14285714285714285
762,1,train:2102,0,0,1.0,0.5714285714285714,0.8571428571428571,0.8571428571428571,0.7988390123143475,0.5714285714285714
763,1,train:860,1,1,1.0,1.0,0.5714285714285714,0.5714285714285714,-0.03980543056394414,0.5714285714285714
764,1,train:5343,1,0,0.5,0.5714285714285714,0.2857142857142857,0.2857142857142857,-1.7521637567611443,0.14285714285714285
765,1,train:1780,1,1,1.0,1.0,0.2857142857142857,0.2857142857142857,-0.03980543056394414,0.5714285714285714
766,1,train:8116,0,1,1.0,1.0,0.8571428571428571,0.8571428571428571,-0.5835313617517284,0.42857142857142855
767,1,test:2463,1,1,1.0,1.0,0.42857142857142855,0.42857142857142855,-0.5835313617517284,0.42857142857142855
768,1,train:5816,1,1,1.0,1.0,0.8571428571428571,0.8571428571428571,1.5913723629994088,1.0
769,1,test:9736,0,0,0.375,0.7142857142857143,1.0,0.2857142857142857,-0.9018295004026471,0.2857142857142857
770,1,train:3539,0,0,0.875,1.0,1.0,1.0,0.7988390123143475,0.5714285714285714
771,1,train:2590,0,0,0.25,0.2857142857142857,0.42857142857142855,0.42857142857142855,-0.051495244044149804,0.42857142857142855
772,1,train:708,0,1,0.875,0.7142857142857143,0.42857142857142855,0.42857142857142855,-0.5835313617517284,0.42857142857142855
773,1,train:5811,1,0,0.125,0.2857142857142857,0.2857142857142857,0.2857142857142857,-1.7521637567611443,0.14285714285714285
774,1,train:10072,0,0,1.0,1.0,0.2857142857142857,0.2857142857142857,1.649173268672845,0.7142857142857143
775,1,train:7448,0,0,1.0,1.0,1.0,0.5714285714285714,-0.051495244044149804,0.42857142857142855
776,1,train:5864,0,0,0.5,0.2857142857142857,0.5714285714285714,0.5714285714285714,-0.9018295004026471,0.2857142857142857
777,1,train:9017,0,0,1.0,1.0,1.0,1.0,0.7988390123143475,0.5714285714285714
778,1,train:9816,0,0,1.0,1.0,0.2857142857142857,0.5714285714285714,0.7988390123143475,0.5714285714285714
779,1,train:8488,1,1,1.0,1.0,0.7142857142857143,0.7142857142857143,1.5913723629994088,1.0
780,1,train:3539,1,1,1.0,1.0,0.7142857142857143,0.7142857142857143,-0.03980543056394414,0.5714285714285714
781,1,train:5574,1,1,1.0,1.0,0.5714285714285714,1.0,0.5039205006238403,0.7142857142857143
782,1,train:8105,1,0,0.5,0.2857142857142857,1.0,0.42857142857142855,-0.9018295004026471,0.2857142857142857
783,1,test:2775,1,1,1.0,1.0,1.0,1.0,0.5039205006238403,0.7142857142857143
784,1,train:5765,0,0,0.125,0.8571428571428571,1.0,0.5714285714285714,-0.051495244044149804,0.42857142857142855
785,1,train:8451,0,0,0.875,1.0,0.5714285714285714,0.5714285714285714,-0.051495244044149804,0.42857142857142855
786,1,train:8756,1,1,1.0,1.0,1.0,1.0,1.5913723629994088,1.0
787,1,train:3539,0,0,0.625,0.14285714285714285,0.14285714285714285,0.14285714285714285,-1.7521637567611443,0.14285714285714285
788,1,train:1999,1,0,0.125,0.14285714285714285,0.14285714285714285,0.14285714285714285,-1.7521637567611443,0.14285714285714285
789,1,train:7448,1,1,1.0,1.0,0.7142857142857143,1.0,1.0476464318116243,0.8571428571428571
790,1,train:1615,1,1,1.0,1.0,0.42857142857142855,0.42857142857142855,-0.5835313617517284,0.42857142857142855
791,1,train:8996,0,0,0.625,1.0,0.8571428571428571,0.8571428571428571,-1.7521637567611443,0.14285714285714285
792,1,train:8487,1,1,1.0,1.0,0.7142857142857143,0.7142857142857143,-0.5835313617517284,0.42857142857142855
793,1,train:5227,1,1,1.0,1.0,0.5714285714285714,1.0,-0.5835313617517284,0.42857142857142855
794,1,train:6673,0,0,1.0,1.0,1.0,1.0,1.649173268672845,0.7142857142857143
795,1,train:1453,0,0,1.0,1.0,1.0,0.5714285714285714,0.7988390123143475,0.5714285714285714
796,1,train:1479,1,1,1.0,1.0,0.7142857142857143,0.7142857142857143,0.5039205006238403,0.7142857142857143
797,1,train:8105,1,1,0.875,1.0,0.5714285714285714,0.42857142857142855,-0.03980543056394414,0.5714285714285714
798,1,train:2272,0,0,0.375,0.8571428571428571,1.0,1.0,-0.9018295004026471,0.2857142857142857
799,1,train:5222,1,1,1.0,1.0,0.7142857142857143,0.7142857142857143,0.5039205006238403,0.7142857142857143
800,1,train:9773,1,1,1.0,1.0,1.0,1.0,-0.03980543056394414,0.5714285714285714
801,1,train:5765,0,1,1.0,0.42857142857142855,0.14285714285714285,0.14285714285714285,-1.6709832241272968,0.14285714285714285
802,1,test:5069,1,1,1.0,1.0,0.8571428571428571,1.0,1.5913723629994088,1.0
803,1,train:4916,0,0,1.0,1.0,0.5714285714285714,0.5714285714285714,0.7988390123143475,0.5714285714285714
804,1,train:6845,0,0,0.125,0.2857142857142857,0.2857142857142857,0.2857142857142857,-1.7521637567611443,0.14285714285714285
805,1,train:418,0,0,1.0,1.0,0.42857142857142855,0.42857142857142855,-0.051495244044149804,0.42857142857142855
806,1,train:5833,0,0,0.5,0.5714285714285714,0.14285714285714285,0.14285714285714285,-0.9018295004026471,0.2857142857142857
807,1,train:4305,0,1,1.0,1.0,0.42857142857142855,0.42857142857142855,0.5039205006238403,0.7142857142857143
808,1,train:8996,0,0,1.0,1.0,0.42857142857142855,0.42857142857142855,-0.051495244044149804,0.42857142857142855
809,1,train:10072,0,0,0.25,0.2857142857142857,1.0,0.8571428571428571,-0.051495244044149804,0.42857142857142855
810,1,test:5610,0,1,1.0,1.0,0.42857142857142855,1.0,1.0476464318116243,0.8571428571428571
811,1,train:4916,0,0,1.0,1.0,0.5714285714285714,0.5714285714285714,-0.051495244044149804,0.42857142857142855
812,1,train:9773,1,1,1.0,1.0,0.7142857142857143,0.42857142857142855,1.5913723629994088,1.0
813,1,train:5574,0,1,1.0,1.0,0.42857142857142855,0.42857142857142855,-0.5835313617517284,0.42857142857142855
814,1,train:5366,0,0,0.75,0.8571428571428571,0.42857142857142855,0.42857142857142855,-0.051495244044149804,0.42857142857142855
815,1,train:2753,1,1,1.0,1.0,0.7142857142857143,0.7142857142857143,0.5039205006238403,0.7142857142857143
816,1,train:3089,1,0,0.75,1.0,0.14285714285714285,0.14285714285714285,-0.051495244044149804,0.42857142857142855
817,1,train:8488,0,0,0.75,1.0,0.2857142857142857,0.2857142857142857,-0.051495244044149804,0.42857142857142855
818,1,train:1453,0,0,0.375,0.2857142857142857,0.8571428571428571,0.8571428571428571,-1.7521637567611443,0.14285714285714285
819,1,train:7938,1,0,1.0,1.0,1.0,1.0,0.7988390123143475,0.5714285714285714
820,1,train:7877,0,0,1.0,1.0,0.5714285714285714,0.5714285714285714,0.7988390123143475,0.5714285714285714
821,1,train:8030,1,1,1.0,1.0,0.7142857142857143,0.7142857142857143,-0.03980543056394414,0.5714285714285714
822,1,train:7170,0,0,1.0,1.0,1.0,1.0,0.7988390123143475,0.5714285714285714
823,1,train:7877,0,0,0.75,1.0,1.0,0.42857142857142855,-0.051495244044149804,0.42857142857142855
824,1,train:9037,1,1,1.0,1.0,0.8571428571428571,0.8571428571428571,-0.5835313617517284,0.42857142857142855
825,1,train:4305,1,0,0.75,1.0,0.2857142857142857,0.2857142857142857,-0.9018295004026471,0.2857142857142857
826,1,train:5815,1,1,1.0,1.0,0.42857142857142855,0.42857142857142855,1.5913723629994088,1.0
827,1,train:909,1,1,1.0,1.0,0.5714285714285714,1.0,0.5039205006238403,0.7142857142857143
828,1,train:6845,1,1,1.0,1.0,0.8571428571428571,1.0,-0.5835313617517284,0.42857142857142855
829,1,train:6421,1,1,1.0,1.0,0.42857142857142855,0.42857142857142855,1.5913723629994088,1.0
830,1,train:5816,1,1,1.0,1.0,0.5714285714285714,0.5714285714285714,-0.5835313617517284,0.42857142857142855
831,1,train:4929,0,0,0.25,0.5714285714285714,0.2857142857142857,0.2857142857142857,-0.051495244044149804,0.42857142857142855
832,1,train:1266,1,1,1.0,1.0,0.8571428571428571,0.8571428571428571,1.5913723629994088,1.0
833,1,train:9037,0,0,1.0,1.0,0.7142857142857143,0.7142857142857143,1.649173268672845,0.7142857142857143
834,1,train:5644,1,1,1.0,1.0,0.42857142857142855,0.8571428571428571,0.5039205006238403,0.7142857142857143
835,1,train:868,1,1,1.0,1.0,0.7142857142857143,0.7142857142857143,-0.03980543056394414,0.5714285714285714
836,1,train:5035,1,1,1.0,1.0,1.0,0.8571428571428571,1.5913723629994088,1.0
837,1,train:909,0,0,0.5,0.2857142857142857,0.2857142857142857,0.2857142857142857,-1.7521637567611443,0.14285714285714285
838,1,train:999,1,0,0.875,1.0,1.0,0.7142857142857143,-0.051495244044149804,0.42857142857142855
839,1,train:2204,0,0,0.875,1.0,1.0,1.0,-0.051495244044149804,0.42857142857142855
840,1,train:2544,1,1,1.0,1.0,1.0,1.0,-0.03980543056394414,0.5714285714285714
841,1,train:4691,1,1,1.0,1.0,0.5714285714285714,0.5714285714285714,-0.03980543056394414,0.5714285714285714
842,1,train:2753,0,0,1.0,1.0,0.5714285714285714,0.5714285714285714,0.7988390123143475,0.5714285714285714
843,1,train:1492,0,0,0.5,0.42857142857142855,0.7142857142857143,0.7142857142857143,0.7988390123143475,0.5714285714285714
844,1,train:7480,0,0,1.0,1.0,1.0,1.0,0.7988390123143475,0.5714285714285714
845,1,train:10072,0,0,1.0,1.0,0.7142857142857143,0.7142857142857143,0.7988390123143475,0.5714285714285714
846,1,train:9284,1,1,1.0,1.0,0.7142857142857143,0.7142857142857143,-0.03980543056394414,0.5714285714285714
847,1,train:8105,0,1,0.625,1.0,0.7142857142857143,0.7142857142857143,-0.5835313617517284,0.42857142857142855
848,1,train:1660,1,0,0.75,0.5714285714285714,0.8571428571428571,0.8571428571428571,-0.051495244044149804,0.42857142857142855
849,1,train:5167,0,0,0.375,0.2857142857142857,0.14285714285714285,0.14285714285714285,-0.9018295004026471,0.2857142857142857
850,1,train:6638,0,0,0.75,0.2857142857142857,0.42857142857142855,0.42857142857142855,-1.7521637567611443,0.14285714285714285
851,1,train:7480,0,1,1.0,1.0,0.7142857142857143,0.7142857142857143,1.5913723629994088,1.0
852,1,train:8487,0,0,1.0,1.0,0.8571428571428571,0.8571428571428571,0.7988390123143475,0.5714285714285714
853,1,train:648,0,0,0.5,1.0,0.42857142857142855,0.42857142857142855,0.7988390123143475,0.5714285714285714
854,1,train:5555,0,0,1.0,1.0,1.0,0.7142857142857143,0.7988390123143475,0.5714285714285714
855,1,train:5765,1,1,1.0,1.0,1.0,1.0,1.5913723629994088,1.0
856,1,train:7938,0,1,1.0,1.0,0.42857142857142855,0.42857142857142855,-0.5835313617517284,0.42857142857142855
857,1,train:2706,0,0,1.0,1.0,1.0,1.0,0.7988390123143475,0.5714285714285714
858,1,train:5456,1,1,1.0,1.0,0.2857142857142857,0.2857142857142857,-0.03980543056394414,0.5714285714285714
859,1,train:6372,1,1,0.75,0.42857142857142855,0.2857142857142857,0.2857142857142857,-1.1272572929395126,0.2857142857142857
860,1,train:3230,1,0,0.75,1.0,0.5714285714285714,0.7142857142857143,-0.9018295004026471,0.2857142857142857
861,1,train:262,1,1,1.0,1.0,0.42857142857142855,0.8571428571428571,-0.03980543056394414,0.5714285714285714
862,1,train:5409,0,0,0.875,0.8571428571428571,0.42857142857142855,0.42857142857142855,-0.9018295004026471,0.2857142857142857
863,1,train:6638,0,0,1.0,1.0,0.5714285714285714,0.5714285714285714,-0.051495244044149804,0.42857142857142855
864,1,train:5282,0,0,1.0,1.0,0.8571428571428571,0.8571428571428571,0.7988390123143475,0.5714285714285714
865,1,train:9188,0,0,0.75,0.5714285714285714,0.42857142857142855,1.0,-0.9018295004026471,0.2857142857142857
866,1,train:2970,1,0,0.125,0.7142857142857143,0.5714285714285714,0.5714285714285714,0.7988390123143475,0.5714285714285714
867,1,train:10072,0,0,1.0,1.0,0.7142857142857143,0.7142857142857143,0.7988390123143475,0.5714285714285714
868,1,train:9104,1,0,0.125,0.2857142857142857,0.5714285714285714,0.7142857142857143,0.7988390123143475,0.5714285714285714
869,1,train:8762,1,1,1.0,0.8571428571428571,0.7142857142857143,0.7142857142857143,-1.1272572929395126,0.2857142857142857
870,1,train:328,0,0,1.0,1.0,0.5714285714285714,0.5714285714285714,-0.051495244044149804,0.42857142857142855
871,1,train:1884,1,1,1.0,1.0,0.7142857142857143,0.7142857142857143,-0.5835313617517284,0.42857142857142855
872,1,train:5300,1,1,1.0,1.0,0.7142857142857143,0.7142857142857143,0.5039205006238403,0.7142857142857143
873,1,train:3706,0,0,1.0,1.0,0.7142857142857143,0.7142857142857143,0.7988390123143475,0.5714285714285714
874,1,train:7480,1,1,0.75,1.0,0.2857142857142857,0.2857142857142857,-0.5835313617517284,0.42857142857142855
875,1,train:4305,0,0,0.5,0.5714285714285714,0.14285714285714285,0.14285714285714285,-0.051495244044149804,0.42857142857142855
876,1,test:8237,0,0,0.875,1.0,1.0,0.5714285714285714,0.7988390123143475,0.5714285714285714
877,1,train:1999,1,1,0.75,1.0,1.0,1.0,-0.5835313617517284,0.42857142857142855
878,1,train:6569,0,1,1.0,1.0,0.5714285714285714,0.5714285714285714,-0.03980543056394414,0.5714285714285714
879,1,train:909,1,1,1.0,1.0,1.0,0.5714285714285714,1.5913723629994088,1.0
880,1,train:3539,1,1,0.875,1.0,1.0,1.0,-0.5835313617517284,0.42857142857142855
881,1,train:9816,1,1,0.875,1.0,0.7142857142857143,0.7142857142857143,-1.6709832241272968,0.14285714285714285
882,1,train:1609,1,1,1.0,1.0,0.14285714285714285,0.14285714285714285,1.5913723629994088,1.0
883,1,train:6421,0,0,1.0,1.0,0.5714285714285714,0.5714285714285714,1.649173268672845,0.7142857142857143
884,1,train:3216,1,1,1.0,1.0,0.7142857142857143,0.7142857142857143,0.5039205006238403,0.7142857142857143
885,1,train:5227,0,0,0.375,0.2857142857142857,0.14285714285714285,0.14285714285714285,-1.7521637567611443,0.14285714285714285
886,1,train:5765,0,0,0.625,1.0,0.5714285714285714,0.5714285714285714,-0.051495244044149804,0.42857142857142855
887,1,train:1999,0,1,0.125,0.2857142857142857,0.5714285714285714,0.5714285714285714,-1.6709832241272968,0.14285714285714285
888,1,train:8488,0,0,0.375,0.2857142857142857,0.14285714285714285,0.14285714285714285,1.649173268672845,0.7142857142857143
889,1,train:4915,0,1,0.875,0.2857142857142857,0.14285714285714285,0.14285714285714285,-0.5835313617517284,0.42857142857142855
890,1,test:9441,1,1,1.0,1.0,0.5714285714285714,0.5714285714285714,-0.5835313617517284,0.42857142857142855
891,1,train:6476,0,0,1.0,1.0,0.42857142857142855,0.42857142857142855,-0.9018295004026471,0.2857142857142857
892,1,train:8359,0,0,0.625,0.42857142857142855,0.5714285714285714,0.5714285714285714,0.7988390123143475,0.5714285714285714
893,1,train:6438,1,1,1.0,1.0,0.42857142857142855,0.42857142857142855,1.5913723629994088,1.0
894,1,train:1479,0,0,0.875,1.0,1.0,1.0,-0.051495244044149804,0.42857142857142855
895,1,train:3539,1,1,1.0,1.0,0.7142857142857143,0.7142857142857143,1.0476464318116243,0.8571428571428571
896,1,train:9017,1,0,1.0,0.5714285714285714,0.7142857142857143,0.7142857142857143,-0.9018295004026471,0.2857142857142857
897,1,train:4514,0,0,0.125,0.2857142857142857,0.42857142857142855,0.42857142857142855,0.7988390123143475,0.5714285714285714
898,1,train:3733,0,0,0.125,0.2857142857142857,0.42857142857142855,0.42857142857142855,-0.051495244044149804,0.42857142857142855
899,1,train:5364,0,0,0.625,1.0,1.0,1.0,0.7988390123143475,0.5714285714285714
900,1,train:6415,1,1,1.0,0.8571428571428571,0.42857142857142855,0.42857142857142855,-0.5835313617517284,0.42857142857142855
901,1,train:9017,0,0,0.875,1.0,0.8571428571428571,0.8571428571428571,-0.051495244044149804,0.42857142857142855
902,1,train:6372,1,0,1.0,1.0,0.42857142857142855,0.8571428571428571,-0.051495244044149804,0.42857142857142855
903,1,train:5864,0,0,0.875,1.0,1.0,1.0,-0.051495244044149804,0.42857142857142855
904,1,test:6949,1,1,1.0,1.0,1.0,0.5714285714285714,-0.03980543056394414,0.5714285714285714
905,1,train:7170,0,1,1.0,1.0,0.8571428571428571,0.5714285714285714,-0.03980543056394414,0.5714285714285714
906,1,train:1780,1,1,1.0,1.0,0.2857142857142857,0.14285714285714285,-0.5835313617517284,0.42857142857142855
907,1,train:999,1,0,0.125,0.2857142857142857,0.2857142857142857,0.2857142857142857,-1.7521637567611443,0.14285714285714285
908,1,train:5809,0,0,0.75,1.0,1.0,0.42857142857142855,-0.051495244044149804,0.42857142857142855
909,1,train:5430,0,0,1.0,1.0,1.0,0.7142857142857143,0.7988390123143475,0.5714285714285714
910,1,train:308,1,1,1.0,0.2857142857142857,0.14285714285714285,0.14285714285714285,-1.1272572929395126,0.2857142857142857
911,1,train:1492,1,0,0.5,0.42857142857142855,1.0,1.0,-1.7521637567611443,0.14285714285714285
912,1,train:2590,0,0,1.0,1.0,0.8571428571428571,0.8571428571428571,0.7988390123143475,0.5714285714285714
913,1,train:1958,0,0,0.5,0.2857142857142857,0.2857142857142857,0.2857142857142857,-1.7521637567611443,0.14285714285714285
914,1,train:17,0,0,0.25,0.7142857142857143,0.5714285714285714,0.5714285714285714,-0.051495244044149804,0.42857142857142855
915,1,test:5427,0,0,1.0,1.0,0.5714285714285714,0.5714285714285714,-0.9018295004026471,0.2857142857142857
916,1,train:2225,0,1,1.0,1.0,0.42857142857142855,0.2857142857142857,-1.1272572929395126,0.2857142857142857
917,1,train:1780,1,1,1.0,1.0,0.8571428571428571,0.8571428571428571,-0.03980543056394414,0.5714285714285714
918,1,train:6476,0,0,1.0,1.0,1.0,1.0,0.7988390123143475,0.5714285714285714
919,1,train:1660,1,0,0.625,0.42857142857142855,0.14285714285714285,0.14285714285714285,0.7988390123143475,0.5714285714285714
920,1,train:2102,0,0,0.25,0.2857142857142857,0.14285714285714285,0.14285714285714285,-1.7521637567611443,0.14285714285714285
921,1,train:8337,1,1,0.875,1.0,0.14285714285714285,0.14285714285714285,-0.5835313617517284,0.42857142857142855
922,1,train:1660,0,0,1.0,1.0,1.0,1.0,0.7988390123143475,0.5714285714285714
923,1,train:2225,0,0,0.125,0.2857142857142857,0.14285714285714285,0.14285714285714285,-0.9018295004026471,0.2857142857142857
924,1,train:6845,0,0,0.375,0.2857142857142857,0.7142857142857143,0.7142857142857143,-0.9018295004026471,0.2857142857142857
925,1,train:308,1,0,1.0,1.0,0.7142857142857143,0.2857142857142857,-0.9018295004026471,0.2857142857142857
926,1,train:9366,1,0,0.25,0.14285714285714285,0.5714285714285714,0.5714285714285714,0.7988390123143475,0.5714285714285714
927,1,train:8359,1,1,1.0,1.0,0.7142857142857143,0.7142857142857143,0.5039205006238403,0.7142857142857143
928,1,train:7860,0,1,1.0,1.0,0.8571428571428571,0.8571428571428571,-0.03980543056394414,0.5714285714285714
929,1,test:6949,0,1,1.0,1.0,0.5714285714285714,0.5714285714285714,-0.5835313617517284,0.42857142857142855
930,1,train:2494,1,1,1.0,1.0,0.7142857142857143,0.5714285714285714,0.5039205006238403,0.7142857142857143
931,1,train:5833,1,0,0.125,0.2857142857142857,0.14285714285714285,0.14285714285714285,-1.7521637567611443,0.14285714285714285
932,1,train:3637,0,0,1.0,1.0,0.7142857142857143,0.7142857142857143,-0.051495244044149804,0.42857142857142855
933,1,train:7510,1,1,0.5,0.2857142857142857,0.2857142857142857,0.7142857142857143,-1.1272572929395126,0.2857142857142857
934,1,test:5427,0,0,0.125,0.14285714285714285,0.14285714285714285,0.14285714285714285,-1.7521637567611443,0.14285714285714285
935,1,train:2225,1,1,0.875,1.0,0.7142857142857143,0.5714285714285714,-0.5835313617517284,0.42857142857142855
936,1,train:308,1,1,1.0,1.0,0.5714285714285714,0.5714285714285714,1.0476464318116243,0.8571428571428571
937,1,train:1958,1,1,1.0,1.0,1.0,1.0,1.5913723629994088,1.0
938,1,train:1884,1,1,1.0,1.0,0.42857142857142855,0.7142857142857143,-0.03980543056394414,0.5714285714285714
939,1,train:3637,0,0,0.375,0.42857142857142855,0.7142857142857143,0.7142857142857143,-0.051495244044149804,0.42857142857142855
940,1,train:1958,1,1,1.0,1.0,0.7142857142857143,1.0,1.5913723629994088,1.0
941,1,train:328,0,0,0.625,0.42857142857142855,0.8571428571428571,0.8571428571428571,-1.7521637567611443,0.14285714285714285
942,1,train:860,1,1,1.0,1.0,0.42857142857142855,0.5714285714285714,-0.03980543056394414,0.5714285714285714
943,1,train:2753,1,1,0.875,1.0,0.2857142857142857,0.2857142857142857,-0.5835313617517284,0.42857142857142855
944,1,train:9994,1,1,0.875,1.0,0.7142857142857143,0.7142857142857143,-1.1272572929395126,0.2857142857142857
945,1,train:9994,0,0,0.25,0.8571428571428571,0.5714285714285714,0.5714285714285714,0.7988390123143475,0.5714285714285714
946,1,train:7860,0,1,0.875,1.0,0.5714285714285714,0.5714285714285714,-0.5835313617517284,0.42857142857142855
947,1,train:4691,0,0,0.875,1.0,0.2857142857142857,0.2857142857142857,0.7988390123143475,0.5714285714285714
948,1,train:1033,0,1,0.75,0.7142857142857143,0.14285714285714285,0.14285714285714285,1.5913723629994088,1.0
949,1,train:6569,0,0,1.0,1.0,0.42857142857142855,0.5714285714285714,0.7988390123143475,0.5714285714285714
950,1,train:1479,0,1,0.875,0.2857142857142857,0.2857142857142857,0.2857142857142857,-0.03980543056394414,0.5714285714285714
951,1,train:5364,1,1,1.0,1.0,0.2857142857142857,0.2857142857142857,0.5039205006238403,0.7142857142857143
952,1,train:5366,1,1,1.0,1.0,0.7142857142857143,0.7142857142857143,1.5913723629994088,1.0
953,1,train:5809,0,0,1.0,1.0,1.0,1.0,0.7988390123143475,0.5714285714285714
954,1,train:1609,1,1,1.0,1.0,0.7142857142857143,0.7142857142857143,1.5913723629994088,1.0
955,1,train:2102,0,0,0.125,0.7142857142857143,0.14285714285714285,0.14285714285714285,-0.051495244044149804,0.42857142857142855
956,1,train:8487,0,0,1.0,1.0,1.0,1.0,0.7988390123143475,0.5714285714285714
957,1,train:5227,0,0,0.375,0.7142857142857143,0.2857142857142857,0.2857142857142857,-0.051495244044149804,0.42857142857142855
958,1,train:9816,0,0,0.875,1.0,1.0,0.8571428571428571,0.7988390123143475,0.5714285714285714
959,1,train:9483,0,0,0.25,0.2857142857142857,1.0,0.5714285714285714,1.649173268672845,0.7142857142857143
960,1,train:6845,1,1,1.0,1.0,1.0,1.0,-0.5835313617517284,0.42857142857142855
961,1,test:2775,0,0,1.0,1.0,0.7142857142857143,0.7142857142857143,0.7988390123143475,0.5714285714285714
962,1,train:5366,1,1,1.0,1.0,0.7142857142857143,0.8571428571428571,1.0476464318116243,0.8571428571428571
963,1,train:10072,1,1,0.875,0.14285714285714285,0.42857142857142855,0.42857142857142855,-1.6709832241272968,0.14285714285714285
964,1,train:5364,1,1,0.875,0.5714285714285714,0.14285714285714285,0.14285714285714285,-1.6709832241272968,0.14285714285714285
965,1,test:5699,1,1,1.0,1.0,0.5714285714285714,0.5714285714285714,-0.5835313617517284,0.42857142857142855
966,1,train:3562,0,1,1.0,1.0,0.7142857142857143,0.7142857142857143,-0.03980543056394414,0.5714285714285714
967,1,train:2204,0,0,1.0,1.0,0.7142857142857143,0.7142857142857143,0.7988390123143475,0.5714285714285714
968,1,train:6569,1,1,1.0,1.0,0.2857142857142857,0.2857142857142857,-1.1272572929395126,0.2857142857142857
969,1,train:2494,0,0,0.125,0.2857142857142857,0.5714285714285714,0.5714285714285714,-1.7521637567611443,0.14285714285714285
970,1,train:7938,1,1,1.0,1.0,0.5714285714285714,0.5714285714285714,1.0476464318116243,0.8571428571428571
971,1,train:249,0,0,0.625,1.0,1.0,1.0,-0.9018295004026471,0.2857142857142857
972,1,train:532,1,1,1.0,1.0,0.8571428571428571,0.8571428571428571,0.5039205006238403,0.7142857142857143
973,1,train:3089,1,1,0.5,0.2857142857142857,0.14285714285714285,1.0,-0.03980543056394414,0.5714285714285714
974,1,train:7612,1,0,0.375,0.42857142857142855,0.42857142857142855,0.42857142857142855,2.4995075250313423,0.8571428571428571
975,1,train:1033,0,0,0.625,1.0,1.0,1.0,1.649173268672845,0.7142857142857143
976,1,train:9994,0,0,0.625,0.5714285714285714,0.8571428571428571,0.8571428571428571,1.649173268672845,0.7142857142857143
977,1,train:5537,0,0,1.0,1.0,1.0,1.0,-0.051495244044149804,0.42857142857142855
978,1,train:9017,0,0,0.875,1.0,0.5714285714285714,0.5714285714285714,0.7988390123143475,0.5714285714285714
979,1,train:5534,1,1,1.0,1.0,0.5714285714285714,0.8571428571428571,-1.1272572929395126,0.2857142857142857
980,1,train:6374,0,0,0.75,0.5714285714285714,0.5714285714285714,0.5714285714285714,-0.9018295004026471,0.2857142857142857
981,1,train:1660,0,0,1.0,1.0,0.5714285714285714,0.5714285714285714,1.649173268672845,0.7142857142857143
982,1,train:8451,1,0,0.25,0.2857142857142857,0.5714285714285714,0.5714285714285714,-0.051495244044149804,0.42857142857142855
983,1,train:308,1,1,1.0,1.0,0.7142857142857143,0.7142857142857143,1.0476464318116243,0.8571428571428571
984,1,train:708,1,0,0.25,0.2857142857142857,0.14285714285714285,0.14285714285714285,-0.051495244044149804,0.42857142857142855
985,1,train:4334,0,0,0.125,0.14285714285714285,0.14285714285714285,0.14285714285714285,-1.7521637567611443,0.14285714285714285
986,1,train:2706,0,0,1.0,0.8571428571428571,0.2857142857142857,0.2857142857142857,-0.051495244044149804,0.42857142857142855
987,1,train:9816,0,0,1.0,1.0,1.0,1.0,0.7988390123143475,0.5714285714285714
988,1,train:9284,1,1,0.875,1.0,0.2857142857142857,0.2857142857142857,-1.1272572929395126,0.2857142857142857
989,1,train:1884,1,1,1.0,1.0,0.8571428571428571,0.8571428571428571,-1.1272572929395126,0.2857142857142857
990,1,train:9366,1,1,1.0,1.0,0.5714285714285714,1.0,1.5913723629994088,1.0
991,1,train:4305,0,0,1.0,1.0,0.5714285714285714,0.5714285714285714,0.7988390123143475,0.5714285714285714
992,1,train:2970,1,1,1.0,1.0,0.7142857142857143,0.7142857142857143,0.5039205006238403,0.7142857142857143
993,1,train:5222,1,1,1.0,0.2857142857142857,0.5714285714285714,0.5714285714285714,1.5913723629994088,1.0
994,1,train:5222,0,0,0.875,1.0,0.42857142857142855,0.42857142857142855,-0.051495244044149804,0.42857142857142855
995,1,train:4929,0,0,1.0,1.0,0.8571428571428571,0.8571428571428571,-0.9018295004026471,0.2857142857142857
996,1,train:6569,1,1,0.625,1.0,0.5714285714285714,0.7142857142857143,-1.1272572929395126,0.2857142857142857
997,1,train:7612,1,0,0.125,0.2857142857142857,0.2857142857142857,0.2857142857142857,-1.7521637567611443,0.14285714285714285
998,1,train:8451,1,1,1.0,1.0,0.5714285714285714,0.5714285714285714,-0.03980543056394414,0.5714285714285714
999,1,train:4691,0,0,0.25,0.2857142857142857,0.7142857142857143,0.7142857142857143,-1.7521637567611443,0.14285714285714285
1000,1,train:8337,0,0,1.0,1.0,1.0,1.0,-0.051495244044149804,0.42857142857142855
1001,1,train:2970,1,1,1.0,1.0,0.7142857142857143,1.0,1.0476464318116243,0.8571428571428571
1002,1,train:7590,0,0,0.25,0.8571428571428571,0.8571428571428571,0.8571428571428571,-0.051495244044149804,0.42857142857142855
1003,1,train:2225,0,1,0.875,1.0,0.8571428571428571,0.8571428571428571,-0.5835313617517284,0.42857142857142855
1004,1,train:1660,0,0,1.0,1.0,0.5714285714285714,0.5714285714285714,0.7988390123143475,0.5714285714285714
1005,1,train:3706,0,0,0.5,1.0,0.42857142857142855,0.42857142857142855,-0.9018295004026471,0.2857142857142857
1006,1,train:3562,1,1,1.0,1.0,1.0,0.8571428571428571,1.5913723629994088,1.0
1007,1,train:1609,0,0,0.125,0.2857142857142857,0.42857142857142855,0.42857142857142855,-0.9018295004026471,0.2857142857142857
1008,1,train:6569,0,0,1.0,1.0,1.0,0.8571428571428571,0.7988390123143475,0.5714285714285714
1009,1,train:10072,0,0,1.0,1.0,0.5714285714285714,0.5714285714285714,-0.051495244044149804,0.42857142857142855
1010,1,train:4929,0,0,1.0,1.0,0.7142857142857143,0.7142857142857143,0.7988390123143475,0.5714285714285714
1011,1,train:5430,0,0,0.75,1.0,0.5714285714285714,0.5714285714285714,-0.051495244044149804,0.42857142857142855
1012,1,train:6505,1,1,1.0,1.0,0.42857142857142855,0.42857142857142855,1.5913723629994088,1.0
1013,1,train:8451,0,0,0.5,0.5714285714285714,0.2857142857142857,0.2857142857142857,-0.051495244044149804,0.42857142857142855
1014,1,test:9441,1,1,0.875,0.8571428571428571,0.14285714285714285,0.14285714285714285,0.5039205006238403,0.7142857142857143
1015,1,train:5864,0,0,0.375,0.2857142857142857,1.0,1.0,-0.9018295004026471,0.2857142857142857
1016,1,test:9736,0,0,1.0,1.0,0.7142857142857143,0.7142857142857143,-0.051495244044149804,0.42857142857142855
1017,1,train:8269,1,1,1.0,1.0,0.7142857142857143,0.7142857142857143,1.5913723629994088,1.0
1018,1,train:8857,0,0,1.0,1.0,0.7142857142857143,0.7142857142857143,-0.9018295004026471,0.2857142857142857
1019,1,train:4691,0,0,1.0,0.8571428571428571,0.2857142857142857,0.2857142857142857,-0.051495244044149804,0.42857142857142855
1020,1,train:1266,1,1,1.0,1.0,0.8571428571428571,1.0,-0.5835313617517284,0.42857142857142855
1021,1,train:7612,1,1,1.0,1.0,0.5714285714285714,0.5714285714285714,-1.1272572929395126,0.2857142857142857
1022,1,train:868,1,1,1.0,1.0,0.5714285714285714,1.0,1.0476464318116243,0.8571428571428571
1023,1,train:7938,1,1,1.0,1.0,0.8571428571428571,0.42857142857142855,0.5039205006238403,0.7142857142857143
0,0,test:6949,1,1,1.0,1.0,0.42857142857142855,0.42857142857142855,1.0476464318116243,0.8571428571428571
1,0,train:1609,0,0,0.875,1.0,1.0,0.2857142857142857,-0.9018295004026471,0.2857142857142857
2,0,train:4916,0,0,1.0,1.0,0.8571428571428571,0.8571428571428571,1.649173268672845,0.7142857142857143
3,0,train:1884,1,1,1.0,1.0,0.5714285714285714,0.5714285714285714,-1.1272572929395126,0.2857142857142857
4,0,train:6476,0,0,0.25,0.42857142857142855,0.14285714285714285,0.14285714285714285,-0.9018295004026471,0.2857142857142857
5,0,train:418,0,0,0.25,0.5714285714285714,0.5714285714285714,0.5714285714285714,-0.051495244044149804,0.42857142857142855
6,0,train:249,1,0,0.25,0.42857142857142855,0.42857142857142855,0.42857142857142855,0.7988390123143475,0.5714285714285714
7,0,train:5456,1,1,1.0,1.0,0.2857142857142857,0.2857142857142857,-0.03980543056394414,0.5714285714285714
8,0,train:7448,0,0,1.0,1.0,1.0,1.0,0.7988390123143475,0.5714285714285714
9,0,train:5364,1,1,1.0,1.0,0.8571428571428571,0.8571428571428571,-0.03980543056394414,0.5714285714285714
10,0,train:9017,0,0,0.375,0.2857142857142857,0.7142857142857143,0.7142857142857143,-0.9018295004026471,0.2857142857142857
11,0,train:5574,1,1,1.0,1.0,0.2857142857142857,0.2857142857142857,-1.1272572929395126,0.2857142857142857
12,0,train:2809,1,1,1.0,1.0,0.5714285714285714,0.7142857142857143,1.5913723629994088,1.0
13,0,train:1780,1,1,1.0,1.0,0.2857142857142857,0.2857142857142857,-0.5835313617517284,0.42857142857142855
14,0,train:860,1,1,1.0,1.0,0.7142857142857143,0.7142857142857143,-0.5835313617517284,0.42857142857142855
15,0,train:2272,0,0,0.625,1.0,0.8571428571428571,0.8571428571428571,-0.9018295004026471,0.2857142857142857
16,0,train:7877,1,0,0.125,0.2857142857142857,0.2857142857142857,0.2857142857142857,-0.051495244044149804,0.42857142857142855
17,0,train:6638,0,0,1.0,1.0,0.7142857142857143,0.7142857142857143,0.7988390123143475,0.5714285714285714
18,0,train:2814,0,0,0.125,0.7142857142857143,0.7142857142857143,0.7142857142857143,1.649173268672845,0.7142857142857143
19,0,train:7448,0,0,0.5,0.7142857142857143,0.14285714285714285,0.14285714285714285,-0.9018295004026471,0.2857142857142857
20,0,train:5222,0,0,0.25,0.8571428571428571,0.2857142857142857,0.2857142857142857,-0.9018295004026471,0.2857142857142857
21,0,train:5167,1,1,1.0,1.0,0.42857142857142855,0.42857142857142855,0.5039205006238403,0.7142857142857143
22,0,train:5537,0,0,1.0,1.0,0.42857142857142855,0.42857142857142855,-0.051495244044149804,0.42857142857142855
23,0,train:8762,1,1,0.625,1.0,0.7142857142857143,0.7142857142857143,0.5039205006238403,0.7142857142857143
24,0,train:708,0,0,0.625,1.0,0.42857142857142855,0.42857142857142855,-0.051495244044149804,0.42857142857142855
25,0,train:4691,1,0,0.125,0.7142857142857143,1.0,1.0,-0.051495244044149804,0.42857142857142855
26,0,train:2494,1,1,1.0,1.0,0.42857142857142855,0.42857142857142855,-0.03980543056394414,0.5714285714285714
27,0,train:7510,1,1,1.0,1.0,0.5714285714285714,0.5714285714285714,-0.03980543056394414,0.5714285714285714
28,0,train:3461,1,0,0.875,1.0,0.2857142857142857,0.2857142857142857,-0.9018295004026471,0.2857142857142857
29,0,train:5574,0,0,0.625,1.0,0.5714285714285714,0.2857142857142857,0.7988390123143475,0.5714285714285714
30,0,train:8780,1,0,0.375,0.2857142857142857,0.14285714285714285,0.14285714285714285,-1.7521637567611443,0.14285714285714285
31,0,train:9017,0,0,1.0,1.0,0.5714285714285714,0.5714285714285714,-0.051495244044149804,0.42857142857142855
32,0,train:8269,0,1,1.0,1.0,0.14285714285714285,0.14285714285714285,-1.6709832241272968,0.14285714285714285
33,0,train:1266,0,0,1.0,1.0,1.0,1.0,0.7988390123143475,0.5714285714285714
34,0,train:8337,1,1,0.875,0.42857142857142855,0.2857142857142857,0.2857142857142857,-1.1272572929395126,0.2857142857142857
35,0,train:1999,1,1,0.375,0.2857142857142857,0.5714285714285714,0.5714285714285714,-1.6709832241272968,0.14285714285714285
36,0,train:1479,0,0,0.875,1.0,0.14285714285714285,0.14285714285714285,-0.051495244044149804,0.42857142857142855
37,0,train:2970,1,1,1.0,1.0,0.7142857142857143,0.7142857142857143,1.0476464318116243,0.8571428571428571
38,0,train:2590,0,0,0.125,0.2857142857142857,0.14285714285714285,0.14285714285714285,-1.7521637567611443,0.14285714285714285
39,0,train:6438,0,0,0.375,0.42857142857142855,0.14285714285714285,0.14285714285714285,0.7988390123143475,0.5714285714285714
40,0,train:9017,0,0,1.0,1.0,0.5714285714285714,0.5714285714285714,0.7988390123143475,0.5714285714285714
41,0,train:8762,1,0,0.75,1.0,0.42857142857142855,0.42857142857142855,-0.9018295004026471,0.2857142857142857
42,0,train:1615,1,1,1.0,1.0,0.7142857142857143,0.5714285714285714,-0.03980543056394414,0.5714285714285714
43,0,train:5644,1,1,1.0,1.0,0.5714285714285714,0.5714285714285714,-0.5835313617517284,0.42857142857142855
44,0,train:5833,0,0,1.0,1.0,1.0,1.0,0.7988390123143475,0.5714285714285714
45,0,train:7612,1,1,1.0,1.0,0.5714285714285714,0.5714285714285714,-0.03980543056394414,0.5714285714285714
46,0,train:3570,1,1,1.0,1.0,0.14285714285714285,0.14285714285714285,-1.1272572929395126,0.2857142857142857
47,0,train:1033,0,0,1.0,1.0,0.7142857142857143,0.7142857142857143,0.7988390123143475,0.5714285714285714
48,0,train:4929,1,1,1.0,1.0,0.5714285714285714,0.5714285714285714,-0.03980543056394414,0.5714285714285714
49,0,train:1033,0,0,1.0,1.0,0.5714285714285714,0.5714285714285714,-0.051495244044149804,0.42857142857142855
50,0,train:4334,0,0,0.75,1.0,0.5714285714285714,0.5714285714285714,-0.051495244044149804,0.42857142857142855
51,0,train:6421,0,0,1.0,1.0,1.0,0.42857142857142855,0.7988390123143475,0.5714285714285714
52,0,train:8105,0,0,0.125,0.42857142857142855,0.8571428571428571,0.8571428571428571,-0.9018295004026471,0.2857142857142857
53,0,train:9366,1,0,0.25,0.14285714285714285,0.14285714285714285,0.14285714285714285,-0.9018295004026471,0.2857142857142857
54,0,train:1615,1,1,1.0,1.0,0.5714285714285714,0.5714285714285714,1.5913723629994088,1.0
55,0,train:5644,1,1,1.0,1.0,0.5714285714285714,0.5714285714285714,-0.03980543056394414,0.5714285714285714
56,0,train:6505,1,1,1.0,0.8571428571428571,0.2857142857142857,0.2857142857142857,-1.1272572929395126,0.2857142857142857
57,0,train:418,0,0,0.375,1.0,0.8571428571428571,0.8571428571428571,1.649173268672845,0.7142857142857143
58,0,train:8488,1,1,1.0,1.0,0.7142857142857143,0.7142857142857143,0.5039205006238403,0.7142857142857143
59,0,train:5227,1,0,0.125,0.2857142857142857,0.7142857142857143,0.7142857142857143,-0.9018295004026471,0.2857142857142857
60,0,train:3570,0,0,0.5,1.0,0.8571428571428571,0.8571428571428571,0.7988390123143475,0.5714285714285714
61,0,train:6415,0,0,0.375,0.5714285714285714,1.0,1.0,-0.9018295004026471,0.2857142857142857
62,0,train:8756,1,1,1.0,1.0,0.7142857142857143,1.0,0.5039205006238403,0.7142857142857143
63,0,train:868,1,1,1.0,1.0,1.0,1.0,1.0476464318116243,0.8571428571428571
64,0,train:8996,1,0,1.0,1.0,1.0,1.0,-0.051495244044149804,0.42857142857142855
65,0,train:3539,0,1,1.0,1.0,0.42857142857142855,0.42857142857142855,1.0476464318116243,0.8571428571428571
66,0,train:8756,0,1,1.0,1.0,0.7142857142857143,0.8571428571428571,0.5039205006238403,0.7142857142857143
67,0,train:7451,1,1,1.0,1.0,1.0,0.7142857142857143,0.5039205006238403,0.7142857142857143
68,0,train:8057,0,0,0.875,1.0,1.0,1.0,0.7988390123143475,0.5714285714285714
69,0,train:7448,0,0,0.875,1.0,0.8571428571428571,0.8571428571428571,0.7988390123143475,0.5714285714285714
70,0,train:5537,0,0,0.375,0.2857142857142857,0.7142857142857143,0.7142857142857143,1.649173268672845,0.7142857142857143
71,0,train:5193,1,1,0.875,0.7142857142857143,1.0,1.0,0.5039205006238403,0.7142857142857143
72,0,train:7448,0,0,1.0,1.0,1.0,0.7142857142857143,0.7988390123143475,0.5714285714285714
73,0,train:8488,1,1,1.0,1.0,0.42857142857142855,0.42857142857142855,0.5039205006238403,0.7142857142857143
74,0,train:529,1,1,1.0,1.0,0.42857142857142855,0.42857142857142855,-1.6709832241272968,0.14285714285714285
75,0,train:709,1,1,1.0,1.0,0.5714285714285714,0.5714285714285714,-1.1272572929395126,0.2857142857142857
76,0,train:8762,0,0,0.75,0.2857142857142857,0.14285714285714285,0.14285714285714285,-0.051495244044149804,0.42857142857142855
77,0,train:709,0,0,0.875,1.0,0.7142857142857143,0.7142857142857143,0.7988390123143475,0.5714285714285714
78,0,train:8488,0,0,1.0,1.0,0.42857142857142855,0.42857142857142855,-0.051495244044149804,0.42857142857142855
79,0,train:5816,1,0,0.875,0.42857142857142855,0.2857142857142857,0.2857142857142857,-0.051495244044149804,0.42857142857142855
80,0,train:1999,0,0,1.0,1.0,0.5714285714285714,0.5714285714285714,0.7988390123143475,0.5714285714285714
81,0,train:6212,0,0,0.25,0.42857142857142855,0.2857142857142857,0.2857142857142857,-0.9018295004026471,0.2857142857142857
82,0,train:5222,1,1,0.875,0.8571428571428571,0.42857142857142855,0.7142857142857143,-0.5835313617517284,0.42857142857142855
83,0,train:868,1,1,1.0,1.0,0.42857142857142855,1.0,-0.03980543056394414,0.5714285714285714
84,0,train:2706,1,1,1.0,1.0,0.5714285714285714,0.5714285714285714,0.5039205006238403,0.7142857142857143
85,0,train:2809,1,1,1.0,1.0,0.7142857142857143,0.8571428571428571,0.5039205006238403,0.7142857142857143
86,0,train:9483,1,1,1.0,1.0,0.8571428571428571,0.8571428571428571,-0.03980543056394414,0.5714285714285714
87,0,train:8669,0,0,1.0,1.0,0.8571428571428571,0.8571428571428571,-0.9018295004026471,0.2857142857142857
88,0,train:10072,0,0,0.875,1.0,0.5714285714285714,0.5714285714285714,1.649173268672845,0.7142857142857143
89,0,train:4944,0,0,0.875,1.0,1.0,1.0,0.7988390123143475,0.5714285714285714
90,0,train:6505,1,1,1.0,1.0,0.14285714285714285,0.14285714285714285,-1.6709832241272968,0.14285714285714285
91,0,train:328,0,0,0.375,0.8571428571428571,0.14285714285714285,0.14285714285714285,-1.7521637567611443,0.14285714285714285
92,0,train:2225,0,1,0.875,0.8571428571428571,0.42857142857142855,0.42857142857142855,-0.03980543056394414,0.5714285714285714
93,0,train:308,1,0,0.75,1.0,0.42857142857142855,1.0,-0.9018295004026471,0.2857142857142857
94,0,train:8857,0,0,0.625,0.8571428571428571,0.8571428571428571,0.8571428571428571,0.7988390123143475,0.5714285714285714
95,0,train:7448,0,0,1.0,1.0,0.8571428571428571,0.8571428571428571,-0.9018295004026471,0.2857142857142857
96,0,train:8762,1,0,0.625,0.5714285714285714,0.2857142857142857,0.14285714285714285,-1.7521637567611443,0.14285714285714285
97,0,train:262,1,1,1.0,1.0,0.5714285714285714,0.5714285714285714,-0.5835313617517284,0.42857142857142855
98,0,train:9017,0,0,1.0,1.0,0.42857142857142855,0.42857142857142855,-0.9018295004026471,0.2857142857142857
99,0,train:1615,1,1,1.0,1.0,0.5714285714285714,0.42857142857142855,0.5039205006238403,0.7142857142857143
100,0,train:9017,0,0,0.875,0.2857142857142857,0.7142857142857143,0.7142857142857143,-0.051495244044149804,0.42857142857142855
101,0,train:9037,0,0,0.125,0.5714285714285714,1.0,1.0,-0.051495244044149804,0.42857142857142855
102,0,train:7877,0,0,0.25,0.2857142857142857,1.0,0.5714285714285714,-1.7521637567611443,0.14285714285714285
103,0,train:5727,0,0,1.0,1.0,0.5714285714285714,0.5714285714285714,-0.051495244044149804,0.42857142857142855
104,0,train:529,1,1,1.0,1.0,0.8571428571428571,0.8571428571428571,0.5039205006238403,0.7142857142857143
105,0,train:2272,0,0,0.125,0.2857142857142857,0.14285714285714285,0.14285714285714285,-0.9018295004026471,0.2857142857142857
106,0,train:5456,1,0,0.875,1.0,0.42857142857142855,1.0,0.7988390123143475,0.5714285714285714
107,0,train:5035,0,1,1.0,1.0,0.42857142857142855,0.5714285714285714,1.0476464318116243,0.8571428571428571
108,0,train:4916,0,0,1.0,1.0,0.8571428571428571,0.8571428571428571,-0.051495244044149804,0.42857142857142855
109,0,train:7510,1,1,1.0,1.0,0.42857142857142855,0.42857142857142855,-0.03980543056394414,0.5714285714285714
110,0,train:3939,0,1,0.875,0.2857142857142857,0.14285714285714285,0.14285714285714285,-1.1272572929395126,0.2857142857142857
111,0,train:1609,0,0,0.75,1.0,0.8571428571428571,1.0,-1.7521637567611443,0.14285714285714285
112,0,test:2775,1,1,1.0,1.0,0.42857142857142855,0.42857142857142855,-0.03980543056394414,0.5714285714285714
113,0,train:9816,0,0,1.0,1.0,1.0,1.0,0.7988390123143475,0.5714285714285714
114,0,train:5227,0,1,1.0,1.0,0.8571428571428571,0.8571428571428571,-0.03980543056394414,0.5714285714285714
115,0,train:3562,1,1,1.0,1.0,0.7142857142857143,0.7142857142857143,-0.03980543056394414,0.5714285714285714
116,0,train:2814,0,1,0.875,0.42857142857142855,0.2857142857142857,0.14285714285714285,-0.5835313617517284,0.42857142857142855
117,0,train:2437,1,1,1.0,1.0,0.5714285714285714,0.2857142857142857,-0.5835313617517284,0.42857142857142855
118,0,train:1780,1,0,0.75,0.5714285714285714,1.0,1.0,-0.051495244044149804,0.42857142857142855
119,0,train:8030,1,0,1.0,0.7142857142857143,1.0,1.0,-0.9018295004026471,0.2857142857142857
120,0,train:8359,1,1,1.0,1.0,0.2857142857142857,0.2857142857142857,-0.03980543056394414,0.5714285714285714
121,0,train:1780,1,1,1.0,1.0,0.7142857142857143,1.0,-0.03980543056394414,0.5714285714285714
122,0,train:359,1,1,1.0,1.0,0.5714285714285714,0.7142857142857143,1.0476464318116243,0.8571428571428571
123,0,train:2102,0,1,1.0,1.0,1.0,1.0,0.5039205006238403,0.7142857142857143
124,0,train:2272,0,1,1.0,1.0,1.0,0.8571428571428571,0.5039205006238403,0.7142857142857143
125,0,train:7590,1,1,1.0,1.0,0.7142857142857143,1.0,0.5039205006238403,0.7142857142857143
126,0,train:418,0,0,0.375,0.8571428571428571,0.7142857142857143,0.7142857142857143,-0.9018295004026471,0.2857142857142857
127,0,train:1033,1,0,1.0,1.0,0.8571428571428571,0.8571428571428571,0.7988390123143475,0.5714285714285714
128,0,train:6415,0,0,0.375,1.0,0.8571428571428571,0.8571428571428571,-0.051495244044149804,0.42857142857142855
129,0,train:868,0,0,0.125,0.42857142857142855,1.0,0.5714285714285714,0.7988390123143475,0.5714285714285714
130,0,train:8451,0,1,0.625,0.5714285714285714,0.5714285714285714,0.5714285714285714,-1.1272572929395126,0.2857142857142857
131,0,train:999,1,0,1.0,0.2857142857142857,1.0,0.7142857142857143,-0.051495244044149804,0.42857142857142855
132,0,train:2970,1,0,0.25,0.42857142857142855,0.7142857142857143,0.7142857142857143,-0.9018295004026471,0.2857142857142857
133,0,train:2809,1,1,1.0,1.0,0.7142857142857143,0.7142857142857143,1.0476464318116243,0.8571428571428571
134,0,test:5610,1,1,1.0,1.0,1.0,1.0,0.5039205006238403,0.7142857142857143
135,0,train:5809,0,0,1.0,1.0,0.42857142857142855,0.42857142857142855,-0.051495244044149804,0.42857142857142855
136,0,train:2494,1,1,0.75,1.0,0.42857142857142855,0.42857142857142855,-0.5835313617517284,0.42857142857142855
137,0,train:8762,1,1,1.0,1.0,0.2857142857142857,1.0,-1.1272572929395126,0.2857142857142857
138,0,train:3733,0,0,0.625,0.8571428571428571,0.8571428571428571,0.8571428571428571,-0.9018295004026471,0.2857142857142857
139,0,train:3461,1,1,1.0,1.0,0.5714285714285714,0.8571428571428571,0.5039205006238403,0.7142857142857143
140,0,train:9366,1,0,0.125,0.2857142857142857,0.42857142857142855,0.42857142857142855,-1.7521637567611443,0.14285714285714285
141,0,train:2437,1,1,1.0,0.8571428571428571,0.14285714285714285,0.14285714285714285,-0.5835313617517284,0.42857142857142855
142,0,train:5534,1,1,1.0,1.0,0.42857142857142855,0.42857142857142855,-1.1272572929395126,0.2857142857142857
143,0,train:7448,0,0,0.375,0.2857142857142857,0.14285714285714285,0.14285714285714285,-1.7521637567611443,0.14285714285714285
144,0,train:359,1,1,1.0,1.0,0.8571428571428571,0.8571428571428571,-0.03980543056394414,0.5714285714285714
145,0,test:6949,1,1,1.0,1.0,0.42857142857142855,0.42857142857142855,1.5913723629994088,1.0
146,0,train:4514,0,1,1.0,1.0,0.5714285714285714,0.42857142857142855,-1.1272572929395126,0.2857142857142857
147,0,train:5537,0,1,1.0,0.5714285714285714,0.7142857142857143,0.2857142857142857,-1.1272572929395126,0.2857142857142857
148,0,train:262,0,0,1.0,1.0,0.5714285714285714,0.5714285714285714,0.7988390123143475,0.5714285714285714
149,0,train:8669,0,0,1.0,1.0,0.8571428571428571,0.8571428571428571,0.7988390123143475,0.5714285714285714
150,0,train:5300,1,1,1.0,1.0,0.2857142857142857,0.2857142857142857,-0.5835313617517284,0.42857142857142855
151,0,train:909,1,1,1.0,1.0,0.42857142857142855,0.42857142857142855,-0.03980543056394414,0.5714285714285714
152,0,train:9816,0,0,1.0,1.0,0.42857142857142855,0.42857142857142855,0.7988390123143475,0.5714285714285714
153,0,test:9736,0,0,1.0,0.5714285714285714,0.8571428571428571,0.8571428571428571,-0.9018295004026471,0.2857142857142857
154,0,train:7612,1,1,1.0,0.5714285714285714,0.5714285714285714,0.7142857142857143,-0.03980543056394414,0.5714285714285714
155,0,train:5456,1,1,1.0,1.0,1.0,1.0,-0.5835313617517284,0.42857142857142855
156,0,train:418,0,0,1.0,1.0,1.0,0.7142857142857143,0.7988390123143475,0.5714285714285714
157,0,train:9816,0,0,0.625,0.42857142857142855,0.5714285714285714,1.0,-0.9018295004026471,0.2857142857142857
158,0,train:4915,1,0,0.375,1.0,0.2857142857142857,0.2857142857142857,0.7988390123143475,0.5714285714285714
159,0,train:1660,1,1,1.0,1.0,0.7142857142857143,0.7142857142857143,-1.1272572929395126,0.2857142857142857
160,0,train:359,0,0,0.75,0.2857142857142857,0.42857142857142855,0.42857142857142855,-1.7521637567611443,0.14285714285714285
161,0,train:1788,0,0,1.0,0.2857142857142857,0.5714285714285714,0.42857142857142855,-0.051495244044149804,0.42857142857142855
162,0,train:8718,1,1,1.0,1.0,0.7142857142857143,0.7142857142857143,-1.6709832241272968,0.14285714285714285
163,0,train:1866,1,1,0.875,1.0,0.5714285714285714,0.5714285714285714,-1.1272572929395126,0.2857142857142857
164,0,train:1727,1,0,0.25,0.14285714285714285,0.42857142857142855,0.42857142857142855,-1.7521637567611443,0.14285714285714285
165,0,train:4305,1,0,0.125,0.42857142857142855,0.14285714285714285,0.14285714285714285,-0.9018295004026471,0.2857142857142857
166,0,train:5877,1,0,1.0,0.7142857142857143,1.0,0.7142857142857143,-0.051495244044149804,0.42857142857142855
167,0,test:5427,0,1,0.625,1.0,0.5714285714285714,0.5714285714285714,-1.1272572929395126,0.2857142857142857
168,0,train:359,0,0,0.75,0.7142857142857143,0.42857142857142855,0.42857142857142855,-0.9018295004026471,0.2857142857142857
169,0,train:10072,1,1,0.625,1.0,0.42857142857142855,0.42857142857142855,-0.5835313617517284,0.42857142857142855
170,0,train:2809,1,1,1.0,0.5714285714285714,0.5714285714285714,1.0,-0.5835313617517284,0.42857142857142855
171,0,train:6374,0,1,0.875,1.0,0.2857142857142857,0.2857142857142857,-1.6709832241272968,0.14285714285714285
172,0,train:1615,1,1,1.0,1.0,0.8571428571428571,0.8571428571428571,1.5913723629994088,1.0
173,0,test:5069,1,1,0.75,0.5714285714285714,0.7142857142857143,0.7142857142857143,-0.03980543056394414,0.5714285714285714
174,0,train:9037,1,1,1.0,1.0,0.2857142857142857,0.2857142857142857,-0.03980543056394414,0.5714285714285714
175,0,train:8462,0,0,0.25,0.2857142857142857,0.8571428571428571,0.8571428571428571,0.7988390123143475,0.5714285714285714
176,0,train:4944,0,1,0.5,0.42857142857142855,0.5714285714285714,0.8571428571428571,1.5913723629994088,1.0
177,0,train:2590,0,0,0.125,0.2857142857142857,1.0,0.14285714285714285,-1.7521637567611443,0.14285714285714285
178,0,train:1958,1,1,0.75,1.0,0.8571428571428571,0.8571428571428571,1.5913723629994088,1.0
179,0,train:328,1,1,1.0,1.0,0.7142857142857143,0.42857142857142855,-0.03980543056394414,0.5714285714285714
180,0,train:9397,1,1,1.0,1.0,0.14285714285714285,0.5714285714285714,-1.1272572929395126,0.2857142857142857
181,0,train:5765,0,0,0.125,0.2857142857142857,0.2857142857142857,0.2857142857142857,-1.7521637567611443,0.14285714285714285
182,0,train:1884,1,1,1.0,0.5714285714285714,0.2857142857142857,0.5714285714285714,-1.6709832241272968,0.14285714285714285
183,0,test:9736,0,0,0.625,0.2857142857142857,0.7142857142857143,0.7142857142857143,-0.051495244044149804,0.42857142857142855
184,0,train:9366,1,1,1.0,0.2857142857142857,0.2857142857142857,0.2857142857142857,-1.6709832241272968,0.14285714285714285
185,0,train:5765,0,0,0.5,0.7142857142857143,1.0,0.42857142857142855,-0.051495244044149804,0.42857142857142855
186,0,train:8576,1,1,1.0,1.0,1.0,1.0,1.0476464318116243,0.8571428571428571
187,0,train:9017,0,0,1.0,1.0,0.2857142857142857,0.2857142857142857,-0.9018295004026471,0.2857142857142857
188,0,train:4944,0,0,1.0,1.0,0.8571428571428571,0.8571428571428571,1.649173268672845,0.7142857142857143
189,0,train:9188,0,0,0.375,1.0,1.0,1.0,-0.9018295004026471,0.2857142857142857
190,0,test:6949,1,1,1.0,1.0,0.42857142857142855,0.42857142857142855,-0.5835313617517284,0.42857142857142855
191,0,train:2809,1,1,1.0,1.0,0.7142857142857143,0.7142857142857143,-1.1272572929395126,0.2857142857142857
192,0,train:10072,1,0,0.5,0.8571428571428571,1.0,1.0,-0.051495244044149804,0.42857142857142855
193,0,train:1033,0,0,1.0,1.0,1.0,1.0,1.649173268672845,0.7142857142857143
194,0,train:5193,1,1,1.0,1.0,0.5714285714285714,0.5714285714285714,-1.1272572929395126,0.2857142857142857
195,0,train:418,1,1,1.0,1.0,0.42857142857142855,0.42857142857142855,-0.5835313617517284,0.42857142857142855
196,0,train:7590,0,0,0.5,0.8571428571428571,1.0,1.0,-0.051495244044149804,0.42857142857142855
197,0,train:1866,1,1,1.0,0.42857142857142855,0.14285714285714285,0.42857142857142855,1.0476464318116243,0.8571428571428571
198,0,test:2463,1,1,1.0,1.0,1.0,1.0,-1.1272572929395126,0.2857142857142857
199,0,train:1266,0,0,0.75,1.0,0.14285714285714285,0.14285714285714285,-0.9018295004026471,0.2857142857142857
200,0,train:5193,1,1,1.0,1.0,0.42857142857142855,0.8571428571428571,1.5913723629994088,1.0
201,0,test:6949,1,1,1.0,1.0,0.7142857142857143,0.7142857142857143,-0.03980543056394414,0.5714285714285714
202,0,train:2102,0,0,1.0,1.0,0.42857142857142855,0.42857142857142855,-0.051495244044149804,0.42857142857142855
203,0,train:1266,1,0,0.375,0.5714285714285714,1.0,1.0,0.7988390123143475,0.5714285714285714
204,0,train:6372,1,0,1.0,1.0,0.7142857142857143,0.7142857142857143,-0.051495244044149804,0.42857142857142855
205,0,train:5833,0,1,1.0,1.0,0.42857142857142855,0.42857142857142855,-0.03980543056394414,0.5714285714285714
206,0,train:4514,0,0,0.5,0.2857142857142857,0.42857142857142855,0.42857142857142855,0.7988390123143475,0.5714285714285714
207,0,train:6638,1,1,1.0,1.0,0.2857142857142857,0.2857142857142857,-0.03980543056394414,0.5714285714285714
208,0,test:5069,1,1,1.0,1.0,1.0,1.0,1.5913723629994088,1.0
209,0,train:708,1,1,0.875,1.0,0.2857142857142857,0.2857142857142857,-1.6709832241272968,0.14285714285714285
210,0,train:5167,0,0,0.375,0.42857142857142855,0.8571428571428571,0.8571428571428571,0.7988390123143475,0.5714285714285714
211,0,train:17,0,0,0.875,0.42857142857142855,0.5714285714285714,0.5714285714285714,1.649173268672845,0.7142857142857143
212,0,train:3733,1,1,0.75,1.0,0.5714285714285714,0.14285714285714285,-1.6709832241272968,0.14285714285714285
213,0,train:2437,1,1,1.0,1.0,0.8571428571428571,0.8571428571428571,0.5039205006238403,0.7142857142857143
214,0,train:1609,1,1,1.0,1.0,1.0,1.0,0.5039205006238403,0.7142857142857143
215,0,train:3216,0,0,1.0,1.0,0.5714285714285714,0.5714285714285714,0.7988390123143475,0.5714285714285714
216,0,train:5193,1,0,0.375,0.8571428571428571,0.2857142857142857,0.2857142857142857,-0.9018295004026471,0.2857142857142857
217,0,train:7480,0,0,0.125,0.2857142857142857,0.14285714285714285,0.14285714285714285,-0.9018295004026471,0.2857142857142857
218,0,train:2706,1,0,0.75,1.0,0.5714285714285714,0.42857142857142855,1.649173268672845,0.7142857142857143
219,0,train:4916,1,0,1.0,1.0,0.7142857142857143,0.7142857142857143,1.649173268672845,0.7142857142857143
220,0,train:1884,1,1,0.875,1.0,0.7142857142857143,0.7142857142857143,0.5039205006238403,0.7142857142857143
221,0,train:2753,1,1,0.75,0.14285714285714285,0.14285714285714285,0.2857142857142857,-1.6709832241272968,0.14285714285714285
222,0,train:5222,1,0,0.25,0.42857142857142855,0.42857142857142855,0.42857142857142855,-1.7521637567611443,0.14285714285714285
223,0,test:5610,0,0,0.875,1.0,0.7142857142857143,0.7142857142857143,-0.051495244044149804,0.42857142857142855
224,0,train:4334,0,0,0.375,0.42857142857142855,0.5714285714285714,0.5714285714285714,-1.7521637567611443,0.14285714285714285
225,0,train:708,1,1,1.0,1.0,0.8571428571428571,0.8571428571428571,-0.5835313617517284,0.42857142857142855
226,0,train:7170,1,1,1.0,1.0,0.5714285714285714,1.0,-0.03980543056394414,0.5714285714285714
227,0,train:5343,0,0,0.125,0.2857142857142857,0.14285714285714285,0.14285714285714285,-1.7521637567611443,0.14285714285714285
228,0,test:9736,0,0,0.625,0.5714285714285714,0.5714285714285714,0.5714285714285714,-1.7521637567611443,0.14285714285714285
229,0,train:7170,1,0,0.5,0.8571428571428571,0.5714285714285714,0.5714285714285714,-1.7521637567611443,0.14285714285714285
230,0,train:3216,1,1,1.0,1.0,0.7142857142857143,1.0,1.0476464318116243,0.8571428571428571
231,0,train:10072,1,0,0.5,0.7142857142857143,0.5714285714285714,0.5714285714285714,-0.9018295004026471,0.2857142857142857
232,0,train:2225,1,0,0.375,0.2857142857142857,0.42857142857142855,0.42857142857142855,-0.9018295004026471,0.2857142857142857
233,0,train:8337,0,1,0.75,0.42857142857142855,0.42857142857142855,0.42857142857142855,-0.03980543056394414,0.5714285714285714
234,0,train:9366,1,1,1.0,1.0,0.7142857142857143,0.7142857142857143,-0.03980543056394414,0.5714285714285714
235,0,train:4915,1,1,1.0,1.0,0.5714285714285714,1.0,-0.03980543056394414,0.5714285714285714
236,0,train:6415,0,0,0.5,0.8571428571428571,0.2857142857142857,0.2857142857142857,-0.9018295004026471,0.2857142857142857
237,0,train:17,0,0,1.0,1.0,1.0,1.0,0.7988390123143475,0.5714285714285714
238,0,train:6845,1,1,1.0,1.0,1.0,0.8571428571428571,-0.03980543056394414,0.5714285714285714
239,0,train:6415,0,0,0.75,0.7142857142857143,0.8571428571428571,0.8571428571428571,-0.9018295004026471,0.2857142857142857
240,0,train:5864,0,0,0.625,0.2857142857142857,0.2857142857142857,0.2857142857142857,-1.7521637567611443,0.14285714285714285
241,0,train:1033,0,1,1.0,1.0,0.5714285714285714,0.2857142857142857,-0.5835313617517284,0.42857142857142855
242,0,train:1866,1,1,1.0,1.0,1.0,0.8571428571428571,0.5039205006238403,0.7142857142857143
243,0,train:6372,0,0,1.0,1.0,1.0,1.0,0.7988390123143475,0.5714285714285714
244,0,train:6438,1,1,1.0,1.0,0.5714285714285714,0.5714285714285714,-0.5835313617517284,0.42857142857142855
245,0,train:5815,0,0,1.0,1.0,1.0,0.7142857142857143,-0.051495244044149804,0.42857142857142855
246,0,train:5222,1,0,0.375,0.42857142857142855,0.7142857142857143,0.7142857142857143,-0.9018295004026471,0.2857142857142857
247,0,train:3461,1,1,0.875,1.0,0.5714285714285714,0.5714285714285714,-1.1272572929395126,0.2857142857142857
248,0,train:9483,0,0,0.625,1.0,0.14285714285714285,0.14285714285714285,-0.051495244044149804,0.42857142857142855
249,0,train:418,0,0,0.375,0.8571428571428571,0.2857142857142857,0.2857142857142857,-0.9018295004026471,0.2857142857142857
250,0,train:532,0,1,1.0,1.0,0.8571428571428571,0.8571428571428571,-0.5835313617517284,0.42857142857142855
251,0,train:5809,0,0,1.0,1.0,1.0,1.0,1.649173268672845,0.7142857142857143
252,0,train:328,1,1,1.0,1.0,1.0,0.8571428571428571,1.0476464318116243,0.8571428571428571
253,0,train:2204,1,1,1.0,1.0,0.7142857142857143,0.5714285714285714,0.5039205006238403,0.7142857142857143
254,0,train:9017,0,0,1.0,1.0,1.0,1.0,1.649173268672845,0.7142857142857143
255,0,train:8359,0,0,1.0,1.0,0.8571428571428571,1.0,-0.051495244044149804,0.42857142857142855
256,0,train:1866,1,1,1.0,1.0,0.8571428571428571,0.8571428571428571,-1.6709832241272968,0.14285714285714285
257,0,train:1866,0,0,0.5,0.5714285714285714,0.2857142857142857,0.2857142857142857,-1.7521637567611443,0.14285714285714285
258,0,train:5496,1,1,0.375,0.8571428571428571,0.14285714285714285,0.8571428571428571,-1.6709832241272968,0.14285714285714285
259,0,train:262,0,1,0.875,1.0,0.8571428571428571,0.8571428571428571,-0.5835313617517284,0.42857142857142855
260,0,train:6421,0,0,0.875,1.0,0.8571428571428571,0.8571428571428571,0.7988390123143475,0.5714285714285714
261,0,train:5534,1,1,1.0,1.0,0.7142857142857143,0.7142857142857143,0.5039205006238403,0.7142857142857143
262,0,train:2225,0,0,1.0,1.0,0.5714285714285714,0.5714285714285714,-0.051495244044149804,0.42857142857142855
263,0,train:5534,0,1,1.0,1.0,0.5714285714285714,0.5714285714285714,0.5039205006238403,0.7142857142857143
264,0,train:5035,1,1,1.0,1.0,0.8571428571428571,0.8571428571428571,1.5913723629994088,1.0
265,0,train:6505,0,1,1.0,0.42857142857142855,0.14285714285714285,0.14285714285714285,-0.03980543056394414,0.5714285714285714
266,0,train:2970,1,1,1.0,1.0,0.42857142857142855,0.42857142857142855,0.5039205006238403,0.7142857142857143
267,0,train:860,1,1,1.0,1.0,0.5714285714285714,0.5714285714285714,1.5913723629994088,1.0
268,0,train:2225,1,1,1.0,1.0,0.8571428571428571,0.8571428571428571,1.0476464318116243,0.8571428571428571
269,0,train:6569,1,0,0.125,0.5714285714285714,0.14285714285714285,0.14285714285714285,0.7988390123143475,0.5714285714285714
270,0,train:7170,1,1,1.0,1.0,0.7142857142857143,0.7142857142857143,0.5039205006238403,0.7142857142857143
271,0,train:7860,1,1,1.0,1.0,0.5714285714285714,0.5714285714285714,0.5039205006238403,0.7142857142857143
272,0,test:8237,1,1,1.0,1.0,1.0,1.0,1.5913723629994088,1.0
273,0,train:5035,1,1,1.0,1.0,0.8571428571428571,0.8571428571428571,0.5039205006238403,0.7142857142857143
274,0,train:5364,1,1,1.0,1.0,0.42857142857142855,0.42857142857142855,-1.1272572929395126,0.2857142857142857
275,0,train:3461,1,1,1.0,1.0,0.42857142857142855,0.42857142857142855,-0.5835313617517284,0.42857142857142855
276,0,train:7170,0,0,1.0,1.0,0.8571428571428571,0.8571428571428571,1.649173268672845,0.7142857142857143
277,0,train:8116,1,1,1.0,0.7142857142857143,0.14285714285714285,0.14285714285714285,-1.6709832241272968,0.14285714285714285
278,0,train:308,1,1,1.0,1.0,0.8571428571428571,0.8571428571428571,1.0476464318116243,0.8571428571428571
279,0,train:6673,1,0,0.5,0.8571428571428571,0.5714285714285714,0.5714285714285714,0.7988390123143475,0.5714285714285714
280,0,train:8576,1,1,0.75,0.5714285714285714,0.5714285714285714,0.5714285714285714,-1.6709832241272968,0.14285714285714285
281,0,train:5364,1,1,0.875,1.0,1.0,1.0,-0.03980543056394414,0.5714285714285714
282,0,train:1866,1,0,1.0,1.0,0.5714285714285714,0.2857142857142857,-0.9018295004026471,0.2857142857142857
283,0,train:17,0,0,0.375,0.7142857142857143,0.7142857142857143,0.8571428571428571,1.649173268672845,0.7142857142857143
284,0,train:2814,0,0,0.625,0.8571428571428571,0.14285714285714285,0.14285714285714285,-0.051495244044149804,0.42857142857142855
285,0,train:3570,1,1,0.875,0.8571428571428571,0.14285714285714285,0.8571428571428571,1.5913723629994088,1.0
286,0,train:6845,1,1,1.0,1.0,0.5714285714285714,0.5714285714285714,0.5039205006238403,0.7142857142857143
287,0,train:7877,1,1,1.0,1.0,1.0,0.8571428571428571,1.0476464318116243,0.8571428571428571
288,0,train:9483,0,0,0.125,0.2857142857142857,0.14285714285714285,0.14285714285714285,-0.9018295004026471,0.2857142857142857
289,0,train:1492,0,0,0.875,0.42857142857142855,0.2857142857142857,0.2857142857142857,-0.9018295004026471,0.2857142857142857
290,0,train:8857,0,0,0.625,0.2857142857142857,0.8571428571428571,0.8571428571428571,0.7988390123143475,0.5714285714285714
291,0,train:1999,1,0,0.5,0.2857142857142857,0.14285714285714285,0.14285714285714285,-1.7521637567611443,0.14285714285714285
292,0,train:7480,1,0,1.0,1.0,1.0,0.7142857142857143,-0.9018295004026471,0.2857142857142857
293,0,train:1788,0,0,1.0,1.0,1.0,1.0,0.7988390123143475,0.5714285714285714
294,0,train:6673,0,0,0.875,1.0,1.0,1.0,1.649173268672845,0.7142857142857143
295,0,train:8762,1,0,0.125,0.2857142857142857,0.14285714285714285,0.14285714285714285,-1.7521637567611443,0.14285714285714285
296,0,train:6638,1,1,1.0,1.0,0.8571428571428571,0.7142857142857143,0.5039205006238403,0.7142857142857143
297,0,train:7170,1,0,0.125,0.2857142857142857,0.42857142857142855,0.42857142857142855,-0.9018295004026471,0.2857142857142857
298,0,test:5699,1,1,1.0,1.0,0.8571428571428571,0.8571428571428571,-0.5835313617517284,0.42857142857142855
299,0,train:1884,1,1,1.0,1.0,0.14285714285714285,0.14285714285714285,-1.6709832241272968,0.14285714285714285
300,0,train:532,0,1,0.75,0.5714285714285714,0.2857142857142857,0.2857142857142857,-0.03980543056394414,0.5714285714285714
301,0,train:5833,0,1,1.0,1.0,0.5714285714285714,0.5714285714285714,1.0476464318116243,0.8571428571428571
302,0,train:359,0,1,1.0,1.0,0.7142857142857143,0.8571428571428571,-1.1272572929395126,0.2857142857142857
303,0,test:2463,1,1,1.0,1.0,0.7142857142857143,0.7142857142857143,0.5039205006238403,0.7142857142857143
304,0,train:3216,0,0,0.125,0.2857142857142857,1.0,0.5714285714285714,-1.7521637567611443,0.14285714285714285
305,0,train:5300,1,1,1.0,0.14285714285714285,0.14285714285714285,0.14285714285714285,-1.6709832241272968,0.14285714285714285
306,0,train:3706,0,0,1.0,1.0,0.8571428571428571,1.0,1.649173268672845,0.7142857142857143
307,0,train:2809,1,0,0.125,0.2857142857142857,0.42857142857142855,0.42857142857142855,-0.9018295004026471,0.2857142857142857
308,0,train:1479,1,1,1.0,1.0,1.0,1.0,0.5039205006238403,0.7142857142857143
309,0,train:5366,0,0,1.0,1.0,0.42857142857142855,0.42857142857142855,0.7988390123143475,0.5714285714285714
310,0,test:2463,0,1,1.0,1.0,0.7142857142857143,0.7142857142857143,-0.5835313617517284,0.42857142857142855
311,0,train:7612,1,1,1.0,1.0,1.0,1.0,-0.03980543056394414,0.5714285714285714
312,0,train:3461,1,1,1.0,1.0,0.7142857142857143,0.7142857142857143,0.5039205006238403,0.7142857142857143
313,0,train:2814,1,0,0.75,0.2857142857142857,0.5714285714285714,0.5714285714285714,-0.051495244044149804,0.42857142857142855
314,0,train:7612,1,1,1.0,1.0,0.8571428571428571,0.8571428571428571,1.5913723629994088,1.0
315,0,train:5227,0,0,0.625,1.0,0.7142857142857143,0.7142857142857143,-0.051495244044149804,0.42857142857142855
316,0,train:5811,1,1,1.0,1.0,0.5714285714285714,1.0,-0.5835313617517284,0.42857142857142855
317,0,train:3706,0,1,1.0,1.0,0.5714285714285714,0.5714285714285714,-0.03980543056394414,0.5714285714285714
318,0,train:8488,1,0,0.125,0.2857142857142857,0.2857142857142857,0.2857142857142857,-0.051495244044149804,0.42857142857142855
319,0,train:8116,1,1,1.0,1.0,0.7142857142857143,0.7142857142857143,1.0476464318116243,0.8571428571428571
320,0,test:8237,1,1,1.0,1.0,0.7142857142857143,0.7142857142857143,0.5039205006238403,0.7142857142857143
321,0,train:9397,0,0,1.0,1.0,0.7142857142857143,0.7142857142857143,-0.9018295004026471,0.2857142857142857
322,0,train:2272,0,1,1.0,1.0,0.7142857142857143,0.7142857142857143,0.5039205006238403,0.7142857142857143
323,0,test:9441,1,1,0.75,0.14285714285714285,0.14285714285714285,0.14285714285714285,-0.5835313617517284,0.42857142857142855
324,0,train:6438,1,0,0.625,0.2857142857142857,0.42857142857142855,0.42857142857142855,-1.7521637567611443,0.14285714285714285
325,0,train:6845,1,1,1.0,1.0,0.14285714285714285,0.14285714285714285,-0.5835313617517284,0.42857142857142855
326,0,train:709,0,1,1.0,1.0,0.42857142857142855,0.42857142857142855,1.0476464318116243,0.8571428571428571
327,0,train:5364,1,1,1.0,1.0,1.0,0.5714285714285714,0.5039205006238403,0.7142857142857143
328,0,train:5833,1,1,1.0,1.0,0.42857142857142855,0.42857142857142855,1.0476464318116243,0.8571428571428571
329,0,train:6421,1,0,0.125,0.2857142857142857,0.42857142857142855,0.42857142857142855,-0.051495244044149804,0.42857142857142855
330,0,train:8030,1,1,0.75,1.0,0.5714285714285714,0.5714285714285714,-0.03980543056394414,0.5714285714285714
331,0,train:7612,1,0,0.5,0.42857142857142855,0.7142857142857143,0.7142857142857143,-0.051495244044149804,0.42857142857142855
332,0,train:3570,0,0,0.375,0.2857142857142857,0.5714285714285714,0.5714285714285714,-1.7521637567611443,0.14285714285714285
333,0,train:5456,1,1,0.875,1.0,0.42857142857142855,0.42857142857142855,0.5039205006238403,0.7142857142857143
334,0,train:3089,1,0,0.375,0.7142857142857143,0.7142857142857143,0.7142857142857143,-0.9018295004026471,0.2857142857142857
335,0,train:7877,1,0,0.25,1.0,0.2857142857142857,0.2857142857142857,-1.7521637567611443,0.14285714285714285
336,0,train:1884,1,0,0.5,0.2857142857142857,0.2857142857142857,0.2857142857142857,-1.7521637567611443,0.14285714285714285
337,0,train:5366,1,1,1.0,1.0,0.8571428571428571,0.8571428571428571,1.5913723629994088,1.0
338,0,train:6505,1,0,0.375,0.2857142857142857,0.2857142857142857,0.2857142857142857,-0.051495244044149804,0.42857142857142855
339,0,train:8669,0,0,0.5,1.0,0.2857142857142857,0.2857142857142857,-0.051495244044149804,0.42857142857142855
340,0,train:9366,1,0,0.125,0.7142857142857143,0.8571428571428571,0.8571428571428571,0.7988390123143475,0.5714285714285714
341,0,train:1780,1,0,0.25,0.7142857142857143,0.14285714285714285,0.14285714285714285,-0.051495244044149804,0.42857142857142855
342,0,train:4916,0,0,1.0,1.0,1.0,1.0,1.649173268672845,0.7142857142857143
343,0,train:2753,1,0,0.125,0.2857142857142857,0.14285714285714285,0.14285714285714285,-0.9018295004026471,0.2857142857142857
344,0,train:1884,1,1,1.0,1.0,0.42857142857142855,0.8571428571428571,-0.5835313617517284,0.42857142857142855
345,0,train:3230,1,0,0.625,0.2857142857142857,0.5714285714285714,0.5714285714285714,0.7988390123143475,0.5714285714285714
346,0,train:5574,0,1,1.0,1.0,0.42857142857142855,0.42857142857142855,-0.5835313617517284,0.42857142857142855
347,0,train:5035,0,1,1.0,1.0,0.8571428571428571,0.8571428571428571,0.5039205006238403,0.7142857142857143
348,0,train:532,0,1,1.0,0.2857142857142857,0.42857142857142855,0.42857142857142855,-1.6709832241272968,0.14285714285714285
349,0,train:10072,0,0,0.625,0.5714285714285714,1.0,1.0,-0.9018295004026471,0.2857142857142857
350,0,train:4944,0,0,0.75,1.0,0.42857142857142855,0.42857142857142855,1.649173268672845,0.7142857142857143
351,0,train:2344,1,1,1.0,1.0,0.5714285714285714,0.5714285714285714,-0.03980543056394414,0.5714285714285714
352,0,train:5496,1,1,1.0,1.0,0.7142857142857143,0.7142857142857143,-0.03980543056394414,0.5714285714285714
353,0,train:8762,1,0,1.0,0.8571428571428571,0.5714285714285714,0.5714285714285714,1.649173268672845,0.7142857142857143
354,0,train:4944,0,0,1.0,1.0,1.0,1.0,0.7988390123143475,0.5714285714285714
355,0,train:5343,1,1,1.0,1.0,0.42857142857142855,0.5714285714285714,-1.1272572929395126,0.2857142857142857
356,0,train:5555,0,0,1.0,1.0,0.8571428571428571,0.8571428571428571,1.649173268672845,0.7142857142857143
357,0,train:7510,1,0,0.875,1.0,1.0,1.0,0.7988390123143475,0.5714285714285714
358,0,train:9037,0,1,1.0,1.0,1.0,1.0,1.0476464318116243,0.8571428571428571
359,0,train:4915,1,1,1.0,1.0,0.7142857142857143,0.8571428571428571,-0.03980543056394414,0.5714285714285714
360,0,train:532,1,1,0.75,0.5714285714285714,1.0,0.7142857142857143,-0.5835313617517284,0.42857142857142855
361,0,train:1479,1,1,0.75,0.8571428571428571,1.0,1.0,0.5039205006238403,0.7142857142857143
362,0,train:5167,1,1,1.0,1.0,0.5714285714285714,0.5714285714285714,0.5039205006238403,0.7142857142857143
363,0,train:3706,1,1,1.0,1.0,0.8571428571428571,0.8571428571428571,1.0476464318116243,0.8571428571428571
364,0,train:262,0,1,1.0,1.0,0.5714285714285714,0.5714285714285714,0.5039205006238403,0.7142857142857143
365,0,train:8996,0,0,0.125,0.42857142857142855,0.42857142857142855,0.42857142857142855,0.7988390123143475,0.5714285714285714
366,0,train:4691,0,0,1.0,1.0,0.5714285714285714,0.5714285714285714,-0.051495244044149804,0.42857142857142855
367,0,train:3539,1,1,0.875,0.14285714285714285,0.14285714285714285,0.14285714285714285,-1.6709832241272968,0.14285714285714285
368,0,train:8857,0,0,0.375,0.5714285714285714,0.7142857142857143,0.7142857142857143,-0.051495244044149804,0.42857142857142855
369,0,train:6476,0,0,1.0,1.0,0.42857142857142855,0.42857142857142855,-0.9018295004026471,0.2857142857142857
370,0,train:3706,1,0,0.625,0.7142857142857143,0.8571428571428571,0.42857142857142855,-0.051495244044149804,0.42857142857142855
371,0,train:8359,0,0,0.75,1.0,0.14285714285714285,0.14285714285714285,-1.7521637567611443,0.14285714285714285
372,0,train:8576,1,1,1.0,1.0,0.5714285714285714,0.5714285714285714,0.5039205006238403,0.7142857142857143
373,0,train:7877,0,0,1.0,1.0,0.7142857142857143,0.7142857142857143,-0.051495244044149804,0.42857142857142855
374,0,train:6476,0,1,1.0,1.0,1.0,1.0,-0.5835313617517284,0.42857142857142855
375,0,train:5644,0,0,1.0,1.0,0.42857142857142855,0.42857142857142855,-0.9018295004026471,0.2857142857142857
376,0,train:708,1,1,1.0,1.0,0.2857142857142857,0.2857142857142857,-0.03980543056394414,0.5714285714285714
377,0,train:5366,1,1,1.0,1.0,0.8571428571428571,0.5714285714285714,-0.03980543056394414,0.5714285714285714
378,0,train:5815,1,0,0.5,0.8571428571428571,1.0,0.7142857142857143,-0.051495244044149804,0.42857142857142855
379,0,train:3570,0,0,1.0,1.0,0.2857142857142857,0.2857142857142857,-1.7521637567611443,0.14285714285714285
380,0,train:2272,0,1,0.25,0.5714285714285714,0.42857142857142855,0.42857142857142855,-1.6709832241272968,0.14285714285714285
381,0,train:2814,1,0,0.25,0.2857142857142857,0.5714285714285714,0.5714285714285714,-0.051495244044149804,0.42857142857142855
382,0,train:4915,1,1,1.0,1.0,0.8571428571428571,0.8571428571428571,1.0476464318116243,0.8571428571428571
383,0,train:6372,0,0,1.0,1.0,0.5714285714285714,0.5714285714285714,0.7988390123143475,0.5714285714285714
384,0,train:8451,1,0,0.75,1.0,0.5714285714285714,0.5714285714285714,-0.9018295004026471,0.2857142857142857
385,0,train:1727,1,1,1.0,1.0,0.8571428571428571,0.42857142857142855,-1.1272572929395126,0.2857142857142857
386,0,train:2225,0,1,1.0,1.0,0.7142857142857143,0.7142857142857143,0.5039205006238403,0.7142857142857143
387,0,train:5496,1,1,0.875,1.0,0.8571428571428571,0.8571428571428571,1.0476464318116243,0.8571428571428571
388,0,train:5574,0,0,0.125,0.2857142857142857,0.14285714285714285,0.14285714285714285,-0.051495244044149804,0.42857142857142855
389,0,train:9366,0,1,0.625,0.2857142857142857,0.14285714285714285,0.14285714285714285,-1.6709832241272968,0.14285714285714285
390,0,train:6421,0,1,1.0,1.0,0.2857142857142857,0.2857142857142857,-0.5835313617517284,0.42857142857142855
391,0,train:7480,0,1,1.0,1.0,0.2857142857142857,1.0,0.5039205006238403,0.7142857142857143
392,0,train:5364,1,0,0.125,0.2857142857142857,0.14285714285714285,0.14285714285714285,-1.7521637567611443,0.14285714285714285
393,0,train:1999,0,0,0.375,0.42857142857142855,0.2857142857142857,0.2857142857142857,-0.9018295004026471,0.2857142857142857
394,0,train:3562,1,1,0.875,1.0,0.14285714285714285,0.14285714285714285,-1.6709832241272968,0.14285714285714285
395,0,train:7510,1,0,0.25,0.2857142857142857,0.14285714285714285,0.14285714285714285,-0.9018295004026471,0.2857142857142857
396,0,train:868,1,1,1.0,1.0,1.0,1.0,1.0476464318116243,0.8571428571428571
397,0,train:9037,1,1,1.0,1.0,1.0,1.0,0.5039205006238403,0.7142857142857143
398,0,train:10072,0,0,1.0,1.0,0.7142857142857143,0.7142857142857143,0.7988390123143475,0.5714285714285714
399,0,train:5282,0,0,0.625,0.8571428571428571,0.7142857142857143,0.7142857142857143,-0.9018295004026471,0.2857142857142857
400,0,train:8359,1,0,1.0,1.0,0.5714285714285714,0.5714285714285714,0.7988390123143475,0.5714285714285714
401,0,train:9017,0,1,0.75,0.5714285714285714,0.5714285714285714,0.5714285714285714,-0.03980543056394414,0.5714285714285714
402,0,train:3089,1,1,1.0,1.0,0.8571428571428571,0.7142857142857143,-0.03980543056394414,0.5714285714285714
403,0,train:8857,0,0,1.0,1.0,0.7142857142857143,1.0,-0.051495244044149804,0.42857142857142855
404,0,train:1884,1,1,1.0,1.0,0.42857142857142855,0.42857142857142855,-0.5835313617517284,0.42857142857142855
405,0,train:5727,1,1,1.0,1.0,0.8571428571428571,1.0,-1.1272572929395126,0.2857142857142857
406,0,train:6673,1,1,1.0,1.0,1.0,1.0,-1.6709832241272968,0.14285714285714285
407,0,train:5537,0,0,0.5,0.5714285714285714,0.5714285714285714,0.5714285714285714,-0.9018295004026471,0.2857142857142857
408,0,train:7938,1,0,0.125,0.2857142857142857,0.8571428571428571,0.8571428571428571,-0.051495244044149804,0.42857142857142855
409,0,train:1884,1,0,0.75,1.0,0.42857142857142855,0.42857142857142855,-1.7521637567611443,0.14285714285714285
410,0,train:1788,0,0,0.75,1.0,1.0,1.0,1.649173268672845,0.7142857142857143
411,0,test:2463,0,0,0.375,0.42857142857142855,0.14285714285714285,0.14285714285714285,-1.7521637567611443,0.14285714285714285
412,0,train:2706,0,0,0.25,0.5714285714285714,0.42857142857142855,0.42857142857142855,-0.9018295004026471,0.2857142857142857
413,0,train:5035,0,1,1.0,1.0,1.0,0.8571428571428571,0.5039205006238403,0.7142857142857143
414,0,train:860,0,1,1.0,1.0,0.7142857142857143,0.7142857142857143,0.5039205006238403,0.7142857142857143
415,0,train:1884,1,1,1.0,1.0,0.5714285714285714,0.8571428571428571,1.0476464318116243,0.8571428571428571
416,0,train:8057,1,0,0.5,0.7142857142857143,1.0,1.0,-0.051495244044149804,0.42857142857142855
417,0,train:4334,0,0,1.0,1.0,0.8571428571428571,0.8571428571428571,1.649173268672845,0.7142857142857143
418,0,train:8857,0,0,0.875,0.2857142857142857,1.0,1.0,-0.051495244044149804,0.42857142857142855
419,0,train:8857,0,0,0.125,0.2857142857142857,0.14285714285714285,0.14285714285714285,-1.7521637567611443,0.14285714285714285
420,0,train:2809,1,1,1.0,1.0,0.7142857142857143,0.7142857142857143,-0.03980543056394414,0.5714285714285714
421,0,train:9284,1,0,0.375,0.7142857142857143,0.42857142857142855,0.42857142857142855,-1.7521637567611443,0.14285714285714285
422,0,train:9104,1,1,1.0,1.0,0.8571428571428571,0.8571428571428571,-0.03980543056394414,0.5714285714285714
423,0,train:9816,0,0,0.875,1.0,0.42857142857142855,0.42857142857142855,0.7988390123143475,0.5714285714285714
424,0,train:3637,0,0,0.875,1.0,0.42857142857142855,0.42857142857142855,0.7988390123143475,0.5714285714285714
425,0,test:9441,0,1,1.0,1.0,0.14285714285714285,0.7142857142857143,-0.03980543056394414,0.5714285714285714
426,0,train:308,1,1,0.125,0.2857142857142857,0.8571428571428571,0.8571428571428571,-1.1272572929395126,0.2857142857142857
427,0,train:999,1,0,1.0,1.0,0.2857142857142857,0.2857142857142857,-0.9018295004026471,0.2857142857142857
428,0,train:8451,1,0,0.625,0.8571428571428571,0.5714285714285714,0.5714285714285714,0.7988390123143475,0.5714285714285714
429,0,train:8756,1,1,1.0,1.0,1.0,0.8571428571428571,-0.03980543056394414,0.5714285714285714
430,0,test:9441,0,1,0.625,0.7142857142857143,0.7142857142857143,0.7142857142857143,-0.5835313617517284,0.42857142857142855
431,0,train:7451,1,0,0.625,1.0,0.2857142857142857,0.2857142857142857,-0.051495244044149804,0.42857142857142855
432,0,train:1788,0,0,1.0,1.0,1.0,1.0,0.7988390123143475,0.5714285714285714
433,0,train:328,1,1,1.0,1.0,0.8571428571428571,0.7142857142857143,1.0476464318116243,0.8571428571428571
434,0,train:8057,1,1,0.875,1.0,0.5714285714285714,0.42857142857142855,-0.03980543056394414,0.5714285714285714
435,0,train:5537,0,1,1.0,0.7142857142857143,0.7142857142857143,0.42857142857142855,-1.6709832241272968,0.14285714285714285
436,0,train:17,0,0,1.0,1.0,0.8571428571428571,0.8571428571428571,-0.051495244044149804,0.42857142857142855
437,0,train:6438,1,1,1.0,1.0,1.0,1.0,1.0476464318116243,0.8571428571428571
438,0,train:5877,1,0,0.375,1.0,0.8571428571428571,0.8571428571428571,0.7988390123143475,0.5714285714285714
439,0,train:2343,0,0,1.0,1.0,0.14285714285714285,0.14285714285714285,-1.7521637567611443,0.14285714285714285
440,0,train:2590,0,0,1.0,1.0,0.42857142857142855,0.42857142857142855,0.7988390123143475,0.5714285714285714
441,0,train:8996,0,1,0.875,0.2857142857142857,0.42857142857142855,0.42857142857142855,-1.1272572929395126,0.2857142857142857
442,0,train:2753,1,1,0.625,0.7142857142857143,0.8571428571428571,0.8571428571428571,-1.6709832241272968,0.14285714285714285
443,0,train:2590,1,1,1.0,1.0,0.42857142857142855,0.42857142857142855,1.0476464318116243,0.8571428571428571
444,0,train:8576,1,1,1.0,1.0,0.7142857142857143,0.7142857142857143,1.0476464318116243,0.8571428571428571
445,0,train:5227,0,0,1.0,1.0,0.8571428571428571,0.5714285714285714,-0.9018295004026471,0.2857142857142857
446,0,train:5282,0,0,0.125,0.2857142857142857,0.14285714285714285,0.14285714285714285,-0.051495244044149804,0.42857142857142855
447,0,train:648,0,0,1.0,1.0,0.7142857142857143,0.7142857142857143,0.7988390123143475,0.5714285714285714
448,0,train:2437,1,1,1.0,1.0,1.0,1.0,1.0476464318116243,0.8571428571428571
449,0,train:3216,1,1,1.0,1.0,1.0,0.7142857142857143,0.5039205006238403,0.7142857142857143
450,0,train:525,1,1,1.0,1.0,0.42857142857142855,0.42857142857142855,1.0476464318116243,0.8571428571428571
451,0,train:8718,1,1,0.875,1.0,0.42857142857142855,0.42857142857142855,0.5039205006238403,0.7142857142857143
452,0,train:9994,0,0,1.0,1.0,1.0,1.0,0.7988390123143475,0.5714285714285714
453,0,train:8359,0,0,0.875,1.0,0.14285714285714285,0.14285714285714285,0.7988390123143475,0.5714285714285714
454,0,train:5809,1,1,1.0,1.0,0.2857142857142857,0.2857142857142857,1.5913723629994088,1.0
455,0,train:9284,1,1,1.0,1.0,0.8571428571428571,0.5714285714285714,1.5913723629994088,1.0
456,0,train:9994,0,0,0.75,0.2857142857142857,0.14285714285714285,0.14285714285714285,-0.9018295004026471,0.2857142857142857
457,0,train:7510,1,1,1.0,1.0,1.0,1.0,-1.6709832241272968,0.14285714285714285
458,0,train:2225,0,1,0.875,1.0,0.14285714285714285,0.14285714285714285,0.5039205006238403,0.7142857142857143
459,0,train:3539,1,0,0.625,0.7142857142857143,1.0,0.42857142857142855,-0.051495244044149804,0.42857142857142855
460,0,train:8116,1,0,0.625,0.5714285714285714,0.5714285714285714,0.5714285714285714,-0.9018295004026471,0.2857142857142857
461,0,train:5815,0,0,1.0,1.0,1.0,1.0,0.7988390123143475,0.5714285714285714
462,0,train:9994,0,0,0.375,0.5714285714285714,0.8571428571428571,0.8571428571428571,-1.7521637567611443,0.14285714285714285
463,0,train:4944,0,0,0.5,0.5714285714285714,0.2857142857142857,0.2857142857142857,-1.7521637567611443,0.14285714285714285
464,0,train:5816,1,1,0.75,0.2857142857142857,0.14285714285714285,0.14285714285714285,-1.6709832241272968,0.14285714285714285
465,0,train:1884,0,1,1.0,1.0,0.7142857142857143,0.7142857142857143,-1.6709832241272968,0.14285714285714285
466,0,train:1033,0,0,0.75,1.0,0.8571428571428571,1.0,1.649173268672845,0.7142857142857143
467,0,test:8237,0,1,1.0,1.0,0.8571428571428571,1.0,1.5913723629994088,1.0
468,0,train:1884,1,1,1.0,1.0,0.5714285714285714,0.5714285714285714,-1.1272572929395126,0.2857142857142857
469,0,train:909,1,0,0.25,0.42857142857142855,0.42857142857142855,0.42857142857142855,-0.9018295004026471,0.2857142857142857
470,0,train:262,0,1,1.0,1.0,0.2857142857142857,0.2857142857142857,-0.03980543056394414,0.5714285714285714
471,0,train:999,1,0,0.25,0.7142857142857143,0.2857142857142857,0.2857142857142857,-0.9018295004026471,0.2857142857142857
472,0,test:9441,1,1,1.0,1.0,0.8571428571428571,0.8571428571428571,-1.1272572929395126,0.2857142857142857
473,0,train:4305,0,0,0.375,1.0,0.42857142857142855,0.42857142857142855,-0.9018295004026471,0.2857142857142857
474,0,train:1727,1,1,1.0,1.0,0.7142857142857143,1.0,0.5039205006238403,0.7142857142857143
475,0,train:5364,1,0,0.125,0.2857142857142857,0.2857142857142857,0.2857142857142857,-1.7521637567611443,0.14285714285714285
476,0,test:2775,0,0,0.125,0.2857142857142857,0.14285714285714285,0.14285714285714285,-0.9018295004026471,0.2857142857142857
477,0,train:4944,0,0,1.0,1.0,1.0,1.0,2.4995075250313423,0.8571428571428571
478,0,train:308,1,1,1.0,1.0,0.42857142857142855,0.42857142857142855,1.0476464318116243,0.8571428571428571
479,0,train:5496,1,0,0.25,0.42857142857142855,0.2857142857142857,0.2857142857142857,-1.7521637567611443,0.14285714285714285
480,0,train:4334,0,0,0.125,0.2857142857142857,0.14285714285714285,0.14285714285714285,-1.7521637567611443,0.14285714285714285
481,0,train:6438,1,1,1.0,1.0,0.7142857142857143,0.7142857142857143,-0.5835313617517284,0.42857142857142855
482,0,train:5864,0,0,0.875,1.0,0.7142857142857143,0.7142857142857143,-0.051495244044149804,0.42857142857142855
483,0,train:5409,0,1,1.0,1.0,0.14285714285714285,0.14285714285714285,-1.6709832241272968,0.14285714285714285
484,0,train:10072,0,0,0.875,1.0,1.0,0.8571428571428571,1.649173268672845,0.7142857142857143
485,0,test:9736,0,0,0.625,0.42857142857142855,0.14285714285714285,0.14285714285714285,-1.7521637567611443,0.14285714285714285
486,0,train:418,0,1,0.875,0.5714285714285714,0.5714285714285714,0.8571428571428571,0.5039205006238403,0.7142857142857143
487,0,train:1266,1,1,1.0,1.0,0.5714285714285714,0.5714285714285714,-1.6709832241272968,0.14285714285714285
488,0,train:1615,1,1,1.0,1.0,0.7142857142857143,0.7142857142857143,1.5913723629994088,1.0
489,0,train:249,0,0,0.625,1.0,1.0,0.7142857142857143,2.4995075250313423,0.8571428571428571
490,0,train:3216,1,1,0.625,0.14285714285714285,0.14285714285714285,0.14285714285714285,-1.6709832241272968,0.14285714285714285
491,0,train:6438,1,0,0.625,0.8571428571428571,0.14285714285714285,0.14285714285714285,-0.051495244044149804,0.42857142857142855
492,0,train:2272,0,1,0.75,0.2857142857142857,1.0,1.0,-0.03980543056394414,0.5714285714285714
493,0,train:5456,1,1,1.0,0.5714285714285714,0.14285714285714285,0.14285714285714285,-1.6709832241272968,0.14285714285714285
494,0,train:2272,0,0,0.875,0.8571428571428571,0.14285714285714285,0.14285714285714285,-0.9018295004026471,0.2857142857142857
495,0,train:5035,1,1,1.0,1.0,0.42857142857142855,0.42857142857142855,0.5039205006238403,0.7142857142857143
496,0,train:6505,0,0,0.125,0.42857142857142855,1.0,1.0,-0.051495244044149804,0.42857142857142855
497,0,train:1999,0,0,1.0,1.0,0.7142857142857143,0.5714285714285714,-0.051495244044149804,0.42857142857142855
498,0,train:5282,1,1,1.0,1.0,0.2857142857142857,0.2857142857142857,-1.1272572929395126,0.2857142857142857
499,0,train:5300,1,1,1.0,0.2857142857142857,1.0,0.8571428571428571,1.5913723629994088,1.0
500,0,train:9994,0,1,1.0,1.0,0.8571428571428571,0.8571428571428571,-0.03980543056394414,0.5714285714285714
501,0,train:9188,0,0,0.25,0.2857142857142857,0.2857142857142857,0.2857142857142857,-0.9018295004026471,0.2857142857142857
502,0,train:308,1,0,0.625,1.0,0.2857142857142857,0.2857142857142857,-0.9018295004026471,0.2857142857142857
503,0,train:2706,0,1,1.0,1.0,0.7142857142857143,0.7142857142857143,-0.5835313617517284,0.42857142857142855
504,0,train:4916,0,0,0.875,1.0,1.0,1.0,0.7988390123143475,0.5714285714285714
505,0,train:7938,1,1,1.0,1.0,0.7142857142857143,0.8571428571428571,-0.03980543056394414,0.5714285714285714
506,0,train:5366,1,1,1.0,1.0,0.8571428571428571,0.8571428571428571,-0.5835313617517284,0.42857142857142855
507,0,train:418,1,1,1.0,1.0,0.5714285714285714,0.5714285714285714,-1.6709832241272968,0.14285714285714285
508,0,train:5864,0,0,1.0,1.0,0.7142857142857143,0.7142857142857143,-0.051495244044149804,0.42857142857142855
509,0,train:6638,0,0,1.0,1.0,0.7142857142857143,0.7142857142857143,-0.051495244044149804,0.42857142857142855
510,0,train:909,0,1,1.0,1.0,0.7142857142857143,0.8571428571428571,0.5039205006238403,0.7142857142857143
511,0,train:1958,1,1,1.0,1.0,0.7142857142857143,0.7142857142857143,1.5913723629994088,1.0
512,0,train:1479,0,1,1.0,1.0,0.7142857142857143,1.0,1.5913723629994088,1.0
513,0,train:6438,0,1,0.75,0.5714285714285714,0.42857142857142855,1.0,-1.1272572929395126,0.2857142857142857
514,0,train:6569,0,1,0.125,0.2857142857142857,0.14285714285714285,0.14285714285714285,-1.6709832241272968,0.14285714285714285
515,0,train:5172,1,0,0.5,0.42857142857142855,0.14285714285714285,0.14285714285714285,-1.7521637567611443,0.14285714285714285
516,0,train:5809,1,1,1.0,1.0,0.7142857142857143,0.2857142857142857,-0.03980543056394414,0.5714285714285714
517,0,test:9441,0,0,1.0,1.0,0.7142857142857143,0.7142857142857143,-0.9018295004026471,0.2857142857142857
518,0,train:3216,1,1,1.0,1.0,0.8571428571428571,0.8571428571428571,1.0476464318116243,0.8571428571428571
519,0,train:8576,1,1,1.0,1.0,1.0,1.0,1.0476464318116243,0.8571428571428571
520,0,train:3216,1,1,1.0,1.0,0.42857142857142855,0.42857142857142855,-0.03980543056394414,0.5714285714285714
521,0,train:4665,1,1,1.0,1.0,0.2857142857142857,0.2857142857142857,-0.03980543056394414,0.5714285714285714
522,0,train:2814,0,1,0.25,0.14285714285714285,0.7142857142857143,0.7142857142857143,-1.6709832241272968,0.14285714285714285
523,0,test:5069,0,0,0.75,0.8571428571428571,1.0,1.0,-0.051495244044149804,0.42857142857142855
524,0,train:2544,0,0,1.0,1.0,0.7142857142857143,0.7142857142857143,0.7988390123143475,0.5714285714285714
525,0,train:8756,1,1,1.0,1.0,1.0,1.0,1.5913723629994088,1.0
526,0,train:6845,0,0,0.125,0.5714285714285714,0.2857142857142857,0.14285714285714285,-0.051495244044149804,0.42857142857142855
527,0,train:999,1,0,0.75,1.0,1.0,1.0,0.7988390123143475,0.5714285714285714
528,0,train:4305,0,0,0.375,1.0,0.2857142857142857,0.2857142857142857,-0.051495244044149804,0.42857142857142855
529,0,train:6845,0,0,0.375,0.2857142857142857,0.42857142857142855,0.42857142857142855,-0.051495244044149804,0.42857142857142855
530,0,test:5699,1,0,0.375,0.2857142857142857,0.14285714285714285,0.14285714285714285,-0.9018295004026471,0.2857142857142857
531,0,train:532,1,1,1.0,1.0,0.5714285714285714,1.0,-0.03980543056394414,0.5714285714285714
532,0,train:8718,1,1,1.0,1.0,0.7142857142857143,0.7142857142857143,1.0476464318116243,0.8571428571428571
533,0,train:6421,0,1,1.0,0.5714285714285714,0.8571428571428571,0.8571428571428571,1.5913723629994088,1.0
534,0,train:9037,0,0,0.375,1.0,0.5714285714285714,0.5714285714285714,-0.051495244044149804,0.42857142857142855
535,0,train:6421,0,0,1.0,1.0,0.5714285714285714,0.5714285714285714,1.649173268672845,0.7142857142857143
536,0,train:5167,1,1,1.0,1.0,1.0,1.0,1.0476464318116243,0.8571428571428571
537,0,train:5864,0,0,1.0,1.0,1.0,0.8571428571428571,0.7988390123143475,0.5714285714285714
538,0,train:8451,1,1,1.0,1.0,0.5714285714285714,0.8571428571428571,-1.1272572929395126,0.2857142857142857
539,0,train:7590,1,0,1.0,1.0,0.7142857142857143,0.7142857142857143,-0.051495244044149804,0.42857142857142855
540,0,train:5193,1,1,1.0,1.0,0.5714285714285714,0.5714285714285714,-0.03980543056394414,0.5714285714285714
541,0,train:3562,1,1,0.875,1.0,0.42857142857142855,1.0,-0.5835313617517284,0.42857142857142855
542,0,train:2343,0,0,1.0,1.0,0.5714285714285714,0.5714285714285714,-0.051495244044149804,0.42857142857142855
543,0,train:9994,0,1,0.75,0.8571428571428571,0.14285714285714285,0.14285714285714285,-1.6709832241272968,0.14285714285714285
544,0,train:5167,0,0,0.875,0.8571428571428571,0.8571428571428571,0.8571428571428571,2.4995075250313423,0.8571428571428571
545,0,train:4514,0,0,1.0,1.0,0.8571428571428571,0.8571428571428571,-0.051495244044149804,0.42857142857142855
546,0,train:5456,1,1,1.0,1.0,1.0,0.8571428571428571,1.0476464318116243,0.8571428571428571
547,0,train:4305,0,1,0.625,0.14285714285714285,0.14285714285714285,0.14285714285714285,-0.03980543056394414,0.5714285714285714
548,0,train:909,1,1,1.0,1.0,1.0,0.8571428571428571,1.0476464318116243,0.8571428571428571
549,0,train:5815,1,1,1.0,0.42857142857142855,0.14285714285714285,0.14285714285714285,-1.1272572929395126,0.2857142857142857
550,0,train:9816,0,1,0.625,0.8571428571428571,1.0,0.42857142857142855,-0.03980543056394414,0.5714285714285714
551,0,train:2809,0,1,1.0,1.0,0.8571428571428571,1.0,1.0476464318116243,0.8571428571428571
552,0,train:8057,0,0,0.875,1.0,1.0,1.0,0.7988390123143475,0.5714285714285714
553,0,train:5537,0,0,1.0,1.0,0.8571428571428571,0.8571428571428571,0.7988390123143475,0.5714285714285714
554,0,train:8359,1,1,1.0,1.0,0.2857142857142857,0.2857142857142857,-1.1272572929395126,0.2857142857142857
555,0,train:8116,0,0,0.875,1.0,0.5714285714285714,0.5714285714285714,0.7988390123143475,0.5714285714285714
556,0,train:2344,1,1,1.0,1.0,0.5714285714285714,0.5714285714285714,-0.03980543056394414,0.5714285714285714
557,0,train:5809,0,0,0.125,0.42857142857142855,0.42857142857142855,0.42857142857142855,-0.051495244044149804,0.42857142857142855
558,0,train:4691,1,1,1.0,1.0,0.14285714285714285,0.8571428571428571,0.5039205006238403,0.7142857142857143
559,0,train:5534,1,1,1.0,1.0,0.8571428571428571,0.8571428571428571,1.5913723629994088,1.0
560,0,train:5877,1,0,0.125,0.42857142857142855,0.14285714285714285,0.14285714285714285,-1.7521637567611443,0.14285714285714285
561,0,train:1958,1,1,0.875,1.0,0.5714285714285714,0.2857142857142857,-0.03980543056394414,0.5714285714285714
562,0,train:8116,0,0,0.25,0.5714285714285714,0.42857142857142855,0.42857142857142855,-0.9018295004026471,0.2857142857142857
563,0,train:2102,0,0,1.0,1.0,1.0,0.7142857142857143,-0.051495244044149804,0.42857142857142855
564,0,train:7480,1,0,0.875,0.14285714285714285,0.14285714285714285,0.14285714285714285,-1.7521637567611443,0.14285714285714285
565,0,train:525,0,0,1.0,1.0,1.0,0.42857142857142855,0.7988390123143475,0.5714285714285714
566,0,train:5574,1,1,1.0,1.0,0.5714285714285714,0.5714285714285714,-1.1272572929395126,0.2857142857142857
567,0,test:2775,1,1,0.75,0.42857142857142855,0.5714285714285714,0.5714285714285714,-1.1272572929395126,0.2857142857142857
568,0,test:2463,0,1,1.0,1.0,0.2857142857142857,0.2857142857142857,-1.6709832241272968,0.14285714285714285
569,0,train:5811,1,0,1.0,1.0,0.5714285714285714,0.5714285714285714,-0.9018295004026471,0.2857142857142857
570,0,train:8718,0,0,0.625,0.8571428571428571,0.42857142857142855,0.42857142857142855,-0.9018295004026471,0.2857142857142857
571,0,train:3570,1,0,0.625,0.42857142857142855,0.42857142857142855,0.42857142857142855,0.7988390123143475,0.5714285714285714
572,0,test:5427,0,1,1.0,1.0,0.2857142857142857,0.2857142857142857,-0.5835313617517284,0.42857142857142855
573,0,train:3216,1,1,1.0,1.0,0.5714285714285714,0.5714285714285714,-0.03980543056394414,0.5714285714285714
574,0,train:6673,1,0,1.0,1.0,0.7142857142857143,0.7142857142857143,1.649173268672845,0.7142857142857143
575,0,train:7480,0,0,1.0,1.0,0.8571428571428571,0.8571428571428571,-0.051495244044149804,0.42857142857142855
576,0,train:5765,0,0,1.0,1.0,0.7142857142857143,0.7142857142857143,-0.051495244044149804,0.42857142857142855
577,0,train:5537,1,1,1.0,1.0,0.42857142857142855,0.5714285714285714,1.5913723629994088,1.0
578,0,test:5427,0,0,1.0,1.0,0.42857142857142855,0.42857142857142855,0.7988390123143475,0.5714285714285714
579,0,train:5300,1,1,0.625,0.5714285714285714,0.14285714285714285,0.14285714285714285,-1.6709832241272968,0.14285714285714285
580,0,train:6438,0,1,1.0,1.0,1.0,1.0,0.5039205006238403,0.7142857142857143
581,0,train:1788,0,0,0.875,0.7142857142857143,0.2857142857142857,0.2857142857142857,-1.7521637567611443,0.14285714285714285
582,0,train:868,1,1,1.0,1.0,1.0,1.0,-0.5835313617517284,0.42857142857142855
583,0,train:2809,1,1,1.0,1.0,1.0,1.0,0.5039205006238403,0.7142857142857143
584,0,train:532,0,0,1.0,1.0,1.0,1.0,0.7988390123143475,0.5714285714285714
585,0,train:3216,1,1,1.0,1.0,0.8571428571428571,0.8571428571428571,-1.6709832241272968,0.14285714285714285
586,0,test:2775,1,1,1.0,1.0,0.8571428571428571,1.0,-0.03980543056394414,0.5714285714285714
587,0,train:1266,0,0,0.875,1.0,0.7142857142857143,0.7142857142857143,0.7988390123143475,0.5714285714285714
588,0,train:868,1,1,1.0,1.0,0.7142857142857143,0.42857142857142855,0.5039205006238403,0.7142857142857143
589,0,train:2970,0,0,0.625,0.5714285714285714,0.5714285714285714,0.5714285714285714,-0.051495244044149804,0.42857142857142855
590,0,train:1033,0,0,0.625,1.0,1.0,0.8571428571428571,-0.051495244044149804,0.42857142857142855
591,0,train:9483,0,1,0.75,0.5714285714285714,0.42857142857142855,0.42857142857142855,-1.1272572929395126,0.2857142857142857
592,0,train:4514,0,1,1.0,1.0,0.42857142857142855,0.42857142857142855,1.5913723629994088,1.0
593,0,test:6949,1,1,1.0,1.0,0.7142857142857143,0.7142857142857143,0.5039205006238403,0.7142857142857143
594,0,train:860,1,1,1.0,1.0,0.5714285714285714,0.5714285714285714,-0.03980543056394414,0.5714285714285714
595,0,train:6415,0,0,0.125,0.2857142857142857,0.42857142857142855,0.42857142857142855,-0.051495244044149804,0.42857142857142855
596,0,train:262,0,1,1.0,0.2857142857142857,0.8571428571428571,0.5714285714285714,-0.03980543056394414,0.5714285714285714
597,0,train:4944,1,1,1.0,1.0,0.2857142857142857,0.2857142857142857,-1.1272572929395126,0.2857142857142857
598,0,train:7938,1,1,1.0,1.0,0.42857142857142855,0.42857142857142855,-1.1272572929395126,0.2857142857142857
599,0,train:5877,1,0,0.5,0.8571428571428571,0.42857142857142855,0.42857142857142855,-0.9018295004026471,0.2857142857142857
600,0,train:17,0,0,1.0,1.0,0.7142857142857143,0.7142857142857143,0.7988390123143475,0.5714285714285714
601,0,train:4334,0,1,1.0,0.5714285714285714,0.5714285714285714,0.5714285714285714,-1.6709832241272968,0.14285714285714285
602,0,train:529,1,0,0.375,0.2857142857142857,0.5714285714285714,0.5714285714285714,-0.9018295004026471,0.2857142857142857
603,0,train:6505,0,1,1.0,1.0,0.42857142857142855,0.42857142857142855,1.0476464318116243,0.8571428571428571
604,0,train:5222,1,1,1.0,1.0,0.42857142857142855,0.8571428571428571,-0.03980543056394414,0.5714285714285714
605,0,train:5222,1,1,1.0,1.0,0.7142857142857143,0.7142857142857143,1.0476464318116243,0.8571428571428571
606,0,train:3706,0,0,0.875,1.0,0.5714285714285714,0.5714285714285714,0.7988390123143475,0.5714285714285714
607,0,train:5809,0,1,0.5,0.14285714285714285,0.14285714285714285,0.14285714285714285,-1.6709832241272968,0.14285714285714285
608,0,train:4334,0,0,0.5,0.42857142857142855,0.7142857142857143,0.7142857142857143,-0.051495244044149804,0.42857142857142855
609,0,train:7860,1,1,1.0,1.0,1.0,1.0,-0.03980543056394414,0.5714285714285714
610,0,test:6949,1,1,1.0,1.0,0.7142857142857143,0.8571428571428571,0.5039205006238403,0.7142857142857143
611,0,train:6505,1,0,0.375,1.0,1.0,1.0,-0.051495244044149804,0.42857142857142855
612,0,test:5069,1,1,1.0,1.0,0.7142857142857143,1.0,0.5039205006238403,0.7142857142857143
613,0,train:2272,0,0,0.875,1.0,0.7142857142857143,0.7142857142857143,0.7988390123143475,0.5714285714285714
614,0,train:7170,1,0,0.125,0.42857142857142855,0.2857142857142857,0.2857142857142857,-0.9018295004026471,0.2857142857142857
615,0,train:5366,1,1,1.0,1.0,0.8571428571428571,1.0,0.5039205006238403,0.7142857142857143
616,0,train:2272,0,0,0.25,0.42857142857142855,0.14285714285714285,0.14285714285714285,-1.7521637567611443,0.14285714285714285
617,0,train:7480,0,0,1.0,1.0,0.42857142857142855,0.42857142857142855,-0.9018295004026471,0.2857142857142857
618,0,train:1788,0,0,0.875,1.0,0.8571428571428571,0.8571428571428571,-0.051495244044149804,0.42857142857142855
619,0,train:7510,1,0,0.5,0.2857142857142857,0.14285714285714285,0.14285714285714285,-0.9018295004026471,0.2857142857142857
620,0,train:3733,0,0,0.75,0.8571428571428571,0.8571428571428571,0.8571428571428571,0.7988390123143475,0.5714285714285714
621,0,test:9441,1,1,1.0,1.0,0.8571428571428571,0.8571428571428571,-0.03980543056394414,0.5714285714285714
622,0,train:2814,0,0,1.0,1.0,0.5714285714285714,0.2857142857142857,-0.051495244044149804,0.42857142857142855
623,0,train:5555,0,0,1.0,1.0,0.5714285714285714,0.5714285714285714,-0.051495244044149804,0.42857142857142855
624,0,train:7510,1,0,0.5,0.8571428571428571,0.8571428571428571,0.8571428571428571,-0.9018295004026471,0.2857142857142857
625,0,train:2814,0,0,1.0,1.0,1.0,1.0,0.7988390123143475,0.5714285714285714
626,0,train:8105,1,0,0.25,0.8571428571428571,0.2857142857142857,0.2857142857142857,-0.051495244044149804,0.42857142857142855
627,0,test:2463,1,0,1.0,1.0,0.8571428571428571,0.8571428571428571,-0.051495244044149804,0.42857142857142855
628,0,train:17,0,0,0.25,0.42857142857142855,0.14285714285714285,0.14285714285714285,-1.7521637567611443,0.14285714285714285
629,0,train:2437,1,1,1.0,1.0,0.8571428571428571,0.8571428571428571,1.0476464318116243,0.8571428571428571
630,0,train:909,1,1,1.0,1.0,0.5714285714285714,1.0,-0.03980543056394414,0.5714285714285714
631,0,train:9483,1,1,1.0,1.0,1.0,1.0,-0.03980543056394414,0.5714285714285714
632,0,train:1727,1,1,1.0,1.0,0.5714285714285714,1.0,0.5039205006238403,0.7142857142857143
633,0,train:6476,0,0,0.75,0.7142857142857143,0.5714285714285714,0.5714285714285714,-0.9018295004026471,0.2857142857142857
634,0,train:8756,1,1,1.0,1.0,0.2857142857142857,0.14285714285714285,1.0476464318116243,0.8571428571428571
635,0,train:9017,0,0,1.0,1.0,0.7142857142857143,0.7142857142857143,0.7988390123143475,0.5714285714285714
636,0,train:6212,0,1,1.0,1.0,0.42857142857142855,0.42857142857142855,-0.5835313617517284,0.42857142857142855
637,0,train:1266,1,1,1.0,1.0,0.2857142857142857,0.2857142857142857,-1.1272572929395126,0.2857142857142857
638,0,train:5877,1,1,1.0,0.7142857142857143,0.14285714285714285,0.14285714285714285,-1.6709832241272968,0.14285714285714285
639,0,train:9483,0,0,0.25,0.2857142857142857,0.14285714285714285,0.14285714285714285,-1.7521637567611443,0.14285714285714285
640,0,train:8116,0,1,1.0,1.0,0.8571428571428571,0.8571428571428571,1.0476464318116243,0.8571428571428571
641,0,train:6212,0,0,1.0,0.42857142857142855,0.7142857142857143,0.7142857142857143,1.649173268672845,0.7142857142857143
642,0,train:9773,0,0,0.75,0.8571428571428571,0.8571428571428571,0.8571428571428571,0.7988390123143475,0.5714285714285714
643,0,test:9441,0,0,1.0,1.0,1.0,0.7142857142857143,-0.051495244044149804,0.42857142857142855
644,0,train:3089,1,1,1.0,1.0,0.8571428571428571,0.8571428571428571,0.5039205006238403,0.7142857142857143
645,0,train:4944,0,0,0.625,0.8571428571428571,0.14285714285714285,0.14285714285714285,-1.7521637567611443,0.14285714285714285
646,0,train:2344,1,0,1.0,1.0,0.8571428571428571,0.8571428571428571,1.649173268672845,0.7142857142857143
647,0,train:1660,1,1,1.0,1.0,0.8571428571428571,0.8571428571428571,1.0476464318116243,0.8571428571428571
648,0,train:4916,0,1,0.75,1.0,0.14285714285714285,0.14285714285714285,-0.03980543056394414,0.5714285714285714
649,0,train:6845,0,1,1.0,1.0,1.0,0.42857142857142855,0.5039205006238403,0.7142857142857143
650,0,train:2453,1,1,1.0,1.0,0.8571428571428571,0.8571428571428571,-0.5835313617517284,0.42857142857142855
651,0,test:5427,0,0,1.0,1.0,0.2857142857142857,0.2857142857142857,-0.051495244044149804,0.42857142857142855
652,0,train:418,1,1,0.75,0.42857142857142855,0.14285714285714285,0.14285714285714285,-1.6709832241272968,0.14285714285714285
653,0,train:4665,1,1,1.0,1.0,0.42857142857142855,0.2857142857142857,1.0476464318116243,0.8571428571428571
654,0,train:3706,0,0,1.0,1.0,1.0,0.7142857142857143,0.7988390123143475,0.5714285714285714
655,0,train:2225,0,1,1.0,1.0,0.8571428571428571,0.8571428571428571,-0.03980543056394414,0.5714285714285714
656,0,train:999,1,0,0.5,0.5714285714285714,0.5714285714285714,0.5714285714285714,-0.051495244044149804,0.42857142857142855
657,0,train:5222,1,0,0.75,0.42857142857142855,0.5714285714285714,0.5714285714285714,-0.051495244044149804,0.42857142857142855
658,0,train:2102,0,0,1.0,1.0,0.8571428571428571,0.8571428571428571,1.649173268672845,0.7142857142857143
659,0,train:9816,0,0,0.75,0.7142857142857143,0.42857142857142855,0.42857142857142855,-0.9018295004026471,0.2857142857142857
660,0,train:7480,1,0,0.125,0.5714285714285714,0.14285714285714285,0.14285714285714285,-1.7521637567611443,0.14285714285714285
661,0,train:1492,1,0,0.5,0.7142857142857143,0.2857142857142857,0.2857142857142857,-0.051495244044149804,0.42857142857142855
662,0,train:2102,0,0,1.0,1.0,1.0,1.0,1.649173268672845,0.7142857142857143
663,0,train:2344,1,0,0.875,0.2857142857142857,0.2857142857142857,0.2857142857142857,-1.7521637567611443,0.14285714285714285
664,0,train:6476,0,1,1.0,1.0,1.0,0.8571428571428571,-0.03980543056394414,0.5714285714285714
665,0,train:529,0,0,0.75,1.0,0.8571428571428571,0.8571428571428571,0.7988390123143475,0.5714285714285714
666,0,test:5069,1,1,1.0,1.0,0.14285714285714285,0.14285714285714285,-0.5835313617517284,0.42857142857142855
667,0,train:1492,1,1,1.0,0.2857142857142857,0.7142857142857143,1.0,1.5913723629994088,1.0
668,0,train:4916,0,0,1.0,1.0,0.8571428571428571,0.8571428571428571,0.7988390123143475,0.5714285714285714
669,0,test:5069,1,0,0.25,0.2857142857142857,0.2857142857142857,0.2857142857142857,-0.9018295004026471,0.2857142857142857
670,0,test:6949,1,1,0.875,1.0,1.0,1.0,-0.5835313617517284,0.42857142857142855
671,0,train:8337,0,0,1.0,1.0,0.42857142857142855,0.42857142857142855,-0.051495244044149804,0.42857142857142855
672,0,train:8462,0,0,0.5,0.7142857142857143,0.14285714285714285,0.14285714285714285,0.7988390123143475,0.5714285714285714
673,0,train:8669,0,0,1.0,1.0,1.0,0.8571428571428571,1.649173268672845,0.7142857142857143
674,0,train:418,1,1,1.0,1.0,0.7142857142857143,0.7142857142857143,0.5039205006238403,0.7142857142857143
675,0,test:9736,1,1,1.0,1.0,0.7142857142857143,0.7142857142857143,-0.5835313617517284,0.42857142857142855
676,0,train:6212,0,1,1.0,1.0,1.0,0.7142857142857143,-0.03980543056394414,0.5714285714285714
677,0,train:8116,1,1,1.0,1.0,0.14285714285714285,0.14285714285714285,-1.1272572929395126,0.2857142857142857
678,0,train:9037,1,1,1.0,1.0,0.8571428571428571,1.0,-0.5835313617517284,0.42857142857142855
679,0,train:4665,1,0,0.125,0.2857142857142857,0.42857142857142855,0.42857142857142855,-1.7521637567611443,0.14285714285714285
680,0,train:9188,0,0,0.875,1.0,1.0,1.0,0.7988390123143475,0.5714285714285714
681,0,train:4916,0,0,1.0,1.0,0.8571428571428571,0.8571428571428571,0.7988390123143475,0.5714285714285714
682,0,train:4691,0,0,0.75,1.0,0.5714285714285714,0.5714285714285714,0.7988390123143475,0.5714285714285714
683,0,train:249,0,0,0.875,1.0,0.8571428571428571,0.8571428571428571,0.7988390123143475,0.5714285714285714
684,0,train:2814,0,1,1.0,0.42857142857142855,0.14285714285714285,0.14285714285714285,1.5913723629994088,1.0
685,0,train:17,0,0,0.625,0.42857142857142855,1.0,1.0,-1.7521637567611443,0.14285714285714285
686,0,test:5427,1,1,1.0,1.0,0.14285714285714285,0.14285714285714285,-0.5835313617517284,0.42857142857142855
687,0,train:1780,0,0,1.0,1.0,0.42857142857142855,0.42857142857142855,-0.9018295004026471,0.2857142857142857
688,0,train:7877,0,0,1.0,1.0,0.8571428571428571,0.8571428571428571,0.7988390123143475,0.5714285714285714
689,0,train:5815,1,1,1.0,1.0,0.14285714285714285,0.14285714285714285,-1.6709832241272968,0.14285714285714285
690,0,test:2775,1,0,0.25,0.8571428571428571,0.2857142857142857,0.2857142857142857,-0.9018295004026471,0.2857142857142857
691,0,train:6845,1,0,0.625,0.2857142857142857,0.2857142857142857,0.2857142857142857,-0.9018295004026471,0.2857142857142857
692,0,train:8669,0,1,0.625,0.7142857142857143,0.5714285714285714,0.8571428571428571,-1.6709832241272968,0.14285714285714285
693,0,train:4691,1,0,0.875,0.2857142857142857,0.2857142857142857,0.2857142857142857,-0.051495244044149804,0.42857142857142855
694,0,train:2204,0,0,1.0,1.0,0.7142857142857143,0.7142857142857143,-0.9018295004026471,0.2857142857142857
695,0,train:1033,1,0,0.875,0.42857142857142855,0.8571428571428571,0.2857142857142857,-0.9018295004026471,0.2857142857142857
696,0,train:2437,1,0,0.25,0.2857142857142857,1.0,0.8571428571428571,0.7988390123143475,0.5714285714285714
697,0,train:5877,0,0,0.375,0.2857142857142857,0.8571428571428571,0.8571428571428571,1.649173268672845,0.7142857142857143
698,0,train:1479,0,0,1.0,1.0,0.2857142857142857,0.2857142857142857,-0.051495244044149804,0.42857142857142855
699,0,train:8269,0,0,1.0,1.0,0.8571428571428571,0.8571428571428571,-0.051495244044149804,0.42857142857142855
700,0,train:5864,0,1,1.0,1.0,1.0,0.7142857142857143,-0.5835313617517284,0.42857142857142855
701,0,train:7448,0,0,1.0,1.0,0.14285714285714285,0.14285714285714285,-0.051495244044149804,0.42857142857142855
702,0,train:5282,0,1,1.0,1.0,0.2857142857142857,0.2857142857142857,1.0476464318116243,0.8571428571428571
703,0,train:709,1,1,1.0,1.0,0.42857142857142855,1.0,0.5039205006238403,0.7142857142857143
704,0,train:7860,1,1,1.0,1.0,0.5714285714285714,0.5714285714285714,-1.1272572929395126,0.2857142857142857
705,0,train:8105,1,1,1.0,1.0,0.2857142857142857,0.8571428571428571,1.5913723629994088,1.0
706,0,train:7612,1,0,0.875,1.0,0.7142857142857143,1.0,-0.051495244044149804,0.42857142857142855
707,0,train:9366,0,1,0.75,1.0,0.2857142857142857,0.2857142857142857,-0.03980543056394414,0.5714285714285714
708,0,train:8105,0,1,1.0,1.0,0.14285714285714285,0.5714285714285714,1.5913723629994088,1.0
709,0,train:7170,0,0,0.5,0.7142857142857143,0.7142857142857143,0.7142857142857143,-0.051495244044149804,0.42857142857142855
710,0,train:2453,1,0,1.0,1.0,0.8571428571428571,0.7142857142857143,1.649173268672845,0.7142857142857143
711,0,train:5035,0,1,1.0,1.0,0.7142857142857143,0.7142857142857143,1.0476464318116243,0.8571428571428571
712,0,train:7170,1,0,0.125,0.2857142857142857,0.14285714285714285,0.14285714285714285,-0.9018295004026471,0.2857142857142857
713,0,train:7938,1,1,1.0,1.0,0.2857142857142857,0.2857142857142857,1.5913723629994088,1.0
714,0,train:5833,0,1,1.0,1.0,0.8571428571428571,0.8571428571428571,-1.6709832241272968,0.14285714285714285
715,0,train:7480,0,0,1.0,1.0,0.8571428571428571,0.8571428571428571,0.7988390123143475,0.5714285714285714
716,0,train:6673,1,1,0.375,1.0,0.2857142857142857,0.2857142857142857,-0.03980543056394414,0.5714285714285714
717,0,train:5833,1,0,0.25,0.2857142857142857,0.5714285714285714,0.5714285714285714,-0.9018295004026471,0.2857142857142857
718,0,train:5877,0,0,1.0,1.0,0.7142857142857143,0.7142857142857143,0.7988390123143475,0.5714285714285714
719,0,train:9816,1,0,1.0,1.0,1.0,0.8571428571428571,0.7988390123143475,0.5714285714285714
720,0,train:2590,0,0,1.0,1.0,0.42857142857142855,0.42857142857142855,1.649173268672845,0.7142857142857143
721,0,train:7480,0,1,1.0,1.0,0.8571428571428571,0.42857142857142855,-0.5835313617517284,0.42857142857142855
722,0,train:708,0,0,1.0,1.0,1.0,1.0,0.7988390123143475,0.5714285714285714
723,0,train:5864,0,1,1.0,0.7142857142857143,0.5714285714285714,0.5714285714285714,-1.1272572929395126,0.2857142857142857
724,0,train:1780,1,1,1.0,1.0,0.14285714285714285,0.14285714285714285,-0.03980543056394414,0.5714285714285714
725,0,train:1866,1,1,1.0,1.0,0.42857142857142855,0.42857142857142855,1.5913723629994088,1.0
726,0,train:5816,0,1,1.0,1.0,0.2857142857142857,0.2857142857142857,-1.1272572929395126,0.2857142857142857
727,0,train:5537,0,0,0.125,0.42857142857142855,0.14285714285714285,0.14285714285714285,-1.7521637567611443,0.14285714285714285
728,0,train:5811,1,0,0.625,0.42857142857142855,0.42857142857142855,0.42857142857142855,-1.7521637567611443,0.14285714285714285
729,0,train:5343,1,1,1.0,1.0,0.5714285714285714,0.5714285714285714,-0.03980543056394414,0.5714285714285714
730,0,train:868,1,1,1.0,1.0,0.2857142857142857,0.42857142857142855,-1.1272572929395126,0.2857142857142857
731,0,train:1479,1,1,1.0,1.0,0.42857142857142855,0.42857142857142855,-1.1272572929395126,0.2857142857142857
732,0,train:3216,1,0,0.375,0.5714285714285714,1.0,0.7142857142857143,-0.9018295004026471,0.2857142857142857
733,0,train:6476,0,0,1.0,1.0,0.7142857142857143,0.7142857142857143,0.7988390123143475,0.5714285714285714
734,0,train:5343,1,1,0.875,1.0,0.42857142857142855,0.42857142857142855,-0.5835313617517284,0.42857142857142855
735,0,train:1866,1,1,1.0,1.0,0.42857142857142855,0.8571428571428571,1.5913723629994088,1.0
736,0,train:6476,0,1,1.0,1.0,0.5714285714285714,0.5714285714285714,1.5913723629994088,1.0
737,0,train:5496,1,0,0.125,0.2857142857142857,0.5714285714285714,0.5714285714285714,-0.051495244044149804,0.42857142857142855
738,0,train:4305,0,0,0.75,1.0,0.7142857142857143,0.7142857142857143,-0.051495244044149804,0.42857142857142855
739,0,train:8576,1,1,1.0,1.0,1.0,0.8571428571428571,-1.1272572929395126,0.2857142857142857
740,0,train:5227,0,0,0.625,1.0,1.0,1.0,-0.051495244044149804,0.42857142857142855
741,0,train:8576,1,1,1.0,1.0,0.2857142857142857,0.2857142857142857,-0.03980543056394414,0.5714285714285714
742,0,train:8756,0,1,0.625,0.42857142857142855,0.5714285714285714,1.0,-0.03980543056394414,0.5714285714285714
743,0,train:9994,0,0,0.125,0.42857142857142855,0.8571428571428571,0.8571428571428571,0.7988390123143475,0.5714285714285714
744,0,train:6421,0,1,0.375,0.14285714285714285,0.7142857142857143,0.7142857142857143,0.5039205006238403,0.7142857142857143
745,0,test:6949,0,1,1.0,1.0,1.0,1.0,0.5039205006238403,0.7142857142857143
746,0,train:5815,0,0,1.0,1.0,0.8571428571428571,0.8571428571428571,1.649173268672845,0.7142857142857143
747,0,train:6673,1,1,1.0,1.0,0.5714285714285714,1.0,-0.03980543056394414,0.5714285714285714
748,0,train:3539,0,1,1.0,1.0,0.5714285714285714,0.14285714285714285,-0.5835313617517284,0.42857142857142855
749,0,train:4944,0,0,0.5,1.0,0.2857142857142857,0.2857142857142857,-0.9018295004026471,0.2857142857142857
750,0,train:8487,1,1,0.875,1.0,0.5714285714285714,0.5714285714285714,-0.5835313617517284,0.42857142857142855
751,0,train:8857,0,0,0.125,0.2857142857142857,0.5714285714285714,0.5714285714285714,-0.051495244044149804,0.42857142857142855
752,0,train:5864,0,0,1.0,0.8571428571428571,0.5714285714285714,0.5714285714285714,-0.051495244044149804,0.42857142857142855
753,0,train:7590,1,1,1.0,1.0,0.8571428571428571,0.8571428571428571,1.0476464318116243,0.8571428571428571
754,0,train:2753,1,1,1.0,1.0,0.5714285714285714,0.5714285714285714,-0.03980543056394414,0.5714285714285714
755,0,train:7612,0,0,1.0,1.0,0.8571428571428571,0.8571428571428571,-0.051495244044149804,0.42857142857142855
756,0,train:2814,1,0,1.0,1.0,1.0,1.0,0.7988390123143475,0.5714285714285714
757,0,train:5833,1,0,0.125,0.14285714285714285,0.14285714285714285,0.14285714285714285,-1.7521637567611443,0.14285714285714285
758,0,train:5456,1,0,0.125,0.2857142857142857,0.14285714285714285,0.14285714285714285,-0.9018295004026471,0.2857142857142857
759,0,test:6949,1,0,0.75,0.2857142857142857,0.42857142857142855,0.42857142857142855,-0.051495244044149804,0.42857142857142855
760,0,train:5193,0,0,1.0,1.0,0.8571428571428571,0.8571428571428571,-0.051495244044149804,0.42857142857142855
761,0,train:5364,1,1,1.0,1.0,0.5714285714285714,0.5714285714285714,1.0476464318116243,0.8571428571428571
762,0,train:7877,0,0,1.0,1.0,0.8571428571428571,0.8571428571428571,-0.051495244044149804,0.42857142857142855
763,0,train:6415,1,0,0.25,0.2857142857142857,0.14285714285714285,0.14285714285714285,-1.7521637567611443,0.14285714285714285
764,0,train:7480,0,0,0.875,1.0,0.14285714285714285,0.14285714285714285,-1.7521637567611443,0.14285714285714285
765,0,train:1609,1,0,0.375,0.5714285714285714,0.5714285714285714,0.5714285714285714,0.7988390123143475,0.5714285714285714
766,0,train:9188,0,1,1.0,0.14285714285714285,0.8571428571428571,0.8571428571428571,0.5039205006238403,0.7142857142857143
767,0,train:6415,0,0,0.75,1.0,1.0,0.8571428571428571,-0.051495244044149804,0.42857142857142855
768,0,train:3089,1,1,1.0,1.0,0.7142857142857143,0.5714285714285714,0.5039205006238403,0.7142857142857143
769,0,train:8337,0,0,1.0,1.0,0.42857142857142855,0.42857142857142855,0.7988390123143475,0.5714285714285714
770,0,train:8669,0,1,0.375,0.2857142857142857,0.2857142857142857,0.2857142857142857,-1.1272572929395126,0.2857142857142857
771,0,train:308,1,0,0.125,0.2857142857142857,0.42857142857142855,0.42857142857142855,-0.051495244044149804,0.42857142857142855
772,0,train:4929,1,1,0.75,0.2857142857142857,0.8571428571428571,1.0,-1.1272572929395126,0.2857142857142857
773,0,train:3562,1,1,1.0,1.0,0.7142857142857143,0.7142857142857143,0.5039205006238403,0.7142857142857143
774,0,train:3216,0,1,0.5,0.2857142857142857,0.14285714285714285,0.14285714285714285,-0.03980543056394414,0.5714285714285714
775,0,train:4944,0,0,1.0,0.2857142857142857,0.5714285714285714,0.5714285714285714,-0.051495244044149804,0.42857142857142855
776,0,train:2225,1,1,0.875,1.0,0.42857142857142855,0.42857142857142855,-0.03980543056394414,0.5714285714285714
777,0,train:17,0,0,1.0,1.0,0.8571428571428571,0.8571428571428571,-0.051495244044149804,0.42857142857142855
778,0,train:5193,1,1,1.0,1.0,1.0,0.7142857142857143,0.5039205006238403,0.7142857142857143
779,0,train:999,1,1,1.0,1.0,0.42857142857142855,0.2857142857142857,-0.5835313617517284,0.42857142857142855
780,0,train:6212,0,1,1.0,1.0,0.7142857142857143,0.7142857142857143,-0.03980543056394414,0.5714285714285714
781,0,train:648,1,1,1.0,1.0,0.8571428571428571,0.8571428571428571,-0.5835313617517284,0.42857142857142855
782,0,train:4915,1,1,1.0,1.0,0.8571428571428571,0.8571428571428571,1.0476464318116243,0.8571428571428571
783,0,train:6673,0,0,1.0,1.0,0.42857142857142855,0.42857142857142855,0.7988390123143475,0.5714285714285714
784,0,train:17,1,0,1.0,1.0,0.7142857142857143,0.7142857142857143,-0.051495244044149804,0.42857142857142855
785,0,train:6372,0,0,1.0,1.0,1.0,0.2857142857142857,-0.051495244044149804,0.42857142857142855
786,0,train:5300,0,0,1.0,1.0,0.8571428571428571,0.8571428571428571,1.649173268672845,0.7142857142857143
787,0,train:5815,0,0,0.5,0.8571428571428571,0.5714285714285714,0.5714285714285714,0.7988390123143475,0.5714285714285714
788,0,train:5877,1,1,0.75,0.5714285714285714,0.5714285714285714,0.5714285714285714,-1.1272572929395126,0.2857142857142857
789,0,train:1033,0,0,1.0,1.0,0.8571428571428571,0.8571428571428571,0.7988390123143475,0.5714285714285714
790,0,train:9816,0,0,0.625,0.5714285714285714,0.7142857142857143,0.7142857142857143,0.7988390123143475,0.5714285714285714
791,0,train:1727,1,0,0.125,0.2857142857142857,0.7142857142857143,0.7142857142857143,0.7988390123143475,0.5714285714285714
792,0,train:8756,0,0,0.625,0.5714285714285714,0.5714285714285714,0.5714285714285714,0.7988390123143475,0.5714285714285714
793,0,train:7510,1,1,1.0,1.0,0.42857142857142855,0.5714285714285714,-1.1272572929395126,0.2857142857142857
794,0,train:1660,1,1,1.0,1.0,0.8571428571428571,0.8571428571428571,1.5913723629994088,1.0
795,0,train:1866,0,0,0.5,0.5714285714285714,0.2857142857142857,0.2857142857142857,-0.9018295004026471,0.2857142857142857
796,0,train:8116,0,0,1.0,1.0,0.8571428571428571,0.8571428571428571,-0.9018295004026471,0.2857142857142857
797,0,test:5610,0,0,0.875,0.8571428571428571,0.14285714285714285,0.14285714285714285,-0.051495244044149804,0.42857142857142855
798,0,train:7448,0,1,1.0,1.0,0.2857142857142857,0.2857142857142857,1.0476464318116243,0.8571428571428571
799,0,train:5864,0,0,1.0,1.0,0.8571428571428571,0.8571428571428571,1.649173268672845,0.7142857142857143
800,0,train:8669,0,0,1.0,1.0,0.42857142857142855,0.42857142857142855,-0.9018295004026471,0.2857142857142857
801,0,train:1660,1,1,1.0,1.0,0.7142857142857143,0.7142857142857143,0.5039205006238403,0.7142857142857143
802,0,train:2437,1,1,1.0,1.0,0.7142857142857143,0.7142857142857143,-0.5835313617517284,0.42857142857142855
803,0,train:5456,1,0,1.0,1.0,1.0,1.0,0.7988390123143475,0.5714285714285714
804,0,train:9017,0,0,1.0,1.0,0.8571428571428571,0.8571428571428571,1.649173268672845,0.7142857142857143
805,0,train:5534,0,1,1.0,1.0,0.5714285714285714,0.42857142857142855,1.0476464318116243,0.8571428571428571
806,0,train:1660,1,1,1.0,1.0,0.5714285714285714,0.5714285714285714,1.0476464318116243,0.8571428571428571
807,0,train:1999,1,1,1.0,1.0,0.5714285714285714,0.5714285714285714,0.5039205006238403,0.7142857142857143
808,0,train:308,1,1,1.0,1.0,0.5714285714285714,0.5714285714285714,-1.1272572929395126,0.2857142857142857
809,0,train:5537,0,0,1.0,1.0,0.42857142857142855,0.42857142857142855,-0.051495244044149804,0.42857142857142855
810,0,train:5537,0,0,1.0,1.0,0.7142857142857143,0.5714285714285714,-0.051495244044149804,0.42857142857142855
811,0,test:9736,0,0,1.0,1.0,1.0,1.0,-0.051495244044149804,0.42857142857142855
812,0,train:4691,0,0,1.0,1.0,0.7142857142857143,0.7142857142857143,-0.051495244044149804,0.42857142857142855
813,0,train:9037,0,0,0.75,0.7142857142857143,0.7142857142857143,0.7142857142857143,1.649173268672845,0.7142857142857143
814,0,train:708,1,1,1.0,1.0,0.5714285714285714,0.5714285714285714,0.5039205006238403,0.7142857142857143
815,0,test:2463,0,0,0.375,0.2857142857142857,0.2857142857142857,0.2857142857142857,0.7988390123143475,0.5714285714285714
816,0,train:5809,1,1,1.0,1.0,0.42857142857142855,0.7142857142857143,1.5913723629994088,1.0
817,0,train:4334,0,1,0.75,0.2857142857142857,1.0,1.0,1.5913723629994088,1.0
818,0,train:8669,0,1,0.875,0.2857142857142857,0.7142857142857143,0.7142857142857143,0.5039205006238403,0.7142857142857143
819,0,train:5815,0,1,1.0,0.14285714285714285,0.14285714285714285,0.14285714285714285,1.5913723629994088,1.0
820,0,train:6438,1,1,1.0,1.0,0.8571428571428571,0.8571428571428571,-0.5835313617517284,0.42857142857142855
821,0,train:9397,0,0,0.125,0.2857142857142857,0.2857142857142857,0.2857142857142857,-0.9018295004026471,0.2857142857142857
822,0,train:9483,1,1,1.0,1.0,0.2857142857142857,0.2857142857142857,-0.03980543056394414,0.5714285714285714
823,0,test:2463,1,1,1.0,1.0,0.5714285714285714,0.5714285714285714,-0.5835313617517284,0.42857142857142855
824,0,train:2590,1,1,1.0,1.0,0.8571428571428571,0.8571428571428571,-0.5835313617517284,0.42857142857142855
825,0,train:1033,0,0,1.0,1.0,0.5714285714285714,0.5714285714285714,-0.051495244044149804,0.42857142857142855
826,0,train:1615,1,1,1.0,1.0,0.8571428571428571,0.7142857142857143,0.5039205006238403,0.7142857142857143
827,0,train:4691,1,1,1.0,1.0,0.7142857142857143,0.7142857142857143,-0.03980543056394414,0.5714285714285714
828,0,train:9188,0,0,1.0,1.0,0.8571428571428571,0.7142857142857143,-0.051495244044149804,0.42857142857142855
829,0,train:4514,0,1,0.875,0.7142857142857143,0.2857142857142857,0.7142857142857143,-0.03980543056394414,0.5714285714285714
830,0,train:5193,0,0,1.0,1.0,0.8571428571428571,0.8571428571428571,1.649173268672845,0.7142857142857143
831,0,train:2437,1,1,1.0,1.0,0.5714285714285714,1.0,1.0476464318116243,0.8571428571428571
832,0,train:7938,1,0,0.375,0.5714285714285714,0.5714285714285714,0.5714285714285714,-1.7521637567611443,0.14285714285714285
833,0,train:7480,0,0,0.75,1.0,0.5714285714285714,0.5714285714285714,-0.9018295004026471,0.2857142857142857
834,0,train:999,0,0,1.0,1.0,1.0,1.0,-0.051495244044149804,0.42857142857142855
835,0,train:5222,1,1,1.0,1.0,0.5714285714285714,0.5714285714285714,1.0476464318116243,0.8571428571428571
836,0,train:5364,1,1,1.0,1.0,0.5714285714285714,0.5714285714285714,1.5913723629994088,1.0
837,0,train:4915,1,0,0.125,0.5714285714285714,0.2857142857142857,0.2857142857142857,0.7988390123143475,0.5714285714285714
838,0,train:5809,0,1,1.0,1.0,1.0,0.7142857142857143,-0.03980543056394414,0.5714285714285714
839,0,train:8718,0,1,1.0,0.2857142857142857,0.42857142857142855,0.42857142857142855,-1.6709832241272968,0.14285714285714285
840,0,train:418,0,0,0.5,0.7142857142857143,1.0,1.0,-0.051495244044149804,0.42857142857142855
841,0,train:3706,0,0,1.0,1.0,1.0,0.8571428571428571,0.7988390123143475,0.5714285714285714
842,0,train:2453,1,0,0.25,0.2857142857142857,0.5714285714285714,0.5714285714285714,-0.9018295004026471,0.2857142857142857
843,0,train:5227,0,0,1.0,0.8571428571428571,0.5714285714285714,0.5714285714285714,-0.051495244044149804,0.42857142857142855
844,0,train:8359,0,0,0.625,1.0,0.7142857142857143,0.7142857142857143,-1.7521637567611443,0.14285714285714285
845,0,train:8857,0,0,1.0,1.0,0.8571428571428571,0.8571428571428571,-0.051495244044149804,0.42857142857142855
846,0,test:5699,1,1,1.0,1.0,0.8571428571428571,0.8571428571428571,1.0476464318116243,0.8571428571428571
847,0,train:5809,1,0,0.125,0.2857142857142857,0.14285714285714285,0.14285714285714285,-1.7521637567611443,0.14285714285714285
848,0,train:4915,1,0,0.125,0.2857142857142857,0.14285714285714285,0.42857142857142855,-1.7521637567611443,0.14285714285714285
849,0,train:1615,1,0,0.75,1.0,0.7142857142857143,0.7142857142857143,-0.051495244044149804,0.42857142857142855
850,0,train:868,1,1,1.0,1.0,0.5714285714285714,1.0,1.0476464318116243,0.8571428571428571
851,0,train:5227,0,0,0.625,0.2857142857142857,0.8571428571428571,0.8571428571428571,-0.051495244044149804,0.42857142857142855
852,0,test:2775,1,0,1.0,1.0,1.0,0.7142857142857143,0.7988390123143475,0.5714285714285714
853,0,train:8116,0,1,1.0,1.0,0.7142857142857143,0.7142857142857143,-0.5835313617517284,0.42857142857142855
854,0,train:4514,0,0,1.0,1.0,0.8571428571428571,0.8571428571428571,0.7988390123143475,0.5714285714285714
855,0,train:5864,0,1,0.625,0.42857142857142855,0.2857142857142857,0.7142857142857143,-0.03980543056394414,0.5714285714285714
856,0,train:7860,1,1,1.0,1.0,0.2857142857142857,0.2857142857142857,-0.5835313617517284,0.42857142857142855
857,0,train:8488,1,1,0.375,0.2857142857142857,0.14285714285714285,0.14285714285714285,-1.6709832241272968,0.14285714285714285
858,0,train:3216,0,0,0.875,0.42857142857142855,0.2857142857142857,0.2857142857142857,-0.051495244044149804,0.42857142857142855
859,0,train:328,1,1,1.0,1.0,0.42857142857142855,0.7142857142857143,0.5039205006238403,0.7142857142857143
860,0,train:999,0,0,0.5,1.0,0.2857142857142857,0.2857142857142857,-0.051495244044149804,0.42857142857142855
861,0,train:1033,0,0,1.0,1.0,0.5714285714285714,0.7142857142857143,0.7988390123143475,0.5714285714285714
862,0,train:6438,1,0,0.75,0.2857142857142857,0.42857142857142855,0.42857142857142855,-1.7521637567611443,0.14285714285714285
863,0,train:868,0,1,1.0,1.0,1.0,1.0,-0.03980543056394414,0.5714285714285714
864,0,train:8359,0,0,1.0,1.0,1.0,1.0,1.649173268672845,0.7142857142857143
865,0,train:5364,1,1,1.0,1.0,1.0,1.0,-1.1272572929395126,0.2857142857142857
866,0,train:2814,0,1,0.75,1.0,1.0,1.0,-1.1272572929395126,0.2857142857142857
867,0,train:5537,0,0,1.0,1.0,0.42857142857142855,0.7142857142857143,0.7988390123143475,0.5714285714285714
868,0,train:2437,1,0,0.375,0.2857142857142857,0.2857142857142857,0.2857142857142857,-0.051495244044149804,0.42857142857142855
869,0,train:5456,1,1,1.0,1.0,0.42857142857142855,0.7142857142857143,0.5039205006238403,0.7142857142857143
870,0,train:6845,0,0,0.625,0.5714285714285714,0.14285714285714285,0.14285714285714285,-1.7521637567611443,0.14285714285714285
871,0,train:7480,1,1,1.0,1.0,0.7142857142857143,0.8571428571428571,-0.03980543056394414,0.5714285714285714
872,0,train:4305,1,0,1.0,1.0,0.2857142857142857,0.2857142857142857,-0.051495244044149804,0.42857142857142855
873,0,train:532,1,1,1.0,0.7142857142857143,1.0,1.0,-0.5835313617517284,0.42857142857142855
874,0,train:2494,1,1,0.375,0.7142857142857143,0.2857142857142857,0.2857142857142857,-1.1272572929395126,0.2857142857142857
875,0,train:5727,1,0,0.25,0.42857142857142855,0.14285714285714285,0.14285714285714285,-1.7521637567611443,0.14285714285714285
876,0,train:7860,1,1,1.0,1.0,0.5714285714285714,0.5714285714285714,-1.1272572929395126,0.2857142857142857
877,0,train:1866,1,0,0.25,0.2857142857142857,0.42857142857142855,0.42857142857142855,-0.9018295004026471,0.2857142857142857
878,0,train:5409,1,1,1.0,1.0,0.42857142857142855,0.5714285714285714,-0.5835313617517284,0.42857142857142855
879,0,train:6421,1,1,1.0,1.0,0.7142857142857143,1.0,-0.5835313617517284,0.42857142857142855
880,0,train:5366,1,1,1.0,1.0,0.7142857142857143,0.7142857142857143,1.5913723629994088,1.0
881,0,test:6949,1,0,0.125,0.14285714285714285,0.5714285714285714,0.5714285714285714,-1.7521637567611443,0.14285714285714285
882,0,train:3089,1,1,1.0,1.0,0.8571428571428571,0.8571428571428571,-0.03980543056394414,0.5714285714285714
883,0,test:5427,0,0,1.0,0.2857142857142857,0.8571428571428571,0.8571428571428571,0.7988390123143475,0.5714285714285714
884,0,train:6476,1,0,0.125,0.42857142857142855,0.2857142857142857,0.2857142857142857,-1.7521637567611443,0.14285714285714285
885,0,train:6438,1,1,1.0,1.0,0.42857142857142855,0.42857142857142855,1.5913723629994088,1.0
886,0,train:1453,0,0,0.75,1.0,1.0,0.42857142857142855,-0.9018295004026471,0.2857142857142857
887,0,train:2453,1,1,1.0,1.0,0.7142857142857143,0.7142857142857143,1.5913723629994088,1.0
888,0,train:2753,1,0,0.875,0.2857142857142857,0.5714285714285714,0.5714285714285714,-1.7521637567611443,0.14285714285714285
889,0,train:6673,0,0,0.375,0.5714285714285714,1.0,1.0,0.7988390123143475,0.5714285714285714
890,0,train:5555,0,0,1.0,1.0,0.8571428571428571,0.8571428571428571,1.649173268672845,0.7142857142857143
891,0,train:648,0,0,1.0,1.0,1.0,0.5714285714285714,1.649173268672845,0.7142857142857143
892,0,train:7510,0,1,1.0,1.0,0.8571428571428571,0.8571428571428571,-1.1272572929395126,0.2857142857142857
893,0,test:2463,0,0,0.75,1.0,1.0,1.0,1.649173268672845,0.7142857142857143
894,0,train:4944,0,0,0.625,1.0,0.5714285714285714,0.5714285714285714,0.7988390123143475,0.5714285714285714
895,0,train:648,0,0,0.125,0.42857142857142855,0.5714285714285714,0.5714285714285714,-0.9018295004026471,0.2857142857142857
896,0,train:5167,0,0,1.0,1.0,0.7142857142857143,0.7142857142857143,0.7988390123143475,0.5714285714285714
897,0,train:9366,0,1,0.875,1.0,0.8571428571428571,0.14285714285714285,-0.5835313617517284,0.42857142857142855
898,0,train:4915,1,1,1.0,1.0,0.5714285714285714,0.5714285714285714,-0.03980543056394414,0.5714285714285714
899,0,train:1999,0,0,0.875,0.7142857142857143,1.0,0.8571428571428571,0.7988390123143475,0.5714285714285714
900,0,test:2775,1,0,0.25,0.7142857142857143,0.5714285714285714,0.5714285714285714,-0.051495244044149804,0.42857142857142855
901,0,train:2102,0,0,0.375,0.42857142857142855,0.2857142857142857,0.2857142857142857,-0.051495244044149804,0.42857142857142855
902,0,train:5343,0,1,0.75,1.0,0.14285714285714285,0.14285714285714285,-1.1272572929395126,0.2857142857142857
903,0,train:6421,0,0,1.0,1.0,0.7142857142857143,0.7142857142857143,0.7988390123143475,0.5714285714285714
904,0,train:6673,1,0,0.125,0.2857142857142857,0.14285714285714285,0.14285714285714285,-0.9018295004026471,0.2857142857142857
905,0,train:8857,0,0,1.0,1.0,1.0,1.0,-0.051495244044149804,0.42857142857142855
906,0,train:8669,0,0,1.0,1.0,0.8571428571428571,0.8571428571428571,0.7988390123143475,0.5714285714285714
907,0,train:1999,0,1,0.875,1.0,0.2857142857142857,0.2857142857142857,-1.1272572929395126,0.2857142857142857
908,0,train:1780,1,1,1.0,1.0,0.42857142857142855,0.42857142857142855,-1.1272572929395126,0.2857142857142857
909,0,train:5574,1,1,1.0,1.0,0.7142857142857143,0.7142857142857143,0.5039205006238403,0.7142857142857143
910,0,train:6372,0,0,1.0,1.0,1.0,0.7142857142857143,-0.051495244044149804,0.42857142857142855
911,0,train:10072,1,1,1.0,1.0,0.5714285714285714,0.5714285714285714,-1.1272572929395126,0.2857142857142857
912,0,train:7612,1,0,0.875,1.0,0.8571428571428571,0.8571428571428571,-0.051495244044149804,0.42857142857142855
913,0,train:8762,0,1,0.25,0.42857142857142855,0.14285714285714285,0.14285714285714285,-1.6709832241272968,0.14285714285714285
914,0,train:4929,1,1,0.875,1.0,0.5714285714285714,1.0,-1.1272572929395126,0.2857142857142857
915,0,train:4514,0,0,1.0,1.0,0.5714285714285714,0.5714285714285714,-0.051495244044149804,0.42857142857142855
916,0,train:1615,1,1,1.0,1.0,1.0,1.0,1.5913723629994088,1.0
917,0,train:8718,0,0,0.75,1.0,0.5714285714285714,0.5714285714285714,-1.7521637567611443,0.14285714285714285
918,0,train:4334,0,1,1.0,1.0,0.5714285714285714,0.5714285714285714,1.5913723629994088,1.0
919,0,train:262,1,1,1.0,1.0,0.7142857142857143,0.7142857142857143,1.5913723629994088,1.0
920,0,train:5765,0,1,1.0,1.0,0.14285714285714285,0.14285714285714285,-1.6709832241272968,0.14285714285714285
921,0,train:708,1,1,1.0,1.0,0.7142857142857143,0.7142857142857143,0.5039205006238403,0.7142857142857143
922,0,train:6374,1,1,1.0,1.0,0.5714285714285714,0.5714285714285714,-0.03980543056394414,0.5714285714285714
923,0,train:7510,1,1,1.0,1.0,0.14285714285714285,0.14285714285714285,-1.6709832241272968,0.14285714285714285
924,0,train:5765,1,1,1.0,1.0,0.2857142857142857,0.2857142857142857,-0.5835313617517284,0.42857142857142855
925,0,train:7860,0,1,0.625,1.0,0.7142857142857143,0.7142857142857143,1.0476464318116243,0.8571428571428571
926,0,train:6476,0,1,0.875,1.0,0.14285714285714285,0.14285714285714285,-1.6709832241272968,0.14285714285714285
927,0,train:1999,1,0,0.75,0.8571428571428571,0.2857142857142857,0.2857142857142857,-0.9018295004026471,0.2857142857142857
928,0,train:9397,1,1,1.0,0.2857142857142857,0.5714285714285714,0.14285714285714285,-1.1272572929395126,0.2857142857142857
929,0,train:4665,1,1,1.0,1.0,0.5714285714285714,0.2857142857142857,-0.5835313617517284,0.42857142857142855
930,0,train:7612,1,1,1.0,1.0,0.8571428571428571,0.8571428571428571,1.0476464318116243,0.8571428571428571
931,0,train:5877,1,0,0.625,0.5714285714285714,0.5714285714285714,0.5714285714285714,-0.051495244044149804,0.42857142857142855
932,0,train:999,0,0,1.0,1.0,0.7142857142857143,0.7142857142857143,1.649173268672845,0.7142857142857143
933,0,train:3216,1,0,1.0,0.2857142857142857,1.0,1.0,0.7988390123143475,0.5714285714285714
934,0,test:5069,0,0,0.625,0.2857142857142857,0.5714285714285714,0.5714285714285714,-0.9018295004026471,0.2857142857142857
935,0,train:3570,1,1,1.0,1.0,0.5714285714285714,0.5714285714285714,-1.1272572929395126,0.2857142857142857
936,0,train:6673,0,0,1.0,1.0,1.0,0.7142857142857143,1.649173268672845,0.7142857142857143
937,0,train:9483,0,1,1.0,1.0,1.0,1.0,-0.03980543056394414,0.5714285714285714
938,0,train:7877,1,1,1.0,1.0,0.8571428571428571,0.8571428571428571,-1.1272572929395126,0.2857142857142857
939,0,train:3733,0,1,0.625,0.2857142857142857,0.7142857142857143,0.7142857142857143,-0.5835313617517284,0.42857142857142855
940,0,test:8237,0,1,0.875,1.0,1.0,1.0,1.5913723629994088,1.0
941,0,train:5815,1,0,0.5,1.0,0.7142857142857143,0.7142857142857143,0.7988390123143475,0.5714285714285714
942,0,test:8237,0,1,0.875,0.2857142857142857,0.42857142857142855,0.7142857142857143,-1.1272572929395126,0.2857142857142857
943,0,train:5809,0,1,1.0,1.0,0.8571428571428571,0.42857142857142855,-0.5835313617517284,0.42857142857142855
944,0,train:3216,1,0,0.375,0.7142857142857143,0.2857142857142857,0.2857142857142857,-0.051495244044149804,0.42857142857142855
945,0,train:9188,0,0,1.0,1.0,1.0,1.0,0.7988390123143475,0.5714285714285714
946,0,train:3461,1,1,1.0,1.0,0.5714285714285714,0.5714285714285714,1.5913723629994088,1.0
947,0,train:6638,0,0,0.625,0.8571428571428571,1.0,1.0,-0.051495244044149804,0.42857142857142855
948,0,train:1866,1,0,1.0,1.0,1.0,0.7142857142857143,-0.051495244044149804,0.42857142857142855
949,0,train:1727,0,1,0.75,1.0,0.7142857142857143,0.8571428571428571,-0.5835313617517284,0.42857142857142855
950,0,train:7448,0,0,0.625,0.7142857142857143,1.0,1.0,0.7988390123143475,0.5714285714285714
951,0,train:6476,0,1,1.0,1.0,0.5714285714285714,0.5714285714285714,0.5039205006238403,0.7142857142857143
952,0,train:2706,0,1,0.75,1.0,1.0,0.7142857142857143,0.5039205006238403,0.7142857142857143
953,0,train:262,0,1,1.0,1.0,0.5714285714285714,0.5714285714285714,0.5039205006238403,0.7142857142857143
954,0,train:6421,0,0,1.0,1.0,1.0,1.0,-0.051495244044149804,0.42857142857142855
955,0,train:525,0,0,1.0,1.0,0.8571428571428571,0.8571428571428571,0.7988390123143475,0.5714285714285714
956,0,train:3939,1,1,1.0,1.0,0.8571428571428571,1.0,0.5039205006238403,0.7142857142857143
957,0,train:8451,0,0,0.75,0.42857142857142855,0.8571428571428571,0.8571428571428571,0.7988390123143475,0.5714285714285714
958,0,train:868,0,1,1.0,1.0,1.0,1.0,-1.6709832241272968,0.14285714285714285
959,0,train:359,0,0,0.375,1.0,1.0,0.7142857142857143,-0.051495244044149804,0.42857142857142855
960,0,train:7451,1,0,1.0,1.0,0.5714285714285714,0.5714285714285714,0.7988390123143475,0.5714285714285714
961,0,train:9773,0,1,1.0,1.0,0.42857142857142855,0.7142857142857143,-1.1272572929395126,0.2857142857142857
962,0,test:2463,1,0,0.375,0.5714285714285714,0.2857142857142857,0.2857142857142857,-0.051495244044149804,0.42857142857142855
963,0,train:359,0,0,1.0,1.0,0.8571428571428571,0.8571428571428571,1.649173268672845,0.7142857142857143
964,0,train:6505,1,0,0.25,0.42857142857142855,0.42857142857142855,0.42857142857142855,1.649173268672845,0.7142857142857143
965,0,train:5534,1,1,1.0,1.0,0.2857142857142857,0.2857142857142857,0.5039205006238403,0.7142857142857143
966,0,test:5610,0,0,1.0,1.0,0.5714285714285714,0.5714285714285714,0.7988390123143475,0.5714285714285714
967,0,train:1660,1,0,0.375,0.2857142857142857,0.8571428571428571,0.8571428571428571,0.7988390123143475,0.5714285714285714
968,0,train:6569,1,1,1.0,1.0,0.42857142857142855,0.8571428571428571,0.5039205006238403,0.7142857142857143
969,0,train:9037,1,1,1.0,1.0,1.0,0.5714285714285714,-0.03980543056394414,0.5714285714285714
970,0,train:999,1,1,1.0,1.0,0.7142857142857143,1.0,1.5913723629994088,1.0
971,0,train:418,1,1,1.0,1.0,0.42857142857142855,0.42857142857142855,-0.03980543056394414,0.5714285714285714
972,0,train:8857,0,0,0.75,1.0,1.0,0.42857142857142855,-0.051495244044149804,0.42857142857142855
973,0,train:4305,0,0,0.875,0.8571428571428571,0.42857142857142855,0.42857142857142855,-0.051495244044149804,0.42857142857142855
974,0,train:648,0,1,0.5,0.7142857142857143,0.14285714285714285,0.14285714285714285,-1.6709832241272968,0.14285714285714285
975,0,train:5537,0,0,1.0,1.0,0.5714285714285714,0.5714285714285714,0.7988390123143475,0.5714285714285714
976,0,train:8487,1,1,0.75,0.2857142857142857,0.42857142857142855,0.42857142857142855,-1.1272572929395126,0.2857142857142857
977,0,train:1615,0,0,1.0,1.0,0.8571428571428571,0.8571428571428571,1.649173268672845,0.7142857142857143
978,0,train:17,0,0,1.0,1.0,0.5714285714285714,0.5714285714285714,0.7988390123143475,0.5714285714285714
979,0,train:1660,1,1,1.0,1.0,0.7142857142857143,1.0,-1.6709832241272968,0.14285714285714285
980,0,train:328,1,1,1.0,1.0,0.7142857142857143,0.7142857142857143,0.5039205006238403,0.7142857142857143
981,0,train:8487,0,1,1.0,0.2857142857142857,0.8571428571428571,0.8571428571428571,-1.1272572929395126,0.2857142857142857
982,0,train:3089,1,1,0.75,0.5714285714285714,0.42857142857142855,0.42857142857142855,-1.6709832241272968,0.14285714285714285
983,0,train:308,1,0,0.125,0.2857142857142857,0.14285714285714285,0.14285714285714285,-0.9018295004026471,0.2857142857142857
984,0,train:648,0,0,0.875,0.8571428571428571,1.0,1.0,-0.051495244044149804,0.42857142857142855
985,0,train:6505,1,0,0.625,0.8571428571428571,0.2857142857142857,0.2857142857142857,-0.051495244044149804,0.42857142857142855
986,0,train:2814,0,0,0.375,0.42857142857142855,0.2857142857142857,0.2857142857142857,-0.9018295004026471,0.2857142857142857
987,0,train:8487,0,0,1.0,0.2857142857142857,0.7142857142857143,0.8571428571428571,-1.7521637567611443,0.14285714285714285
988,0,train:262,0,1,1.0,1.0,0.5714285714285714,0.5714285714285714,0.5039205006238403,0.7142857142857143
989,0,train:525,0,0,0.75,0.8571428571428571,1.0,0.5714285714285714,-0.9018295004026471,0.2857142857142857
990,0,train:5811,1,1,1.0,1.0,0.42857142857142855,0.5714285714285714,1.0476464318116243,0.8571428571428571
991,0,test:5699,1,1,1.0,1.0,0.5714285714285714,0.5714285714285714,-0.03980543056394414,0.5714285714285714
992,0,train:6673,1,1,1.0,1.0,0.8571428571428571,0.8571428571428571,0.5039205006238403,0.7142857142857143
993,0,train:4514,0,0,0.875,0.7142857142857143,0.5714285714285714,0.5714285714285714,-0.051495244044149804,0.42857142857142855
994,0,train:262,0,0,0.875,1.0,1.0,0.8571428571428571,-0.051495244044149804,0.42857142857142855
995,0,train:1727,1,1,1.0,1.0,0.7142857142857143,1.0,0.5039205006238403,0.7142857142857143
996,0,train:4334,0,1,0.75,0.2857142857142857,0.8571428571428571,0.8571428571428571,-0.03980543056394414,0.5714285714285714
997,0,train:3706,0,0,0.75,1.0,0.14285714285714285,0.14285714285714285,0.7988390123143475,0.5714285714285714
998,0,train:2225,0,1,1.0,1.0,1.0,0.8571428571428571,1.0476464318116243,0.8571428571428571
999,0,train:5809,1,1,0.875,1.0,0.7142857142857143,0.7142857142857143,-0.5835313617517284,0.42857142857142855
1000,0,test:2775,1,1,1.0,1.0,0.5714285714285714,1.0,0.5039205006238403,0.7142857142857143
1001,0,train:3562,1,1,1.0,1.0,0.5714285714285714,1.0,-0.03980543056394414,0.5714285714285714
1002,0,train:5555,0,0,1.0,1.0,1.0,1.0,0.7988390123143475,0.5714285714285714
1003,0,train:3562,1,1,0.875,0.2857142857142857,0.7142857142857143,0.7142857142857143,-0.03980543056394414,0.5714285714285714
1004,0,train:4916,0,0,1.0,1.0,0.8571428571428571,0.8571428571428571,0.7988390123143475,0.5714285714285714
1005,0,train:4944,0,0,1.0,1.0,0.8571428571428571,0.8571428571428571,0.7988390123143475,0.5714285714285714
1006,0,test:6949,1,1,1.0,1.0,0.8571428571428571,0.8571428571428571,1.0476464318116243,0.8571428571428571
1007,0,train:2272,0,1,1.0,1.0,0.5714285714285714,0.5714285714285714,-0.5835313617517284,0.42857142857142855
1008,0,train:1884,1,0,0.375,0.2857142857142857,0.42857142857142855,0.42857142857142855,-0.051495244044149804,0.42857142857142855
1009,0,train:3733,1,1,1.0,1.0,0.8571428571428571,0.8571428571428571,1.0476464318116243,0.8571428571428571
1010,0,train:3216,1,0,0.125,0.2857142857142857,0.42857142857142855,0.42857142857142855,-0.9018295004026471,0.2857142857142857
1011,0,train:5222,1,0,1.0,1.0,1.0,1.0,1.649173268672845,0.7142857142857143
1012,0,train:9037,0,0,1.0,1.0,0.42857142857142855,0.7142857142857143,1.649173268672845,0.7142857142857143
1013,0,train:1615,1,1,1.0,1.0,0.8571428571428571,0.8571428571428571,0.5039205006238403,0.7142857142857143
1014,0,train:1609,1,1,1.0,1.0,1.0,1.0,0.5039205006238403,0.7142857142857143
1015,0,train:8487,0,1,1.0,1.0,0.14285714285714285,0.14285714285714285,-1.6709832241272968,0.14285714285714285
1016,0,train:262,1,1,1.0,1.0,0.42857142857142855,0.42857142857142855,-1.1272572929395126,0.2857142857142857
1017,0,train:6372,0,1,0.875,0.2857142857142857,0.14285714285714285,0.14285714285714285,-1.1272572929395126,0.2857142857142857
1018,0,train:328,1,1,1.0,0.8571428571428571,0.42857142857142855,0.42857142857142855,-1.6709832241272968,0.14285714285714285
1019,0,train:5364,0,0,0.875,0.8571428571428571,1.0,1.0,0.7988390123143475,0.5714285714285714
1020,0,train:1780,1,0,0.75,0.8571428571428571,0.42857142857142855,0.42857142857142855,0.7988390123143475,0.5714285714285714
1021,0,train:8756,1,1,1.0,1.0,0.7142857142857143,0.7142857142857143,-0.5835313617517284,0.42857142857142855
1022,0,train:2494,0,0,0.125,0.42857142857142855,0.2857142857142857,0.2857142857142857,-0.9018295004026471,0.2857142857142857
1023,0,train:7510,1,1,1.0,1.0,0.8571428571428571,0.8571428571428571,-0.03980543056394414,0.5714285714285714
