sample_index,membership_label,user_id,true_label,base_prediction,label_stability_score,sampling_attack_score,transfer_attack_score,boundary_attack_score,dhattack_style_score,dhattack_style_raw_score
0,1,casia:470,1,1,0.125,0.3333333333333333,0.4666666666666667,0.7333333333333333,0.3162917683951951,0.8
1,1,casia:061,0,0,1.0,1.0,0.6666666666666666,0.6666666666666666,-0.39542543328063096,0.5333333333333333
2,1,casia:250,1,0,1.0,0.13333333333333333,0.9333333333333333,0.9333333333333333,0.14039553403401903,0.6666666666666666
3,1,casia:042,0,0,1.0,1.0,0.8,0.8,1.2120374686633195,0.9333333333333333
4,1,casia:490,1,1,0.6875,0.7333333333333333,0.4666666666666667,0.4666666666666667,-0.8756044347698092,0.5333333333333333
5,1,casia:346,1,1,0.4375,0.4666666666666667,0.6666666666666666,0.6666666666666666,0.6142658191864461,0.8666666666666667
6,1,casia:192,0,0,1.0,1.0,1.0,0.8666666666666667,0.6762165013486695,0.8
7,1,casia:279,1,1,0.25,0.4,0.3333333333333333,0.3333333333333333,-1.1735784855610603,0.4666666666666667
8,1,casia:345,1,1,0.0625,0.4,0.8666666666666667,0.26666666666666666,-0.27965633318730726,0.6666666666666666
9,1,casia:462,1,1,0.1875,0.4666666666666667,0.4,0.2,-0.5776303839785583,0.6
10,1,casia:326,1,1,0.125,0.26666666666666666,0.4,0.4,0.3162917683951951,0.8
11,1,casia:426,1,1,0.125,0.3333333333333333,0.6,0.6,0.3162917683951951,0.8
12,1,casia:222,0,0,1.0,1.0,1.0,0.2,-1.467067367909931,0.26666666666666666
13,1,casia:052,0,0,1.0,1.0,0.4666666666666667,0.4666666666666667,0.6762165013486695,0.8
14,1,casia:191,0,0,1.0,1.0,0.5333333333333333,0.5333333333333333,0.14039553403401903,0.6666666666666666
15,1,casia:190,0,0,1.0,1.0,1.0,0.4666666666666667,0.6762165013486695,0.8
16,1,casia:360,1,1,0.875,1.0,0.5333333333333333,0.5333333333333333,0.912239869977697,0.9333333333333333
17,1,casia:026,0,0,1.0,1.0,0.9333333333333333,0.8,1.2120374686633195,0.9333333333333333
18,1,casia:078,0,0,1.0,1.0,0.7333333333333333,0.7333333333333333,0.408306017691344,0.7333333333333333
19,1,casia:180,0,0,1.0,1.0,0.8,0.8,-1.1991568842526061,0.3333333333333333
20,1,casia:289,1,1,0.0625,0.4666666666666667,0.4,0.7333333333333333,0.018317717603943677,0.7333333333333333
21,1,casia:031,0,0,1.0,1.0,1.0,0.6666666666666666,-1.467067367909931,0.26666666666666666
22,1,casia:390,1,1,0.0625,0.3333333333333333,0.7333333333333333,0.9333333333333333,-1.4715525363523112,0.4
23,1,casia:291,1,1,0.1875,0.26666666666666666,0.3333333333333333,0.26666666666666666,0.3162917683951951,0.8
24,1,casia:186,0,0,1.0,1.0,0.26666666666666666,0.2,-0.931246400595281,0.4
25,1,casia:365,1,1,0.125,0.3333333333333333,0.5333333333333333,0.5333333333333333,0.912239869977697,0.9333333333333333
26,1,casia:093,0,0,1.0,1.0,0.13333333333333333,0.13333333333333333,0.408306017691344,0.7333333333333333
27,1,casia:296,1,1,0.0625,0.26666666666666666,0.4666666666666667,0.5333333333333333,-0.5776303839785583,0.6
28,1,casia:464,1,1,0.1875,0.26666666666666666,0.5333333333333333,0.5333333333333333,-0.27965633318730726,0.6666666666666666
29,1,casia:158,0,0,1.0,1.0,0.3333333333333333,0.3333333333333333,0.9441269850059945,0.8666666666666667
30,1,casia:123,0,0,1.0,1.0,0.8,0.8,0.9441269850059945,0.8666666666666667
31,1,casia:043,0,0,1.0,1.0,1.0,0.8666666666666667,-0.931246400595281,0.4
32,1,casia:027,0,0,1.0,1.0,0.9333333333333333,0.9333333333333333,1.2120374686633195,0.9333333333333333
33,1,casia:447,1,1,0.0625,0.26666666666666666,0.4,0.4,0.018317717603943677,0.7333333333333333
34,1,casia:245,0,0,1.0,1.0,1.0,0.3333333333333333,-1.467067367909931,0.26666666666666666
35,1,casia:291,1,1,0.0625,0.4,0.4666666666666667,0.4666666666666667,-0.8756044347698092,0.5333333333333333
36,1,casia:019,0,0,1.0,1.0,1.0,1.0,-0.663335916937956,0.4666666666666667
37,1,casia:443,1,1,0.1875,0.4,0.4666666666666667,0.8666666666666667,0.018317717603943677,0.7333333333333333
38,1,casia:286,1,1,0.0625,0.26666666666666666,0.2,0.2,-1.7695265871435624,0.3333333333333333
39,1,casia:274,1,1,0.0625,0.26666666666666666,0.7333333333333333,0.7333333333333333,0.3162917683951951,0.8
40,1,casia:467,1,1,0.3125,0.4666666666666667,0.3333333333333333,0.6,-0.8756044347698092,0.5333333333333333
41,1,casia:473,1,1,0.8125,0.6666666666666666,0.8666666666666667,0.5333333333333333,0.6142658191864461,0.8666666666666667
42,1,casia:059,0,0,1.0,1.0,0.8,0.8,1.2120374686633195,0.9333333333333333
43,1,casia:099,0,0,1.0,1.0,0.8666666666666667,0.8666666666666667,0.408306017691344,0.7333333333333333
44,1,casia:035,0,0,1.0,1.0,0.8666666666666667,0.8666666666666667,0.6762165013486695,0.8
45,1,casia:183,0,0,1.0,1.0,0.4666666666666667,0.4666666666666667,0.408306017691344,0.7333333333333333
46,1,casia:005,0,0,1.0,0.3333333333333333,0.8,0.8,0.9441269850059945,0.8666666666666667
47,1,casia:237,0,0,1.0,0.6666666666666666,0.13333333333333333,0.13333333333333333,0.6762165013486695,0.8
48,1,casia:184,0,0,1.0,1.0,1.0,0.6666666666666666,0.14039553403401903,0.6666666666666666
49,1,casia:485,1,1,0.0625,0.4,0.8666666666666667,0.8666666666666667,-1.1735784855610603,0.4666666666666667
50,1,casia:319,1,1,0.0625,0.6,0.4666666666666667,0.4666666666666667,0.018317717603943677,0.7333333333333333
51,1,casia:356,1,1,0.1875,0.4,0.8,0.8,0.6142658191864461,0.8666666666666667
52,1,casia:458,1,1,0.3125,0.4,0.26666666666666666,0.4,-1.1735784855610603,0.4666666666666667
53,1,casia:341,1,1,0.3125,0.4666666666666667,0.7333333333333333,0.7333333333333333,0.912239869977697,0.9333333333333333
54,1,casia:203,0,0,1.0,1.0,1.0,0.8666666666666667,0.9441269850059945,0.8666666666666667
55,1,casia:187,0,0,1.0,0.8,0.3333333333333333,0.3333333333333333,-0.931246400595281,0.4
56,1,casia:179,0,0,1.0,1.0,1.0,1.0,0.408306017691344,0.7333333333333333
57,1,casia:438,1,1,0.0625,0.26666666666666666,0.4666666666666667,0.4,-1.4715525363523112,0.4
58,1,casia:257,1,1,0.3125,0.3333333333333333,0.4,0.4,-0.8756044347698092,0.5333333333333333
59,1,casia:153,0,0,1.0,1.0,0.6,0.6,-2.2707988188819064,0.06666666666666667
60,1,casia:469,1,1,0.5,0.8666666666666667,0.4,0.4,-0.5776303839785583,0.6
61,1,casia:011,0,0,1.0,1.0,1.0,0.7333333333333333,0.9441269850059945,0.8666666666666667
62,1,casia:077,0,0,1.0,1.0,0.7333333333333333,0.7333333333333333,0.14039553403401903,0.6666666666666666
63,1,casia:420,1,1,0.25,0.3333333333333333,0.6,0.6,0.6142658191864461,0.8666666666666667
64,1,casia:473,1,1,0.875,0.8666666666666667,0.7333333333333333,0.6,0.3162917683951951,0.8
65,1,casia:194,0,0,1.0,1.0,0.5333333333333333,0.5333333333333333,0.14039553403401903,0.6666666666666666
66,1,casia:443,1,1,0.0625,0.5333333333333333,0.4666666666666667,0.8666666666666667,0.018317717603943677,0.7333333333333333
67,1,casia:060,0,0,1.0,1.0,0.6666666666666666,0.6666666666666666,0.9441269850059945,0.8666666666666667
68,1,casia:225,0,0,1.0,1.0,0.26666666666666666,0.26666666666666666,0.6762165013486695,0.8
69,1,casia:411,1,1,0.3125,0.4,0.7333333333333333,0.7333333333333333,0.6142658191864461,0.8666666666666667
70,1,casia:294,1,1,0.0625,0.26666666666666666,0.6666666666666666,0.6666666666666666,-0.8756044347698092,0.5333333333333333
71,1,casia:433,1,1,0.4375,0.3333333333333333,0.4,0.7333333333333333,0.912239869977697,0.9333333333333333
72,1,casia:226,0,0,1.0,1.0,0.13333333333333333,0.13333333333333333,-1.467067367909931,0.26666666666666666
73,1,casia:027,0,0,1.0,1.0,1.0,0.8,0.9441269850059945,0.8666666666666667
74,1,casia:163,0,0,1.0,1.0,0.5333333333333333,0.5333333333333333,-0.931246400595281,0.4
75,1,casia:049,0,0,1.0,1.0,0.6,0.6,0.408306017691344,0.7333333333333333
76,1,casia:087,0,0,1.0,1.0,1.0,1.0,0.9441269850059945,0.8666666666666667
77,1,casia:400,1,1,0.1875,0.4,0.2,0.2,0.912239869977697,0.9333333333333333
78,1,casia:428,1,1,0.5625,0.26666666666666666,0.9333333333333333,0.9333333333333333,1.210213920768948,1.0
79,1,casia:088,0,0,1.0,1.0,1.0,0.6,1.2120374686633195,0.9333333333333333
80,1,casia:234,0,0,1.0,1.0,0.3333333333333333,0.3333333333333333,0.14039553403401903,0.6666666666666666
81,1,casia:128,0,0,1.0,1.0,0.3333333333333333,0.3333333333333333,-1.1991568842526061,0.3333333333333333
82,1,casia:132,0,0,0.875,0.8666666666666667,0.2,0.2,-0.931246400595281,0.4
83,1,casia:347,1,1,0.75,0.7333333333333333,0.4,0.4,0.912239869977697,0.9333333333333333
84,1,casia:044,0,0,1.0,1.0,0.4666666666666667,0.6666666666666666,0.6762165013486695,0.8
85,1,casia:064,0,0,1.0,1.0,0.8666666666666667,0.7333333333333333,1.2120374686633195,0.9333333333333333
86,1,casia:032,0,0,1.0,1.0,0.3333333333333333,0.3333333333333333,0.9441269850059945,0.8666666666666667
87,1,casia:379,1,1,0.8125,0.8,0.26666666666666666,0.26666666666666666,1.210213920768948,1.0
88,1,casia:431,1,1,0.125,0.6,0.3333333333333333,0.26666666666666666,0.912239869977697,0.9333333333333333
89,1,casia:296,1,1,0.25,0.4666666666666667,0.8666666666666667,0.7333333333333333,0.018317717603943677,0.7333333333333333
90,1,casia:432,1,1,0.5,0.26666666666666666,0.4,0.4,0.018317717603943677,0.7333333333333333
91,1,casia:459,1,1,0.125,0.3333333333333333,0.6,0.6666666666666666,0.3162917683951951,0.8
92,1,casia:335,1,1,0.1875,0.6,0.6,0.6,0.6142658191864461,0.8666666666666667
93,1,casia:222,0,0,1.0,1.0,0.7333333333333333,0.7333333333333333,-0.39542543328063096,0.5333333333333333
94,1,casia:092,0,0,1.0,1.0,1.0,1.0,0.9441269850059945,0.8666666666666667
95,1,casia:156,0,0,1.0,1.0,0.3333333333333333,0.3333333333333333,0.408306017691344,0.7333333333333333
96,1,casia:420,1,1,0.0625,0.4,0.5333333333333333,0.5333333333333333,0.6142658191864461,0.8666666666666667
97,1,casia:265,1,1,0.4375,0.3333333333333333,0.6666666666666666,0.6666666666666666,0.6142658191864461,0.8666666666666667
98,1,casia:279,1,1,0.125,0.3333333333333333,0.3333333333333333,0.3333333333333333,0.6142658191864461,0.8666666666666667
99,1,casia:192,0,0,1.0,1.0,0.5333333333333333,0.5333333333333333,0.408306017691344,0.7333333333333333
100,1,casia:386,1,1,0.3125,0.8,0.8,0.8,0.912239869977697,0.9333333333333333
101,1,casia:325,1,1,0.0625,0.3333333333333333,0.4,0.4,0.018317717603943677,0.7333333333333333
102,1,casia:248,0,1,0.0625,0.26666666666666666,0.8666666666666667,0.26666666666666666,-2.0675006379348133,0.26666666666666666
103,1,casia:213,0,0,1.0,1.0,0.06666666666666667,0.06666666666666667,-2.0028883352245814,0.13333333333333333
104,1,casia:487,1,1,0.25,0.8,0.26666666666666666,0.4,0.6142658191864461,0.8666666666666667
105,1,casia:212,0,0,1.0,1.0,0.4666666666666667,0.4666666666666667,-1.7349778515672563,0.2
106,1,casia:389,1,1,0.0625,0.26666666666666666,0.26666666666666666,0.26666666666666666,-1.7695265871435624,0.3333333333333333
107,1,casia:271,1,1,0.0625,0.3333333333333333,0.4,0.4,-1.1735784855610603,0.4666666666666667
108,1,casia:348,1,1,0.25,0.26666666666666666,0.6,0.8,0.3162917683951951,0.8
109,1,casia:327,1,1,0.25,0.26666666666666666,0.26666666666666666,0.26666666666666666,-0.8756044347698092,0.5333333333333333
110,1,casia:222,0,0,1.0,1.0,0.13333333333333333,0.13333333333333333,-1.467067367909931,0.26666666666666666
111,1,casia:148,0,0,1.0,0.06666666666666667,0.06666666666666667,0.8,-2.0028883352245814,0.13333333333333333
112,1,casia:214,0,0,1.0,1.0,0.26666666666666666,0.26666666666666666,-1.7349778515672563,0.2
113,1,casia:054,0,0,1.0,1.0,0.9333333333333333,0.9333333333333333,0.6762165013486695,0.8
114,1,casia:396,1,1,0.375,0.4666666666666667,0.4,0.4,0.6142658191864461,0.8666666666666667
115,1,casia:011,0,0,1.0,1.0,1.0,0.6,0.9441269850059945,0.8666666666666667
116,1,casia:035,0,0,1.0,1.0,0.9333333333333333,0.9333333333333333,0.408306017691344,0.7333333333333333
117,1,casia:266,1,1,0.125,0.6,0.4,0.4,-0.8756044347698092,0.5333333333333333
118,1,casia:000,0,0,1.0,1.0,0.6666666666666666,0.8,0.6762165013486695,0.8
119,1,casia:282,1,1,0.0625,0.26666666666666666,0.3333333333333333,0.3333333333333333,0.3162917683951951,0.8
120,1,casia:267,1,1,0.0625,0.4666666666666667,0.2,0.2,0.3162917683951951,0.8
121,1,casia:126,0,0,1.0,1.0,0.8,0.8,0.6762165013486695,0.8
122,1,casia:071,0,0,1.0,1.0,0.2,0.2,-1.7349778515672563,0.2
123,1,casia:351,1,1,0.1875,0.3333333333333333,0.9333333333333333,0.8,0.3162917683951951,0.8
124,1,casia:381,1,1,0.625,0.3333333333333333,0.7333333333333333,0.7333333333333333,0.3162917683951951,0.8
125,1,casia:084,0,0,1.0,1.0,0.4666666666666667,0.4666666666666667,0.6762165013486695,0.8
126,1,casia:158,0,0,1.0,1.0,0.8666666666666667,0.8666666666666667,1.2120374686633195,0.9333333333333333
127,1,casia:130,0,0,1.0,1.0,0.6666666666666666,0.6666666666666666,0.408306017691344,0.7333333333333333
128,1,casia:165,0,0,1.0,1.0,1.0,0.4666666666666667,0.408306017691344,0.7333333333333333
129,1,casia:305,1,1,0.0625,0.26666666666666666,0.2,0.2,-0.5776303839785583,0.6
130,1,casia:433,1,1,0.3125,0.4,0.6,0.2,0.6142658191864461,0.8666666666666667
131,1,casia:025,0,0,1.0,1.0,0.6,0.6,0.408306017691344,0.7333333333333333
132,1,casia:119,0,0,1.0,1.0,0.2,0.2,-1.1991568842526061,0.3333333333333333
133,1,casia:124,0,0,1.0,1.0,0.3333333333333333,0.3333333333333333,-0.12751494962330598,0.6
134,1,casia:315,1,1,0.1875,0.6666666666666666,0.6666666666666666,0.6666666666666666,0.018317717603943677,0.7333333333333333
135,1,casia:078,0,0,1.0,1.0,1.0,1.0,0.9441269850059945,0.8666666666666667
136,1,casia:446,1,1,0.4375,0.6,0.9333333333333333,0.9333333333333333,0.912239869977697,0.9333333333333333
137,1,casia:461,1,1,0.0625,0.3333333333333333,0.8666666666666667,0.8666666666666667,-2.3654746887260645,0.2
138,1,casia:171,0,0,1.0,1.0,0.4,0.4,-1.7349778515672563,0.2
139,1,casia:133,0,0,1.0,1.0,0.3333333333333333,0.3333333333333333,0.6762165013486695,0.8
140,1,casia:425,1,1,0.375,0.26666666666666666,0.6,0.6,0.6142658191864461,0.8666666666666667
141,1,casia:072,0,0,1.0,1.0,0.6,0.6,-1.7349778515672563,0.2
142,1,casia:361,1,1,0.3125,0.26666666666666666,0.4666666666666667,0.4666666666666667,0.912239869977697,0.9333333333333333
143,1,casia:368,1,1,0.3125,0.3333333333333333,0.4666666666666667,0.4666666666666667,0.912239869977697,0.9333333333333333
144,1,casia:434,1,1,0.0625,0.4,0.3333333333333333,0.5333333333333333,-0.5776303839785583,0.6
145,1,casia:007,0,0,1.0,1.0,1.0,0.9333333333333333,-0.663335916937956,0.4666666666666667
146,1,casia:215,0,0,1.0,1.0,0.6666666666666666,0.6666666666666666,0.14039553403401903,0.6666666666666666
147,1,casia:292,1,1,0.125,0.26666666666666666,0.4,0.4,-1.4715525363523112,0.4
148,1,casia:349,1,1,0.5625,0.6666666666666666,0.3333333333333333,0.8666666666666667,-1.1735784855610603,0.4666666666666667
149,1,casia:392,1,1,0.3125,0.4666666666666667,0.9333333333333333,0.4666666666666667,0.6142658191864461,0.8666666666666667
150,1,casia:076,0,0,1.0,1.0,0.6,0.9333333333333333,0.6762165013486695,0.8
151,1,casia:061,0,0,1.0,1.0,0.6666666666666666,0.3333333333333333,-1.1991568842526061,0.3333333333333333
152,1,casia:472,1,1,0.1875,0.4666666666666667,0.5333333333333333,0.8,-0.8756044347698092,0.5333333333333333
153,1,casia:356,1,1,0.3125,0.26666666666666666,0.4,0.4,-0.8756044347698092,0.5333333333333333
154,1,casia:477,1,1,0.75,0.8666666666666667,0.4666666666666667,0.5333333333333333,0.3162917683951951,0.8
155,1,casia:011,0,0,1.0,1.0,1.0,0.4666666666666667,0.9441269850059945,0.8666666666666667
156,1,casia:017,0,0,0.9375,0.26666666666666666,0.6,0.6,0.9441269850059945,0.8666666666666667
157,1,casia:038,0,0,1.0,1.0,1.0,0.8,0.6762165013486695,0.8
158,1,casia:236,0,0,1.0,1.0,0.6666666666666666,0.6666666666666666,-1.7349778515672563,0.2
159,1,casia:273,1,1,0.25,0.6,0.3333333333333333,0.3333333333333333,0.6142658191864461,0.8666666666666667
160,1,casia:257,1,1,0.875,0.8666666666666667,0.8,0.8,-0.5776303839785583,0.6
161,1,casia:457,1,1,0.375,0.4,0.3333333333333333,0.9333333333333333,0.3162917683951951,0.8
162,1,casia:449,1,1,0.4375,0.4666666666666667,0.9333333333333333,0.8666666666666667,0.912239869977697,0.9333333333333333
163,1,casia:386,1,1,0.0625,0.4666666666666667,0.6,0.5333333333333333,0.912239869977697,0.9333333333333333
164,1,casia:146,0,0,1.0,1.0,1.0,1.0,0.6762165013486695,0.8
165,1,casia:428,1,1,0.5,0.4,0.9333333333333333,0.9333333333333333,1.210213920768948,1.0
166,1,casia:273,1,1,0.0625,0.4666666666666667,0.3333333333333333,0.3333333333333333,0.3162917683951951,0.8
167,1,casia:362,1,1,0.4375,0.4,0.9333333333333333,0.9333333333333333,0.912239869977697,0.9333333333333333
168,1,casia:075,0,0,1.0,1.0,0.8,0.8,0.9441269850059945,0.8666666666666667
169,1,casia:143,0,0,1.0,1.0,0.6666666666666666,0.6666666666666666,0.408306017691344,0.7333333333333333
170,1,casia:401,1,1,0.375,0.4666666666666667,0.5333333333333333,0.7333333333333333,0.912239869977697,0.9333333333333333
171,1,casia:461,1,1,0.625,0.3333333333333333,0.26666666666666666,0.2,-0.5776303839785583,0.6
172,1,casia:269,1,1,0.0625,0.3333333333333333,0.5333333333333333,0.5333333333333333,0.3162917683951951,0.8
173,1,casia:392,1,1,0.125,0.26666666666666666,0.6,0.6,0.018317717603943677,0.7333333333333333
174,1,casia:122,0,0,0.875,0.26666666666666666,1.0,1.0,-2.0028883352245814,0.13333333333333333
175,1,casia:227,0,0,1.0,1.0,1.0,0.26666666666666666,0.408306017691344,0.7333333333333333
176,1,casia:436,1,1,0.75,0.9333333333333333,0.7333333333333333,1.0,0.6142658191864461,0.8666666666666667
177,1,casia:423,1,1,0.0625,0.5333333333333333,0.5333333333333333,0.5333333333333333,0.6142658191864461,0.8666666666666667
178,1,casia:240,0,0,1.0,1.0,0.3333333333333333,0.3333333333333333,0.9441269850059945,0.8666666666666667
179,1,casia:067,0,0,1.0,1.0,0.5333333333333333,0.5333333333333333,-0.931246400595281,0.4
180,1,casia:181,0,0,1.0,1.0,0.4666666666666667,0.4666666666666667,-0.12751494962330598,0.6
181,1,casia:275,1,1,0.0625,0.3333333333333333,0.2,0.13333333333333333,0.912239869977697,0.9333333333333333
182,1,casia:030,0,0,1.0,1.0,0.8,0.8,-0.12751494962330598,0.6
183,1,casia:322,1,1,0.0625,0.26666666666666666,0.2,0.2,-1.1735784855610603,0.4666666666666667
184,1,casia:407,1,1,0.5,0.9333333333333333,0.4,0.4,-0.27965633318730726,0.6666666666666666
185,1,casia:280,1,1,0.125,0.4,0.6,0.3333333333333333,0.3162917683951951,0.8
186,1,casia:147,0,0,0.6875,1.0,1.0,0.26666666666666666,-1.1991568842526061,0.3333333333333333
187,1,casia:038,0,0,1.0,1.0,1.0,0.7333333333333333,0.408306017691344,0.7333333333333333
188,1,casia:094,0,0,0.9375,1.0,0.8,0.8,0.6762165013486695,0.8
189,1,casia:317,1,1,0.0625,0.26666666666666666,0.3333333333333333,0.3333333333333333,0.912239869977697,0.9333333333333333
190,1,casia:288,1,1,0.0625,0.26666666666666666,0.4,0.4,-0.8756044347698092,0.5333333333333333
191,1,casia:401,1,1,0.125,0.26666666666666666,0.6666666666666666,0.26666666666666666,-0.8756044347698092,0.5333333333333333
192,1,casia:445,1,1,0.625,0.8,0.9333333333333333,0.8666666666666667,0.912239869977697,0.9333333333333333
193,1,casia:082,0,0,1.0,1.0,0.5333333333333333,0.5333333333333333,-0.931246400595281,0.4
194,1,casia:336,1,1,0.125,0.5333333333333333,0.6666666666666666,0.6666666666666666,0.6142658191864461,0.8666666666666667
195,1,casia:311,1,1,0.1875,0.26666666666666666,0.5333333333333333,0.3333333333333333,0.3162917683951951,0.8
196,1,casia:063,0,0,1.0,1.0,0.8,0.8,0.408306017691344,0.7333333333333333
197,1,casia:124,0,0,1.0,1.0,0.2,0.2,-0.663335916937956,0.4666666666666667
198,1,casia:103,0,0,1.0,1.0,0.7333333333333333,0.7333333333333333,0.14039553403401903,0.6666666666666666
199,1,casia:283,1,1,0.0625,0.26666666666666666,0.3333333333333333,0.3333333333333333,-1.1735784855610603,0.4666666666666667
200,1,casia:018,0,0,1.0,1.0,0.3333333333333333,0.3333333333333333,-1.467067367909931,0.26666666666666666
201,1,casia:328,1,1,0.125,0.4,0.8666666666666667,0.8666666666666667,-0.5776303839785583,0.6
202,1,casia:421,1,1,0.25,0.26666666666666666,0.5333333333333333,0.4,0.3162917683951951,0.8
203,1,casia:269,1,1,0.0625,0.4666666666666667,0.5333333333333333,0.5333333333333333,0.3162917683951951,0.8
204,1,casia:463,1,1,0.8125,1.0,0.8666666666666667,0.8666666666666667,0.018317717603943677,0.7333333333333333
205,1,casia:441,1,1,0.8125,0.26666666666666666,0.3333333333333333,0.3333333333333333,0.912239869977697,0.9333333333333333
206,1,casia:060,0,0,1.0,1.0,0.6666666666666666,0.6666666666666666,0.6762165013486695,0.8
207,1,casia:230,0,0,1.0,1.0,0.4,0.4,0.6762165013486695,0.8
208,1,casia:202,0,1,0.0625,0.26666666666666666,0.8,0.13333333333333333,0.912239869977697,0.9333333333333333
209,1,casia:465,1,1,0.125,0.4,0.3333333333333333,0.3333333333333333,-0.27965633318730726,0.6666666666666666
210,1,casia:134,0,0,1.0,1.0,0.5333333333333333,0.5333333333333333,-1.1991568842526061,0.3333333333333333
211,1,casia:044,0,0,1.0,1.0,1.0,0.6666666666666666,0.6762165013486695,0.8
212,1,casia:449,1,1,0.0625,0.4666666666666667,0.6666666666666666,0.9333333333333333,0.6142658191864461,0.8666666666666667
213,1,casia:359,1,1,0.5,0.5333333333333333,0.6,0.6,0.6142658191864461,0.8666666666666667
214,1,casia:014,0,0,1.0,1.0,0.8,0.8,0.14039553403401903,0.6666666666666666
215,1,casia:250,1,1,0.0625,0.2,0.4666666666666667,0.4666666666666667,-1.4715525363523112,0.4
216,1,casia:103,0,0,1.0,0.8666666666666667,0.2,0.2,-1.467067367909931,0.26666666666666666
217,1,casia:444,1,1,0.3125,0.5333333333333333,0.8,0.8,0.912239869977697,0.9333333333333333
218,1,casia:402,1,1,0.0625,0.26666666666666666,0.26666666666666666,0.26666666666666666,0.912239869977697,0.9333333333333333
219,1,casia:108,0,0,1.0,1.0,0.6,0.6,1.2120374686633195,0.9333333333333333
220,1,casia:409,1,1,0.125,0.4,0.26666666666666666,0.26666666666666666,0.6142658191864461,0.8666666666666667
221,1,casia:371,1,1,0.125,0.3333333333333333,0.4666666666666667,0.4666666666666667,0.018317717603943677,0.7333333333333333
222,1,casia:482,1,1,0.4375,0.26666666666666666,0.5333333333333333,0.5333333333333333,0.912239869977697,0.9333333333333333
223,1,casia:149,0,0,1.0,1.0,0.26666666666666666,0.26666666666666666,0.6762165013486695,0.8
224,1,casia:093,0,0,1.0,1.0,0.6666666666666666,0.6666666666666666,0.6762165013486695,0.8
225,1,casia:109,0,0,1.0,1.0,0.6,0.6,-0.663335916937956,0.4666666666666667
226,1,casia:150,0,0,1.0,1.0,0.6666666666666666,0.6666666666666666,1.2120374686633195,0.9333333333333333
227,1,casia:144,0,0,1.0,1.0,0.6,0.6,0.6762165013486695,0.8
228,1,casia:413,1,1,0.125,0.5333333333333333,0.7333333333333333,0.4,0.6142658191864461,0.8666666666666667
229,1,casia:131,0,0,1.0,1.0,0.7333333333333333,0.7333333333333333,0.9441269850059945,0.8666666666666667
230,1,casia:382,1,1,0.625,0.8666666666666667,0.7333333333333333,0.7333333333333333,0.6142658191864461,0.8666666666666667
231,1,casia:212,0,0,1.0,1.0,0.9333333333333333,0.13333333333333333,-1.7349778515672563,0.2
232,1,casia:167,0,0,1.0,1.0,1.0,1.0,0.6762165013486695,0.8
233,1,casia:152,0,0,1.0,1.0,1.0,0.6,0.6762165013486695,0.8
234,1,casia:303,1,1,0.125,0.26666666666666666,0.7333333333333333,0.7333333333333333,0.018317717603943677,0.7333333333333333
235,1,casia:141,0,0,1.0,1.0,0.8,0.8,0.6762165013486695,0.8
236,1,casia:171,0,0,1.0,1.0,0.4666666666666667,0.2,-2.0028883352245814,0.13333333333333333
237,1,casia:256,1,1,0.0625,0.26666666666666666,0.3333333333333333,0.3333333333333333,0.6142658191864461,0.8666666666666667
238,1,casia:484,1,1,0.0625,0.3333333333333333,0.26666666666666666,0.26666666666666666,0.6142658191864461,0.8666666666666667
239,1,casia:282,1,0,1.0,1.0,0.6666666666666666,0.6666666666666666,-2.0028883352245814,0.13333333333333333
240,1,casia:001,0,0,1.0,0.6666666666666666,0.2,0.2,-1.7349778515672563,0.2
241,1,casia:108,0,0,1.0,1.0,0.4666666666666667,0.4666666666666667,-1.7349778515672563,0.2
242,1,casia:181,0,0,1.0,1.0,0.2,0.2,-0.39542543328063096,0.5333333333333333
243,1,casia:357,1,1,0.3125,0.6666666666666666,0.5333333333333333,0.8,0.6142658191864461,0.8666666666666667
244,1,casia:161,0,0,1.0,1.0,0.4666666666666667,0.4666666666666667,-0.39542543328063096,0.5333333333333333
245,1,casia:147,0,0,1.0,1.0,1.0,0.26666666666666666,-0.931246400595281,0.4
246,1,casia:496,1,1,0.125,0.3333333333333333,0.26666666666666666,0.26666666666666666,-1.4715525363523112,0.4
247,1,casia:278,1,1,0.0625,0.26666666666666666,0.26666666666666666,0.26666666666666666,-0.5776303839785583,0.6
248,1,casia:110,0,0,1.0,1.0,0.4666666666666667,0.4666666666666667,0.408306017691344,0.7333333333333333
249,1,casia:384,1,1,0.75,0.8666666666666667,0.6,0.3333333333333333,0.018317717603943677,0.7333333333333333
250,1,casia:167,0,0,1.0,1.0,1.0,1.0,0.9441269850059945,0.8666666666666667
251,1,casia:086,0,0,1.0,1.0,0.9333333333333333,0.9333333333333333,-0.39542543328063096,0.5333333333333333
252,1,casia:468,1,1,0.5,0.4666666666666667,0.9333333333333333,0.6666666666666666,-0.8756044347698092,0.5333333333333333
253,1,casia:145,0,0,1.0,1.0,1.0,0.26666666666666666,0.14039553403401903,0.6666666666666666
254,1,casia:123,0,0,1.0,1.0,0.8,0.8,0.6762165013486695,0.8
255,1,casia:131,0,0,1.0,1.0,0.9333333333333333,0.9333333333333333,0.6762165013486695,0.8
256,1,casia:269,1,1,0.0625,0.26666666666666666,0.4,0.4,-0.27965633318730726,0.6666666666666666
257,1,casia:334,1,1,0.1875,0.9333333333333333,0.8,0.4,0.912239869977697,0.9333333333333333
258,1,casia:187,0,0,0.9375,1.0,0.3333333333333333,0.3333333333333333,-2.2707988188819064,0.06666666666666667
259,1,casia:480,1,1,0.0625,0.26666666666666666,0.3333333333333333,0.3333333333333333,-0.5776303839785583,0.6
260,1,casia:399,1,1,0.4375,0.5333333333333333,0.7333333333333333,0.8666666666666667,0.3162917683951951,0.8
261,1,casia:372,1,1,0.375,0.3333333333333333,0.6666666666666666,0.6666666666666666,0.912239869977697,0.9333333333333333
262,1,casia:142,0,0,0.875,0.4,0.3333333333333333,0.3333333333333333,-2.0028883352245814,0.13333333333333333
263,1,casia:236,0,0,1.0,0.2,0.7333333333333333,0.7333333333333333,-1.467067367909931,0.26666666666666666
264,1,casia:441,1,1,0.375,0.4,0.7333333333333333,0.7333333333333333,0.6142658191864461,0.8666666666666667
265,1,casia:214,0,1,0.0625,0.2,0.06666666666666667,0.06666666666666667,0.018317717603943677,0.7333333333333333
266,1,casia:283,1,1,0.0625,0.4,0.5333333333333333,0.5333333333333333,-0.8756044347698092,0.5333333333333333
267,1,casia:070,0,0,1.0,1.0,0.6,0.6,0.408306017691344,0.7333333333333333
268,1,casia:212,0,0,1.0,1.0,0.6,0.6,0.408306017691344,0.7333333333333333
269,1,casia:411,1,1,0.625,0.6666666666666666,0.6666666666666666,0.6666666666666666,0.912239869977697,0.9333333333333333
270,1,casia:005,0,0,1.0,1.0,0.6666666666666666,0.6666666666666666,-1.467067367909931,0.26666666666666666
271,1,casia:040,0,1,0.0625,0.3333333333333333,0.13333333333333333,0.13333333333333333,0.018317717603943677,0.7333333333333333
272,1,casia:494,1,1,0.0625,0.4666666666666667,0.5333333333333333,0.5333333333333333,-1.7695265871435624,0.3333333333333333
273,1,casia:030,0,0,1.0,1.0,0.7333333333333333,0.7333333333333333,0.408306017691344,0.7333333333333333
274,1,casia:036,0,0,1.0,1.0,1.0,0.6666666666666666,0.9441269850059945,0.8666666666666667
275,1,casia:157,0,0,1.0,1.0,0.8,0.8,-0.39542543328063096,0.5333333333333333
276,1,casia:198,0,0,0.9375,0.8666666666666667,0.3333333333333333,0.3333333333333333,-2.2707988188819064,0.06666666666666667
277,1,casia:279,1,1,0.125,0.4,0.6666666666666666,0.6666666666666666,0.912239869977697,0.9333333333333333
278,1,casia:377,1,1,0.5625,0.4,0.9333333333333333,0.9333333333333333,0.912239869977697,0.9333333333333333
279,1,casia:393,1,1,0.0625,0.4666666666666667,0.4,0.4,0.018317717603943677,0.7333333333333333
280,1,casia:123,0,0,1.0,1.0,0.8,0.8,1.2120374686633195,0.9333333333333333
281,1,casia:095,0,0,1.0,1.0,1.0,0.7333333333333333,-0.663335916937956,0.4666666666666667
282,1,casia:160,0,0,1.0,1.0,0.5333333333333333,0.5333333333333333,0.408306017691344,0.7333333333333333
283,1,casia:319,1,1,0.8125,1.0,0.5333333333333333,0.5333333333333333,0.6142658191864461,0.8666666666666667
284,1,casia:020,0,0,1.0,1.0,0.4666666666666667,0.4666666666666667,0.6762165013486695,0.8
285,1,casia:180,0,0,1.0,1.0,0.6,0.6,0.408306017691344,0.7333333333333333
286,1,casia:427,1,1,0.625,0.3333333333333333,0.6666666666666666,0.6666666666666666,0.6142658191864461,0.8666666666666667
287,1,casia:116,0,0,1.0,1.0,1.0,1.0,0.6762165013486695,0.8
288,1,casia:388,1,1,0.125,0.4666666666666667,0.6,0.6,0.912239869977697,0.9333333333333333
289,1,casia:371,1,1,0.0625,0.26666666666666666,0.13333333333333333,0.13333333333333333,-0.27965633318730726,0.6666666666666666
290,1,casia:283,1,1,0.0625,0.26666666666666666,0.2,0.2,-0.8756044347698092,0.5333333333333333
291,1,casia:070,0,0,1.0,1.0,0.5333333333333333,0.5333333333333333,-2.0028883352245814,0.13333333333333333
292,1,casia:167,0,0,1.0,1.0,1.0,1.0,-0.663335916937956,0.4666666666666667
293,1,casia:412,1,1,0.0625,0.26666666666666666,0.2,0.5333333333333333,-0.8756044347698092,0.5333333333333333
294,1,casia:103,0,0,1.0,1.0,0.8,0.8,0.14039553403401903,0.6666666666666666
295,1,casia:432,1,1,0.8125,0.5333333333333333,0.6666666666666666,0.6666666666666666,0.3162917683951951,0.8
296,1,casia:314,1,1,0.25,0.4,0.8,0.8,0.912239869977697,0.9333333333333333
297,1,casia:072,0,0,1.0,1.0,0.13333333333333333,0.13333333333333333,-2.2707988188819064,0.06666666666666667
298,1,casia:322,1,1,0.0625,0.26666666666666666,0.26666666666666666,0.26666666666666666,0.018317717603943677,0.7333333333333333
299,1,casia:291,1,1,0.0625,0.5333333333333333,0.7333333333333333,0.7333333333333333,-1.4715525363523112,0.4
300,1,casia:366,1,1,0.5625,0.4666666666666667,0.8,0.8,0.912239869977697,0.9333333333333333
301,1,casia:259,1,1,0.3125,0.3333333333333333,0.4,0.8666666666666667,-0.5776303839785583,0.6
302,1,casia:359,1,1,0.875,0.8,0.4,0.6,0.912239869977697,0.9333333333333333
303,1,casia:129,0,0,1.0,1.0,0.26666666666666666,0.26666666666666666,0.6762165013486695,0.8
304,1,casia:085,0,0,1.0,1.0,0.4666666666666667,0.4666666666666667,0.408306017691344,0.7333333333333333
305,1,casia:196,0,0,1.0,1.0,1.0,0.9333333333333333,1.2120374686633195,0.9333333333333333
306,1,casia:372,1,1,0.375,0.4,0.9333333333333333,0.7333333333333333,0.912239869977697,0.9333333333333333
307,1,casia:112,0,0,1.0,1.0,0.4,0.4,-0.12751494962330598,0.6
308,1,casia:471,1,1,0.3125,0.3333333333333333,0.26666666666666666,0.26666666666666666,-0.8756044347698092,0.5333333333333333
309,1,casia:065,0,0,1.0,1.0,0.3333333333333333,0.3333333333333333,0.6762165013486695,0.8
310,1,casia:456,1,1,0.4375,0.8,0.5333333333333333,1.0,0.6142658191864461,0.8666666666666667
311,1,casia:237,0,0,1.0,1.0,0.3333333333333333,0.3333333333333333,0.408306017691344,0.7333333333333333
312,1,casia:230,0,0,1.0,1.0,0.7333333333333333,0.7333333333333333,0.6762165013486695,0.8
313,1,casia:356,1,1,0.625,0.3333333333333333,0.8666666666666667,0.7333333333333333,0.6142658191864461,0.8666666666666667
314,1,casia:077,0,0,1.0,1.0,0.7333333333333333,0.7333333333333333,0.6762165013486695,0.8
315,1,casia:329,1,1,0.125,0.26666666666666666,0.4,0.4,0.018317717603943677,0.7333333333333333
316,1,casia:259,1,1,0.0625,0.26666666666666666,0.26666666666666666,0.5333333333333333,-0.27965633318730726,0.6666666666666666
317,1,casia:081,0,0,1.0,1.0,1.0,0.8666666666666667,0.9441269850059945,0.8666666666666667
318,1,casia:273,1,1,0.125,0.3333333333333333,0.4,0.4,0.3162917683951951,0.8
319,1,casia:054,0,0,1.0,1.0,0.8,0.8,0.14039553403401903,0.6666666666666666
320,1,casia:026,0,0,1.0,1.0,1.0,0.6666666666666666,0.14039553403401903,0.6666666666666666
321,1,casia:443,1,1,0.1875,0.4,0.5333333333333333,0.8,-0.27965633318730726,0.6666666666666666
322,1,casia:263,1,1,0.125,0.26666666666666666,0.3333333333333333,0.6666666666666666,0.3162917683951951,0.8
323,1,casia:135,0,0,1.0,1.0,0.3333333333333333,0.3333333333333333,-0.39542543328063096,0.5333333333333333
324,1,casia:456,1,1,0.5,0.26666666666666666,0.9333333333333333,0.9333333333333333,0.018317717603943677,0.7333333333333333
325,1,casia:457,1,1,0.3125,0.3333333333333333,0.8666666666666667,0.9333333333333333,0.018317717603943677,0.7333333333333333
326,1,casia:284,1,1,0.0625,0.3333333333333333,0.3333333333333333,0.4,-0.27965633318730726,0.6666666666666666
327,1,casia:286,1,1,0.125,0.26666666666666666,0.13333333333333333,0.13333333333333333,-2.0675006379348133,0.26666666666666666
328,1,casia:233,0,1,0.0625,0.2,0.26666666666666666,0.26666666666666666,-2.9614227903085664,0.06666666666666667
329,1,casia:404,1,1,0.5,0.3333333333333333,0.4,0.4,0.912239869977697,0.9333333333333333
330,1,casia:139,0,0,1.0,1.0,0.8,0.6,0.9441269850059945,0.8666666666666667
331,1,casia:055,0,0,1.0,1.0,1.0,0.6,1.2120374686633195,0.9333333333333333
332,1,casia:182,0,0,1.0,1.0,1.0,0.4,0.6762165013486695,0.8
333,1,casia:039,0,0,1.0,1.0,0.6666666666666666,0.6666666666666666,0.14039553403401903,0.6666666666666666
334,1,casia:139,0,0,1.0,1.0,1.0,0.5333333333333333,0.9441269850059945,0.8666666666666667
335,1,casia:327,1,1,0.1875,0.26666666666666666,0.7333333333333333,0.7333333333333333,-2.3654746887260645,0.2
336,1,casia:478,1,1,0.0625,0.26666666666666666,0.5333333333333333,0.5333333333333333,0.3162917683951951,0.8
337,1,casia:308,1,1,0.25,0.3333333333333333,0.5333333333333333,0.5333333333333333,0.6142658191864461,0.8666666666666667
338,1,casia:481,1,1,0.0625,0.26666666666666666,0.3333333333333333,0.2,-0.5776303839785583,0.6
339,1,casia:413,1,1,0.25,0.6666666666666666,0.7333333333333333,0.6,0.912239869977697,0.9333333333333333
340,1,casia:144,0,0,1.0,1.0,1.0,0.4666666666666667,-0.39542543328063096,0.5333333333333333
341,1,casia:467,1,1,0.0625,0.26666666666666666,0.2,0.2,-0.5776303839785583,0.6
342,1,casia:470,1,1,0.25,0.26666666666666666,0.7333333333333333,0.8,-0.27965633318730726,0.6666666666666666
343,1,casia:021,0,0,1.0,1.0,0.7333333333333333,0.7333333333333333,0.14039553403401903,0.6666666666666666
344,1,casia:215,0,0,1.0,1.0,0.6,0.6,-0.39542543328063096,0.5333333333333333
345,1,casia:192,0,0,1.0,1.0,0.4,0.4,0.6762165013486695,0.8
346,1,casia:221,0,0,1.0,0.3333333333333333,0.2,0.2,-0.931246400595281,0.4
347,1,casia:171,0,1,0.5625,0.26666666666666666,0.4666666666666667,0.3333333333333333,-0.27965633318730726,0.6666666666666666
348,1,casia:320,1,1,0.1875,0.26666666666666666,0.7333333333333333,0.7333333333333333,0.3162917683951951,0.8
349,1,casia:136,0,0,1.0,1.0,0.4,0.4,0.6762165013486695,0.8
350,1,casia:019,0,1,0.375,0.26666666666666666,0.8,0.8,0.018317717603943677,0.7333333333333333
351,1,casia:146,0,0,1.0,1.0,0.5333333333333333,0.5333333333333333,0.408306017691344,0.7333333333333333
352,1,casia:211,0,0,1.0,1.0,0.2,0.2,-1.7349778515672563,0.2
353,1,casia:098,0,0,1.0,1.0,1.0,0.8,0.408306017691344,0.7333333333333333
354,1,casia:074,0,0,1.0,1.0,0.9333333333333333,0.9333333333333333,0.6762165013486695,0.8
355,1,casia:379,1,1,0.5625,0.3333333333333333,0.4,0.4,-0.27965633318730726,0.6666666666666666
356,1,casia:369,1,1,0.3125,0.26666666666666666,0.4666666666666667,0.8666666666666667,-0.5776303839785583,0.6
357,1,casia:116,0,0,1.0,1.0,0.3333333333333333,0.3333333333333333,0.9441269850059945,0.8666666666666667
358,1,casia:374,1,1,0.0625,0.3333333333333333,0.7333333333333333,0.7333333333333333,0.3162917683951951,0.8
359,1,casia:355,1,1,0.125,0.5333333333333333,0.4,0.4,-0.8756044347698092,0.5333333333333333
360,1,casia:368,1,1,0.4375,0.4,0.6666666666666666,0.4666666666666667,0.912239869977697,0.9333333333333333
361,1,casia:378,1,1,0.1875,0.4666666666666667,0.3333333333333333,0.8,0.3162917683951951,0.8
362,1,casia:107,0,0,1.0,1.0,0.3333333333333333,0.3333333333333333,-0.931246400595281,0.4
363,1,casia:142,0,0,1.0,1.0,0.7333333333333333,0.7333333333333333,0.14039553403401903,0.6666666666666666
364,1,casia:339,1,1,0.0625,0.26666666666666666,0.26666666666666666,0.6666666666666666,-0.8756044347698092,0.5333333333333333
365,1,casia:307,1,1,0.5625,0.5333333333333333,0.6666666666666666,0.8666666666666667,0.6142658191864461,0.8666666666666667
366,1,casia:362,1,1,0.1875,0.5333333333333333,0.4666666666666667,0.4666666666666667,0.6142658191864461,0.8666666666666667
367,1,casia:199,0,0,1.0,1.0,0.5333333333333333,0.5333333333333333,0.6762165013486695,0.8
368,1,casia:374,1,1,0.0625,0.3333333333333333,0.7333333333333333,0.7333333333333333,0.018317717603943677,0.7333333333333333
369,1,casia:418,1,1,0.0625,0.4,0.6666666666666666,0.8666666666666667,1.210213920768948,1.0
370,1,casia:341,1,1,0.125,0.4666666666666667,0.7333333333333333,0.7333333333333333,0.912239869977697,0.9333333333333333
371,1,casia:315,1,1,0.125,0.4,0.4,0.4,0.6142658191864461,0.8666666666666667
372,1,casia:252,1,1,0.0625,0.26666666666666666,0.6666666666666666,0.6666666666666666,-0.27965633318730726,0.6666666666666666
373,1,casia:346,1,1,0.625,0.26666666666666666,0.4666666666666667,0.4666666666666667,0.018317717603943677,0.7333333333333333
374,1,casia:477,1,1,0.875,0.8666666666666667,0.6,0.6,0.3162917683951951,0.8
375,1,casia:424,1,1,0.0625,0.3333333333333333,0.26666666666666666,0.26666666666666666,-2.0675006379348133,0.26666666666666666
376,1,casia:469,1,1,0.625,1.0,0.5333333333333333,0.5333333333333333,-0.27965633318730726,0.6666666666666666
377,1,casia:077,0,0,1.0,1.0,0.7333333333333333,0.7333333333333333,0.6762165013486695,0.8
378,1,casia:105,0,0,1.0,1.0,0.4666666666666667,0.4666666666666667,-0.931246400595281,0.4
379,1,casia:268,1,1,0.0625,0.26666666666666666,0.3333333333333333,0.26666666666666666,-0.27965633318730726,0.6666666666666666
380,1,casia:368,1,1,0.1875,0.4,0.4666666666666667,0.4666666666666667,0.912239869977697,0.9333333333333333
381,1,casia:262,1,1,0.25,0.4666666666666667,0.8,0.8,0.912239869977697,0.9333333333333333
382,1,casia:332,1,1,0.375,0.3333333333333333,0.6666666666666666,0.6666666666666666,-0.8756044347698092,0.5333333333333333
383,1,casia:177,0,0,1.0,1.0,0.4,0.4,-0.12751494962330598,0.6
384,1,casia:342,1,1,0.125,0.3333333333333333,0.8,0.8,0.6142658191864461,0.8666666666666667
385,1,casia:124,0,0,1.0,1.0,1.0,0.6,-0.12751494962330598,0.6
386,1,casia:330,1,1,0.375,0.26666666666666666,0.4,0.4,0.3162917683951951,0.8
387,1,casia:203,0,0,1.0,1.0,0.8666666666666667,0.8666666666666667,0.9441269850059945,0.8666666666666667
388,1,casia:205,0,0,1.0,1.0,0.4666666666666667,0.4666666666666667,0.14039553403401903,0.6666666666666666
389,1,casia:487,1,1,0.375,0.8,0.6666666666666666,0.6666666666666666,0.6142658191864461,0.8666666666666667
390,1,casia:468,1,1,0.75,0.26666666666666666,0.6,0.6666666666666666,-0.5776303839785583,0.6
391,1,casia:432,1,1,0.5625,0.4666666666666667,0.6,0.6,-0.27965633318730726,0.6666666666666666
392,1,casia:384,1,1,0.375,0.6666666666666666,0.7333333333333333,0.26666666666666666,-0.5776303839785583,0.6
393,1,casia:162,0,0,1.0,1.0,1.0,0.8666666666666667,-0.12751494962330598,0.6
394,1,casia:280,1,1,0.1875,0.4666666666666667,0.6666666666666666,0.3333333333333333,0.912239869977697,0.9333333333333333
395,1,casia:477,1,1,0.1875,0.4666666666666667,0.7333333333333333,0.7333333333333333,-0.5776303839785583,0.6
396,1,casia:175,0,0,1.0,1.0,1.0,1.0,0.9441269850059945,0.8666666666666667
397,1,casia:414,1,1,0.4375,0.26666666666666666,0.2,0.2,-2.0675006379348133,0.26666666666666666
398,1,casia:045,0,0,1.0,1.0,0.4,0.4,0.14039553403401903,0.6666666666666666
399,1,casia:295,1,1,0.0625,0.06666666666666667,0.06666666666666667,0.06666666666666667,-1.7695265871435624,0.3333333333333333
400,1,casia:260,1,1,0.0625,0.26666666666666666,0.26666666666666666,0.13333333333333333,-1.1735784855610603,0.4666666666666667
401,1,casia:402,1,1,0.5625,0.4666666666666667,0.3333333333333333,0.3333333333333333,0.3162917683951951,0.8
402,1,casia:303,1,1,0.1875,0.3333333333333333,0.6,0.6,-0.5776303839785583,0.6
403,1,casia:002,0,0,1.0,1.0,0.06666666666666667,0.2,-2.0028883352245814,0.13333333333333333
404,1,casia:429,1,1,0.125,0.3333333333333333,0.26666666666666666,0.26666666666666666,0.912239869977697,0.9333333333333333
405,1,casia:313,1,1,0.25,0.3333333333333333,0.8,0.8,0.912239869977697,0.9333333333333333
406,1,casia:301,1,1,0.0625,0.3333333333333333,0.8,0.8,0.912239869977697,0.9333333333333333
407,1,casia:335,1,1,0.3125,0.8,0.3333333333333333,0.8,0.3162917683951951,0.8
408,1,casia:233,0,0,1.0,1.0,0.2,0.2,0.408306017691344,0.7333333333333333
409,1,casia:002,0,0,1.0,1.0,0.7333333333333333,0.7333333333333333,0.6762165013486695,0.8
410,1,casia:283,1,1,0.0625,0.26666666666666666,0.7333333333333333,0.2,-1.1735784855610603,0.4666666666666667
411,1,casia:165,0,0,1.0,1.0,1.0,0.8,0.6762165013486695,0.8
412,1,casia:456,1,1,0.25,0.8666666666666667,0.7333333333333333,1.0,-0.8756044347698092,0.5333333333333333
413,1,casia:485,1,1,0.4375,0.26666666666666666,0.8,0.8,-1.1735784855610603,0.4666666666666667
414,1,casia:227,0,0,1.0,1.0,1.0,0.4,0.6762165013486695,0.8
415,1,casia:188,0,0,1.0,1.0,0.4666666666666667,0.4666666666666667,0.408306017691344,0.7333333333333333
416,1,casia:212,0,0,1.0,1.0,1.0,0.06666666666666667,-2.0028883352245814,0.13333333333333333
417,1,casia:204,0,0,1.0,1.0,0.8666666666666667,0.8666666666666667,0.6762165013486695,0.8
418,1,casia:372,1,1,0.4375,0.3333333333333333,0.8,0.8,0.912239869977697,0.9333333333333333
419,1,casia:373,1,1,0.4375,0.26666666666666666,0.5333333333333333,0.5333333333333333,0.912239869977697,0.9333333333333333
420,1,casia:321,1,1,0.3125,0.5333333333333333,0.6,0.6,0.6142658191864461,0.8666666666666667
421,1,casia:166,0,0,1.0,1.0,0.6666666666666666,0.6666666666666666,0.9441269850059945,0.8666666666666667
422,1,casia:274,1,1,0.125,0.26666666666666666,0.2,0.2,-0.5776303839785583,0.6
423,1,casia:438,1,1,0.125,0.26666666666666666,0.26666666666666666,0.26666666666666666,-0.27965633318730726,0.6666666666666666
424,1,casia:059,0,0,0.9375,1.0,0.8,0.8,1.2120374686633195,0.9333333333333333
425,1,casia:205,0,0,1.0,1.0,0.5333333333333333,0.5333333333333333,0.14039553403401903,0.6666666666666666
426,1,casia:114,0,0,1.0,1.0,1.0,1.0,0.6762165013486695,0.8
427,1,casia:285,1,1,0.125,0.26666666666666666,0.7333333333333333,0.5333333333333333,0.6142658191864461,0.8666666666666667
428,1,casia:026,0,0,1.0,1.0,1.0,0.8,0.14039553403401903,0.6666666666666666
429,1,casia:038,0,0,1.0,1.0,1.0,0.8666666666666667,0.9441269850059945,0.8666666666666667
430,1,casia:136,0,1,0.0625,0.13333333333333333,0.06666666666666667,0.06666666666666667,0.3162917683951951,0.8
431,1,casia:476,1,1,0.25,0.26666666666666666,0.9333333333333333,0.9333333333333333,0.6142658191864461,0.8666666666666667
432,1,casia:378,1,1,0.5625,0.8666666666666667,0.5333333333333333,0.9333333333333333,1.210213920768948,1.0
433,1,casia:147,0,0,1.0,1.0,0.2,0.2,-1.7349778515672563,0.2
434,1,casia:276,1,1,0.125,0.3333333333333333,0.4666666666666667,0.4666666666666667,0.6142658191864461,0.8666666666666667
435,1,casia:422,1,1,0.0625,0.3333333333333333,0.8,0.8,0.3162917683951951,0.8
436,1,casia:474,1,1,0.625,0.8,0.9333333333333333,0.9333333333333333,1.210213920768948,1.0
437,1,casia:092,0,0,1.0,1.0,1.0,1.0,0.9441269850059945,0.8666666666666667
438,1,casia:033,0,0,1.0,1.0,1.0,0.7333333333333333,0.6762165013486695,0.8
439,1,casia:079,0,1,0.0625,0.13333333333333333,0.13333333333333333,0.13333333333333333,-1.4715525363523112,0.4
440,1,casia:393,1,1,0.0625,0.3333333333333333,0.5333333333333333,0.5333333333333333,0.912239869977697,0.9333333333333333
441,1,casia:253,1,1,0.3125,0.5333333333333333,0.7333333333333333,0.7333333333333333,-1.4715525363523112,0.4
442,1,casia:466,1,1,0.0625,0.26666666666666666,0.3333333333333333,0.3333333333333333,-2.3654746887260645,0.2
443,1,casia:143,0,0,1.0,1.0,0.7333333333333333,0.7333333333333333,0.6762165013486695,0.8
444,1,casia:014,0,0,1.0,1.0,1.0,0.3333333333333333,0.408306017691344,0.7333333333333333
445,1,casia:091,0,0,1.0,1.0,0.9333333333333333,0.9333333333333333,1.2120374686633195,0.9333333333333333
446,1,casia:176,0,0,1.0,1.0,0.4,0.4,-0.931246400595281,0.4
447,1,casia:298,1,1,0.0625,0.13333333333333333,0.6666666666666666,0.6666666666666666,0.018317717603943677,0.7333333333333333
448,1,casia:357,1,1,0.4375,0.7333333333333333,0.3333333333333333,0.7333333333333333,1.210213920768948,1.0
449,1,casia:219,0,1,0.0625,0.26666666666666666,0.5333333333333333,0.5333333333333333,-0.27965633318730726,0.6666666666666666
450,1,casia:135,0,0,1.0,1.0,0.4,0.4,-0.39542543328063096,0.5333333333333333
451,1,casia:270,1,1,0.0625,0.26666666666666666,0.4666666666666667,0.6,-0.27965633318730726,0.6666666666666666
452,1,casia:150,0,0,1.0,1.0,0.8,0.8,0.408306017691344,0.7333333333333333
453,1,casia:346,1,1,0.5625,0.26666666666666666,0.4,0.8,0.6142658191864461,0.8666666666666667
454,1,casia:274,1,1,0.0625,0.3333333333333333,0.8,0.8,0.6142658191864461,0.8666666666666667
455,1,casia:016,0,0,1.0,1.0,0.8,1.0,0.9441269850059945,0.8666666666666667
456,1,casia:113,0,0,1.0,1.0,1.0,0.6666666666666666,0.408306017691344,0.7333333333333333
457,1,casia:382,1,1,0.5625,0.8666666666666667,0.7333333333333333,0.7333333333333333,0.6142658191864461,0.8666666666666667
458,1,casia:050,0,0,1.0,0.4666666666666667,0.8,0.8,-1.467067367909931,0.26666666666666666
459,1,casia:337,1,1,0.125,0.26666666666666666,0.6666666666666666,0.6666666666666666,0.6142658191864461,0.8666666666666667
460,1,casia:087,0,0,1.0,1.0,0.7333333333333333,0.7333333333333333,0.9441269850059945,0.8666666666666667
461,1,casia:324,1,1,0.0625,0.26666666666666666,0.7333333333333333,0.7333333333333333,-1.4715525363523112,0.4
462,1,casia:090,0,0,1.0,1.0,0.7333333333333333,0.7333333333333333,0.9441269850059945,0.8666666666666667
463,1,casia:381,1,1,0.25,0.5333333333333333,0.6,0.6,-0.27965633318730726,0.6666666666666666
464,1,casia:459,1,1,0.5,0.4,0.6,0.6,0.3162917683951951,0.8
465,1,casia:195,0,0,1.0,1.0,0.26666666666666666,0.13333333333333333,-1.7349778515672563,0.2
466,1,casia:033,0,0,1.0,1.0,0.9333333333333333,0.7333333333333333,0.9441269850059945,0.8666666666666667
467,1,casia:216,0,0,1.0,1.0,0.6,0.6,-0.12751494962330598,0.6
468,1,casia:398,1,1,0.125,0.26666666666666666,0.8666666666666667,0.8666666666666667,0.3162917683951951,0.8
469,1,casia:426,1,1,0.1875,0.26666666666666666,0.4,0.2,0.3162917683951951,0.8
470,1,casia:192,0,0,1.0,1.0,0.26666666666666666,0.26666666666666666,0.6762165013486695,0.8
471,1,casia:288,1,1,0.125,0.4666666666666667,0.7333333333333333,0.7333333333333333,-0.8756044347698092,0.5333333333333333
472,1,casia:310,1,1,0.0625,0.26666666666666666,0.26666666666666666,0.26666666666666666,-1.7695265871435624,0.3333333333333333
473,1,casia:133,0,0,1.0,1.0,0.3333333333333333,0.3333333333333333,-0.663335916937956,0.4666666666666667
474,1,casia:391,1,1,0.25,0.3333333333333333,0.5333333333333333,0.5333333333333333,0.912239869977697,0.9333333333333333
475,1,casia:492,1,1,0.125,0.3333333333333333,0.26666666666666666,0.26666666666666666,-0.27965633318730726,0.6666666666666666
476,1,casia:205,0,0,1.0,1.0,0.3333333333333333,0.3333333333333333,-0.663335916937956,0.4666666666666667
477,1,casia:114,0,0,1.0,1.0,1.0,1.0,0.6762165013486695,0.8
478,1,casia:452,1,1,0.0625,0.26666666666666666,0.3333333333333333,0.3333333333333333,0.6142658191864461,0.8666666666666667
479,1,casia:385,1,1,0.1875,0.26666666666666666,0.4666666666666667,0.4666666666666667,0.3162917683951951,0.8
480,1,casia:187,0,0,1.0,1.0,0.4,0.4,-0.931246400595281,0.4
481,1,casia:112,0,0,1.0,1.0,0.6666666666666666,0.3333333333333333,0.408306017691344,0.7333333333333333
482,1,casia:257,1,1,0.1875,0.3333333333333333,0.2,0.2,0.018317717603943677,0.7333333333333333
483,1,casia:475,1,1,0.5625,0.4666666666666667,0.4,0.4,0.018317717603943677,0.7333333333333333
484,1,casia:407,1,1,0.3125,0.26666666666666666,0.3333333333333333,0.3333333333333333,0.018317717603943677,0.7333333333333333
485,1,casia:065,0,0,1.0,1.0,1.0,0.5333333333333333,-0.663335916937956,0.4666666666666667
486,1,casia:495,1,1,0.0625,0.4666666666666667,0.2,0.3333333333333333,0.018317717603943677,0.7333333333333333
487,1,casia:293,1,1,0.0625,0.3333333333333333,0.2,0.2,-2.3654746887260645,0.2
488,1,casia:472,1,1,0.625,0.3333333333333333,0.8,0.8,0.018317717603943677,0.7333333333333333
489,1,casia:419,1,1,0.4375,0.3333333333333333,0.4,0.2,0.3162917683951951,0.8
490,1,casia:140,0,0,1.0,1.0,0.4,0.4,0.408306017691344,0.7333333333333333
491,1,casia:211,0,1,0.0625,0.13333333333333333,0.06666666666666667,0.06666666666666667,-0.27965633318730726,0.6666666666666666
492,1,casia:199,0,0,1.0,1.0,0.2,0.2,-2.0028883352245814,0.13333333333333333
493,1,casia:492,1,1,0.0625,0.3333333333333333,0.5333333333333333,0.5333333333333333,0.912239869977697,0.9333333333333333
494,1,casia:112,0,0,1.0,1.0,0.2,0.2,0.408306017691344,0.7333333333333333
495,1,casia:238,0,0,1.0,1.0,0.26666666666666666,0.26666666666666666,0.408306017691344,0.7333333333333333
496,1,casia:411,1,1,0.5625,0.4,0.5333333333333333,0.5333333333333333,0.6142658191864461,0.8666666666666667
497,1,casia:118,0,0,1.0,1.0,0.7333333333333333,0.7333333333333333,1.2120374686633195,0.9333333333333333
498,1,casia:140,0,0,1.0,1.0,0.6666666666666666,0.6666666666666666,0.14039553403401903,0.6666666666666666
499,1,casia:093,0,0,1.0,1.0,0.4,0.4,-2.2707988188819064,0.06666666666666667
500,1,casia:046,0,0,1.0,1.0,0.6,0.6,-0.931246400595281,0.4
501,1,casia:262,1,1,0.25,0.4,0.8,0.8,-0.27965633318730726,0.6666666666666666
502,1,casia:438,1,1,0.125,0.4,0.26666666666666666,0.26666666666666666,-1.4715525363523112,0.4
503,1,casia:174,0,0,1.0,1.0,0.4666666666666667,0.4666666666666667,-1.467067367909931,0.26666666666666666
504,1,casia:146,0,0,0.9375,0.06666666666666667,1.0,0.13333333333333333,-2.0028883352245814,0.13333333333333333
505,1,casia:209,0,0,1.0,1.0,0.3333333333333333,0.3333333333333333,-0.39542543328063096,0.5333333333333333
506,1,casia:350,1,1,0.375,0.3333333333333333,0.6666666666666666,0.8666666666666667,0.912239869977697,0.9333333333333333
507,1,casia:441,1,1,0.4375,0.4,0.5333333333333333,0.5333333333333333,0.018317717603943677,0.7333333333333333
508,1,casia:083,0,0,1.0,1.0,0.8,0.8,-0.12751494962330598,0.6
509,1,casia:037,0,0,1.0,1.0,0.7333333333333333,0.7333333333333333,1.2120374686633195,0.9333333333333333
510,1,casia:272,1,1,0.125,0.3333333333333333,0.3333333333333333,0.26666666666666666,-0.27965633318730726,0.6666666666666666
511,1,casia:043,0,0,1.0,1.0,1.0,0.6,0.6762165013486695,0.8
512,1,casia:288,1,1,0.0625,0.4,0.4,0.4,-0.5776303839785583,0.6
513,1,casia:370,1,1,0.6875,0.7333333333333333,0.8666666666666667,0.8,0.912239869977697,0.9333333333333333
514,1,casia:450,1,1,0.4375,0.26666666666666666,0.6,0.6,-0.5776303839785583,0.6
515,1,casia:379,1,1,0.125,0.26666666666666666,0.8,0.8,0.018317717603943677,0.7333333333333333
516,1,casia:294,1,1,0.1875,0.4666666666666667,0.4,0.4,0.6142658191864461,0.8666666666666667
517,1,casia:189,0,0,1.0,1.0,1.0,0.6,0.408306017691344,0.7333333333333333
518,1,casia:270,1,1,0.0625,0.26666666666666666,0.4,0.7333333333333333,0.3162917683951951,0.8
519,1,casia:168,0,0,1.0,1.0,0.8666666666666667,0.8666666666666667,0.408306017691344,0.7333333333333333
520,1,casia:117,0,0,1.0,1.0,0.4,0.4,0.408306017691344,0.7333333333333333
521,1,casia:463,1,1,0.5,0.4,0.8666666666666667,0.8666666666666667,0.018317717603943677,0.7333333333333333
522,1,casia:436,1,1,0.3125,0.26666666666666666,0.4666666666666667,0.4666666666666667,0.3162917683951951,0.8
523,1,casia:162,0,0,1.0,1.0,0.5333333333333333,0.5333333333333333,0.9441269850059945,0.8666666666666667
524,1,casia:376,1,1,0.1875,0.26666666666666666,0.6666666666666666,0.6666666666666666,0.3162917683951951,0.8
525,1,casia:469,1,1,0.3125,0.4,0.2,0.2,-1.1735784855610603,0.4666666666666667
526,1,casia:316,1,1,0.125,0.4666666666666667,0.4,0.4,-0.8756044347698092,0.5333333333333333
527,1,casia:013,0,0,1.0,1.0,1.0,0.8666666666666667,0.9441269850059945,0.8666666666666667
528,1,casia:153,0,0,1.0,1.0,0.6666666666666666,0.6666666666666666,-0.663335916937956,0.4666666666666667
529,1,casia:178,0,0,1.0,1.0,1.0,1.0,1.2120374686633195,0.9333333333333333
530,1,casia:419,1,1,0.375,0.3333333333333333,0.4666666666666667,0.26666666666666666,0.3162917683951951,0.8
531,1,casia:144,0,0,1.0,1.0,0.5333333333333333,0.5333333333333333,0.6762165013486695,0.8
532,1,casia:352,1,1,0.25,0.6,0.4666666666666667,0.7333333333333333,0.6142658191864461,0.8666666666666667
533,1,casia:307,1,1,0.625,0.6666666666666666,0.6666666666666666,0.4666666666666667,-0.27965633318730726,0.6666666666666666
534,1,casia:118,0,0,1.0,1.0,0.4,0.4,0.14039553403401903,0.6666666666666666
535,1,casia:121,0,0,1.0,1.0,0.4,0.4,0.14039553403401903,0.6666666666666666
536,1,casia:499,1,1,0.125,0.4,0.26666666666666666,0.26666666666666666,-1.1735784855610603,0.4666666666666667
537,1,casia:252,1,1,0.25,0.3333333333333333,0.6,0.6,0.6142658191864461,0.8666666666666667
538,1,casia:163,0,0,1.0,1.0,0.6666666666666666,0.6666666666666666,-0.39542543328063096,0.5333333333333333
539,1,casia:101,0,0,1.0,1.0,0.3333333333333333,0.3333333333333333,-1.1991568842526061,0.3333333333333333
540,1,casia:289,1,1,0.375,0.5333333333333333,0.6,0.6,0.3162917683951951,0.8
541,1,casia:167,0,0,1.0,1.0,0.4,0.4,0.6762165013486695,0.8
542,1,casia:195,0,0,1.0,1.0,0.5333333333333333,0.5333333333333333,0.408306017691344,0.7333333333333333
543,1,casia:089,0,0,1.0,0.3333333333333333,0.13333333333333333,0.13333333333333333,-2.0028883352245814,0.13333333333333333
544,1,casia:037,0,0,1.0,1.0,0.8,0.8,1.2120374686633195,0.9333333333333333
545,1,casia:430,1,1,0.5625,0.3333333333333333,0.5333333333333333,0.8,0.6142658191864461,0.8666666666666667
546,1,casia:493,1,1,0.3125,0.3333333333333333,0.4666666666666667,0.6,0.3162917683951951,0.8
547,1,casia:237,0,0,1.0,1.0,0.8,0.8,0.6762165013486695,0.8
548,1,casia:458,1,1,0.125,0.4,0.4,0.4,-1.1735784855610603,0.4666666666666667
549,1,casia:235,0,0,1.0,1.0,0.13333333333333333,0.13333333333333333,-2.2707988188819064,0.06666666666666667
550,1,casia:131,0,0,1.0,1.0,0.6,0.6,-0.39542543328063096,0.5333333333333333
551,1,casia:399,1,1,0.9375,0.9333333333333333,0.6666666666666666,0.8,1.210213920768948,1.0
552,1,casia:343,1,1,0.5625,0.4,0.7333333333333333,0.9333333333333333,0.912239869977697,0.9333333333333333
553,1,casia:189,0,0,1.0,1.0,0.9333333333333333,0.9333333333333333,-0.12751494962330598,0.6
554,1,casia:153,0,0,0.875,0.5333333333333333,0.3333333333333333,0.3333333333333333,-2.2707988188819064,0.06666666666666667
555,1,casia:453,1,1,0.3125,0.6666666666666666,0.6666666666666666,0.6666666666666666,-0.5776303839785583,0.6
556,1,casia:240,0,0,1.0,1.0,0.6,0.6,1.2120374686633195,0.9333333333333333
557,1,casia:305,1,1,0.0625,0.4,0.4,0.4,0.3162917683951951,0.8
558,1,casia:369,1,1,0.125,0.26666666666666666,0.5333333333333333,0.8666666666666667,-0.27965633318730726,0.6666666666666666
559,1,casia:227,0,0,1.0,1.0,1.0,0.06666666666666667,-2.0028883352245814,0.13333333333333333
560,1,casia:048,0,0,1.0,1.0,1.0,0.8666666666666667,0.9441269850059945,0.8666666666666667
561,1,casia:039,0,0,1.0,1.0,0.2,0.2,-1.1991568842526061,0.3333333333333333
562,1,casia:358,1,1,0.125,0.4,0.8666666666666667,0.8666666666666667,-0.8756044347698092,0.5333333333333333
563,1,casia:302,1,1,0.0625,0.26666666666666666,0.4,0.4,-0.8756044347698092,0.5333333333333333
564,1,casia:496,1,1,0.0625,0.3333333333333333,0.5333333333333333,0.5333333333333333,-0.8756044347698092,0.5333333333333333
565,1,casia:377,1,1,0.625,0.26666666666666666,0.4,0.9333333333333333,0.912239869977697,0.9333333333333333
566,1,casia:143,0,0,1.0,1.0,0.8,0.8,0.6762165013486695,0.8
567,1,casia:430,1,1,0.5625,0.26666666666666666,0.4,0.4,0.6142658191864461,0.8666666666666667
568,1,casia:068,0,0,0.625,0.3333333333333333,1.0,0.3333333333333333,-1.467067367909931,0.26666666666666666
569,1,casia:405,1,1,0.0625,0.26666666666666666,0.2,0.2,0.6142658191864461,0.8666666666666667
570,1,casia:197,0,0,1.0,1.0,0.6,0.6,0.9441269850059945,0.8666666666666667
571,1,casia:231,0,0,1.0,1.0,1.0,0.8666666666666667,-1.467067367909931,0.26666666666666666
572,1,casia:368,1,1,0.625,0.4,0.3333333333333333,0.4,0.3162917683951951,0.8
573,1,casia:359,1,1,0.8125,0.8666666666666667,0.5333333333333333,0.5333333333333333,0.018317717603943677,0.7333333333333333
574,1,casia:081,0,0,1.0,1.0,1.0,1.0,-0.12751494962330598,0.6
575,1,casia:031,0,0,1.0,1.0,1.0,0.26666666666666666,-1.467067367909931,0.26666666666666666
576,1,casia:281,1,1,0.125,0.4,0.6666666666666666,0.6666666666666666,-0.5776303839785583,0.6
577,1,casia:271,1,1,0.0625,0.3333333333333333,0.6,0.6,0.6142658191864461,0.8666666666666667
578,1,casia:410,1,1,0.375,0.26666666666666666,0.3333333333333333,0.3333333333333333,0.6142658191864461,0.8666666666666667
579,1,casia:304,1,1,0.0625,0.26666666666666666,0.4666666666666667,0.26666666666666666,-0.27965633318730726,0.6666666666666666
580,1,casia:499,1,1,0.625,0.5333333333333333,0.4,0.3333333333333333,0.912239869977697,0.9333333333333333
581,1,casia:286,1,1,0.0625,0.26666666666666666,0.3333333333333333,0.3333333333333333,-1.1735784855610603,0.4666666666666667
582,1,casia:272,1,1,0.375,0.26666666666666666,0.5333333333333333,0.5333333333333333,0.6142658191864461,0.8666666666666667
583,1,casia:203,0,0,1.0,1.0,1.0,0.5333333333333333,-0.39542543328063096,0.5333333333333333
584,1,casia:397,1,1,0.125,0.26666666666666666,0.8666666666666667,0.8666666666666667,-0.8756044347698092,0.5333333333333333
585,1,casia:080,0,0,1.0,1.0,0.6,0.6,0.408306017691344,0.7333333333333333
586,1,casia:496,1,1,0.1875,0.4,1.0,1.0,0.3162917683951951,0.8
587,1,casia:105,0,0,1.0,1.0,1.0,0.4666666666666667,-0.12751494962330598,0.6
588,1,casia:079,0,0,1.0,1.0,0.3333333333333333,0.3333333333333333,-0.39542543328063096,0.5333333333333333
589,1,casia:428,1,1,0.1875,0.26666666666666666,0.26666666666666666,0.26666666666666666,0.6142658191864461,0.8666666666666667
590,1,casia:044,0,0,1.0,1.0,0.8,0.8,0.6762165013486695,0.8
591,1,casia:496,1,1,0.25,0.26666666666666666,0.7333333333333333,0.3333333333333333,0.912239869977697,0.9333333333333333
592,1,casia:371,1,1,0.125,0.26666666666666666,0.8,0.8,0.912239869977697,0.9333333333333333
593,1,casia:317,1,1,0.125,0.26666666666666666,0.3333333333333333,0.4,-0.8756044347698092,0.5333333333333333
594,1,casia:033,0,0,1.0,1.0,1.0,0.7333333333333333,-0.663335916937956,0.4666666666666667
595,1,casia:016,0,0,1.0,1.0,0.5333333333333333,1.0,0.9441269850059945,0.8666666666666667
596,1,casia:364,1,1,0.375,0.7333333333333333,0.8,0.8,0.912239869977697,0.9333333333333333
597,1,casia:112,0,0,1.0,1.0,0.6,0.4,-0.12751494962330598,0.6
598,1,casia:421,1,1,0.3125,0.6666666666666666,0.7333333333333333,0.5333333333333333,0.018317717603943677,0.7333333333333333
599,1,casia:446,1,1,0.8125,0.4666666666666667,0.9333333333333333,0.8666666666666667,0.912239869977697,0.9333333333333333
600,1,casia:045,0,0,1.0,1.0,0.3333333333333333,0.3333333333333333,-0.931246400595281,0.4
601,1,casia:287,1,1,0.0625,0.26666666666666666,0.6666666666666666,0.2,-0.5776303839785583,0.6
602,1,casia:398,1,1,0.125,0.26666666666666666,0.5333333333333333,0.5333333333333333,0.6142658191864461,0.8666666666666667
603,1,casia:292,1,1,0.0625,0.3333333333333333,0.6666666666666666,0.6,-1.4715525363523112,0.4
604,1,casia:152,0,0,1.0,1.0,0.6,0.6,0.9441269850059945,0.8666666666666667
605,1,casia:395,1,1,0.25,0.26666666666666666,0.9333333333333333,0.9333333333333333,1.210213920768948,1.0
606,1,casia:314,1,1,0.0625,0.3333333333333333,0.3333333333333333,0.3333333333333333,0.912239869977697,0.9333333333333333
607,1,casia:476,1,1,0.8125,0.26666666666666666,0.4,0.4,0.6142658191864461,0.8666666666666667
608,1,casia:300,1,1,0.0625,0.3333333333333333,0.5333333333333333,0.2,-0.5776303839785583,0.6
609,1,casia:040,0,0,1.0,1.0,0.3333333333333333,0.3333333333333333,-0.931246400595281,0.4
610,1,casia:056,0,0,1.0,1.0,0.6666666666666666,0.6666666666666666,0.6762165013486695,0.8
611,1,casia:327,1,1,0.375,0.7333333333333333,0.4666666666666667,0.4666666666666667,0.3162917683951951,0.8
612,1,casia:209,0,0,1.0,1.0,0.13333333333333333,0.13333333333333333,0.408306017691344,0.7333333333333333
613,1,casia:131,0,0,1.0,1.0,1.0,0.8666666666666667,0.14039553403401903,0.6666666666666666
614,1,casia:499,1,1,0.5,0.7333333333333333,0.26666666666666666,0.26666666666666666,-0.8756044347698092,0.5333333333333333
615,1,casia:041,0,0,1.0,1.0,0.5333333333333333,0.5333333333333333,1.2120374686633195,0.9333333333333333
616,1,casia:068,0,0,0.5625,0.7333333333333333,0.2,0.2,-1.467067367909931,0.26666666666666666
617,1,casia:082,0,0,1.0,1.0,0.6,0.6,-0.39542543328063096,0.5333333333333333
618,1,casia:358,1,1,0.3125,0.26666666666666666,0.6,0.6,0.018317717603943677,0.7333333333333333
619,1,casia:406,1,1,0.125,0.26666666666666666,0.3333333333333333,0.3333333333333333,-0.27965633318730726,0.6666666666666666
620,1,casia:115,0,0,1.0,1.0,1.0,1.0,0.9441269850059945,0.8666666666666667
621,1,casia:243,0,0,1.0,1.0,1.0,0.5333333333333333,-0.663335916937956,0.4666666666666667
622,1,casia:344,1,1,0.75,0.3333333333333333,0.6,0.3333333333333333,1.210213920768948,1.0
623,1,casia:195,0,0,1.0,1.0,1.0,0.06666666666666667,-1.467067367909931,0.26666666666666666
624,1,casia:109,0,0,1.0,1.0,0.7333333333333333,0.7333333333333333,-1.467067367909931,0.26666666666666666
625,1,casia:354,1,1,0.125,0.4666666666666667,0.6,0.6,-0.27965633318730726,0.6666666666666666
626,1,casia:151,0,0,1.0,1.0,0.6,0.6,0.6762165013486695,0.8
627,1,casia:139,0,0,1.0,1.0,0.8666666666666667,0.8666666666666667,0.9441269850059945,0.8666666666666667
628,1,casia:249,0,0,1.0,1.0,1.0,0.4666666666666667,-0.663335916937956,0.4666666666666667
629,1,casia:296,1,1,0.3125,0.4,0.4,0.4,0.018317717603943677,0.7333333333333333
630,1,casia:281,1,1,0.125,0.26666666666666666,0.4666666666666667,0.8,0.018317717603943677,0.7333333333333333
631,1,casia:266,1,1,0.25,0.26666666666666666,0.7333333333333333,0.7333333333333333,0.912239869977697,0.9333333333333333
632,1,casia:177,0,0,1.0,1.0,0.6666666666666666,0.6666666666666666,0.6762165013486695,0.8
633,1,casia:494,1,1,0.0625,0.4,0.2,0.2,-0.5776303839785583,0.6
634,1,casia:120,0,0,1.0,1.0,0.4,0.4,0.408306017691344,0.7333333333333333
635,1,casia:312,1,1,0.0625,0.26666666666666666,0.9333333333333333,0.8666666666666667,0.6142658191864461,0.8666666666666667
636,1,casia:243,0,1,0.0625,0.26666666666666666,0.5333333333333333,0.5333333333333333,-1.7695265871435624,0.3333333333333333
637,1,casia:454,1,1,0.375,0.8666666666666667,0.8,0.8,0.018317717603943677,0.7333333333333333
638,1,casia:207,0,0,1.0,1.0,1.0,0.7333333333333333,-0.12751494962330598,0.6
639,1,casia:015,0,0,1.0,1.0,0.4,0.4,1.2120374686633195,0.9333333333333333
640,1,casia:012,0,0,1.0,1.0,0.8666666666666667,0.8666666666666667,1.4799479523206445,1.0
641,1,casia:309,1,1,0.0625,0.3333333333333333,0.8666666666666667,0.8666666666666667,-0.27965633318730726,0.6666666666666666
642,1,casia:079,0,0,1.0,1.0,0.3333333333333333,0.3333333333333333,0.14039553403401903,0.6666666666666666
643,1,casia:117,0,0,1.0,1.0,0.6666666666666666,0.6666666666666666,0.14039553403401903,0.6666666666666666
644,1,casia:290,1,1,0.0625,0.26666666666666666,0.8666666666666667,0.8666666666666667,-0.27965633318730726,0.6666666666666666
645,1,casia:102,0,0,1.0,1.0,0.5333333333333333,0.5333333333333333,-0.39542543328063096,0.5333333333333333
646,1,casia:337,1,1,0.4375,0.26666666666666666,0.6,0.6,0.3162917683951951,0.8
647,1,casia:114,0,0,1.0,1.0,1.0,1.0,0.408306017691344,0.7333333333333333
648,1,casia:096,0,0,1.0,1.0,0.8666666666666667,0.8666666666666667,0.6762165013486695,0.8
649,1,casia:337,1,1,0.1875,0.26666666666666666,0.26666666666666666,0.26666666666666666,0.6142658191864461,0.8666666666666667
650,1,casia:317,1,1,0.0625,0.4,0.26666666666666666,0.26666666666666666,0.3162917683951951,0.8
651,1,casia:397,1,1,0.25,0.5333333333333333,0.5333333333333333,0.6666666666666666,-1.7695265871435624,0.3333333333333333
652,1,casia:150,0,0,1.0,1.0,1.0,1.0,0.14039553403401903,0.6666666666666666
653,1,casia:203,0,0,1.0,1.0,0.8,0.8,0.6762165013486695,0.8
654,1,casia:171,0,0,1.0,1.0,0.4666666666666667,0.4666666666666667,0.6762165013486695,0.8
655,1,casia:016,0,0,1.0,1.0,0.6666666666666666,1.0,0.408306017691344,0.7333333333333333
656,1,casia:375,1,1,0.375,0.4,0.4666666666666667,0.4666666666666667,1.210213920768948,1.0
657,1,casia:208,0,0,1.0,1.0,0.4,0.4,0.14039553403401903,0.6666666666666666
658,1,casia:322,1,1,0.0625,0.26666666666666666,0.6,0.6,-0.5776303839785583,0.6
659,1,casia:349,1,1,0.25,0.26666666666666666,0.5333333333333333,0.5333333333333333,0.3162917683951951,0.8
660,1,casia:310,1,1,0.0625,0.26666666666666666,0.9333333333333333,0.2,0.912239869977697,0.9333333333333333
661,1,casia:136,0,0,1.0,1.0,0.13333333333333333,0.13333333333333333,-1.7349778515672563,0.2
662,1,casia:238,0,0,1.0,0.13333333333333333,0.13333333333333333,0.13333333333333333,-2.2707988188819064,0.06666666666666667
663,1,casia:110,0,0,1.0,1.0,0.4,0.4,0.14039553403401903,0.6666666666666666
664,1,casia:159,0,0,1.0,1.0,0.8,0.8,1.2120374686633195,0.9333333333333333
665,1,casia:454,1,1,0.375,0.4,0.8,0.8,0.018317717603943677,0.7333333333333333
666,1,casia:106,0,0,1.0,1.0,1.0,0.8666666666666667,0.9441269850059945,0.8666666666666667
667,1,casia:278,1,1,0.0625,0.3333333333333333,0.7333333333333333,0.7333333333333333,-0.5776303839785583,0.6
668,1,casia:196,0,0,1.0,1.0,1.0,0.8,0.6762165013486695,0.8
669,1,casia:375,1,1,0.25,0.26666666666666666,0.9333333333333333,0.9333333333333333,1.210213920768948,1.0
670,1,casia:291,1,1,0.375,0.4,0.4666666666666667,0.4666666666666667,1.210213920768948,1.0
671,1,casia:051,0,0,1.0,1.0,0.6666666666666666,0.6666666666666666,0.6762165013486695,0.8
672,1,casia:480,1,1,0.0625,0.4,0.6,0.6,0.6142658191864461,0.8666666666666667
673,1,casia:120,0,0,1.0,1.0,0.7333333333333333,0.7333333333333333,0.14039553403401903,0.6666666666666666
674,1,casia:290,1,1,0.0625,0.3333333333333333,0.26666666666666666,0.26666666666666666,-0.8756044347698092,0.5333333333333333
675,1,casia:361,1,1,0.5625,0.7333333333333333,0.6666666666666666,0.6666666666666666,0.912239869977697,0.9333333333333333
676,1,casia:326,1,1,0.0625,0.26666666666666666,0.4666666666666667,0.4666666666666667,-0.5776303839785583,0.6
677,1,casia:235,0,0,1.0,1.0,0.8666666666666667,0.8666666666666667,-1.467067367909931,0.26666666666666666
678,1,casia:407,1,1,0.25,0.4666666666666667,0.26666666666666666,0.26666666666666666,0.3162917683951951,0.8
679,1,casia:417,1,1,0.1875,0.3333333333333333,0.4,0.4,1.210213920768948,1.0
680,1,casia:389,1,1,0.3125,0.4,0.9333333333333333,0.9333333333333333,-0.8756044347698092,0.5333333333333333
681,1,casia:172,0,0,1.0,1.0,1.0,0.4,-1.7349778515672563,0.2
682,1,casia:359,1,1,0.6875,1.0,0.8666666666666667,0.6,0.6142658191864461,0.8666666666666667
683,1,casia:404,1,1,0.75,0.8666666666666667,0.2,0.2,0.912239869977697,0.9333333333333333
684,1,casia:054,0,0,1.0,1.0,0.9333333333333333,0.9333333333333333,0.9441269850059945,0.8666666666666667
685,1,casia:457,1,1,0.0625,0.26666666666666666,0.8,0.8666666666666667,-0.5776303839785583,0.6
686,1,casia:053,0,0,1.0,1.0,0.8666666666666667,0.8666666666666667,1.2120374686633195,0.9333333333333333
687,1,casia:218,0,0,1.0,0.2,0.8,0.8,-1.7349778515672563,0.2
688,1,casia:132,0,0,0.9375,1.0,1.0,1.0,-0.39542543328063096,0.5333333333333333
689,1,casia:403,1,1,0.3125,0.3333333333333333,0.6,0.6,0.912239869977697,0.9333333333333333
690,1,casia:495,1,1,0.125,0.26666666666666666,0.3333333333333333,0.3333333333333333,-0.8756044347698092,0.5333333333333333
691,1,casia:426,1,1,0.1875,0.3333333333333333,1.0,0.6666666666666666,0.3162917683951951,0.8
692,1,casia:398,1,1,0.1875,0.3333333333333333,0.8,0.8,-0.27965633318730726,0.6666666666666666
693,1,casia:470,1,1,0.25,0.26666666666666666,0.5333333333333333,0.3333333333333333,0.912239869977697,0.9333333333333333
694,1,casia:199,0,0,1.0,1.0,0.7333333333333333,0.7333333333333333,0.6762165013486695,0.8
695,1,casia:458,1,1,0.25,0.3333333333333333,0.26666666666666666,0.26666666666666666,-0.8756044347698092,0.5333333333333333
696,1,casia:411,1,1,0.4375,0.26666666666666666,0.7333333333333333,0.7333333333333333,0.6142658191864461,0.8666666666666667
697,1,casia:446,1,1,0.6875,0.26666666666666666,0.8666666666666667,0.8666666666666667,0.912239869977697,0.9333333333333333
698,1,casia:331,1,1,0.25,0.5333333333333333,0.5333333333333333,0.5333333333333333,0.6142658191864461,0.8666666666666667
699,1,casia:402,1,1,0.5,0.26666666666666666,0.7333333333333333,0.7333333333333333,0.912239869977697,0.9333333333333333
700,1,casia:205,0,0,1.0,1.0,0.9333333333333333,0.9333333333333333,0.408306017691344,0.7333333333333333
701,1,casia:013,0,0,1.0,1.0,0.6666666666666666,0.4,0.9441269850059945,0.8666666666666667
702,1,casia:316,1,1,0.0625,0.3333333333333333,0.26666666666666666,0.26666666666666666,-1.4715525363523112,0.4
703,1,casia:300,1,1,0.375,0.8666666666666667,0.8666666666666667,0.8666666666666667,-0.8756044347698092,0.5333333333333333
704,1,casia:099,0,0,1.0,1.0,0.7333333333333333,0.7333333333333333,0.6762165013486695,0.8
705,1,casia:213,0,0,1.0,1.0,0.7333333333333333,0.7333333333333333,0.408306017691344,0.7333333333333333
706,1,casia:226,0,0,1.0,0.3333333333333333,0.06666666666666667,0.06666666666666667,-0.12751494962330598,0.6
707,1,casia:009,0,0,1.0,1.0,0.9333333333333333,0.9333333333333333,1.2120374686633195,0.9333333333333333
708,1,casia:133,0,0,1.0,1.0,1.0,0.9333333333333333,0.408306017691344,0.7333333333333333
709,1,casia:323,1,1,0.0625,0.26666666666666666,0.13333333333333333,0.13333333333333333,-0.8756044347698092,0.5333333333333333
710,1,casia:058,0,0,1.0,1.0,0.7333333333333333,0.7333333333333333,0.9441269850059945,0.8666666666666667
711,1,casia:481,1,1,0.1875,0.26666666666666666,0.6,0.2,-0.27965633318730726,0.6666666666666666
712,1,casia:452,1,1,0.125,0.3333333333333333,0.3333333333333333,0.3333333333333333,0.6142658191864461,0.8666666666666667
713,1,casia:458,1,1,0.5,0.6666666666666666,0.4,0.3333333333333333,0.018317717603943677,0.7333333333333333
714,1,casia:400,1,1,0.1875,0.4,0.4666666666666667,0.4666666666666667,0.912239869977697,0.9333333333333333
715,1,casia:282,1,1,0.125,0.26666666666666666,0.6,0.6,0.3162917683951951,0.8
716,1,casia:233,0,0,1.0,1.0,0.13333333333333333,0.13333333333333333,-2.0028883352245814,0.13333333333333333
717,1,casia:299,1,1,0.25,0.3333333333333333,0.26666666666666666,0.6666666666666666,0.6142658191864461,0.8666666666666667
718,1,casia:434,1,1,0.0625,0.26666666666666666,0.7333333333333333,0.5333333333333333,-1.1735784855610603,0.4666666666666667
719,1,casia:482,1,1,0.875,0.4,0.6666666666666666,0.6666666666666666,-2.0675006379348133,0.26666666666666666
720,1,casia:323,1,1,0.0625,0.2,0.2,0.2,-1.7695265871435624,0.3333333333333333
721,1,casia:275,1,1,0.3125,0.6,0.2,0.2,0.3162917683951951,0.8
722,1,casia:382,1,1,0.375,0.4,0.26666666666666666,0.26666666666666666,-0.27965633318730726,0.6666666666666666
723,1,casia:254,1,1,0.125,0.26666666666666666,0.3333333333333333,0.3333333333333333,-2.3654746887260645,0.2
724,1,casia:380,1,1,0.5,0.26666666666666666,0.6,0.6,0.6142658191864461,0.8666666666666667
725,1,casia:175,0,0,1.0,1.0,1.0,1.0,0.9441269850059945,0.8666666666666667
726,1,casia:056,0,0,1.0,1.0,1.0,0.7333333333333333,0.6762165013486695,0.8
727,1,casia:380,1,1,0.375,0.6,0.5333333333333333,0.5333333333333333,0.018317717603943677,0.7333333333333333
728,1,casia:474,1,1,0.8125,0.9333333333333333,0.9333333333333333,0.9333333333333333,0.912239869977697,0.9333333333333333
729,1,casia:180,0,0,1.0,1.0,0.4,0.4,0.408306017691344,0.7333333333333333
730,1,casia:241,0,0,1.0,1.0,0.06666666666666667,0.06666666666666667,-0.12751494962330598,0.6
731,1,casia:157,0,0,1.0,1.0,0.8,0.8,0.14039553403401903,0.6666666666666666
732,1,casia:493,1,1,0.1875,0.7333333333333333,0.26666666666666666,0.26666666666666666,-0.5776303839785583,0.6
733,1,casia:414,1,1,0.1875,0.4,0.5333333333333333,0.5333333333333333,-1.4715525363523112,0.4
734,1,casia:002,0,0,1.0,1.0,1.0,0.8,-0.663335916937956,0.4666666666666667
735,1,casia:481,1,1,0.1875,0.4,0.3333333333333333,0.13333333333333333,-0.27965633318730726,0.6666666666666666
736,1,casia:088,0,0,1.0,1.0,0.9333333333333333,0.9333333333333333,0.9441269850059945,0.8666666666666667
737,1,casia:330,1,1,0.0625,0.26666666666666666,0.13333333333333333,0.13333333333333333,0.6142658191864461,0.8666666666666667
738,1,casia:475,1,1,0.5,0.6,0.4,0.4,-1.1735784855610603,0.4666666666666667
739,1,casia:184,0,0,1.0,1.0,1.0,0.6666666666666666,0.14039553403401903,0.6666666666666666
740,1,casia:029,0,0,1.0,1.0,0.7333333333333333,0.7333333333333333,0.6762165013486695,0.8
741,1,casia:221,0,0,1.0,0.6,0.2,0.2,-0.663335916937956,0.4666666666666667
742,1,casia:381,1,1,0.1875,0.26666666666666666,0.5333333333333333,0.5333333333333333,-0.8756044347698092,0.5333333333333333
743,1,casia:233,0,0,1.0,1.0,0.2,0.2,0.14039553403401903,0.6666666666666666
744,1,casia:170,0,0,1.0,1.0,0.7333333333333333,0.7333333333333333,0.6762165013486695,0.8
745,1,casia:228,0,0,1.0,1.0,0.26666666666666666,0.26666666666666666,1.2120374686633195,0.9333333333333333
746,1,casia:052,0,0,1.0,1.0,0.8666666666666667,0.8666666666666667,0.14039553403401903,0.6666666666666666
747,1,casia:177,0,0,1.0,1.0,0.7333333333333333,0.7333333333333333,0.6762165013486695,0.8
748,1,casia:153,0,0,1.0,1.0,0.4666666666666667,0.4666666666666667,-0.39542543328063096,0.5333333333333333
749,1,casia:214,0,0,1.0,1.0,0.5333333333333333,0.5333333333333333,0.14039553403401903,0.6666666666666666
750,1,casia:141,0,0,1.0,1.0,0.4666666666666667,1.0,0.6762165013486695,0.8
751,1,casia:318,1,1,0.0625,0.26666666666666666,0.06666666666666667,0.06666666666666667,0.018317717603943677,0.7333333333333333
752,1,casia:480,1,1,0.0625,0.26666666666666666,0.4666666666666667,0.4666666666666667,0.6142658191864461,0.8666666666666667
753,1,casia:469,1,1,0.4375,0.4666666666666667,0.26666666666666666,0.26666666666666666,-0.27965633318730726,0.6666666666666666
754,1,casia:100,0,0,1.0,1.0,1.0,1.0,-1.7349778515672563,0.2
755,1,casia:425,1,1,0.125,0.26666666666666666,0.6666666666666666,0.9333333333333333,0.912239869977697,0.9333333333333333
756,1,casia:116,0,0,0.875,1.0,0.13333333333333333,0.13333333333333333,-1.467067367909931,0.26666666666666666
757,1,casia:499,1,1,0.25,0.3333333333333333,0.26666666666666666,0.26666666666666666,-1.1735784855610603,0.4666666666666667
758,1,casia:383,1,1,0.1875,0.3333333333333333,0.8666666666666667,0.8666666666666667,0.6142658191864461,0.8666666666666667
759,1,casia:479,1,1,0.0625,0.26666666666666666,0.4,0.4,0.018317717603943677,0.7333333333333333
760,1,casia:401,1,1,0.4375,0.6666666666666666,0.5333333333333333,0.2,1.210213920768948,1.0
761,1,casia:123,0,0,1.0,1.0,0.8666666666666667,0.8666666666666667,0.6762165013486695,0.8
762,1,casia:289,1,1,0.0625,0.4,0.8,0.26666666666666666,0.3162917683951951,0.8
763,1,casia:398,1,1,0.3125,0.26666666666666666,0.4666666666666667,0.4666666666666667,0.018317717603943677,0.7333333333333333
764,1,casia:344,1,1,0.3125,0.8,0.5333333333333333,0.5333333333333333,1.210213920768948,1.0
765,1,casia:217,0,0,1.0,1.0,0.3333333333333333,0.3333333333333333,0.6762165013486695,0.8
766,1,casia:405,1,1,0.125,0.4666666666666667,0.6,0.6,0.912239869977697,0.9333333333333333
767,1,casia:284,1,1,0.0625,0.3333333333333333,0.6,0.2,-1.1735784855610603,0.4666666666666667
768,1,casia:046,0,0,1.0,1.0,0.3333333333333333,0.3333333333333333,-0.12751494962330598,0.6
769,1,casia:146,0,0,1.0,1.0,0.8,0.8,0.6762165013486695,0.8
770,1,casia:196,0,0,1.0,1.0,0.4,0.4,0.408306017691344,0.7333333333333333
771,1,casia:222,0,0,1.0,1.0,1.0,0.5333333333333333,-0.663335916937956,0.4666666666666667
772,1,casia:328,1,1,0.1875,0.26666666666666666,0.8,0.8,-0.5776303839785583,0.6
773,1,casia:224,0,0,1.0,1.0,1.0,0.8666666666666667,0.408306017691344,0.7333333333333333
774,1,casia:075,0,0,1.0,1.0,0.6,0.6,0.6762165013486695,0.8
775,1,casia:172,0,0,0.875,1.0,1.0,0.26666666666666666,-1.1991568842526061,0.3333333333333333
776,1,casia:206,0,0,1.0,1.0,0.4,0.4,0.6762165013486695,0.8
777,1,casia:183,0,0,0.9375,1.0,0.26666666666666666,0.26666666666666666,-1.7349778515672563,0.2
778,1,casia:416,1,1,0.125,0.3333333333333333,0.8666666666666667,0.8666666666666667,-2.0675006379348133,0.26666666666666666
779,1,casia:491,1,1,0.125,0.3333333333333333,0.3333333333333333,0.3333333333333333,-0.8756044347698092,0.5333333333333333
780,1,casia:436,1,1,0.25,0.26666666666666666,0.8,0.8,0.3162917683951951,0.8
781,1,casia:410,1,1,0.75,0.4,0.8666666666666667,0.8666666666666667,0.912239869977697,0.9333333333333333
782,1,casia:450,1,1,0.125,0.5333333333333333,0.3333333333333333,0.3333333333333333,-0.8756044347698092,0.5333333333333333
783,1,casia:161,0,0,1.0,1.0,0.6,0.6,-0.12751494962330598,0.6
784,1,casia:021,0,0,1.0,1.0,0.6,0.6,0.6762165013486695,0.8
785,1,casia:383,1,1,0.125,0.3333333333333333,0.8,0.8,0.6142658191864461,0.8666666666666667
786,1,casia:161,0,0,1.0,1.0,0.6,0.6,0.408306017691344,0.7333333333333333
787,1,casia:256,1,1,0.125,0.4666666666666667,0.9333333333333333,0.9333333333333333,0.912239869977697,0.9333333333333333
788,1,casia:462,1,1,0.5625,0.4,0.8,0.8,0.912239869977697,0.9333333333333333
789,1,casia:323,1,0,1.0,0.13333333333333333,0.13333333333333333,0.13333333333333333,-2.2707988188819064,0.06666666666666667
790,1,casia:125,0,0,1.0,1.0,0.4,0.4,-0.931246400595281,0.4
791,1,casia:419,1,1,0.5,0.26666666666666666,0.4,0.4,-0.5776303839785583,0.6
792,1,casia:326,1,1,0.125,0.3333333333333333,0.2,0.2,0.3162917683951951,0.8
793,1,casia:104,0,0,1.0,1.0,1.0,1.0,0.6762165013486695,0.8
794,1,casia:076,0,1,0.0625,0.2,0.06666666666666667,0.3333333333333333,-2.9614227903085664,0.06666666666666667
795,1,casia:340,1,1,0.5625,0.26666666666666666,0.7333333333333333,0.7333333333333333,0.018317717603943677,0.7333333333333333
796,1,casia:400,1,1,0.3125,0.26666666666666666,0.4,0.4,0.912239869977697,0.9333333333333333
797,1,casia:151,0,0,1.0,1.0,0.5333333333333333,0.5333333333333333,0.408306017691344,0.7333333333333333
798,1,casia:260,1,1,0.0625,0.26666666666666666,0.2,0.2,0.018317717603943677,0.7333333333333333
799,1,casia:478,1,1,0.0625,0.26666666666666666,0.6,0.6,0.018317717603943677,0.7333333333333333
800,1,casia:043,0,0,1.0,1.0,1.0,1.0,0.9441269850059945,0.8666666666666667
801,1,casia:061,0,0,1.0,1.0,0.4,0.3333333333333333,-1.1991568842526061,0.3333333333333333
802,1,casia:039,0,0,1.0,1.0,0.7333333333333333,0.7333333333333333,0.14039553403401903,0.6666666666666666
803,1,casia:246,0,0,1.0,1.0,0.26666666666666666,0.13333333333333333,-2.2707988188819064,0.06666666666666667
804,1,casia:160,0,0,1.0,1.0,0.3333333333333333,0.3333333333333333,-2.0028883352245814,0.13333333333333333
805,1,casia:084,0,0,1.0,1.0,0.5333333333333333,0.5333333333333333,0.408306017691344,0.7333333333333333
806,1,casia:089,0,0,1.0,1.0,0.4666666666666667,0.4666666666666667,-0.39542543328063096,0.5333333333333333
807,1,casia:132,0,0,0.875,0.2,0.2,0.2,-2.0028883352245814,0.13333333333333333
808,1,casia:082,0,0,1.0,1.0,0.6666666666666666,0.6666666666666666,-1.467067367909931,0.26666666666666666
809,1,casia:173,0,0,1.0,1.0,0.8,0.8,-0.12751494962330598,0.6
810,1,casia:208,0,0,1.0,1.0,0.3333333333333333,0.6,-0.39542543328063096,0.5333333333333333
811,1,casia:421,1,1,0.0625,0.4,0.4666666666666667,0.4666666666666667,0.912239869977697,0.9333333333333333
812,1,casia:241,0,0,1.0,1.0,0.26666666666666666,0.26666666666666666,0.408306017691344,0.7333333333333333
813,1,casia:074,0,0,1.0,1.0,0.8,0.8,0.6762165013486695,0.8
814,1,casia:302,1,1,0.6875,0.6666666666666666,0.6666666666666666,0.6666666666666666,0.3162917683951951,0.8
815,1,casia:344,1,1,0.25,0.26666666666666666,0.6666666666666666,0.3333333333333333,0.912239869977697,0.9333333333333333
816,1,casia:067,0,0,1.0,1.0,0.6,0.6,-0.12751494962330598,0.6
817,1,casia:032,0,0,1.0,1.0,0.8,0.8,0.14039553403401903,0.6666666666666666
818,1,casia:331,1,1,0.25,0.5333333333333333,0.6,0.6,-1.1735784855610603,0.4666666666666667
819,1,casia:190,0,0,1.0,1.0,1.0,0.6,0.6762165013486695,0.8
820,1,casia:474,1,1,0.75,1.0,0.9333333333333333,0.9333333333333333,1.210213920768948,1.0
821,1,casia:122,0,0,0.9375,1.0,0.13333333333333333,0.13333333333333333,0.6762165013486695,0.8
822,1,casia:055,0,0,1.0,1.0,1.0,0.7333333333333333,1.2120374686633195,0.9333333333333333
823,1,casia:417,1,1,0.5625,0.4666666666666667,0.8666666666666667,0.6666666666666666,0.912239869977697,0.9333333333333333
824,1,casia:438,1,1,0.1875,0.4,0.3333333333333333,0.8666666666666667,-1.1735784855610603,0.4666666666666667
825,1,casia:306,1,1,0.125,0.6666666666666666,0.4666666666666667,0.4666666666666667,0.6142658191864461,0.8666666666666667
826,1,casia:455,1,1,0.0625,0.3333333333333333,0.3333333333333333,0.3333333333333333,-1.7695265871435624,0.3333333333333333
827,1,casia:483,1,1,0.0625,0.26666666666666666,0.4666666666666667,0.3333333333333333,-0.5776303839785583,0.6
828,1,casia:338,1,1,0.5,0.3333333333333333,0.4666666666666667,0.6,-0.5776303839785583,0.6
829,1,casia:470,1,1,0.1875,0.26666666666666666,0.4,0.3333333333333333,0.912239869977697,0.9333333333333333
830,1,casia:220,0,0,1.0,1.0,0.8,0.8,-0.39542543328063096,0.5333333333333333
831,1,casia:382,1,1,0.4375,0.4666666666666667,0.4666666666666667,0.4666666666666667,-0.27965633318730726,0.6666666666666666
832,1,casia:023,0,0,1.0,1.0,0.4,0.4,0.9441269850059945,0.8666666666666667
833,1,casia:447,1,1,0.75,0.8666666666666667,0.6,0.6,0.912239869977697,0.9333333333333333
834,1,casia:390,1,1,0.0625,0.3333333333333333,0.6666666666666666,1.0,0.018317717603943677,0.7333333333333333
835,1,casia:253,1,1,0.0625,0.26666666666666666,0.8,0.8,-1.7695265871435624,0.3333333333333333
836,1,casia:024,0,0,1.0,1.0,0.13333333333333333,0.13333333333333333,0.14039553403401903,0.6666666666666666
837,1,casia:306,1,1,0.1875,0.26666666666666666,0.3333333333333333,0.3333333333333333,0.912239869977697,0.9333333333333333
838,1,casia:179,0,0,1.0,1.0,1.0,0.8666666666666667,0.9441269850059945,0.8666666666666667
839,1,casia:311,1,1,0.125,0.26666666666666666,0.6,0.6,0.6142658191864461,0.8666666666666667
840,1,casia:301,1,1,0.0625,0.26666666666666666,0.8,0.7333333333333333,0.3162917683951951,0.8
841,1,casia:045,0,0,1.0,1.0,0.3333333333333333,0.3333333333333333,-0.12751494962330598,0.6
842,1,casia:193,0,0,1.0,0.3333333333333333,0.26666666666666666,0.26666666666666666,0.408306017691344,0.7333333333333333
843,1,casia:063,0,0,1.0,1.0,0.9333333333333333,0.9333333333333333,0.6762165013486695,0.8
844,1,casia:220,0,0,1.0,1.0,0.8666666666666667,0.8666666666666667,-1.467067367909931,0.26666666666666666
845,1,casia:460,1,1,0.625,0.4,0.8,0.8,-1.4715525363523112,0.4
846,1,casia:143,0,0,1.0,1.0,0.5333333333333333,0.5333333333333333,0.9441269850059945,0.8666666666666667
847,1,casia:270,1,1,0.0625,0.3333333333333333,0.26666666666666666,0.26666666666666666,0.6142658191864461,0.8666666666666667
848,1,casia:023,0,0,1.0,1.0,0.6666666666666666,0.6666666666666666,0.6762165013486695,0.8
849,1,casia:102,0,0,1.0,1.0,1.0,0.4666666666666667,-0.39542543328063096,0.5333333333333333
850,1,casia:210,0,0,1.0,0.13333333333333333,0.06666666666666667,0.06666666666666667,-2.0028883352245814,0.13333333333333333
851,1,casia:247,0,0,1.0,1.0,0.06666666666666667,0.06666666666666667,-0.931246400595281,0.4
852,1,casia:244,0,1,0.0625,0.06666666666666667,0.06666666666666667,0.06666666666666667,-0.27965633318730726,0.6666666666666666
853,1,casia:043,0,0,1.0,1.0,0.8,0.8,1.2120374686633195,0.9333333333333333
854,1,casia:196,0,0,1.0,1.0,0.6,0.6,0.14039553403401903,0.6666666666666666
855,1,casia:204,0,0,1.0,1.0,0.8666666666666667,0.8666666666666667,0.9441269850059945,0.8666666666666667
856,1,casia:155,0,0,1.0,1.0,0.9333333333333333,0.9333333333333333,0.9441269850059945,0.8666666666666667
857,1,casia:457,1,1,0.0625,0.3333333333333333,0.8,0.4,0.018317717603943677,0.7333333333333333
858,1,casia:493,1,1,0.3125,0.4,0.5333333333333333,0.5333333333333333,0.6142658191864461,0.8666666666666667
859,1,casia:459,1,1,0.5,0.3333333333333333,0.6666666666666666,0.4666666666666667,0.018317717603943677,0.7333333333333333
860,1,casia:465,1,1,0.1875,0.8,0.5333333333333333,0.4666666666666667,-0.5776303839785583,0.6
861,1,casia:111,0,0,1.0,1.0,0.4666666666666667,0.4666666666666667,0.9441269850059945,0.8666666666666667
862,1,casia:048,0,0,1.0,1.0,0.7333333333333333,0.7333333333333333,0.9441269850059945,0.8666666666666667
863,1,casia:091,0,0,1.0,1.0,0.9333333333333333,0.9333333333333333,1.2120374686633195,0.9333333333333333
864,1,casia:208,0,0,1.0,1.0,0.6,0.6,0.408306017691344,0.7333333333333333
865,1,casia:457,1,1,0.125,0.3333333333333333,0.7333333333333333,1.0,-0.8756044347698092,0.5333333333333333
866,1,casia:127,0,0,1.0,1.0,0.7333333333333333,0.7333333333333333,0.6762165013486695,0.8
867,1,casia:344,1,1,0.375,0.6,0.6,0.4,1.210213920768948,1.0
868,1,casia:316,1,1,0.125,0.4666666666666667,0.6666666666666666,0.6666666666666666,0.6142658191864461,0.8666666666666667
869,1,casia:210,0,0,1.0,1.0,0.06666666666666667,0.06666666666666667,0.408306017691344,0.7333333333333333
870,1,casia:304,1,1,0.125,0.4,0.4666666666666667,0.4666666666666667,-0.8756044347698092,0.5333333333333333
871,1,casia:271,1,1,0.375,0.3333333333333333,0.5333333333333333,0.5333333333333333,0.3162917683951951,0.8
872,1,casia:215,0,0,0.9375,1.0,0.6666666666666666,0.6666666666666666,-2.0028883352245814,0.13333333333333333
873,1,casia:452,1,1,0.3125,0.6,0.8,0.8,0.6142658191864461,0.8666666666666667
874,1,casia:178,0,0,1.0,1.0,0.9333333333333333,0.9333333333333333,0.9441269850059945,0.8666666666666667
875,1,casia:096,0,0,1.0,1.0,0.7333333333333333,0.7333333333333333,0.6762165013486695,0.8
876,1,casia:277,1,1,0.0625,0.3333333333333333,0.6,0.6,-0.8756044347698092,0.5333333333333333
877,1,casia:168,0,0,1.0,1.0,0.7333333333333333,0.7333333333333333,-0.12751494962330598,0.6
878,1,casia:325,1,1,0.3125,0.26666666666666666,0.4666666666666667,0.4666666666666667,0.3162917683951951,0.8
879,1,casia:460,1,1,0.0625,0.3333333333333333,0.6666666666666666,0.6666666666666666,-1.4715525363523112,0.4
880,1,casia:398,1,1,0.5,0.4,0.8,0.8,0.3162917683951951,0.8
881,1,casia:402,1,1,0.0625,0.26666666666666666,0.3333333333333333,0.3333333333333333,0.912239869977697,0.9333333333333333
882,1,casia:101,0,0,1.0,1.0,0.4,0.4,-2.0028883352245814,0.13333333333333333
883,1,casia:128,0,0,1.0,1.0,0.13333333333333333,0.13333333333333333,-0.931246400595281,0.4
884,1,casia:219,0,1,0.0625,0.3333333333333333,0.26666666666666666,0.26666666666666666,-0.27965633318730726,0.6666666666666666
885,1,casia:214,0,0,1.0,1.0,0.13333333333333333,0.13333333333333333,-2.0028883352245814,0.13333333333333333
886,1,casia:031,0,0,1.0,1.0,1.0,0.3333333333333333,-2.2707988188819064,0.06666666666666667
887,1,casia:242,0,0,1.0,1.0,0.4,0.4,-1.1991568842526061,0.3333333333333333
888,1,casia:030,0,0,1.0,1.0,0.7333333333333333,0.7333333333333333,0.408306017691344,0.7333333333333333
889,1,casia:367,1,1,0.125,0.3333333333333333,0.3333333333333333,0.3333333333333333,-1.7695265871435624,0.3333333333333333
890,1,casia:159,0,0,1.0,1.0,0.8,0.8,0.9441269850059945,0.8666666666666667
891,1,casia:016,0,0,1.0,1.0,0.8,0.8,0.9441269850059945,0.8666666666666667
892,1,casia:348,1,1,0.5,0.7333333333333333,0.6666666666666666,0.9333333333333333,-0.5776303839785583,0.6
893,1,casia:181,0,0,1.0,1.0,0.2,0.2,-0.39542543328063096,0.5333333333333333
894,1,casia:415,1,1,0.0625,0.26666666666666666,0.6,0.7333333333333333,0.018317717603943677,0.7333333333333333
895,1,casia:476,1,1,0.3125,0.26666666666666666,0.5333333333333333,0.5333333333333333,0.6142658191864461,0.8666666666666667
896,1,casia:076,0,0,1.0,1.0,0.8666666666666667,0.6666666666666666,0.6762165013486695,0.8
897,1,casia:057,0,0,1.0,1.0,0.7333333333333333,0.7333333333333333,-0.39542543328063096,0.5333333333333333
898,1,casia:089,0,0,1.0,1.0,1.0,0.8,0.6762165013486695,0.8
899,1,casia:396,1,1,0.1875,0.4666666666666667,0.2,0.2,-0.27965633318730726,0.6666666666666666
900,1,casia:230,0,0,1.0,1.0,0.8,0.8,0.9441269850059945,0.8666666666666667
901,1,casia:345,1,1,0.25,0.9333333333333333,0.5333333333333333,0.3333333333333333,0.6142658191864461,0.8666666666666667
902,1,casia:027,0,0,1.0,1.0,1.0,0.8,0.9441269850059945,0.8666666666666667
903,1,casia:333,1,1,0.3125,0.5333333333333333,0.4666666666666667,0.8,0.6142658191864461,0.8666666666666667
904,1,casia:067,0,0,1.0,0.8,0.4666666666666667,0.4666666666666667,-0.12751494962330598,0.6
905,1,casia:324,1,1,0.125,0.26666666666666666,0.2,0.2,-1.4715525363523112,0.4
906,1,casia:344,1,1,0.25,0.6,0.8,0.3333333333333333,0.912239869977697,0.9333333333333333
907,1,casia:141,0,0,1.0,1.0,0.6666666666666666,0.6666666666666666,0.6762165013486695,0.8
908,1,casia:103,0,0,1.0,1.0,0.3333333333333333,0.3333333333333333,-1.467067367909931,0.26666666666666666
909,1,casia:477,1,1,0.6875,0.7333333333333333,0.3333333333333333,0.9333333333333333,-0.27965633318730726,0.6666666666666666
910,1,casia:464,1,1,0.5625,0.26666666666666666,0.2,0.2,-0.27965633318730726,0.6666666666666666
911,1,casia:082,0,0,1.0,1.0,0.9333333333333333,0.9333333333333333,-0.931246400595281,0.4
912,1,casia:007,0,0,1.0,0.8,0.13333333333333333,0.2,0.9441269850059945,0.8666666666666667
913,1,casia:029,0,0,1.0,1.0,1.0,0.4666666666666667,0.6762165013486695,0.8
914,1,casia:178,0,0,1.0,1.0,0.7333333333333333,0.7333333333333333,-0.663335916937956,0.4666666666666667
915,1,casia:125,0,0,1.0,1.0,0.7333333333333333,0.7333333333333333,0.6762165013486695,0.8
916,1,casia:295,1,1,0.1875,0.26666666666666666,0.3333333333333333,0.3333333333333333,0.018317717603943677,0.7333333333333333
917,1,casia:027,0,0,1.0,1.0,0.8,0.8,0.9441269850059945,0.8666666666666667
918,1,casia:387,1,1,0.4375,1.0,0.5333333333333333,0.8,0.912239869977697,0.9333333333333333
919,1,casia:147,0,0,1.0,1.0,0.4,0.4,0.408306017691344,0.7333333333333333
920,1,casia:436,1,1,0.125,0.26666666666666666,0.4666666666666667,0.6666666666666666,0.018317717603943677,0.7333333333333333
921,1,casia:239,0,0,1.0,1.0,0.3333333333333333,0.3333333333333333,-0.663335916937956,0.4666666666666667
922,1,casia:194,0,0,1.0,1.0,0.4,0.4,0.408306017691344,0.7333333333333333
923,1,casia:214,0,0,1.0,0.2,0.06666666666666667,0.06666666666666667,-2.0028883352245814,0.13333333333333333
924,1,casia:401,1,1,0.1875,0.6,0.6,0.26666666666666666,0.912239869977697,0.9333333333333333
925,1,casia:407,1,1,0.0625,0.26666666666666666,0.26666666666666666,0.26666666666666666,-2.0675006379348133,0.26666666666666666
926,1,casia:308,1,1,0.6875,0.4,0.8666666666666667,0.7333333333333333,0.912239869977697,0.9333333333333333
927,1,casia:151,0,0,1.0,1.0,0.8666666666666667,0.8666666666666667,0.9441269850059945,0.8666666666666667
928,1,casia:154,0,0,1.0,1.0,0.7333333333333333,0.7333333333333333,0.6762165013486695,0.8
929,1,casia:412,1,1,0.0625,0.26666666666666666,0.3333333333333333,0.4,-1.4715525363523112,0.4
930,1,casia:169,0,0,1.0,1.0,0.9333333333333333,0.9333333333333333,0.6762165013486695,0.8
931,1,casia:166,0,0,1.0,1.0,0.8,0.8,0.9441269850059945,0.8666666666666667
932,1,casia:479,1,1,0.125,0.4,0.3333333333333333,0.3333333333333333,-0.8756044347698092,0.5333333333333333
933,1,casia:142,0,0,1.0,1.0,0.6666666666666666,0.6666666666666666,-1.467067367909931,0.26666666666666666
934,1,casia:490,1,1,0.1875,0.26666666666666666,0.26666666666666666,0.4,0.018317717603943677,0.7333333333333333
935,1,casia:391,1,1,0.625,0.5333333333333333,0.8,0.8,0.912239869977697,0.9333333333333333
936,1,casia:484,1,1,0.0625,0.26666666666666666,0.2,0.2,-2.0675006379348133,0.26666666666666666
937,1,casia:332,1,1,0.625,0.8,0.5333333333333333,0.8,-0.5776303839785583,0.6
938,1,casia:097,0,0,1.0,1.0,0.9333333333333333,0.9333333333333333,1.4799479523206445,1.0
939,1,casia:262,1,1,0.0625,0.26666666666666666,0.2,0.2,-0.5776303839785583,0.6
940,1,casia:044,0,0,1.0,1.0,0.5333333333333333,0.5333333333333333,0.6762165013486695,0.8
941,1,casia:308,1,1,0.3125,0.4,0.6666666666666666,0.6666666666666666,0.912239869977697,0.9333333333333333
942,1,casia:440,1,1,0.125,0.26666666666666666,0.8,0.8,0.018317717603943677,0.7333333333333333
943,1,casia:403,1,1,0.125,0.26666666666666666,0.3333333333333333,0.3333333333333333,-1.1735784855610603,0.4666666666666667
944,1,casia:137,0,0,1.0,1.0,0.6666666666666666,0.6666666666666666,1.2120374686633195,0.9333333333333333
945,1,casia:161,0,0,1.0,1.0,1.0,1.0,-0.12751494962330598,0.6
946,1,casia:210,0,0,1.0,0.7333333333333333,0.7333333333333333,0.7333333333333333,-2.0028883352245814,0.13333333333333333
947,1,casia:099,0,0,1.0,0.06666666666666667,0.06666666666666667,0.06666666666666667,-2.2707988188819064,0.06666666666666667
948,1,casia:059,0,0,0.9375,1.0,0.2,0.2,1.2120374686633195,0.9333333333333333
949,1,casia:162,0,0,1.0,1.0,0.4666666666666667,0.4666666666666667,0.6762165013486695,0.8
950,1,casia:420,1,1,0.125,0.26666666666666666,0.3333333333333333,0.3333333333333333,0.6142658191864461,0.8666666666666667
951,1,casia:342,1,1,0.125,0.26666666666666666,0.5333333333333333,0.5333333333333333,0.6142658191864461,0.8666666666666667
952,1,casia:247,0,0,1.0,1.0,0.2,0.2,1.2120374686633195,0.9333333333333333
953,1,casia:164,0,0,1.0,1.0,0.7333333333333333,0.7333333333333333,0.9441269850059945,0.8666666666666667
954,1,casia:176,0,0,1.0,1.0,0.9333333333333333,0.9333333333333333,0.6762165013486695,0.8
955,1,casia:216,0,0,1.0,1.0,0.6666666666666666,0.6666666666666666,0.14039553403401903,0.6666666666666666
956,1,casia:097,0,0,1.0,1.0,0.2,0.06666666666666667,-2.0028883352245814,0.13333333333333333
957,1,casia:229,0,0,1.0,1.0,0.9333333333333333,0.9333333333333333,-1.467067367909931,0.26666666666666666
958,1,casia:114,0,0,1.0,1.0,0.4666666666666667,0.4666666666666667,0.14039553403401903,0.6666666666666666
959,1,casia:377,1,1,0.4375,0.3333333333333333,0.8,0.5333333333333333,0.912239869977697,0.9333333333333333
960,1,casia:170,0,0,1.0,1.0,0.6666666666666666,0.6666666666666666,0.9441269850059945,0.8666666666666667
961,1,casia:306,1,1,0.3125,0.3333333333333333,0.4,0.4,0.3162917683951951,0.8
962,1,casia:487,1,1,0.125,0.4666666666666667,0.26666666666666666,0.6,0.6142658191864461,0.8666666666666667
963,1,casia:448,1,1,0.0625,0.26666666666666666,0.26666666666666666,0.26666666666666666,0.3162917683951951,0.8
964,1,casia:309,1,1,0.125,0.3333333333333333,0.4,0.4,-1.4715525363523112,0.4
965,1,casia:010,0,0,1.0,0.2,1.0,0.06666666666666667,-2.2707988188819064,0.06666666666666667
966,1,casia:106,0,0,1.0,1.0,0.8666666666666667,0.8666666666666667,0.9441269850059945,0.8666666666666667
967,1,casia:255,1,1,0.125,0.4,0.9333333333333333,0.9333333333333333,-0.27965633318730726,0.6666666666666666
968,1,casia:050,0,0,1.0,0.3333333333333333,0.3333333333333333,0.3333333333333333,-2.2707988188819064,0.06666666666666667
969,1,casia:266,1,1,0.0625,0.26666666666666666,0.4666666666666667,0.4666666666666667,-0.8756044347698092,0.5333333333333333
970,1,casia:243,0,0,1.0,1.0,0.9333333333333333,0.9333333333333333,0.14039553403401903,0.6666666666666666
971,1,casia:397,1,1,0.1875,0.4,0.3333333333333333,0.7333333333333333,-0.8756044347698092,0.5333333333333333
972,1,casia:336,1,1,0.1875,0.3333333333333333,0.6,0.6,0.912239869977697,0.9333333333333333
973,1,casia:341,1,1,0.3125,0.4666666666666667,0.8666666666666667,0.8666666666666667,0.912239869977697,0.9333333333333333
974,1,casia:098,0,0,1.0,1.0,1.0,1.0,0.408306017691344,0.7333333333333333
975,1,casia:093,0,0,1.0,1.0,0.8,0.8,0.14039553403401903,0.6666666666666666
976,1,casia:032,0,0,1.0,1.0,0.8,0.8,-0.39542543328063096,0.5333333333333333
977,1,casia:137,0,0,1.0,1.0,0.6666666666666666,0.6666666666666666,0.6762165013486695,0.8
978,1,casia:491,1,1,0.125,0.26666666666666666,0.3333333333333333,0.3333333333333333,-0.8756044347698092,0.5333333333333333
979,1,casia:247,0,1,0.0625,0.2,0.13333333333333333,0.13333333333333333,-1.7695265871435624,0.3333333333333333
980,1,casia:236,0,0,1.0,1.0,0.26666666666666666,0.26666666666666666,0.408306017691344,0.7333333333333333
981,1,casia:279,1,1,0.0625,0.26666666666666666,0.2,0.2,0.6142658191864461,0.8666666666666667
982,1,casia:462,1,1,0.0625,0.7333333333333333,0.4666666666666667,0.6,0.6142658191864461,0.8666666666666667
983,1,casia:272,1,1,0.0625,0.26666666666666666,0.4,0.4,0.018317717603943677,0.7333333333333333
984,1,casia:133,0,0,1.0,1.0,1.0,0.5333333333333333,0.6762165013486695,0.8
985,1,casia:155,0,0,1.0,1.0,0.2,0.6666666666666666,0.6762165013486695,0.8
986,1,casia:240,0,0,1.0,1.0,0.4666666666666667,0.4666666666666667,-1.7349778515672563,0.2
987,1,casia:388,1,1,0.125,0.26666666666666666,0.7333333333333333,0.7333333333333333,0.912239869977697,0.9333333333333333
988,1,casia:324,1,1,0.0625,0.6,0.2,0.2,-0.5776303839785583,0.6
989,1,casia:388,1,1,0.1875,0.3333333333333333,0.6666666666666666,0.6666666666666666,0.912239869977697,0.9333333333333333
990,1,casia:057,0,0,1.0,1.0,0.9333333333333333,0.9333333333333333,0.6762165013486695,0.8
991,1,casia:436,1,1,0.125,0.26666666666666666,0.4666666666666667,0.4666666666666667,0.6142658191864461,0.8666666666666667
992,1,casia:432,1,1,0.5625,0.6,0.4666666666666667,0.4666666666666667,0.3162917683951951,0.8
993,1,casia:029,0,0,1.0,1.0,0.8,0.8,0.6762165013486695,0.8
994,1,casia:074,0,0,1.0,1.0,0.8666666666666667,0.8666666666666667,0.9441269850059945,0.8666666666666667
995,1,casia:292,1,1,0.0625,0.26666666666666666,0.13333333333333333,0.4,-1.4715525363523112,0.4
996,1,casia:335,1,1,0.125,0.26666666666666666,0.7333333333333333,0.7333333333333333,0.3162917683951951,0.8
997,1,casia:252,1,1,0.25,0.26666666666666666,0.6666666666666666,0.6666666666666666,0.6142658191864461,0.8666666666666667
998,1,casia:050,0,0,1.0,1.0,0.26666666666666666,0.26666666666666666,-0.931246400595281,0.4
999,1,casia:213,0,0,1.0,1.0,0.9333333333333333,0.4,0.6762165013486695,0.8
1000,1,casia:480,1,1,0.0625,0.26666666666666666,0.8,0.8,0.6142658191864461,0.8666666666666667
1001,1,casia:228,0,0,1.0,1.0,0.8,0.8,0.6762165013486695,0.8
1002,1,casia:238,0,0,1.0,1.0,0.7333333333333333,0.7333333333333333,0.14039553403401903,0.6666666666666666
1003,1,casia:133,0,0,1.0,1.0,0.7333333333333333,0.7333333333333333,0.14039553403401903,0.6666666666666666
1004,1,casia:018,0,0,1.0,0.6,0.2,0.2,-2.0028883352245814,0.13333333333333333
1005,1,casia:333,1,1,0.5,0.6666666666666666,0.6666666666666666,0.7333333333333333,0.018317717603943677,0.7333333333333333
1006,1,casia:152,0,0,1.0,1.0,0.7333333333333333,0.7333333333333333,0.9441269850059945,0.8666666666666667
1007,1,casia:207,0,0,1.0,0.6,0.06666666666666667,0.5333333333333333,-0.12751494962330598,0.6
1008,1,casia:018,0,0,1.0,0.8666666666666667,0.5333333333333333,0.5333333333333333,-1.467067367909931,0.26666666666666666
1009,1,casia:141,0,0,1.0,1.0,0.7333333333333333,0.7333333333333333,0.9441269850059945,0.8666666666666667
1010,1,casia:184,0,0,1.0,1.0,1.0,0.6666666666666666,0.14039553403401903,0.6666666666666666
1011,1,casia:484,1,1,0.0625,0.26666666666666666,0.13333333333333333,0.13333333333333333,-2.3654746887260645,0.2
1012,1,casia:204,0,0,1.0,1.0,0.7333333333333333,0.7333333333333333,-2.0028883352245814,0.13333333333333333
1013,1,casia:276,1,1,0.0625,0.26666666666666666,0.3333333333333333,0.3333333333333333,0.6142658191864461,0.8666666666666667
1014,1,casia:032,0,0,1.0,1.0,0.6666666666666666,0.6666666666666666,0.14039553403401903,0.6666666666666666
1015,1,casia:249,0,0,1.0,1.0,0.7333333333333333,0.7333333333333333,0.408306017691344,0.7333333333333333
1016,1,casia:231,0,0,1.0,1.0,0.8666666666666667,0.7333333333333333,0.14039553403401903,0.6666666666666666
1017,1,casia:017,0,1,0.3125,0.26666666666666666,0.13333333333333333,0.13333333333333333,-1.4715525363523112,0.4
1018,1,casia:165,0,0,1.0,1.0,1.0,0.2,0.6762165013486695,0.8
1019,1,casia:403,1,1,0.125,0.26666666666666666,0.13333333333333333,0.13333333333333333,-0.8756044347698092,0.5333333333333333
1020,1,casia:252,1,1,0.1875,0.26666666666666666,0.4666666666666667,0.4666666666666667,0.6142658191864461,0.8666666666666667
1021,1,casia:328,1,1,0.125,0.26666666666666666,0.26666666666666666,0.26666666666666666,-1.1735784855610603,0.4666666666666667
1022,1,casia:394,1,1,0.125,0.26666666666666666,0.8,1.0,0.912239869977697,0.9333333333333333
1023,1,casia:158,0,0,1.0,1.0,0.6,0.6,0.9441269850059945,0.8666666666666667
0,0,casia:433,1,1,0.375,0.3333333333333333,0.6,0.6,0.912239869977697,0.9333333333333333
1,0,casia:087,0,0,1.0,1.0,0.7333333333333333,0.7333333333333333,1.2120374686633195,0.9333333333333333
2,0,casia:223,0,0,1.0,1.0,0.2,0.2,0.14039553403401903,0.6666666666666666
3,0,casia:465,1,1,0.1875,0.7333333333333333,0.5333333333333333,0.5333333333333333,-0.8756044347698092,0.5333333333333333
4,0,casia:196,0,0,1.0,1.0,1.0,0.5333333333333333,0.6762165013486695,0.8
5,0,casia:008,0,0,1.0,1.0,0.8666666666666667,0.8666666666666667,1.2120374686633195,0.9333333333333333
6,0,casia:446,1,1,0.4375,0.26666666666666666,0.9333333333333333,0.9333333333333333,0.912239869977697,0.9333333333333333
7,0,casia:284,1,0,1.0,0.4666666666666667,0.26666666666666666,0.26666666666666666,1.2120374686633195,0.9333333333333333
8,0,casia:199,0,0,1.0,1.0,0.26666666666666666,0.26666666666666666,-1.467067367909931,0.26666666666666666
9,0,casia:442,1,1,0.75,0.8,0.7333333333333333,0.7333333333333333,1.210213920768948,1.0
10,0,casia:220,0,1,0.0625,0.26666666666666666,0.2,0.13333333333333333,-2.6634487395173156,0.13333333333333333
11,0,casia:058,0,0,1.0,1.0,0.5333333333333333,0.5333333333333333,0.6762165013486695,0.8
12,0,casia:340,1,1,0.6875,1.0,0.7333333333333333,0.7333333333333333,0.912239869977697,0.9333333333333333
13,0,casia:440,1,1,0.0625,0.5333333333333333,0.6,0.6,0.6142658191864461,0.8666666666666667
14,0,casia:308,1,1,0.5,0.5333333333333333,0.7333333333333333,0.4666666666666667,0.6142658191864461,0.8666666666666667
15,0,casia:091,0,1,0.0625,0.26666666666666666,0.13333333333333333,0.13333333333333333,-2.0675006379348133,0.26666666666666666
16,0,casia:362,1,1,0.8125,0.8,0.9333333333333333,0.9333333333333333,0.912239869977697,0.9333333333333333
17,0,casia:172,0,0,1.0,1.0,1.0,0.6,-0.931246400595281,0.4
18,0,casia:166,0,0,1.0,1.0,0.7333333333333333,0.7333333333333333,1.2120374686633195,0.9333333333333333
19,0,casia:010,0,0,1.0,1.0,1.0,0.6,1.2120374686633195,0.9333333333333333
20,0,casia:024,0,1,0.25,0.26666666666666666,0.5333333333333333,0.5333333333333333,0.3162917683951951,0.8
21,0,casia:261,1,1,0.5,0.3333333333333333,0.2,0.2,-0.5776303839785583,0.6
22,0,casia:111,0,0,1.0,1.0,1.0,0.8666666666666667,0.9441269850059945,0.8666666666666667
23,0,casia:394,1,1,0.4375,0.7333333333333333,0.6,1.0,1.210213920768948,1.0
24,0,casia:157,0,0,1.0,1.0,0.4666666666666667,0.4666666666666667,-1.1991568842526061,0.3333333333333333
25,0,casia:377,1,1,0.75,0.5333333333333333,0.6,0.6,1.210213920768948,1.0
26,0,casia:321,1,1,0.0625,0.3333333333333333,0.6,0.6,0.6142658191864461,0.8666666666666667
27,0,casia:285,1,1,0.0625,0.3333333333333333,0.3333333333333333,0.3333333333333333,-2.0675006379348133,0.26666666666666666
28,0,casia:422,1,1,0.3125,0.6,0.6,0.6,0.018317717603943677,0.7333333333333333
29,0,casia:199,0,0,1.0,1.0,0.5333333333333333,0.5333333333333333,-1.1991568842526061,0.3333333333333333
30,0,casia:430,1,1,0.625,0.7333333333333333,0.4666666666666667,0.8,0.6142658191864461,0.8666666666666667
31,0,casia:185,0,0,1.0,1.0,0.6666666666666666,0.6666666666666666,-1.1991568842526061,0.3333333333333333
32,0,casia:108,0,0,1.0,1.0,0.4,0.4,0.9441269850059945,0.8666666666666667
33,0,casia:178,0,0,1.0,1.0,1.0,1.0,0.6762165013486695,0.8
34,0,casia:395,1,1,0.625,0.5333333333333333,0.9333333333333333,0.9333333333333333,1.210213920768948,1.0
35,0,casia:259,1,0,0.9375,0.7333333333333333,0.13333333333333333,0.13333333333333333,1.2120374686633195,0.9333333333333333
36,0,casia:015,0,0,1.0,1.0,0.8,0.8,0.9441269850059945,0.8666666666666667
37,0,casia:483,1,1,0.0625,0.26666666666666666,0.4,0.4,-1.1735784855610603,0.4666666666666667
38,0,casia:248,0,0,1.0,1.0,1.0,0.06666666666666667,-2.2707988188819064,0.06666666666666667
39,0,casia:224,0,1,0.125,0.3333333333333333,0.3333333333333333,0.3333333333333333,0.3162917683951951,0.8
40,0,casia:177,0,0,1.0,1.0,0.8,0.8,0.6762165013486695,0.8
41,0,casia:424,1,1,0.0625,0.26666666666666666,0.4666666666666667,0.9333333333333333,0.912239869977697,0.9333333333333333
42,0,casia:250,1,1,0.125,0.26666666666666666,0.4,0.7333333333333333,-0.27965633318730726,0.6666666666666666
43,0,casia:257,1,1,0.5,0.4666666666666667,0.6666666666666666,0.6666666666666666,-0.27965633318730726,0.6666666666666666
44,0,casia:185,0,0,1.0,1.0,0.6666666666666666,0.6666666666666666,-0.12751494962330598,0.6
45,0,casia:318,1,1,0.0625,0.13333333333333333,0.3333333333333333,0.26666666666666666,1.210213920768948,1.0
46,0,casia:337,1,1,0.0625,0.26666666666666666,0.6,0.6,0.912239869977697,0.9333333333333333
47,0,casia:083,0,0,1.0,0.7333333333333333,0.13333333333333333,0.13333333333333333,0.9441269850059945,0.8666666666666667
48,0,casia:328,1,1,0.0625,0.3333333333333333,0.26666666666666666,0.26666666666666666,-1.4715525363523112,0.4
49,0,casia:101,0,0,1.0,1.0,0.6,0.6,0.6762165013486695,0.8
50,0,casia:037,0,0,1.0,1.0,0.9333333333333333,0.9333333333333333,1.2120374686633195,0.9333333333333333
51,0,casia:077,0,0,1.0,1.0,0.7333333333333333,0.7333333333333333,0.408306017691344,0.7333333333333333
52,0,casia:062,0,0,1.0,1.0,0.6666666666666666,0.6666666666666666,0.14039553403401903,0.6666666666666666
53,0,casia:455,1,1,0.625,0.9333333333333333,0.4666666666666667,0.5333333333333333,-0.8756044347698092,0.5333333333333333
54,0,casia:417,1,1,0.3125,0.6666666666666666,0.4,0.4,1.210213920768948,1.0
55,0,casia:418,1,1,0.375,0.3333333333333333,0.8666666666666667,0.8666666666666667,1.210213920768948,1.0
56,0,casia:321,1,1,0.0625,0.26666666666666666,0.7333333333333333,0.7333333333333333,0.912239869977697,0.9333333333333333
57,0,casia:054,0,0,1.0,1.0,0.6,0.6,0.14039553403401903,0.6666666666666666
58,0,casia:258,1,1,0.9375,0.9333333333333333,0.8,0.8,0.912239869977697,0.9333333333333333
59,0,casia:482,1,1,0.375,0.4666666666666667,0.5333333333333333,0.5333333333333333,0.912239869977697,0.9333333333333333
60,0,casia:148,0,0,1.0,1.0,1.0,0.8666666666666667,-2.2707988188819064,0.06666666666666667
61,0,casia:245,0,0,1.0,1.0,0.6,0.6,0.6762165013486695,0.8
62,0,casia:290,1,1,0.0625,0.26666666666666666,0.26666666666666666,0.26666666666666666,-2.0675006379348133,0.26666666666666666
63,0,casia:414,1,1,0.5,0.3333333333333333,0.8666666666666667,0.8666666666666667,-2.0675006379348133,0.26666666666666666
64,0,casia:309,1,1,0.0625,0.26666666666666666,0.2,0.2,-1.4715525363523112,0.4
65,0,casia:038,0,0,1.0,1.0,1.0,0.8666666666666667,-0.663335916937956,0.4666666666666667
66,0,casia:119,0,0,1.0,1.0,0.26666666666666666,0.26666666666666666,-0.12751494962330598,0.6
67,0,casia:256,1,1,0.1875,0.3333333333333333,0.8666666666666667,0.8666666666666667,0.018317717603943677,0.7333333333333333
68,0,casia:221,0,1,0.5625,0.4666666666666667,0.13333333333333333,0.13333333333333333,-0.27965633318730726,0.6666666666666666
69,0,casia:058,0,0,1.0,1.0,0.9333333333333333,0.9333333333333333,0.6762165013486695,0.8
70,0,casia:168,0,0,1.0,1.0,0.8666666666666667,0.8666666666666667,-0.12751494962330598,0.6
71,0,casia:334,1,1,0.0625,0.26666666666666666,0.5333333333333333,0.8,0.018317717603943677,0.7333333333333333
72,0,casia:005,0,0,1.0,1.0,1.0,0.8666666666666667,0.9441269850059945,0.8666666666666667
73,0,casia:271,1,1,0.25,0.3333333333333333,0.6666666666666666,0.6666666666666666,0.3162917683951951,0.8
74,0,casia:234,0,0,0.9375,1.0,0.5333333333333333,0.5333333333333333,-1.467067367909931,0.26666666666666666
75,0,casia:463,1,1,0.75,0.5333333333333333,0.7333333333333333,0.8666666666666667,0.018317717603943677,0.7333333333333333
76,0,casia:051,0,0,1.0,1.0,0.8666666666666667,0.8666666666666667,0.6762165013486695,0.8
77,0,casia:246,0,0,1.0,1.0,0.5333333333333333,0.5333333333333333,0.408306017691344,0.7333333333333333
78,0,casia:144,0,0,1.0,1.0,0.6666666666666666,0.6666666666666666,0.408306017691344,0.7333333333333333
79,0,casia:279,1,1,0.25,0.5333333333333333,0.3333333333333333,0.3333333333333333,0.6142658191864461,0.8666666666666667
80,0,casia:242,0,0,1.0,1.0,0.5333333333333333,0.5333333333333333,0.408306017691344,0.7333333333333333
81,0,casia:081,0,0,1.0,1.0,1.0,1.0,-0.12751494962330598,0.6
82,0,casia:254,1,1,0.125,0.3333333333333333,0.5333333333333333,0.5333333333333333,-0.8756044347698092,0.5333333333333333
83,0,casia:324,1,0,1.0,1.0,0.6666666666666666,0.6666666666666666,-1.7349778515672563,0.2
84,0,casia:449,1,1,0.25,0.3333333333333333,0.5333333333333333,0.9333333333333333,0.912239869977697,0.9333333333333333
85,0,casia:467,1,1,0.6875,0.8,0.8,0.8,-1.4715525363523112,0.4
86,0,casia:484,1,1,0.0625,0.26666666666666666,0.2,0.2,0.912239869977697,0.9333333333333333
87,0,casia:241,0,0,1.0,1.0,0.2,0.2,0.9441269850059945,0.8666666666666667
88,0,casia:160,0,0,1.0,1.0,0.5333333333333333,0.4666666666666667,0.408306017691344,0.7333333333333333
89,0,casia:100,0,0,1.0,1.0,1.0,0.6666666666666666,0.9441269850059945,0.8666666666666667
90,0,casia:498,1,1,0.5625,0.3333333333333333,0.4666666666666667,0.8666666666666667,0.912239869977697,0.9333333333333333
91,0,casia:002,0,1,0.125,0.3333333333333333,0.26666666666666666,0.26666666666666666,0.3162917683951951,0.8
92,0,casia:066,0,0,1.0,1.0,1.0,1.0,1.2120374686633195,0.9333333333333333
93,0,casia:391,1,1,0.1875,0.4,0.7333333333333333,0.7333333333333333,0.912239869977697,0.9333333333333333
94,0,casia:202,0,0,1.0,1.0,0.26666666666666666,0.26666666666666666,-1.7349778515672563,0.2
95,0,casia:059,0,0,1.0,0.9333333333333333,0.8,0.8,1.2120374686633195,0.9333333333333333
96,0,casia:325,1,1,0.5,0.26666666666666666,0.8666666666666667,0.8666666666666667,0.018317717603943677,0.7333333333333333
97,0,casia:333,1,1,0.375,0.4,0.4,0.8666666666666667,0.018317717603943677,0.7333333333333333
98,0,casia:034,0,0,1.0,1.0,0.6,0.7333333333333333,-0.39542543328063096,0.5333333333333333
99,0,casia:442,1,1,0.6875,0.5333333333333333,0.8666666666666667,0.8666666666666667,0.912239869977697,0.9333333333333333
100,0,casia:139,0,0,1.0,1.0,0.6,0.6,0.9441269850059945,0.8666666666666667
101,0,casia:014,0,0,1.0,1.0,0.6,0.6,-0.39542543328063096,0.5333333333333333
102,0,casia:022,0,0,1.0,1.0,0.4,0.4,0.9441269850059945,0.8666666666666667
103,0,casia:178,0,0,1.0,1.0,0.8,0.8,0.6762165013486695,0.8
104,0,casia:445,1,1,0.875,0.8,0.8,0.8,1.210213920768948,1.0
105,0,casia:072,0,0,1.0,1.0,0.7333333333333333,0.7333333333333333,-2.0028883352245814,0.13333333333333333
106,0,casia:264,1,1,0.25,0.4,0.6,0.6,-0.27965633318730726,0.6666666666666666
107,0,casia:047,0,0,1.0,1.0,0.2,0.2,-1.467067367909931,0.26666666666666666
108,0,casia:105,0,0,1.0,1.0,0.13333333333333333,0.13333333333333333,-2.2707988188819064,0.06666666666666667
109,0,casia:375,1,1,0.625,0.4,0.9333333333333333,0.9333333333333333,0.912239869977697,0.9333333333333333
110,0,casia:065,0,0,1.0,1.0,1.0,0.8666666666666667,0.9441269850059945,0.8666666666666667
111,0,casia:228,0,0,1.0,1.0,1.0,0.9333333333333333,0.9441269850059945,0.8666666666666667
112,0,casia:453,1,1,0.5625,0.8666666666666667,0.4666666666666667,0.4666666666666667,0.6142658191864461,0.8666666666666667
113,0,casia:158,0,0,1.0,1.0,0.7333333333333333,0.7333333333333333,1.2120374686633195,0.9333333333333333
114,0,casia:066,0,0,1.0,1.0,0.9333333333333333,0.9333333333333333,0.9441269850059945,0.8666666666666667
115,0,casia:448,1,1,0.0625,0.4,0.4666666666666667,0.2,0.6142658191864461,0.8666666666666667
116,0,casia:127,0,0,1.0,1.0,0.13333333333333333,0.13333333333333333,0.9441269850059945,0.8666666666666667
117,0,casia:383,1,1,0.125,0.26666666666666666,0.4666666666666667,0.7333333333333333,0.912239869977697,0.9333333333333333
118,0,casia:304,1,1,0.125,0.3333333333333333,0.8,0.3333333333333333,0.018317717603943677,0.7333333333333333
119,0,casia:312,1,1,0.1875,0.4666666666666667,0.7333333333333333,0.7333333333333333,0.018317717603943677,0.7333333333333333
120,0,casia:320,1,1,0.0625,0.26666666666666666,0.6666666666666666,0.2,-0.8756044347698092,0.5333333333333333
121,0,casia:353,1,1,0.25,0.3333333333333333,0.8,0.9333333333333333,0.6142658191864461,0.8666666666666667
122,0,casia:358,1,1,0.0625,0.26666666666666666,0.8,0.3333333333333333,-0.5776303839785583,0.6
123,0,casia:170,0,0,1.0,1.0,0.6,0.6,0.9441269850059945,0.8666666666666667
124,0,casia:191,0,0,1.0,1.0,1.0,1.0,-0.12751494962330598,0.6
125,0,casia:426,1,1,0.25,0.4,0.4666666666666667,0.4,0.3162917683951951,0.8
126,0,casia:095,0,0,1.0,1.0,0.6,0.6,0.9441269850059945,0.8666666666666667
127,0,casia:326,1,1,0.0625,0.3333333333333333,0.26666666666666666,0.6666666666666666,-0.27965633318730726,0.6666666666666666
128,0,casia:119,0,0,1.0,1.0,0.6,0.6,-1.467067367909931,0.26666666666666666
129,0,casia:070,0,0,1.0,1.0,0.3333333333333333,0.3333333333333333,-1.467067367909931,0.26666666666666666
130,0,casia:122,0,0,0.8125,0.8,0.2,0.2,-1.1991568842526061,0.3333333333333333
131,0,casia:352,1,1,0.1875,0.6666666666666666,0.8,0.8,0.3162917683951951,0.8
132,0,casia:280,1,1,0.4375,0.4666666666666667,0.7333333333333333,0.26666666666666666,-0.27965633318730726,0.6666666666666666
133,0,casia:409,1,1,0.5625,0.4666666666666667,0.4666666666666667,0.4666666666666667,0.912239869977697,0.9333333333333333
134,0,casia:466,1,1,0.125,0.5333333333333333,0.3333333333333333,0.3333333333333333,0.018317717603943677,0.7333333333333333
135,0,casia:095,0,0,1.0,1.0,0.7333333333333333,0.7333333333333333,0.408306017691344,0.7333333333333333
136,0,casia:291,1,1,0.3125,0.4,0.5333333333333333,0.5333333333333333,-0.5776303839785583,0.6
137,0,casia:466,1,1,0.25,0.6,0.4,0.4,-1.1735784855610603,0.4666666666666667
138,0,casia:181,0,0,1.0,1.0,0.13333333333333333,0.13333333333333333,-1.7349778515672563,0.2
139,0,casia:435,1,1,0.375,0.4666666666666667,0.3333333333333333,0.3333333333333333,-0.8756044347698092,0.5333333333333333
140,0,casia:251,1,1,0.5625,0.5333333333333333,0.7333333333333333,1.0,0.912239869977697,0.9333333333333333
141,0,casia:364,1,1,0.25,0.3333333333333333,0.9333333333333333,0.9333333333333333,0.6142658191864461,0.8666666666666667
142,0,casia:039,0,0,1.0,1.0,0.7333333333333333,0.7333333333333333,0.6762165013486695,0.8
143,0,casia:140,0,0,1.0,1.0,0.8,0.8,0.408306017691344,0.7333333333333333
144,0,casia:474,1,1,0.5625,0.9333333333333333,0.8666666666666667,0.8666666666666667,1.210213920768948,1.0
145,0,casia:320,1,0,1.0,0.06666666666666667,0.3333333333333333,0.3333333333333333,-1.1991568842526061,0.3333333333333333
146,0,casia:128,0,0,1.0,1.0,0.4666666666666667,0.4666666666666667,-1.467067367909931,0.26666666666666666
147,0,casia:057,0,0,1.0,1.0,0.3333333333333333,0.3333333333333333,-1.1991568842526061,0.3333333333333333
148,0,casia:155,0,0,1.0,1.0,0.6,0.6,0.6762165013486695,0.8
149,0,casia:201,0,0,1.0,1.0,0.7333333333333333,0.7333333333333333,0.6762165013486695,0.8
150,0,casia:253,1,1,0.0625,0.26666666666666666,0.2,0.2,-1.1735784855610603,0.4666666666666667
151,0,casia:397,1,1,0.25,0.26666666666666666,0.8666666666666667,0.8666666666666667,-0.5776303839785583,0.6
152,0,casia:206,0,0,0.75,0.8666666666666667,0.26666666666666666,0.26666666666666666,-1.7349778515672563,0.2
153,0,casia:126,0,0,1.0,1.0,0.6,0.6,1.2120374686633195,0.9333333333333333
154,0,casia:467,1,1,0.3125,0.26666666666666666,0.26666666666666666,0.26666666666666666,-1.4715525363523112,0.4
155,0,casia:252,1,1,0.125,0.3333333333333333,0.7333333333333333,0.7333333333333333,0.6142658191864461,0.8666666666666667
156,0,casia:062,0,0,1.0,1.0,0.9333333333333333,0.9333333333333333,0.9441269850059945,0.8666666666666667
157,0,casia:094,0,0,1.0,0.7333333333333333,0.7333333333333333,0.7333333333333333,0.6762165013486695,0.8
158,0,casia:333,1,1,0.3125,0.3333333333333333,0.8666666666666667,0.8666666666666667,0.3162917683951951,0.8
159,0,casia:298,1,0,1.0,1.0,0.4666666666666667,0.4666666666666667,0.6762165013486695,0.8
160,0,casia:058,0,1,0.0625,0.06666666666666667,0.06666666666666667,0.06666666666666667,-1.1735784855610603,0.4666666666666667
161,0,casia:065,0,0,1.0,1.0,0.8,0.8,0.9441269850059945,0.8666666666666667
162,0,casia:293,1,1,0.0625,0.26666666666666666,0.06666666666666667,0.13333333333333333,-2.6634487395173156,0.13333333333333333
163,0,casia:437,1,1,0.625,0.7333333333333333,0.4666666666666667,0.4,0.018317717603943677,0.7333333333333333
164,0,casia:383,1,1,0.25,0.26666666666666666,0.6,0.7333333333333333,0.6142658191864461,0.8666666666666667
165,0,casia:396,1,1,0.6875,0.6,0.6,0.6,0.6142658191864461,0.8666666666666667
166,0,casia:334,1,1,0.3125,0.26666666666666666,0.5333333333333333,0.6,-0.27965633318730726,0.6666666666666666
167,0,casia:230,0,0,1.0,1.0,0.6666666666666666,0.6666666666666666,0.9441269850059945,0.8666666666666667
168,0,casia:014,0,0,1.0,1.0,0.5333333333333333,0.5333333333333333,0.6762165013486695,0.8
169,0,casia:376,1,1,0.0625,0.26666666666666666,0.9333333333333333,0.26666666666666666,0.3162917683951951,0.8
170,0,casia:257,1,1,0.25,0.26666666666666666,0.13333333333333333,0.4666666666666667,-2.0675006379348133,0.26666666666666666
171,0,casia:006,0,0,1.0,0.6,0.13333333333333333,0.13333333333333333,-2.0028883352245814,0.13333333333333333
172,0,casia:351,1,1,0.5,0.4,0.6666666666666666,0.8,0.3162917683951951,0.8
173,0,casia:363,1,1,0.5,0.6666666666666666,0.7333333333333333,0.7333333333333333,0.912239869977697,0.9333333333333333
174,0,casia:376,1,1,0.0625,0.3333333333333333,0.4666666666666667,0.2,0.6142658191864461,0.8666666666666667
175,0,casia:069,0,0,1.0,1.0,0.8,0.8,-0.12751494962330598,0.6
176,0,casia:049,0,0,1.0,1.0,0.5333333333333333,0.5333333333333333,0.6762165013486695,0.8
177,0,casia:063,0,0,1.0,1.0,0.8666666666666667,0.8666666666666667,0.408306017691344,0.7333333333333333
178,0,casia:385,1,1,0.125,0.3333333333333333,0.4,0.6,0.6142658191864461,0.8666666666666667
179,0,casia:496,1,1,0.0625,0.26666666666666666,0.2,0.13333333333333333,-1.4715525363523112,0.4
180,0,casia:330,1,1,0.125,0.3333333333333333,0.4666666666666667,0.6666666666666666,-0.27965633318730726,0.6666666666666666
181,0,casia:179,0,0,1.0,1.0,0.8,0.8,-0.12751494962330598,0.6
182,0,casia:444,1,1,0.1875,0.4,0.8666666666666667,0.8666666666666667,0.912239869977697,0.9333333333333333
183,0,casia:029,0,0,1.0,1.0,0.8,0.8,0.6762165013486695,0.8
184,0,casia:354,1,1,0.1875,0.4,0.8666666666666667,0.9333333333333333,0.912239869977697,0.9333333333333333
185,0,casia:131,0,0,1.0,1.0,0.8,0.8,-0.931246400595281,0.4
186,0,casia:498,1,1,0.5625,1.0,0.6666666666666666,0.6666666666666666,0.6142658191864461,0.8666666666666667
187,0,casia:119,0,0,1.0,1.0,0.4666666666666667,0.4666666666666667,-1.1991568842526061,0.3333333333333333
188,0,casia:005,0,0,1.0,1.0,1.0,0.6666666666666666,-0.663335916937956,0.4666666666666667
189,0,casia:080,0,0,1.0,1.0,0.8,0.8,-0.39542543328063096,0.5333333333333333
190,0,casia:479,1,1,0.0625,0.4666666666666667,0.5333333333333333,0.5333333333333333,0.018317717603943677,0.7333333333333333
191,0,casia:391,1,1,0.25,0.4666666666666667,0.8,0.8,0.912239869977697,0.9333333333333333
192,0,casia:366,1,1,0.4375,0.3333333333333333,0.8,0.8,0.3162917683951951,0.8
193,0,casia:090,0,0,1.0,1.0,0.6666666666666666,0.6666666666666666,-2.2707988188819064,0.06666666666666667
194,0,casia:483,1,1,0.125,0.3333333333333333,0.4,0.4,0.6142658191864461,0.8666666666666667
195,0,casia:414,1,1,0.5625,0.26666666666666666,0.8,0.8,-1.1735784855610603,0.4666666666666667
196,0,casia:035,0,0,1.0,1.0,0.9333333333333333,0.9333333333333333,0.408306017691344,0.7333333333333333
197,0,casia:413,1,1,0.0625,0.5333333333333333,0.5333333333333333,0.5333333333333333,0.018317717603943677,0.7333333333333333
198,0,casia:429,1,1,0.375,0.6,0.3333333333333333,0.3333333333333333,0.3162917683951951,0.8
199,0,casia:198,0,1,0.375,0.26666666666666666,0.7333333333333333,0.7333333333333333,0.3162917683951951,0.8
200,0,casia:450,1,1,0.3125,0.4,0.5333333333333333,0.5333333333333333,-0.8756044347698092,0.5333333333333333
201,0,casia:289,1,1,0.125,0.4,0.3333333333333333,0.3333333333333333,0.018317717603943677,0.7333333333333333
202,0,casia:080,0,0,1.0,1.0,0.5333333333333333,0.5333333333333333,-0.39542543328063096,0.5333333333333333
203,0,casia:434,1,1,0.25,0.4,0.3333333333333333,0.4666666666666667,-0.8756044347698092,0.5333333333333333
204,0,casia:318,1,1,0.0625,0.26666666666666666,0.6,0.6,0.6142658191864461,0.8666666666666667
205,0,casia:202,0,1,0.0625,0.3333333333333333,0.13333333333333333,0.13333333333333333,0.018317717603943677,0.7333333333333333
206,0,casia:003,0,0,1.0,1.0,0.8666666666666667,0.2,-0.663335916937956,0.4666666666666667
207,0,casia:483,1,1,0.0625,0.26666666666666666,0.26666666666666666,0.2,-0.27965633318730726,0.6666666666666666
208,0,casia:159,0,0,1.0,1.0,0.9333333333333333,0.9333333333333333,0.6762165013486695,0.8
209,0,casia:297,1,1,0.1875,0.5333333333333333,0.6,1.0,0.018317717603943677,0.7333333333333333
210,0,casia:051,0,0,1.0,1.0,0.7333333333333333,0.7333333333333333,0.6762165013486695,0.8
211,0,casia:169,0,0,1.0,1.0,0.4,0.4,0.408306017691344,0.7333333333333333
212,0,casia:408,1,1,0.375,0.26666666666666666,0.8666666666666667,0.8666666666666667,0.3162917683951951,0.8
213,0,casia:296,1,1,0.25,0.4,0.7333333333333333,0.26666666666666666,-0.27965633318730726,0.6666666666666666
214,0,casia:482,1,1,0.625,0.26666666666666666,0.26666666666666666,0.26666666666666666,-2.9614227903085664,0.06666666666666667
215,0,casia:121,0,0,1.0,1.0,1.0,0.4666666666666667,0.408306017691344,0.7333333333333333
216,0,casia:026,0,0,1.0,1.0,0.9333333333333333,0.9333333333333333,1.2120374686633195,0.9333333333333333
217,0,casia:008,0,0,1.0,1.0,0.3333333333333333,0.3333333333333333,-0.663335916937956,0.4666666666666667
218,0,casia:468,1,1,0.6875,0.5333333333333333,0.26666666666666666,0.26666666666666666,-0.5776303839785583,0.6
219,0,casia:498,1,1,0.625,0.4666666666666667,0.3333333333333333,0.8666666666666667,0.912239869977697,0.9333333333333333
220,0,casia:342,1,1,0.3125,0.4666666666666667,0.4,0.4,0.6142658191864461,0.8666666666666667
221,0,casia:294,1,1,0.0625,0.26666666666666666,0.4666666666666667,0.4666666666666667,0.3162917683951951,0.8
222,0,casia:399,1,1,0.3125,0.3333333333333333,0.8,0.8666666666666667,0.912239869977697,0.9333333333333333
223,0,casia:048,0,0,1.0,1.0,0.9333333333333333,1.0,-0.12751494962330598,0.6
224,0,casia:194,0,0,1.0,1.0,0.6666666666666666,0.6666666666666666,0.408306017691344,0.7333333333333333
225,0,casia:419,1,1,0.75,0.4,0.4,0.4,-0.27965633318730726,0.6666666666666666
226,0,casia:384,1,1,0.1875,0.4,0.4,0.8,0.912239869977697,0.9333333333333333
227,0,casia:197,0,0,1.0,1.0,0.3333333333333333,0.3333333333333333,0.14039553403401903,0.6666666666666666
228,0,casia:140,0,0,1.0,1.0,0.6666666666666666,0.4,0.408306017691344,0.7333333333333333
229,0,casia:473,1,1,0.75,1.0,0.6666666666666666,0.6666666666666666,0.018317717603943677,0.7333333333333333
230,0,casia:403,1,1,0.0625,0.26666666666666666,0.13333333333333333,0.13333333333333333,-1.1735784855610603,0.4666666666666667
231,0,casia:298,1,1,0.0625,0.26666666666666666,0.4,0.4,0.018317717603943677,0.7333333333333333
232,0,casia:381,1,1,0.5,0.3333333333333333,0.4,0.4,-0.8756044347698092,0.5333333333333333
233,0,casia:068,0,0,0.8125,0.4,0.7333333333333333,0.7333333333333333,-1.1991568842526061,0.3333333333333333
234,0,casia:365,1,1,0.0625,0.2,0.6,0.6,0.912239869977697,0.9333333333333333
235,0,casia:355,1,1,0.1875,0.6666666666666666,0.4,0.4,-1.1735784855610603,0.4666666666666667
236,0,casia:030,0,0,1.0,1.0,0.8,0.8,0.14039553403401903,0.6666666666666666
237,0,casia:025,0,0,1.0,1.0,0.7333333333333333,0.7333333333333333,-1.1991568842526061,0.3333333333333333
238,0,casia:333,1,1,0.1875,0.5333333333333333,0.4666666666666667,0.6,0.6142658191864461,0.8666666666666667
239,0,casia:056,0,0,1.0,1.0,1.0,0.8,0.6762165013486695,0.8
240,0,casia:226,0,0,1.0,1.0,0.26666666666666666,0.26666666666666666,0.6762165013486695,0.8
241,0,casia:190,0,0,1.0,1.0,1.0,0.5333333333333333,0.408306017691344,0.7333333333333333
242,0,casia:347,1,1,0.6875,1.0,0.3333333333333333,0.3333333333333333,0.912239869977697,0.9333333333333333
243,0,casia:243,0,1,0.0625,0.4666666666666667,0.2,0.2,-0.5776303839785583,0.6
244,0,casia:400,1,1,0.4375,0.3333333333333333,0.8,0.8,0.3162917683951951,0.8
245,0,casia:173,0,0,1.0,0.13333333333333333,0.06666666666666667,0.06666666666666667,-2.2707988188819064,0.06666666666666667
246,0,casia:369,1,1,0.25,0.7333333333333333,0.8666666666666667,0.7333333333333333,0.3162917683951951,0.8
247,0,casia:297,1,1,0.125,0.4,0.2,0.2,0.3162917683951951,0.8
248,0,casia:064,0,0,0.875,1.0,0.26666666666666666,0.26666666666666666,-0.12751494962330598,0.6
249,0,casia:009,0,0,1.0,1.0,0.8,0.8,0.9441269850059945,0.8666666666666667
250,0,casia:109,0,0,1.0,1.0,0.13333333333333333,0.13333333333333333,-1.467067367909931,0.26666666666666666
251,0,casia:013,0,0,1.0,1.0,0.8,0.8,0.9441269850059945,0.8666666666666667
252,0,casia:441,1,1,0.625,0.7333333333333333,0.9333333333333333,0.9333333333333333,0.6142658191864461,0.8666666666666667
253,0,casia:265,1,1,0.0625,0.26666666666666666,0.5333333333333333,0.5333333333333333,0.912239869977697,0.9333333333333333
254,0,casia:004,0,0,1.0,1.0,0.6666666666666666,0.6666666666666666,0.9441269850059945,0.8666666666666667
255,0,casia:138,0,0,0.5625,0.6,1.0,0.4,-0.12751494962330598,0.6
256,0,casia:275,1,1,0.0625,0.3333333333333333,0.8,0.8,0.018317717603943677,0.7333333333333333
257,0,casia:128,0,1,0.0625,0.26666666666666666,0.5333333333333333,0.5333333333333333,-0.5776303839785583,0.6
258,0,casia:434,1,1,0.0625,0.5333333333333333,0.26666666666666666,0.26666666666666666,0.6142658191864461,0.8666666666666667
259,0,casia:028,0,0,1.0,1.0,1.0,1.0,0.408306017691344,0.7333333333333333
260,0,casia:011,0,0,1.0,1.0,1.0,0.4666666666666667,0.9441269850059945,0.8666666666666667
261,0,casia:358,1,1,0.0625,0.4,0.4,0.5333333333333333,0.018317717603943677,0.7333333333333333
262,0,casia:246,0,0,1.0,1.0,0.4,0.4666666666666667,-1.467067367909931,0.26666666666666666
263,0,casia:034,0,0,1.0,1.0,0.6666666666666666,0.6,0.14039553403401903,0.6666666666666666
264,0,casia:277,1,0,1.0,0.3333333333333333,0.2,0.2,-0.663335916937956,0.4666666666666667
265,0,casia:090,0,0,1.0,1.0,0.4,0.4,-0.931246400595281,0.4
266,0,casia:339,1,1,0.25,0.4,0.4666666666666667,0.4666666666666667,0.3162917683951951,0.8
267,0,casia:268,1,1,0.0625,0.26666666666666666,0.7333333333333333,0.26666666666666666,0.018317717603943677,0.7333333333333333
268,0,casia:346,1,1,0.5,0.26666666666666666,0.6,0.8,0.3162917683951951,0.8
269,0,casia:299,1,1,0.0625,0.26666666666666666,0.2,0.8666666666666667,0.6142658191864461,0.8666666666666667
270,0,casia:389,1,1,0.25,0.26666666666666666,0.6,0.4666666666666667,-1.7695265871435624,0.3333333333333333
271,0,casia:336,1,1,0.1875,0.3333333333333333,0.6,0.6,0.912239869977697,0.9333333333333333
272,0,casia:447,1,1,0.75,0.9333333333333333,0.5333333333333333,0.5333333333333333,0.912239869977697,0.9333333333333333
273,0,casia:470,1,1,0.1875,0.4,0.6666666666666666,0.4,0.912239869977697,0.9333333333333333
274,0,casia:379,1,1,0.75,0.8,0.4,0.26666666666666666,0.6142658191864461,0.8666666666666667
275,0,casia:357,1,1,0.6875,0.3333333333333333,0.6666666666666666,0.6666666666666666,0.6142658191864461,0.8666666666666667
276,0,casia:067,0,0,0.6875,0.4,0.4666666666666667,0.4,-2.0028883352245814,0.13333333333333333
277,0,casia:290,1,1,0.0625,0.26666666666666666,0.26666666666666666,0.26666666666666666,0.6142658191864461,0.8666666666666667
278,0,casia:357,1,1,0.125,0.26666666666666666,0.3333333333333333,0.3333333333333333,0.6142658191864461,0.8666666666666667
279,0,casia:466,1,1,0.1875,0.3333333333333333,0.4,0.4,0.3162917683951951,0.8
280,0,casia:439,1,1,0.0625,0.3333333333333333,0.3333333333333333,0.3333333333333333,-0.8756044347698092,0.5333333333333333
281,0,casia:318,1,1,0.125,0.3333333333333333,0.26666666666666666,0.26666666666666666,-1.7695265871435624,0.3333333333333333
282,0,casia:295,1,1,0.0625,0.26666666666666666,0.26666666666666666,0.26666666666666666,-0.27965633318730726,0.6666666666666666
283,0,casia:042,0,0,1.0,1.0,1.0,1.0,0.9441269850059945,0.8666666666666667
284,0,casia:056,0,0,1.0,0.2,0.2,0.2,-0.663335916937956,0.4666666666666667
285,0,casia:311,1,1,0.25,0.3333333333333333,0.6666666666666666,0.7333333333333333,0.3162917683951951,0.8
286,0,casia:323,1,1,0.0625,0.26666666666666666,0.4,0.7333333333333333,-0.8756044347698092,0.5333333333333333
287,0,casia:258,1,1,0.5,0.3333333333333333,0.8,0.8,-1.4715525363523112,0.4
288,0,casia:040,0,0,1.0,0.9333333333333333,1.0,0.8,0.6762165013486695,0.8
289,0,casia:232,0,1,0.1875,0.26666666666666666,0.26666666666666666,0.26666666666666666,-0.5776303839785583,0.6
290,0,casia:102,0,0,1.0,1.0,0.4666666666666667,0.4666666666666667,-1.1991568842526061,0.3333333333333333
291,0,casia:352,1,1,0.4375,0.8666666666666667,0.4,0.8,0.912239869977697,0.9333333333333333
292,0,casia:354,1,1,0.125,0.6666666666666666,0.4666666666666667,0.4666666666666667,0.912239869977697,0.9333333333333333
293,0,casia:075,0,0,1.0,1.0,1.0,0.7333333333333333,0.6762165013486695,0.8
294,0,casia:198,0,1,0.1875,0.3333333333333333,0.8666666666666667,0.8666666666666667,-0.27965633318730726,0.6666666666666666
295,0,casia:053,0,0,1.0,1.0,0.8,0.8,0.9441269850059945,0.8666666666666667
296,0,casia:492,1,1,0.1875,0.8666666666666667,0.3333333333333333,0.3333333333333333,-0.27965633318730726,0.6666666666666666
297,0,casia:270,1,1,0.0625,0.26666666666666666,0.6,0.6,0.018317717603943677,0.7333333333333333
298,0,casia:466,1,1,0.0625,0.26666666666666666,0.9333333333333333,0.9333333333333333,0.018317717603943677,0.7333333333333333
299,0,casia:347,1,1,0.625,1.0,0.4,0.4,0.912239869977697,0.9333333333333333
300,0,casia:003,0,0,1.0,1.0,0.7333333333333333,0.7333333333333333,-0.931246400595281,0.4
301,0,casia:006,0,0,1.0,1.0,0.4,0.4,-0.663335916937956,0.4666666666666667
302,0,casia:138,0,0,1.0,1.0,0.4666666666666667,0.4666666666666667,0.14039553403401903,0.6666666666666666
303,0,casia:473,1,1,0.1875,0.5333333333333333,0.8666666666666667,0.8666666666666667,-0.27965633318730726,0.6666666666666666
304,0,casia:159,0,0,1.0,1.0,0.8666666666666667,0.8666666666666667,0.6762165013486695,0.8
305,0,casia:432,1,1,0.875,0.4,0.4666666666666667,0.4666666666666667,0.018317717603943677,0.7333333333333333
306,0,casia:245,0,0,1.0,1.0,0.6,0.6,-0.39542543328063096,0.5333333333333333
307,0,casia:445,1,1,0.8125,0.9333333333333333,0.7333333333333333,0.8666666666666667,0.912239869977697,0.9333333333333333
308,0,casia:280,1,1,0.0625,0.26666666666666666,0.4,0.26666666666666666,-0.27965633318730726,0.6666666666666666
309,0,casia:154,0,0,1.0,1.0,0.7333333333333333,0.7333333333333333,0.6762165013486695,0.8
310,0,casia:241,0,0,1.0,1.0,0.6,0.6,0.6762165013486695,0.8
311,0,casia:408,1,1,0.1875,0.3333333333333333,0.2,0.2,0.6142658191864461,0.8666666666666667
312,0,casia:447,1,1,0.4375,0.8,0.4666666666666667,0.3333333333333333,0.912239869977697,0.9333333333333333
313,0,casia:349,1,1,0.1875,0.6,0.8666666666666667,0.9333333333333333,0.6142658191864461,0.8666666666666667
314,0,casia:455,1,1,0.1875,0.4,0.3333333333333333,0.5333333333333333,-0.8756044347698092,0.5333333333333333
315,0,casia:202,0,1,0.0625,0.3333333333333333,0.5333333333333333,0.26666666666666666,1.210213920768948,1.0
316,0,casia:386,1,1,0.1875,0.3333333333333333,0.8,0.8,0.912239869977697,0.9333333333333333
317,0,casia:022,0,0,1.0,1.0,0.8,0.8,0.6762165013486695,0.8
318,0,casia:302,1,1,0.125,0.26666666666666666,0.2,0.2,-1.4715525363523112,0.4
319,0,casia:351,1,1,0.25,0.4,0.9333333333333333,0.9333333333333333,-1.4715525363523112,0.4
320,0,casia:368,1,1,0.375,0.26666666666666666,0.6,0.6,1.210213920768948,1.0
321,0,casia:122,0,1,0.4375,0.26666666666666666,0.26666666666666666,0.26666666666666666,-1.1735784855610603,0.4666666666666667
322,0,casia:176,0,0,1.0,1.0,0.9333333333333333,0.9333333333333333,-0.931246400595281,0.4
323,0,casia:399,1,1,0.5,0.6,0.6666666666666666,0.6666666666666666,0.912239869977697,0.9333333333333333
324,0,casia:388,1,1,0.5625,0.3333333333333333,0.8666666666666667,0.6666666666666666,0.6142658191864461,0.8666666666666667
325,0,casia:260,1,0,1.0,1.0,0.6,0.6,-0.663335916937956,0.4666666666666667
326,0,casia:180,0,0,1.0,1.0,1.0,0.3333333333333333,0.408306017691344,0.7333333333333333
327,0,casia:284,1,1,0.0625,0.26666666666666666,0.13333333333333333,0.13333333333333333,-1.7695265871435624,0.3333333333333333
328,0,casia:390,1,1,0.0625,0.3333333333333333,0.4666666666666667,0.3333333333333333,0.3162917683951951,0.8
329,0,casia:445,1,1,0.6875,0.8,0.6,0.4,0.6142658191864461,0.8666666666666667
330,0,casia:361,1,1,0.4375,0.3333333333333333,0.9333333333333333,0.9333333333333333,0.912239869977697,0.9333333333333333
331,0,casia:468,1,1,0.6875,1.0,0.8,0.8,-0.8756044347698092,0.5333333333333333
332,0,casia:155,0,0,1.0,1.0,0.7333333333333333,0.7333333333333333,0.9441269850059945,0.8666666666666667
333,0,casia:328,1,1,0.25,0.26666666666666666,0.4666666666666667,0.4666666666666667,-0.5776303839785583,0.6
334,0,casia:356,1,1,0.5625,0.4666666666666667,0.4,0.4,0.6142658191864461,0.8666666666666667
335,0,casia:264,1,1,0.0625,0.26666666666666666,0.2,0.2,-0.8756044347698092,0.5333333333333333
336,0,casia:393,1,1,0.0625,0.4,0.5333333333333333,0.5333333333333333,0.912239869977697,0.9333333333333333
337,0,casia:488,1,1,0.25,0.7333333333333333,0.3333333333333333,0.8,-0.5776303839785583,0.6
338,0,casia:429,1,1,0.1875,0.3333333333333333,0.6,0.6,0.6142658191864461,0.8666666666666667
339,0,casia:037,0,0,1.0,1.0,0.9333333333333333,0.9333333333333333,1.2120374686633195,0.9333333333333333
340,0,casia:312,1,1,0.9375,0.8666666666666667,0.9333333333333333,0.9333333333333333,0.018317717603943677,0.7333333333333333
341,0,casia:439,1,1,0.1875,0.4,0.5333333333333333,0.5333333333333333,0.3162917683951951,0.8
342,0,casia:013,0,0,1.0,1.0,0.6666666666666666,0.8,0.6762165013486695,0.8
343,0,casia:338,1,1,0.0625,0.5333333333333333,0.4666666666666667,0.4666666666666667,-0.8756044347698092,0.5333333333333333
344,0,casia:442,1,1,0.4375,0.9333333333333333,0.5333333333333333,0.5333333333333333,0.912239869977697,0.9333333333333333
345,0,casia:497,1,1,0.0625,0.26666666666666666,0.06666666666666667,0.06666666666666667,-2.0675006379348133,0.26666666666666666
346,0,casia:023,0,0,1.0,1.0,0.8,0.8,0.9441269850059945,0.8666666666666667
347,0,casia:044,0,0,1.0,1.0,0.6666666666666666,1.0,-0.12751494962330598,0.6
348,0,casia:057,0,0,1.0,1.0,0.3333333333333333,0.3333333333333333,0.6762165013486695,0.8
349,0,casia:090,0,0,1.0,1.0,0.7333333333333333,0.7333333333333333,-1.467067367909931,0.26666666666666666
350,0,casia:004,0,0,1.0,1.0,0.6666666666666666,0.6666666666666666,0.6762165013486695,0.8
351,0,casia:442,1,1,0.5,0.4,0.5333333333333333,0.9333333333333333,0.912239869977697,0.9333333333333333
352,0,casia:384,1,1,0.1875,0.8,0.8,0.3333333333333333,0.912239869977697,0.9333333333333333
353,0,casia:456,1,1,0.3125,0.5333333333333333,0.9333333333333333,0.9333333333333333,0.3162917683951951,0.8
354,0,casia:150,0,0,1.0,1.0,0.4666666666666667,0.4666666666666667,0.6762165013486695,0.8
355,0,casia:269,1,1,0.0625,0.3333333333333333,0.3333333333333333,0.3333333333333333,0.018317717603943677,0.7333333333333333
356,0,casia:016,0,0,1.0,1.0,0.5333333333333333,0.5333333333333333,0.408306017691344,0.7333333333333333
357,0,casia:259,1,1,0.1875,0.26666666666666666,0.6666666666666666,0.6666666666666666,0.018317717603943677,0.7333333333333333
358,0,casia:134,0,0,1.0,1.0,0.4,0.4,0.9441269850059945,0.8666666666666667
359,0,casia:294,1,1,0.3125,0.7333333333333333,0.4666666666666667,0.4666666666666667,0.6142658191864461,0.8666666666666667
360,0,casia:451,1,1,0.75,1.0,0.8666666666666667,0.8666666666666667,0.912239869977697,0.9333333333333333
361,0,casia:267,1,1,0.0625,0.26666666666666666,0.3333333333333333,0.3333333333333333,-2.6634487395173156,0.13333333333333333
362,0,casia:393,1,1,0.1875,0.26666666666666666,0.4,0.4,0.912239869977697,0.9333333333333333
363,0,casia:366,1,1,0.6875,0.3333333333333333,0.7333333333333333,0.7333333333333333,0.912239869977697,0.9333333333333333
364,0,casia:071,0,0,1.0,1.0,1.0,1.0,-0.39542543328063096,0.5333333333333333
365,0,casia:163,0,0,1.0,1.0,0.9333333333333333,0.9333333333333333,0.14039553403401903,0.6666666666666666
366,0,casia:239,0,1,0.0625,0.3333333333333333,0.06666666666666667,0.06666666666666667,-2.0675006379348133,0.26666666666666666
367,0,casia:251,1,1,0.625,1.0,0.5333333333333333,0.5333333333333333,0.018317717603943677,0.7333333333333333
368,0,casia:126,0,0,1.0,0.13333333333333333,0.5333333333333333,0.5333333333333333,-2.0028883352245814,0.13333333333333333
369,0,casia:114,0,0,1.0,1.0,0.9333333333333333,0.9333333333333333,0.408306017691344,0.7333333333333333
370,0,casia:380,1,1,0.5,0.4,0.4,0.4,0.6142658191864461,0.8666666666666667
371,0,casia:027,0,0,1.0,1.0,1.0,0.8,0.9441269850059945,0.8666666666666667
372,0,casia:430,1,1,0.125,0.7333333333333333,0.4,0.4,0.912239869977697,0.9333333333333333
373,0,casia:111,0,0,1.0,1.0,0.8,0.8,0.9441269850059945,0.8666666666666667
374,0,casia:048,0,0,1.0,1.0,0.7333333333333333,1.0,0.9441269850059945,0.8666666666666667
375,0,casia:217,0,0,0.9375,1.0,1.0,1.0,-0.39542543328063096,0.5333333333333333
376,0,casia:256,1,1,0.125,0.26666666666666666,0.9333333333333333,0.9333333333333333,0.912239869977697,0.9333333333333333
377,0,casia:343,1,1,0.1875,0.26666666666666666,0.06666666666666667,0.06666666666666667,-1.7695265871435624,0.3333333333333333
378,0,casia:409,1,1,0.625,0.4666666666666667,0.6666666666666666,0.6666666666666666,0.912239869977697,0.9333333333333333
379,0,casia:234,0,0,1.0,1.0,0.5333333333333333,0.5333333333333333,-0.931246400595281,0.4
380,0,casia:140,0,0,1.0,1.0,0.6,0.6,0.408306017691344,0.7333333333333333
381,0,casia:361,1,1,0.375,0.4,0.3333333333333333,0.3333333333333333,0.912239869977697,0.9333333333333333
382,0,casia:461,1,1,0.5625,0.8,0.2,0.26666666666666666,-0.5776303839785583,0.6
383,0,casia:049,0,0,1.0,1.0,0.8,0.8,0.14039553403401903,0.6666666666666666
384,0,casia:148,0,0,1.0,1.0,1.0,0.6,0.6762165013486695,0.8
385,0,casia:300,1,1,0.5625,0.6666666666666666,0.5333333333333333,0.9333333333333333,-0.5776303839785583,0.6
386,0,casia:216,0,0,1.0,1.0,0.6,0.6,-0.12751494962330598,0.6
387,0,casia:375,1,1,0.75,0.26666666666666666,0.6666666666666666,0.6666666666666666,1.210213920768948,1.0
388,0,casia:109,0,0,0.875,1.0,0.06666666666666667,0.06666666666666667,0.14039553403401903,0.6666666666666666
389,0,casia:125,0,0,1.0,1.0,0.26666666666666666,0.26666666666666666,-1.467067367909931,0.26666666666666666
390,0,casia:235,0,0,1.0,1.0,0.2,0.2,-1.7349778515672563,0.2
391,0,casia:031,0,0,1.0,1.0,1.0,0.6666666666666666,-0.39542543328063096,0.5333333333333333
392,0,casia:388,1,1,0.375,0.5333333333333333,0.6,0.4,0.912239869977697,0.9333333333333333
393,0,casia:163,0,0,1.0,1.0,0.8666666666666667,0.8666666666666667,0.14039553403401903,0.6666666666666666
394,0,casia:347,1,1,0.75,1.0,0.4,0.3333333333333333,0.912239869977697,0.9333333333333333
395,0,casia:315,1,1,0.0625,0.26666666666666666,0.5333333333333333,0.5333333333333333,-0.8756044347698092,0.5333333333333333
396,0,casia:431,1,1,0.1875,0.6666666666666666,0.5333333333333333,0.5333333333333333,0.6142658191864461,0.8666666666666667
397,0,casia:318,1,1,0.0625,0.26666666666666666,0.2,0.2,-0.5776303839785583,0.6
398,0,casia:139,0,0,1.0,1.0,0.3333333333333333,0.6,0.6762165013486695,0.8
399,0,casia:175,0,0,1.0,1.0,1.0,1.0,0.6762165013486695,0.8
400,0,casia:287,1,1,0.1875,0.26666666666666666,0.5333333333333333,0.5333333333333333,-0.5776303839785583,0.6
401,0,casia:000,0,0,1.0,1.0,0.6666666666666666,0.26666666666666666,0.9441269850059945,0.8666666666666667
402,0,casia:373,1,1,0.4375,0.4,0.8666666666666667,0.8666666666666667,0.912239869977697,0.9333333333333333
403,0,casia:158,0,0,1.0,1.0,0.6,0.6,0.9441269850059945,0.8666666666666667
404,0,casia:317,1,1,0.0625,0.26666666666666666,0.06666666666666667,0.06666666666666667,-2.6634487395173156,0.13333333333333333
405,0,casia:413,1,1,0.0625,0.26666666666666666,0.6666666666666666,0.6666666666666666,0.018317717603943677,0.7333333333333333
406,0,casia:313,1,1,0.1875,0.26666666666666666,0.2,0.2,0.912239869977697,0.9333333333333333
407,0,casia:194,0,0,1.0,1.0,0.4666666666666667,0.4666666666666667,0.6762165013486695,0.8
408,0,casia:450,1,1,0.1875,0.4,0.7333333333333333,0.4666666666666667,-1.1735784855610603,0.4666666666666667
409,0,casia:493,1,1,0.1875,0.26666666666666666,0.6,0.6,0.3162917683951951,0.8
410,0,casia:192,0,0,1.0,1.0,0.6,0.6,0.6762165013486695,0.8
411,0,casia:212,0,0,1.0,1.0,0.5333333333333333,0.5333333333333333,-0.12751494962330598,0.6
412,0,casia:113,0,0,1.0,1.0,0.8666666666666667,0.8666666666666667,0.9441269850059945,0.8666666666666667
413,0,casia:023,0,0,1.0,1.0,1.0,0.7333333333333333,0.9441269850059945,0.8666666666666667
414,0,casia:129,0,0,1.0,1.0,0.6,0.6,0.408306017691344,0.7333333333333333
415,0,casia:266,1,1,0.125,0.3333333333333333,0.7333333333333333,0.7333333333333333,0.912239869977697,0.9333333333333333
416,0,casia:340,1,1,0.6875,0.8666666666666667,0.7333333333333333,0.7333333333333333,0.912239869977697,0.9333333333333333
417,0,casia:110,0,0,1.0,1.0,0.4,0.4,0.14039553403401903,0.6666666666666666
418,0,casia:228,0,0,1.0,1.0,0.9333333333333333,0.9333333333333333,1.2120374686633195,0.9333333333333333
419,0,casia:104,0,0,1.0,1.0,1.0,0.5333333333333333,0.6762165013486695,0.8
420,0,casia:360,1,1,1.0,1.0,0.7333333333333333,0.7333333333333333,1.210213920768948,1.0
421,0,casia:253,1,1,0.25,0.26666666666666666,0.7333333333333333,0.4,0.018317717603943677,0.7333333333333333
422,0,casia:475,1,1,0.5,0.26666666666666666,0.3333333333333333,0.4666666666666667,-0.8756044347698092,0.5333333333333333
423,0,casia:010,0,0,1.0,1.0,0.13333333333333333,0.6666666666666666,0.9441269850059945,0.8666666666666667
424,0,casia:060,0,0,1.0,1.0,0.6,0.6,0.6762165013486695,0.8
425,0,casia:172,0,1,0.0625,0.26666666666666666,0.8,0.26666666666666666,-1.4715525363523112,0.4
426,0,casia:281,1,1,0.125,0.26666666666666666,0.4,0.4,-0.27965633318730726,0.6666666666666666
427,0,casia:263,1,1,0.125,0.26666666666666666,0.8666666666666667,0.8666666666666667,0.018317717603943677,0.7333333333333333
428,0,casia:261,1,1,0.0625,0.3333333333333333,0.4,0.4,-1.1735784855610603,0.4666666666666667
429,0,casia:478,1,1,0.0625,0.26666666666666666,0.6666666666666666,0.6666666666666666,-1.1735784855610603,0.4666666666666667
430,0,casia:187,0,1,0.125,0.26666666666666666,0.4,0.4,0.3162917683951951,0.8
431,0,casia:343,1,1,0.4375,0.6,0.5333333333333333,0.9333333333333333,-0.27965633318730726,0.6666666666666666
432,0,casia:215,0,0,1.0,1.0,0.26666666666666666,0.26666666666666666,-1.7349778515672563,0.2
433,0,casia:369,1,1,0.125,0.26666666666666666,0.7333333333333333,0.8666666666666667,-0.27965633318730726,0.6666666666666666
434,0,casia:289,1,1,0.125,0.3333333333333333,0.8666666666666667,0.4666666666666667,0.3162917683951951,0.8
435,0,casia:153,0,1,0.0625,0.4,0.8,0.8,-0.5776303839785583,0.6
436,0,casia:089,0,0,1.0,1.0,0.3333333333333333,0.4,-1.467067367909931,0.26666666666666666
437,0,casia:251,1,1,0.5,0.6,0.7333333333333333,1.0,0.018317717603943677,0.7333333333333333
438,0,casia:435,1,1,0.5625,0.4666666666666667,0.7333333333333333,0.2,-1.1735784855610603,0.4666666666666667
439,0,casia:218,0,1,0.5,0.3333333333333333,0.3333333333333333,0.5333333333333333,-1.1735784855610603,0.4666666666666667
440,0,casia:191,0,0,1.0,1.0,0.6,0.6,0.14039553403401903,0.6666666666666666
441,0,casia:248,0,1,0.125,0.3333333333333333,0.6666666666666666,0.6,-0.5776303839785583,0.6
442,0,casia:429,1,1,0.125,0.3333333333333333,0.13333333333333333,0.13333333333333333,0.912239869977697,0.9333333333333333
443,0,casia:269,1,1,0.0625,0.26666666666666666,0.13333333333333333,0.13333333333333333,-0.8756044347698092,0.5333333333333333
444,0,casia:488,1,1,0.0625,0.26666666666666666,0.3333333333333333,0.7333333333333333,0.018317717603943677,0.7333333333333333
445,0,casia:118,0,0,1.0,1.0,0.5333333333333333,0.5333333333333333,1.2120374686633195,0.9333333333333333
446,0,casia:073,0,0,1.0,1.0,1.0,1.0,0.408306017691344,0.7333333333333333
447,0,casia:200,0,0,1.0,0.13333333333333333,0.13333333333333333,0.13333333333333333,-2.2707988188819064,0.06666666666666667
448,0,casia:360,1,1,0.6875,0.8,0.7333333333333333,0.7333333333333333,0.912239869977697,0.9333333333333333
449,0,casia:399,1,1,0.6875,0.8,0.7333333333333333,0.7333333333333333,1.210213920768948,1.0
450,0,casia:409,1,1,0.5625,0.4666666666666667,0.7333333333333333,0.7333333333333333,0.912239869977697,0.9333333333333333
451,0,casia:362,1,1,0.75,0.8,1.0,1.0,0.912239869977697,0.9333333333333333
452,0,casia:181,0,0,1.0,1.0,0.13333333333333333,0.13333333333333333,-1.7349778515672563,0.2
453,0,casia:011,0,0,1.0,1.0,1.0,0.5333333333333333,-0.931246400595281,0.4
454,0,casia:377,1,1,0.625,0.8666666666666667,0.26666666666666666,0.26666666666666666,-0.5776303839785583,0.6
455,0,casia:281,1,1,0.0625,0.26666666666666666,0.5333333333333333,0.5333333333333333,-0.5776303839785583,0.6
456,0,casia:249,0,0,1.0,1.0,0.4666666666666667,0.4666666666666667,0.14039553403401903,0.6666666666666666
457,0,casia:321,1,1,0.25,0.26666666666666666,0.5333333333333333,0.5333333333333333,0.912239869977697,0.9333333333333333
458,0,casia:176,0,0,1.0,1.0,1.0,1.0,-0.931246400595281,0.4
459,0,casia:419,1,1,0.75,0.5333333333333333,0.6666666666666666,1.0,0.912239869977697,0.9333333333333333
460,0,casia:165,0,0,1.0,0.2,1.0,0.06666666666666667,0.9441269850059945,0.8666666666666667
461,0,casia:193,0,0,1.0,1.0,0.6,0.6,-0.663335916937956,0.4666666666666667
462,0,casia:045,0,0,1.0,1.0,0.3333333333333333,0.3333333333333333,-0.39542543328063096,0.5333333333333333
463,0,casia:217,0,0,1.0,1.0,0.4,0.4,0.14039553403401903,0.6666666666666666
464,0,casia:370,1,1,0.25,0.7333333333333333,0.7333333333333333,0.7333333333333333,0.912239869977697,0.9333333333333333
465,0,casia:236,0,1,0.0625,0.06666666666666667,0.06666666666666667,0.06666666666666667,-2.9614227903085664,0.06666666666666667
466,0,casia:106,0,0,1.0,1.0,0.8666666666666667,0.8666666666666667,0.9441269850059945,0.8666666666666667
467,0,casia:225,0,0,1.0,1.0,0.8666666666666667,0.8666666666666667,0.14039553403401903,0.6666666666666666
468,0,casia:454,1,1,0.125,0.26666666666666666,0.5333333333333333,0.5333333333333333,-0.8756044347698092,0.5333333333333333
469,0,casia:437,1,1,0.1875,0.26666666666666666,0.3333333333333333,0.3333333333333333,0.912239869977697,0.9333333333333333
470,0,casia:185,0,0,1.0,1.0,0.4666666666666667,0.4666666666666667,-0.12751494962330598,0.6
471,0,casia:372,1,1,0.4375,0.5333333333333333,0.8,0.8,0.6142658191864461,0.8666666666666667
472,0,casia:450,1,1,0.5625,0.26666666666666666,0.8666666666666667,0.8666666666666667,-0.8756044347698092,0.5333333333333333
473,0,casia:001,0,0,1.0,1.0,0.8666666666666667,0.8666666666666667,-0.39542543328063096,0.5333333333333333
474,0,casia:353,1,1,0.0625,0.3333333333333333,0.6666666666666666,0.6666666666666666,0.912239869977697,0.9333333333333333
475,0,casia:259,1,0,1.0,1.0,0.6666666666666666,0.6666666666666666,0.408306017691344,0.7333333333333333
476,0,casia:012,0,0,1.0,1.0,0.8,0.8,0.9441269850059945,0.8666666666666667
477,0,casia:010,0,0,1.0,1.0,1.0,0.5333333333333333,0.9441269850059945,0.8666666666666667
478,0,casia:455,1,1,0.5,0.7333333333333333,0.3333333333333333,0.4666666666666667,-1.1735784855610603,0.4666666666666667
479,0,casia:258,1,1,0.5,0.6666666666666666,0.8666666666666667,0.8666666666666667,0.912239869977697,0.9333333333333333
480,0,casia:107,0,0,1.0,1.0,0.3333333333333333,0.3333333333333333,0.408306017691344,0.7333333333333333
481,0,casia:454,1,1,0.3125,0.3333333333333333,0.4,0.4,-0.5776303839785583,0.6
482,0,casia:060,0,0,1.0,1.0,0.6,0.6,0.408306017691344,0.7333333333333333
483,0,casia:034,0,0,1.0,0.3333333333333333,0.7333333333333333,0.7333333333333333,-0.663335916937956,0.4666666666666667
484,0,casia:231,0,0,1.0,1.0,0.4666666666666667,0.06666666666666667,-1.1991568842526061,0.3333333333333333
485,0,casia:137,0,0,1.0,1.0,0.06666666666666667,0.06666666666666667,-1.7349778515672563,0.2
486,0,casia:068,0,0,0.625,0.3333333333333333,0.13333333333333333,0.13333333333333333,-1.7349778515672563,0.2
487,0,casia:448,1,1,0.0625,0.6,0.4,0.2,-0.27965633318730726,0.6666666666666666
488,0,casia:317,1,1,0.0625,0.4,0.26666666666666666,0.7333333333333333,-0.5776303839785583,0.6
489,0,casia:047,0,0,1.0,1.0,0.26666666666666666,0.26666666666666666,0.6762165013486695,0.8
490,0,casia:438,1,1,0.0625,0.26666666666666666,0.3333333333333333,0.3333333333333333,-1.4715525363523112,0.4
491,0,casia:477,1,1,0.375,0.3333333333333333,0.4,0.9333333333333333,0.3162917683951951,0.8
492,0,casia:033,0,0,1.0,1.0,0.7333333333333333,0.7333333333333333,-0.663335916937956,0.4666666666666667
493,0,casia:437,1,1,0.5,0.6666666666666666,0.5333333333333333,0.5333333333333333,0.3162917683951951,0.8
494,0,casia:191,0,0,1.0,1.0,0.5333333333333333,0.5333333333333333,0.408306017691344,0.7333333333333333
495,0,casia:420,1,1,0.125,0.4,0.4666666666666667,0.4666666666666667,0.3162917683951951,0.8
496,0,casia:206,0,0,1.0,1.0,0.5333333333333333,0.5333333333333333,-0.39542543328063096,0.5333333333333333
497,0,casia:195,0,0,1.0,1.0,1.0,0.4666666666666667,0.408306017691344,0.7333333333333333
498,0,casia:423,1,1,0.0625,0.26666666666666666,0.3333333333333333,0.3333333333333333,0.3162917683951951,0.8
499,0,casia:478,1,1,0.0625,0.26666666666666666,0.6666666666666666,0.6666666666666666,0.912239869977697,0.9333333333333333
500,0,casia:147,0,0,1.0,1.0,0.4,0.4,-0.39542543328063096,0.5333333333333333
501,0,casia:229,0,1,0.0625,0.2,0.13333333333333333,0.13333333333333333,-2.6634487395173156,0.13333333333333333
502,0,casia:444,1,1,0.0625,0.3333333333333333,0.4666666666666667,0.4666666666666667,0.912239869977697,0.9333333333333333
503,0,casia:007,0,0,1.0,1.0,1.0,0.8,0.6762165013486695,0.8
504,0,casia:069,0,0,1.0,1.0,0.8666666666666667,0.8666666666666667,0.6762165013486695,0.8
505,0,casia:483,1,1,0.0625,0.3333333333333333,0.3333333333333333,0.3333333333333333,0.018317717603943677,0.7333333333333333
506,0,casia:264,1,1,0.0625,0.26666666666666666,0.5333333333333333,1.0,0.6142658191864461,0.8666666666666667
507,0,casia:263,1,1,0.1875,0.26666666666666666,0.8,0.8,0.3162917683951951,0.8
508,0,casia:117,0,0,1.0,1.0,0.7333333333333333,0.7333333333333333,0.408306017691344,0.7333333333333333
509,0,casia:236,0,0,1.0,1.0,1.0,1.0,0.9441269850059945,0.8666666666666667
510,0,casia:164,0,0,1.0,1.0,1.0,0.5333333333333333,0.9441269850059945,0.8666666666666667
511,0,casia:367,1,1,0.0625,0.3333333333333333,0.4666666666666667,0.4666666666666667,-0.8756044347698092,0.5333333333333333
512,0,casia:020,0,0,0.9375,1.0,0.3333333333333333,0.3333333333333333,-1.1991568842526061,0.3333333333333333
513,0,casia:136,0,0,0.9375,1.0,0.13333333333333333,0.13333333333333333,0.9441269850059945,0.8666666666666667
514,0,casia:229,0,0,1.0,1.0,0.8666666666666667,0.8666666666666667,0.408306017691344,0.7333333333333333
515,0,casia:405,1,1,0.0625,0.06666666666666667,0.13333333333333333,0.13333333333333333,0.6142658191864461,0.8666666666666667
516,0,casia:452,1,1,0.125,0.4666666666666667,0.6,0.6,0.6142658191864461,0.8666666666666667
517,0,casia:082,0,0,1.0,1.0,0.4,0.4,-0.931246400595281,0.4
518,0,casia:319,1,1,0.0625,0.3333333333333333,0.4,0.3333333333333333,-1.1735784855610603,0.4666666666666667
519,0,casia:351,1,1,0.0625,0.26666666666666666,0.6,0.8,0.3162917683951951,0.8
520,0,casia:272,1,1,0.0625,0.4,0.6,0.6,0.018317717603943677,0.7333333333333333
521,0,casia:334,1,1,0.1875,0.4,0.6666666666666666,0.6666666666666666,-0.27965633318730726,0.6666666666666666
522,0,casia:134,0,0,1.0,0.6666666666666666,0.3333333333333333,0.3333333333333333,-1.7349778515672563,0.2
523,0,casia:156,0,0,1.0,1.0,0.5333333333333333,0.5333333333333333,0.14039553403401903,0.6666666666666666
524,0,casia:105,0,0,1.0,1.0,1.0,0.6,-0.931246400595281,0.4
525,0,casia:463,1,1,0.625,0.4666666666666667,0.5333333333333333,0.5333333333333333,0.018317717603943677,0.7333333333333333
526,0,casia:062,0,0,1.0,1.0,0.8666666666666667,0.8666666666666667,-0.663335916937956,0.4666666666666667
527,0,casia:313,1,1,0.1875,0.26666666666666666,0.13333333333333333,0.13333333333333333,-1.7695265871435624,0.3333333333333333
528,0,casia:168,0,0,1.0,1.0,0.9333333333333333,0.9333333333333333,0.14039553403401903,0.6666666666666666
529,0,casia:066,0,0,1.0,1.0,0.9333333333333333,0.9333333333333333,0.9441269850059945,0.8666666666666667
530,0,casia:395,1,1,0.25,0.4666666666666667,0.9333333333333333,0.9333333333333333,0.912239869977697,0.9333333333333333
531,0,casia:352,1,1,0.1875,0.8666666666666667,0.4666666666666667,0.8,0.6142658191864461,0.8666666666666667
532,0,casia:389,1,1,0.125,0.4666666666666667,0.3333333333333333,0.6666666666666666,-1.4715525363523112,0.4
533,0,casia:138,0,0,1.0,1.0,0.4666666666666667,0.4666666666666667,0.6762165013486695,0.8
534,0,casia:223,0,0,1.0,1.0,0.26666666666666666,0.4,0.14039553403401903,0.6666666666666666
535,0,casia:247,0,1,0.0625,0.26666666666666666,0.26666666666666666,0.26666666666666666,-1.7695265871435624,0.3333333333333333
536,0,casia:265,1,1,0.3125,0.4,0.8,0.8666666666666667,0.6142658191864461,0.8666666666666667
537,0,casia:177,0,0,1.0,1.0,1.0,0.9333333333333333,0.14039553403401903,0.6666666666666666
538,0,casia:460,1,1,0.0625,0.26666666666666666,0.13333333333333333,0.13333333333333333,-1.4715525363523112,0.4
539,0,casia:425,1,1,0.125,0.13333333333333333,0.6666666666666666,0.6666666666666666,0.6142658191864461,0.8666666666666667
540,0,casia:162,0,0,1.0,1.0,0.8666666666666667,0.8666666666666667,0.14039553403401903,0.6666666666666666
541,0,casia:265,1,1,0.3125,0.26666666666666666,0.6666666666666666,0.6666666666666666,0.912239869977697,0.9333333333333333
542,0,casia:156,0,0,1.0,1.0,0.4666666666666667,0.4666666666666667,0.408306017691344,0.7333333333333333
543,0,casia:076,0,0,1.0,1.0,0.5333333333333333,0.6666666666666666,0.408306017691344,0.7333333333333333
544,0,casia:048,0,0,1.0,1.0,0.9333333333333333,0.9333333333333333,0.6762165013486695,0.8
545,0,casia:216,0,0,1.0,1.0,0.6666666666666666,0.6666666666666666,0.6762165013486695,0.8
546,0,casia:336,1,1,0.0625,0.3333333333333333,0.6,0.6,0.6142658191864461,0.8666666666666667
547,0,casia:233,0,1,0.1875,0.26666666666666666,0.4666666666666667,0.4666666666666667,-1.7695265871435624,0.3333333333333333
548,0,casia:184,0,0,1.0,1.0,1.0,0.5333333333333333,-0.39542543328063096,0.5333333333333333
549,0,casia:417,1,1,0.125,0.4,0.4666666666666667,0.4666666666666667,1.210213920768948,1.0
550,0,casia:081,0,0,1.0,1.0,1.0,0.3333333333333333,0.9441269850059945,0.8666666666666667
551,0,casia:088,0,0,1.0,1.0,0.8,0.8,1.2120374686633195,0.9333333333333333
552,0,casia:042,0,0,1.0,1.0,1.0,0.8,0.6762165013486695,0.8
553,0,casia:015,0,0,1.0,1.0,0.8,0.8,1.2120374686633195,0.9333333333333333
554,0,casia:277,1,1,0.0625,0.26666666666666666,0.26666666666666666,0.26666666666666666,-1.1735784855610603,0.4666666666666667
555,0,casia:127,0,0,1.0,1.0,0.6,0.6,-0.12751494962330598,0.6
556,0,casia:425,1,1,0.125,0.26666666666666666,0.13333333333333333,0.13333333333333333,0.912239869977697,0.9333333333333333
557,0,casia:017,0,1,0.375,0.26666666666666666,0.26666666666666666,0.26666666666666666,1.210213920768948,1.0
558,0,casia:418,1,1,0.1875,0.4,0.5333333333333333,0.5333333333333333,0.912239869977697,0.9333333333333333
559,0,casia:305,1,0,1.0,1.0,0.6,0.6,-1.467067367909931,0.26666666666666666
560,0,casia:488,1,1,0.125,0.3333333333333333,0.4666666666666667,0.7333333333333333,0.6142658191864461,0.8666666666666667
561,0,casia:278,1,1,0.375,0.5333333333333333,0.26666666666666666,0.26666666666666666,0.912239869977697,0.9333333333333333
562,0,casia:075,0,0,1.0,1.0,0.7333333333333333,0.7333333333333333,0.408306017691344,0.7333333333333333
563,0,casia:068,0,0,0.875,0.26666666666666666,0.3333333333333333,0.3333333333333333,-1.7349778515672563,0.2
564,0,casia:380,1,1,0.5625,0.5333333333333333,1.0,1.0,0.6142658191864461,0.8666666666666667
565,0,casia:085,0,0,1.0,1.0,1.0,0.9333333333333333,0.9441269850059945,0.8666666666666667
566,0,casia:207,0,0,1.0,1.0,1.0,0.4,0.14039553403401903,0.6666666666666666
567,0,casia:437,1,1,0.75,0.6666666666666666,0.8666666666666667,0.3333333333333333,0.3162917683951951,0.8
568,0,casia:106,0,0,1.0,1.0,0.7333333333333333,0.7333333333333333,0.9441269850059945,0.8666666666666667
569,0,casia:408,1,1,0.0625,0.26666666666666666,0.26666666666666666,0.26666666666666666,0.018317717603943677,0.7333333333333333
570,0,casia:087,0,0,1.0,1.0,0.6666666666666666,0.6666666666666666,0.9441269850059945,0.8666666666666667
571,0,casia:439,1,1,0.25,0.26666666666666666,0.6666666666666666,0.6666666666666666,-0.8756044347698092,0.5333333333333333
572,0,casia:155,0,0,1.0,1.0,0.5333333333333333,0.5333333333333333,0.6762165013486695,0.8
573,0,casia:416,1,1,0.25,0.3333333333333333,0.4,0.4,-1.4715525363523112,0.4
574,0,casia:288,1,1,0.0625,0.26666666666666666,0.6666666666666666,0.6666666666666666,-0.8756044347698092,0.5333333333333333
575,0,casia:047,0,0,1.0,1.0,0.3333333333333333,0.3333333333333333,-0.663335916937956,0.4666666666666667
576,0,casia:023,0,0,1.0,1.0,0.6,0.6,0.9441269850059945,0.8666666666666667
577,0,casia:342,1,1,0.0625,0.26666666666666666,0.7333333333333333,0.7333333333333333,0.6142658191864461,0.8666666666666667
578,0,casia:070,0,0,1.0,1.0,0.3333333333333333,0.3333333333333333,0.6762165013486695,0.8
579,0,casia:489,1,0,1.0,0.2,0.06666666666666667,0.06666666666666667,-2.0028883352245814,0.13333333333333333
580,0,casia:089,0,0,1.0,1.0,0.26666666666666666,0.26666666666666666,-1.7349778515672563,0.2
581,0,casia:159,0,0,1.0,1.0,0.6666666666666666,0.6666666666666666,0.408306017691344,0.7333333333333333
582,0,casia:478,1,1,0.0625,0.26666666666666666,0.6,0.6,0.3162917683951951,0.8
583,0,casia:307,1,1,0.5625,0.26666666666666666,0.9333333333333333,0.9333333333333333,0.912239869977697,0.9333333333333333
584,0,casia:073,0,0,1.0,1.0,1.0,1.0,0.6762165013486695,0.8
585,0,casia:287,1,1,0.375,0.26666666666666666,0.7333333333333333,0.7333333333333333,0.6142658191864461,0.8666666666666667
586,0,casia:489,1,1,0.0625,0.26666666666666666,0.4,0.4,0.3162917683951951,0.8
587,0,casia:000,0,0,1.0,1.0,0.4,0.4,-0.39542543328063096,0.5333333333333333
588,0,casia:396,1,1,0.125,0.26666666666666666,0.4,0.4,0.6142658191864461,0.8666666666666667
589,0,casia:113,0,0,1.0,1.0,1.0,1.0,0.9441269850059945,0.8666666666666667
590,0,casia:015,0,0,1.0,1.0,0.7333333333333333,0.7333333333333333,1.2120374686633195,0.9333333333333333
591,0,casia:179,0,0,1.0,1.0,0.4,0.4,0.6762165013486695,0.8
592,0,casia:090,0,0,1.0,1.0,0.5333333333333333,0.6,0.6762165013486695,0.8
593,0,casia:364,1,1,0.25,0.26666666666666666,0.8,0.8,1.210213920768948,1.0
594,0,casia:472,1,1,0.1875,0.3333333333333333,0.4666666666666667,0.8,-0.5776303839785583,0.6
595,0,casia:019,0,0,1.0,1.0,0.4666666666666667,0.2,0.408306017691344,0.7333333333333333
596,0,casia:028,0,0,1.0,1.0,0.8666666666666667,0.8666666666666667,-0.39542543328063096,0.5333333333333333
597,0,casia:451,1,1,0.875,1.0,0.8,0.9333333333333333,0.912239869977697,0.9333333333333333
598,0,casia:435,1,1,0.25,0.26666666666666666,0.4666666666666667,0.4666666666666667,-0.5776303839785583,0.6
599,0,casia:265,1,1,0.25,0.6,0.9333333333333333,0.9333333333333333,0.912239869977697,0.9333333333333333
600,0,casia:012,0,0,1.0,1.0,0.8,0.8,1.2120374686633195,0.9333333333333333
601,0,casia:225,0,0,1.0,1.0,0.8,0.8,0.408306017691344,0.7333333333333333
602,0,casia:258,1,1,0.8125,0.5333333333333333,0.8666666666666667,1.0,1.210213920768948,1.0
603,0,casia:085,0,0,1.0,1.0,0.8666666666666667,0.8666666666666667,-0.39542543328063096,0.5333333333333333
604,0,casia:353,1,1,0.1875,0.4666666666666667,0.26666666666666666,0.2,-1.1735784855610603,0.4666666666666667
605,0,casia:315,1,1,0.0625,0.5333333333333333,0.7333333333333333,0.7333333333333333,-1.1735784855610603,0.4666666666666667
606,0,casia:143,0,0,1.0,1.0,0.7333333333333333,0.7333333333333333,0.408306017691344,0.7333333333333333
607,0,casia:220,0,0,1.0,1.0,0.3333333333333333,0.3333333333333333,-0.931246400595281,0.4
608,0,casia:209,0,0,1.0,1.0,0.6666666666666666,0.6666666666666666,0.408306017691344,0.7333333333333333
609,0,casia:363,1,1,0.6875,0.7333333333333333,0.7333333333333333,0.7333333333333333,0.912239869977697,0.9333333333333333
610,0,casia:415,1,1,0.125,0.26666666666666666,0.6666666666666666,0.8666666666666667,0.6142658191864461,0.8666666666666667
611,0,casia:332,1,1,0.5625,0.6,0.5333333333333333,0.5333333333333333,0.018317717603943677,0.7333333333333333
612,0,casia:416,1,1,0.6875,0.8,0.5333333333333333,0.5333333333333333,-0.5776303839785583,0.6
613,0,casia:156,0,0,1.0,1.0,0.5333333333333333,0.5333333333333333,0.6762165013486695,0.8
614,0,casia:278,1,1,0.125,0.26666666666666666,0.7333333333333333,0.4,-0.5776303839785583,0.6
615,0,casia:287,1,1,0.25,0.3333333333333333,0.8666666666666667,0.8666666666666667,-0.27965633318730726,0.6666666666666666
616,0,casia:014,0,0,1.0,1.0,1.0,0.8666666666666667,0.6762165013486695,0.8
617,0,casia:149,0,0,1.0,1.0,0.5333333333333333,0.5333333333333333,0.408306017691344,0.7333333333333333
618,0,casia:202,0,1,0.125,0.3333333333333333,0.7333333333333333,0.4,0.3162917683951951,0.8
619,0,casia:342,1,1,0.125,0.26666666666666666,0.4666666666666667,0.4,-0.5776303839785583,0.6
620,0,casia:137,0,0,1.0,1.0,0.4,0.4,0.6762165013486695,0.8
621,0,casia:423,1,1,0.375,0.3333333333333333,0.6,0.6,0.912239869977697,0.9333333333333333
622,0,casia:041,0,0,1.0,1.0,0.8,0.8,0.408306017691344,0.7333333333333333
623,0,casia:060,0,0,1.0,1.0,0.6666666666666666,0.6666666666666666,1.2120374686633195,0.9333333333333333
624,0,casia:353,1,1,0.1875,0.3333333333333333,0.5333333333333333,0.3333333333333333,0.6142658191864461,0.8666666666666667
625,0,casia:121,0,0,1.0,1.0,0.3333333333333333,0.3333333333333333,0.6762165013486695,0.8
626,0,casia:276,1,1,0.3125,0.3333333333333333,0.4,0.4,0.018317717603943677,0.7333333333333333
627,0,casia:407,1,0,1.0,1.0,0.13333333333333333,0.13333333333333333,-1.1991568842526061,0.3333333333333333
628,0,casia:019,0,0,1.0,1.0,0.9333333333333333,0.9333333333333333,-0.39542543328063096,0.5333333333333333
629,0,casia:460,1,1,0.625,0.4666666666666667,0.3333333333333333,0.3333333333333333,-0.8756044347698092,0.5333333333333333
630,0,casia:485,1,1,0.5,0.26666666666666666,0.9333333333333333,0.9333333333333333,-1.1735784855610603,0.4666666666666667
631,0,casia:096,0,0,1.0,1.0,0.6666666666666666,0.6666666666666666,0.6762165013486695,0.8
632,0,casia:348,1,1,0.1875,0.26666666666666666,0.8666666666666667,0.9333333333333333,-0.27965633318730726,0.6666666666666666
633,0,casia:210,0,0,1.0,1.0,0.06666666666666667,0.06666666666666667,-1.467067367909931,0.26666666666666666
634,0,casia:416,1,1,0.125,0.26666666666666666,0.6,0.6,-0.27965633318730726,0.6666666666666666
635,0,casia:066,0,0,1.0,1.0,1.0,0.8,0.9441269850059945,0.8666666666666667
636,0,casia:120,0,0,1.0,1.0,0.6666666666666666,0.6666666666666666,0.14039553403401903,0.6666666666666666
637,0,casia:270,1,1,0.0625,0.26666666666666666,0.5333333333333333,0.5333333333333333,-0.5776303839785583,0.6
638,0,casia:358,1,1,0.0625,0.26666666666666666,0.5333333333333333,0.5333333333333333,-0.27965633318730726,0.6666666666666666
639,0,casia:063,0,0,0.6875,1.0,0.26666666666666666,0.26666666666666666,1.2120374686633195,0.9333333333333333
640,0,casia:001,0,0,1.0,1.0,0.9333333333333333,0.7333333333333333,0.9441269850059945,0.8666666666666667
641,0,casia:130,0,0,1.0,1.0,0.6666666666666666,0.6666666666666666,0.408306017691344,0.7333333333333333
642,0,casia:132,0,0,0.625,0.06666666666666667,0.13333333333333333,0.13333333333333333,-2.2707988188819064,0.06666666666666667
643,0,casia:086,0,0,1.0,1.0,1.0,1.0,-0.663335916937956,0.4666666666666667
644,0,casia:273,1,1,0.4375,0.7333333333333333,0.3333333333333333,0.3333333333333333,0.6142658191864461,0.8666666666666667
645,0,casia:084,0,0,1.0,1.0,0.4,0.4,-1.467067367909931,0.26666666666666666
646,0,casia:497,1,0,1.0,1.0,0.2,0.2,0.9441269850059945,0.8666666666666667
647,0,casia:304,1,1,0.125,0.26666666666666666,0.4666666666666667,0.4,0.018317717603943677,0.7333333333333333
648,0,casia:025,0,0,1.0,1.0,0.7333333333333333,0.7333333333333333,0.9441269850059945,0.8666666666666667
649,0,casia:204,0,0,1.0,1.0,0.8666666666666667,0.8666666666666667,1.2120374686633195,0.9333333333333333
650,0,casia:456,1,1,0.5,1.0,0.6666666666666666,0.6666666666666666,-0.8756044347698092,0.5333333333333333
651,0,casia:126,0,0,1.0,1.0,0.4,0.4,1.2120374686633195,0.9333333333333333
652,0,casia:374,1,1,0.0625,0.26666666666666666,0.7333333333333333,0.7333333333333333,0.6142658191864461,0.8666666666666667
653,0,casia:404,1,1,0.625,0.8,0.4,0.4,0.912239869977697,0.9333333333333333
654,0,casia:190,0,0,1.0,1.0,0.6666666666666666,0.6666666666666666,0.408306017691344,0.7333333333333333
655,0,casia:228,0,0,1.0,1.0,0.6,0.6,0.6762165013486695,0.8
656,0,casia:305,1,1,0.0625,0.26666666666666666,0.13333333333333333,0.13333333333333333,-1.1735784855610603,0.4666666666666667
657,0,casia:255,1,1,0.0625,0.26666666666666666,0.6666666666666666,0.6666666666666666,0.912239869977697,0.9333333333333333
658,0,casia:189,0,0,1.0,1.0,1.0,0.4666666666666667,0.6762165013486695,0.8
659,0,casia:190,0,0,1.0,1.0,0.7333333333333333,0.7333333333333333,0.14039553403401903,0.6666666666666666
660,0,casia:271,1,1,0.0625,0.26666666666666666,0.2,0.2,-0.5776303839785583,0.6
661,0,casia:486,1,1,0.0625,0.3333333333333333,0.6,0.6,-1.4715525363523112,0.4
662,0,casia:248,0,0,1.0,1.0,0.4666666666666667,0.13333333333333333,-2.0028883352245814,0.13333333333333333
663,0,casia:329,1,1,0.5,0.6,0.8,0.7333333333333333,0.6142658191864461,0.8666666666666667
664,0,casia:209,0,0,1.0,1.0,0.7333333333333333,0.7333333333333333,-0.931246400595281,0.4
665,0,casia:101,0,1,0.0625,0.26666666666666666,0.4666666666666667,0.4666666666666667,-0.8756044347698092,0.5333333333333333
666,0,casia:373,1,1,0.5625,0.4666666666666667,0.5333333333333333,0.5333333333333333,0.912239869977697,0.9333333333333333
667,0,casia:345,1,1,0.625,0.4,0.6666666666666666,0.4,0.6142658191864461,0.8666666666666667
668,0,casia:137,0,0,1.0,1.0,1.0,1.0,1.2120374686633195,0.9333333333333333
669,0,casia:280,1,1,0.25,0.3333333333333333,0.5333333333333333,0.5333333333333333,-1.1735784855610603,0.4666666666666667
670,0,casia:386,1,1,0.125,0.5333333333333333,0.26666666666666666,0.26666666666666666,1.210213920768948,1.0
671,0,casia:135,0,0,1.0,1.0,0.13333333333333333,0.13333333333333333,-0.39542543328063096,0.5333333333333333
672,0,casia:006,0,0,1.0,0.5333333333333333,0.13333333333333333,0.13333333333333333,-1.467067367909931,0.26666666666666666
673,0,casia:124,0,0,1.0,1.0,0.3333333333333333,0.3333333333333333,-0.12751494962330598,0.6
674,0,casia:264,1,1,0.0625,0.3333333333333333,0.4,0.3333333333333333,0.6142658191864461,0.8666666666666667
675,0,casia:306,1,1,0.125,0.3333333333333333,0.26666666666666666,0.26666666666666666,0.6142658191864461,0.8666666666666667
676,0,casia:210,0,1,0.0625,0.06666666666666667,0.4666666666666667,0.4666666666666667,-2.9614227903085664,0.06666666666666667
677,0,casia:350,1,1,0.5625,0.3333333333333333,0.5333333333333333,0.5333333333333333,0.912239869977697,0.9333333333333333
678,0,casia:329,1,1,0.4375,0.6,0.4,0.6666666666666666,0.912239869977697,0.9333333333333333
679,0,casia:311,1,1,0.0625,0.26666666666666666,0.26666666666666666,0.4,-1.4715525363523112,0.4
680,0,casia:083,0,0,1.0,1.0,0.9333333333333333,0.9333333333333333,0.6762165013486695,0.8
681,0,casia:136,0,0,1.0,1.0,0.3333333333333333,0.13333333333333333,-0.931246400595281,0.4
682,0,casia:108,0,0,1.0,1.0,0.4666666666666667,0.4666666666666667,1.2120374686633195,0.9333333333333333
683,0,casia:072,0,0,1.0,1.0,0.7333333333333333,0.7333333333333333,-0.931246400595281,0.4
684,0,casia:094,0,0,1.0,1.0,0.6,0.6,-0.931246400595281,0.4
685,0,casia:229,0,1,0.4375,0.26666666666666666,0.6666666666666666,0.9333333333333333,-2.3654746887260645,0.2
686,0,casia:467,1,1,0.4375,0.3333333333333333,0.4,0.4,-1.1735784855610603,0.4666666666666667
687,0,casia:004,0,0,1.0,1.0,0.7333333333333333,0.7333333333333333,0.9441269850059945,0.8666666666666667
688,0,casia:020,0,0,1.0,1.0,0.4,0.4,-0.663335916937956,0.4666666666666667
689,0,casia:360,1,1,0.625,0.3333333333333333,0.3333333333333333,1.0,1.210213920768948,1.0
690,0,casia:339,1,1,0.5,0.5333333333333333,0.4666666666666667,0.6,1.210213920768948,1.0
691,0,casia:267,1,1,0.0625,0.26666666666666666,0.2,0.2,-0.8756044347698092,0.5333333333333333
692,0,casia:041,0,0,1.0,1.0,0.7333333333333333,0.7333333333333333,1.2120374686633195,0.9333333333333333
693,0,casia:403,1,1,0.25,0.8666666666666667,0.9333333333333333,0.9333333333333333,0.912239869977697,0.9333333333333333
694,0,casia:078,0,0,1.0,1.0,0.6666666666666666,0.6666666666666666,0.14039553403401903,0.6666666666666666
695,0,casia:340,1,1,0.3125,0.6666666666666666,0.4666666666666667,0.4666666666666667,-1.1735784855610603,0.4666666666666667
696,0,casia:366,1,1,0.4375,0.8,0.8,0.8,-1.1735784855610603,0.4666666666666667
697,0,casia:098,0,0,1.0,1.0,0.8,0.8,0.6762165013486695,0.8
698,0,casia:141,0,0,1.0,1.0,0.9333333333333333,0.9333333333333333,0.9441269850059945,0.8666666666666667
699,0,casia:182,0,0,1.0,1.0,1.0,0.5333333333333333,-0.931246400595281,0.4
700,0,casia:022,0,0,1.0,0.6,0.9333333333333333,0.9333333333333333,0.408306017691344,0.7333333333333333
701,0,casia:148,0,0,1.0,1.0,1.0,0.6,1.2120374686633195,0.9333333333333333
702,0,casia:193,0,1,0.3125,0.4,0.3333333333333333,0.3333333333333333,0.912239869977697,0.9333333333333333
703,0,casia:406,1,1,0.125,0.26666666666666666,0.26666666666666666,0.6,-0.8756044347698092,0.5333333333333333
704,0,casia:323,1,1,0.0625,0.26666666666666666,0.2,0.2,-1.1735784855610603,0.4666666666666667
705,0,casia:421,1,1,0.25,0.4,0.4,0.5333333333333333,-0.27965633318730726,0.6666666666666666
706,0,casia:267,1,1,0.125,0.26666666666666666,0.13333333333333333,0.13333333333333333,-0.27965633318730726,0.6666666666666666
707,0,casia:175,0,0,1.0,1.0,0.9333333333333333,0.9333333333333333,0.6762165013486695,0.8
708,0,casia:037,0,0,1.0,1.0,0.8,0.8,1.2120374686633195,0.9333333333333333
709,0,casia:117,0,0,1.0,1.0,0.4,0.4,0.408306017691344,0.7333333333333333
710,0,casia:365,1,1,0.375,0.26666666666666666,0.4,0.4,1.210213920768948,1.0
711,0,casia:223,0,0,1.0,1.0,0.3333333333333333,0.3333333333333333,-0.12751494962330598,0.6
712,0,casia:330,1,1,0.125,0.26666666666666666,0.3333333333333333,0.3333333333333333,-0.27965633318730726,0.6666666666666666
713,0,casia:428,1,1,0.3125,0.3333333333333333,0.2,0.2,1.210213920768948,1.0
714,0,casia:123,0,0,1.0,1.0,0.8666666666666667,0.8666666666666667,0.408306017691344,0.7333333333333333
715,0,casia:160,0,0,1.0,1.0,0.5333333333333333,0.7333333333333333,0.408306017691344,0.7333333333333333
716,0,casia:268,1,1,0.0625,0.3333333333333333,0.06666666666666667,0.06666666666666667,-2.9614227903085664,0.06666666666666667
717,0,casia:292,1,1,0.125,0.26666666666666666,0.26666666666666666,0.3333333333333333,-2.0675006379348133,0.26666666666666666
718,0,casia:234,0,0,1.0,1.0,0.6666666666666666,0.6666666666666666,0.14039553403401903,0.6666666666666666
719,0,casia:316,1,1,0.0625,0.4,0.6666666666666666,0.6666666666666666,0.912239869977697,0.9333333333333333
720,0,casia:001,0,1,0.0625,0.13333333333333333,0.13333333333333333,0.13333333333333333,-0.5776303839785583,0.6
721,0,casia:204,0,0,1.0,1.0,0.5333333333333333,0.5333333333333333,0.9441269850059945,0.8666666666666667
722,0,casia:185,0,0,1.0,1.0,0.4666666666666667,0.4666666666666667,-1.7349778515672563,0.2
723,0,casia:149,0,0,1.0,1.0,1.0,1.0,0.6762165013486695,0.8
724,0,casia:422,1,1,0.8125,0.4,0.5333333333333333,0.9333333333333333,0.6142658191864461,0.8666666666666667
725,0,casia:354,1,1,0.0625,0.4666666666666667,0.5333333333333333,0.5333333333333333,0.6142658191864461,0.8666666666666667
726,0,casia:070,0,0,1.0,1.0,0.5333333333333333,0.5333333333333333,0.6762165013486695,0.8
727,0,casia:193,0,1,0.3125,0.26666666666666666,0.26666666666666666,0.26666666666666666,0.6142658191864461,0.8666666666666667
728,0,casia:331,1,1,0.4375,0.3333333333333333,0.6,0.6,-0.8756044347698092,0.5333333333333333
729,0,casia:396,1,1,0.5,0.26666666666666666,1.0,1.0,0.3162917683951951,0.8
730,0,casia:303,1,1,0.25,0.3333333333333333,0.6,0.6,0.3162917683951951,0.8
731,0,casia:262,1,1,0.1875,0.3333333333333333,0.6666666666666666,0.6666666666666666,-0.27965633318730726,0.6666666666666666
732,0,casia:397,1,1,0.125,0.26666666666666666,0.8666666666666667,0.8666666666666667,-1.1735784855610603,0.4666666666666667
733,0,casia:169,0,0,1.0,1.0,0.6666666666666666,0.6666666666666666,0.408306017691344,0.7333333333333333
734,0,casia:426,1,1,0.25,0.6666666666666666,0.9333333333333333,0.4,0.3162917683951951,0.8
735,0,casia:362,1,1,0.5625,0.8666666666666667,0.5333333333333333,0.5333333333333333,0.912239869977697,0.9333333333333333
736,0,casia:008,0,1,0.1875,0.26666666666666666,0.13333333333333333,0.13333333333333333,-2.0675006379348133,0.26666666666666666
737,0,casia:376,1,1,0.0625,0.4666666666666667,0.4666666666666667,0.3333333333333333,0.018317717603943677,0.7333333333333333
738,0,casia:064,0,0,1.0,1.0,0.7333333333333333,0.7333333333333333,0.9441269850059945,0.8666666666666667
739,0,casia:030,0,0,1.0,1.0,0.7333333333333333,0.7333333333333333,0.6762165013486695,0.8
740,0,casia:221,0,0,1.0,1.0,0.3333333333333333,0.3333333333333333,0.6762165013486695,0.8
741,0,casia:479,1,1,0.0625,0.26666666666666666,0.13333333333333333,0.13333333333333333,-0.27965633318730726,0.6666666666666666
742,0,casia:012,0,0,1.0,1.0,0.8,0.8,0.9441269850059945,0.8666666666666667
743,0,casia:019,0,1,0.0625,0.26666666666666666,0.2,0.2,-0.8756044347698092,0.5333333333333333
744,0,casia:188,0,0,1.0,1.0,0.4,0.4,-0.39542543328063096,0.5333333333333333
745,0,casia:026,0,0,1.0,1.0,0.9333333333333333,0.9333333333333333,1.2120374686633195,0.9333333333333333
746,0,casia:003,0,0,1.0,1.0,1.0,0.8,1.2120374686633195,0.9333333333333333
747,0,casia:293,1,1,0.0625,0.3333333333333333,0.3333333333333333,0.5333333333333333,-0.5776303839785583,0.6
748,0,casia:173,0,0,1.0,1.0,0.6666666666666666,0.6666666666666666,-0.39542543328063096,0.5333333333333333
749,0,casia:077,0,0,1.0,1.0,0.8666666666666667,0.8666666666666667,0.408306017691344,0.7333333333333333
750,0,casia:492,1,1,0.25,0.26666666666666666,0.3333333333333333,0.3333333333333333,-0.8756044347698092,0.5333333333333333
751,0,casia:246,0,0,1.0,1.0,0.6,0.8,0.6762165013486695,0.8
752,0,casia:145,0,0,1.0,1.0,1.0,0.5333333333333333,0.14039553403401903,0.6666666666666666
753,0,casia:338,1,1,0.0625,0.5333333333333333,0.4666666666666667,0.4666666666666667,-1.1735784855610603,0.4666666666666667
754,0,casia:410,1,1,0.375,0.26666666666666666,0.3333333333333333,0.3333333333333333,0.3162917683951951,0.8
755,0,casia:224,0,0,1.0,1.0,1.0,0.8,0.408306017691344,0.7333333333333333
756,0,casia:412,1,1,0.0625,0.26666666666666666,0.4666666666666667,0.26666666666666666,-2.0675006379348133,0.26666666666666666
757,0,casia:251,1,1,0.875,1.0,0.4666666666666667,0.4666666666666667,-0.8756044347698092,0.5333333333333333
758,0,casia:485,1,1,0.375,0.4,0.2,0.2,-1.1735784855610603,0.4666666666666667
759,0,casia:421,1,1,0.1875,0.4666666666666667,0.26666666666666666,0.4666666666666667,0.018317717603943677,0.7333333333333333
760,0,casia:211,0,0,1.0,1.0,0.2,0.2,-1.7349778515672563,0.2
761,0,casia:443,1,1,0.125,0.3333333333333333,0.3333333333333333,0.7333333333333333,-0.27965633318730726,0.6666666666666666
762,0,casia:145,0,0,1.0,1.0,0.6666666666666666,0.6666666666666666,-0.12751494962330598,0.6
763,0,casia:074,0,0,1.0,1.0,0.4,0.4,-0.931246400595281,0.4
764,0,casia:111,0,0,1.0,1.0,1.0,0.9333333333333333,0.9441269850059945,0.8666666666666667
765,0,casia:392,1,1,0.3125,0.3333333333333333,0.5333333333333333,0.6,0.912239869977697,0.9333333333333333
766,0,casia:135,0,0,1.0,1.0,0.4,0.3333333333333333,-1.467067367909931,0.26666666666666666
767,0,casia:072,0,1,0.0625,0.3333333333333333,0.2,0.2,-1.4715525363523112,0.4
768,0,casia:292,1,1,0.125,0.3333333333333333,0.7333333333333333,0.4,-1.1735784855610603,0.4666666666666667
769,0,casia:166,0,0,0.875,1.0,0.13333333333333333,0.13333333333333333,-2.0028883352245814,0.13333333333333333
770,0,casia:064,0,0,1.0,1.0,1.0,1.0,0.9441269850059945,0.8666666666666667
771,0,casia:492,1,1,0.375,0.3333333333333333,0.3333333333333333,0.4,0.6142658191864461,0.8666666666666667
772,0,casia:329,1,1,0.0625,0.3333333333333333,0.4666666666666667,0.4666666666666667,-0.5776303839785583,0.6
773,0,casia:422,1,1,0.5,0.6,0.3333333333333333,0.3333333333333333,0.912239869977697,0.9333333333333333
774,0,casia:157,0,0,1.0,1.0,0.6,0.6,-0.931246400595281,0.4
775,0,casia:113,0,0,1.0,1.0,1.0,0.4666666666666667,0.6762165013486695,0.8
776,0,casia:497,1,0,1.0,1.0,0.6,0.6,0.9441269850059945,0.8666666666666667
777,0,casia:154,0,0,1.0,1.0,0.6,0.6,0.6762165013486695,0.8
778,0,casia:498,1,1,0.4375,1.0,0.7333333333333333,0.8,0.6142658191864461,0.8666666666666667
779,0,casia:381,1,1,0.25,0.4,0.6,0.6,0.018317717603943677,0.7333333333333333
780,0,casia:225,0,0,1.0,0.06666666666666667,0.06666666666666667,0.06666666666666667,-2.2707988188819064,0.06666666666666667
781,0,casia:410,1,1,0.6875,0.5333333333333333,0.3333333333333333,0.3333333333333333,0.6142658191864461,0.8666666666666667
782,0,casia:296,1,1,0.0625,0.4666666666666667,0.26666666666666666,0.26666666666666666,-0.5776303839785583,0.6
783,0,casia:062,0,0,1.0,1.0,0.5333333333333333,0.5333333333333333,0.9441269850059945,0.8666666666666667
784,0,casia:332,1,1,0.625,0.7333333333333333,0.4,0.5333333333333333,-0.8756044347698092,0.5333333333333333
785,0,casia:223,0,0,1.0,1.0,1.0,0.06666666666666667,-1.467067367909931,0.26666666666666666
786,0,casia:053,0,0,1.0,1.0,0.6,0.6,0.6762165013486695,0.8
787,0,casia:238,0,0,1.0,1.0,0.8666666666666667,0.8666666666666667,0.408306017691344,0.7333333333333333
788,0,casia:273,1,1,0.0625,0.3333333333333333,0.2,0.2,-0.8756044347698092,0.5333333333333333
789,0,casia:059,0,0,1.0,1.0,0.8,0.8,1.2120374686633195,0.9333333333333333
790,0,casia:083,0,0,1.0,0.6,0.8666666666666667,0.8666666666666667,0.9441269850059945,0.8666666666666667
791,0,casia:481,1,1,0.0625,0.06666666666666667,0.06666666666666667,0.06666666666666667,-1.4715525363523112,0.4
792,0,casia:083,0,0,1.0,1.0,0.7333333333333333,0.7333333333333333,0.6762165013486695,0.8
793,0,casia:435,1,1,0.625,0.8666666666666667,0.6666666666666666,0.6,-0.8756044347698092,0.5333333333333333
794,0,casia:385,1,1,0.3125,0.3333333333333333,0.5333333333333333,0.5333333333333333,-0.27965633318730726,0.6666666666666666
795,0,casia:028,0,0,1.0,1.0,0.5333333333333333,0.5333333333333333,0.6762165013486695,0.8
796,0,casia:242,0,0,1.0,0.6,0.26666666666666666,0.26666666666666666,0.6762165013486695,0.8
797,0,casia:249,0,0,1.0,0.7333333333333333,0.2,0.2,-2.2707988188819064,0.06666666666666667
798,0,casia:043,0,0,1.0,1.0,0.9333333333333333,0.9333333333333333,-0.663335916937956,0.4666666666666667
799,0,casia:049,0,0,1.0,1.0,0.13333333333333333,0.13333333333333333,-2.2707988188819064,0.06666666666666667
800,0,casia:120,0,0,1.0,1.0,0.8,0.8,0.408306017691344,0.7333333333333333
801,0,casia:359,1,1,0.375,0.26666666666666666,0.7333333333333333,0.7333333333333333,0.912239869977697,0.9333333333333333
802,0,casia:305,1,1,0.25,0.4,0.4666666666666667,0.4666666666666667,0.912239869977697,0.9333333333333333
803,0,casia:430,1,1,0.5625,0.26666666666666666,0.4,0.4,0.3162917683951951,0.8
804,0,casia:034,0,0,1.0,1.0,0.6666666666666666,0.26666666666666666,-0.39542543328063096,0.5333333333333333
805,0,casia:086,0,0,1.0,1.0,0.6666666666666666,0.6666666666666666,-0.663335916937956,0.4666666666666667
806,0,casia:256,1,1,0.1875,0.4,0.8666666666666667,0.8666666666666667,-0.5776303839785583,0.6
807,0,casia:322,1,1,0.0625,0.26666666666666666,0.26666666666666666,0.26666666666666666,-0.5776303839785583,0.6
808,0,casia:411,1,1,0.3125,0.26666666666666666,0.4666666666666667,0.4666666666666667,0.912239869977697,0.9333333333333333
809,0,casia:065,0,0,1.0,1.0,1.0,0.7333333333333333,-0.39542543328063096,0.5333333333333333
810,0,casia:029,0,0,1.0,1.0,0.7333333333333333,0.7333333333333333,0.9441269850059945,0.8666666666666667
811,0,casia:130,0,0,1.0,1.0,0.6666666666666666,0.6666666666666666,0.408306017691344,0.7333333333333333
812,0,casia:108,0,0,1.0,0.06666666666666667,0.06666666666666667,0.06666666666666667,0.9441269850059945,0.8666666666666667
813,0,casia:050,0,0,1.0,1.0,0.9333333333333333,0.9333333333333333,0.14039553403401903,0.6666666666666666
814,0,casia:370,1,1,0.125,0.8666666666666667,0.3333333333333333,0.3333333333333333,0.912239869977697,0.9333333333333333
815,0,casia:174,0,0,1.0,1.0,0.8666666666666667,0.8666666666666667,0.6762165013486695,0.8
816,0,casia:255,1,1,0.0625,0.3333333333333333,0.6,0.6,-2.0675006379348133,0.26666666666666666
817,0,casia:134,0,0,1.0,1.0,0.8666666666666667,0.8666666666666667,0.6762165013486695,0.8
818,0,casia:116,0,0,1.0,1.0,0.26666666666666666,0.26666666666666666,0.9441269850059945,0.8666666666666667
819,0,casia:240,0,0,1.0,1.0,0.6,0.6,-0.663335916937956,0.4666666666666667
820,0,casia:453,1,1,0.375,0.8,0.6666666666666666,1.0,0.3162917683951951,0.8
821,0,casia:024,0,0,1.0,0.3333333333333333,0.2,0.2,-2.2707988188819064,0.06666666666666667
822,0,casia:329,1,0,1.0,1.0,0.3333333333333333,0.3333333333333333,1.2120374686633195,0.9333333333333333
823,0,casia:497,1,1,0.0625,0.2,0.06666666666666667,0.06666666666666667,-1.1735784855610603,0.4666666666666667
824,0,casia:471,1,1,0.3125,0.4666666666666667,0.4666666666666667,0.4666666666666667,0.6142658191864461,0.8666666666666667
825,0,casia:115,0,0,1.0,1.0,1.0,1.0,0.9441269850059945,0.8666666666666667
826,0,casia:263,1,1,0.1875,0.26666666666666666,0.8666666666666667,0.7333333333333333,0.6142658191864461,0.8666666666666667
827,0,casia:223,0,1,0.125,0.3333333333333333,0.8,0.8,-2.3654746887260645,0.2
828,0,casia:183,0,0,1.0,1.0,0.4,0.26666666666666666,0.14039553403401903,0.6666666666666666
829,0,casia:118,0,0,1.0,1.0,0.3333333333333333,0.3333333333333333,0.6762165013486695,0.8
830,0,casia:017,0,0,0.9375,1.0,0.13333333333333333,0.13333333333333333,0.6762165013486695,0.8
831,0,casia:408,1,1,0.125,0.4666666666666667,0.3333333333333333,0.3333333333333333,0.6142658191864461,0.8666666666666667
832,0,casia:486,1,1,0.3125,0.26666666666666666,0.5333333333333333,0.6666666666666666,-0.5776303839785583,0.6
833,0,casia:173,0,0,1.0,1.0,0.5333333333333333,0.5333333333333333,0.408306017691344,0.7333333333333333
834,0,casia:102,0,0,1.0,1.0,0.9333333333333333,0.9333333333333333,0.6762165013486695,0.8
835,0,casia:458,1,1,0.3125,0.26666666666666666,0.3333333333333333,0.3333333333333333,0.3162917683951951,0.8
836,0,casia:463,1,1,0.5,0.8,0.5333333333333333,0.5333333333333333,0.6142658191864461,0.8666666666666667
837,0,casia:346,1,1,0.625,0.26666666666666666,0.4666666666666667,0.4666666666666667,0.3162917683951951,0.8
838,0,casia:239,0,1,0.0625,0.26666666666666666,0.4666666666666667,0.4666666666666667,0.3162917683951951,0.8
839,0,casia:025,0,1,0.3125,0.26666666666666666,0.2,0.2,0.3162917683951951,0.8
840,0,casia:069,0,0,1.0,1.0,0.7333333333333333,0.7333333333333333,0.6762165013486695,0.8
841,0,casia:097,0,0,1.0,1.0,1.0,0.8666666666666667,1.2120374686633195,0.9333333333333333
842,0,casia:254,1,1,0.125,0.26666666666666666,0.4,0.6666666666666666,-2.0675006379348133,0.26666666666666666
843,0,casia:129,0,0,1.0,1.0,1.0,0.4,-0.39542543328063096,0.5333333333333333
844,0,casia:166,0,0,1.0,1.0,0.8666666666666667,0.8666666666666667,-2.0028883352245814,0.13333333333333333
845,0,casia:209,0,0,1.0,1.0,0.26666666666666666,0.26666666666666666,0.408306017691344,0.7333333333333333
846,0,casia:444,1,1,0.25,0.3333333333333333,0.4,0.4,0.6142658191864461,0.8666666666666667
847,0,casia:451,1,1,0.625,0.6,0.8666666666666667,0.8666666666666667,1.210213920768948,1.0
848,0,casia:314,1,1,0.125,0.26666666666666666,0.8,0.8,0.912239869977697,0.9333333333333333
849,0,casia:276,1,1,0.3125,0.26666666666666666,0.4666666666666667,0.6666666666666666,0.6142658191864461,0.8666666666666667
850,0,casia:428,1,1,0.5,0.4666666666666667,0.6,1.0,0.912239869977697,0.9333333333333333
851,0,casia:186,0,1,0.1875,0.26666666666666666,0.4,0.4,0.3162917683951951,0.8
852,0,casia:325,1,1,0.125,0.4666666666666667,0.6,0.6,-0.27965633318730726,0.6666666666666666
853,0,casia:022,0,0,1.0,1.0,0.9333333333333333,0.9333333333333333,0.6762165013486695,0.8
854,0,casia:094,0,0,1.0,1.0,0.8,0.8,-0.39542543328063096,0.5333333333333333
855,0,casia:243,0,0,1.0,1.0,1.0,0.6,0.408306017691344,0.7333333333333333
856,0,casia:320,1,1,0.0625,0.26666666666666666,0.4,0.4,-0.5776303839785583,0.6
857,0,casia:449,1,1,0.1875,0.26666666666666666,0.6666666666666666,0.6666666666666666,1.210213920768948,1.0
858,0,casia:064,0,0,1.0,1.0,0.6,0.6,0.9441269850059945,0.8666666666666667
859,0,casia:324,1,1,0.0625,0.4,0.3333333333333333,0.3333333333333333,-1.4715525363523112,0.4
860,0,casia:109,0,0,1.0,1.0,0.6,0.6,-0.663335916937956,0.4666666666666667
861,0,casia:004,0,0,1.0,1.0,0.8666666666666667,0.8666666666666667,0.9441269850059945,0.8666666666666667
862,0,casia:486,1,1,0.0625,0.26666666666666666,0.6,0.6,0.018317717603943677,0.7333333333333333
863,0,casia:247,0,1,0.0625,0.26666666666666666,0.4,0.4,-0.8756044347698092,0.5333333333333333
864,0,casia:249,0,0,1.0,1.0,0.5333333333333333,0.7333333333333333,0.408306017691344,0.7333333333333333
865,0,casia:326,1,1,0.0625,0.26666666666666666,0.4666666666666667,0.4666666666666667,0.018317717603943677,0.7333333333333333
866,0,casia:218,0,0,1.0,1.0,0.26666666666666666,0.9333333333333333,0.14039553403401903,0.6666666666666666
867,0,casia:164,0,0,1.0,1.0,1.0,0.5333333333333333,0.9441269850059945,0.8666666666666667
868,0,casia:378,1,1,0.5,0.6,0.6666666666666666,0.8,0.6142658191864461,0.8666666666666667
869,0,casia:412,1,1,0.125,0.26666666666666666,0.3333333333333333,0.3333333333333333,-0.5776303839785583,0.6
870,0,casia:063,0,0,1.0,1.0,0.8666666666666667,0.8666666666666667,1.2120374686633195,0.9333333333333333
871,0,casia:175,0,0,1.0,1.0,0.9333333333333333,0.9333333333333333,0.6762165013486695,0.8
872,0,casia:295,1,1,0.0625,0.26666666666666666,0.8,0.8,-1.4715525363523112,0.4
873,0,casia:309,1,1,0.0625,0.3333333333333333,0.4666666666666667,0.4666666666666667,0.018317717603943677,0.7333333333333333
874,0,casia:476,1,1,0.125,0.26666666666666666,0.9333333333333333,0.9333333333333333,0.6142658191864461,0.8666666666666667
875,0,casia:447,1,1,0.625,0.5333333333333333,0.6,0.6,0.3162917683951951,0.8
876,0,casia:338,1,1,0.0625,0.3333333333333333,0.26666666666666666,0.3333333333333333,-1.7695265871435624,0.3333333333333333
877,0,casia:476,1,1,0.375,0.26666666666666666,0.9333333333333333,0.8666666666666667,0.3162917683951951,0.8
878,0,casia:334,1,1,0.25,0.4,0.5333333333333333,0.5333333333333333,0.018317717603943677,0.7333333333333333
879,0,casia:418,1,1,0.4375,0.4,0.8,0.8,1.210213920768948,1.0
880,0,casia:282,1,1,0.0625,0.26666666666666666,0.4,0.4,-0.5776303839785583,0.6
881,0,casia:387,1,1,0.0625,0.3333333333333333,0.4666666666666667,0.2,0.912239869977697,0.9333333333333333
882,0,casia:420,1,1,0.1875,0.26666666666666666,0.6,0.6,0.6142658191864461,0.8666666666666667
883,0,casia:100,0,0,1.0,1.0,1.0,0.8666666666666667,0.9441269850059945,0.8666666666666667
884,0,casia:439,1,1,0.125,0.3333333333333333,0.4,0.4,-1.1735784855610603,0.4666666666666667
885,0,casia:350,1,1,0.3125,0.4,0.5333333333333333,0.5333333333333333,0.912239869977697,0.9333333333333333
886,0,casia:003,0,0,1.0,1.0,0.06666666666666667,0.06666666666666667,-2.2707988188819064,0.06666666666666667
887,0,casia:391,1,1,0.1875,0.3333333333333333,0.8,0.4,0.912239869977697,0.9333333333333333
888,0,casia:427,1,1,0.1875,0.5333333333333333,0.8,0.2,-0.8756044347698092,0.5333333333333333
889,0,casia:018,0,0,1.0,1.0,0.26666666666666666,0.26666666666666666,-1.1991568842526061,0.3333333333333333
890,0,casia:216,0,0,1.0,1.0,0.6666666666666666,0.6666666666666666,0.408306017691344,0.7333333333333333
891,0,casia:222,0,0,1.0,1.0,0.4,0.4,-0.663335916937956,0.4666666666666667
892,0,casia:055,0,0,1.0,1.0,1.0,0.8,1.2120374686633195,0.9333333333333333
893,0,casia:176,0,0,1.0,1.0,0.8666666666666667,0.8666666666666667,0.6762165013486695,0.8
894,0,casia:203,0,0,1.0,1.0,0.26666666666666666,0.26666666666666666,0.6762165013486695,0.8
895,0,casia:073,0,1,0.0625,0.3333333333333333,0.2,0.2,-0.8756044347698092,0.5333333333333333
896,0,casia:100,0,0,1.0,1.0,1.0,0.4,0.9441269850059945,0.8666666666666667
897,0,casia:207,0,0,1.0,1.0,1.0,0.7333333333333333,0.408306017691344,0.7333333333333333
898,0,casia:000,0,0,1.0,1.0,0.6666666666666666,0.2,-1.7349778515672563,0.2
899,0,casia:125,0,0,1.0,1.0,0.4,0.4,0.14039553403401903,0.6666666666666666
900,0,casia:290,1,1,0.0625,0.3333333333333333,0.4666666666666667,0.4666666666666667,0.6142658191864461,0.8666666666666667
901,0,casia:149,0,0,1.0,1.0,0.2,0.2,-2.2707988188819064,0.06666666666666667
902,0,casia:034,0,0,1.0,1.0,0.26666666666666666,0.6666666666666666,0.6762165013486695,0.8
903,0,casia:061,0,0,1.0,1.0,0.4666666666666667,0.8666666666666667,-0.931246400595281,0.4
904,0,casia:285,1,1,0.125,0.3333333333333333,0.26666666666666666,0.4666666666666667,0.3162917683951951,0.8
905,0,casia:071,0,0,1.0,0.06666666666666667,0.06666666666666667,0.06666666666666667,-2.2707988188819064,0.06666666666666667
906,0,casia:239,0,0,1.0,1.0,0.3333333333333333,0.3333333333333333,-0.12751494962330598,0.6
907,0,casia:144,0,0,1.0,1.0,0.8,0.8,0.6762165013486695,0.8
908,0,casia:451,1,1,0.5,0.8,0.8666666666666667,0.8666666666666667,1.210213920768948,1.0
909,0,casia:314,1,1,0.3125,0.5333333333333333,0.3333333333333333,0.3333333333333333,0.912239869977697,0.9333333333333333
910,0,casia:201,0,0,1.0,1.0,0.6666666666666666,0.6666666666666666,-0.663335916937956,0.4666666666666667
911,0,casia:294,1,1,0.25,0.4,0.26666666666666666,0.26666666666666666,-0.27965633318730726,0.6666666666666666
912,0,casia:418,1,1,0.3125,0.3333333333333333,0.7333333333333333,0.7333333333333333,0.912239869977697,0.9333333333333333
913,0,casia:116,0,0,1.0,1.0,0.6666666666666666,0.6666666666666666,0.9441269850059945,0.8666666666666667
914,0,casia:315,1,1,0.0625,0.26666666666666666,0.2,0.6,0.6142658191864461,0.8666666666666667
915,0,casia:106,0,0,1.0,1.0,0.7333333333333333,0.7333333333333333,0.9441269850059945,0.8666666666666667
916,0,casia:494,1,1,0.0625,0.4,0.4,0.4,0.3162917683951951,0.8
917,0,casia:096,0,0,1.0,1.0,0.5333333333333333,0.7333333333333333,0.6762165013486695,0.8
918,0,casia:022,0,0,1.0,1.0,1.0,0.8,0.408306017691344,0.7333333333333333
919,0,casia:491,1,1,0.375,0.4,0.26666666666666666,0.26666666666666666,-0.27965633318730726,0.6666666666666666
920,0,casia:067,0,1,0.375,0.26666666666666666,0.2,0.2,-1.7695265871435624,0.3333333333333333
921,0,casia:260,1,1,0.0625,0.06666666666666667,0.3333333333333333,0.3333333333333333,-0.8756044347698092,0.5333333333333333
922,0,casia:299,1,1,0.0625,0.26666666666666666,0.6,0.6,-0.8756044347698092,0.5333333333333333
923,0,casia:312,1,1,0.4375,0.8,0.8666666666666667,0.8666666666666667,0.018317717603943677,0.7333333333333333
924,0,casia:312,1,1,0.25,0.6,0.6666666666666666,0.6666666666666666,0.3162917683951951,0.8
925,0,casia:179,0,0,1.0,1.0,1.0,0.4666666666666667,0.9441269850059945,0.8666666666666667
926,0,casia:126,0,0,1.0,1.0,0.6,0.4666666666666667,0.6762165013486695,0.8
927,0,casia:371,1,0,1.0,1.0,0.06666666666666667,0.06666666666666667,-2.0028883352245814,0.13333333333333333
928,0,casia:452,1,1,0.1875,0.6,0.26666666666666666,0.8,0.3162917683951951,0.8
929,0,casia:394,1,1,0.3125,0.8,0.7333333333333333,1.0,1.210213920768948,1.0
930,0,casia:250,1,0,1.0,1.0,0.2,0.4,0.14039553403401903,0.6666666666666666
931,0,casia:482,1,0,1.0,1.0,0.4,0.4,-2.0028883352245814,0.13333333333333333
932,0,casia:012,0,0,1.0,1.0,1.0,0.4,0.9441269850059945,0.8666666666666667
933,0,casia:266,1,1,0.3125,0.6,0.3333333333333333,0.8,-0.27965633318730726,0.6666666666666666
934,0,casia:174,0,0,1.0,1.0,0.6,0.6,0.9441269850059945,0.8666666666666667
935,0,casia:479,1,1,0.0625,0.4666666666666667,0.6666666666666666,0.6666666666666666,-0.5776303839785583,0.6
936,0,casia:232,0,1,0.125,0.3333333333333333,0.3333333333333333,0.3333333333333333,-1.1735784855610603,0.4666666666666667
937,0,casia:142,0,0,1.0,1.0,0.6666666666666666,0.6666666666666666,-1.1991568842526061,0.3333333333333333
938,0,casia:387,1,1,0.75,0.8,0.4666666666666667,0.8,1.210213920768948,1.0
939,0,casia:046,0,0,1.0,1.0,0.9333333333333333,0.9333333333333333,0.6762165013486695,0.8
940,0,casia:075,0,0,1.0,1.0,0.8,0.8,0.6762165013486695,0.8
941,0,casia:485,1,1,0.6875,0.4,0.4666666666666667,0.4666666666666667,-1.1735784855610603,0.4666666666666667
942,0,casia:102,0,0,1.0,1.0,1.0,0.4666666666666667,0.408306017691344,0.7333333333333333
943,0,casia:185,0,0,1.0,1.0,0.3333333333333333,0.3333333333333333,-0.39542543328063096,0.5333333333333333
944,0,casia:355,1,1,0.0625,0.26666666666666666,0.6666666666666666,0.6666666666666666,-0.27965633318730726,0.6666666666666666
945,0,casia:217,0,0,1.0,1.0,0.9333333333333333,0.9333333333333333,0.14039553403401903,0.6666666666666666
946,0,casia:488,1,1,0.0625,0.4,0.8,0.6666666666666666,-0.27965633318730726,0.6666666666666666
947,0,casia:052,0,1,0.25,0.4,0.4666666666666667,0.4666666666666667,0.912239869977697,0.9333333333333333
948,0,casia:429,1,1,0.625,0.6666666666666666,0.4,0.6,-0.5776303839785583,0.6
949,0,casia:215,0,0,1.0,1.0,0.6,0.6,0.408306017691344,0.7333333333333333
950,0,casia:047,0,0,1.0,1.0,0.9333333333333333,0.6666666666666666,0.14039553403401903,0.6666666666666666
951,0,casia:134,0,0,1.0,1.0,0.6666666666666666,0.6666666666666666,0.9441269850059945,0.8666666666666667
952,0,casia:227,0,1,0.0625,0.26666666666666666,0.06666666666666667,0.4,-1.7695265871435624,0.3333333333333333
953,0,casia:186,0,1,0.0625,0.26666666666666666,0.13333333333333333,0.13333333333333333,0.6142658191864461,0.8666666666666667
954,0,casia:118,0,0,1.0,1.0,1.0,1.0,0.9441269850059945,0.8666666666666667
955,0,casia:226,0,0,1.0,1.0,0.13333333333333333,0.13333333333333333,0.9441269850059945,0.8666666666666667
956,0,casia:459,1,1,0.625,0.4666666666666667,0.4,0.4,0.6142658191864461,0.8666666666666667
957,0,casia:101,0,0,1.0,1.0,0.26666666666666666,0.26666666666666666,-1.7349778515672563,0.2
958,0,casia:167,0,0,1.0,1.0,0.26666666666666666,0.26666666666666666,0.6762165013486695,0.8
959,0,casia:071,0,0,1.0,1.0,0.5333333333333333,0.5333333333333333,-2.0028883352245814,0.13333333333333333
960,0,casia:353,1,1,0.125,0.4,0.6,0.3333333333333333,0.018317717603943677,0.7333333333333333
961,0,casia:170,0,0,1.0,1.0,0.7333333333333333,0.7333333333333333,0.9441269850059945,0.8666666666666667
962,0,casia:297,1,1,0.0625,0.26666666666666666,0.26666666666666666,0.5333333333333333,-0.5776303839785583,0.6
963,0,casia:092,0,0,1.0,1.0,0.8666666666666667,0.8666666666666667,0.9441269850059945,0.8666666666666667
964,0,casia:490,1,1,0.0625,0.3333333333333333,0.3333333333333333,0.26666666666666666,0.3162917683951951,0.8
965,0,casia:453,1,1,0.6875,1.0,0.4666666666666667,0.4666666666666667,0.018317717603943677,0.7333333333333333
966,0,casia:052,0,0,1.0,1.0,0.6,0.6,-1.7349778515672563,0.2
967,0,casia:425,1,1,0.0625,0.26666666666666666,0.2,0.2,0.6142658191864461,0.8666666666666667
968,0,casia:431,1,1,0.5625,0.26666666666666666,0.4666666666666667,1.0,0.6142658191864461,0.8666666666666667
969,0,casia:309,1,1,0.125,0.26666666666666666,0.4,0.4666666666666667,-1.4715525363523112,0.4
970,0,casia:261,1,1,0.0625,0.26666666666666666,0.2,0.2,0.018317717603943677,0.7333333333333333
971,0,casia:348,1,1,0.375,0.7333333333333333,0.6,0.6,1.210213920768948,1.0
972,0,casia:010,0,0,1.0,1.0,1.0,0.5333333333333333,0.9441269850059945,0.8666666666666667
973,0,casia:042,0,0,1.0,1.0,0.8,0.8,-0.931246400595281,0.4
974,0,casia:130,0,0,1.0,1.0,0.7333333333333333,0.7333333333333333,0.408306017691344,0.7333333333333333
975,0,casia:174,0,0,1.0,1.0,0.4,0.4,0.6762165013486695,0.8
976,0,casia:431,1,1,0.125,0.5333333333333333,0.6,0.5333333333333333,0.912239869977697,0.9333333333333333
977,0,casia:084,0,0,1.0,1.0,0.6,0.6,0.6762165013486695,0.8
978,0,casia:151,0,0,1.0,1.0,0.8,0.8,0.9441269850059945,0.8666666666666667
979,0,casia:311,1,1,0.0625,0.26666666666666666,0.4,0.4,-1.4715525363523112,0.4
980,0,casia:390,1,1,0.0625,0.26666666666666666,0.4666666666666667,0.26666666666666666,0.912239869977697,0.9333333333333333
981,0,casia:021,0,0,1.0,1.0,0.8,0.8,0.9441269850059945,0.8666666666666667
982,0,casia:321,1,1,0.1875,0.3333333333333333,0.6666666666666666,0.6666666666666666,-2.3654746887260645,0.2
983,0,casia:494,1,1,0.0625,0.26666666666666666,0.26666666666666666,0.26666666666666666,-0.8756044347698092,0.5333333333333333
984,0,casia:006,0,0,1.0,1.0,0.8,0.8,0.408306017691344,0.7333333333333333
985,0,casia:378,1,1,0.4375,0.3333333333333333,0.4,0.8,-0.27965633318730726,0.6666666666666666
986,0,casia:138,0,1,0.6875,0.26666666666666666,0.4666666666666667,0.4666666666666667,-1.7695265871435624,0.3333333333333333
987,0,casia:163,0,0,1.0,1.0,0.7333333333333333,0.7333333333333333,-0.12751494962330598,0.6
988,0,casia:041,0,0,1.0,1.0,0.6666666666666666,0.6666666666666666,-1.1991568842526061,0.3333333333333333
989,0,casia:073,0,0,1.0,1.0,0.4,0.4,0.6762165013486695,0.8
990,0,casia:275,1,1,0.125,0.3333333333333333,0.3333333333333333,0.8666666666666667,-0.8756044347698092,0.5333333333333333
991,0,casia:345,1,1,0.375,0.5333333333333333,0.8,0.8,0.3162917683951951,0.8
992,0,casia:355,1,1,0.0625,0.26666666666666666,0.26666666666666666,0.26666666666666666,0.018317717603943677,0.7333333333333333
993,0,casia:128,0,0,1.0,1.0,0.5333333333333333,0.5333333333333333,-0.39542543328063096,0.5333333333333333
994,0,casia:171,0,0,1.0,1.0,0.2,0.2,-2.2707988188819064,0.06666666666666667
995,0,casia:299,1,1,0.0625,0.26666666666666666,0.2,0.8,0.018317717603943677,0.7333333333333333
996,0,casia:218,0,1,0.0625,0.26666666666666666,0.06666666666666667,0.06666666666666667,-0.8756044347698092,0.5333333333333333
997,0,casia:094,0,0,1.0,1.0,0.6,0.6,0.14039553403401903,0.6666666666666666
998,0,casia:097,0,0,1.0,1.0,0.8666666666666667,0.8666666666666667,0.9441269850059945,0.8666666666666667
999,0,casia:416,1,1,0.375,0.26666666666666666,0.5333333333333333,0.5333333333333333,0.912239869977697,0.9333333333333333
1000,0,casia:272,1,1,0.375,0.4,0.4,0.4,0.6142658191864461,0.8666666666666667
1001,0,casia:341,1,1,0.375,0.3333333333333333,0.7333333333333333,0.7333333333333333,0.912239869977697,0.9333333333333333
1002,0,casia:211,0,0,1.0,1.0,0.4,0.4,-1.7349778515672563,0.2
1003,0,casia:286,1,0,1.0,1.0,1.0,0.26666666666666666,0.408306017691344,0.7333333333333333
1004,0,casia:008,0,1,0.125,0.3333333333333333,0.3333333333333333,0.3333333333333333,-2.3654746887260645,0.2
1005,0,casia:237,0,0,1.0,1.0,0.7333333333333333,0.7333333333333333,0.6762165013486695,0.8
1006,0,casia:284,1,1,0.0625,0.26666666666666666,0.13333333333333333,0.26666666666666666,-2.0675006379348133,0.26666666666666666
1007,0,casia:024,0,0,0.8125,0.3333333333333333,0.13333333333333333,0.13333333333333333,-1.467067367909931,0.26666666666666666
1008,0,casia:491,1,1,0.1875,0.26666666666666666,0.26666666666666666,0.26666666666666666,-0.5776303839785583,0.6
1009,0,casia:299,1,1,0.125,0.5333333333333333,0.2,0.6666666666666666,0.6142658191864461,0.8666666666666667
1010,0,casia:471,1,1,0.25,0.3333333333333333,0.26666666666666666,0.26666666666666666,0.3162917683951951,0.8
1011,0,casia:260,1,1,0.0625,0.26666666666666666,0.13333333333333333,0.13333333333333333,-1.4715525363523112,0.4
1012,0,casia:121,0,0,1.0,1.0,1.0,0.8,0.408306017691344,0.7333333333333333
1013,0,casia:405,1,1,0.0625,0.26666666666666666,0.8,0.8,0.912239869977697,0.9333333333333333
1014,0,casia:301,1,1,0.1875,0.26666666666666666,0.7333333333333333,0.7333333333333333,0.912239869977697,0.9333333333333333
1015,0,casia:091,0,1,0.0625,0.06666666666666667,0.06666666666666667,0.06666666666666667,-2.9614227903085664,0.06666666666666667
1016,0,casia:383,1,1,0.4375,0.4666666666666667,0.9333333333333333,0.7333333333333333,0.912239869977697,0.9333333333333333
1017,0,casia:079,0,0,1.0,1.0,0.2,0.2,-2.2707988188819064,0.06666666666666667
1018,0,casia:455,1,1,0.0625,0.26666666666666666,0.2,0.2,-2.0675006379348133,0.26666666666666666
1019,0,casia:189,0,0,1.0,1.0,1.0,0.4,0.14039553403401903,0.6666666666666666
1020,0,casia:258,1,1,0.3125,0.26666666666666666,0.8,0.8,0.912239869977697,0.9333333333333333
1021,0,casia:495,1,1,0.1875,0.26666666666666666,0.5333333333333333,0.4,0.6142658191864461,0.8666666666666667
1022,0,casia:025,0,0,1.0,1.0,0.5333333333333333,0.5333333333333333,0.9441269850059945,0.8666666666666667
1023,0,casia:303,1,1,0.125,0.3333333333333333,0.26666666666666666,0.26666666666666666,-0.5776303839785583,0.6
