sample_index,membership_label,user_id,true_label,base_prediction,label_stability_score,sampling_attack_score,transfer_attack_score,boundary_attack_score,dhattack_style_score,dhattack_style_raw_score
0,1,train:3539,0,0,0.84375,0.2755905511811024,1.0,0.6377952755905512,0.35971102495779206,0.4251968503937008
1,1,train:5167,0,1,1.0,1.0,0.4566929133858268,0.4566929133858268,0.4179053426758108,0.6141732283464567
2,1,train:5282,0,0,0.671875,0.31496062992125984,0.49606299212598426,0.49606299212598426,-0.11113015081760289,0.3464566929133858
3,1,train:4915,1,1,1.0,1.0,0.3937007874015748,0.3937007874015748,0.38900666356720826,0.6062992125984252
4,1,train:5300,1,1,1.0,1.0,0.2125984251968504,0.3228346456692913,0.27341194713279765,0.5748031496062992
5,1,train:4929,1,1,0.7890625,0.7559055118110236,0.7637795275590551,0.7637795275590551,-0.3045616350392543,0.41732283464566927
6,1,train:308,1,0,0.96875,0.7007874015748031,0.2755905511811024,0.2755905511811024,-1.1940648551010107,0.16535433070866143
7,1,train:2437,1,1,1.0,1.0,0.41732283464566927,0.41732283464566927,0.7935881710876443,0.7165354330708661
8,1,train:909,1,1,0.9765625,1.0,0.13385826771653545,0.13385826771653545,-0.27566295593065154,0.4251968503937008
9,1,train:1727,1,0,0.2890625,0.2677165354330709,0.6614173228346457,0.6614173228346457,-1.7590742660314846,0.07086614173228346
10,1,train:1660,1,1,1.0,1.0,0.6062992125984252,0.6062992125984252,-0.5357510679080751,0.3543307086614173
11,1,train:10072,1,0,0.78125,0.30708661417322836,0.968503937007874,0.968503937007874,0.35971102495779206,0.4251968503937008
12,1,train:9104,0,0,0.984375,1.0,0.4330708661417323,0.4330708661417323,0.8305522007331867,0.5039370078740157
13,1,train:5282,0,0,1.0,1.0,0.41732283464566927,0.41732283464566927,0.35971102495779206,0.4251968503937008
14,1,train:5877,1,0,0.421875,0.3464566929133858,0.48031496062992124,0.48031496062992124,0.5009633776904102,0.44881889763779526
15,1,train:8857,0,0,1.0,1.0,1.0,0.6535433070866141,0.9718045534658049,0.5275590551181102
16,1,train:5193,1,1,1.0,1.0,0.47244094488188976,1.0,-0.24676427682204902,0.4330708661417323
17,1,train:2706,0,0,1.0,1.0,0.4251968503937008,0.4251968503937008,0.45387926011287083,0.4409448818897638
18,1,train:1780,1,1,0.859375,0.6299212598425197,0.5433070866141733,0.2755905511811024,-0.1889669186048439,0.44881889763779526
19,1,train:8762,1,1,1.0,1.0,0.84251968503937,0.84251968503937,1.255967036825286,0.84251968503937
20,1,train:2344,1,1,0.6171875,0.29133858267716534,0.2283464566929134,0.5905511811023622,0.15781723069838746,0.5433070866141733
21,1,train:17,0,0,0.9609375,0.6456692913385826,0.6299212598425197,0.6299212598425197,1.4897298468187394,0.6141732283464567
22,1,train:7612,1,1,0.8046875,0.25984251968503935,0.2992125984251969,0.4566929133858268,0.7068921337618367,0.6929133858267716
23,1,train:709,1,1,1.0,1.0,0.5433070866141733,0.12598425196850394,1.8339406189973382,1.0
24,1,train:2225,0,1,0.9765625,0.31496062992125984,0.05511811023622047,0.3228346456692913,0.620196096436029,0.6692913385826772
25,1,train:9397,0,0,0.65625,0.5118110236220472,1.0,0.3228346456692913,-0.5819713265929974,0.2677165354330709
26,1,train:3706,0,0,1.0,1.0,0.7795275590551181,0.7795275590551181,0.9718045534658049,0.5275590551181102
27,1,train:5430,1,1,0.9296875,0.7716535433070866,0.7559055118110236,0.7559055118110236,-0.27566295593065154,0.4251968503937008
28,1,train:5555,1,1,0.9765625,1.0,0.41732283464566927,0.41732283464566927,1.8339406189973382,1.0
29,1,train:6476,0,0,1.0,1.0,0.6771653543307087,0.6771653543307087,-0.15821426839514227,0.33858267716535434
30,1,train:3562,1,1,0.6015625,0.29133858267716534,0.2677165354330709,0.2677165354330709,-1.25821804562314,0.15748031496062992
31,1,train:3230,0,0,0.1953125,0.25196850393700787,0.2204724409448819,0.2204724409448819,-0.5819713265929974,0.2677165354330709
32,1,train:2494,0,0,0.09375,0.29133858267716534,1.0,0.5196850393700787,-1.099896619945932,0.18110236220472442
33,1,train:4944,0,0,0.5703125,0.25984251968503935,0.7007874015748031,0.7007874015748031,0.7363839655781078,0.4881889763779528
34,1,train:532,1,1,0.9921875,1.0,0.952755905511811,0.952755905511811,-0.391257672365062,0.3937007874015748
35,1,train:5537,1,1,0.5078125,0.25196850393700787,0.06299212598425197,0.06299212598425197,-1.2293193665145372,0.16535433070866143
36,1,train:1660,1,1,1.0,1.0,0.47244094488188976,0.984251968503937,0.7935881710876443,0.7165354330708661
37,1,train:525,1,1,1.0,1.0,0.4330708661417323,0.4330708661417323,1.053676283065068,0.7874015748031497
38,1,train:5430,0,0,0.9375,0.7952755905511811,0.30708661417322836,0.30708661417322836,0.21845867222517354,0.4015748031496063
39,1,train:3706,1,1,0.96875,1.0,0.6535433070866141,0.6535433070866141,0.9091828875220549,0.7480314960629921
40,1,train:1780,1,0,0.09375,0.07874015748031496,0.11811023622047244,0.11811023622047244,-1.9474107363416426,0.03937007874015748
41,1,train:4305,1,1,0.8828125,0.6299212598425197,0.7559055118110236,0.984251968503937,-0.16006823949624116,0.4566929133858268
42,1,train:418,0,0,0.15625,0.3543307086614173,0.2204724409448819,0.2204724409448819,0.35971102495779206,0.4251968503937008
43,1,train:5574,1,1,0.9296875,0.3228346456692913,0.33858267716535434,0.33858267716535434,-1.113724650080127,0.1968503937007874
44,1,train:8857,1,1,1.0,1.0,0.6929133858267716,0.6929133858267716,-0.1311695603876386,0.4645669291338583
45,1,train:9017,0,0,0.875,0.5905511811023622,0.9448818897637795,0.9448818897637795,0.6892998480005681,0.48031496062992124
46,1,train:2970,0,0,0.0859375,0.25196850393700787,0.6062992125984252,0.6062992125984252,-0.723223679325616,0.2440944881889764
47,1,train:5193,0,0,0.765625,0.8267716535433071,0.4881889763779528,0.4881889763779528,0.5951316128454893,0.4645669291338583
48,1,train:9017,0,0,0.9140625,0.6377952755905512,0.6771653543307087,0.6771653543307087,1.5368139643962788,0.6220472440944882
49,1,train:3089,1,1,0.5859375,0.25984251968503935,0.031496062992125984,0.07086614173228346,-1.6339008740349739,0.05511811023622047
50,1,train:5815,0,0,0.8984375,0.8661417322834646,0.8740157480314961,0.8740157480314961,0.07720631949255502,0.3779527559055118
51,1,train:6415,1,1,1.0,1.0,0.4330708661417323,0.3700787401574803,-0.24676427682204902,0.4330708661417323
52,1,train:359,1,1,0.984375,1.0,0.2755905511811024,0.16535433070866143,-1.6050021949263713,0.06299212598425197
53,1,train:648,0,0,1.0,1.0,1.0,0.4645669291338583,0.8776363183107261,0.5118110236220472
54,1,train:10072,0,1,0.4453125,0.2047244094488189,0.08661417322834646,0.03937007874015748,-1.5761035158177688,0.07086614173228346
55,1,train:4514,0,0,0.9375,1.0,0.6614173228346457,0.6614173228346457,-0.44071897386037934,0.29133858267716534
56,1,train:7448,0,0,1.0,1.0,1.0,0.84251968503937,1.8664027874390554,0.6771653543307087
57,1,test:2463,1,0,0.8125,0.7795275590551181,1.0,0.8267716535433071,1.7722345522839764,0.6614173228346457
58,1,train:4691,1,1,0.984375,0.1968503937007874,0.07874015748031496,0.10236220472440945,-1.171522008297332,0.18110236220472442
59,1,train:418,0,0,0.6953125,0.25984251968503935,0.30708661417322836,0.3543307086614173,-0.6290554441705373,0.25984251968503935
60,1,train:5877,1,0,0.875,0.7637795275590551,1.0,0.6614173228346457,-0.20529838597268169,0.33070866141732286
61,1,train:5193,1,1,1.0,1.0,0.25984251968503935,0.1732283464566929,-1.6339008740349739,0.05511811023622047
62,1,train:5282,0,1,0.953125,0.07086614173228346,0.4645669291338583,0.4645669291338583,-1.4605087993833583,0.10236220472440945
63,1,train:5227,1,1,0.8671875,0.8346456692913385,0.3700787401574803,0.3700787401574803,0.4179053426758108,0.6141732283464567
64,1,train:1615,1,1,1.0,1.0,0.47244094488188976,0.7322834645669292,1.8339406189973382,1.0
65,1,train:5833,0,0,0.5625,0.29133858267716534,0.5275590551181102,0.5275590551181102,-0.15821426839514227,0.33858267716535434
66,1,train:8451,1,1,0.8671875,0.937007874015748,0.2204724409448819,0.5590551181102362,-1.402711441166153,0.11811023622047244
67,1,train:4929,1,1,1.0,1.0,0.3228346456692913,0.3228346456692913,-0.10227088127903607,0.47244094488188976
68,1,train:2225,1,0,0.3359375,0.2677165354330709,0.47244094488188976,0.5511811023622047,-1.7119901484539453,0.07874015748031496
69,1,train:5300,1,1,0.984375,1.0,0.2204724409448819,0.2204724409448819,0.5912974173274265,0.6614173228346457
70,1,test:2463,1,1,0.8359375,0.25984251968503935,1.0,0.3543307086614173,-0.7091431425596906,0.30708661417322836
71,1,test:8237,1,0,0.0859375,0.2755905511811024,0.5039370078740157,0.5039370078740157,-1.005728384790853,0.1968503937007874
72,1,train:1788,0,1,0.640625,0.29133858267716534,0.3937007874015748,0.3937007874015748,-0.5646497470166777,0.3464566929133858
73,1,train:9037,1,1,0.9609375,0.41732283464566927,0.7559055118110236,0.5669291338582677,0.33120930535000276,0.5905511811023622
74,1,train:5765,1,1,0.9609375,1.0,0.6771653543307087,0.6771653543307087,0.15781723069838746,0.5433070866141733
75,1,train:4305,0,0,0.671875,0.28346456692913385,1.0,0.5826771653543307,1.5838980819738182,0.6299212598425197
76,1,train:5300,1,1,0.9921875,0.2677165354330709,0.4645669291338583,0.4566929133858268,-1.2004206874059347,0.1732283464566929
77,1,train:2344,1,1,0.9765625,0.889763779527559,0.2204724409448819,0.2204724409448819,-0.1311695603876386,0.4645669291338583
78,1,train:3637,0,0,0.0078125,0.10236220472440945,0.4645669291338583,0.4645669291338583,0.5951316128454893,0.4645669291338583
79,1,test:2463,0,0,0.40625,0.25196850393700787,0.3858267716535433,0.3858267716535433,-1.4765695605662477,0.11811023622047244
80,1,train:5227,0,0,0.3515625,0.25984251968503935,0.33858267716535434,0.33858267716535434,0.1242904370700944,0.3858267716535433
81,1,train:5300,1,1,0.9453125,0.25984251968503935,0.2204724409448819,0.7874015748031497,0.21561458891559257,0.5590551181102362
82,1,train:9483,0,0,0.9140625,0.8267716535433071,0.3779527559055118,0.3779527559055118,-0.44071897386037934,0.29133858267716534
83,1,train:308,1,1,1.0,1.0,1.0,0.9291338582677166,1.400460432368299,0.8818897637795275
84,1,train:4514,0,0,0.140625,0.33070866141732286,0.07874015748031496,0.07874015748031496,-1.099896619945932,0.18110236220472442
85,1,train:8462,0,0,0.1796875,0.25196850393700787,1.0,0.2677165354330709,-0.8173919144806949,0.2283464566929134
86,1,train:5765,0,0,0.90625,0.7716535433070866,0.5196850393700787,0.5196850393700787,-0.9115601496357739,0.2125984251968504
87,1,train:525,1,1,1.0,1.0,0.3543307086614173,0.3543307086614173,0.10001987248118197,0.5275590551181102
88,1,train:8576,1,1,1.0,1.0,0.4566929133858268,0.4566929133858268,0.7935881710876443,0.7165354330708661
89,1,train:5833,1,1,1.0,1.0,0.4409448818897638,0.9921259842519685,-0.16006823949624116,0.4566929133858268
90,1,train:3706,1,1,1.0,1.0,0.6141732283464567,0.4409448818897638,0.6779934546532341,0.6850393700787402
91,1,train:1866,1,1,0.953125,0.984251968503937,0.6377952755905512,0.6377952755905512,-0.16006823949624116,0.4566929133858268
92,1,train:1479,1,1,1.0,1.0,0.7559055118110236,0.7559055118110236,0.7935881710876443,0.7165354330708661
93,1,train:1266,1,1,1.0,0.36220472440944884,0.4251968503937008,0.4251968503937008,0.533500059110221,0.6456692913385826
94,1,train:1884,1,1,0.6640625,0.28346456692913385,0.08661417322834646,0.08661417322834646,-0.27566295593065154,0.4251968503937008
95,1,train:5877,1,1,1.0,1.0,0.49606299212598426,0.8503937007874016,1.4293591114769015,0.889763779527559
96,1,train:1780,1,1,1.0,1.0,0.8976377952755905,0.4094488188976378,0.18671590980699002,0.5511811023622047
97,1,train:7860,1,1,1.0,1.0,0.6692913385826772,0.6692913385826772,-0.04447352306183077,0.4881889763779528
98,1,train:2814,1,1,0.3671875,0.25196850393700787,0.6220472440944882,0.6299212598425197,-0.824737858994101,0.2755905511811024
99,1,train:999,0,0,0.0078125,0.2440944881889764,0.07874015748031496,0.07874015748031496,-1.6649060308764057,0.08661417322834646
100,1,train:5574,1,1,1.0,0.8110236220472441,0.14173228346456693,0.14173228346456693,-0.3334603141478569,0.4094488188976378
101,1,train:868,1,1,1.0,1.0,0.3228346456692913,0.3228346456692913,0.21561458891559257,0.5590551181102362
102,1,train:7860,0,0,0.3515625,0.33858267716535434,0.7874015748031497,0.7874015748031497,0.1242904370700944,0.3858267716535433
103,1,train:6673,0,0,1.0,1.0,0.8346456692913385,0.8346456692913385,1.2072251413535025,0.5669291338582677
104,1,train:909,1,1,1.0,1.0,0.5433070866141733,0.3464566929133858,1.255967036825286,0.84251968503937
105,1,train:4514,0,0,0.8359375,0.7401574803149606,0.2283464566929134,0.2283464566929134,-1.2882330902560897,0.14960629921259844
106,1,train:7877,1,1,1.0,1.0,1.0,0.7401574803149606,1.8050419398887356,0.9921259842519685
107,1,train:708,1,1,0.9375,0.28346456692913385,0.11811023622047244,0.08661417322834646,-1.0559272918629217,0.2125984251968504
108,1,train:7938,1,1,1.0,1.0,0.7637795275590551,0.7637795275590551,0.5912974173274265,0.6614173228346457
109,1,train:8756,1,1,1.0,1.0,0.6220472440944882,0.6220472440944882,0.7646894919790418,0.7086614173228346
110,1,train:17,0,0,1.0,1.0,1.0,0.5433070866141733,0.17137455464763413,0.3937007874015748
111,1,train:2814,0,1,0.9921875,1.0,0.5039370078740157,0.5039370078740157,0.533500059110221,0.6456692913385826
112,1,train:5537,0,0,0.203125,0.25196850393700787,0.7401574803149606,0.7401574803149606,1.678066317128897,0.6456692913385826
113,1,train:6476,0,1,0.9453125,0.4251968503937008,0.08661417322834646,0.5748031496062992,-1.691698232252179,0.03937007874015748
114,1,train:1884,1,1,1.0,1.0,0.5511811023622047,0.4645669291338583,1.8339406189973382,1.0
115,1,train:7877,0,0,0.1015625,0.11811023622047244,0.3228346456692913,0.3228346456692913,-1.4294854429887083,0.12598425196850394
116,1,train:5555,0,0,0.6875,0.4330708661417323,0.07874015748031496,0.07874015748031496,-1.6649060308764057,0.08661417322834646
117,1,train:6415,1,1,0.9296875,0.8740157480314961,0.9133858267716536,0.6141732283464567,-0.10227088127903607,0.47244094488188976
118,1,train:4305,1,1,0.578125,0.14173228346456693,0.05511811023622047,0.05511811023622047,-1.113724650080127,0.1968503937007874
119,1,train:4514,0,1,1.0,1.0,0.5511811023622047,0.5511811023622047,0.533500059110221,0.6456692913385826
120,1,train:8576,1,1,1.0,1.0,0.41732283464566927,0.41732283464566927,-0.44905503058226726,0.3779527559055118
121,1,train:6569,0,0,0.7109375,0.7480314960629921,1.0,0.5354330708661418,-0.2523825035502214,0.3228346456692913
122,1,train:5035,0,1,1.0,1.0,0.5826771653543307,0.7322834645669292,1.3137643950424913,0.8582677165354331
123,1,train:3562,1,1,1.0,1.0,0.7716535433070866,0.7716535433070866,0.96698024573926,0.7637795275590551
124,1,train:532,1,1,1.0,1.0,0.49606299212598426,0.49606299212598426,0.10001987248118197,0.5275590551181102
125,1,train:328,1,0,0.1015625,0.2677165354330709,0.8976377952755905,0.8976377952755905,0.26554278980271295,0.4094488188976378
126,1,train:7480,0,1,0.4765625,0.25984251968503935,0.6929133858267716,0.6929133858267716,-0.07337220217043353,0.48031496062992124
127,1,train:6415,0,0,0.59375,0.4409448818897638,0.6141732283464567,0.6141732283464567,-0.01696191566252377,0.36220472440944884
128,1,train:868,1,1,0.9453125,1.0,0.4094488188976378,0.36220472440944884,-0.24676427682204902,0.4330708661417323
129,1,train:1660,1,1,1.0,1.0,0.4330708661417323,0.4330708661417323,-0.24676427682204902,0.4330708661417323
130,1,train:1884,1,1,1.0,1.0,0.5984251968503937,0.5984251968503937,0.7935881710876443,0.7165354330708661
131,1,train:7510,0,1,0.9765625,0.023622047244094488,0.015748031496062992,0.015748031496062992,-1.8072929486865894,0.007874015748031496
132,1,train:8487,0,0,0.9453125,0.7874015748031497,0.9763779527559056,0.9763779527559056,0.5009633776904102,0.44881889763779526
133,1,train:9994,0,0,0.7578125,0.49606299212598426,0.11023622047244094,0.5826771653543307,-0.8644760320582345,0.2204724409448819
134,1,train:1609,0,1,1.0,1.0,0.9212598425196851,0.9212598425196851,0.5623987382188236,0.6535433070866141
135,1,train:359,0,0,0.7578125,0.25196850393700787,0.3779527559055118,0.3779527559055118,-0.15821426839514227,0.33858267716535434
136,1,train:4916,1,1,1.0,1.0,0.6220472440944882,0.6220472440944882,0.18671590980699002,0.5511811023622047
137,1,train:3089,1,1,1.0,1.0,0.7795275590551181,0.6614173228346457,1.8339406189973382,1.0
138,1,train:1033,0,0,0.84375,0.36220472440944884,0.7401574803149606,0.7401574803149606,1.160141023775963,0.5590551181102362
139,1,train:2814,0,0,0.96875,0.968503937007874,0.8976377952755905,0.8976377952755905,0.7363839655781078,0.4881889763779528
140,1,train:5809,1,1,1.0,0.30708661417322836,0.7165354330708661,0.6062992125984252,-0.21786559771344646,0.4409448818897638
141,1,train:3706,0,0,0.9921875,1.0,0.7874015748031497,0.8188976377952756,-0.39363485628283956,0.2992125984251969
142,1,train:7170,1,0,0.53125,0.25196850393700787,0.6850393700787402,0.6850393700787402,-1.2882330902560897,0.14960629921259844
143,1,train:648,0,0,0.984375,0.905511811023622,0.47244094488188976,0.47244094488188976,-0.15821426839514227,0.33858267716535434
144,1,train:7938,1,1,1.0,1.0,0.6614173228346457,0.6614173228346457,1.8339406189973382,1.0
145,1,train:8116,0,0,0.21875,0.14173228346456693,0.09448818897637795,0.09448818897637795,-1.523653678143787,0.11023622047244094
146,1,train:4514,0,0,0.5546875,0.25196850393700787,0.15748031496062992,0.15748031496062992,-1.005728384790853,0.1968503937007874
147,1,train:6438,1,1,0.9296875,0.5196850393700787,0.7086614173228346,0.7086614173228346,0.7068921337618367,0.6929133858267716
148,1,train:7938,1,1,0.9921875,1.0,0.28346456692913385,0.28346456692913385,1.255967036825286,0.84251968503937
149,1,train:5877,1,1,0.96875,0.8582677165354331,0.07086614173228346,0.1889763779527559,-1.2004206874059347,0.1732283464566929
150,1,train:5555,0,0,1.0,1.0,0.6614173228346457,0.6614173228346457,1.7251504347064364,0.6535433070866141
151,1,train:6415,0,0,0.84375,0.7874015748031497,0.8976377952755905,0.8976377952755905,1.6309821995513576,0.6377952755905512
152,1,train:8359,1,0,0.6171875,0.1732283464566929,0.5826771653543307,0.5826771653543307,0.40679514253533144,0.4330708661417323
153,1,train:5409,0,1,0.96875,0.7559055118110236,0.11811023622047244,0.11811023622047244,-0.21786559771344646,0.4409448818897638
154,1,train:5366,1,1,1.0,0.8818897637795275,0.4251968503937008,0.4251968503937008,1.4871564696941066,0.905511811023622
155,1,train:5574,0,0,0.4453125,0.5118110236220472,0.6929133858267716,0.6929133858267716,1.4897298468187394,0.6141732283464567
156,1,train:5282,1,1,0.9921875,1.0,0.6456692913385826,0.6456692913385826,0.27341194713279765,0.5748031496062992
157,1,train:6569,0,0,1.0,1.0,0.7244094488188977,0.7244094488188977,0.07720631949255502,0.3779527559055118
158,1,train:5864,0,0,0.53125,0.7007874015748031,1.0,0.7401574803149606,0.6892998480005681,0.48031496062992124
159,1,train:4514,0,0,1.0,1.0,0.4094488188976378,0.4094488188976378,0.1242904370700944,0.3858267716535433
160,1,train:6673,1,1,0.96875,0.1889763779527559,0.25984251968503935,0.25984251968503935,-1.0270286127543193,0.2204724409448819
161,1,train:1884,1,0,0.84375,0.5433070866141733,0.8503937007874016,0.8503937007874016,-0.534887209015458,0.2755905511811024
162,1,train:8451,1,1,0.984375,0.31496062992125984,0.3779527559055118,0.3779527559055118,1.1403723203908758,0.8110236220472441
163,1,train:6438,1,1,0.6953125,0.5433070866141733,0.5984251968503937,0.5984251968503937,-1.2293193665145372,0.16535433070866143
164,1,train:6415,0,0,1.0,1.0,0.6535433070866141,0.6535433070866141,0.9247204358882655,0.5196850393700787
165,1,train:4334,0,0,0.28125,0.031496062992125984,0.15748031496062992,0.15748031496062992,-1.0528125023683925,0.1889763779527559
166,1,test:5699,1,1,1.0,1.0,0.4015748031496063,0.25196850393700787,-0.3045616350392543,0.41732283464566927
167,1,train:6438,1,1,1.0,1.0,0.2992125984251969,0.952755905511811,-0.7380418216682931,0.2992125984251969
168,1,train:6845,0,0,0.0859375,0.4251968503937008,1.0,0.29133858267716534,-1.3353172078336293,0.14173228346456693
169,1,train:9483,0,0,0.90625,0.2677165354330709,0.5984251968503937,0.5984251968503937,0.8776363183107261,0.5118110236220472
170,1,train:3230,1,0,0.9609375,0.7401574803149606,0.3779527559055118,0.2440944881889764,0.40679514253533144,0.4330708661417323
171,1,train:5765,1,1,1.0,1.0,0.33858267716535434,0.33858267716535434,-0.8825352172113062,0.25984251968503935
172,1,train:5364,1,1,0.90625,0.13385826771653545,0.05511811023622047,0.05511811023622047,-1.749495590469384,0.023622047244094488
173,1,test:9441,1,1,0.640625,0.3700787401574803,0.5748031496062992,0.5748031496062992,-1.3449140829489479,0.13385826771653545
174,1,train:5300,1,1,1.0,0.15748031496062992,0.05511811023622047,0.07086614173228346,-1.5472048367091662,0.07874015748031496
175,1,train:8857,0,0,0.75,0.7007874015748031,0.84251968503937,0.84251968503937,0.35971102495779206,0.4251968503937008
176,1,train:2544,1,1,0.8828125,0.29133858267716534,0.8346456692913385,0.4015748031496063,-1.3449140829489479,0.13385826771653545
177,1,train:909,1,1,1.0,1.0,0.5275590551181102,0.5275590551181102,0.8224868501962473,0.7244094488188977
178,1,train:6569,0,0,0.875,0.6850393700787402,0.8188976377952756,0.8188976377952756,0.35971102495779206,0.4251968503937008
179,1,train:4915,0,1,0.890625,0.11023622047244094,0.28346456692913385,0.28346456692913385,-1.7205969113607815,0.031496062992125984
180,1,test:9441,0,0,0.4296875,0.25984251968503935,0.14173228346456693,0.14173228346456693,-1.4294854429887083,0.12598425196850394
181,1,train:5877,1,0,0.3984375,0.6377952755905512,0.49606299212598426,0.49606299212598426,1.2072251413535025,0.5669291338582677
182,1,train:5167,0,1,0.2265625,0.2440944881889764,0.07874015748031496,0.07874015748031496,-1.6050021949263713,0.06299212598425197
183,1,train:262,1,1,0.984375,1.0,0.2047244094488189,0.1889763779527559,-1.3449140829489479,0.13385826771653545
184,1,test:6949,0,0,0.0859375,0.25984251968503935,0.6535433070866141,0.6535433070866141,0.31262690738025234,0.41732283464566927
185,1,train:1727,1,1,0.96875,0.4409448818897638,0.7716535433070866,0.41732283464566927,-0.4201563514736647,0.3858267716535433
186,1,train:4334,0,0,0.421875,0.6456692913385826,1.0,0.8818897637795275,-0.20529838597268169,0.33070866141732286
187,1,train:648,0,0,1.0,1.0,0.7007874015748031,0.7007874015748031,1.6309821995513576,0.6377952755905512
188,1,train:7448,0,0,0.7265625,0.2677165354330709,1.0,0.7795275590551181,1.9605710225941342,0.6929133858267716
189,1,train:2272,1,1,0.7109375,0.2755905511811024,0.29133858267716534,0.29133858267716534,-0.3045616350392543,0.41732283464566927
190,1,train:5364,1,1,1.0,1.0,0.7244094488188977,0.7244094488188977,1.4871564696941066,0.905511811023622
191,1,train:3706,0,0,0.890625,0.8188976377952756,0.7559055118110236,0.8661417322834646,-0.15821426839514227,0.33858267716535434
192,1,train:3562,1,1,0.9765625,0.3937007874015748,0.16535433070866143,0.11811023622047244,0.24451326802419512,0.5669291338582677
193,1,train:5035,0,0,0.5625,0.25196850393700787,0.6535433070866141,0.6535433070866141,-0.2994666211277608,0.31496062992125984
194,1,train:709,1,1,1.0,1.0,0.6614173228346457,0.6614173228346457,1.4293591114769015,0.889763779527559
195,1,train:6476,1,1,0.984375,0.9212598425196851,0.7637795275590551,0.7637795275590551,0.7357908128704392,0.7007874015748031
196,1,train:2544,0,0,0.8671875,0.8740157480314961,0.49606299212598426,0.49606299212598426,0.7363839655781078,0.4881889763779528
197,1,train:9483,1,1,1.0,1.0,0.84251968503937,0.6535433070866141,0.33120930535000276,0.5905511811023622
198,1,train:5877,0,0,0.90625,1.0,0.6692913385826772,0.6299212598425197,0.7363839655781078,0.4881889763779528
199,1,train:5193,1,1,0.875,0.29133858267716534,0.2283464566929134,0.2677165354330709,0.533500059110221,0.6456692913385826
200,1,train:3706,0,1,0.8046875,0.3543307086614173,0.8503937007874016,0.8503937007874016,-1.6627995531435762,0.047244094488188976
201,1,train:8718,1,1,1.0,1.0,0.5118110236220472,0.5118110236220472,-0.16006823949624116,0.4566929133858268
202,1,train:868,1,1,0.7734375,0.25984251968503935,0.2125984251968504,0.2125984251968504,-1.0559272918629217,0.2125984251968504
203,1,test:6949,0,1,0.9375,0.6692913385826772,0.30708661417322836,0.8110236220472441,1.024777603956465,0.7795275590551181
204,1,train:5537,0,0,0.09375,0.2992125984251969,0.10236220472440945,0.10236220472440945,-1.9003266187641028,0.047244094488188976
205,1,test:6949,0,0,0.6015625,0.2755905511811024,0.1732283464566929,0.1732283464566929,-0.723223679325616,0.2440944881889764
206,1,train:359,0,0,0.0859375,0.2047244094488189,0.047244094488188976,0.047244094488188976,-2.041578971496721,0.023622047244094488
207,1,train:525,0,0,1.0,1.0,0.7952755905511811,0.7952755905511811,1.7722345522839764,0.6614173228346457
208,1,train:5555,0,0,1.0,1.0,0.6377952755905512,0.6377952755905512,0.8305522007331867,0.5039370078740157
209,1,train:8116,1,1,0.9921875,0.9291338582677166,0.28346456692913385,0.28346456692913385,-0.3334603141478569,0.4094488188976378
210,1,train:359,0,1,0.34375,0.05511811023622047,1.0,0.09448818897637795,-1.7783942695779869,0.015748031496062992
211,1,train:9017,0,0,1.0,1.0,0.6141732283464567,0.6141732283464567,1.7722345522839764,0.6614173228346457
212,1,train:359,1,1,1.0,1.0,0.7322834645669292,0.8503937007874016,1.1692709994994783,0.8188976377952756
213,1,train:7860,0,0,0.140625,0.2047244094488189,0.14173228346456693,0.14173228346456693,-1.005728384790853,0.1968503937007874
214,1,train:7510,0,1,1.0,1.0,0.41732283464566927,0.41732283464566927,-0.824737858994101,0.2755905511811024
215,1,test:2775,1,1,1.0,1.0,0.889763779527559,0.889763779527559,-0.3334603141478569,0.4094488188976378
216,1,train:7448,0,0,0.8046875,0.6929133858267716,0.7322834645669292,0.7322834645669292,1.9605710225941342,0.6929133858267716
217,1,train:8337,1,0,0.4765625,0.3858267716535433,1.0,0.5590551181102362,1.2543092589310418,0.5748031496062992
218,1,train:525,0,0,1.0,1.0,1.0,0.6929133858267716,0.7834680831556473,0.49606299212598426
219,1,train:1492,1,1,0.484375,0.25196850393700787,0.16535433070866143,0.16535433070866143,-1.7783942695779869,0.015748031496062992
220,1,train:3570,1,0,0.9921875,1.0,0.3858267716535433,0.3858267716535433,1.9134869050165948,0.6850393700787402
221,1,train:5815,1,1,1.0,1.0,0.7086614173228346,0.7086614173228346,0.7357908128704392,0.7007874015748031
222,1,train:1479,0,0,1.0,1.0,0.5196850393700787,0.5590551181102362,0.7363839655781078,0.4881889763779528
223,1,train:9366,1,1,1.0,1.0,0.09448818897637795,0.09448818897637795,-1.0559272918629217,0.2125984251968504
224,1,train:1727,0,0,0.6328125,0.3700787401574803,0.8031496062992126,0.12598425196850394,-1.005728384790853,0.1968503937007874
225,1,train:8105,0,0,0.953125,1.0,0.07086614173228346,0.3937007874015748,-0.723223679325616,0.2440944881889764
226,1,train:1727,0,1,1.0,1.0,0.1732283464566929,0.1732283464566929,1.458257790585504,0.8976377952755905
227,1,test:5610,0,0,0.328125,0.29133858267716534,0.08661417322834646,0.08661417322834646,-1.806158383609024,0.06299212598425197
228,1,train:5534,1,1,1.0,1.0,0.7559055118110236,0.7559055118110236,-0.3623589932564594,0.4015748031496063
229,1,train:10072,0,0,0.3046875,0.2677165354330709,0.31496062992125984,0.31496062992125984,-1.099896619945932,0.18110236220472442
230,1,train:5035,0,0,0.0859375,0.28346456692913385,0.14960629921259844,0.14960629921259844,-0.9586442672133135,0.2047244094488189
231,1,test:2463,0,0,0.328125,0.25196850393700787,0.015748031496062992,0.015748031496062992,-1.3824013254111687,0.13385826771653545
232,1,train:8488,0,0,0.984375,1.0,0.8346456692913385,0.8346456692913385,1.1130569061984237,0.5511811023622047
233,1,train:5456,1,1,1.0,1.0,0.6456692913385826,0.984251968503937,0.10001987248118197,0.5275590551181102
234,1,train:2809,1,1,1.0,1.0,0.5354330708661418,0.5354330708661418,-0.5646497470166777,0.3464566929133858
235,1,train:1884,0,0,0.953125,0.4094488188976378,0.47244094488188976,0.47244094488188976,0.31262690738025234,0.41732283464566927
236,1,train:4305,0,1,0.9453125,0.12598425196850394,0.06299212598425197,0.06299212598425197,-1.2004206874059347,0.1732283464566929
237,1,train:1609,1,1,1.0,1.0,0.7244094488188977,0.7244094488188977,-0.1889669186048439,0.44881889763779526
238,1,train:7170,1,1,1.0,1.0,0.33858267716535434,0.33858267716535434,1.3715617532596964,0.8740157480314961
239,1,test:9441,1,1,1.0,1.0,0.5984251968503937,0.5984251968503937,0.620196096436029,0.6692913385826772
240,1,test:5427,1,1,0.390625,0.3937007874015748,0.25984251968503935,0.8976377952755905,-0.391257672365062,0.3937007874015748
241,1,test:2775,0,0,0.0625,0.25196850393700787,0.5826771653543307,0.5826771653543307,-0.2994666211277608,0.31496062992125984
242,1,train:5809,1,1,0.875,0.4881889763779528,0.29133858267716534,0.44881889763779526,-0.3623589932564594,0.4015748031496063
243,1,train:7938,1,0,0.8671875,0.8976377952755905,0.33070866141732286,0.33070866141732286,1.018888671043345,0.5354330708661418
244,1,train:6476,1,1,0.9921875,0.41732283464566927,0.28346456692913385,0.28346456692913385,-1.113724650080127,0.1968503937007874
245,1,train:5809,0,0,1.0,1.0,0.8110236220472441,0.8110236220472441,1.3484774940861206,0.5905511811023622
246,1,train:1780,1,1,0.9921875,1.0,0.5590551181102362,0.5590551181102362,-0.1311695603876386,0.4645669291338583
247,1,test:5069,1,1,0.9609375,0.25196850393700787,0.6377952755905512,0.7086614173228346,0.18671590980699002,0.5511811023622047
248,1,train:8718,0,0,0.8515625,0.8031496062992126,0.5511811023622047,0.5511811023622047,-0.2523825035502214,0.3228346456692913
249,1,train:8857,0,0,0.9609375,1.0,0.7952755905511811,0.7952755905511811,-0.15821426839514227,0.33858267716535434
250,1,train:648,0,0,1.0,1.0,0.7480314960629921,0.7480314960629921,0.5480474952679499,0.4566929133858268
251,1,train:3539,0,0,0.4765625,0.2677165354330709,0.7244094488188977,0.7244094488188977,-1.0528125023683925,0.1889763779527559
252,1,train:9483,1,1,1.0,1.0,0.47244094488188976,0.47244094488188976,0.27341194713279765,0.5748031496062992
253,1,train:4944,1,1,0.9453125,0.4015748031496063,0.2677165354330709,0.2677165354330709,-0.7380418216682931,0.2992125984251969
254,1,train:2706,0,0,0.3125,0.4409448818897638,0.6141732283464567,0.5748031496062992,-1.3824013254111687,0.13385826771653545
255,1,train:2437,1,1,1.0,1.0,0.8661417322834646,0.8661417322834646,0.38900666356720826,0.6062992125984252
256,1,train:5300,0,0,1.0,1.0,0.984251968503937,0.984251968503937,0.07720631949255502,0.3779527559055118
257,1,train:5537,0,0,0.046875,0.2992125984251969,0.7559055118110236,0.7559055118110236,0.35971102495779206,0.4251968503937008
258,1,train:7170,0,0,1.0,1.0,0.8267716535433071,0.8267716535433071,1.2072251413535025,0.5669291338582677
259,1,train:7938,0,1,1.0,1.0,0.2440944881889764,0.2440944881889764,-0.4201563514736647,0.3858267716535433
260,1,train:3539,1,1,1.0,1.0,0.6220472440944882,0.6220472440944882,0.33120930535000276,0.5905511811023622
261,1,train:1727,1,1,1.0,1.0,0.31496062992125984,0.9921259842519685,0.04222251426397687,0.5118110236220472
262,1,train:1660,1,1,1.0,1.0,0.6929133858267716,0.6929133858267716,-0.5068523887994724,0.36220472440944884
263,1,train:5809,0,0,0.3515625,0.7322834645669292,0.3858267716535433,0.3858267716535433,-0.11113015081760289,0.3464566929133858
264,1,train:532,0,1,0.84375,0.28346456692913385,0.7086614173228346,0.7086614173228346,-1.5183061576005634,0.08661417322834646
265,1,train:709,1,1,1.0,1.0,0.06299212598425197,0.06299212598425197,-0.391257672365062,0.3937007874015748
266,1,train:3539,1,1,0.78125,0.30708661417322836,0.13385826771653545,0.9133858267716536,-0.8536365381027036,0.2677165354330709
267,1,train:8488,0,1,1.0,1.0,0.7007874015748031,0.8582677165354331,1.053676283065068,0.7874015748031497
268,1,train:4691,0,0,0.9609375,1.0,0.6141732283464567,0.6141732283464567,0.6892998480005681,0.48031496062992124
269,1,train:2706,0,0,0.578125,0.3464566929133858,0.6456692913385826,0.6456692913385826,1.0659727886208843,0.5433070866141733
270,1,train:5727,1,1,1.0,1.0,0.8976377952755905,0.8976377952755905,0.5046013800016185,0.6377952755905512
271,1,train:6845,1,1,1.0,1.0,0.47244094488188976,0.6692913385826772,-0.3334603141478569,0.4094488188976378
272,1,train:7451,0,0,0.0234375,0.30708661417322836,0.8818897637795275,0.8818897637795275,1.7251504347064364,0.6535433070866141
273,1,train:2453,1,1,0.9921875,1.0,0.3779527559055118,0.6692913385826772,-0.5646497470166777,0.3464566929133858
274,1,train:8337,0,0,0.8046875,0.7401574803149606,0.7165354330708661,0.7165354330708661,-1.3824013254111687,0.13385826771653545
275,1,test:9736,0,0,0.7109375,0.2755905511811024,0.6377952755905512,0.6377952755905512,-0.15821426839514227,0.33858267716535434
276,1,train:1479,1,1,1.0,1.0,1.0,0.7874015748031497,0.7646894919790418,0.7086614173228346
277,1,train:8487,0,0,1.0,1.0,0.8267716535433071,0.8267716535433071,1.6309821995513576,0.6377952755905512
278,1,train:7480,0,0,1.0,1.0,0.5196850393700787,0.5196850393700787,1.2543092589310418,0.5748031496062992
279,1,train:5555,0,0,0.484375,0.29133858267716534,0.2204724409448819,0.2204724409448819,-0.39363485628283956,0.2992125984251969
280,1,train:3089,1,1,0.9609375,1.0,0.7244094488188977,0.6377952755905512,-0.21786559771344646,0.4409448818897638
281,1,train:8857,0,0,0.9765625,1.0,0.6456692913385826,0.6456692913385826,0.1242904370700944,0.3858267716535433
282,1,train:2204,1,0,0.03125,0.2677165354330709,1.0,0.7401574803149606,-1.1940648551010107,0.16535433070866143
283,1,train:7480,0,0,0.984375,1.0,0.937007874015748,0.937007874015748,0.6422157304230287,0.47244094488188976
284,1,train:5282,1,0,0.1875,0.2755905511811024,0.36220472440944884,0.36220472440944884,-0.7703077969031555,0.23622047244094488
285,1,test:5610,0,0,0.546875,0.29133858267716534,0.5511811023622047,0.5511811023622047,0.45387926011287083,0.4409448818897638
286,1,train:2343,0,1,0.765625,0.2677165354330709,0.2047244094488189,0.2047244094488189,-1.2871167247317425,0.14960629921259844
287,1,train:2544,1,1,1.0,1.0,1.0,0.4881889763779528,0.24451326802419512,0.5669291338582677
288,1,train:4916,0,0,1.0,1.0,0.6377952755905512,0.6377952755905512,0.45387926011287083,0.4409448818897638
289,1,train:4944,0,0,0.3828125,0.28346456692913385,0.16535433070866143,0.16535433070866143,-0.7703077969031555,0.23622047244094488
290,1,train:6673,1,1,0.96875,0.29133858267716534,0.44881889763779526,0.44881889763779526,-0.24676427682204902,0.4330708661417323
291,1,train:2453,1,1,0.96875,1.0,0.6062992125984252,0.6062992125984252,-0.391257672365062,0.3937007874015748
292,1,train:8057,1,1,1.0,1.0,0.8818897637795275,0.8818897637795275,0.38900666356720826,0.6062992125984252
293,1,train:708,0,0,0.453125,0.25196850393700787,0.47244094488188976,0.47244094488188976,-0.2523825035502214,0.3228346456692913
294,1,train:5364,1,1,0.9921875,1.0,0.6771653543307087,0.6771653543307087,0.6490947755446316,0.6771653543307087
295,1,train:9284,1,0,0.7734375,0.8503937007874016,0.6377952755905512,0.6377952755905512,0.6892998480005681,0.48031496062992124
296,1,train:5815,1,1,1.0,1.0,0.889763779527559,0.25196850393700787,-0.07337220217043353,0.48031496062992124
297,1,train:8488,1,1,1.0,0.3464566929133858,0.3858267716535433,0.3858267716535433,0.3023106262414002,0.5826771653543307
298,1,train:7448,0,0,0.8203125,0.5354330708661418,0.4330708661417323,0.4330708661417323,1.1130569061984237,0.5511811023622047
299,1,train:5167,0,1,0.9140625,0.49606299212598426,0.05511811023622047,0.05511811023622047,-1.5472048367091662,0.07874015748031496
300,1,train:8105,0,0,1.0,1.0,1.0,0.8110236220472441,1.2072251413535025,0.5669291338582677
301,1,test:5610,0,1,0.8359375,0.5984251968503937,0.5354330708661418,0.5354330708661418,-0.824737858994101,0.2755905511811024
302,1,train:999,1,1,0.671875,0.31496062992125984,0.07874015748031496,0.28346456692913385,-1.25821804562314,0.15748031496062992
303,1,train:7510,1,1,0.578125,0.25984251968503935,0.14960629921259844,0.13385826771653545,-1.2293193665145372,0.16535433070866143
304,1,train:3637,0,0,0.0234375,0.25984251968503935,0.13385826771653545,0.13385826771653545,-0.4878030914379187,0.28346456692913385
305,1,train:4944,0,0,0.453125,0.25984251968503935,0.09448818897637795,0.09448818897637795,-0.2994666211277608,0.31496062992125984
306,1,train:5035,0,0,0.0078125,0.047244094488188976,0.05511811023622047,0.05511811023622047,-1.7590742660314846,0.07086614173228346
307,1,train:4691,1,1,1.0,1.0,0.48031496062992124,0.48031496062992124,0.3023106262414002,0.5826771653543307
308,1,train:7860,0,0,0.046875,0.18110236220472442,0.2992125984251969,0.2992125984251969,-2.041578971496721,0.023622047244094488
309,1,train:8718,0,0,0.828125,0.8661417322834646,0.2047244094488189,0.2047244094488189,-0.9115601496357739,0.2125984251968504
310,1,train:5366,0,0,0.1953125,0.28346456692913385,0.8188976377952756,0.8188976377952756,0.17137455464763413,0.3937007874015748
311,1,train:1660,1,1,1.0,1.0,0.8267716535433071,0.8267716535433071,0.33120930535000276,0.5905511811023622
312,1,train:9994,0,0,0.390625,0.28346456692913385,0.1889763779527559,0.1889763779527559,-0.3465507387053002,0.30708661417322836
313,1,train:8857,0,0,0.875,0.6141732283464567,1.0,0.6929133858267716,-0.2523825035502214,0.3228346456692913
314,1,train:5877,1,0,0.015625,0.2204724409448819,0.41732283464566927,0.2283464566929134,-0.44071897386037934,0.29133858267716534
315,1,train:6421,0,0,1.0,1.0,0.9448818897637795,0.9448818897637795,0.17137455464763413,0.3937007874015748
316,1,train:9773,1,0,0.1171875,0.25984251968503935,0.7874015748031497,0.7874015748031497,-0.534887209015458,0.2755905511811024
317,1,train:3706,0,0,0.8828125,0.7007874015748031,0.8818897637795275,0.84251968503937,0.1242904370700944,0.3858267716535433
318,1,train:708,0,0,0.9609375,0.5826771653543307,0.7795275590551181,0.7795275590551181,0.6422157304230287,0.47244094488188976
319,1,train:1492,1,1,1.0,0.31496062992125984,0.07086614173228346,0.07086614173228346,-1.5472048367091662,0.07874015748031496
320,1,train:9017,0,0,0.9375,1.0,0.4566929133858268,0.4566929133858268,0.7363839655781078,0.4881889763779528
321,1,train:6845,0,0,0.34375,0.2204724409448819,0.25984251968503935,0.25984251968503935,0.8305522007331867,0.5039370078740157
322,1,train:8576,1,1,1.0,1.0,0.2440944881889764,0.2440944881889764,0.3601079844586057,0.5984251968503937
323,1,train:2706,0,1,0.7578125,0.14173228346456693,0.2440944881889764,0.2440944881889764,-0.9692312545371139,0.23622047244094488
324,1,test:8237,0,1,0.9921875,1.0,0.4409448818897638,0.4409448818897638,-0.9981299336457164,0.2283464566929134
325,1,train:8337,1,0,0.2265625,0.2283464566929134,0.08661417322834646,0.08661417322834646,-0.5819713265929974,0.2677165354330709
326,1,train:2437,1,1,1.0,1.0,0.6062992125984252,0.6062992125984252,1.3715617532596964,0.8740157480314961
327,1,train:6845,1,1,1.0,1.0,0.5590551181102362,0.5590551181102362,0.533500059110221,0.6456692913385826
328,1,train:2970,1,1,0.9921875,0.031496062992125984,0.023622047244094488,0.023622047244094488,-1.8072929486865894,0.007874015748031496
329,1,train:5222,1,1,1.0,1.0,0.5748031496062992,0.9763779527559056,1.2270683577166834,0.8346456692913385
330,1,train:6638,1,1,1.0,1.0,0.23622047244094488,0.15748031496062992,-1.0559272918629217,0.2125984251968504
331,1,train:7877,0,0,0.9765625,0.48031496062992124,1.0,0.47244094488188976,0.8305522007331867,0.5039370078740157
332,1,train:3539,0,0,0.9296875,0.7401574803149606,0.44881889763779526,0.4881889763779528,0.8305522007331867,0.5039370078740157
333,1,train:1727,0,0,0.671875,0.25196850393700787,0.8740157480314961,0.8740157480314961,-0.11113015081760289,0.3464566929133858
334,1,train:2814,0,0,1.0,1.0,0.31496062992125984,0.31496062992125984,1.4426457292412,0.6062992125984252
335,1,train:5496,1,1,1.0,1.0,0.11023622047244094,0.11023622047244094,1.8050419398887356,0.9921259842519685
336,1,train:17,0,0,1.0,1.0,1.0,0.7007874015748031,0.40679514253533144,0.4330708661417323
337,1,train:5815,1,1,1.0,0.4330708661417323,0.7007874015748031,0.7007874015748031,-0.4779537096908698,0.3700787401574803
338,1,train:8857,1,1,0.984375,0.5590551181102362,0.14173228346456693,0.6299212598425197,-0.7380418216682931,0.2992125984251969
339,1,train:5343,1,1,0.8515625,0.3464566929133858,0.18110236220472442,0.18110236220472442,0.24451326802419512,0.5669291338582677
340,1,train:2437,1,1,1.0,1.0,0.9763779527559056,0.5905511811023622,-0.9403325754285113,0.2440944881889764
341,1,train:8576,1,1,1.0,1.0,0.36220472440944884,0.36220472440944884,1.8339406189973382,1.0
342,1,train:6421,1,0,0.953125,0.9763779527559056,0.952755905511811,0.952755905511811,-0.3465507387053002,0.30708661417322836
343,1,test:6949,1,0,0.5234375,0.25984251968503935,0.9133858267716536,0.9133858267716536,0.030122201915015624,0.3700787401574803
344,1,train:5765,1,1,1.0,1.0,0.5590551181102362,0.5590551181102362,-0.9692312545371139,0.23622047244094488
345,1,train:3230,0,0,0.8828125,0.25196850393700787,0.4251968503937008,0.4251968503937008,-0.01696191566252377,0.36220472440944884
346,1,train:3539,0,0,0.8515625,0.3779527559055118,0.48031496062992124,0.48031496062992124,-1.2882330902560897,0.14960629921259844
347,1,train:4944,0,0,0.7265625,0.3464566929133858,0.7244094488188977,0.9133858267716536,-1.523653678143787,0.11023622047244094
348,1,train:6845,0,1,1.0,1.0,0.889763779527559,0.889763779527559,-0.4779537096908698,0.3700787401574803
349,1,test:5610,0,0,1.0,1.0,0.5354330708661418,0.5354330708661418,0.030122201915015624,0.3700787401574803
350,1,train:5815,1,0,0.1015625,0.25984251968503935,1.0,0.2204724409448819,-0.8173919144806949,0.2283464566929134
351,1,train:5534,1,0,0.15625,0.3228346456692913,0.15748031496062992,0.15748031496062992,-0.20529838597268169,0.33070866141732286
352,1,train:1033,0,0,0.0078125,0.29133858267716534,0.36220472440944884,0.2755905511811024,0.9718045534658049,0.5275590551181102
353,1,train:1999,1,1,0.8984375,0.25984251968503935,0.8661417322834646,0.8661417322834646,-1.5183061576005634,0.08661417322834646
354,1,train:262,0,1,0.734375,0.03937007874015748,0.05511811023622047,0.11023622047244094,0.15781723069838746,0.5433070866141733
355,1,train:9037,0,0,0.3671875,0.2992125984251969,0.8661417322834646,0.8661417322834646,0.07720631949255502,0.3779527559055118
356,1,train:5035,0,1,1.0,0.3228346456692913,0.1968503937007874,0.6299212598425197,1.1692709994994783,0.8188976377952756
357,1,train:8116,0,1,0.96875,0.7637795275590551,0.36220472440944884,0.937007874015748,-0.4201563514736647,0.3858267716535433
358,1,train:4929,1,1,1.0,1.0,0.7086614173228346,0.7086614173228346,1.8339406189973382,1.0
359,1,train:1033,0,0,0.7265625,0.25196850393700787,0.84251968503937,0.84251968503937,1.4897298468187394,0.6141732283464567
360,1,train:5816,1,1,0.984375,1.0,0.7322834645669292,0.7716535433070866,0.21561458891559257,0.5590551181102362
361,1,test:6949,1,1,0.9921875,1.0,0.5433070866141733,0.5433070866141733,-0.21786559771344646,0.4409448818897638
362,1,train:6476,1,1,0.90625,0.7086614173228346,0.8188976377952756,0.7637795275590551,0.21561458891559257,0.5590551181102362
363,1,train:5534,1,0,0.1015625,0.11023622047244094,0.14173228346456693,0.14173228346456693,0.31262690738025234,0.41732283464566927
364,1,test:9736,0,0,0.828125,0.4881889763779528,0.6141732283464567,0.6141732283464567,0.1242904370700944,0.3858267716535433
365,1,test:9441,0,1,1.0,1.0,0.3464566929133858,0.3464566929133858,1.4293591114769015,0.889763779527559
366,1,train:5815,1,0,0.6796875,0.3779527559055118,0.7165354330708661,0.7165354330708661,0.6422157304230287,0.47244094488188976
367,1,train:860,1,1,0.984375,0.5590551181102362,0.31496062992125984,0.31496062992125984,-1.4316101202747555,0.11023622047244094
368,1,train:2590,1,1,1.0,1.0,0.4566929133858268,0.5275590551181102,-0.8536365381027036,0.2677165354330709
369,1,train:6569,0,0,1.0,1.0,0.4330708661417323,0.4330708661417323,0.17137455464763413,0.3937007874015748
370,1,train:4691,1,1,1.0,1.0,0.4881889763779528,0.4881889763779528,0.4179053426758108,0.6141732283464567
371,1,train:2970,1,1,1.0,1.0,0.49606299212598426,0.49606299212598426,-0.8536365381027036,0.2677165354330709
372,1,train:1727,1,1,0.9765625,1.0,1.0,0.41732283464566927,0.07112119337257942,0.5196850393700787
373,1,train:2970,1,1,1.0,1.0,1.0,0.6850393700787402,-0.015574843953228222,0.49606299212598426
374,1,train:9037,1,0,0.609375,0.4881889763779528,0.30708661417322836,0.30708661417322836,0.26554278980271295,0.4094488188976378
375,1,train:1884,1,1,0.6640625,0.25196850393700787,0.23622047244094488,0.23622047244094488,-0.4201563514736647,0.3858267716535433
376,1,train:6845,1,1,1.0,1.0,0.3937007874015748,0.3937007874015748,-0.824737858994101,0.2755905511811024
377,1,train:8462,1,1,0.5625,0.05511811023622047,0.023622047244094488,0.023622047244094488,-1.7205969113607815,0.031496062992125984
378,1,train:860,1,1,1.0,1.0,0.5984251968503937,0.6692913385826772,1.4293591114769015,0.889763779527559
379,1,train:3637,0,0,0.5234375,0.29133858267716534,0.4330708661417323,0.4330708661417323,0.1242904370700944,0.3858267716535433
380,1,train:8116,0,0,0.2578125,0.29133858267716534,0.4645669291338583,0.5118110236220472,0.1242904370700944,0.3858267716535433
381,1,train:525,1,0,0.8203125,0.3543307086614173,0.13385826771653545,0.13385826771653545,-1.0528125023683925,0.1889763779527559
382,1,train:328,1,1,1.0,1.0,0.6929133858267716,0.6929133858267716,0.4179053426758108,0.6141732283464567
383,1,test:8237,0,0,0.3984375,0.3700787401574803,0.06299212598425197,0.06299212598425197,-1.5707377957213267,0.10236220472440945
384,1,train:6438,1,0,0.1640625,0.2755905511811024,0.14960629921259844,0.14960629921259844,-0.534887209015458,0.2755905511811024
385,1,train:1780,0,0,0.5703125,0.25196850393700787,0.3779527559055118,0.3779527559055118,-0.4878030914379187,0.28346456692913385
386,1,train:8030,1,0,0.875,0.2677165354330709,0.3779527559055118,0.3779527559055118,-1.9474107363416426,0.03937007874015748
387,1,train:4514,0,0,0.515625,0.25984251968503935,0.6850393700787402,0.6850393700787402,0.8776363183107261,0.5118110236220472
388,1,train:999,1,0,0.9921875,0.6929133858267716,0.6299212598425197,0.6299212598425197,1.018888671043345,0.5354330708661418
389,1,train:2814,0,1,1.0,1.0,1.0,0.3779527559055118,-0.5357510679080751,0.3543307086614173
390,1,train:8857,0,0,0.1640625,0.25196850393700787,0.11023622047244094,0.11023622047244094,-1.2411489726785503,0.15748031496062992
391,1,train:4334,1,1,1.0,0.25984251968503935,0.14960629921259844,0.14960629921259844,0.7935881710876443,0.7165354330708661
392,1,train:6638,1,1,1.0,1.0,0.7086614173228346,0.7086614173228346,-0.391257672365062,0.3937007874015748
393,1,train:2437,1,1,1.0,1.0,0.8188976377952756,0.8188976377952756,1.2848657159338888,0.8503937007874016
394,1,train:1884,1,1,1.0,1.0,0.30708661417322836,0.30708661417322836,-0.1311695603876386,0.4645669291338583
395,1,train:5809,0,1,1.0,1.0,0.7244094488188977,0.6614173228346457,0.3023106262414002,0.5826771653543307
396,1,train:8576,1,1,1.0,1.0,0.5748031496062992,0.968503937007874,0.6490947755446316,0.6771653543307087
397,1,train:5534,1,1,1.0,1.0,0.7559055118110236,0.7559055118110236,-1.171522008297332,0.18110236220472442
398,1,train:2102,0,0,0.7890625,0.28346456692913385,0.6614173228346457,0.6614173228346457,1.2072251413535025,0.5669291338582677
399,1,train:2814,1,1,0.3203125,0.11811023622047244,0.047244094488188976,0.047244094488188976,-0.015574843953228222,0.49606299212598426
400,1,train:3539,0,0,0.8515625,0.5039370078740157,0.6220472440944882,0.5433070866141733,-0.5819713265929974,0.2677165354330709
401,1,train:8337,1,1,0.9921875,1.0,0.5590551181102362,0.5590551181102362,0.96698024573926,0.7637795275590551
402,1,train:8669,1,1,0.96875,0.8188976377952756,0.36220472440944884,0.36220472440944884,-1.0848259709715244,0.2047244094488189
403,1,train:6505,1,1,1.0,1.0,0.5118110236220472,0.5118110236220472,-0.5935484261252802,0.33858267716535434
404,1,train:1999,1,1,0.9921875,1.0,0.4645669291338583,0.4645669291338583,-0.1311695603876386,0.4645669291338583
405,1,train:648,0,0,1.0,0.2755905511811024,0.4094488188976378,0.4094488188976378,-1.9474107363416426,0.03937007874015748
406,1,train:7510,1,0,0.21875,0.3858267716535433,0.7559055118110236,0.7559055118110236,0.8305522007331867,0.5039370078740157
407,1,train:9284,1,1,0.9453125,1.0,0.5905511811023622,0.8976377952755905,-0.7380418216682931,0.2992125984251969
408,1,train:8269,1,0,0.15625,0.25984251968503935,0.6929133858267716,0.6929133858267716,-1.7590742660314846,0.07086614173228346
409,1,train:4929,1,1,0.9921875,1.0,0.937007874015748,0.937007874015748,-0.5935484261252802,0.33858267716535434
410,1,train:17,0,1,1.0,1.0,0.5354330708661418,0.5354330708661418,1.8050419398887356,0.9921259842519685
411,1,train:1660,1,1,0.9140625,0.9921259842519685,0.6062992125984252,0.6062992125984252,-0.5935484261252802,0.33858267716535434
412,1,test:5069,1,1,1.0,1.0,0.6929133858267716,0.9763779527559056,0.96698024573926,0.7637795275590551
413,1,train:1780,1,1,1.0,1.0,0.8188976377952756,0.8188976377952756,0.15781723069838746,0.5433070866141733
414,1,train:8451,0,0,0.4375,0.25196850393700787,0.33070866141732286,0.33070866141732286,0.21845867222517354,0.4015748031496063
415,1,train:9397,1,1,0.9921875,1.0,0.5905511811023622,0.5905511811023622,-1.25821804562314,0.15748031496062992
416,1,test:5427,0,1,0.8828125,0.8031496062992126,0.4645669291338583,0.4645669291338583,0.8513855293048499,0.7322834645669292
417,1,train:5343,0,1,0.8671875,0.23622047244094488,0.11811023622047244,0.05511811023622047,-1.5472048367091662,0.07874015748031496
418,1,train:4916,0,0,1.0,1.0,0.49606299212598426,0.49606299212598426,0.9247204358882655,0.5196850393700787
419,1,train:1999,0,0,0.1640625,0.31496062992125984,0.3937007874015748,0.3937007874015748,-0.44071897386037934,0.29133858267716534
420,1,train:860,1,1,1.0,1.0,0.7795275590551181,0.7795275590551181,0.9380815666306574,0.7559055118110236
421,1,train:7612,1,1,0.9921875,0.25984251968503935,0.14960629921259844,0.14960629921259844,-1.113724650080127,0.1968503937007874
422,1,test:5427,1,0,0.2421875,0.11811023622047244,0.05511811023622047,0.05511811023622047,-1.7590742660314846,0.07086614173228346
423,1,train:10072,0,0,0.59375,0.33070866141732286,0.4409448818897638,0.4409448818897638,1.2543092589310418,0.5748031496062992
424,1,train:6673,1,1,0.9609375,0.25196850393700787,0.6771653543307087,0.6771653543307087,-0.5357510679080751,0.3543307086614173
425,1,train:7860,1,1,1.0,1.0,0.3937007874015748,0.3937007874015748,-0.9981299336457164,0.2283464566929134
426,1,train:4916,0,0,0.28125,0.2755905511811024,1.0,0.8503937007874016,-1.1940648551010107,0.16535433070866143
427,1,train:5366,1,1,0.640625,0.2992125984251969,0.2047244094488189,0.2047244094488189,-1.6339008740349739,0.05511811023622047
428,1,test:2463,0,0,0.8828125,0.8582677165354331,0.5039370078740157,0.984251968503937,0.17137455464763413,0.3937007874015748
429,1,train:8105,0,0,0.296875,0.30708661417322836,0.1889763779527559,0.1889763779527559,0.31262690738025234,0.41732283464566927
430,1,train:2343,0,1,0.7265625,0.44881889763779526,0.2440944881889764,0.2440944881889764,-1.113724650080127,0.1968503937007874
431,1,train:9397,0,0,1.0,1.0,1.0,0.41732283464566927,0.6422157304230287,0.47244094488188976
432,1,train:8337,0,0,1.0,1.0,0.8188976377952756,0.8188976377952756,1.018888671043345,0.5354330708661418
433,1,train:1999,1,1,0.9921875,0.29133858267716534,0.8503937007874016,0.6692913385826772,0.12891855158978494,0.5354330708661418
434,1,train:5534,1,1,0.9921875,1.0,0.6614173228346457,0.6614173228346457,1.1692709994994783,0.8188976377952756
435,1,test:9441,0,0,0.9609375,1.0,0.31496062992125984,0.31496062992125984,-0.2523825035502214,0.3228346456692913
436,1,train:8756,1,1,1.0,1.0,0.84251968503937,0.84251968503937,0.9380815666306574,0.7559055118110236
437,1,train:5644,1,1,1.0,0.13385826771653545,0.25984251968503935,0.25984251968503935,0.6779934546532341,0.6850393700787402
438,1,train:860,1,0,0.0078125,0.07874015748031496,0.9291338582677166,0.9291338582677166,0.17137455464763413,0.3937007874015748
439,1,train:4691,0,0,0.1953125,0.25984251968503935,0.28346456692913385,0.28346456692913385,-1.9474107363416426,0.03937007874015748
440,1,train:7480,0,0,0.5703125,0.2992125984251969,0.7716535433070866,0.7716535433070866,0.030122201915015624,0.3700787401574803
441,1,train:8116,0,0,0.6171875,0.5511811023622047,0.9763779527559056,0.9763779527559056,-0.15821426839514227,0.33858267716535434
442,1,train:3539,0,0,0.8046875,0.7401574803149606,0.7401574803149606,0.7401574803149606,1.2072251413535025,0.5669291338582677
443,1,train:5534,0,1,1.0,1.0,0.4015748031496063,0.4094488188976378,-0.5935484261252802,0.33858267716535434
444,1,train:5574,1,1,0.984375,0.25984251968503935,0.7559055118110236,0.7244094488188977,0.44680402178441336,0.6220472440944882
445,1,test:5610,0,0,1.0,1.0,0.3543307086614173,0.3543307086614173,-0.20529838597268169,0.33070866141732286
446,1,train:6415,0,0,0.890625,0.5984251968503937,1.0,0.6220472440944882,-0.15821426839514227,0.33858267716535434
447,1,train:1266,0,0,0.2890625,0.30708661417322836,0.09448818897637795,0.09448818897637795,0.45387926011287083,0.4409448818897638
448,1,test:5610,0,0,0.171875,0.11811023622047244,0.3937007874015748,0.3937007874015748,-1.9474107363416426,0.03937007874015748
449,1,train:5809,1,1,1.0,1.0,0.5905511811023622,0.5905511811023622,0.04222251426397687,0.5118110236220472
450,1,train:5765,1,1,1.0,0.31496062992125984,0.25984251968503935,0.25984251968503935,-1.5183061576005634,0.08661417322834646
451,1,train:5574,0,1,1.0,1.0,0.8818897637795275,0.8818897637795275,0.38900666356720826,0.6062992125984252
452,1,train:5816,0,1,1.0,1.0,0.84251968503937,0.84251968503937,0.3601079844586057,0.5984251968503937
453,1,train:5222,1,1,1.0,1.0,0.7007874015748031,0.5826771653543307,0.9380815666306574,0.7559055118110236
454,1,test:5069,0,1,1.0,0.2992125984251969,0.49606299212598426,0.5118110236220472,0.24451326802419512,0.5669291338582677
455,1,train:308,1,0,0.2421875,0.25196850393700787,0.015748031496062992,0.015748031496062992,-0.39363485628283956,0.2992125984251969
456,1,train:3089,1,1,0.734375,0.2992125984251969,0.05511811023622047,0.7795275590551181,-1.5761035158177688,0.07086614173228346
457,1,train:17,0,0,0.828125,0.4566929133858268,0.6929133858267716,0.6929133858267716,0.6892998480005681,0.48031496062992124
458,1,train:9188,0,0,0.703125,0.28346456692913385,0.7086614173228346,0.7086614173228346,0.9718045534658049,0.5275590551181102
459,1,train:4929,1,1,1.0,1.0,0.14173228346456693,0.14173228346456693,0.7068921337618367,0.6929133858267716
460,1,train:708,1,1,1.0,1.0,0.5118110236220472,0.5118110236220472,1.1114736412822732,0.8031496062992126
461,1,train:9104,1,1,0.6640625,0.16535433070866143,0.25984251968503935,0.25984251968503935,-1.6339008740349739,0.05511811023622047
462,1,train:8857,0,0,1.0,1.0,0.5826771653543307,0.5826771653543307,1.3955616116636607,0.5984251968503937
463,1,train:328,1,1,1.0,1.0,0.6220472440944882,0.9763779527559056,0.4757027008930159,0.6299212598425197
464,1,train:6415,0,0,0.2265625,0.12598425196850394,0.007874015748031496,0.007874015748031496,-1.9003266187641028,0.047244094488188976
465,1,train:868,1,1,1.0,1.0,1.0,0.984251968503937,0.9958789248478626,0.7716535433070866
466,1,test:5069,1,1,1.0,1.0,0.84251968503937,0.84251968503937,0.620196096436029,0.6692913385826772
467,1,train:328,0,0,0.90625,1.0,0.47244094488188976,0.47244094488188976,2.33724396321445,0.7559055118110236
468,1,test:5427,0,0,0.8359375,0.31496062992125984,0.5354330708661418,0.6456692913385826,1.3484774940861206,0.5905511811023622
469,1,train:3706,0,0,0.8125,0.30708661417322836,0.889763779527559,0.889763779527559,1.0659727886208843,0.5433070866141733
470,1,train:7170,1,1,0.984375,0.984251968503937,0.7716535433070866,0.937007874015748,0.18671590980699002,0.5511811023622047
471,1,train:6505,1,1,1.0,1.0,0.4094488188976378,0.25196850393700787,1.3426630741510939,0.8661417322834646
472,1,train:8669,0,0,0.984375,1.0,0.1889763779527559,0.1889763779527559,-0.4878030914379187,0.28346456692913385
473,1,train:1780,1,1,1.0,0.12598425196850394,0.07086614173228346,0.07086614173228346,-1.7205969113607815,0.031496062992125984
474,1,train:6638,1,1,0.9140625,0.3228346456692913,0.7086614173228346,0.7086614173228346,-0.7380418216682931,0.2992125984251969
475,1,train:4916,0,0,1.0,1.0,0.6299212598425197,0.6299212598425197,1.4426457292412,0.6062992125984252
476,1,train:5877,1,0,0.2421875,0.25984251968503935,0.4409448818897638,0.4409448818897638,0.7834680831556473,0.49606299212598426
477,1,train:359,1,1,1.0,1.0,0.41732283464566927,1.0,-0.5357510679080751,0.3543307086614173
478,1,train:1266,0,0,0.1875,0.3464566929133858,0.16535433070866143,0.16535433070866143,-0.8173919144806949,0.2283464566929134
479,1,train:2272,0,0,0.1328125,0.4330708661417323,1.0,0.2440944881889764,-0.9115601496357739,0.2125984251968504
480,1,train:5765,1,1,1.0,1.0,0.4015748031496063,0.4015748031496063,0.21561458891559257,0.5590551181102362
481,1,train:5574,1,1,1.0,1.0,0.5039370078740157,0.7559055118110236,1.400460432368299,0.8818897637795275
482,1,train:9994,0,0,0.359375,0.3464566929133858,0.11023622047244094,0.1732283464566929,-1.1940648551010107,0.16535433070866143
483,1,train:2753,0,0,1.0,1.0,1.0,0.6377952755905512,0.6892998480005681,0.48031496062992124
484,1,train:3570,1,1,1.0,1.0,0.8976377952755905,0.8976377952755905,0.9958789248478626,0.7716535433070866
485,1,train:2590,1,1,0.9921875,1.0,0.33858267716535434,0.33858267716535434,-0.5935484261252802,0.33858267716535434
486,1,train:5496,1,1,0.9921875,1.0,1.0,0.5669291338582677,0.9380815666306574,0.7559055118110236
487,1,train:2272,0,1,1.0,1.0,0.29133858267716534,0.29133858267716534,1.8339406189973382,1.0
488,1,train:532,1,1,0.8515625,0.3858267716535433,0.8110236220472441,0.8110236220472441,-0.5646497470166777,0.3464566929133858
489,1,test:6949,1,1,1.0,1.0,0.3858267716535433,0.3858267716535433,-0.27566295593065154,0.4251968503937008
490,1,train:5282,1,0,1.0,1.0,0.8740157480314961,0.8740157480314961,-0.11113015081760289,0.3464566929133858
491,1,train:4929,1,1,1.0,1.0,1.0,0.8110236220472441,-0.16006823949624116,0.4566929133858268
492,1,train:7448,0,0,1.0,1.0,0.8976377952755905,0.8976377952755905,2.384328080791989,0.7637795275590551
493,1,train:2272,0,1,1.0,0.8661417322834646,0.5590551181102362,0.8661417322834646,-0.5068523887994724,0.36220472440944884
494,1,train:1958,0,0,0.1484375,0.28346456692913385,0.047244094488188976,0.047244094488188976,0.17137455464763413,0.3937007874015748
495,1,train:709,1,1,1.0,1.0,0.8188976377952756,0.8188976377952756,-0.3623589932564594,0.4015748031496063
496,1,train:262,0,1,1.0,1.0,0.6062992125984252,0.7559055118110236,-1.5761035158177688,0.07086614173228346
497,1,train:5222,0,0,0.0078125,0.25196850393700787,0.16535433070866143,0.16535433070866143,-1.1940648551010107,0.16535433070866143
498,1,train:359,1,1,1.0,1.0,0.6850393700787402,0.9921259842519685,-0.3334603141478569,0.4094488188976378
499,1,train:4334,0,1,0.984375,0.25196850393700787,0.6141732283464567,0.16535433070866143,-1.3449140829489479,0.13385826771653545
500,1,train:4916,0,0,1.0,1.0,1.0,0.5039370078740157,0.40679514253533144,0.4330708661417323
501,1,train:7590,0,0,0.484375,0.25984251968503935,0.06299212598425197,0.06299212598425197,0.9247204358882655,0.5196850393700787
502,1,train:4916,0,0,0.9375,0.5984251968503937,0.5275590551181102,0.5275590551181102,-0.723223679325616,0.2440944881889764
503,1,train:6374,1,1,0.953125,0.5039370078740157,0.8818897637795275,0.6850393700787402,-1.4605087993833583,0.10236220472440945
504,1,train:8488,1,1,1.0,1.0,0.5354330708661418,0.5354330708661418,1.8339406189973382,1.0
505,1,train:6372,0,0,1.0,1.0,0.937007874015748,0.905511811023622,1.3484774940861206,0.5905511811023622
506,1,train:9017,0,0,1.0,1.0,0.5984251968503937,0.5984251968503937,0.8776363183107261,0.5118110236220472
507,1,train:7170,0,0,0.0078125,0.09448818897637795,0.2677165354330709,0.2677165354330709,-1.0528125023683925,0.1889763779527559
508,1,train:3733,1,0,0.4453125,0.2755905511811024,0.5196850393700787,0.5196850393700787,0.8776363183107261,0.5118110236220472
509,1,train:7170,1,0,0.4296875,0.1889763779527559,0.25196850393700787,0.25196850393700787,0.1242904370700944,0.3858267716535433
510,1,train:418,0,0,0.375,0.28346456692913385,0.08661417322834646,0.08661417322834646,0.45387926011287083,0.4409448818897638
511,1,train:7170,0,0,0.8671875,0.2755905511811024,0.7795275590551181,0.7795275590551181,0.5009633776904102,0.44881889763779526
512,1,train:1266,1,1,0.8203125,0.14173228346456693,0.09448818897637795,0.8818897637795275,0.9380815666306574,0.7559055118110236
513,1,train:532,1,1,1.0,1.0,0.6850393700787402,0.6850393700787402,0.3601079844586057,0.5984251968503937
514,1,train:9366,1,0,0.625,0.2283464566929134,0.3779527559055118,0.3779527559055118,-0.2994666211277608,0.31496062992125984
515,1,train:7938,1,1,1.0,1.0,0.33070866141732286,0.33070866141732286,0.27341194713279765,0.5748031496062992
516,1,train:9366,1,1,0.875,0.5748031496062992,0.7086614173228346,0.7086614173228346,0.533500059110221,0.6456692913385826
517,1,train:5537,1,0,0.15625,0.25196850393700787,0.3464566929133858,0.4566929133858268,-1.1469807375234713,0.1732283464566929
518,1,train:9816,0,0,0.140625,0.25196850393700787,0.14960629921259844,0.14960629921259844,-1.1469807375234713,0.1732283464566929
519,1,train:7877,1,1,0.65625,0.25984251968503935,0.25984251968503935,0.8031496062992126,-1.0270286127543193,0.2204724409448819
520,1,train:4514,0,0,0.2890625,0.3858267716535433,0.3543307086614173,0.3543307086614173,-1.3353172078336293,0.14173228346456693
521,1,train:3570,0,0,0.3828125,0.28346456692913385,0.905511811023622,0.905511811023622,-0.3465507387053002,0.30708661417322836
522,1,train:1999,1,1,0.9765625,0.9291338582677166,0.2047244094488189,0.2047244094488189,0.18671590980699002,0.5511811023622047
523,1,train:2453,1,1,1.0,1.0,0.9921259842519685,0.9921259842519685,-0.10227088127903607,0.47244094488188976
524,1,train:7451,0,1,0.9765625,0.09448818897637795,0.2992125984251969,0.11023622047244094,-0.5935484261252802,0.33858267716535434
525,1,train:5816,1,1,0.8984375,0.5275590551181102,0.031496062992125984,0.07874015748031496,-1.749495590469384,0.023622047244094488
526,1,test:5069,1,1,1.0,1.0,0.8503937007874016,0.8503937007874016,0.10001987248118197,0.5275590551181102
527,1,train:5765,1,1,1.0,1.0,0.3543307086614173,0.3543307086614173,-0.44905503058226726,0.3779527559055118
528,1,train:1033,0,0,0.9765625,0.9763779527559056,0.4330708661417323,0.4330708661417323,-0.44071897386037934,0.29133858267716534
529,1,train:3089,0,0,0.4921875,0.1889763779527559,0.047244094488188976,0.047244094488188976,-1.9474107363416426,0.03937007874015748
530,1,train:9994,0,0,1.0,1.0,0.8740157480314961,0.8740157480314961,0.8776363183107261,0.5118110236220472
531,1,train:4691,1,1,0.546875,0.10236220472440945,0.1732283464566929,0.1732283464566929,-0.680244463451088,0.31496062992125984
532,1,train:418,0,0,1.0,1.0,0.7637795275590551,0.7637795275590551,0.8305522007331867,0.5039370078740157
533,1,test:5610,1,0,0.4140625,0.25196850393700787,0.6614173228346457,0.6614173228346457,0.1242904370700944,0.3858267716535433
534,1,train:1866,1,1,1.0,0.968503937007874,0.3858267716535433,0.7952755905511811,0.18671590980699002,0.5511811023622047
535,1,train:3230,0,0,0.7109375,0.25984251968503935,0.5118110236220472,0.5118110236220472,1.2072251413535025,0.5669291338582677
536,1,train:4334,0,1,0.5078125,0.2755905511811024,0.07086614173228346,0.09448818897637795,-1.2004206874059347,0.1732283464566929
537,1,train:860,1,1,1.0,1.0,0.5590551181102362,0.5590551181102362,0.7646894919790418,0.7086614173228346
538,1,train:5877,1,1,0.6484375,0.25196850393700787,0.13385826771653545,0.49606299212598426,-0.24676427682204902,0.4330708661417323
539,1,train:3562,0,1,0.8515625,0.36220472440944884,0.3543307086614173,0.12598425196850394,-0.44905503058226726,0.3779527559055118
540,1,train:2753,0,0,1.0,1.0,0.7086614173228346,0.7086614173228346,1.160141023775963,0.5590551181102362
541,1,train:328,1,1,1.0,1.0,0.7086614173228346,0.7007874015748031,0.5912974173274265,0.6614173228346457
542,1,train:7510,0,0,0.140625,0.4330708661417323,0.14173228346456693,0.23622047244094488,-0.15821426839514227,0.33858267716535434
543,1,train:418,0,0,0.96875,1.0,0.5748031496062992,0.5748031496062992,1.7251504347064364,0.6535433070866141
544,1,train:9994,0,0,0.8984375,0.6771653543307087,0.6692913385826772,0.6692913385826772,0.5009633776904102,0.44881889763779526
545,1,train:2204,0,0,0.953125,1.0,1.0,0.8188976377952756,1.0659727886208843,0.5433070866141733
546,1,train:9284,1,1,1.0,1.0,0.3543307086614173,0.3543307086614173,-0.5068523887994724,0.36220472440944884
547,1,train:6438,1,1,1.0,1.0,0.8582677165354331,0.8582677165354331,-1.0848259709715244,0.2047244094488189
548,1,train:2706,0,0,0.296875,0.30708661417322836,0.12598425196850394,0.12598425196850394,0.26554278980271295,0.4094488188976378
549,1,train:5300,1,1,0.90625,0.7795275590551181,0.10236220472440945,0.10236220472440945,0.18671590980699002,0.5511811023622047
550,1,train:1033,0,0,0.9375,0.8503937007874016,1.0,0.889763779527559,0.6422157304230287,0.47244094488188976
551,1,train:9816,0,0,0.984375,1.0,0.4881889763779528,0.4881889763779528,-0.20529838597268169,0.33070866141732286
552,1,train:9037,1,1,0.046875,0.23622047244094488,0.6929133858267716,0.6929133858267716,-1.3449140829489479,0.13385826771653545
553,1,train:4915,1,1,0.9921875,1.0,0.6535433070866141,0.6535433070866141,0.07112119337257942,0.5196850393700787
554,1,train:3733,0,0,0.90625,0.7952755905511811,0.5748031496062992,0.5748031496062992,1.2543092589310418,0.5748031496062992
555,1,train:2706,0,0,0.5546875,0.25196850393700787,1.0,0.6614173228346457,-0.11113015081760289,0.3464566929133858
556,1,test:9736,1,1,1.0,1.0,0.5984251968503937,0.7637795275590551,-0.04447352306183077,0.4881889763779528
557,1,train:5555,0,0,1.0,1.0,0.7480314960629921,0.7480314960629921,0.5009633776904102,0.44881889763779526
558,1,test:5069,1,1,1.0,1.0,0.5118110236220472,0.5118110236220472,0.8513855293048499,0.7322834645669292
559,1,train:3562,1,1,0.9921875,1.0,0.4330708661417323,0.9291338582677166,1.8339406189973382,1.0
560,1,train:525,0,0,0.9375,1.0,0.3858267716535433,0.3858267716535433,0.45387926011287083,0.4409448818897638
561,1,train:5193,0,0,0.2109375,0.1968503937007874,0.7559055118110236,0.7559055118110236,-0.6290554441705373,0.25984251968503935
562,1,train:6374,0,0,0.515625,0.25984251968503935,0.905511811023622,0.905511811023622,0.07720631949255502,0.3779527559055118
563,1,train:2437,1,1,1.0,1.0,0.5748031496062992,0.5748031496062992,0.9380815666306574,0.7559055118110236
564,1,test:5699,1,1,1.0,1.0,1.0,1.0,1.024777603956465,0.7795275590551181
565,1,train:2970,1,1,1.0,1.0,0.5433070866141733,0.5433070866141733,-0.1889669186048439,0.44881889763779526
566,1,train:9017,1,1,1.0,1.0,0.2677165354330709,0.2677165354330709,-0.9692312545371139,0.23622047244094488
567,1,train:648,0,0,0.7578125,0.29133858267716534,0.7244094488188977,0.5433070866141733,0.26554278980271295,0.4094488188976378
568,1,train:6673,1,0,0.1015625,0.28346456692913385,0.11023622047244094,0.11023622047244094,-0.723223679325616,0.2440944881889764
569,1,train:8488,0,0,1.0,1.0,0.7874015748031497,0.7874015748031497,1.3484774940861206,0.5905511811023622
570,1,train:5833,1,1,1.0,1.0,0.3858267716535433,0.11811023622047244,-0.10227088127903607,0.47244094488188976
571,1,train:4305,0,0,0.9375,0.8818897637795275,0.6535433070866141,0.6535433070866141,1.2072251413535025,0.5669291338582677
572,1,train:9188,0,0,0.984375,1.0,0.07086614173228346,0.2283464566929134,-0.8173919144806949,0.2283464566929134
573,1,train:2204,1,1,1.0,1.0,0.3228346456692913,0.3228346456692913,1.689447223454325,0.9606299212598425
574,1,train:6476,1,0,0.0390625,0.031496062992125984,0.047244094488188976,0.047244094488188976,-1.6649060308764057,0.08661417322834646
575,1,train:418,0,0,0.9140625,0.8582677165354331,1.0,0.6456692913385826,0.45387926011287083,0.4409448818897638
576,1,train:5343,0,0,0.2734375,0.3464566929133858,0.18110236220472442,0.18110236220472442,-1.2411489726785503,0.15748031496062992
577,1,train:6415,1,1,0.9765625,0.6456692913385826,0.25984251968503935,0.25984251968503935,0.27341194713279765,0.5748031496062992
578,1,train:3562,1,1,0.5234375,0.25984251968503935,0.3937007874015748,0.3937007874015748,-1.4894074784919609,0.09448818897637795
579,1,test:2463,1,1,1.0,1.0,0.3228346456692913,0.6299212598425197,1.8339406189973382,1.0
580,1,train:7938,1,1,1.0,1.0,0.2204724409448819,0.8031496062992126,-0.9114338963199088,0.25196850393700787
581,1,train:9483,1,1,0.84375,0.007874015748031496,1.0,0.28346456692913385,-1.8072929486865894,0.007874015748031496
582,1,train:8780,1,1,0.9375,0.11811023622047244,0.05511811023622047,0.05511811023622047,-0.015574843953228222,0.49606299212598426
583,1,train:9284,1,1,1.0,1.0,0.5354330708661418,0.6141732283464567,-0.4779537096908698,0.3700787401574803
584,1,train:5555,0,0,1.0,1.0,0.6299212598425197,0.6299212598425197,0.5480474952679499,0.4566929133858268
585,1,train:5222,1,1,1.0,1.0,0.5354330708661418,0.5354330708661418,0.12891855158978494,0.5354330708661418
586,1,train:6569,0,0,1.0,1.0,0.6929133858267716,0.6850393700787402,0.45387926011287083,0.4409448818897638
587,1,train:8718,1,1,0.8828125,0.5275590551181102,0.4645669291338583,1.0,-0.44905503058226726,0.3779527559055118
588,1,train:7860,0,0,0.5625,0.25984251968503935,0.047244094488188976,0.7716535433070866,0.8776363183107261,0.5118110236220472
589,1,train:5300,0,0,1.0,1.0,1.0,0.5748031496062992,-0.01696191566252377,0.36220472440944884
590,1,train:1033,1,1,0.5,0.3228346456692913,0.2677165354330709,0.30708661417322836,-0.9981299336457164,0.2283464566929134
591,1,train:10072,0,0,1.0,1.0,0.47244094488188976,0.7086614173228346,0.26554278980271295,0.4094488188976378
592,1,train:249,1,1,1.0,1.0,0.6614173228346457,0.8976377952755905,1.8339406189973382,1.0
593,1,train:5811,1,0,0.390625,0.29133858267716534,1.0,0.16535433070866143,0.5009633776904102,0.44881889763779526
594,1,train:6673,1,0,0.671875,0.2677165354330709,0.9763779527559056,0.9763779527559056,-0.6290554441705373,0.25984251968503935
595,1,train:2706,0,0,0.078125,0.25196850393700787,0.3858267716535433,0.3858267716535433,-1.3353172078336293,0.14173228346456693
596,1,train:262,0,1,1.0,1.0,0.2440944881889764,0.4409448818897638,1.5449538279113122,0.9212598425196851
597,1,test:2463,1,0,0.515625,0.25196850393700787,0.968503937007874,0.968503937007874,-0.2523825035502214,0.3228346456692913
598,1,train:5193,0,0,0.8828125,0.33858267716535434,0.44881889763779526,0.33858267716535434,-0.11113015081760289,0.3464566929133858
599,1,train:909,1,1,1.0,1.0,0.28346456692913385,0.8188976377952756,0.33120930535000276,0.5905511811023622
600,1,train:8488,1,1,1.0,1.0,0.4251968503937008,0.4251968503937008,0.6779934546532341,0.6850393700787402
601,1,train:8269,0,0,0.0546875,0.25196850393700787,0.6456692913385826,0.6456692913385826,-0.8173919144806949,0.2283464566929134
602,1,train:9773,1,1,1.0,1.0,0.5590551181102362,0.5590551181102362,1.8339406189973382,1.0
603,1,train:909,1,1,1.0,1.0,0.6141732283464567,0.47244094488188976,0.18671590980699002,0.5511811023622047
604,1,train:868,1,1,1.0,1.0,0.5826771653543307,0.8976377952755905,0.7357908128704392,0.7007874015748031
605,1,train:4305,0,0,1.0,1.0,0.44881889763779526,0.44881889763779526,0.26554278980271295,0.4094488188976378
606,1,test:5427,1,1,1.0,1.0,0.3700787401574803,0.3700787401574803,1.0825749621736707,0.7952755905511811
607,1,train:4691,1,1,0.9296875,0.905511811023622,0.3700787401574803,0.3700787401574803,-1.0559272918629217,0.2125984251968504
608,1,train:8669,1,1,0.75,0.5039370078740157,0.7952755905511811,0.2125984251968504,-0.9403325754285113,0.2440944881889764
609,1,train:5833,1,0,0.0078125,0.25984251968503935,0.23622047244094488,0.23622047244094488,-1.3353172078336293,0.14173228346456693
610,1,train:529,0,0,0.640625,0.031496062992125984,0.07874015748031496,0.07874015748031496,-2.1357472066518004,0.007874015748031496
611,1,train:2814,0,0,0.578125,0.28346456692913385,0.3779527559055118,0.5748031496062992,-0.4878030914379187,0.28346456692913385
612,1,train:1780,1,1,0.78125,0.3858267716535433,0.2755905511811024,0.6062992125984252,-1.3449140829489479,0.13385826771653545
613,1,train:5167,0,0,0.578125,0.5196850393700787,0.2440944881889764,0.2440944881889764,-0.8644760320582345,0.2204724409448819
614,1,train:1615,1,1,1.0,1.0,0.33858267716535434,1.0,1.8339406189973382,1.0
615,1,train:328,1,1,1.0,1.0,0.5039370078740157,0.6850393700787402,1.1403723203908758,0.8110236220472441
616,1,test:9736,0,1,0.859375,0.7637795275590551,0.3464566929133858,0.3464566929133858,0.533500059110221,0.6456692913385826
617,1,train:5864,0,0,0.1796875,0.25984251968503935,0.3937007874015748,0.3937007874015748,-0.3465507387053002,0.30708661417322836
618,1,train:5811,0,0,0.9765625,0.28346456692913385,0.4015748031496063,0.4015748031496063,-0.01696191566252377,0.36220472440944884
619,1,train:999,1,1,0.953125,0.984251968503937,0.8661417322834646,0.8661417322834646,-0.04447352306183077,0.4881889763779528
620,1,train:5496,1,1,1.0,1.0,0.5039370078740157,0.6850393700787402,0.8224868501962473,0.7244094488188977
621,1,train:8718,0,0,0.3671875,0.11811023622047244,0.031496062992125984,0.031496062992125984,-1.806158383609024,0.06299212598425197
622,1,train:418,0,0,0.953125,1.0,0.28346456692913385,0.28346456692913385,-0.6761395617480767,0.25196850393700787
623,1,train:9483,1,0,0.3828125,0.25196850393700787,0.6377952755905512,0.6377952755905512,-1.3353172078336293,0.14173228346456693
624,1,train:5343,1,0,0.4375,0.25196850393700787,0.16535433070866143,0.16535433070866143,-0.534887209015458,0.2755905511811024
625,1,train:8337,0,0,1.0,0.8818897637795275,0.9763779527559056,0.9763779527559056,1.0659727886208843,0.5433070866141733
626,1,train:3461,1,1,1.0,1.0,0.6692913385826772,0.6692913385826772,-0.27566295593065154,0.4251968503937008
627,1,train:1609,0,0,0.0625,0.11811023622047244,0.11023622047244094,0.11023622047244094,-0.723223679325616,0.2440944881889764
628,1,train:5167,0,0,0.3828125,0.25984251968503935,0.25196850393700787,0.25196850393700787,-1.1940648551010107,0.16535433070866143
629,1,train:9483,0,0,0.1328125,0.25984251968503935,0.1732283464566929,0.1732283464566929,-0.5819713265929974,0.2677165354330709
630,1,train:3939,1,1,0.9609375,0.5826771653543307,0.30708661417322836,0.15748031496062992,-0.5068523887994724,0.36220472440944884
631,1,train:8462,1,0,0.0234375,0.2047244094488189,0.5984251968503937,0.5984251968503937,-1.1469807375234713,0.1732283464566929
632,1,train:2494,1,0,0.1484375,0.25196850393700787,1.0,0.6771653543307087,-0.44071897386037934,0.29133858267716534
633,1,train:2225,0,0,0.6484375,0.25984251968503935,1.0,0.2440944881889764,-1.005728384790853,0.1968503937007874
634,1,train:5366,1,1,0.9921875,1.0,0.7874015748031497,0.7874015748031497,0.3601079844586057,0.5984251968503937
635,1,train:2706,0,0,1.0,1.0,1.0,0.7244094488188977,0.35971102495779206,0.4251968503937008
636,1,train:3089,1,1,1.0,1.0,0.8031496062992126,0.8031496062992126,0.7357908128704392,0.7007874015748031
637,1,train:6212,0,1,0.9765625,1.0,0.36220472440944884,0.36220472440944884,0.9958789248478626,0.7716535433070866
638,1,train:5343,1,1,0.546875,0.28346456692913385,0.2677165354330709,0.8582677165354331,0.6490947755446316,0.6771653543307087
639,1,train:9483,0,1,0.9375,0.007874015748031496,0.007874015748031496,0.047244094488188976,-1.8072929486865894,0.007874015748031496
640,1,train:4305,0,0,0.5703125,0.5826771653543307,0.41732283464566927,0.41732283464566927,-1.099896619945932,0.18110236220472442
641,1,train:7170,0,0,1.0,1.0,0.7244094488188977,0.7244094488188977,0.030122201915015624,0.3700787401574803
642,1,train:5765,1,1,1.0,1.0,0.6299212598425197,0.6299212598425197,1.024777603956465,0.7795275590551181
643,1,train:7480,0,0,1.0,1.0,0.984251968503937,0.984251968503937,0.5480474952679499,0.4566929133858268
644,1,train:5282,0,0,0.4375,0.25196850393700787,0.1732283464566929,0.1732283464566929,0.31262690738025234,0.41732283464566927
645,1,test:5069,1,1,1.0,1.0,0.8110236220472441,0.9921259842519685,1.5738525070199147,0.9291338582677166
646,1,train:1884,0,0,0.5625,0.6141732283464567,0.9291338582677166,0.9291338582677166,-0.9115601496357739,0.2125984251968504
647,1,train:5877,1,1,0.796875,0.25984251968503935,0.05511811023622047,0.07086614173228346,-1.6627995531435762,0.047244094488188976
648,1,train:4929,1,1,1.0,1.0,0.7637795275590551,0.7637795275590551,0.8224868501962473,0.7244094488188977
649,1,train:5864,0,0,0.546875,0.25196850393700787,0.3779527559055118,0.3779527559055118,0.5009633776904102,0.44881889763779526
650,1,train:5193,1,1,1.0,0.14173228346456693,0.2125984251968504,0.2125984251968504,-1.5761035158177688,0.07086614173228346
651,1,train:860,1,1,1.0,1.0,0.5196850393700787,0.5196850393700787,0.5623987382188236,0.6535433070866141
652,1,train:1615,1,1,1.0,1.0,0.47244094488188976,0.7401574803149606,1.8339406189973382,1.0
653,1,train:2814,0,0,1.0,1.0,0.9291338582677166,0.9291338582677166,1.1130569061984237,0.5511811023622047
654,1,train:4944,0,0,0.796875,0.8740157480314961,0.29133858267716534,0.29133858267716534,1.2543092589310418,0.5748031496062992
655,1,train:8359,0,0,0.796875,0.4094488188976378,0.07086614173228346,0.07086614173228346,-1.7590742660314846,0.07086614173228346
656,1,train:4915,0,0,0.90625,0.6377952755905512,1.0,0.9133858267716536,1.3013933765085812,0.5826771653543307
657,1,train:999,1,1,1.0,0.3543307086614173,0.08661417322834646,0.08661417322834646,-1.25821804562314,0.15748031496062992
658,1,train:525,0,0,1.0,1.0,0.7637795275590551,0.7637795275590551,1.6309821995513576,0.6377952755905512
659,1,train:3939,1,1,1.0,1.0,0.3700787401574803,0.3700787401574803,-0.8536365381027036,0.2677165354330709
660,1,test:9441,1,1,1.0,1.0,0.9133858267716536,0.9133858267716536,0.8224868501962473,0.7244094488188977
661,1,train:5035,1,1,1.0,1.0,0.5039370078740157,0.8582677165354331,0.6490947755446316,0.6771653543307087
662,1,train:2453,0,1,1.0,1.0,0.29133858267716534,0.12598425196850394,-0.7669405007768959,0.29133858267716534
663,1,train:3539,0,0,0.5078125,0.2992125984251969,0.5118110236220472,0.3228346456692913,-0.6290554441705373,0.25984251968503935
664,1,train:8857,0,0,0.515625,0.5984251968503937,0.5196850393700787,0.5196850393700787,0.31262690738025234,0.41732283464566927
665,1,train:5537,0,0,0.6875,0.25984251968503935,0.7480314960629921,0.7480314960629921,0.8305522007331867,0.5039370078740157
666,1,train:4514,1,1,0.984375,0.9212598425196851,0.29133858267716534,0.08661417322834646,-0.3334603141478569,0.4094488188976378
667,1,train:1958,0,0,1.0,1.0,0.5748031496062992,0.4645669291338583,1.018888671043345,0.5354330708661418
668,1,train:5815,1,0,0.109375,0.25196850393700787,1.0,0.15748031496062992,-0.534887209015458,0.2755905511811024
669,1,train:359,0,0,0.90625,0.6456692913385826,0.30708661417322836,0.30708661417322836,-0.2523825035502214,0.3228346456692913
670,1,train:3089,1,0,0.671875,0.7401574803149606,0.5354330708661418,0.4015748031496063,0.8305522007331867,0.5039370078740157
671,1,train:7860,1,1,1.0,1.0,1.0,0.8582677165354331,1.053676283065068,0.7874015748031497
672,1,train:2970,0,0,0.1953125,0.11023622047244094,0.047244094488188976,0.047244094488188976,-2.041578971496721,0.023622047244094488
673,1,test:6949,1,1,0.9921875,1.0,0.4881889763779528,0.4881889763779528,0.07112119337257942,0.5196850393700787
674,1,train:2706,0,0,0.8125,0.2755905511811024,0.07874015748031496,0.07874015748031496,-0.4878030914379187,0.28346456692913385
675,1,test:5427,1,1,1.0,1.0,0.7952755905511811,0.7322834645669292,0.9380815666306574,0.7559055118110236
676,1,train:8487,1,0,0.2578125,0.25984251968503935,0.10236220472440945,0.10236220472440945,-1.4294854429887083,0.12598425196850394
677,1,train:2753,1,1,0.7578125,0.7716535433070866,0.2204724409448819,0.2204724409448819,-0.9981299336457164,0.2283464566929134
678,1,train:8857,0,0,1.0,0.8110236220472441,0.889763779527559,0.889763779527559,1.1130569061984237,0.5511811023622047
679,1,train:5035,1,1,1.0,1.0,0.5669291338582677,0.5748031496062992,0.9380815666306574,0.7559055118110236
680,1,train:2544,1,1,0.9921875,1.0,0.8503937007874016,0.8503937007874016,0.7646894919790418,0.7086614173228346
681,1,train:3089,1,1,1.0,0.9291338582677166,0.6220472440944882,0.3464566929133858,-0.9692312545371139,0.23622047244094488
682,1,train:8487,0,0,0.78125,0.9212598425196851,0.44881889763779526,0.44881889763779526,0.9247204358882655,0.5196850393700787
683,1,train:9816,1,0,0.609375,0.6299212598425197,1.0,0.4330708661417323,0.1242904370700944,0.3858267716535433
684,1,train:8269,1,1,0.984375,1.0,0.5433070866141733,0.5433070866141733,0.10001987248118197,0.5275590551181102
685,1,train:5193,1,1,0.9921875,0.7952755905511811,0.33858267716535434,0.2755905511811024,-0.5935484261252802,0.33858267716535434
686,1,train:8488,1,1,0.9921875,1.0,0.984251968503937,0.984251968503937,-0.1889669186048439,0.44881889763779526
687,1,train:9773,0,0,0.25,0.25196850393700787,0.07874015748031496,0.07874015748031496,-1.9474107363416426,0.03937007874015748
688,1,train:5537,0,1,0.96875,1.0,0.31496062992125984,0.31496062992125984,-1.4316101202747555,0.11023622047244094
689,1,train:2809,0,1,0.640625,0.4094488188976378,0.14960629921259844,0.14960629921259844,-0.7380418216682931,0.2992125984251969
690,1,train:1866,1,1,0.8671875,0.28346456692913385,0.9606299212598425,0.6692913385826772,-0.5646497470166777,0.3464566929133858
691,1,train:1866,1,0,1.0,1.0,1.0,0.4645669291338583,-0.723223679325616,0.2440944881889764
692,1,test:5069,1,0,0.90625,0.8740157480314961,1.0,0.4645669291338583,-0.0640460332400635,0.3543307086614173
693,1,train:5574,1,1,1.0,1.0,0.14173228346456693,0.14173228346456693,-0.6224471052338827,0.33070866141732286
694,1,train:6505,1,1,0.671875,0.25984251968503935,0.9448818897637795,0.9448818897637795,-0.824737858994101,0.2755905511811024
695,1,train:9037,0,0,0.7734375,0.952755905511811,0.8582677165354331,0.8582677165354331,-0.44071897386037934,0.29133858267716534
696,1,train:2204,1,1,1.0,1.0,0.8740157480314961,0.9212598425196851,0.21561458891559257,0.5590551181102362
697,1,train:868,1,1,1.0,1.0,0.968503937007874,0.968503937007874,1.776143260780133,0.984251968503937
698,1,train:1727,1,1,0.984375,0.28346456692913385,0.5905511811023622,0.5905511811023622,0.96698024573926,0.7637795275590551
699,1,train:2494,1,1,1.0,1.0,0.8267716535433071,0.8267716535433071,0.24451326802419512,0.5669291338582677
700,1,train:1609,1,1,0.65625,0.29133858267716534,0.1732283464566929,0.1732283464566929,-1.749495590469384,0.023622047244094488
701,1,train:2970,0,0,1.0,1.0,0.7480314960629921,0.7480314960629921,1.3955616116636607,0.5984251968503937
702,1,train:648,0,0,0.2890625,0.2125984251968504,0.2755905511811024,0.2755905511811024,-0.6761395617480767,0.25196850393700787
703,1,train:5366,1,1,1.0,1.0,0.889763779527559,0.889763779527559,1.8050419398887356,0.9921259842519685
704,1,train:2204,1,1,0.984375,0.7795275590551181,0.3858267716535433,0.3858267716535433,0.21561458891559257,0.5590551181102362
705,1,train:4944,0,0,0.9609375,0.5826771653543307,0.3779527559055118,0.3779527559055118,0.17137455464763413,0.3937007874015748
706,1,train:262,0,0,0.875,0.9763779527559056,0.5748031496062992,0.5748031496062992,1.2543092589310418,0.5748031496062992
707,1,train:6415,0,0,1.0,1.0,0.4015748031496063,0.6692913385826772,0.7834680831556473,0.49606299212598426
708,1,train:1033,0,0,0.28125,0.2677165354330709,0.7716535433070866,0.7716535433070866,-1.6649060308764057,0.08661417322834646
709,1,train:9483,0,0,0.7734375,0.25196850393700787,0.09448818897637795,0.09448818897637795,-1.4765695605662477,0.11811023622047244
710,1,train:9994,1,1,0.6875,0.25984251968503935,0.8818897637795275,0.8818897637795275,-1.5761035158177688,0.07086614173228346
711,1,train:2437,0,0,0.3984375,0.25196850393700787,0.6692913385826772,0.6692913385826772,0.7363839655781078,0.4881889763779528
712,1,train:9994,1,1,0.9609375,0.8346456692913385,0.6141732283464567,0.6141732283464567,-1.3738127620575504,0.12598425196850394
713,1,train:9284,1,1,0.8359375,0.07874015748031496,0.5275590551181102,0.4409448818897638,-1.749495590469384,0.023622047244094488
714,1,train:5833,1,0,0.484375,0.28346456692913385,0.7716535433070866,0.7716535433070866,-0.11113015081760289,0.3464566929133858
715,1,train:5300,1,1,0.8828125,0.6220472440944882,0.29133858267716534,0.29133858267716534,-0.4201563514736647,0.3858267716535433
716,1,train:2753,1,0,0.375,0.25196850393700787,0.905511811023622,0.2047244094488189,0.07720631949255502,0.3779527559055118
717,1,train:5172,0,0,0.0234375,0.2204724409448819,0.08661417322834646,0.08661417322834646,-1.7590742660314846,0.07086614173228346
718,1,train:6374,1,1,1.0,1.0,0.3464566929133858,0.1968503937007874,1.458257790585504,0.8976377952755905
719,1,train:1866,1,0,0.4140625,0.3464566929133858,0.31496062992125984,0.31496062992125984,-1.0528125023683925,0.1889763779527559
720,1,train:2970,1,1,0.9453125,0.25984251968503935,0.2992125984251969,0.2992125984251969,0.6779934546532341,0.6850393700787402
721,1,train:1615,1,1,1.0,1.0,0.29133858267716534,0.29133858267716534,1.024777603956465,0.7795275590551181
722,1,train:3089,1,1,0.9296875,0.30708661417322836,0.2204724409448819,0.2204724409448819,-1.4316101202747555,0.11023622047244094
723,1,train:8105,1,1,1.0,1.0,0.49606299212598426,0.49606299212598426,1.8050419398887356,0.9921259842519685
724,1,train:5167,1,1,1.0,1.0,0.968503937007874,0.968503937007874,0.15781723069838746,0.5433070866141733
725,1,train:7938,1,1,1.0,1.0,0.4330708661417323,0.4330708661417323,1.1692709994994783,0.8188976377952756
726,1,train:6372,0,0,1.0,1.0,0.8267716535433071,0.8110236220472441,0.5951316128454893,0.4645669291338583
727,1,train:5833,0,0,0.4296875,0.25196850393700787,0.4881889763779528,0.4881889763779528,0.40679514253533144,0.4330708661417323
728,1,train:3461,1,1,0.984375,0.3543307086614173,0.8976377952755905,0.47244094488188976,0.44680402178441336,0.6220472440944882
729,1,train:7938,1,1,1.0,1.0,0.8818897637795275,0.8346456692913385,0.7935881710876443,0.7165354330708661
730,1,train:4944,0,0,0.4609375,0.2677165354330709,1.0,0.6614173228346457,0.5951316128454893,0.4645669291338583
731,1,train:8451,0,0,1.0,1.0,0.8110236220472441,0.8110236220472441,1.2072251413535025,0.5669291338582677
732,1,train:7510,0,1,0.65625,0.25196850393700787,0.05511811023622047,0.05511811023622047,-1.25821804562314,0.15748031496062992
733,1,test:2775,1,1,1.0,1.0,0.7874015748031497,0.7874015748031497,0.33120930535000276,0.5905511811023622
734,1,train:999,1,1,1.0,1.0,0.5905511811023622,0.7637795275590551,0.21561458891559257,0.5590551181102362
735,1,train:3461,0,0,0.984375,1.0,1.0,0.8346456692913385,0.9718045534658049,0.5275590551181102
736,1,train:3570,1,1,0.8359375,0.8818897637795275,0.6614173228346457,0.7244094488188977,1.1692709994994783,0.8188976377952756
737,1,train:6845,0,1,0.703125,0.2440944881889764,0.1732283464566929,0.1732283464566929,-1.4894074784919609,0.09448818897637795
738,1,train:8359,1,0,0.5078125,0.25984251968503935,0.10236220472440945,0.10236220472440945,-1.523653678143787,0.11023622047244094
739,1,train:5193,1,1,1.0,1.0,0.28346456692913385,0.7007874015748031,-0.9981299336457164,0.2283464566929134
740,1,train:359,0,0,0.0390625,0.25196850393700787,0.5669291338582677,0.5669291338582677,0.31262690738025234,0.41732283464566927
741,1,train:2590,0,0,0.9765625,0.905511811023622,0.9448818897637795,0.7401574803149606,1.018888671043345,0.5354330708661418
742,1,train:6421,0,0,1.0,1.0,1.0,0.9291338582677166,1.3484774940861206,0.5905511811023622
743,1,train:2437,1,1,1.0,1.0,0.5905511811023622,0.3779527559055118,-0.5357510679080751,0.3543307086614173
744,1,train:1660,0,0,1.0,1.0,1.0,0.8031496062992126,1.1130569061984237,0.5511811023622047
745,1,train:6505,0,1,1.0,0.2677165354330709,0.33858267716535434,0.33858267716535434,-1.4316101202747555,0.11023622047244094
746,1,train:8057,0,1,0.9609375,0.8503937007874016,0.6220472440944882,0.6220472440944882,1.3426630741510939,0.8661417322834646
747,1,train:1958,0,1,1.0,0.1889763779527559,0.4330708661417323,0.047244094488188976,1.400460432368299,0.8818897637795275
748,1,train:6638,0,0,0.859375,0.2677165354330709,0.36220472440944884,0.36220472440944884,-1.523653678143787,0.11023622047244094
749,1,train:359,0,1,0.9921875,1.0,0.6614173228346457,0.7165354330708661,-0.27566295593065154,0.4251968503937008
750,1,train:2590,0,0,0.4453125,0.44881889763779526,1.0,0.7559055118110236,-0.6290554441705373,0.25984251968503935
751,1,train:4305,0,0,0.953125,1.0,0.49606299212598426,0.8267716535433071,1.4897298468187394,0.6141732283464567
752,1,train:6505,1,1,0.984375,1.0,0.5275590551181102,0.5275590551181102,0.21561458891559257,0.5590551181102362
753,1,train:3539,1,1,0.984375,1.0,0.28346456692913385,0.28346456692913385,-0.3334603141478569,0.4094488188976378
754,1,train:3089,1,1,0.984375,0.36220472440944884,0.8346456692913385,0.8346456692913385,-1.6050021949263713,0.06299212598425197
755,1,train:2706,0,1,0.90625,0.31496062992125984,0.7716535433070866,0.7716535433070866,-1.25821804562314,0.15748031496062992
756,1,train:5574,1,1,1.0,1.0,0.29133858267716534,0.29133858267716534,-0.6224471052338827,0.33070866141732286
757,1,train:359,0,0,0.7265625,0.7559055118110236,0.7952755905511811,0.5984251968503937,0.7834680831556473,0.49606299212598426
758,1,train:1788,1,0,0.375,0.3464566929133858,0.3228346456692913,0.3228346456692913,-0.3465507387053002,0.30708661417322836
759,1,train:2494,1,1,0.765625,0.2440944881889764,0.4330708661417323,0.5669291338582677,0.5046013800016185,0.6377952755905512
760,1,train:2706,1,1,0.96875,0.2755905511811024,0.2204724409448819,0.7637795275590551,-1.5183061576005634,0.08661417322834646
761,1,train:8487,1,1,0.84375,0.2440944881889764,0.4409448818897638,0.4409448818897638,-1.3449140829489479,0.13385826771653545
762,1,train:2102,0,0,1.0,0.3464566929133858,0.8582677165354331,0.8582677165354331,1.2072251413535025,0.5669291338582677
763,1,train:860,1,1,1.0,1.0,0.5354330708661418,0.5354330708661418,0.24451326802419512,0.5669291338582677
764,1,train:5343,1,0,0.4609375,0.18110236220472442,0.23622047244094488,0.23622047244094488,-1.7119901484539453,0.07874015748031496
765,1,train:1780,1,1,1.0,1.0,0.1889763779527559,0.1889763779527559,-0.04447352306183077,0.4881889763779528
766,1,train:8116,0,1,1.0,1.0,0.8110236220472441,0.8110236220472441,-0.391257672365062,0.3937007874015748
767,1,test:2463,1,1,1.0,1.0,0.30708661417322836,0.30708661417322836,-0.5357510679080751,0.3543307086614173
768,1,train:5816,1,1,1.0,1.0,0.6850393700787402,0.6850393700787402,1.6316498652371199,0.9448818897637795
769,1,test:9736,0,0,0.5625,0.25196850393700787,0.8976377952755905,0.2440944881889764,-1.523653678143787,0.11023622047244094
770,1,train:3539,0,0,0.90625,0.33858267716535434,0.8818897637795275,0.8818897637795275,0.8776363183107261,0.5118110236220472
771,1,train:2590,0,0,0.15625,0.25196850393700787,0.41732283464566927,0.41732283464566927,-0.01696191566252377,0.36220472440944884
772,1,train:708,0,1,0.75,0.4251968503937008,0.3464566929133858,0.3464566929133858,-0.7380418216682931,0.2992125984251969
773,1,train:5811,1,0,0.0390625,0.047244094488188976,0.28346456692913385,0.28346456692913385,-2.0886630890742612,0.015748031496062992
774,1,train:10072,0,0,1.0,1.0,0.2204724409448819,0.2204724409448819,1.5368139643962788,0.6220472440944882
775,1,train:7448,0,0,0.9765625,1.0,1.0,0.4409448818897638,0.31262690738025234,0.41732283464566927
776,1,train:5864,0,0,0.328125,0.28346456692913385,0.5669291338582677,0.5669291338582677,-0.44071897386037934,0.29133858267716534
777,1,train:9017,0,0,1.0,1.0,0.8661417322834646,0.8661417322834646,0.6892998480005681,0.48031496062992124
778,1,train:9816,0,0,0.8046875,0.28346456692913385,0.15748031496062992,0.4645669291338583,0.5480474952679499,0.4566929133858268
779,1,train:8488,1,1,1.0,1.0,0.6692913385826772,0.6692913385826772,1.5449538279113122,0.9212598425196851
780,1,train:3539,1,1,0.9453125,0.2992125984251969,0.5826771653543307,0.6929133858267716,0.21561458891559257,0.5590551181102362
781,1,train:5574,1,1,1.0,1.0,0.5354330708661418,1.0,0.44680402178441336,0.6220472440944882
782,1,train:8105,1,0,0.53125,0.3858267716535433,0.6535433070866141,0.41732283464566927,-1.099896619945932,0.18110236220472442
783,1,test:2775,1,1,1.0,1.0,0.8661417322834646,0.8661417322834646,0.5623987382188236,0.6535433070866141
784,1,train:5765,0,0,0.2109375,0.44881889763779526,1.0,0.5354330708661418,-0.2994666211277608,0.31496062992125984
785,1,train:8451,0,0,0.6171875,0.6929133858267716,0.5196850393700787,0.5196850393700787,0.030122201915015624,0.3700787401574803
786,1,train:8756,1,1,1.0,1.0,0.9291338582677166,0.9133858267716536,0.07112119337257942,0.5196850393700787
787,1,train:3539,0,0,0.25,0.13385826771653545,0.03937007874015748,0.03937007874015748,-1.9474107363416426,0.03937007874015748
788,1,train:1999,1,0,0.015625,0.25196850393700787,0.015748031496062992,0.015748031496062992,-2.0886630890742612,0.015748031496062992
789,1,train:7448,1,1,1.0,1.0,0.6220472440944882,0.9921259842519685,0.96698024573926,0.7637795275590551
790,1,train:1615,1,1,0.9921875,1.0,0.3228346456692913,0.3228346456692913,-0.4201563514736647,0.3858267716535433
791,1,train:8996,0,0,0.46875,0.25984251968503935,0.031496062992125984,0.031496062992125984,-1.9474107363416426,0.03937007874015748
792,1,train:8487,1,1,0.984375,0.8346456692913385,0.7165354330708661,0.7165354330708661,-0.6224471052338827,0.33070866141732286
793,1,train:5227,1,1,1.0,1.0,0.4881889763779528,0.984251968503937,-0.3334603141478569,0.4094488188976378
794,1,train:6673,0,0,1.0,1.0,0.9606299212598425,0.9606299212598425,2.1018233753267523,0.7165354330708661
795,1,train:1453,0,0,1.0,1.0,1.0,0.5511811023622047,0.8776363183107261,0.5118110236220472
796,1,train:1479,1,1,1.0,1.0,0.6062992125984252,0.7086614173228346,0.5046013800016185,0.6377952755905512
797,1,train:8105,1,1,0.90625,0.25196850393700787,0.5118110236220472,0.41732283464566927,0.18671590980699002,0.5511811023622047
798,1,train:2272,0,0,0.46875,0.7401574803149606,0.9606299212598425,0.9606299212598425,-0.723223679325616,0.2440944881889764
799,1,train:5222,1,1,1.0,1.0,0.6141732283464567,0.6141732283464567,0.33120930535000276,0.5905511811023622
800,1,train:9773,1,1,0.9921875,1.0,0.8818897637795275,0.8818897637795275,-0.07337220217043353,0.48031496062992124
801,1,train:5765,0,1,0.84375,0.23622047244094488,0.11023622047244094,0.10236220472440945,-1.5183061576005634,0.08661417322834646
802,1,test:5069,1,1,1.0,1.0,0.84251968503937,0.9448818897637795,1.5449538279113122,0.9212598425196851
803,1,train:4916,0,0,0.9765625,1.0,0.5511811023622047,0.5511811023622047,1.2072251413535025,0.5669291338582677
804,1,train:6845,0,0,0.0234375,0.2440944881889764,0.1968503937007874,0.1968503937007874,-1.9003266187641028,0.047244094488188976
805,1,train:418,0,0,0.78125,0.7244094488188977,0.4330708661417323,0.4330708661417323,-0.11113015081760289,0.3464566929133858
806,1,train:5833,0,0,0.2578125,0.2047244094488189,0.10236220472440945,0.10236220472440945,-1.1940648551010107,0.16535433070866143
807,1,train:4305,0,1,1.0,0.25196850393700787,0.4251968503937008,0.4251968503937008,0.3601079844586057,0.5984251968503937
808,1,train:8996,0,0,0.9453125,0.7795275590551181,0.4015748031496063,0.4015748031496063,-0.39363485628283956,0.2992125984251969
809,1,train:10072,0,0,0.2578125,0.2677165354330709,0.06299212598425197,0.7559055118110236,-0.01696191566252377,0.36220472440944884
810,1,test:5610,0,1,1.0,1.0,0.41732283464566927,0.968503937007874,0.8802842084134523,0.7401574803149606
811,1,train:4916,0,0,0.9921875,1.0,0.4645669291338583,0.4645669291338583,0.31262690738025234,0.41732283464566927
812,1,train:9773,1,1,1.0,1.0,0.6299212598425197,0.33858267716535434,0.44680402178441336,0.6220472440944882
813,1,train:5574,0,1,1.0,0.7716535433070866,0.33070866141732286,0.33070866141732286,-0.7091431425596906,0.30708661417322836
814,1,train:5366,0,0,0.8125,0.7559055118110236,0.4094488188976378,0.4094488188976378,-0.3465507387053002,0.30708661417322836
815,1,train:2753,1,1,0.9921875,0.5590551181102362,0.6850393700787402,0.6850393700787402,0.33120930535000276,0.5905511811023622
816,1,train:3089,1,0,0.90625,0.3858267716535433,0.12598425196850394,0.12598425196850394,-0.39363485628283956,0.2992125984251969
817,1,train:8488,0,0,0.6328125,0.8503937007874016,0.1968503937007874,0.1968503937007874,-0.3465507387053002,0.30708661417322836
818,1,train:1453,0,0,0.359375,0.25196850393700787,0.8188976377952756,0.8188976377952756,-1.523653678143787,0.11023622047244094
819,1,train:7938,1,0,0.921875,0.2677165354330709,1.0,0.9448818897637795,0.6422157304230287,0.47244094488188976
820,1,train:7877,0,0,0.9765625,1.0,0.4881889763779528,0.4881889763779528,0.7363839655781078,0.4881889763779528
821,1,train:8030,1,1,0.9921875,1.0,0.6377952755905512,0.6377952755905512,0.12891855158978494,0.5354330708661418
822,1,train:7170,0,0,0.984375,1.0,0.937007874015748,0.937007874015748,0.5951316128454893,0.4645669291338583
823,1,train:7877,0,0,0.4609375,0.4566929133858268,1.0,0.3228346456692913,0.35971102495779206,0.4251968503937008
824,1,train:9037,1,1,1.0,1.0,0.7716535433070866,0.7637795275590551,-0.3623589932564594,0.4015748031496063
825,1,train:4305,1,0,0.703125,0.5118110236220472,0.1968503937007874,0.1968503937007874,-0.9115601496357739,0.2125984251968504
826,1,train:5815,1,1,0.9921875,0.07874015748031496,0.41732283464566927,0.41732283464566927,-1.171522008297332,0.18110236220472442
827,1,train:909,1,1,1.0,1.0,0.5039370078740157,0.9921259842519685,0.6490947755446316,0.6771653543307087
828,1,train:6845,1,1,1.0,1.0,0.7716535433070866,0.9133858267716536,-0.7669405007768959,0.29133858267716534
829,1,train:6421,1,1,0.7734375,0.7480314960629921,0.36220472440944884,0.36220472440944884,1.3426630741510939,0.8661417322834646
830,1,train:5816,1,1,1.0,1.0,0.49606299212598426,0.5354330708661418,-0.3623589932564594,0.4015748031496063
831,1,train:4929,0,0,0.2265625,0.4645669291338583,0.2440944881889764,0.2440944881889764,-0.2523825035502214,0.3228346456692913
832,1,train:1266,1,1,0.9921875,1.0,0.84251968503937,0.8188976377952756,1.8339406189973382,1.0
833,1,train:9037,0,0,0.984375,1.0,0.6456692913385826,0.6456692913385826,2.0547392577492127,0.7086614173228346
834,1,train:5644,1,1,0.9765625,0.7874015748031497,0.4094488188976378,0.7480314960629921,0.5046013800016185,0.6377952755905512
835,1,train:868,1,1,1.0,0.25196850393700787,0.5748031496062992,0.5748031496062992,0.18671590980699002,0.5511811023622047
836,1,train:5035,1,1,1.0,1.0,0.8661417322834646,0.84251968503937,1.3426630741510939,0.8661417322834646
837,1,train:909,0,0,0.2890625,0.25196850393700787,0.2125984251968504,0.2125984251968504,-1.7119901484539453,0.07874015748031496
838,1,train:999,1,0,0.8359375,0.44881889763779526,1.0,0.6850393700787402,0.17137455464763413,0.3937007874015748
839,1,train:2204,0,0,0.921875,0.7716535433070866,0.8818897637795275,0.9291338582677166,0.35971102495779206,0.4251968503937008
840,1,train:2544,1,1,1.0,1.0,0.889763779527559,0.984251968503937,0.21561458891559257,0.5590551181102362
841,1,train:4691,1,1,1.0,1.0,0.5275590551181102,0.5275590551181102,-0.1311695603876386,0.4645669291338583
842,1,train:2753,0,0,1.0,1.0,0.4409448818897638,0.4409448818897638,0.5951316128454893,0.4645669291338583
843,1,train:1492,0,0,0.390625,0.2755905511811024,0.6456692913385826,0.6456692913385826,0.5009633776904102,0.44881889763779526
844,1,train:7480,0,0,0.9921875,0.8740157480314961,0.9763779527559056,0.9763779527559056,0.5009633776904102,0.44881889763779526
845,1,train:10072,0,0,1.0,1.0,0.5826771653543307,0.5826771653543307,0.9247204358882655,0.5196850393700787
846,1,train:9284,1,1,1.0,1.0,0.5984251968503937,0.5984251968503937,0.04222251426397687,0.5118110236220472
847,1,train:8105,0,1,0.7265625,0.6220472440944882,0.6141732283464567,0.6141732283464567,-0.27566295593065154,0.4251968503937008
848,1,train:1660,1,0,0.7734375,0.30708661417322836,0.8346456692913385,0.8346456692913385,0.07720631949255502,0.3779527559055118
849,1,train:5167,0,0,0.203125,0.25984251968503935,0.06299212598425197,0.06299212598425197,-0.6290554441705373,0.25984251968503935
850,1,train:6638,0,0,0.734375,0.047244094488188976,0.11023622047244094,0.11023622047244094,-1.5707377957213267,0.10236220472440945
851,1,train:7480,0,1,1.0,1.0,0.7007874015748031,0.7007874015748031,1.5160551488027096,0.9133858267716536
852,1,train:8487,0,0,1.0,1.0,0.8188976377952756,0.8188976377952756,0.7363839655781078,0.4881889763779528
853,1,train:648,0,0,0.484375,0.3464566929133858,0.3543307086614173,0.3543307086614173,1.1130569061984237,0.5511811023622047
854,1,train:5555,0,0,1.0,1.0,1.0,0.7007874015748031,1.0659727886208843,0.5433070866141733
855,1,train:5765,1,1,1.0,1.0,0.905511811023622,0.905511811023622,1.3426630741510939,0.8661417322834646
856,1,train:7938,0,1,1.0,1.0,0.4330708661417323,0.4330708661417323,-0.4779537096908698,0.3700787401574803
857,1,train:2706,0,0,1.0,1.0,0.9291338582677166,0.9291338582677166,1.2543092589310418,0.5748031496062992
858,1,train:5456,1,1,1.0,1.0,0.25196850393700787,0.25196850393700787,-0.1889669186048439,0.44881889763779526
859,1,train:6372,1,1,0.7578125,0.3937007874015748,0.14960629921259844,0.14960629921259844,-1.25821804562314,0.15748031496062992
860,1,train:3230,1,0,0.8359375,0.31496062992125984,0.5433070866141733,0.6692913385826772,-0.4878030914379187,0.28346456692913385
861,1,train:262,1,1,1.0,1.0,0.33858267716535434,0.7559055118110236,0.04222251426397687,0.5118110236220472
862,1,train:5409,0,0,0.8515625,0.9763779527559056,0.3700787401574803,0.31496062992125984,-0.6290554441705373,0.25984251968503935
863,1,train:6638,0,0,0.984375,1.0,0.4881889763779528,0.4881889763779528,0.07720631949255502,0.3779527559055118
864,1,train:5282,0,0,1.0,1.0,0.8503937007874016,0.7401574803149606,0.6422157304230287,0.47244094488188976
865,1,train:9188,0,0,0.5390625,0.3779527559055118,0.2992125984251969,0.968503937007874,-0.534887209015458,0.2755905511811024
866,1,train:2970,1,0,0.1015625,0.2677165354330709,0.5118110236220472,0.5118110236220472,0.5480474952679499,0.4566929133858268
867,1,train:10072,0,0,1.0,1.0,0.5748031496062992,0.5748031496062992,1.0659727886208843,0.5433070866141733
868,1,train:9104,1,0,0.0703125,0.07086614173228346,0.5669291338582677,0.7007874015748031,1.0659727886208843,0.5433070866141733
869,1,train:8762,1,1,0.984375,0.31496062992125984,0.5984251968503937,0.5984251968503937,-0.824737858994101,0.2755905511811024
870,1,train:328,0,0,1.0,1.0,0.4566929133858268,0.4566929133858268,0.07720631949255502,0.3779527559055118
871,1,train:1884,1,1,1.0,1.0,0.6535433070866141,0.6535433070866141,-0.4201563514736647,0.3858267716535433
872,1,train:5300,1,1,1.0,1.0,0.5905511811023622,0.6062992125984252,0.6779934546532341,0.6850393700787402
873,1,train:3706,0,0,1.0,1.0,0.6771653543307087,0.6771653543307087,1.1130569061984237,0.5511811023622047
874,1,train:7480,1,1,0.6015625,0.25984251968503935,0.2677165354330709,0.2677165354330709,-0.3045616350392543,0.41732283464566927
875,1,train:4305,0,0,0.578125,0.25984251968503935,0.11811023622047244,0.11811023622047244,0.26554278980271295,0.4094488188976378
876,1,test:8237,0,0,0.8984375,0.968503937007874,1.0,0.5669291338582677,0.7834680831556473,0.49606299212598426
877,1,train:1999,1,1,0.84375,0.84251968503937,0.9133858267716536,0.9133858267716536,-0.27566295593065154,0.4251968503937008
878,1,train:6569,0,1,1.0,1.0,0.5354330708661418,0.5354330708661418,-0.07337220217043353,0.48031496062992124
879,1,train:909,1,1,1.0,1.0,0.8661417322834646,0.5118110236220472,1.3426630741510939,0.8661417322834646
880,1,train:3539,1,1,0.90625,0.7874015748031497,1.0,1.0,-0.391257672365062,0.3937007874015748
881,1,train:9816,1,1,0.875,0.25196850393700787,0.6929133858267716,0.6929133858267716,-1.6339008740349739,0.05511811023622047
882,1,train:1609,1,1,1.0,1.0,0.14960629921259844,0.14960629921259844,1.6027511861285173,0.937007874015748
883,1,train:6421,0,0,0.9921875,1.0,0.5196850393700787,0.5196850393700787,1.819318669861516,0.6692913385826772
884,1,train:3216,1,1,1.0,1.0,0.6456692913385826,0.6456692913385826,0.4757027008930159,0.6299212598425197
885,1,train:5227,0,0,0.046875,0.2677165354330709,0.09448818897637795,0.09448818897637795,-1.5707377957213267,0.10236220472440945
886,1,train:5765,0,0,0.8828125,1.0,0.5669291338582677,0.5669291338582677,0.17137455464763413,0.3937007874015748
887,1,train:1999,0,1,0.171875,0.08661417322834646,0.4330708661417323,0.023622047244094488,-1.6627995531435762,0.047244094488188976
888,1,train:8488,0,0,0.2890625,0.29133858267716534,0.14173228346456693,0.14173228346456693,1.5368139643962788,0.6220472440944882
889,1,train:4915,0,1,0.7734375,0.29133858267716534,0.13385826771653545,0.13385826771653545,-0.391257672365062,0.3937007874015748
890,1,test:9441,1,1,0.8515625,0.31496062992125984,0.5354330708661418,0.5354330708661418,-0.5935484261252802,0.33858267716535434
891,1,train:6476,0,0,0.953125,0.8582677165354331,0.41732283464566927,0.41732283464566927,-0.534887209015458,0.2755905511811024
892,1,train:8359,0,0,0.5859375,0.25196850393700787,0.5433070866141733,0.5433070866141733,1.2543092589310418,0.5748031496062992
893,1,train:6438,1,1,0.9296875,0.9212598425196851,0.41732283464566927,0.41732283464566927,0.8513855293048499,0.7322834645669292
894,1,train:1479,0,0,0.875,0.7244094488188977,0.8976377952755905,0.8976377952755905,0.17137455464763413,0.3937007874015748
895,1,train:3539,1,1,1.0,1.0,0.6771653543307087,0.6771653543307087,1.3137643950424913,0.8582677165354331
896,1,train:9017,1,0,0.9765625,0.3464566929133858,0.4645669291338583,0.4645669291338583,-0.534887209015458,0.2755905511811024
897,1,train:4514,0,0,0.4140625,0.25196850393700787,0.4015748031496063,0.4015748031496063,1.018888671043345,0.5354330708661418
898,1,train:3733,0,0,0.0859375,0.2755905511811024,0.3543307086614173,0.3543307086614173,0.26554278980271295,0.4094488188976378
899,1,train:5364,0,0,0.5703125,0.6299212598425197,1.0,0.905511811023622,0.8305522007331867,0.5039370078740157
900,1,train:6415,1,1,0.90625,0.8188976377952756,0.3464566929133858,0.41732283464566927,-0.4779537096908698,0.3700787401574803
901,1,train:9017,0,0,0.890625,0.889763779527559,0.7874015748031497,0.7874015748031497,-0.2994666211277608,0.31496062992125984
902,1,train:6372,1,0,0.9140625,0.9291338582677166,0.41732283464566927,0.7637795275590551,0.17137455464763413,0.3937007874015748
903,1,train:5864,0,0,0.640625,0.6456692913385826,1.0,0.8818897637795275,-0.15821426839514227,0.33858267716535434
904,1,test:6949,1,1,1.0,1.0,1.0,0.4881889763779528,0.013323835155374327,0.5039370078740157
905,1,train:7170,0,1,1.0,1.0,0.8188976377952756,0.49606299212598426,0.12891855158978494,0.5354330708661418
906,1,train:1780,1,1,1.0,0.9133858267716536,0.031496062992125984,0.031496062992125984,-0.7669405007768959,0.29133858267716534
907,1,train:999,1,0,0.03125,0.25196850393700787,0.23622047244094488,0.23622047244094488,-1.6649060308764057,0.08661417322834646
908,1,train:5809,0,0,0.5234375,0.2755905511811024,1.0,0.2992125984251969,0.26554278980271295,0.4094488188976378
909,1,train:5430,0,0,0.9921875,1.0,1.0,0.6771653543307087,0.8776363183107261,0.5118110236220472
910,1,train:308,1,1,0.9375,0.16535433070866143,0.031496062992125984,0.031496062992125984,-1.0559272918629217,0.2125984251968504
911,1,train:1492,1,0,0.484375,0.15748031496062992,1.0,0.8661417322834646,-1.4294854429887083,0.12598425196850394
912,1,train:2590,0,0,0.9453125,0.49606299212598426,0.8346456692913385,0.8346456692913385,0.7363839655781078,0.4881889763779528
913,1,train:1958,0,0,0.15625,0.25196850393700787,0.1968503937007874,0.1968503937007874,-1.523653678143787,0.11023622047244094
914,1,train:17,0,0,0.578125,0.25984251968503935,0.5118110236220472,0.5118110236220472,-1.5707377957213267,0.10236220472440945
915,1,test:5427,0,0,1.0,1.0,0.5354330708661418,0.5354330708661418,-0.4878030914379187,0.28346456692913385
916,1,train:2225,0,1,1.0,1.0,0.3228346456692913,0.1732283464566929,-0.7958391798854985,0.28346456692913385
917,1,train:1780,1,1,1.0,1.0,0.8503937007874016,0.7559055118110236,0.013323835155374327,0.5039370078740157
918,1,train:6476,0,0,1.0,1.0,0.952755905511811,0.952755905511811,0.7363839655781078,0.4881889763779528
919,1,train:1660,1,0,0.4609375,0.2992125984251969,0.10236220472440945,0.13385826771653545,0.9247204358882655,0.5196850393700787
920,1,train:2102,0,0,0.1015625,0.25984251968503935,0.07874015748031496,0.07874015748031496,-1.4294854429887083,0.12598425196850394
921,1,train:8337,1,1,0.8203125,0.6535433070866141,0.11811023622047244,0.11811023622047244,-0.5357510679080751,0.3543307086614173
922,1,train:1660,0,0,1.0,1.0,0.984251968503937,0.984251968503937,0.7363839655781078,0.4881889763779528
923,1,train:2225,0,0,0.2109375,0.25984251968503935,0.11811023622047244,0.11811023622047244,-0.8173919144806949,0.2283464566929134
924,1,train:6845,0,0,0.375,0.2677165354330709,0.6456692913385826,0.6456692913385826,-0.6761395617480767,0.25196850393700787
925,1,train:308,1,0,1.0,1.0,0.36220472440944884,0.28346456692913385,-0.723223679325616,0.2440944881889764
926,1,train:9366,1,0,0.4765625,0.03937007874015748,0.007874015748031496,0.007874015748031496,0.5951316128454893,0.4645669291338583
927,1,train:8359,1,1,1.0,1.0,0.6220472440944882,0.6220472440944882,0.5623987382188236,0.6535433070866141
928,1,train:7860,0,1,0.9140625,0.047244094488188976,0.7401574803149606,0.7401574803149606,-1.8072929486865894,0.007874015748031496
929,1,test:6949,0,1,1.0,1.0,0.5196850393700787,0.5196850393700787,-0.3045616350392543,0.41732283464566927
930,1,train:2494,1,1,1.0,1.0,0.5905511811023622,0.4645669291338583,0.12891855158978494,0.5354330708661418
931,1,train:5833,1,0,0.0078125,0.23622047244094488,0.03937007874015748,0.03937007874015748,-1.8532425011865634,0.05511811023622047
932,1,train:3637,0,0,1.0,1.0,0.6614173228346457,0.6614173228346457,-0.11113015081760289,0.3464566929133858
933,1,train:7510,1,1,0.7734375,0.25984251968503935,0.1732283464566929,0.6220472440944882,-1.113724650080127,0.1968503937007874
934,1,test:5427,0,0,0.0078125,0.007874015748031496,0.007874015748031496,0.007874015748031496,-2.1357472066518004,0.007874015748031496
935,1,train:2225,1,1,0.7421875,0.2204724409448819,0.2440944881889764,0.4881889763779528,-1.5472048367091662,0.07874015748031496
936,1,train:308,1,1,1.0,1.0,0.4566929133858268,0.5275590551181102,0.96698024573926,0.7637795275590551
937,1,train:1958,1,1,1.0,1.0,0.7401574803149606,0.7401574803149606,0.8802842084134523,0.7401574803149606
938,1,train:1884,1,1,1.0,1.0,0.3700787401574803,0.6299212598425197,-0.1889669186048439,0.44881889763779526
939,1,train:3637,0,0,0.515625,0.2755905511811024,0.5826771653543307,0.5826771653543307,-0.15821426839514227,0.33858267716535434
940,1,train:1958,1,1,1.0,1.0,0.6771653543307087,0.8818897637795275,1.4293591114769015,0.889763779527559
941,1,train:328,0,0,0.7421875,0.14173228346456693,0.7322834645669292,0.7322834645669292,-1.806158383609024,0.06299212598425197
942,1,train:860,1,1,1.0,1.0,0.4251968503937008,0.5354330708661418,0.21561458891559257,0.5590551181102362
943,1,train:2753,1,1,0.796875,0.5905511811023622,0.2204724409448819,0.2204724409448819,-0.5646497470166777,0.3464566929133858
944,1,train:9994,1,1,0.984375,0.7401574803149606,0.7007874015748031,0.7007874015748031,-1.113724650080127,0.1968503937007874
945,1,train:9994,0,0,0.1484375,0.25196850393700787,0.5433070866141733,0.5433070866141733,0.5951316128454893,0.4645669291338583
946,1,train:7860,0,1,0.953125,0.7716535433070866,0.5511811023622047,0.5511811023622047,-1.5761035158177688,0.07086614173228346
947,1,train:4691,0,0,0.8984375,0.7559055118110236,0.2204724409448819,0.2204724409448819,0.6892998480005681,0.48031496062992124
948,1,train:1033,0,1,0.859375,0.3700787401574803,0.12598425196850394,0.12598425196850394,1.8339406189973382,1.0
949,1,train:6569,0,0,0.8515625,0.7716535433070866,0.4251968503937008,0.5511811023622047,0.9718045534658049,0.5275590551181102
950,1,train:1479,0,1,0.6484375,0.12598425196850394,0.16535433070866143,0.16535433070866143,-0.04447352306183077,0.4881889763779528
951,1,train:5364,1,1,1.0,1.0,0.2755905511811024,0.2755905511811024,0.533500059110221,0.6456692913385826
952,1,train:5366,1,1,1.0,1.0,0.7165354330708661,0.7165354330708661,1.3715617532596964,0.8740157480314961
953,1,train:5809,0,0,0.9921875,1.0,0.8661417322834646,0.8661417322834646,0.8305522007331867,0.5039370078740157
954,1,train:1609,1,1,1.0,1.0,0.6062992125984252,0.6062992125984252,1.3715617532596964,0.8740157480314961
955,1,train:2102,0,0,0.3046875,0.25984251968503935,0.11023622047244094,0.11023622047244094,0.40679514253533144,0.4330708661417323
956,1,train:8487,0,0,1.0,1.0,1.0,0.8740157480314961,1.2072251413535025,0.5669291338582677
957,1,train:5227,0,0,0.3515625,0.4566929133858268,0.2677165354330709,0.2677165354330709,-0.01696191566252377,0.36220472440944884
958,1,train:9816,0,0,0.9921875,1.0,1.0,0.7716535433070866,1.2072251413535025,0.5669291338582677
959,1,train:9483,0,0,0.1484375,0.25196850393700787,1.0,0.5039370078740157,2.0076551401716736,0.7007874015748031
960,1,train:6845,1,1,1.0,1.0,0.937007874015748,0.937007874015748,-0.5357510679080751,0.3543307086614173
961,1,test:2775,0,0,0.8984375,1.0,0.6535433070866141,0.6535433070866141,0.9247204358882655,0.5196850393700787
962,1,train:5366,1,1,1.0,1.0,0.6062992125984252,0.7874015748031497,1.053676283065068,0.7874015748031497
963,1,train:10072,1,1,0.765625,0.03937007874015748,0.031496062992125984,0.031496062992125984,-1.749495590469384,0.023622047244094488
964,1,train:5364,1,1,0.8359375,0.18110236220472442,0.13385826771653545,0.11023622047244094,-1.6339008740349739,0.05511811023622047
965,1,test:5699,1,1,1.0,1.0,0.5748031496062992,0.5748031496062992,-0.4201563514736647,0.3858267716535433
966,1,train:3562,0,1,1.0,1.0,0.6377952755905512,0.6377952755905512,0.24451326802419512,0.5669291338582677
967,1,train:2204,0,0,0.9921875,1.0,0.6141732283464567,0.6141732283464567,0.5009633776904102,0.44881889763779526
968,1,train:6569,1,1,0.9921875,0.6535433070866141,0.2677165354330709,0.2677165354330709,-1.2004206874059347,0.1732283464566929
969,1,train:2494,0,0,0.03125,0.2755905511811024,0.4645669291338583,0.4645669291338583,-1.3824013254111687,0.13385826771653545
970,1,train:7938,1,1,1.0,1.0,0.5433070866141733,0.5433070866141733,1.1981696786080809,0.8267716535433071
971,1,train:249,0,0,0.6328125,0.4330708661417323,1.0,0.9133858267716536,-0.5819713265929974,0.2677165354330709
972,1,train:532,1,1,1.0,1.0,0.7401574803149606,0.7401574803149606,0.5046013800016185,0.6377952755905512
973,1,train:3089,1,1,0.6171875,0.3543307086614173,0.13385826771653545,0.9133858267716536,-0.16006823949624116,0.4566929133858268
974,1,train:7612,1,0,0.265625,0.2204724409448819,0.41732283464566927,0.41732283464566927,2.33724396321445,0.7559055118110236
975,1,train:1033,0,0,0.7578125,0.25984251968503935,0.9291338582677166,0.9291338582677166,1.3013933765085812,0.5826771653543307
976,1,train:9994,0,0,0.7890625,0.30708661417322836,0.8267716535433071,0.8267716535433071,1.3484774940861206,0.5905511811023622
977,1,train:5537,0,0,1.0,1.0,1.0,0.8976377952755905,-0.2523825035502214,0.3228346456692913
978,1,train:9017,0,0,0.984375,1.0,0.5118110236220472,0.5118110236220472,0.40679514253533144,0.4330708661417323
979,1,train:5534,1,1,0.984375,0.7007874015748031,0.5433070866141733,0.16535433070866143,-0.9981299336457164,0.2283464566929134
980,1,train:6374,0,0,0.625,0.25196850393700787,0.49606299212598426,0.49606299212598426,-0.534887209015458,0.2755905511811024
981,1,train:1660,0,0,1.0,1.0,0.4566929133858268,0.4566929133858268,1.3484774940861206,0.5905511811023622
982,1,train:8451,1,0,0.1953125,0.25196850393700787,0.48031496062992124,0.48031496062992124,-0.2994666211277608,0.31496062992125984
983,1,train:308,1,1,0.96875,0.7401574803149606,0.6771653543307087,0.6771653543307087,1.1114736412822732,0.8031496062992126
984,1,train:708,1,0,0.1640625,0.11811023622047244,0.06299212598425197,0.06299212598425197,-2.1357472066518004,0.007874015748031496
985,1,train:4334,0,0,0.015625,0.1968503937007874,0.047244094488188976,0.047244094488188976,-1.3824013254111687,0.13385826771653545
986,1,train:2706,0,0,0.734375,0.7559055118110236,0.18110236220472442,0.18110236220472442,0.17137455464763413,0.3937007874015748
987,1,train:9816,0,0,1.0,1.0,0.9448818897637795,0.9448818897637795,0.7834680831556473,0.49606299212598426
988,1,train:9284,1,1,0.96875,0.8661417322834646,0.14960629921259844,0.14960629921259844,-1.2871167247317425,0.14960629921259844
989,1,train:1884,1,1,0.9921875,1.0,0.7401574803149606,0.8267716535433071,-1.0848259709715244,0.2047244094488189
990,1,train:9366,1,1,1.0,1.0,0.5669291338582677,0.9606299212598425,1.8050419398887356,0.9921259842519685
991,1,train:4305,0,0,0.9296875,0.7874015748031497,0.49606299212598426,0.49606299212598426,0.40679514253533144,0.4330708661417323
992,1,train:2970,1,1,1.0,1.0,0.6692913385826772,0.6535433070866141,0.27341194713279765,0.5748031496062992
993,1,train:5222,1,1,0.9453125,0.2677165354330709,0.5039370078740157,0.5039370078740157,1.689447223454325,0.9606299212598425
994,1,train:5222,0,0,0.9765625,0.9448818897637795,0.4015748031496063,0.4015748031496063,-0.20529838597268169,0.33070866141732286
995,1,train:4929,0,0,0.921875,0.889763779527559,0.84251968503937,0.84251968503937,-0.6290554441705373,0.25984251968503935
996,1,train:6569,1,1,0.859375,0.7322834645669292,0.5354330708661418,0.6535433070866141,-0.9114338963199088,0.25196850393700787
997,1,train:7612,1,0,0.015625,0.25196850393700787,0.25196850393700787,0.25196850393700787,-1.3824013254111687,0.13385826771653545
998,1,train:8451,1,1,0.890625,0.44881889763779526,0.5196850393700787,0.5196850393700787,0.12891855158978494,0.5354330708661418
999,1,train:4691,0,0,0.2109375,0.28346456692913385,0.7007874015748031,0.7007874015748031,-1.523653678143787,0.11023622047244094
1000,1,train:8337,0,0,0.9921875,0.28346456692913385,0.9606299212598425,0.9606299212598425,0.07720631949255502,0.3779527559055118
1001,1,train:2970,1,1,1.0,1.0,0.6220472440944882,0.9921259842519685,1.1981696786080809,0.8267716535433071
1002,1,train:7590,0,0,0.25,0.4881889763779528,0.8503937007874016,0.8503937007874016,0.030122201915015624,0.3700787401574803
1003,1,train:2225,0,1,0.875,0.4330708661417323,0.7795275590551181,0.7795275590551181,-0.6224471052338827,0.33070866141732286
1004,1,train:1660,0,0,0.953125,1.0,0.5118110236220472,0.5118110236220472,0.6422157304230287,0.47244094488188976
1005,1,train:3706,0,0,0.4609375,0.5354330708661418,0.4251968503937008,0.4251968503937008,-0.5819713265929974,0.2677165354330709
1006,1,train:3562,1,1,1.0,1.0,1.0,0.7244094488188977,1.1403723203908758,0.8110236220472441
1007,1,train:1609,0,0,0.0390625,0.25196850393700787,0.31496062992125984,0.31496062992125984,-1.1469807375234713,0.1732283464566929
1008,1,train:6569,0,0,1.0,1.0,1.0,0.8267716535433071,0.8776363183107261,0.5118110236220472
1009,1,train:10072,0,0,1.0,1.0,0.44881889763779526,0.44881889763779526,0.35971102495779206,0.4251968503937008
1010,1,train:4929,0,0,0.9921875,1.0,0.5905511811023622,0.5905511811023622,0.5951316128454893,0.4645669291338583
1011,1,train:5430,0,0,0.875,0.7795275590551181,0.5433070866141733,0.5433070866141733,-0.39363485628283956,0.2992125984251969
1012,1,train:6505,1,1,1.0,1.0,0.3779527559055118,0.3779527559055118,1.8339406189973382,1.0
1013,1,train:8451,0,0,0.6484375,0.6771653543307087,0.1732283464566929,0.1732283464566929,-0.44071897386037934,0.29133858267716534
1014,1,test:9441,1,1,0.828125,0.5275590551181102,0.05511811023622047,0.05511811023622047,0.5912974173274265,0.6614173228346457
1015,1,train:5864,0,0,0.1015625,0.25984251968503935,0.9448818897637795,0.9448818897637795,-1.1469807375234713,0.1732283464566929
1016,1,test:9736,0,0,0.96875,0.6299212598425197,0.6220472440944882,0.6220472440944882,0.26554278980271295,0.4094488188976378
1017,1,train:8269,1,1,1.0,1.0,0.6535433070866141,0.6535433070866141,1.4293591114769015,0.889763779527559
1018,1,train:8857,0,0,0.9609375,1.0,0.6062992125984252,0.6062992125984252,-0.534887209015458,0.2755905511811024
1019,1,train:4691,0,0,0.8359375,0.9606299212598425,0.23622047244094488,0.23622047244094488,0.35971102495779206,0.4251968503937008
1020,1,train:1266,1,1,1.0,1.0,0.3700787401574803,0.9212598425196851,-0.5068523887994724,0.36220472440944884
1021,1,train:7612,1,1,1.0,1.0,0.5275590551181102,0.5433070866141733,-0.824737858994101,0.2755905511811024
1022,1,train:868,1,1,1.0,1.0,0.5748031496062992,0.9921259842519685,0.8513855293048499,0.7322834645669292
1023,1,train:7938,1,1,1.0,1.0,0.7322834645669292,0.4015748031496063,0.44680402178441336,0.6220472440944882
0,0,test:6949,1,1,1.0,1.0,0.41732283464566927,0.41732283464566927,0.8224868501962473,0.7244094488188977
1,0,train:1609,0,0,0.8203125,0.4330708661417323,1.0,0.18110236220472442,-0.7703077969031555,0.23622047244094488
2,0,train:4916,0,0,1.0,1.0,0.7874015748031497,0.7874015748031497,1.7251504347064364,0.6535433070866141
3,0,train:1884,1,1,1.0,1.0,0.5669291338582677,0.5669291338582677,-0.824737858994101,0.2755905511811024
4,0,train:6476,0,0,0.0625,0.09448818897637795,0.031496062992125984,0.031496062992125984,-1.1469807375234713,0.1732283464566929
5,0,train:418,0,0,0.3828125,0.2677165354330709,0.5039370078740157,0.5039370078740157,0.030122201915015624,0.3700787401574803
6,0,train:249,1,0,0.2109375,0.28346456692913385,0.3700787401574803,0.3700787401574803,0.8776363183107261,0.5118110236220472
7,0,train:5456,1,1,1.0,1.0,0.2283464566929134,0.2283464566929134,0.15781723069838746,0.5433070866141733
8,0,train:7448,0,0,1.0,1.0,0.952755905511811,0.952755905511811,1.160141023775963,0.5590551181102362
9,0,train:5364,1,1,1.0,1.0,0.7480314960629921,0.7480314960629921,-0.10227088127903607,0.47244094488188976
10,0,train:9017,0,0,0.2578125,0.13385826771653545,0.6141732283464567,0.6141732283464567,-0.9115601496357739,0.2125984251968504
11,0,train:5574,1,1,1.0,1.0,0.16535433070866143,0.16535433070866143,-1.0270286127543193,0.2204724409448819
12,0,train:2809,1,1,1.0,1.0,0.4645669291338583,0.7007874015748031,1.6605485443457224,0.952755905511811
13,0,train:1780,1,1,0.9609375,0.5984251968503937,0.2047244094488189,0.2047244094488189,-0.7669405007768959,0.29133858267716534
14,0,train:860,1,1,1.0,1.0,0.5984251968503937,0.5984251968503937,-0.3334603141478569,0.4094488188976378
15,0,train:2272,0,0,0.5390625,0.29133858267716534,0.8110236220472441,0.8110236220472441,-0.9115601496357739,0.2125984251968504
16,0,train:7877,1,0,0.0234375,0.25196850393700787,0.1889763779527559,0.1889763779527559,-0.11113015081760289,0.3464566929133858
17,0,train:6638,0,0,1.0,1.0,0.6771653543307087,0.6771653543307087,0.5951316128454893,0.4645669291338583
18,0,train:2814,0,0,0.1328125,0.2677165354330709,0.6850393700787402,0.6850393700787402,1.5368139643962788,0.6220472440944882
19,0,train:7448,0,0,0.3515625,0.3464566929133858,0.14960629921259844,0.14960629921259844,-1.005728384790853,0.1968503937007874
20,0,train:5222,0,0,0.1875,0.33858267716535434,0.1968503937007874,0.1968503937007874,-1.2411489726785503,0.15748031496062992
21,0,train:5167,1,1,1.0,1.0,0.36220472440944884,0.36220472440944884,0.7068921337618367,0.6929133858267716
22,0,train:5537,0,0,0.9609375,0.9212598425196851,0.4330708661417323,0.4330708661417323,-0.01696191566252377,0.36220472440944884
23,0,train:8762,1,1,0.8046875,0.3779527559055118,0.5748031496062992,0.5748031496062992,0.7068921337618367,0.6929133858267716
24,0,train:708,0,0,0.5859375,0.4251968503937008,0.3858267716535433,0.3858267716535433,0.030122201915015624,0.3700787401574803
25,0,train:4691,1,0,0.296875,0.25196850393700787,0.9448818897637795,0.9448818897637795,0.17137455464763413,0.3937007874015748
26,0,train:2494,1,1,1.0,1.0,0.4251968503937008,0.4251968503937008,-0.1889669186048439,0.44881889763779526
27,0,train:7510,1,1,1.0,1.0,0.4330708661417323,0.4330708661417323,0.27341194713279765,0.5748031496062992
28,0,train:3461,1,0,0.984375,0.25984251968503935,0.16535433070866143,0.16535433070866143,-0.9586442672133135,0.2047244094488189
29,0,train:5574,0,0,0.6328125,0.3228346456692913,0.5590551181102362,0.2755905511811024,0.6422157304230287,0.47244094488188976
30,0,train:8780,1,0,0.1328125,0.25196850393700787,0.05511811023622047,0.05511811023622047,-1.6649060308764057,0.08661417322834646
31,0,train:9017,0,0,1.0,1.0,0.5511811023622047,0.5511811023622047,-0.0640460332400635,0.3543307086614173
32,0,train:8269,0,1,1.0,0.2204724409448819,0.047244094488188976,0.047244094488188976,-1.749495590469384,0.023622047244094488
33,0,train:1266,0,0,1.0,1.0,0.889763779527559,0.889763779527559,0.5480474952679499,0.4566929133858268
34,0,train:8337,1,1,0.640625,0.25196850393700787,0.25196850393700787,0.2283464566929134,-0.9114338963199088,0.25196850393700787
35,0,train:1999,1,1,0.59375,0.2755905511811024,0.5196850393700787,0.5196850393700787,-1.691698232252179,0.03937007874015748
36,0,train:1479,0,0,0.875,0.25984251968503935,0.03937007874015748,0.03937007874015748,0.030122201915015624,0.3700787401574803
37,0,train:2970,1,1,1.0,1.0,0.6614173228346457,0.6614173228346457,1.1403723203908758,0.8110236220472441
38,0,train:2590,0,0,0.1171875,0.09448818897637795,0.047244094488188976,0.047244094488188976,-1.6178219132988663,0.09448818897637795
39,0,train:6438,0,0,0.359375,0.25984251968503935,0.14173228346456693,0.14173228346456693,0.40679514253533144,0.4330708661417323
40,0,train:9017,0,0,1.0,1.0,0.5590551181102362,0.5590551181102362,1.2072251413535025,0.5669291338582677
41,0,train:8762,1,0,0.546875,0.25196850393700787,0.2992125984251969,0.2992125984251969,-0.6761395617480767,0.25196850393700787
42,0,train:1615,1,1,1.0,1.0,0.6850393700787402,0.49606299212598426,0.15781723069838746,0.5433070866141733
43,0,train:5644,1,1,0.96875,0.6062992125984252,0.5590551181102362,0.5590551181102362,-0.391257672365062,0.3937007874015748
44,0,train:5833,0,0,0.9921875,1.0,1.0,0.984251968503937,0.45387926011287083,0.4409448818897638
45,0,train:7612,1,1,1.0,1.0,0.48031496062992124,0.48031496062992124,-0.1311695603876386,0.4645669291338583
46,0,train:3570,1,1,0.9921875,1.0,0.10236220472440945,0.10236220472440945,-1.1426233291887296,0.1889763779527559
47,0,train:1033,0,0,1.0,1.0,0.7007874015748031,0.7007874015748031,0.8305522007331867,0.5039370078740157
48,0,train:4929,1,1,1.0,1.0,0.49606299212598426,0.5196850393700787,-0.1889669186048439,0.44881889763779526
49,0,train:1033,0,0,0.9296875,0.7716535433070866,0.4645669291338583,0.4645669291338583,0.31262690738025234,0.41732283464566927
50,0,train:4334,0,0,0.703125,0.2992125984251969,0.48031496062992124,0.48031496062992124,0.21845867222517354,0.4015748031496063
51,0,train:6421,0,0,1.0,1.0,0.7559055118110236,0.3700787401574803,0.5480474952679499,0.4566929133858268
52,0,train:8105,0,0,0.0625,0.31496062992125984,0.8188976377952756,0.8188976377952756,-0.8644760320582345,0.2204724409448819
53,0,train:9366,1,0,0.2890625,0.14960629921259844,0.05511811023622047,0.05511811023622047,-0.7703077969031555,0.23622047244094488
54,0,train:1615,1,1,1.0,1.0,0.5748031496062992,0.47244094488188976,1.400460432368299,0.8818897637795275
55,0,train:5644,1,1,1.0,1.0,0.5275590551181102,0.5275590551181102,-0.24676427682204902,0.4330708661417323
56,0,train:6505,1,1,0.9453125,0.2677165354330709,0.1732283464566929,0.1732283464566929,-1.113724650080127,0.1968503937007874
57,0,train:418,0,0,0.421875,0.4015748031496063,0.7244094488188977,0.7244094488188977,1.6309821995513576,0.6377952755905512
58,0,train:8488,1,1,1.0,1.0,0.6377952755905512,0.6377952755905512,0.33120930535000276,0.5905511811023622
59,0,train:5227,1,0,0.0859375,0.2204724409448819,0.7007874015748031,0.7007874015748031,-0.8173919144806949,0.2283464566929134
60,0,train:3570,0,0,0.5234375,0.25984251968503935,0.7716535433070866,0.7716535433070866,0.6892998480005681,0.48031496062992124
61,0,train:6415,0,0,0.3203125,0.30708661417322836,1.0,0.9291338582677166,-0.9115601496357739,0.2125984251968504
62,0,train:8756,1,1,1.0,1.0,0.6535433070866141,0.937007874015748,0.3023106262414002,0.5826771653543307
63,0,train:868,1,1,1.0,1.0,0.968503937007874,0.9763779527559056,1.053676283065068,0.7874015748031497
64,0,train:8996,1,0,1.0,1.0,0.8661417322834646,0.8661417322834646,0.07720631949255502,0.3779527559055118
65,0,train:3539,0,1,0.9921875,1.0,0.2992125984251969,0.4094488188976378,-1.2004206874059347,0.1732283464566929
66,0,train:8756,0,1,1.0,1.0,0.6377952755905512,0.8346456692913385,-0.04447352306183077,0.4881889763779528
67,0,train:7451,1,1,1.0,1.0,0.8818897637795275,0.6614173228346457,0.7646894919790418,0.7086614173228346
68,0,train:8057,0,0,0.921875,0.8188976377952756,0.9763779527559056,0.9763779527559056,0.5009633776904102,0.44881889763779526
69,0,train:7448,0,0,0.9609375,0.8267716535433071,0.8110236220472441,0.8110236220472441,0.9718045534658049,0.5275590551181102
70,0,train:5537,0,0,0.1875,0.25984251968503935,0.49606299212598426,0.49606299212598426,1.2543092589310418,0.5748031496062992
71,0,train:5193,1,1,0.9140625,0.4330708661417323,0.8818897637795275,0.8818897637795275,0.4757027008930159,0.6299212598425197
72,0,train:7448,0,0,1.0,1.0,1.0,0.6299212598425197,0.7834680831556473,0.49606299212598426
73,0,train:8488,1,1,1.0,1.0,0.30708661417322836,0.30708661417322836,0.5623987382188236,0.6535433070866141
74,0,train:529,1,1,0.921875,0.84251968503937,0.1732283464566929,0.1732283464566929,-1.4316101202747555,0.11023622047244094
75,0,train:709,1,1,1.0,1.0,0.4881889763779528,0.4881889763779528,-0.9403325754285113,0.2440944881889764
76,0,train:8762,0,0,0.734375,0.2677165354330709,0.12598425196850394,0.12598425196850394,0.40679514253533144,0.4330708661417323
77,0,train:709,0,0,0.890625,0.6299212598425197,0.6850393700787402,0.6850393700787402,1.160141023775963,0.5590551181102362
78,0,train:8488,0,0,1.0,1.0,0.2992125984251969,0.2992125984251969,0.35971102495779206,0.4251968503937008
79,0,train:5816,1,0,0.8984375,0.3464566929133858,0.2440944881889764,0.2440944881889764,-0.2523825035502214,0.3228346456692913
80,0,train:1999,0,0,1.0,1.0,0.5118110236220472,0.5118110236220472,0.6892998480005681,0.48031496062992124
81,0,train:6212,0,0,0.0390625,0.2047244094488189,0.023622047244094488,0.023622047244094488,-1.2882330902560897,0.14960629921259844
82,0,train:5222,1,1,0.8125,0.3858267716535433,0.4251968503937008,0.6535433070866141,-0.5357510679080751,0.3543307086614173
83,0,train:868,1,1,1.0,1.0,0.41732283464566927,0.8818897637795275,-0.10227088127903607,0.47244094488188976
84,0,train:2706,1,1,1.0,1.0,0.5275590551181102,0.5275590551181102,0.5912974173274265,0.6614173228346457
85,0,train:2809,1,1,1.0,1.0,0.6692913385826772,0.7401574803149606,0.5912974173274265,0.6614173228346457
86,0,train:9483,1,1,1.0,1.0,0.84251968503937,0.7952755905511811,0.013323835155374327,0.5039370078740157
87,0,train:8669,0,0,0.9921875,1.0,0.7716535433070866,0.7716535433070866,-0.7703077969031555,0.23622047244094488
88,0,train:10072,0,0,0.9765625,0.905511811023622,0.5590551181102362,0.5590551181102362,1.3013933765085812,0.5826771653543307
89,0,train:4944,0,0,0.9140625,0.8346456692913385,0.889763779527559,0.889763779527559,0.6422157304230287,0.47244094488188976
90,0,train:6505,1,1,0.9453125,0.7874015748031497,0.023622047244094488,0.023622047244094488,-1.7205969113607815,0.031496062992125984
91,0,train:328,0,0,0.484375,0.4409448818897638,0.13385826771653545,0.13385826771653545,-1.3824013254111687,0.13385826771653545
92,0,train:2225,0,1,0.765625,0.33070866141732286,0.30708661417322836,0.30708661417322836,0.27341194713279765,0.5748031496062992
93,0,train:308,1,0,0.7890625,0.3779527559055118,0.3228346456692913,0.889763779527559,-1.0528125023683925,0.1889763779527559
94,0,train:8857,0,0,0.765625,0.5039370078740157,0.7716535433070866,0.7716535433070866,0.5009633776904102,0.44881889763779526
95,0,train:7448,0,0,0.6875,0.25196850393700787,0.8110236220472441,0.8110236220472441,-0.6290554441705373,0.25984251968503935
96,0,train:8762,1,0,0.515625,0.10236220472440945,0.1889763779527559,0.11811023622047244,-2.1357472066518004,0.007874015748031496
97,0,train:262,1,1,1.0,1.0,0.49606299212598426,0.44881889763779526,-0.7091431425596906,0.30708661417322836
98,0,train:9017,0,0,0.9921875,1.0,0.30708661417322836,0.30708661417322836,-0.8173919144806949,0.2283464566929134
99,0,train:1615,1,1,1.0,1.0,0.4881889763779528,0.3464566929133858,0.533500059110221,0.6456692913385826
100,0,train:9017,0,0,0.7890625,0.4409448818897638,0.7165354330708661,0.7165354330708661,-0.11113015081760289,0.3464566929133858
101,0,train:9037,0,0,0.0234375,0.29133858267716534,0.9763779527559056,0.9763779527559056,0.35971102495779206,0.4251968503937008
102,0,train:7877,0,0,0.09375,0.25196850393700787,1.0,0.5039370078740157,-1.6178219132988663,0.09448818897637795
103,0,train:5727,0,0,0.84375,0.3464566929133858,0.4566929133858268,0.4566929133858268,0.07720631949255502,0.3779527559055118
104,0,train:529,1,1,0.9921875,0.6456692913385826,0.7401574803149606,0.7401574803149606,0.620196096436029,0.6692913385826772
105,0,train:2272,0,0,0.0078125,0.25196850393700787,0.07086614173228346,0.07086614173228346,-0.9115601496357739,0.2125984251968504
106,0,train:5456,1,0,0.6640625,0.7086614173228346,0.4251968503937008,0.9606299212598425,0.5009633776904102,0.44881889763779526
107,0,train:5035,0,1,1.0,1.0,0.4251968503937008,0.5669291338582677,0.9380815666306574,0.7559055118110236
108,0,train:4916,0,0,1.0,1.0,0.7480314960629921,0.7480314960629921,-0.15821426839514227,0.33858267716535434
109,0,train:7510,1,1,0.96875,0.3543307086614173,0.3779527559055118,0.3779527559055118,-0.16006823949624116,0.4566929133858268
110,0,train:3939,0,1,0.8515625,0.28346456692913385,0.13385826771653545,0.13385826771653545,-1.2293193665145372,0.16535433070866143
111,0,train:1609,0,0,0.6875,0.6535433070866141,0.7637795275590551,0.984251968503937,-1.6178219132988663,0.09448818897637795
112,0,test:2775,1,1,0.953125,0.25984251968503935,0.06299212598425197,0.06299212598425197,-0.10227088127903607,0.47244094488188976
113,0,train:9816,0,0,0.9921875,1.0,1.0,0.9133858267716536,1.2072251413535025,0.5669291338582677
114,0,train:5227,0,1,1.0,1.0,0.7480314960629921,0.7480314960629921,-0.1889669186048439,0.44881889763779526
115,0,train:3562,1,1,1.0,1.0,0.7086614173228346,0.7086614173228346,-0.21786559771344646,0.4409448818897638
116,0,train:2814,0,1,0.8203125,0.15748031496062992,0.16535433070866143,0.09448818897637795,-0.6224471052338827,0.33070866141732286
117,0,train:2437,1,1,1.0,1.0,0.5275590551181102,0.2755905511811024,-0.6513457843424855,0.3228346456692913
118,0,train:1780,1,0,0.5546875,0.3543307086614173,0.7874015748031497,0.7874015748031497,-0.3465507387053002,0.30708661417322836
119,0,train:8030,1,0,0.859375,0.3464566929133858,0.8818897637795275,0.889763779527559,-0.9115601496357739,0.2125984251968504
120,0,train:8359,1,1,1.0,1.0,0.25984251968503935,0.25984251968503935,0.15781723069838746,0.5433070866141733
121,0,train:1780,1,1,1.0,1.0,0.5748031496062992,0.9212598425196851,0.10001987248118197,0.5275590551181102
122,0,train:359,1,1,1.0,1.0,0.48031496062992124,0.6614173228346457,0.8513855293048499,0.7322834645669292
123,0,train:2102,0,1,1.0,1.0,0.8976377952755905,0.9448818897637795,0.5912974173274265,0.6614173228346457
124,0,train:2272,0,1,1.0,1.0,0.937007874015748,0.7401574803149606,0.5046013800016185,0.6377952755905512
125,0,train:7590,1,1,1.0,1.0,0.6692913385826772,0.8582677165354331,0.3601079844586057,0.5984251968503937
126,0,train:418,0,0,0.4609375,0.5590551181102362,0.6850393700787402,0.6850393700787402,-0.4878030914379187,0.28346456692913385
127,0,train:1033,1,0,0.71875,0.4094488188976378,0.8582677165354331,0.8582677165354331,1.018888671043345,0.5354330708661418
128,0,train:6415,0,0,0.59375,0.7874015748031497,0.7244094488188977,0.7244094488188977,0.40679514253533144,0.4330708661417323
129,0,train:868,0,0,0.109375,0.25196850393700787,1.0,0.4566929133858268,0.7363839655781078,0.4881889763779528
130,0,train:8451,0,1,0.5859375,0.2440944881889764,0.47244094488188976,0.47244094488188976,-1.0270286127543193,0.2204724409448819
131,0,train:999,1,0,0.7578125,0.31496062992125984,1.0,0.6771653543307087,-0.0640460332400635,0.3543307086614173
132,0,train:2970,1,0,0.1796875,0.2992125984251969,0.6614173228346457,0.6614173228346457,-0.9586442672133135,0.2047244094488189
133,0,train:2809,1,1,1.0,1.0,0.6771653543307087,0.6771653543307087,1.1981696786080809,0.8267716535433071
134,0,test:5610,1,1,1.0,1.0,0.9133858267716536,0.9921259842519685,0.4179053426758108,0.6141732283464567
135,0,train:5809,0,0,0.9375,0.6929133858267716,0.3464566929133858,0.3464566929133858,0.030122201915015624,0.3700787401574803
136,0,train:2494,1,1,0.9140625,0.25984251968503935,0.3858267716535433,0.3858267716535433,-0.5068523887994724,0.36220472440944884
137,0,train:8762,1,1,1.0,1.0,0.2440944881889764,1.0,-0.9403325754285113,0.2440944881889764
138,0,train:3733,0,0,0.296875,0.25984251968503935,0.8110236220472441,0.8110236220472441,-1.2411489726785503,0.15748031496062992
139,0,train:3461,1,1,1.0,1.0,0.44881889763779526,0.7244094488188977,-0.07337220217043353,0.48031496062992124
140,0,train:9366,1,0,0.0390625,0.25196850393700787,0.3937007874015748,0.3937007874015748,-1.4294854429887083,0.12598425196850394
141,0,train:2437,1,1,0.890625,0.3937007874015748,0.12598425196850394,0.12598425196850394,-0.7669405007768959,0.29133858267716534
142,0,train:5534,1,1,1.0,1.0,0.3779527559055118,0.3779527559055118,-0.9692312545371139,0.23622047244094488
143,0,train:7448,0,0,0.1953125,0.25196850393700787,0.023622047244094488,0.031496062992125984,-2.041578971496721,0.023622047244094488
144,0,train:359,1,1,1.0,1.0,0.7874015748031497,0.7874015748031497,0.21561458891559257,0.5590551181102362
145,0,test:6949,1,1,1.0,1.0,0.2992125984251969,0.2992125984251969,1.400460432368299,0.8818897637795275
146,0,train:4514,0,1,1.0,1.0,0.49606299212598426,0.3937007874015748,-0.9692312545371139,0.23622047244094488
147,0,train:5537,0,1,0.9609375,0.3543307086614173,0.7086614173228346,0.25196850393700787,-1.1426233291887296,0.1889763779527559
148,0,train:262,0,0,0.984375,1.0,0.5590551181102362,0.5590551181102362,0.5009633776904102,0.44881889763779526
149,0,train:8669,0,0,1.0,1.0,0.7874015748031497,0.7874015748031497,0.45387926011287083,0.4409448818897638
150,0,train:5300,1,1,1.0,1.0,0.15748031496062992,0.1732283464566929,-0.3623589932564594,0.4015748031496063
151,0,train:909,1,1,1.0,1.0,0.3464566929133858,0.3464566929133858,0.21561458891559257,0.5590551181102362
152,0,train:9816,0,0,0.9921875,1.0,0.36220472440944884,0.36220472440944884,0.40679514253533144,0.4330708661417323
153,0,test:9736,0,0,0.84375,0.6614173228346457,0.7716535433070866,0.7716535433070866,-0.7703077969031555,0.23622047244094488
154,0,train:7612,1,1,1.0,1.0,0.4330708661417323,0.6456692913385826,-0.1311695603876386,0.4645669291338583
155,0,train:5456,1,1,1.0,1.0,0.889763779527559,0.984251968503937,-0.27566295593065154,0.4251968503937008
156,0,train:418,0,0,1.0,1.0,1.0,0.5905511811023622,0.7834680831556473,0.49606299212598426
157,0,train:9816,0,0,0.53125,0.2677165354330709,0.4645669291338583,0.889763779527559,-0.534887209015458,0.2755905511811024
158,0,train:4915,1,0,0.265625,0.28346456692913385,0.23622047244094488,0.23622047244094488,0.6422157304230287,0.47244094488188976
159,0,train:1660,1,1,0.96875,0.9448818897637795,0.7165354330708661,0.7165354330708661,-0.9981299336457164,0.2283464566929134
160,0,train:359,0,0,0.7734375,0.25196850393700787,0.4251968503937008,0.4251968503937008,-1.5707377957213267,0.10236220472440945
161,0,train:1788,0,0,0.890625,0.25196850393700787,0.47244094488188976,0.3464566929133858,-0.0640460332400635,0.3543307086614173
162,0,train:8718,1,1,0.984375,0.2755905511811024,0.5826771653543307,0.5826771653543307,-1.5472048367091662,0.07874015748031496
163,0,train:1866,1,1,0.8828125,0.30708661417322836,0.5118110236220472,0.5118110236220472,-1.1426233291887296,0.1889763779527559
164,0,train:1727,1,0,0.1640625,0.03937007874015748,0.33070866141732286,0.33070866141732286,-1.9474107363416426,0.03937007874015748
165,0,train:4305,1,0,0.125,0.31496062992125984,0.06299212598425197,0.06299212598425197,-0.723223679325616,0.2440944881889764
166,0,train:5877,1,0,0.65625,0.31496062992125984,1.0,0.6771653543307087,0.07720631949255502,0.3779527559055118
167,0,test:5427,0,1,0.703125,0.4881889763779528,0.5590551181102362,0.5590551181102362,-1.1426233291887296,0.1889763779527559
168,0,train:359,0,0,0.7109375,0.30708661417322836,0.29133858267716534,0.29133858267716534,-0.6761395617480767,0.25196850393700787
169,0,train:10072,1,1,0.71875,0.1889763779527559,0.3700787401574803,0.3700787401574803,-1.5761035158177688,0.07086614173228346
170,0,train:2809,1,1,1.0,0.7086614173228346,0.48031496062992124,1.0,-0.6513457843424855,0.3228346456692913
171,0,train:6374,0,1,0.96875,0.47244094488188976,0.28346456692913385,0.28346456692913385,-1.5183061576005634,0.08661417322834646
172,0,train:1615,1,1,1.0,1.0,0.7795275590551181,0.7795275590551181,1.8339406189973382,1.0
173,0,test:5069,1,1,0.859375,0.5354330708661418,0.7007874015748031,0.7007874015748031,0.12891855158978494,0.5354330708661418
174,0,train:9037,1,1,1.0,1.0,0.14960629921259844,0.14960629921259844,0.04222251426397687,0.5118110236220472
175,0,train:8462,0,0,0.109375,0.25196850393700787,0.7716535433070866,0.7716535433070866,0.8776363183107261,0.5118110236220472
176,0,train:4944,0,1,0.4375,0.25984251968503935,0.5669291338582677,0.8267716535433071,1.1403723203908758,0.8110236220472441
177,0,train:2590,0,0,0.0859375,0.25196850393700787,1.0,0.14173228346456693,-1.3353172078336293,0.14173228346456693
178,0,train:1958,1,1,0.8984375,0.2677165354330709,0.7480314960629921,0.7480314960629921,1.8339406189973382,1.0
179,0,train:328,1,1,1.0,1.0,0.7007874015748031,0.4015748031496063,0.21561458891559257,0.5590551181102362
180,0,train:9397,1,1,1.0,1.0,0.13385826771653545,0.48031496062992124,-0.824737858994101,0.2755905511811024
181,0,train:5765,0,0,0.015625,0.25196850393700787,0.2677165354330709,0.2677165354330709,-1.6649060308764057,0.08661417322834646
182,0,train:1884,1,1,1.0,0.4015748031496063,0.2677165354330709,0.44881889763779526,-1.4605087993833583,0.10236220472440945
183,0,test:9736,0,0,0.3828125,0.2677165354330709,0.6614173228346457,0.6614173228346457,-0.3465507387053002,0.30708661417322836
184,0,train:9366,1,1,0.8046875,0.10236220472440945,0.023622047244094488,0.023622047244094488,-1.7783942695779869,0.015748031496062992
185,0,train:5765,0,0,0.625,0.25196850393700787,1.0,0.4015748031496063,0.26554278980271295,0.4094488188976378
186,0,train:8576,1,1,1.0,1.0,1.0,1.0,0.8802842084134523,0.7401574803149606
187,0,train:9017,0,0,0.984375,0.8818897637795275,0.2047244094488189,0.2047244094488189,-0.4878030914379187,0.28346456692913385
188,0,train:4944,0,0,0.9375,0.9448818897637795,0.8188976377952756,0.8188976377952756,1.7251504347064364,0.6535433070866141
189,0,train:9188,0,0,0.4453125,0.3464566929133858,1.0,0.937007874015748,-0.5819713265929974,0.2677165354330709
190,0,test:6949,1,1,1.0,1.0,0.3779527559055118,0.3779527559055118,-0.27566295593065154,0.4251968503937008
191,0,train:2809,1,1,0.984375,0.49606299212598426,0.6456692913385826,0.6456692913385826,-0.824737858994101,0.2755905511811024
192,0,train:10072,1,0,0.53125,0.2677165354330709,0.968503937007874,0.968503937007874,0.21845867222517354,0.4015748031496063
193,0,train:1033,0,0,1.0,1.0,1.0,0.9606299212598425,1.5838980819738182,0.6299212598425197
194,0,train:5193,1,1,1.0,1.0,0.5354330708661418,0.5354330708661418,-0.8536365381027036,0.2677165354330709
195,0,train:418,1,1,1.0,1.0,0.36220472440944884,0.36220472440944884,-0.3045616350392543,0.41732283464566927
196,0,train:7590,0,0,0.3515625,0.2992125984251969,0.952755905511811,0.952755905511811,-0.2523825035502214,0.3228346456692913
197,0,train:1866,1,1,0.890625,0.2755905511811024,0.11023622047244094,0.4094488188976378,1.1981696786080809,0.8267716535433071
198,0,test:2463,1,1,0.8515625,0.25984251968503935,0.9763779527559056,0.9763779527559056,-0.9692312545371139,0.23622047244094488
199,0,train:1266,0,0,0.6875,0.3228346456692913,0.07874015748031496,0.07874015748031496,-1.099896619945932,0.18110236220472442
200,0,train:5193,1,1,1.0,1.0,0.31496062992125984,0.7322834645669292,1.8339406189973382,1.0
201,0,test:6949,1,1,1.0,1.0,0.5905511811023622,0.44881889763779526,0.013323835155374327,0.5039370078740157
202,0,train:2102,0,0,0.9921875,1.0,0.3543307086614173,0.2992125984251969,-0.20529838597268169,0.33070866141732286
203,0,train:1266,1,0,0.3671875,0.25196850393700787,1.0,0.8818897637795275,0.6422157304230287,0.47244094488188976
204,0,train:6372,1,0,0.9921875,1.0,0.7007874015748031,0.7007874015748031,0.31262690738025234,0.41732283464566927
205,0,train:5833,0,1,0.96875,0.29133858267716534,0.3464566929133858,0.3464566929133858,0.24451326802419512,0.5669291338582677
206,0,train:4514,0,0,0.2421875,0.25984251968503935,0.3464566929133858,0.3464566929133858,0.5480474952679499,0.4566929133858268
207,0,train:6638,1,1,1.0,1.0,0.2440944881889764,0.2440944881889764,-0.21786559771344646,0.4409448818897638
208,0,test:5069,1,1,1.0,1.0,0.9291338582677166,0.9291338582677166,0.8513855293048499,0.7322834645669292
209,0,train:708,1,1,0.8984375,0.25984251968503935,0.2755905511811024,0.2755905511811024,-1.3160154038403453,0.14173228346456693
210,0,train:5167,0,0,0.4453125,0.2677165354330709,0.7874015748031497,0.7874015748031497,0.45387926011287083,0.4409448818897638
211,0,train:17,0,0,0.7734375,0.25196850393700787,0.5669291338582677,0.5669291338582677,1.3484774940861206,0.5905511811023622
212,0,train:3733,1,1,0.8046875,0.3228346456692913,0.5748031496062992,0.07086614173228346,-1.4605087993833583,0.10236220472440945
213,0,train:2437,1,1,1.0,1.0,0.84251968503937,0.84251968503937,0.3601079844586057,0.5984251968503937
214,0,train:1609,1,1,1.0,1.0,1.0,0.8740157480314961,0.33120930535000276,0.5905511811023622
215,0,train:3216,0,0,1.0,1.0,0.5748031496062992,0.5748031496062992,1.2072251413535025,0.5669291338582677
216,0,train:5193,1,0,0.4765625,0.36220472440944884,0.1732283464566929,0.1732283464566929,-0.7703077969031555,0.23622047244094488
217,0,train:7480,0,0,0.0546875,0.11023622047244094,0.14173228346456693,0.14173228346456693,-1.2411489726785503,0.15748031496062992
218,0,train:2706,1,0,0.75,0.8346456692913385,0.4330708661417323,0.36220472440944884,1.5838980819738182,0.6299212598425197
219,0,train:4916,1,0,0.796875,0.2755905511811024,0.6141732283464567,0.6141732283464567,0.9247204358882655,0.5196850393700787
220,0,train:1884,1,1,0.9921875,1.0,0.33858267716535434,0.33858267716535434,0.3023106262414002,0.5826771653543307
221,0,train:2753,1,1,0.6328125,0.09448818897637795,0.015748031496062992,0.2047244094488189,-1.8072929486865894,0.007874015748031496
222,0,train:5222,1,0,0.25,0.31496062992125984,0.30708661417322836,0.30708661417322836,-1.5707377957213267,0.10236220472440945
223,0,test:5610,0,0,0.984375,1.0,0.5905511811023622,0.5905511811023622,-0.11113015081760289,0.3464566929133858
224,0,train:4334,0,0,0.4140625,0.25984251968503935,0.4566929133858268,0.4566929133858268,-1.4765695605662477,0.11811023622047244
225,0,train:708,1,1,1.0,1.0,0.7637795275590551,0.7637795275590551,-0.3334603141478569,0.4094488188976378
226,0,train:7170,1,1,1.0,1.0,0.48031496062992124,0.9921259842519685,-0.07337220217043353,0.48031496062992124
227,0,train:5343,0,0,0.0546875,0.047244094488188976,0.007874015748031496,0.007874015748031496,-2.1357472066518004,0.007874015748031496
228,0,test:9736,0,0,0.46875,0.25196850393700787,0.5511811023622047,0.5511811023622047,-1.5707377957213267,0.10236220472440945
229,0,train:7170,1,0,0.3046875,0.14173228346456693,0.023622047244094488,0.023622047244094488,-2.041578971496721,0.023622047244094488
230,0,train:3216,1,1,1.0,1.0,0.6377952755905512,0.9921259842519685,1.2848657159338888,0.8503937007874016
231,0,train:10072,1,0,0.4921875,0.2677165354330709,0.5275590551181102,0.5275590551181102,-1.0528125023683925,0.1889763779527559
232,0,train:2225,1,0,0.328125,0.30708661417322836,0.4330708661417323,0.4330708661417323,-0.534887209015458,0.2755905511811024
233,0,train:8337,0,1,0.71875,0.14960629921259844,0.3779527559055118,0.3779527559055118,0.18671590980699002,0.5511811023622047
234,0,train:9366,1,1,1.0,0.7401574803149606,0.6929133858267716,0.6929133858267716,-0.16006823949624116,0.4566929133858268
235,0,train:4915,1,1,0.9375,0.4251968503937008,0.5275590551181102,0.968503937007874,-0.015574843953228222,0.49606299212598426
236,0,train:6415,0,0,0.5625,0.2677165354330709,0.2677165354330709,0.2677165354330709,-0.723223679325616,0.2440944881889764
237,0,train:17,0,0,1.0,1.0,0.937007874015748,0.937007874015748,1.1130569061984237,0.5511811023622047
238,0,train:6845,1,1,1.0,0.3464566929133858,0.9448818897637795,0.8267716535433071,0.18671590980699002,0.5511811023622047
239,0,train:6415,0,0,0.578125,0.4251968503937008,0.7874015748031497,0.7874015748031497,-0.4878030914379187,0.28346456692913385
240,0,train:5864,0,0,0.375,0.18110236220472442,0.25196850393700787,0.25196850393700787,-1.6178219132988663,0.09448818897637795
241,0,train:1033,0,1,0.9765625,0.25984251968503935,0.5118110236220472,0.2440944881889764,-0.5935484261252802,0.33858267716535434
242,0,train:1866,1,1,1.0,1.0,1.0,0.8346456692913385,0.4757027008930159,0.6299212598425197
243,0,train:6372,0,0,0.9921875,1.0,1.0,0.9448818897637795,1.160141023775963,0.5590551181102362
244,0,train:6438,1,1,1.0,1.0,0.5118110236220472,0.5118110236220472,-0.4779537096908698,0.3700787401574803
245,0,train:5815,0,0,0.9140625,0.5984251968503937,1.0,0.6692913385826772,0.1242904370700944,0.3858267716535433
246,0,train:5222,1,0,0.21875,0.25196850393700787,0.7086614173228346,0.7086614173228346,-0.4878030914379187,0.28346456692913385
247,0,train:3461,1,1,0.828125,0.9291338582677166,0.4330708661417323,0.4330708661417323,-1.0270286127543193,0.2204724409448819
248,0,train:9483,0,0,0.8203125,0.48031496062992124,0.05511811023622047,0.05511811023622047,-0.3465507387053002,0.30708661417322836
249,0,train:418,0,0,0.2734375,0.25984251968503935,0.25196850393700787,0.25196850393700787,-1.1940648551010107,0.16535433070866143
250,0,train:532,0,1,1.0,1.0,0.7795275590551181,0.7952755905511811,-0.6224471052338827,0.33070866141732286
251,0,train:5809,0,0,1.0,1.0,0.9448818897637795,0.9448818897637795,1.4426457292412,0.6062992125984252
252,0,train:328,1,1,1.0,1.0,1.0,0.7401574803149606,0.96698024573926,0.7637795275590551
253,0,train:2204,1,1,1.0,1.0,0.7086614173228346,0.4645669291338583,0.533500059110221,0.6456692913385826
254,0,train:9017,0,0,1.0,1.0,0.8661417322834646,0.8661417322834646,1.3013933765085812,0.5826771653543307
255,0,train:8359,0,0,1.0,1.0,0.7480314960629921,0.8661417322834646,-0.2523825035502214,0.3228346456692913
256,0,train:1866,1,1,0.984375,0.8110236220472441,0.7559055118110236,0.7559055118110236,-1.6050021949263713,0.06299212598425197
257,0,train:1866,0,0,0.5625,0.1732283464566929,0.05511811023622047,0.05511811023622047,-2.0886630890742612,0.015748031496062992
258,0,train:5496,1,1,0.546875,0.25196850393700787,0.015748031496062992,0.7322834645669292,-1.3738127620575504,0.12598425196850394
259,0,train:262,0,1,0.953125,1.0,0.8188976377952756,0.8188976377952756,-0.5357510679080751,0.3543307086614173
260,0,train:6421,0,0,0.921875,0.2677165354330709,0.7952755905511811,0.7952755905511811,0.5480474952679499,0.4566929133858268
261,0,train:5534,1,1,1.0,1.0,0.7007874015748031,0.7007874015748031,0.33120930535000276,0.5905511811023622
262,0,train:2225,0,0,1.0,1.0,0.5039370078740157,0.5039370078740157,0.26554278980271295,0.4094488188976378
263,0,train:5534,0,1,1.0,1.0,0.44881889763779526,0.44881889763779526,0.4757027008930159,0.6299212598425197
264,0,train:5035,1,1,1.0,1.0,0.7795275590551181,0.7795275590551181,0.8513855293048499,0.7322834645669292
265,0,train:6505,0,1,0.984375,0.25196850393700787,0.07874015748031496,0.07874015748031496,-0.21786559771344646,0.4409448818897638
266,0,train:2970,1,1,0.9921875,1.0,0.3700787401574803,0.3700787401574803,0.3601079844586057,0.5984251968503937
267,0,train:860,1,1,1.0,1.0,0.49606299212598426,0.5511811023622047,1.400460432368299,0.8818897637795275
268,0,train:2225,1,1,1.0,1.0,0.7952755905511811,0.7952755905511811,1.1114736412822732,0.8031496062992126
269,0,train:6569,1,0,0.1015625,0.30708661417322836,0.10236220472440945,0.10236220472440945,0.9247204358882655,0.5196850393700787
270,0,train:7170,1,1,1.0,1.0,0.5905511811023622,0.5905511811023622,0.4179053426758108,0.6141732283464567
271,0,train:7860,1,1,1.0,1.0,0.44881889763779526,0.44881889763779526,-0.680244463451088,0.31496062992125984
272,0,test:8237,1,1,0.984375,1.0,1.0,0.984251968503937,1.7472445816715305,0.9763779527559056
273,0,train:5035,1,1,1.0,1.0,0.7637795275590551,0.7637795275590551,0.7357908128704392,0.7007874015748031
274,0,train:5364,1,1,0.9609375,0.28346456692913385,0.33858267716535434,0.33858267716535434,-1.0270286127543193,0.2204724409448819
275,0,train:3461,1,1,1.0,1.0,0.3700787401574803,0.3700787401574803,-0.5646497470166777,0.3464566929133858
276,0,train:7170,0,0,0.78125,0.7637795275590551,0.7952755905511811,0.7952755905511811,1.4426457292412,0.6062992125984252
277,0,train:8116,1,1,1.0,0.07086614173228346,0.007874015748031496,0.007874015748031496,-1.8072929486865894,0.007874015748031496
278,0,train:308,1,1,1.0,1.0,0.84251968503937,0.84251968503937,0.8224868501962473,0.7244094488188977
279,0,train:6673,1,0,0.34375,0.3700787401574803,0.47244094488188976,0.47244094488188976,0.8305522007331867,0.5039370078740157
280,0,train:8576,1,1,0.7421875,0.25196850393700787,0.47244094488188976,0.47244094488188976,-1.402711441166153,0.11811023622047244
281,0,train:5364,1,1,0.9921875,1.0,0.8818897637795275,0.8818897637795275,0.12891855158978494,0.5354330708661418
282,0,train:1866,1,0,0.9921875,1.0,0.5748031496062992,0.1968503937007874,-0.4878030914379187,0.28346456692913385
283,0,train:17,0,0,0.1953125,0.31496062992125984,0.5984251968503937,0.8346456692913385,1.5368139643962788,0.6220472440944882
284,0,train:2814,0,0,0.6171875,0.2677165354330709,0.13385826771653545,0.13385826771653545,-0.6761395617480767,0.25196850393700787
285,0,train:3570,1,1,0.875,0.7637795275590551,0.11811023622047244,0.7952755905511811,1.8339406189973382,1.0
286,0,train:6845,1,1,1.0,0.2677165354330709,0.5590551181102362,0.5590551181102362,0.620196096436029,0.6692913385826772
287,0,train:7877,1,1,1.0,1.0,1.0,0.84251968503937,0.8224868501962473,0.7244094488188977
288,0,train:9483,0,0,0.0078125,0.2047244094488189,0.09448818897637795,0.09448818897637795,-0.6290554441705373,0.25984251968503935
289,0,train:1492,0,0,0.8046875,0.2755905511811024,0.2125984251968504,0.2125984251968504,-0.8644760320582345,0.2204724409448819
290,0,train:8857,0,0,0.421875,0.25196850393700787,0.8110236220472441,0.8110236220472441,0.40679514253533144,0.4330708661417323
291,0,train:1999,1,0,0.1875,0.25196850393700787,0.13385826771653545,0.13385826771653545,-1.9003266187641028,0.047244094488188976
292,0,train:7480,1,0,1.0,1.0,1.0,0.6692913385826772,-0.6761395617480767,0.25196850393700787
293,0,train:1788,0,0,0.9375,0.4330708661417323,0.8740157480314961,0.8740157480314961,0.9718045534658049,0.5275590551181102
294,0,train:6673,0,0,0.90625,0.984251968503937,0.889763779527559,0.889763779527559,1.3013933765085812,0.5826771653543307
295,0,train:8762,1,0,0.0625,0.25984251968503935,0.07086614173228346,0.07086614173228346,-1.9474107363416426,0.03937007874015748
296,0,train:6638,1,1,1.0,1.0,0.7401574803149606,0.5905511811023622,0.5046013800016185,0.6377952755905512
297,0,train:7170,1,0,0.09375,0.25196850393700787,0.36220472440944884,0.36220472440944884,-0.6761395617480767,0.25196850393700787
298,0,test:5699,1,1,1.0,1.0,0.84251968503937,0.84251968503937,-0.3623589932564594,0.4015748031496063
299,0,train:1884,1,1,1.0,0.2677165354330709,0.023622047244094488,0.023622047244094488,-1.4316101202747555,0.11023622047244094
300,0,train:532,0,1,0.6875,0.25984251968503935,0.2283464566929134,0.2283464566929134,-0.1889669186048439,0.44881889763779526
301,0,train:5833,0,1,1.0,1.0,0.5511811023622047,0.5511811023622047,0.96698024573926,0.7637795275590551
302,0,train:359,0,1,0.9375,0.8110236220472441,0.7007874015748031,0.6299212598425197,-1.0270286127543193,0.2204724409448819
303,0,test:2463,1,1,1.0,0.1732283464566929,0.6141732283464567,0.6141732283464567,0.5046013800016185,0.6377952755905512
304,0,train:3216,0,0,0.0546875,0.14960629921259844,1.0,0.4645669291338583,-1.523653678143787,0.11023622047244094
305,0,train:5300,1,1,1.0,0.12598425196850394,0.13385826771653545,0.13385826771653545,-1.6339008740349739,0.05511811023622047
306,0,train:3706,0,0,1.0,1.0,0.84251968503937,0.9763779527559056,1.3013933765085812,0.5826771653543307
307,0,train:2809,1,0,0.015625,0.25196850393700787,0.36220472440944884,0.36220472440944884,-0.9115601496357739,0.2125984251968504
308,0,train:1479,1,1,1.0,1.0,0.9606299212598425,0.9606299212598425,0.5623987382188236,0.6535433070866141
309,0,train:5366,0,0,1.0,1.0,0.4094488188976378,0.4094488188976378,0.45387926011287083,0.4409448818897638
310,0,test:2463,0,1,1.0,1.0,0.6535433070866141,0.6535433070866141,-0.391257672365062,0.3937007874015748
311,0,train:7612,1,1,1.0,1.0,0.968503937007874,0.8740157480314961,0.21561458891559257,0.5590551181102362
312,0,train:3461,1,1,1.0,1.0,0.7086614173228346,0.7086614173228346,0.4179053426758108,0.6141732283464567
313,0,train:2814,1,0,0.5625,0.25196850393700787,0.4409448818897638,0.4409448818897638,-0.2994666211277608,0.31496062992125984
314,0,train:7612,1,1,1.0,1.0,0.8503937007874016,0.8503937007874016,1.8339406189973382,1.0
315,0,train:5227,0,0,0.859375,0.8661417322834646,0.7086614173228346,0.7086614173228346,-0.0640460332400635,0.3543307086614173
316,0,train:5811,1,1,1.0,1.0,0.48031496062992124,0.8661417322834646,-0.3045616350392543,0.41732283464566927
317,0,train:3706,0,1,1.0,1.0,0.5590551181102362,0.5590551181102362,-0.24676427682204902,0.4330708661417323
318,0,train:8488,1,0,0.046875,0.18110236220472442,0.2755905511811024,0.2755905511811024,-2.041578971496721,0.023622047244094488
319,0,train:8116,1,1,1.0,1.0,0.7086614173228346,0.7086614173228346,0.9091828875220549,0.7480314960629921
320,0,test:8237,1,1,0.9765625,0.33070866141732286,0.5748031496062992,0.5748031496062992,0.44680402178441336,0.6220472440944882
321,0,train:9397,0,0,1.0,1.0,0.6456692913385826,0.6456692913385826,-0.534887209015458,0.2755905511811024
322,0,train:2272,0,1,1.0,1.0,0.6614173228346457,0.6614173228346457,0.33120930535000276,0.5905511811023622
323,0,test:9441,1,1,0.7734375,0.03937007874015748,0.08661417322834646,0.031496062992125984,-0.4201563514736647,0.3858267716535433
324,0,train:6438,1,0,0.4453125,0.25196850393700787,0.33070866141732286,0.33070866141732286,-1.6649060308764057,0.08661417322834646
325,0,train:6845,1,1,1.0,0.25196850393700787,0.05511811023622047,0.05511811023622047,-0.7091431425596906,0.30708661417322836
326,0,train:709,0,1,0.9921875,1.0,0.4015748031496063,0.4015748031496063,0.96698024573926,0.7637795275590551
327,0,train:5364,1,1,1.0,1.0,1.0,0.48031496062992124,0.4179053426758108,0.6141732283464567
328,0,train:5833,1,1,1.0,1.0,0.3543307086614173,0.3543307086614173,1.2270683577166834,0.8346456692913385
329,0,train:6421,1,0,0.1484375,0.25196850393700787,0.007874015748031496,0.007874015748031496,-0.20529838597268169,0.33070866141732286
330,0,train:8030,1,1,0.8515625,0.7086614173228346,0.5275590551181102,0.5275590551181102,0.27341194713279765,0.5748031496062992
331,0,train:7612,1,0,0.8515625,0.25984251968503935,0.5905511811023622,0.5905511811023622,-0.11113015081760289,0.3464566929133858
332,0,train:3570,0,0,0.265625,0.2677165354330709,0.4409448818897638,0.4409448818897638,-1.806158383609024,0.06299212598425197
333,0,train:5456,1,1,0.9921875,1.0,0.4015748031496063,0.4015748031496063,0.4757027008930159,0.6299212598425197
334,0,train:3089,1,0,0.4921875,0.2677165354330709,0.6535433070866141,0.6535433070866141,-0.8644760320582345,0.2204724409448819
335,0,train:7877,1,0,0.5234375,0.25196850393700787,0.14960629921259844,0.14960629921259844,-1.5707377957213267,0.10236220472440945
336,0,train:1884,1,0,0.4140625,0.25984251968503935,0.25984251968503935,0.25984251968503935,-1.6178219132988663,0.09448818897637795
337,0,train:5366,1,1,1.0,1.0,0.7322834645669292,0.7322834645669292,1.8339406189973382,1.0
338,0,train:6505,1,0,0.078125,0.25984251968503935,0.29133858267716534,0.29133858267716534,-0.20529838597268169,0.33070866141732286
339,0,train:8669,0,0,0.609375,0.4330708661417323,0.2440944881889764,0.2440944881889764,-0.20529838597268169,0.33070866141732286
340,0,train:9366,1,0,0.0078125,0.25984251968503935,0.7795275590551181,0.7795275590551181,0.5009633776904102,0.44881889763779526
341,0,train:1780,1,0,0.2578125,0.25196850393700787,0.14173228346456693,0.14173228346456693,0.26554278980271295,0.4094488188976378
342,0,train:4916,0,0,1.0,1.0,0.9212598425196851,0.9212598425196851,1.6309821995513576,0.6377952755905512
343,0,train:2753,1,0,0.0234375,0.25196850393700787,0.05511811023622047,0.05511811023622047,-1.1469807375234713,0.1732283464566929
344,0,train:1884,1,1,1.0,1.0,0.3779527559055118,0.84251968503937,-0.3334603141478569,0.4094488188976378
345,0,train:3230,1,0,0.4921875,0.25196850393700787,0.4645669291338583,0.4645669291338583,1.1130569061984237,0.5511811023622047
346,0,train:5574,0,1,1.0,1.0,0.3700787401574803,0.3700787401574803,-0.680244463451088,0.31496062992125984
347,0,train:5035,0,1,1.0,1.0,0.7322834645669292,0.7322834645669292,0.6490947755446316,0.6771653543307087
348,0,train:532,0,1,0.984375,0.31496062992125984,0.29133858267716534,0.29133858267716534,-1.3449140829489479,0.13385826771653545
349,0,train:10072,0,0,0.4921875,0.2204724409448819,0.047244094488188976,0.905511811023622,-0.6761395617480767,0.25196850393700787
350,0,train:4944,0,0,0.890625,0.84251968503937,0.3228346456692913,0.3228346456692913,1.4426457292412,0.6062992125984252
351,0,train:2344,1,1,0.9921875,1.0,0.5196850393700787,0.5196850393700787,0.18671590980699002,0.5511811023622047
352,0,train:5496,1,1,1.0,1.0,0.6299212598425197,0.6299212598425197,0.013323835155374327,0.5039370078740157
353,0,train:8762,1,0,0.9609375,0.25984251968503935,0.5118110236220472,0.5118110236220472,1.3484774940861206,0.5905511811023622
354,0,train:4944,0,0,1.0,1.0,0.9212598425196851,0.968503937007874,0.8776363183107261,0.5118110236220472
355,0,train:5343,1,1,0.9921875,1.0,0.36220472440944884,0.5118110236220472,-0.8825352172113062,0.25984251968503935
356,0,train:5555,0,0,1.0,1.0,0.7480314960629921,0.7480314960629921,1.4426457292412,0.6062992125984252
357,0,train:7510,1,0,0.859375,0.5433070866141733,0.7952755905511811,0.7952755905511811,1.0659727886208843,0.5433070866141733
358,0,train:9037,0,1,1.0,1.0,0.7795275590551181,0.7795275590551181,1.2270683577166834,0.8346456692913385
359,0,train:4915,1,1,1.0,1.0,0.6299212598425197,0.7480314960629921,0.07112119337257942,0.5196850393700787
360,0,train:532,1,1,0.7265625,0.25196850393700787,1.0,0.5905511811023622,-0.3045616350392543,0.41732283464566927
361,0,train:1479,1,1,0.7890625,0.5748031496062992,0.8740157480314961,0.8740157480314961,0.6490947755446316,0.6771653543307087
362,0,train:5167,1,1,1.0,0.9763779527559056,0.5275590551181102,0.5275590551181102,-0.015574843953228222,0.49606299212598426
363,0,train:3706,1,1,1.0,1.0,0.7559055118110236,0.7559055118110236,1.2270683577166834,0.8346456692913385
364,0,train:262,0,1,1.0,1.0,0.49606299212598426,0.49606299212598426,0.5046013800016185,0.6377952755905512
365,0,train:8996,0,0,0.109375,0.25196850393700787,0.4251968503937008,0.4251968503937008,0.40679514253533144,0.4330708661417323
366,0,train:4691,0,0,0.796875,0.8582677165354331,0.48031496062992124,0.48031496062992124,-0.15821426839514227,0.33858267716535434
367,0,train:3539,1,1,0.7421875,0.10236220472440945,0.03937007874015748,0.03937007874015748,-1.7205969113607815,0.031496062992125984
368,0,train:8857,0,0,0.6171875,0.3937007874015748,0.5039370078740157,0.5039370078740157,-0.44071897386037934,0.29133858267716534
369,0,train:6476,0,0,0.9765625,0.2755905511811024,0.2992125984251969,0.2992125984251969,-0.9115601496357739,0.2125984251968504
370,0,train:3706,1,0,0.4765625,0.33070866141732286,0.7716535433070866,0.3779527559055118,-0.0640460332400635,0.3543307086614173
371,0,train:8359,0,0,0.703125,0.31496062992125984,0.07874015748031496,0.047244094488188976,-1.7590742660314846,0.07086614173228346
372,0,train:8576,1,1,1.0,1.0,0.5433070866141733,0.5511811023622047,0.38900666356720826,0.6062992125984252
373,0,train:7877,0,0,1.0,1.0,0.7007874015748031,0.7007874015748031,0.17137455464763413,0.3937007874015748
374,0,train:6476,0,1,1.0,1.0,0.9606299212598425,0.9606299212598425,-0.6224471052338827,0.33070866141732286
375,0,train:5644,0,0,0.7421875,0.8267716535433071,0.4015748031496063,0.4015748031496063,-0.7703077969031555,0.23622047244094488
376,0,train:708,1,1,1.0,1.0,0.28346456692913385,0.28346456692913385,0.04222251426397687,0.5118110236220472
377,0,train:5366,1,1,0.9296875,0.5748031496062992,0.8503937007874016,0.49606299212598426,0.15781723069838746,0.5433070866141733
378,0,train:5815,1,0,0.53125,0.6771653543307087,1.0,0.6062992125984252,-0.2994666211277608,0.31496062992125984
379,0,train:3570,0,0,0.9921875,1.0,0.2677165354330709,0.2677165354330709,-1.3353172078336293,0.14173228346456693
380,0,train:2272,0,1,0.265625,0.2204724409448819,0.3937007874015748,0.3937007874015748,-1.4894074784919609,0.09448818897637795
381,0,train:2814,1,0,0.59375,0.015748031496062992,0.5669291338582677,0.5669291338582677,0.31262690738025234,0.41732283464566927
382,0,train:4915,1,1,1.0,1.0,0.8267716535433071,0.8031496062992126,0.8513855293048499,0.7322834645669292
383,0,train:6372,0,0,0.96875,0.8818897637795275,0.48031496062992124,0.48031496062992124,0.6892998480005681,0.48031496062992124
384,0,train:8451,1,0,0.890625,0.9921259842519685,0.4409448818897638,0.4409448818897638,-0.5819713265929974,0.2677165354330709
385,0,train:1727,1,1,1.0,0.2677165354330709,0.8188976377952756,0.4094488188976378,-0.7958391798854985,0.28346456692913385
386,0,train:2225,0,1,1.0,1.0,0.6062992125984252,0.6062992125984252,0.5623987382188236,0.6535433070866141
387,0,train:5496,1,1,0.8359375,0.29133858267716534,0.7244094488188977,0.7244094488188977,0.96698024573926,0.7637795275590551
388,0,train:5574,0,0,0.09375,0.25196850393700787,0.11811023622047244,0.11811023622047244,-0.2523825035502214,0.3228346456692913
389,0,train:9366,0,1,0.6875,0.06299212598425197,0.07086614173228346,0.05511811023622047,-1.7205969113607815,0.031496062992125984
390,0,train:6421,0,1,1.0,1.0,0.2677165354330709,0.2677165354330709,-0.5646497470166777,0.3464566929133858
391,0,train:7480,0,1,0.9921875,1.0,0.1732283464566929,1.0,-0.6513457843424855,0.3228346456692913
392,0,train:5364,1,0,0.0234375,0.25196850393700787,0.07086614173228346,0.07086614173228346,-1.8532425011865634,0.05511811023622047
393,0,train:1999,0,0,0.4765625,0.2755905511811024,0.25984251968503935,0.25984251968503935,-0.6761395617480767,0.25196850393700787
394,0,train:3562,1,1,0.84375,0.14960629921259844,0.10236220472440945,0.06299212598425197,-1.6050021949263713,0.06299212598425197
395,0,train:7510,1,0,0.078125,0.25196850393700787,0.11023622047244094,0.11023622047244094,-1.1469807375234713,0.1732283464566929
396,0,train:868,1,1,1.0,1.0,0.9291338582677166,0.9291338582677166,0.96698024573926,0.7637795275590551
397,0,train:9037,1,1,1.0,1.0,0.9133858267716536,0.9133858267716536,0.7935881710876443,0.7165354330708661
398,0,train:10072,0,0,0.84375,0.25984251968503935,0.7007874015748031,0.7007874015748031,1.2072251413535025,0.5669291338582677
399,0,train:5282,0,0,0.2421875,0.33070866141732286,0.7086614173228346,0.7086614173228346,-0.4878030914379187,0.28346456692913385
400,0,train:8359,1,0,0.8203125,0.7007874015748031,0.4566929133858268,0.4566929133858268,0.45387926011287083,0.4409448818897638
401,0,train:9017,0,1,0.7421875,0.2755905511811024,0.05511811023622047,0.05511811023622047,-1.6339008740349739,0.05511811023622047
402,0,train:3089,1,1,1.0,1.0,0.8031496062992126,0.6535433070866141,0.18671590980699002,0.5511811023622047
403,0,train:8857,0,0,0.9765625,0.30708661417322836,0.6850393700787402,0.9212598425196851,0.1242904370700944,0.3858267716535433
404,0,train:1884,1,1,1.0,1.0,0.3779527559055118,0.3779527559055118,-0.391257672365062,0.3937007874015748
405,0,train:5727,1,1,1.0,0.44881889763779526,0.8346456692913385,0.889763779527559,-1.2871167247317425,0.14960629921259844
406,0,train:6673,1,1,0.9765625,0.47244094488188976,0.8818897637795275,0.8818897637795275,-1.5183061576005634,0.08661417322834646
407,0,train:5537,0,0,0.4296875,0.2755905511811024,0.47244094488188976,0.47244094488188976,-0.4878030914379187,0.28346456692913385
408,0,train:7938,1,0,0.0390625,0.18110236220472442,0.8346456692913385,0.8346456692913385,-0.39363485628283956,0.2992125984251969
409,0,train:1884,1,0,0.59375,0.4015748031496063,0.33858267716535434,0.33858267716535434,-1.6649060308764057,0.08661417322834646
410,0,train:1788,0,0,0.7890625,0.5748031496062992,0.952755905511811,0.952755905511811,1.2543092589310418,0.5748031496062992
411,0,test:2463,0,0,0.4453125,0.25196850393700787,0.03937007874015748,0.03937007874015748,-2.041578971496721,0.023622047244094488
412,0,train:2706,0,0,0.234375,0.25984251968503935,0.41732283464566927,0.41732283464566927,-0.7703077969031555,0.23622047244094488
413,0,train:5035,0,1,1.0,1.0,0.9448818897637795,0.7401574803149606,0.4179053426758108,0.6141732283464567
414,0,train:860,0,1,1.0,1.0,0.6062992125984252,0.6062992125984252,0.5623987382188236,0.6535433070866141
415,0,train:1884,1,1,1.0,1.0,0.4409448818897638,0.8267716535433071,1.2270683577166834,0.8346456692913385
416,0,train:8057,1,0,0.6640625,0.25196850393700787,0.9448818897637795,0.9448818897637795,-0.01696191566252377,0.36220472440944884
417,0,train:4334,0,0,1.0,1.0,0.7716535433070866,0.7716535433070866,1.3484774940861206,0.5905511811023622
418,0,train:8857,0,0,0.953125,0.28346456692913385,0.937007874015748,0.937007874015748,-0.15821426839514227,0.33858267716535434
419,0,train:8857,0,0,0.0078125,0.12598425196850394,0.023622047244094488,0.023622047244094488,-2.1357472066518004,0.007874015748031496
420,0,train:2809,1,1,1.0,1.0,0.5905511811023622,0.5905511811023622,0.013323835155374327,0.5039370078740157
421,0,train:9284,1,0,0.2109375,0.25196850393700787,0.33858267716535434,0.31496062992125984,-1.6649060308764057,0.08661417322834646
422,0,train:9104,1,1,0.9921875,1.0,0.8110236220472441,0.8110236220472441,0.04222251426397687,0.5118110236220472
423,0,train:9816,0,0,0.96875,0.9763779527559056,0.3937007874015748,0.3937007874015748,0.8776363183107261,0.5118110236220472
424,0,train:3637,0,0,0.78125,0.7874015748031497,0.3228346456692913,0.3228346456692913,0.40679514253533144,0.4330708661417323
425,0,test:9441,0,1,1.0,0.41732283464566927,0.14173228346456693,0.7007874015748031,0.12891855158978494,0.5354330708661418
426,0,train:308,1,1,0.2265625,0.14173228346456693,0.7559055118110236,0.7559055118110236,-1.2293193665145372,0.16535433070866143
427,0,train:999,1,0,0.9921875,1.0,0.2440944881889764,0.2440944881889764,-0.44071897386037934,0.29133858267716534
428,0,train:8451,1,0,0.671875,0.7637795275590551,0.5669291338582677,0.5669291338582677,1.2543092589310418,0.5748031496062992
429,0,train:8756,1,1,1.0,1.0,1.0,0.8582677165354331,0.24451326802419512,0.5669291338582677
430,0,test:9441,0,1,0.6875,0.28346456692913385,0.6062992125984252,0.6062992125984252,-0.44905503058226726,0.3779527559055118
431,0,train:7451,1,0,0.9453125,0.7480314960629921,0.2283464566929134,0.2283464566929134,0.40679514253533144,0.4330708661417323
432,0,train:1788,0,0,0.953125,0.48031496062992124,0.8661417322834646,0.8661417322834646,1.160141023775963,0.5590551181102362
433,0,train:328,1,1,1.0,1.0,0.8110236220472441,0.5905511811023622,1.024777603956465,0.7795275590551181
434,0,train:8057,1,1,0.9609375,0.4015748031496063,0.4566929133858268,0.3937007874015748,-0.07337220217043353,0.48031496062992124
435,0,train:5537,0,1,0.953125,0.14960629921259844,0.7086614173228346,0.1732283464566929,-1.6627995531435762,0.047244094488188976
436,0,train:17,0,0,1.0,1.0,0.7322834645669292,0.7322834645669292,-0.20529838597268169,0.33070866141732286
437,0,train:6438,1,1,1.0,1.0,0.9606299212598425,0.8582677165354331,1.024777603956465,0.7795275590551181
438,0,train:5877,1,0,0.5,0.7559055118110236,0.8188976377952756,0.8188976377952756,0.5951316128454893,0.4645669291338583
439,0,train:2343,0,0,1.0,0.047244094488188976,0.015748031496062992,0.015748031496062992,-2.1357472066518004,0.007874015748031496
440,0,train:2590,0,0,0.9921875,1.0,0.31496062992125984,0.31496062992125984,0.5480474952679499,0.4566929133858268
441,0,train:8996,0,1,0.6953125,0.25984251968503935,0.3543307086614173,0.3543307086614173,-1.113724650080127,0.1968503937007874
442,0,train:2753,1,1,0.7421875,0.14960629921259844,0.8110236220472441,0.8110236220472441,-1.5183061576005634,0.08661417322834646
443,0,train:2590,1,1,1.0,1.0,0.36220472440944884,0.36220472440944884,0.9380815666306574,0.7559055118110236
444,0,train:8576,1,1,1.0,1.0,0.7007874015748031,0.7007874015748031,1.2848657159338888,0.8503937007874016
445,0,train:5227,0,0,0.875,0.7795275590551181,0.7952755905511811,0.49606299212598426,-0.7703077969031555,0.23622047244094488
446,0,train:5282,0,0,0.0078125,0.18110236220472442,0.13385826771653545,0.13385826771653545,-0.2994666211277608,0.31496062992125984
447,0,train:648,0,0,1.0,1.0,0.6771653543307087,0.6771653543307087,1.2072251413535025,0.5669291338582677
448,0,train:2437,1,1,1.0,1.0,0.8976377952755905,0.984251968503937,0.8513855293048499,0.7322834645669292
449,0,train:3216,1,1,1.0,1.0,0.8661417322834646,0.7086614173228346,0.7646894919790418,0.7086614173228346
450,0,train:525,1,1,1.0,1.0,0.3464566929133858,0.3464566929133858,1.053676283065068,0.7874015748031497
451,0,train:8718,1,1,0.9765625,0.2992125984251969,0.33858267716535434,0.33858267716535434,0.620196096436029,0.6692913385826772
452,0,train:9994,0,0,1.0,1.0,1.0,0.8818897637795275,1.160141023775963,0.5590551181102362
453,0,train:8359,0,0,0.84375,0.2047244094488189,0.13385826771653545,0.13385826771653545,0.8305522007331867,0.5039370078740157
454,0,train:5809,1,1,1.0,1.0,0.1968503937007874,0.1968503937007874,1.5449538279113122,0.9212598425196851
455,0,train:9284,1,1,1.0,1.0,0.7244094488188977,0.44881889763779526,1.8339406189973382,1.0
456,0,train:9994,0,0,0.421875,0.2047244094488189,0.10236220472440945,0.10236220472440945,-0.9586442672133135,0.2047244094488189
457,0,train:7510,1,1,1.0,1.0,0.9606299212598425,0.9606299212598425,-1.3160154038403453,0.14173228346456693
458,0,train:2225,0,1,0.921875,0.33070866141732286,0.14173228346456693,0.14173228346456693,0.620196096436029,0.6692913385826772
459,0,train:3539,1,0,0.609375,0.25196850393700787,1.0,0.4015748031496063,0.17137455464763413,0.3937007874015748
460,0,train:8116,1,0,0.5703125,0.25196850393700787,0.5039370078740157,0.5039370078740157,-0.9115601496357739,0.2125984251968504
461,0,train:5815,0,0,1.0,1.0,0.905511811023622,0.905511811023622,0.5009633776904102,0.44881889763779526
462,0,train:9994,0,0,0.6171875,0.3700787401574803,0.7874015748031497,0.7874015748031497,-1.9003266187641028,0.047244094488188976
463,0,train:4944,0,0,0.1796875,0.25984251968503935,0.1968503937007874,0.1968503937007874,-1.523653678143787,0.11023622047244094
464,0,train:5816,1,1,0.578125,0.13385826771653545,0.031496062992125984,0.031496062992125984,-1.5472048367091662,0.07874015748031496
465,0,train:1884,0,1,0.8671875,0.06299212598425197,0.023622047244094488,0.023622047244094488,-1.8072929486865894,0.007874015748031496
466,0,train:1033,0,0,0.8203125,0.30708661417322836,0.8267716535433071,0.984251968503937,1.7251504347064364,0.6535433070866141
467,0,test:8237,0,1,1.0,1.0,0.8110236220472441,0.905511811023622,1.8339406189973382,1.0
468,0,train:1884,1,1,0.984375,0.8346456692913385,0.4330708661417323,0.4330708661417323,-1.2293193665145372,0.16535433070866143
469,0,train:909,1,0,0.2421875,0.25196850393700787,0.29133858267716534,0.29133858267716534,-0.9586442672133135,0.2047244094488189
470,0,train:262,0,1,1.0,1.0,0.2125984251968504,0.2125984251968504,-0.015574843953228222,0.49606299212598426
471,0,train:999,1,0,0.125,0.36220472440944884,0.2283464566929134,0.2283464566929134,-0.7703077969031555,0.23622047244094488
472,0,test:9441,1,1,1.0,1.0,0.8582677165354331,0.8582677165354331,-0.8536365381027036,0.2677165354330709
473,0,train:4305,0,0,0.3203125,0.7401574803149606,0.3464566929133858,0.3464566929133858,-0.44071897386037934,0.29133858267716534
474,0,train:1727,1,1,0.9921875,0.7559055118110236,0.7086614173228346,0.9448818897637795,0.5623987382188236,0.6535433070866141
475,0,train:5364,1,0,0.0078125,0.25196850393700787,0.2677165354330709,0.2677165354330709,-1.6178219132988663,0.09448818897637795
476,0,test:2775,0,0,0.0078125,0.1889763779527559,0.11023622047244094,0.11023622047244094,-0.5819713265929974,0.2677165354330709
477,0,train:4944,0,0,0.9921875,1.0,1.0,0.905511811023622,2.5255804335246084,0.7874015748031497
478,0,train:308,1,1,0.828125,0.30708661417322836,0.3937007874015748,0.3937007874015748,0.8224868501962473,0.7244094488188977
479,0,train:5496,1,0,0.1875,0.28346456692913385,0.23622047244094488,0.23622047244094488,-1.5707377957213267,0.10236220472440945
480,0,train:4334,0,0,0.109375,0.1732283464566929,0.03937007874015748,0.03937007874015748,-1.9474107363416426,0.03937007874015748
481,0,train:6438,1,1,1.0,1.0,0.5905511811023622,0.5905511811023622,-0.680244463451088,0.31496062992125984
482,0,train:5864,0,0,0.8359375,0.7795275590551181,0.5905511811023622,0.5905511811023622,-0.15821426839514227,0.33858267716535434
483,0,train:5409,0,1,1.0,0.13385826771653545,0.05511811023622047,0.05511811023622047,-1.6627995531435762,0.047244094488188976
484,0,train:10072,0,0,0.859375,0.9291338582677166,1.0,0.8582677165354331,1.7251504347064364,0.6535433070866141
485,0,test:9736,0,0,0.4609375,0.25196850393700787,0.047244094488188976,0.047244094488188976,-1.9474107363416426,0.03937007874015748
486,0,train:418,0,1,0.7890625,0.25984251968503935,0.5196850393700787,0.7559055118110236,-1.7205969113607815,0.031496062992125984
487,0,train:1266,1,1,1.0,1.0,0.5118110236220472,0.5118110236220472,-1.3160154038403453,0.14173228346456693
488,0,train:1615,1,1,1.0,1.0,0.6771653543307087,0.6771653543307087,1.8050419398887356,0.9921259842519685
489,0,train:249,0,0,0.7578125,0.5039370078740157,1.0,0.6850393700787402,2.1959916104818316,0.7322834645669292
490,0,train:3216,1,1,0.765625,0.08661417322834646,0.11023622047244094,0.11023622047244094,-1.2871167247317425,0.14960629921259844
491,0,train:6438,1,0,0.59375,0.2992125984251969,0.12598425196850394,0.12598425196850394,-0.01696191566252377,0.36220472440944884
492,0,train:2272,0,1,0.859375,0.25196850393700787,0.905511811023622,0.905511811023622,0.18671590980699002,0.5511811023622047
493,0,train:5456,1,1,0.96875,0.06299212598425197,0.007874015748031496,0.007874015748031496,-1.8072929486865894,0.007874015748031496
494,0,train:2272,0,0,0.6171875,0.29133858267716534,0.031496062992125984,0.031496062992125984,-0.4878030914379187,0.28346456692913385
495,0,train:5035,1,1,1.0,1.0,0.3700787401574803,0.3700787401574803,0.5623987382188236,0.6535433070866141
496,0,train:6505,0,0,0.015625,0.25196850393700787,0.03937007874015748,0.03937007874015748,-0.2523825035502214,0.3228346456692913
497,0,train:1999,0,0,1.0,1.0,0.6299212598425197,0.49606299212598426,-0.44071897386037934,0.29133858267716534
498,0,train:5282,1,1,0.875,0.5590551181102362,0.2677165354330709,0.2677165354330709,-0.9981299336457164,0.2283464566929134
499,0,train:5300,1,1,1.0,1.0,0.8976377952755905,0.8503937007874016,1.3715617532596964,0.8740157480314961
500,0,train:9994,0,1,0.9921875,1.0,0.7716535433070866,0.7716535433070866,-0.1311695603876386,0.4645669291338583
501,0,train:9188,0,0,0.4765625,0.25984251968503935,0.2125984251968504,0.2125984251968504,-0.8173919144806949,0.2283464566929134
502,0,train:308,1,0,0.4765625,0.25984251968503935,0.2125984251968504,0.2125984251968504,-1.1469807375234713,0.1732283464566929
503,0,train:2706,0,1,1.0,1.0,0.7007874015748031,0.7007874015748031,-0.3334603141478569,0.4094488188976378
504,0,train:4916,0,0,0.78125,0.8740157480314961,1.0,0.8976377952755905,0.6892998480005681,0.48031496062992124
505,0,train:7938,1,1,1.0,1.0,0.6377952755905512,0.7322834645669292,0.10001987248118197,0.5275590551181102
506,0,train:5366,1,1,1.0,1.0,0.8582677165354331,0.8582677165354331,-0.27566295593065154,0.4251968503937008
507,0,train:418,1,1,0.921875,0.41732283464566927,0.4409448818897638,0.4409448818897638,-1.3449140829489479,0.13385826771653545
508,0,train:5864,0,0,1.0,1.0,0.6220472440944882,0.6220472440944882,-0.15821426839514227,0.33858267716535434
509,0,train:6638,0,0,1.0,0.952755905511811,0.6062992125984252,0.6062992125984252,0.030122201915015624,0.3700787401574803
510,0,train:909,0,1,1.0,1.0,0.5826771653543307,0.7322834645669292,0.5623987382188236,0.6535433070866141
511,0,train:1958,1,1,1.0,1.0,0.6614173228346457,0.6614173228346457,1.8339406189973382,1.0
512,0,train:1479,0,1,1.0,1.0,0.5984251968503937,0.8740157480314961,1.8339406189973382,1.0
513,0,train:6438,0,1,0.734375,0.2755905511811024,0.41732283464566927,1.0,-0.9403325754285113,0.2440944881889764
514,0,train:6569,0,1,0.046875,0.2283464566929134,0.09448818897637795,0.09448818897637795,-1.5183061576005634,0.08661417322834646
515,0,train:5172,1,0,0.4765625,0.05511811023622047,0.007874015748031496,0.007874015748031496,-2.1357472066518004,0.007874015748031496
516,0,train:5809,1,1,1.0,1.0,0.6850393700787402,0.18110236220472442,0.18671590980699002,0.5511811023622047
517,0,test:9441,0,0,0.9140625,0.9606299212598425,0.6614173228346457,0.6614173228346457,-0.6290554441705373,0.25984251968503935
518,0,train:3216,1,1,0.9765625,0.7716535433070866,0.7322834645669292,0.7322834645669292,1.2848657159338888,0.8503937007874016
519,0,train:8576,1,1,1.0,1.0,0.9921259842519685,0.9921259842519685,1.1403723203908758,0.8110236220472441
520,0,train:3216,1,1,1.0,1.0,0.3700787401574803,0.3700787401574803,-0.10227088127903607,0.47244094488188976
521,0,train:4665,1,1,1.0,1.0,0.2125984251968504,0.2125984251968504,-1.5472048367091662,0.07874015748031496
522,0,train:2814,0,1,0.140625,0.015748031496062992,0.6692913385826772,0.6692913385826772,-1.749495590469384,0.023622047244094488
523,0,test:5069,0,0,0.7109375,0.6299212598425197,0.8818897637795275,0.8818897637795275,0.17137455464763413,0.3937007874015748
524,0,train:2544,0,0,1.0,1.0,0.5826771653543307,0.5826771653543307,1.0659727886208843,0.5433070866141733
525,0,train:8756,1,1,0.953125,0.3858267716535433,0.6062992125984252,0.6062992125984252,0.6779934546532341,0.6850393700787402
526,0,train:6845,0,0,0.0078125,0.25196850393700787,0.2755905511811024,0.14173228346456693,-0.01696191566252377,0.36220472440944884
527,0,train:999,1,0,0.8046875,0.3937007874015748,1.0,0.9133858267716536,0.6892998480005681,0.48031496062992124
528,0,train:4305,0,0,0.6015625,0.2992125984251969,0.16535433070866143,0.16535433070866143,-0.3465507387053002,0.30708661417322836
529,0,train:6845,0,0,0.25,0.25196850393700787,0.33070866141732286,0.33070866141732286,-0.2994666211277608,0.31496062992125984
530,0,test:5699,1,0,0.171875,0.1732283464566929,0.031496062992125984,0.031496062992125984,-1.005728384790853,0.1968503937007874
531,0,train:532,1,1,1.0,1.0,0.47244094488188976,0.905511811023622,0.013323835155374327,0.5039370078740157
532,0,train:8718,1,1,1.0,1.0,0.6062992125984252,0.6062992125984252,1.1692709994994783,0.8188976377952756
533,0,train:6421,0,1,0.96875,0.3543307086614173,0.7952755905511811,0.7952755905511811,1.8339406189973382,1.0
534,0,train:9037,0,0,0.5,0.36220472440944884,0.4881889763779528,0.4881889763779528,-0.11113015081760289,0.3464566929133858
535,0,train:6421,0,0,0.96875,0.984251968503937,0.5118110236220472,0.5118110236220472,1.3484774940861206,0.5905511811023622
536,0,train:5167,1,1,1.0,1.0,0.9133858267716536,0.9133858267716536,1.053676283065068,0.7874015748031497
537,0,train:5864,0,0,1.0,1.0,1.0,0.8188976377952756,0.6422157304230287,0.47244094488188976
538,0,train:8451,1,1,1.0,1.0,0.5669291338582677,0.7322834645669292,-1.0270286127543193,0.2204724409448819
539,0,train:7590,1,0,0.890625,0.25196850393700787,0.6692913385826772,0.6692913385826772,-0.44071897386037934,0.29133858267716534
540,0,train:5193,1,1,1.0,1.0,0.48031496062992124,0.48031496062992124,-0.07337220217043353,0.48031496062992124
541,0,train:3562,1,1,0.9140625,0.7637795275590551,0.2992125984251969,0.9448818897637795,-0.6224471052338827,0.33070866141732286
542,0,train:2343,0,0,1.0,1.0,0.48031496062992124,0.48031496062992124,0.030122201915015624,0.3700787401574803
543,0,train:9994,0,1,0.7734375,0.2677165354330709,0.05511811023622047,0.05511811023622047,-1.6627995531435762,0.047244094488188976
544,0,train:5167,0,0,0.9296875,0.33858267716535434,0.8267716535433071,0.8267716535433071,2.1489074929042924,0.7244094488188977
545,0,train:4514,0,0,1.0,1.0,0.7480314960629921,0.7480314960629921,-0.3465507387053002,0.30708661417322836
546,0,train:5456,1,1,1.0,1.0,1.0,0.8503937007874016,1.2270683577166834,0.8346456692913385
547,0,train:4305,0,1,0.7109375,0.14960629921259844,0.07874015748031496,0.07874015748031496,0.27341194713279765,0.5748031496062992
548,0,train:909,1,1,1.0,1.0,0.8740157480314961,0.7952755905511811,0.96698024573926,0.7637795275590551
549,0,train:5815,1,1,0.8203125,0.07874015748031496,0.015748031496062992,0.015748031496062992,-1.1426233291887296,0.1889763779527559
550,0,train:9816,0,1,0.734375,0.25984251968503935,0.14960629921259844,0.3543307086614173,0.18671590980699002,0.5511811023622047
551,0,train:2809,0,1,1.0,1.0,0.8031496062992126,0.984251968503937,1.1114736412822732,0.8031496062992126
552,0,train:8057,0,0,0.9140625,0.6299212598425197,0.9606299212598425,0.9606299212598425,0.8776363183107261,0.5118110236220472
553,0,train:5537,0,0,1.0,1.0,0.84251968503937,0.8031496062992126,0.9247204358882655,0.5196850393700787
554,0,train:8359,1,1,0.984375,1.0,0.25984251968503935,0.25984251968503935,-0.8536365381027036,0.2677165354330709
555,0,train:8116,0,0,0.765625,0.6456692913385826,0.4645669291338583,0.4645669291338583,1.1130569061984237,0.5511811023622047
556,0,train:2344,1,1,1.0,1.0,0.5196850393700787,0.5196850393700787,0.04222251426397687,0.5118110236220472
557,0,train:5809,0,0,0.0390625,0.28346456692913385,0.33858267716535434,0.33858267716535434,0.40679514253533144,0.4330708661417323
558,0,train:4691,1,1,1.0,0.28346456692913385,0.08661417322834646,0.8346456692913385,0.5623987382188236,0.6535433070866141
559,0,train:5534,1,1,1.0,1.0,0.7007874015748031,0.7007874015748031,1.5738525070199147,0.9291338582677166
560,0,train:5877,1,0,0.015625,0.25196850393700787,0.12598425196850394,0.06299212598425197,-1.6649060308764057,0.08661417322834646
561,0,train:1958,1,1,0.8359375,0.23622047244094488,0.5748031496062992,0.25196850393700787,-0.1311695603876386,0.4645669291338583
562,0,train:8116,0,0,0.1171875,0.25984251968503935,0.3937007874015748,0.3937007874015748,-0.8644760320582345,0.2204724409448819
563,0,train:2102,0,0,0.9453125,0.8582677165354331,1.0,0.6062992125984252,-0.2523825035502214,0.3228346456692913
564,0,train:7480,1,0,0.84375,0.007874015748031496,0.007874015748031496,0.007874015748031496,-2.1357472066518004,0.007874015748031496
565,0,train:525,0,0,1.0,1.0,0.7637795275590551,0.30708661417322836,0.6892998480005681,0.48031496062992124
566,0,train:5574,1,1,1.0,0.2755905511811024,0.4881889763779528,0.4881889763779528,-0.9403325754285113,0.2440944881889764
567,0,test:2775,1,1,0.7890625,0.33858267716535434,0.5354330708661418,0.5354330708661418,-1.171522008297332,0.18110236220472442
568,0,test:2463,0,1,1.0,1.0,0.03937007874015748,0.03937007874015748,-1.6339008740349739,0.05511811023622047
569,0,train:5811,1,0,0.9921875,0.5039370078740157,0.5748031496062992,0.5748031496062992,-0.9115601496357739,0.2125984251968504
570,0,train:8718,0,0,0.7109375,0.5984251968503937,0.3464566929133858,0.3464566929133858,-0.534887209015458,0.2755905511811024
571,0,train:3570,1,0,0.6015625,0.28346456692913385,0.3543307086614173,0.3543307086614173,0.9718045534658049,0.5275590551181102
572,0,test:5427,0,1,1.0,1.0,0.2283464566929134,0.2283464566929134,-0.680244463451088,0.31496062992125984
573,0,train:3216,1,1,1.0,1.0,0.49606299212598426,0.49606299212598426,-0.07337220217043353,0.48031496062992124
574,0,train:6673,1,0,1.0,1.0,0.6456692913385826,0.6456692913385826,1.9134869050165948,0.6850393700787402
575,0,train:7480,0,0,0.9453125,0.2755905511811024,0.7716535433070866,0.7716535433070866,-0.15821426839514227,0.33858267716535434
576,0,train:5765,0,0,0.96875,1.0,0.6614173228346457,0.6614173228346457,0.17137455464763413,0.3937007874015748
577,0,train:5537,1,1,0.9453125,1.0,0.33858267716535434,0.5354330708661418,1.8050419398887356,0.9921259842519685
578,0,test:5427,0,0,0.953125,0.31496062992125984,0.4015748031496063,0.4015748031496063,0.5951316128454893,0.4645669291338583
579,0,train:5300,1,1,0.515625,0.2125984251968504,0.05511811023622047,0.05511811023622047,-1.6339008740349739,0.05511811023622047
580,0,train:6438,0,1,1.0,0.2677165354330709,0.9921259842519685,0.9921259842519685,0.5912974173274265,0.6614173228346457
581,0,train:1788,0,0,0.921875,0.33858267716535434,0.28346456692913385,0.28346456692913385,-1.806158383609024,0.06299212598425197
582,0,train:868,1,1,1.0,1.0,0.8740157480314961,0.9763779527559056,-0.3334603141478569,0.4094488188976378
583,0,train:2809,1,1,1.0,1.0,1.0,1.0,0.7068921337618367,0.6929133858267716
584,0,train:532,0,0,1.0,1.0,0.9921259842519685,0.9921259842519685,0.6892998480005681,0.48031496062992124
585,0,train:3216,1,1,0.828125,0.2677165354330709,0.8582677165354331,0.8582677165354331,-1.6050021949263713,0.06299212598425197
586,0,test:2775,1,1,1.0,1.0,0.7244094488188977,0.905511811023622,-0.07337220217043353,0.48031496062992124
587,0,train:1266,0,0,0.6796875,0.28346456692913385,0.7007874015748031,0.7007874015748031,0.6892998480005681,0.48031496062992124
588,0,train:868,1,1,0.9609375,1.0,0.7007874015748031,0.4330708661417323,0.7357908128704392,0.7007874015748031
589,0,train:2970,0,0,0.453125,0.33070866141732286,0.5275590551181102,0.5275590551181102,-0.11113015081760289,0.3464566929133858
590,0,train:1033,0,0,0.71875,0.905511811023622,1.0,0.8188976377952756,0.40679514253533144,0.4330708661417323
591,0,train:9483,0,1,0.7421875,0.3937007874015748,0.41732283464566927,0.41732283464566927,-1.0559272918629217,0.2125984251968504
592,0,train:4514,0,1,0.9453125,0.25196850393700787,0.3700787401574803,0.3700787401574803,0.8513855293048499,0.7322834645669292
593,0,test:6949,1,1,1.0,1.0,0.7086614173228346,0.7086614173228346,0.7646894919790418,0.7086614173228346
594,0,train:860,1,1,1.0,1.0,0.5275590551181102,0.5275590551181102,0.27341194713279765,0.5748031496062992
595,0,train:6415,0,0,0.03125,0.11811023622047244,0.31496062992125984,0.31496062992125984,0.35971102495779206,0.4251968503937008
596,0,train:262,0,1,0.890625,0.25196850393700787,0.7165354330708661,0.4330708661417323,0.12891855158978494,0.5354330708661418
597,0,train:4944,1,1,1.0,1.0,0.18110236220472442,0.18110236220472442,-0.9692312545371139,0.23622047244094488
598,0,train:7938,1,1,0.9921875,1.0,0.4094488188976378,0.4094488188976378,-0.7958391798854985,0.28346456692913385
599,0,train:5877,1,0,0.65625,0.31496062992125984,0.33070866141732286,0.33070866141732286,-0.6761395617480767,0.25196850393700787
600,0,train:17,0,0,0.9921875,1.0,0.6850393700787402,0.6850393700787402,0.7363839655781078,0.4881889763779528
601,0,train:4334,0,1,0.9609375,0.1968503937007874,0.49606299212598426,0.49606299212598426,-1.5183061576005634,0.08661417322834646
602,0,train:529,1,0,0.3359375,0.23622047244094488,0.5590551181102362,0.5590551181102362,-1.1940648551010107,0.16535433070866143
603,0,train:6505,0,1,1.0,1.0,0.29133858267716534,0.29133858267716534,-1.5761035158177688,0.07086614173228346
604,0,train:5222,1,1,1.0,1.0,0.4094488188976378,0.8503937007874016,0.15781723069838746,0.5433070866141733
605,0,train:5222,1,1,1.0,1.0,0.6535433070866141,0.6535433070866141,1.1981696786080809,0.8267716535433071
606,0,train:3706,0,0,0.9609375,0.8976377952755905,0.5354330708661418,0.5354330708661418,0.8305522007331867,0.5039370078740157
607,0,train:5809,0,1,0.4375,0.023622047244094488,0.007874015748031496,0.007874015748031496,-1.6339008740349739,0.05511811023622047
608,0,train:4334,0,0,0.3671875,0.25196850393700787,0.6141732283464567,0.6141732283464567,-0.20529838597268169,0.33070866141732286
609,0,train:7860,1,1,1.0,1.0,0.9212598425196851,0.9212598425196851,0.24451326802419512,0.5669291338582677
610,0,test:6949,1,1,1.0,1.0,0.6692913385826772,0.84251968503937,0.44680402178441336,0.6220472440944882
611,0,train:6505,1,0,0.421875,0.7637795275590551,0.9763779527559056,0.9763779527559056,0.31262690738025234,0.41732283464566927
612,0,test:5069,1,1,1.0,1.0,0.6456692913385826,1.0,0.44680402178441336,0.6220472440944882
613,0,train:2272,0,0,0.8515625,0.7086614173228346,0.6771653543307087,0.6771653543307087,1.018888671043345,0.5354330708661418
614,0,train:7170,1,0,0.015625,0.25196850393700787,0.1889763779527559,0.1889763779527559,-0.723223679325616,0.2440944881889764
615,0,train:5366,1,1,1.0,1.0,0.7874015748031497,0.8818897637795275,0.4757027008930159,0.6299212598425197
616,0,train:2272,0,0,0.1953125,0.25984251968503935,0.06299212598425197,0.06299212598425197,-1.3353172078336293,0.14173228346456693
617,0,train:7480,0,0,0.9453125,1.0,0.33858267716535434,0.33858267716535434,-0.534887209015458,0.2755905511811024
618,0,train:1788,0,0,0.84375,0.47244094488188976,0.7637795275590551,0.7637795275590551,-0.15821426839514227,0.33858267716535434
619,0,train:7510,1,0,0.453125,0.047244094488188976,0.08661417322834646,0.08661417322834646,-0.7703077969031555,0.23622047244094488
620,0,train:3733,0,0,0.5546875,0.25196850393700787,0.7795275590551181,0.7795275590551181,0.9247204358882655,0.5196850393700787
621,0,test:9441,1,1,0.9140625,0.2755905511811024,0.7322834645669292,0.7322834645669292,-0.015574843953228222,0.49606299212598426
622,0,train:2814,0,0,0.8984375,0.23622047244094488,0.48031496062992124,0.28346456692913385,-0.2994666211277608,0.31496062992125984
623,0,train:5555,0,0,1.0,1.0,0.49606299212598426,0.49606299212598426,-0.15821426839514227,0.33858267716535434
624,0,train:7510,1,0,0.234375,0.41732283464566927,0.8503937007874016,0.8503937007874016,-1.2882330902560897,0.14960629921259844
625,0,train:2814,0,0,0.9921875,0.6535433070866141,0.937007874015748,0.937007874015748,0.1242904370700944,0.3858267716535433
626,0,train:8105,1,0,0.2578125,0.2755905511811024,0.2283464566929134,0.2283464566929134,-0.0640460332400635,0.3543307086614173
627,0,test:2463,1,0,0.9375,0.6771653543307087,0.8346456692913385,0.8346456692913385,0.030122201915015624,0.3700787401574803
628,0,train:17,0,0,0.046875,0.25984251968503935,0.05511811023622047,0.03937007874015748,-1.9003266187641028,0.047244094488188976
629,0,train:2437,1,1,1.0,1.0,0.8188976377952756,0.8188976377952756,1.1692709994994783,0.8188976377952756
630,0,train:909,1,1,1.0,1.0,0.48031496062992124,0.984251968503937,0.07112119337257942,0.5196850393700787
631,0,train:9483,1,1,1.0,1.0,0.937007874015748,0.937007874015748,0.07112119337257942,0.5196850393700787
632,0,train:1727,1,1,1.0,1.0,0.4881889763779528,0.9921259842519685,0.44680402178441336,0.6220472440944882
633,0,train:6476,0,0,0.5,0.4330708661417323,0.4645669291338583,0.4645669291338583,-0.8644760320582345,0.2204724409448819
634,0,train:8756,1,1,0.8984375,0.2992125984251969,0.15748031496062992,0.03937007874015748,0.8802842084134523,0.7401574803149606
635,0,train:9017,0,0,1.0,1.0,0.6220472440944882,0.6220472440944882,0.7363839655781078,0.4881889763779528
636,0,train:6212,0,1,0.9765625,0.905511811023622,0.29133858267716534,0.29133858267716534,-0.6513457843424855,0.3228346456692913
637,0,train:1266,1,1,1.0,1.0,0.2755905511811024,0.2755905511811024,-0.7958391798854985,0.28346456692913385
638,0,train:5877,1,1,0.9921875,0.11023622047244094,0.07086614173228346,0.07086614173228346,-1.7205969113607815,0.031496062992125984
639,0,train:9483,0,0,0.0703125,0.25196850393700787,0.05511811023622047,0.05511811023622047,-1.8532425011865634,0.05511811023622047
640,0,train:8116,0,1,0.9609375,0.11811023622047244,0.8346456692913385,0.8346456692913385,-1.7783942695779869,0.015748031496062992
641,0,train:6212,0,0,0.9375,0.25196850393700787,0.6141732283464567,0.6141732283464567,1.678066317128897,0.6456692913385826
642,0,train:9773,0,0,0.9296875,0.3228346456692913,0.7244094488188977,0.7244094488188977,0.9247204358882655,0.5196850393700787
643,0,test:9441,0,0,0.9921875,1.0,1.0,0.6062992125984252,-0.0640460332400635,0.3543307086614173
644,0,train:3089,1,1,1.0,1.0,0.84251968503937,0.84251968503937,0.7357908128704392,0.7007874015748031
645,0,train:4944,0,0,0.5234375,0.3228346456692913,0.05511811023622047,0.05511811023622047,-1.9474107363416426,0.03937007874015748
646,0,train:2344,1,0,1.0,1.0,0.7559055118110236,0.7559055118110236,1.9134869050165948,0.6850393700787402
647,0,train:1660,1,1,1.0,1.0,0.8346456692913385,0.8346456692913385,1.2270683577166834,0.8346456692913385
648,0,train:4916,0,1,0.9140625,0.33070866141732286,0.11023622047244094,0.11023622047244094,-0.1311695603876386,0.4645669291338583
649,0,train:6845,0,1,1.0,1.0,0.8661417322834646,0.33070866141732286,0.7068921337618367,0.6929133858267716
650,0,train:2453,1,1,1.0,1.0,0.8188976377952756,0.8188976377952756,-0.3623589932564594,0.4015748031496063
651,0,test:5427,0,0,1.0,1.0,0.28346456692913385,0.28346456692913385,0.31262690738025234,0.41732283464566927
652,0,train:418,1,1,0.8671875,0.12598425196850394,0.06299212598425197,0.06299212598425197,-1.7205969113607815,0.031496062992125984
653,0,train:4665,1,1,1.0,1.0,0.4330708661417323,0.1732283464566929,0.9958789248478626,0.7716535433070866
654,0,train:3706,0,0,1.0,1.0,1.0,0.6456692913385826,1.2072251413535025,0.5669291338582677
655,0,train:2225,0,1,1.0,1.0,0.7637795275590551,0.7637795275590551,-0.04447352306183077,0.4881889763779528
656,0,train:999,1,0,0.5546875,0.25984251968503935,0.5590551181102362,0.5590551181102362,-0.15821426839514227,0.33858267716535434
657,0,train:5222,1,0,0.6015625,0.25196850393700787,0.47244094488188976,0.47244094488188976,0.31262690738025234,0.41732283464566927
658,0,train:2102,0,0,1.0,1.0,0.7952755905511811,0.7952755905511811,1.819318669861516,0.6692913385826772
659,0,train:9816,0,0,0.6484375,0.25196850393700787,0.36220472440944884,0.36220472440944884,-1.2882330902560897,0.14960629921259844
660,0,train:7480,1,0,0.09375,0.4094488188976378,0.14173228346456693,0.14173228346456693,-1.7119901484539453,0.07874015748031496
661,0,train:1492,1,0,0.4921875,0.4881889763779528,0.2677165354330709,0.25196850393700787,-0.11113015081760289,0.3464566929133858
662,0,train:2102,0,0,0.9921875,0.7874015748031497,0.7795275590551181,0.7795275590551181,1.5838980819738182,0.6299212598425197
663,0,train:2344,1,0,0.6171875,0.14960629921259844,0.23622047244094488,0.23622047244094488,-1.9474107363416426,0.03937007874015748
664,0,train:6476,0,1,1.0,1.0,0.937007874015748,0.7716535433070866,0.07112119337257942,0.5196850393700787
665,0,train:529,0,0,0.8125,0.6299212598425197,0.8267716535433071,0.8267716535433071,1.2072251413535025,0.5669291338582677
666,0,test:5069,1,1,1.0,0.2677165354330709,0.05511811023622047,0.05511811023622047,-0.680244463451088,0.31496062992125984
667,0,train:1492,1,1,0.9921875,0.5590551181102362,0.6299212598425197,0.889763779527559,1.8339406189973382,1.0
668,0,train:4916,0,0,0.9921875,1.0,0.84251968503937,0.84251968503937,0.9718045534658049,0.5275590551181102
669,0,test:5069,1,0,0.03125,0.16535433070866143,0.2755905511811024,0.2755905511811024,-1.2411489726785503,0.15748031496062992
670,0,test:6949,1,1,0.875,0.2992125984251969,0.8976377952755905,0.8740157480314961,-0.4201563514736647,0.3858267716535433
671,0,train:8337,0,0,0.984375,1.0,0.3779527559055118,0.3779527559055118,0.31262690738025234,0.41732283464566927
672,0,train:8462,0,0,0.7109375,0.2677165354330709,0.03937007874015748,0.03937007874015748,0.5951316128454893,0.4645669291338583
673,0,train:8669,0,0,1.0,1.0,0.8661417322834646,0.7952755905511811,1.5368139643962788,0.6220472440944882
674,0,train:418,1,1,1.0,1.0,0.6929133858267716,0.6929133858267716,-0.21786559771344646,0.4409448818897638
675,0,test:9736,1,1,1.0,1.0,0.6456692913385826,0.6456692913385826,-0.5068523887994724,0.36220472440944884
676,0,train:6212,0,1,0.9765625,1.0,1.0,0.6850393700787402,0.04222251426397687,0.5118110236220472
677,0,train:8116,1,1,0.90625,0.6535433070866141,0.07086614173228346,0.07086614173228346,-1.2293193665145372,0.16535433070866143
678,0,train:9037,1,1,1.0,1.0,0.7559055118110236,0.8740157480314961,-0.391257672365062,0.3937007874015748
679,0,train:4665,1,0,0.078125,0.25196850393700787,0.30708661417322836,0.30708661417322836,-1.2882330902560897,0.14960629921259844
680,0,train:9188,0,0,0.984375,1.0,0.8818897637795275,0.8818897637795275,0.6422157304230287,0.47244094488188976
681,0,train:4916,0,0,1.0,1.0,0.7795275590551181,0.7795275590551181,0.45387926011287083,0.4409448818897638
682,0,train:4691,0,0,0.8671875,0.952755905511811,0.5590551181102362,0.5590551181102362,0.5951316128454893,0.4645669291338583
683,0,train:249,0,0,0.734375,0.4566929133858268,0.8110236220472441,0.8110236220472441,0.5009633776904102,0.44881889763779526
684,0,train:2814,0,1,0.8046875,0.30708661417322836,0.08661417322834646,0.08661417322834646,1.6316498652371199,0.9448818897637795
685,0,train:17,0,0,0.515625,0.15748031496062992,0.8661417322834646,0.8661417322834646,-1.6649060308764057,0.08661417322834646
686,0,test:5427,1,1,1.0,1.0,0.11811023622047244,0.11811023622047244,-0.5935484261252802,0.33858267716535434
687,0,train:1780,0,0,0.9375,0.3700787401574803,0.30708661417322836,0.30708661417322836,-0.534887209015458,0.2755905511811024
688,0,train:7877,0,0,1.0,1.0,0.7952755905511811,0.7637795275590551,0.7363839655781078,0.4881889763779528
689,0,train:5815,1,1,0.984375,0.08661417322834646,0.13385826771653545,0.015748031496062992,-1.3449140829489479,0.13385826771653545
690,0,test:2775,1,0,0.09375,0.25196850393700787,0.2677165354330709,0.2677165354330709,-0.723223679325616,0.2440944881889764
691,0,train:6845,1,0,0.4609375,0.2755905511811024,0.1968503937007874,0.1968503937007874,-1.099896619945932,0.18110236220472442
692,0,train:8669,0,1,0.796875,0.2755905511811024,0.5196850393700787,0.8110236220472441,-1.6050021949263713,0.06299212598425197
693,0,train:4691,1,0,0.8984375,0.25984251968503935,0.2440944881889764,0.2440944881889764,0.21845867222517354,0.4015748031496063
694,0,train:2204,0,0,1.0,1.0,0.6614173228346457,0.6614173228346457,-0.723223679325616,0.2440944881889764
695,0,train:1033,1,0,0.8203125,0.4015748031496063,0.8110236220472441,0.28346456692913385,-1.0528125023683925,0.1889763779527559
696,0,train:2437,1,0,0.234375,0.25984251968503935,1.0,0.7559055118110236,0.40679514253533144,0.4330708661417323
697,0,train:5877,0,0,0.265625,0.25196850393700787,0.7795275590551181,0.7795275590551181,1.7722345522839764,0.6614173228346457
698,0,train:1479,0,0,0.890625,0.8188976377952756,0.2047244094488189,0.2047244094488189,-0.11113015081760289,0.3464566929133858
699,0,train:8269,0,0,0.8203125,0.5039370078740157,0.7716535433070866,0.7716535433070866,-0.01696191566252377,0.36220472440944884
700,0,train:5864,0,1,1.0,1.0,0.9448818897637795,0.6771653543307087,-0.3334603141478569,0.4094488188976378
701,0,train:7448,0,0,1.0,0.9448818897637795,0.08661417322834646,0.08661417322834646,-0.11113015081760289,0.3464566929133858
702,0,train:5282,0,1,1.0,1.0,0.23622047244094488,0.23622047244094488,0.8802842084134523,0.7401574803149606
703,0,train:709,1,1,1.0,1.0,0.30708661417322836,0.9448818897637795,0.38900666356720826,0.6062992125984252
704,0,train:7860,1,1,1.0,1.0,0.5433070866141733,0.5433070866141733,-0.9403325754285113,0.2440944881889764
705,0,train:8105,1,1,1.0,1.0,0.2755905511811024,0.8267716535433071,1.8339406189973382,1.0
706,0,train:7612,1,0,0.9765625,0.5669291338582677,0.5984251968503937,0.889763779527559,0.31262690738025234,0.41732283464566927
707,0,train:9366,0,1,0.8828125,0.5196850393700787,0.2283464566929134,0.2283464566929134,-0.10227088127903607,0.47244094488188976
708,0,train:8105,0,1,1.0,0.1889763779527559,0.03937007874015748,0.5669291338582677,1.8339406189973382,1.0
709,0,train:7170,0,0,0.453125,0.5826771653543307,0.6062992125984252,0.6062992125984252,-0.44071897386037934,0.29133858267716534
710,0,train:2453,1,0,0.9609375,0.8267716535433071,0.84251968503937,0.5826771653543307,1.4897298468187394,0.6141732283464567
711,0,train:5035,0,1,1.0,1.0,0.5826771653543307,0.5826771653543307,0.9091828875220549,0.7480314960629921
712,0,train:7170,1,0,0.0390625,0.2677165354330709,0.047244094488188976,0.047244094488188976,-1.2411489726785503,0.15748031496062992
713,0,train:7938,1,1,1.0,1.0,0.2440944881889764,0.2440944881889764,1.8339406189973382,1.0
714,0,train:5833,0,1,1.0,0.29133858267716534,0.7244094488188977,0.7244094488188977,-1.749495590469384,0.023622047244094488
715,0,train:7480,0,0,1.0,1.0,0.8188976377952756,0.8188976377952756,0.9247204358882655,0.5196850393700787
716,0,train:6673,1,1,0.4453125,0.4015748031496063,0.2677165354330709,0.28346456692913385,-0.1311695603876386,0.4645669291338583
717,0,train:5833,1,0,0.171875,0.2440944881889764,0.5118110236220472,0.5118110236220472,-0.9586442672133135,0.2047244094488189
718,0,train:5877,0,0,0.9609375,0.25984251968503935,0.6456692913385826,0.6456692913385826,0.7834680831556473,0.49606299212598426
719,0,train:9816,1,0,0.984375,1.0,1.0,0.8188976377952756,0.5951316128454893,0.4645669291338583
720,0,train:2590,0,0,1.0,1.0,0.3543307086614173,0.3543307086614173,1.6309821995513576,0.6377952755905512
721,0,train:7480,0,1,0.9375,0.968503937007874,0.7322834645669292,0.3858267716535433,-0.4201563514736647,0.3858267716535433
722,0,train:708,0,0,1.0,1.0,0.968503937007874,0.968503937007874,0.5951316128454893,0.4645669291338583
723,0,train:5864,0,1,0.8359375,0.33070866141732286,0.5433070866141733,0.5433070866141733,-1.171522008297332,0.18110236220472442
724,0,train:1780,1,1,0.9921875,1.0,0.12598425196850394,0.12598425196850394,-0.1311695603876386,0.4645669291338583
725,0,train:1866,1,1,1.0,1.0,0.31496062992125984,0.31496062992125984,1.8339406189973382,1.0
726,0,train:5816,0,1,0.953125,1.0,0.25984251968503935,0.25984251968503935,-0.9692312545371139,0.23622047244094488
727,0,train:5537,0,0,0.2109375,0.25984251968503935,0.08661417322834646,0.08661417322834646,-1.7119901484539453,0.07874015748031496
728,0,train:5811,1,0,0.375,0.25196850393700787,0.31496062992125984,0.31496062992125984,-1.4294854429887083,0.12598425196850394
729,0,train:5343,1,1,1.0,1.0,0.5669291338582677,0.5669291338582677,0.07112119337257942,0.5196850393700787
730,0,train:868,1,1,1.0,1.0,0.2047244094488189,0.3700787401574803,-1.25821804562314,0.15748031496062992
731,0,train:1479,1,1,1.0,1.0,0.33070866141732286,0.33070866141732286,-0.9692312545371139,0.23622047244094488
732,0,train:3216,1,0,0.3515625,0.25196850393700787,1.0,0.6141732283464567,-0.8644760320582345,0.2204724409448819
733,0,train:6476,0,0,1.0,1.0,0.6299212598425197,0.6299212598425197,0.5480474952679499,0.4566929133858268
734,0,train:5343,1,1,0.9453125,0.28346456692913385,0.3228346456692913,0.3228346456692913,-0.3334603141478569,0.4094488188976378
735,0,train:1866,1,1,1.0,1.0,0.33858267716535434,0.8503937007874016,1.8339406189973382,1.0
736,0,train:6476,0,1,1.0,1.0,0.49606299212598426,0.49606299212598426,1.8339406189973382,1.0
737,0,train:5496,1,0,0.046875,0.25196850393700787,0.5433070866141733,0.5433070866141733,-0.2523825035502214,0.3228346456692913
738,0,train:4305,0,0,0.8046875,0.6614173228346457,0.6850393700787402,0.6850393700787402,-0.39363485628283956,0.2992125984251969
739,0,train:8576,1,1,0.9921875,0.8110236220472441,0.9921259842519685,0.7480314960629921,-0.9114338963199088,0.25196850393700787
740,0,train:5227,0,0,0.6015625,0.36220472440944884,0.10236220472440945,0.10236220472440945,-0.3465507387053002,0.30708661417322836
741,0,train:8576,1,1,1.0,1.0,0.1889763779527559,0.1889763779527559,0.013323835155374327,0.5039370078740157
742,0,train:8756,0,1,0.7265625,0.28346456692913385,0.44881889763779526,0.889763779527559,-0.1311695603876386,0.4645669291338583
743,0,train:9994,0,0,0.0078125,0.3228346456692913,0.7559055118110236,0.7559055118110236,0.6422157304230287,0.47244094488188976
744,0,train:6421,0,1,0.46875,0.10236220472440945,0.031496062992125984,0.031496062992125984,0.38900666356720826,0.6062992125984252
745,0,test:6949,0,1,1.0,1.0,1.0,1.0,0.5046013800016185,0.6377952755905512
746,0,train:5815,0,0,1.0,1.0,0.7637795275590551,0.8188976377952756,1.5368139643962788,0.6220472440944882
747,0,train:6673,1,1,1.0,1.0,0.49606299212598426,0.984251968503937,-0.10227088127903607,0.47244094488188976
748,0,train:3539,0,1,1.0,0.2125984251968504,0.5354330708661418,0.03937007874015748,-0.7380418216682931,0.2992125984251969
749,0,train:4944,0,0,0.6796875,0.4409448818897638,0.29133858267716534,0.29133858267716534,-0.8644760320582345,0.2204724409448819
750,0,train:8487,1,1,0.9375,0.7480314960629921,0.5196850393700787,0.5196850393700787,-0.5068523887994724,0.36220472440944884
751,0,train:8857,0,0,0.078125,0.25196850393700787,0.5433070866141733,0.5433070866141733,-0.3465507387053002,0.30708661417322836
752,0,train:5864,0,0,0.9609375,0.84251968503937,0.5590551181102362,0.5196850393700787,-0.20529838597268169,0.33070866141732286
753,0,train:7590,1,1,1.0,1.0,0.8031496062992126,0.8031496062992126,0.96698024573926,0.7637795275590551
754,0,train:2753,1,1,0.875,0.3779527559055118,0.4566929133858268,0.4566929133858268,0.07112119337257942,0.5196850393700787
755,0,train:7612,0,0,1.0,1.0,0.7480314960629921,0.7480314960629921,0.030122201915015624,0.3700787401574803
756,0,train:2814,1,0,0.9921875,1.0,0.8976377952755905,0.8976377952755905,1.160141023775963,0.5590551181102362
757,0,train:5833,1,0,0.0078125,0.03937007874015748,0.007874015748031496,0.03937007874015748,-1.9474107363416426,0.03937007874015748
758,0,train:5456,1,0,0.109375,0.25196850393700787,0.06299212598425197,0.06299212598425197,-1.099896619945932,0.18110236220472442
759,0,test:6949,1,0,0.4453125,0.25196850393700787,0.3543307086614173,0.3228346456692913,0.1242904370700944,0.3858267716535433
760,0,train:5193,0,0,0.9921875,1.0,0.8503937007874016,0.8503937007874016,-0.11113015081760289,0.3464566929133858
761,0,train:5364,1,1,1.0,1.0,0.5275590551181102,0.5275590551181102,0.8802842084134523,0.7401574803149606
762,0,train:7877,0,0,1.0,1.0,0.8031496062992126,0.8031496062992126,0.40679514253533144,0.4330708661417323
763,0,train:6415,1,0,0.1484375,0.2204724409448819,0.03937007874015748,0.03937007874015748,-1.994494853919182,0.031496062992125984
764,0,train:7480,0,0,0.859375,0.36220472440944884,0.11811023622047244,0.11811023622047244,-1.9003266187641028,0.047244094488188976
765,0,train:1609,1,0,0.4765625,0.41732283464566927,0.5433070866141733,0.5433070866141733,0.5009633776904102,0.44881889763779526
766,0,train:9188,0,1,0.8046875,0.07874015748031496,0.015748031496062992,0.015748031496062992,-1.7783942695779869,0.015748031496062992
767,0,train:6415,0,0,0.59375,0.7952755905511811,0.7637795275590551,0.7322834645669292,-0.11113015081760289,0.3464566929133858
768,0,train:3089,1,1,1.0,1.0,0.6299212598425197,0.5275590551181102,0.620196096436029,0.6692913385826772
769,0,train:8337,0,0,1.0,1.0,0.4330708661417323,0.4330708661417323,1.2072251413535025,0.5669291338582677
770,0,train:8669,0,1,0.53125,0.25984251968503935,0.16535433070866143,0.16535433070866143,-1.2004206874059347,0.1732283464566929
771,0,train:308,1,0,0.0078125,0.2283464566929134,0.18110236220472442,0.18110236220472442,-0.2994666211277608,0.31496062992125984
772,0,train:4929,1,1,0.9375,0.31496062992125984,0.8346456692913385,1.0,-1.0848259709715244,0.2047244094488189
773,0,train:3562,1,1,1.0,1.0,0.6692913385826772,0.6614173228346457,0.7646894919790418,0.7086614173228346
774,0,train:3216,0,1,0.40625,0.2440944881889764,0.07086614173228346,0.07086614173228346,-0.1311695603876386,0.4645669291338583
775,0,train:4944,0,0,0.7421875,0.2283464566929134,0.49606299212598426,0.49606299212598426,-0.44071897386037934,0.29133858267716534
776,0,train:2225,1,1,0.7265625,0.2677165354330709,0.33070866141732286,0.33070866141732286,-0.1889669186048439,0.44881889763779526
777,0,train:17,0,0,0.9609375,1.0,0.8031496062992126,0.8031496062992126,0.35971102495779206,0.4251968503937008
778,0,train:5193,1,1,1.0,1.0,0.8661417322834646,0.6614173228346457,-1.171522008297332,0.18110236220472442
779,0,train:999,1,1,1.0,1.0,0.3464566929133858,0.25196850393700787,-0.4201563514736647,0.3858267716535433
780,0,train:6212,0,1,1.0,1.0,0.6692913385826772,0.6692913385826772,0.10001987248118197,0.5275590551181102
781,0,train:648,1,1,1.0,1.0,0.7795275590551181,0.7795275590551181,-0.5646497470166777,0.3464566929133858
782,0,train:4915,1,1,1.0,1.0,0.7874015748031497,0.7874015748031497,0.8513855293048499,0.7322834645669292
783,0,train:6673,0,0,1.0,1.0,0.41732283464566927,0.41732283464566927,0.5480474952679499,0.4566929133858268
784,0,train:17,1,0,1.0,1.0,0.6771653543307087,0.6771653543307087,-0.11113015081760289,0.3464566929133858
785,0,train:6372,0,0,0.9375,0.9763779527559056,1.0,0.1968503937007874,-0.39363485628283956,0.2992125984251969
786,0,train:5300,0,0,0.9765625,1.0,0.8110236220472441,0.8110236220472441,1.819318669861516,0.6692913385826772
787,0,train:5815,0,0,0.65625,0.2677165354330709,0.5669291338582677,0.5669291338582677,1.160141023775963,0.5590551181102362
788,0,train:5877,1,1,0.9453125,0.28346456692913385,0.5354330708661418,0.5354330708661418,-1.25821804562314,0.15748031496062992
789,0,train:1033,0,0,0.9375,0.6614173228346457,0.7244094488188977,0.7244094488188977,1.018888671043345,0.5354330708661418
790,0,train:9816,0,0,0.359375,0.3228346456692913,0.5826771653543307,0.5826771653543307,1.0659727886208843,0.5433070866141733
791,0,train:1727,1,0,0.1953125,0.25196850393700787,0.6850393700787402,0.6850393700787402,1.018888671043345,0.5354330708661418
792,0,train:8756,0,0,0.734375,0.5748031496062992,0.5118110236220472,0.5118110236220472,0.7834680831556473,0.49606299212598426
793,0,train:7510,1,1,0.9921875,0.8188976377952756,0.3228346456692913,0.4881889763779528,-1.0270286127543193,0.2204724409448819
794,0,train:1660,1,1,1.0,1.0,0.7874015748031497,0.7874015748031497,1.6316498652371199,0.9448818897637795
795,0,train:1866,0,0,0.4921875,0.4645669291338583,0.2283464566929134,0.2283464566929134,-1.2882330902560897,0.14960629921259844
796,0,train:8116,0,0,0.9296875,0.9606299212598425,0.8031496062992126,0.8031496062992126,-0.723223679325616,0.2440944881889764
797,0,test:5610,0,0,0.8828125,0.25984251968503935,0.14173228346456693,0.14173228346456693,0.21845867222517354,0.4015748031496063
798,0,train:7448,0,1,1.0,1.0,0.15748031496062992,0.15748031496062992,1.0825749621736707,0.7952755905511811
799,0,train:5864,0,0,1.0,1.0,0.7480314960629921,0.7716535433070866,1.678066317128897,0.6456692913385826
800,0,train:8669,0,0,0.953125,0.8740157480314961,0.2125984251968504,0.2125984251968504,-0.9115601496357739,0.2125984251968504
801,0,train:1660,1,1,1.0,1.0,0.7086614173228346,0.7086614173228346,0.7068921337618367,0.6929133858267716
802,0,train:2437,1,1,1.0,1.0,0.5984251968503937,0.5984251968503937,-0.24676427682204902,0.4330708661417323
803,0,train:5456,1,0,0.859375,0.8346456692913385,0.8976377952755905,0.8976377952755905,0.7363839655781078,0.4881889763779528
804,0,train:9017,0,0,1.0,1.0,0.8346456692913385,0.8346456692913385,2.0076551401716736,0.7007874015748031
805,0,train:5534,0,1,1.0,1.0,0.47244094488188976,0.33070866141732286,1.0825749621736707,0.7952755905511811
806,0,train:1660,1,1,1.0,1.0,0.5748031496062992,0.5748031496062992,0.8513855293048499,0.7322834645669292
807,0,train:1999,1,1,1.0,1.0,0.5196850393700787,0.5196850393700787,0.27341194713279765,0.5748031496062992
808,0,train:308,1,1,1.0,1.0,0.5196850393700787,0.5196850393700787,-0.9981299336457164,0.2283464566929134
809,0,train:5537,0,0,1.0,1.0,0.30708661417322836,0.30708661417322836,0.35971102495779206,0.4251968503937008
810,0,train:5537,0,0,1.0,1.0,0.5984251968503937,0.5118110236220472,-0.15821426839514227,0.33858267716535434
811,0,test:9736,0,0,1.0,1.0,0.8661417322834646,0.8661417322834646,0.21845867222517354,0.4015748031496063
812,0,train:4691,0,0,1.0,1.0,0.6850393700787402,0.6850393700787402,-0.20529838597268169,0.33070866141732286
813,0,train:9037,0,0,0.6015625,0.5984251968503937,0.6062992125984252,0.6062992125984252,1.4426457292412,0.6062992125984252
814,0,train:708,1,1,0.953125,0.31496062992125984,0.5511811023622047,0.5511811023622047,0.38900666356720826,0.6062992125984252
815,0,test:2463,0,0,0.1640625,0.25196850393700787,0.2755905511811024,0.2755905511811024,0.8776363183107261,0.5118110236220472
816,0,train:5809,1,1,1.0,1.0,0.2204724409448819,0.7086614173228346,1.6027511861285173,0.937007874015748
817,0,train:4334,0,1,0.7734375,0.23622047244094488,0.937007874015748,0.937007874015748,1.776143260780133,0.984251968503937
818,0,train:8669,0,1,0.7109375,0.2677165354330709,0.6614173228346457,0.6614173228346457,-1.2293193665145372,0.16535433070866143
819,0,train:5815,0,1,0.90625,0.05511811023622047,0.047244094488188976,0.047244094488188976,-1.749495590469384,0.023622047244094488
820,0,train:6438,1,1,1.0,1.0,0.6535433070866141,0.6535433070866141,-0.391257672365062,0.3937007874015748
821,0,train:9397,0,0,0.1171875,0.1968503937007874,0.15748031496062992,0.15748031496062992,-1.2882330902560897,0.14960629921259844
822,0,train:9483,1,1,0.9921875,1.0,0.15748031496062992,0.14960629921259844,0.07112119337257942,0.5196850393700787
823,0,test:2463,1,1,1.0,1.0,0.5196850393700787,0.5196850393700787,-0.7669405007768959,0.29133858267716534
824,0,train:2590,1,1,1.0,1.0,0.7795275590551181,0.7795275590551181,-0.6224471052338827,0.33070866141732286
825,0,train:1033,0,0,0.9296875,0.9212598425196851,0.5275590551181102,0.5275590551181102,0.07720631949255502,0.3779527559055118
826,0,train:1615,1,1,1.0,1.0,0.7716535433070866,0.7086614173228346,0.533500059110221,0.6456692913385826
827,0,train:4691,1,1,0.96875,0.41732283464566927,0.5984251968503937,0.5984251968503937,0.18671590980699002,0.5511811023622047
828,0,train:9188,0,0,0.9375,1.0,0.7795275590551181,0.6929133858267716,-0.11113015081760289,0.3464566929133858
829,0,train:4514,0,1,0.8984375,0.2755905511811024,0.2204724409448819,0.5826771653543307,0.04222251426397687,0.5118110236220472
830,0,train:5193,0,0,1.0,1.0,0.8110236220472441,0.8110236220472441,1.4897298468187394,0.6141732283464567
831,0,train:2437,1,1,1.0,1.0,0.5590551181102362,0.8976377952755905,1.053676283065068,0.7874015748031497
832,0,train:7938,1,0,0.65625,0.25984251968503935,0.44881889763779526,0.44881889763779526,-1.7119901484539453,0.07874015748031496
833,0,train:7480,0,0,0.7578125,0.2992125984251969,0.5669291338582677,0.5669291338582677,-0.7703077969031555,0.23622047244094488
834,0,train:999,0,0,0.9296875,1.0,0.8818897637795275,0.8818897637795275,-0.0640460332400635,0.3543307086614173
835,0,train:5222,1,1,1.0,1.0,0.4409448818897638,0.4409448818897638,1.0825749621736707,0.7952755905511811
836,0,train:5364,1,1,0.984375,0.7716535433070866,0.48031496062992124,0.48031496062992124,1.7472445816715305,0.9763779527559056
837,0,train:4915,1,0,0.1875,0.3228346456692913,0.2677165354330709,0.2677165354330709,0.6892998480005681,0.48031496062992124
838,0,train:5809,0,1,1.0,1.0,0.8818897637795275,0.5826771653543307,-0.1311695603876386,0.4645669291338583
839,0,train:8718,0,1,0.9765625,0.25196850393700787,0.41732283464566927,0.41732283464566927,-1.4605087993833583,0.10236220472440945
840,0,train:418,0,0,0.8671875,0.25196850393700787,0.984251968503937,0.984251968503937,-0.3465507387053002,0.30708661417322836
841,0,train:3706,0,0,0.984375,1.0,1.0,0.7401574803149606,0.9247204358882655,0.5196850393700787
842,0,train:2453,1,0,0.109375,0.3228346456692913,0.48031496062992124,0.48031496062992124,-0.8644760320582345,0.2204724409448819
843,0,train:5227,0,0,0.828125,0.4094488188976378,0.4566929133858268,0.4566929133858268,0.26554278980271295,0.4094488188976378
844,0,train:8359,0,0,0.7109375,0.2677165354330709,0.7086614173228346,0.7086614173228346,-1.523653678143787,0.11023622047244094
845,0,train:8857,0,0,1.0,1.0,0.8582677165354331,0.7244094488188977,0.35971102495779206,0.4251968503937008
846,0,test:5699,1,1,1.0,1.0,0.7401574803149606,0.7401574803149606,0.8802842084134523,0.7401574803149606
847,0,train:5809,1,0,0.0703125,0.09448818897637795,0.03937007874015748,0.13385826771653545,-1.9474107363416426,0.03937007874015748
848,0,train:4915,1,0,0.015625,0.1968503937007874,0.015748031496062992,0.031496062992125984,-2.0886630890742612,0.015748031496062992
849,0,train:1615,1,0,0.453125,0.33070866141732286,0.6850393700787402,0.6850393700787402,-0.39363485628283956,0.2992125984251969
850,0,train:868,1,1,1.0,1.0,0.5354330708661418,0.9291338582677166,0.9380815666306574,0.7559055118110236
851,0,train:5227,0,0,0.4765625,0.25196850393700787,0.8110236220472441,0.8110236220472441,0.21845867222517354,0.4015748031496063
852,0,test:2775,1,0,0.953125,0.2677165354330709,1.0,0.7086614173228346,1.2543092589310418,0.5748031496062992
853,0,train:8116,0,1,1.0,1.0,0.7165354330708661,0.7165354330708661,-0.7380418216682931,0.2992125984251969
854,0,train:4514,0,0,1.0,1.0,0.8031496062992126,0.8031496062992126,1.160141023775963,0.5590551181102362
855,0,train:5864,0,1,0.921875,0.84251968503937,0.28346456692913385,0.6299212598425197,-0.1311695603876386,0.4645669291338583
856,0,train:7860,1,1,0.9609375,0.7952755905511811,0.18110236220472442,0.18110236220472442,-0.27566295593065154,0.4251968503937008
857,0,train:8488,1,1,0.171875,0.2992125984251969,0.015748031496062992,0.015748031496062992,-1.6627995531435762,0.047244094488188976
858,0,train:3216,0,0,0.671875,0.30708661417322836,0.1968503937007874,0.1968503937007874,-0.39363485628283956,0.2992125984251969
859,0,train:328,1,1,1.0,1.0,0.33858267716535434,0.5905511811023622,0.7935881710876443,0.7165354330708661
860,0,train:999,0,0,0.78125,0.8031496062992126,0.15748031496062992,0.15748031496062992,-0.15821426839514227,0.33858267716535434
861,0,train:1033,0,0,0.9765625,1.0,0.44881889763779526,0.5905511811023622,1.0659727886208843,0.5433070866141733
862,0,train:6438,1,0,0.40625,0.015748031496062992,0.3937007874015748,0.3937007874015748,-2.1357472066518004,0.007874015748031496
863,0,train:868,0,1,1.0,1.0,0.9606299212598425,0.9606299212598425,0.10001987248118197,0.5275590551181102
864,0,train:8359,0,0,0.953125,0.8110236220472441,0.889763779527559,0.889763779527559,1.4897298468187394,0.6141732283464567
865,0,train:5364,1,1,1.0,1.0,0.9606299212598425,0.9606299212598425,-1.0270286127543193,0.2204724409448819
866,0,train:2814,0,1,0.96875,0.9606299212598425,1.0,0.952755905511811,-1.0270286127543193,0.2204724409448819
867,0,train:5537,0,0,1.0,1.0,0.4015748031496063,0.6692913385826772,0.45387926011287083,0.4409448818897638
868,0,train:2437,1,0,0.203125,0.2204724409448819,0.047244094488188976,0.047244094488188976,-0.01696191566252377,0.36220472440944884
869,0,train:5456,1,1,1.0,1.0,0.3937007874015748,0.4645669291338583,0.3023106262414002,0.5826771653543307
870,0,train:6845,0,0,0.6875,0.11023622047244094,0.023622047244094488,0.023622047244094488,-1.6649060308764057,0.08661417322834646
871,0,train:7480,1,1,1.0,1.0,0.6535433070866141,0.7401574803149606,0.12891855158978494,0.5354330708661418
872,0,train:4305,1,0,1.0,1.0,0.28346456692913385,0.28346456692913385,-0.2523825035502214,0.3228346456692913
873,0,train:532,1,1,0.875,0.28346456692913385,0.984251968503937,0.984251968503937,-0.680244463451088,0.31496062992125984
874,0,train:2494,1,1,0.3203125,0.29133858267716534,0.18110236220472442,0.18110236220472442,-0.9692312545371139,0.23622047244094488
875,0,train:5727,1,0,0.2734375,0.25984251968503935,0.031496062992125984,0.031496062992125984,-1.994494853919182,0.031496062992125984
876,0,train:7860,1,1,0.9921875,1.0,0.5039370078740157,0.5039370078740157,-1.0270286127543193,0.2204724409448819
877,0,train:1866,1,0,0.0703125,0.2992125984251969,0.31496062992125984,0.30708661417322836,-0.4878030914379187,0.28346456692913385
878,0,train:5409,1,1,0.9609375,0.29133858267716534,0.36220472440944884,0.5669291338582677,-0.7091431425596906,0.30708661417322836
879,0,train:6421,1,1,1.0,1.0,0.6614173228346457,0.9133858267716536,-0.5646497470166777,0.3464566929133858
880,0,train:5366,1,1,1.0,1.0,0.7086614173228346,0.7086614173228346,1.8339406189973382,1.0
881,0,test:6949,1,0,0.015625,0.16535433070866143,0.4409448818897638,0.4409448818897638,-1.994494853919182,0.031496062992125984
882,0,train:3089,1,1,1.0,1.0,0.7244094488188977,0.7244094488188977,-0.16006823949624116,0.4566929133858268
883,0,test:5427,0,0,0.9921875,0.25196850393700787,0.7952755905511811,0.7952755905511811,1.2072251413535025,0.5669291338582677
884,0,train:6476,1,0,0.1953125,0.25196850393700787,0.14960629921259844,0.14960629921259844,-1.3353172078336293,0.14173228346456693
885,0,train:6438,1,1,1.0,1.0,0.3858267716535433,0.3858267716535433,0.9958789248478626,0.7716535433070866
886,0,train:1453,0,0,0.8828125,0.8976377952755905,1.0,0.41732283464566927,-0.7703077969031555,0.23622047244094488
887,0,train:2453,1,1,1.0,1.0,0.6220472440944882,0.6220472440944882,1.776143260780133,0.984251968503937
888,0,train:2753,1,0,0.9375,0.31496062992125984,0.023622047244094488,0.023622047244094488,-2.0886630890742612,0.015748031496062992
889,0,train:6673,0,0,0.5546875,0.33858267716535434,0.8661417322834646,0.8661417322834646,0.9247204358882655,0.5196850393700787
890,0,train:5555,0,0,1.0,1.0,0.7637795275590551,0.7637795275590551,1.5368139643962788,0.6220472440944882
891,0,train:648,0,0,1.0,1.0,1.0,0.5118110236220472,1.7722345522839764,0.6614173228346457
892,0,train:7510,0,1,0.9921875,1.0,0.07086614173228346,0.07086614173228346,-1.25821804562314,0.15748031496062992
893,0,test:2463,0,0,0.5546875,0.25196850393700787,0.8740157480314961,0.8740157480314961,1.3484774940861206,0.5905511811023622
894,0,train:4944,0,0,0.90625,0.7795275590551181,0.2047244094488189,0.2047244094488189,1.0659727886208843,0.5433070866141733
895,0,train:648,0,0,0.046875,0.25196850393700787,0.5275590551181102,0.5275590551181102,-0.9115601496357739,0.2125984251968504
896,0,train:5167,0,0,1.0,1.0,0.6377952755905512,0.6377952755905512,1.1130569061984237,0.5511811023622047
897,0,train:9366,0,1,0.765625,0.2677165354330709,0.8582677165354331,0.11811023622047244,-0.6513457843424855,0.3228346456692913
898,0,train:4915,1,1,0.8984375,0.9763779527559056,0.47244094488188976,0.47244094488188976,0.18671590980699002,0.5511811023622047
899,0,train:1999,0,0,0.8515625,0.8818897637795275,1.0,0.7480314960629921,1.0659727886208843,0.5433070866141733
900,0,test:2775,1,0,0.28125,0.4094488188976378,0.4645669291338583,0.4645669291338583,-0.15821426839514227,0.33858267716535434
901,0,train:2102,0,0,0.4765625,0.15748031496062992,0.25984251968503935,0.25984251968503935,0.31262690738025234,0.41732283464566927
902,0,train:5343,0,1,0.8984375,0.2677165354330709,0.03937007874015748,0.03937007874015748,-0.8536365381027036,0.2677165354330709
903,0,train:6421,0,0,1.0,1.0,0.7165354330708661,0.7165354330708661,0.9718045534658049,0.5275590551181102
904,0,train:6673,1,0,0.0546875,0.25196850393700787,0.023622047244094488,0.023622047244094488,-0.8173919144806949,0.2283464566929134
905,0,train:8857,0,0,0.9921875,1.0,1.0,0.9133858267716536,0.030122201915015624,0.3700787401574803
906,0,train:8669,0,0,1.0,1.0,0.7874015748031497,0.8031496062992126,1.160141023775963,0.5590551181102362
907,0,train:1999,0,1,0.8203125,0.36220472440944884,0.2204724409448819,0.2204724409448819,-1.0270286127543193,0.2204724409448819
908,0,train:1780,1,1,0.9609375,0.3543307086614173,0.36220472440944884,0.36220472440944884,-1.0848259709715244,0.2047244094488189
909,0,train:5574,1,1,1.0,1.0,0.6614173228346457,0.6614173228346457,0.38900666356720826,0.6062992125984252
910,0,train:6372,0,0,1.0,1.0,1.0,0.6141732283464567,-0.11113015081760289,0.3464566929133858
911,0,train:10072,1,1,1.0,1.0,0.5275590551181102,0.5275590551181102,-0.7669405007768959,0.29133858267716534
912,0,train:7612,1,0,0.84375,0.7559055118110236,0.8346456692913385,0.8346456692913385,-0.15821426839514227,0.33858267716535434
913,0,train:8762,0,1,0.0859375,0.12598425196850394,0.12598425196850394,0.12598425196850394,-1.6050021949263713,0.06299212598425197
914,0,train:4929,1,1,0.921875,0.9448818897637795,0.44881889763779526,1.0,-1.25821804562314,0.15748031496062992
915,0,train:4514,0,0,0.9921875,0.9133858267716536,0.4881889763779528,0.4881889763779528,-0.20529838597268169,0.33070866141732286
916,0,train:1615,1,1,1.0,1.0,1.0,1.0,1.8339406189973382,1.0
917,0,train:8718,0,0,0.5859375,0.6850393700787402,0.5433070866141733,0.5433070866141733,-1.3824013254111687,0.13385826771653545
918,0,train:4334,0,1,0.984375,0.7559055118110236,0.5669291338582677,0.5669291338582677,1.8339406189973382,1.0
919,0,train:262,1,1,1.0,1.0,0.6850393700787402,0.6850393700787402,1.8339406189973382,1.0
920,0,train:5765,0,1,1.0,1.0,0.12598425196850394,0.12598425196850394,-1.4894074784919609,0.09448818897637795
921,0,train:708,1,1,1.0,1.0,0.33858267716535434,0.33858267716535434,0.4179053426758108,0.6141732283464567
922,0,train:6374,1,1,1.0,1.0,0.5354330708661418,0.5354330708661418,0.24451326802419512,0.5669291338582677
923,0,train:7510,1,1,0.984375,1.0,0.09448818897637795,0.09448818897637795,-1.691698232252179,0.03937007874015748
924,0,train:5765,1,1,1.0,1.0,0.2204724409448819,0.2204724409448819,-0.5357510679080751,0.3543307086614173
925,0,train:7860,0,1,0.875,0.6850393700787402,0.6377952755905512,0.6377952755905512,1.2848657159338888,0.8503937007874016
926,0,train:6476,0,1,0.9296875,0.31496062992125984,0.07874015748031496,0.07874015748031496,-1.3160154038403453,0.14173228346456693
927,0,train:1999,1,0,0.65625,0.2755905511811024,0.2047244094488189,0.2047244094488189,-0.9115601496357739,0.2125984251968504
928,0,train:9397,1,1,0.8046875,0.1889763779527559,0.14960629921259844,0.08661417322834646,-0.8825352172113062,0.25984251968503935
929,0,train:4665,1,1,1.0,1.0,0.5275590551181102,0.1968503937007874,-0.5357510679080751,0.3543307086614173
930,0,train:7612,1,1,1.0,1.0,0.7401574803149606,0.7401574803149606,0.8224868501962473,0.7244094488188977
931,0,train:5877,1,0,0.5234375,0.2755905511811024,0.4566929133858268,0.4566929133858268,-0.39363485628283956,0.2992125984251969
932,0,train:999,0,0,1.0,1.0,0.6299212598425197,0.6299212598425197,2.1018233753267523,0.7165354330708661
933,0,train:3216,1,0,0.4453125,0.08661417322834646,0.8661417322834646,0.8661417322834646,0.6422157304230287,0.47244094488188976
934,0,test:5069,0,0,0.5,0.2755905511811024,0.4645669291338583,0.4645669291338583,-0.8173919144806949,0.2283464566929134
935,0,train:3570,1,1,1.0,1.0,0.5669291338582677,0.5669291338582677,-0.824737858994101,0.2755905511811024
936,0,train:6673,0,0,1.0,1.0,1.0,0.6535433070866141,1.2543092589310418,0.5748031496062992
937,0,train:9483,0,1,0.9921875,1.0,0.9212598425196851,0.9212598425196851,0.12891855158978494,0.5354330708661418
938,0,train:7877,1,1,0.984375,0.9448818897637795,0.25196850393700787,0.25196850393700787,-1.2004206874059347,0.1732283464566929
939,0,train:3733,0,1,0.7109375,0.36220472440944884,0.6062992125984252,0.6062992125984252,-0.6224471052338827,0.33070866141732286
940,0,test:8237,0,1,0.984375,0.7874015748031497,0.9291338582677166,0.9291338582677166,1.8050419398887356,0.9921259842519685
941,0,train:5815,1,0,0.5078125,0.2677165354330709,0.5905511811023622,0.5905511811023622,0.5951316128454893,0.4645669291338583
942,0,test:8237,0,1,0.8046875,0.15748031496062992,0.36220472440944884,0.7007874015748031,-0.9692312545371139,0.23622047244094488
943,0,train:5809,0,1,1.0,1.0,0.8031496062992126,0.4015748031496063,-0.3623589932564594,0.4015748031496063
944,0,train:3216,1,0,0.4296875,0.25196850393700787,0.1732283464566929,0.1732283464566929,0.07720631949255502,0.3779527559055118
945,0,train:9188,0,0,1.0,1.0,0.968503937007874,0.968503937007874,0.5480474952679499,0.4566929133858268
946,0,train:3461,1,1,1.0,1.0,0.4645669291338583,0.4645669291338583,1.8339406189973382,1.0
947,0,train:6638,0,0,0.6640625,0.6771653543307087,0.9212598425196851,0.9212598425196851,0.1242904370700944,0.3858267716535433
948,0,train:1866,1,0,1.0,1.0,1.0,0.6692913385826772,0.1242904370700944,0.3858267716535433
949,0,train:1727,0,1,0.578125,0.41732283464566927,0.6692913385826772,0.8110236220472441,-0.4779537096908698,0.3700787401574803
950,0,train:7448,0,0,0.59375,0.4015748031496063,1.0,0.8818897637795275,-0.8644760320582345,0.2204724409448819
951,0,train:6476,0,1,1.0,1.0,0.4881889763779528,0.47244094488188976,0.3023106262414002,0.5826771653543307
952,0,train:2706,0,1,0.828125,0.4015748031496063,1.0,0.6377952755905512,0.6779934546532341,0.6850393700787402
953,0,train:262,0,1,1.0,1.0,0.5433070866141733,0.5433070866141733,0.38900666356720826,0.6062992125984252
954,0,train:6421,0,0,1.0,1.0,0.9606299212598425,0.9606299212598425,0.1242904370700944,0.3858267716535433
955,0,train:525,0,0,1.0,1.0,0.8188976377952756,0.8188976377952756,0.6422157304230287,0.47244094488188976
956,0,train:3939,1,1,1.0,1.0,0.8346456692913385,0.937007874015748,0.33120930535000276,0.5905511811023622
957,0,train:8451,0,0,0.5859375,0.2677165354330709,0.7480314960629921,0.7480314960629921,0.7834680831556473,0.49606299212598426
958,0,train:868,0,1,1.0,1.0,0.8818897637795275,0.8818897637795275,-1.4894074784919609,0.09448818897637795
959,0,train:359,0,0,0.5,0.6141732283464567,1.0,0.6535433070866141,0.35971102495779206,0.4251968503937008
960,0,train:7451,1,0,1.0,1.0,0.5511811023622047,0.5511811023622047,1.0659727886208843,0.5433070866141733
961,0,train:9773,0,1,0.984375,0.2677165354330709,0.3700787401574803,0.6771653543307087,-0.7958391798854985,0.28346456692913385
962,0,test:2463,1,0,0.5546875,0.25984251968503935,0.25196850393700787,0.25196850393700787,-0.11113015081760289,0.3464566929133858
963,0,train:359,0,0,1.0,1.0,0.8503937007874016,0.8503937007874016,1.6309821995513576,0.6377952755905512
964,0,train:6505,1,0,0.0703125,0.25196850393700787,0.3700787401574803,0.3700787401574803,1.819318669861516,0.6692913385826772
965,0,train:5534,1,1,1.0,1.0,0.18110236220472442,0.2204724409448819,0.5046013800016185,0.6377952755905512
966,0,test:5610,0,0,1.0,1.0,0.5196850393700787,0.5196850393700787,0.7363839655781078,0.4881889763779528
967,0,train:1660,1,0,0.328125,0.28346456692913385,0.7874015748031497,0.7874015748031497,0.5951316128454893,0.4645669291338583
968,0,train:6569,1,1,0.8984375,0.8267716535433071,0.29133858267716534,0.7795275590551181,0.4757027008930159,0.6299212598425197
969,0,train:9037,1,1,0.984375,1.0,0.8661417322834646,0.5590551181102362,0.10001987248118197,0.5275590551181102
970,0,train:999,1,1,1.0,1.0,0.7007874015748031,0.9291338582677166,1.1114736412822732,0.8031496062992126
971,0,train:418,1,1,1.0,1.0,0.3543307086614173,0.3543307086614173,-0.16006823949624116,0.4566929133858268
972,0,train:8857,0,0,0.59375,0.25984251968503935,0.6850393700787402,0.36220472440944884,-0.11113015081760289,0.3464566929133858
973,0,train:4305,0,0,0.828125,0.7244094488188977,0.3543307086614173,0.3543307086614173,0.030122201915015624,0.3700787401574803
974,0,train:648,0,1,0.609375,0.30708661417322836,0.07086614173228346,0.07086614173228346,-1.6627995531435762,0.047244094488188976
975,0,train:5537,0,0,1.0,1.0,0.5196850393700787,0.5196850393700787,0.5480474952679499,0.4566929133858268
976,0,train:8487,1,1,0.8828125,0.28346456692913385,0.41732283464566927,0.41732283464566927,-1.2871167247317425,0.14960629921259844
977,0,train:1615,0,0,1.0,1.0,0.7559055118110236,0.7559055118110236,1.3484774940861206,0.5905511811023622
978,0,train:17,0,0,0.8828125,0.6614173228346457,0.5354330708661418,0.5354330708661418,0.45387926011287083,0.4409448818897638
979,0,train:1660,1,1,1.0,1.0,0.12598425196850394,0.9921259842519685,-1.4894074784919609,0.09448818897637795
980,0,train:328,1,1,1.0,1.0,0.7007874015748031,0.7007874015748031,0.7357908128704392,0.7007874015748031
981,0,train:8487,0,1,0.8046875,0.33070866141732286,0.7952755905511811,0.7952755905511811,-0.9114338963199088,0.25196850393700787
982,0,train:3089,1,1,0.8125,0.29133858267716534,0.31496062992125984,0.31496062992125984,-1.4605087993833583,0.10236220472440945
983,0,train:308,1,0,0.0078125,0.2283464566929134,0.05511811023622047,0.05511811023622047,-0.723223679325616,0.2440944881889764
984,0,train:648,0,0,0.78125,0.4881889763779528,0.905511811023622,0.905511811023622,0.21845867222517354,0.4015748031496063
985,0,train:6505,1,0,0.375,0.2677165354330709,0.2677165354330709,0.2677165354330709,-0.39363485628283956,0.2992125984251969
986,0,train:2814,0,0,0.3984375,0.25984251968503935,0.1968503937007874,0.1968503937007874,-0.6761395617480767,0.25196850393700787
987,0,train:8487,0,0,0.8203125,0.23622047244094488,0.6141732283464567,0.7244094488188977,-1.523653678143787,0.11023622047244094
988,0,train:262,0,1,0.984375,0.952755905511811,0.5748031496062992,0.5669291338582677,0.4757027008930159,0.6299212598425197
989,0,train:525,0,0,0.640625,0.7165354330708661,0.44881889763779526,0.44881889763779526,-0.4878030914379187,0.28346456692913385
990,0,train:5811,1,1,1.0,1.0,0.3543307086614173,0.4566929133858268,0.9380815666306574,0.7559055118110236
991,0,test:5699,1,1,1.0,1.0,0.5196850393700787,0.5196850393700787,0.10001987248118197,0.5275590551181102
992,0,train:6673,1,1,0.9921875,0.9291338582677166,0.7716535433070866,0.7716535433070866,0.7357908128704392,0.7007874015748031
993,0,train:4514,0,0,0.5390625,0.33070866141732286,0.4881889763779528,0.4881889763779528,-0.01696191566252377,0.36220472440944884
994,0,train:262,0,0,0.9296875,0.7086614173228346,0.047244094488188976,0.8267716535433071,0.26554278980271295,0.4094488188976378
995,0,train:1727,1,1,1.0,1.0,0.5984251968503937,0.9921259842519685,0.7068921337618367,0.6929133858267716
996,0,train:4334,0,1,0.6640625,0.28346456692913385,0.7322834645669292,0.7322834645669292,0.21561458891559257,0.5590551181102362
997,0,train:3706,0,0,0.703125,0.29133858267716534,0.14173228346456693,0.14173228346456693,0.7363839655781078,0.4881889763779528
998,0,train:2225,0,1,1.0,1.0,0.6535433070866141,0.8188976377952756,1.2270683577166834,0.8346456692913385
999,0,train:5809,1,1,0.9921875,0.4094488188976378,0.6771653543307087,0.6771653543307087,-0.27566295593065154,0.4251968503937008
1000,0,test:2775,1,1,1.0,1.0,0.49606299212598426,0.8976377952755905,0.4757027008930159,0.6299212598425197
1001,0,train:3562,1,1,1.0,1.0,0.4645669291338583,0.952755905511811,0.04222251426397687,0.5118110236220472
1002,0,train:5555,0,0,1.0,1.0,0.9133858267716536,0.9133858267716536,0.9247204358882655,0.5196850393700787
1003,0,train:3562,1,1,0.65625,0.28346456692913385,0.7086614173228346,0.7086614173228346,-1.691698232252179,0.03937007874015748
1004,0,train:4916,0,0,1.0,1.0,0.8267716535433071,0.8267716535433071,1.1130569061984237,0.5511811023622047
1005,0,train:4944,0,0,1.0,1.0,0.8503937007874016,0.8503937007874016,1.2072251413535025,0.5669291338582677
1006,0,test:6949,1,1,1.0,1.0,0.8188976377952756,0.8188976377952756,1.2848657159338888,0.8503937007874016
1007,0,train:2272,0,1,0.9921875,0.7007874015748031,0.4645669291338583,0.4645669291338583,-0.391257672365062,0.3937007874015748
1008,0,train:1884,1,0,0.15625,0.29133858267716534,0.33858267716535434,0.33858267716535434,-0.2994666211277608,0.31496062992125984
1009,0,train:3733,1,1,1.0,1.0,0.7401574803149606,0.7401574803149606,0.8513855293048499,0.7322834645669292
1010,0,train:3216,1,0,0.015625,0.25196850393700787,0.3858267716535433,0.3858267716535433,-1.099896619945932,0.18110236220472442
1011,0,train:5222,1,0,1.0,1.0,0.889763779527559,0.889763779527559,1.5838980819738182,0.6299212598425197
1012,0,train:9037,0,0,1.0,1.0,0.41732283464566927,0.6141732283464567,1.4897298468187394,0.6141732283464567
1013,0,train:1615,1,1,1.0,1.0,0.8267716535433071,0.8267716535433071,0.620196096436029,0.6692913385826772
1014,0,train:1609,1,1,0.9921875,0.5354330708661418,0.952755905511811,0.952755905511811,0.620196096436029,0.6692913385826772
1015,0,train:8487,0,1,1.0,0.15748031496062992,0.06299212598425197,0.06299212598425197,-1.7205969113607815,0.031496062992125984
1016,0,train:262,1,1,0.8984375,0.984251968503937,0.3937007874015748,0.3937007874015748,-0.9403325754285113,0.2440944881889764
1017,0,train:6372,0,1,0.734375,0.2677165354330709,0.03937007874015748,0.07874015748031496,-1.2871167247317425,0.14960629921259844
1018,0,train:328,1,1,0.75,0.09448818897637795,0.3858267716535433,0.3858267716535433,-1.4316101202747555,0.11023622047244094
1019,0,train:5364,0,0,0.8359375,0.5275590551181102,1.0,0.8661417322834646,1.018888671043345,0.5354330708661418
1020,0,train:1780,1,0,0.84375,0.7086614173228346,0.30708661417322836,0.30708661417322836,0.5009633776904102,0.44881889763779526
1021,0,train:8756,1,1,1.0,1.0,0.7086614173228346,0.7086614173228346,-0.5646497470166777,0.3464566929133858
1022,0,train:2494,0,0,0.0078125,0.3543307086614173,0.29133858267716534,0.29133858267716534,-1.1940648551010107,0.16535433070866143
1023,0,train:7510,1,1,1.0,1.0,0.7322834645669292,0.7322834645669292,0.013323835155374327,0.5039370078740157
