sample_index,true_gender,true_race,true_secret,true_income,known_features,prior_baseline_prediction,conditional_prior_prediction,lomia_label_only_prediction,targeted_lomia_prediction,fredrikson_confidence_map_prediction,csmia_confidence_prediction,bayes_calibrated_confidence_map_prediction,is_targeted_group,targeted_group_key,query_count,score_query_count,candidate_label_outputs,fredrikson_confidence_outputs,csmia_confidence_outputs,bayes_calibrated_confidence_outputs
0,Male,White,gender=Male,<=50K,"{""age"": ""22"", ""workclass"": ""Private"", ""fnlwgt"": ""106843"", ""education"": ""10th"", ""educational-num"": ""6"", ""marital-status"": ""Never-married"", ""occupation"": ""Craft-repair"", ""relationship"": ""Other-relative"", ""race"": ""White"", ""capital-gain"": ""0"", ""capital-loss"": ""0"", ""hours-per-week"": ""30"", ""native-country"": ""United-States""}",gender=Male,gender=Male,gender=Male,,gender=Female,gender=Female,gender=Male,0,<=50K | Other-relative | Never-married | 10th | Private,2,2,"{""gender=Female"": ""<=50K"", ""gender=Male"": ""<=50K""}","{""gender=Female"": {""alpha"": 1.0, ""margin"": 0.9801647775819448, ""p_observed"": 0.9900823887909725, ""prior_probability"": 0.2, ""score"": 0.9900823887909725}, ""gender=Male"": {""alpha"": 1.0, ""margin"": 0.9767120206771477, ""p_observed"": 0.9883560103385738, ""prior_probability"": 0.8, ""score"": 0.9883560103385738}}","{""gender=Female"": {""alpha"": 1.0, ""margin"": 0.9801647775819448, ""p_observed"": 0.9900823887909725, ""prior_probability"": 0.2, ""score"": 0.9801647775819448}, ""gender=Male"": {""alpha"": 1.0, ""margin"": 0.9767120206771477, ""p_observed"": 0.9883560103385738, ""prior_probability"": 0.8, ""score"": 0.9767120206771477}}","{""gender=Female"": {""alpha"": 0.0, ""margin"": 0.9801647775819448, ""p_observed"": 0.9900823887909725, ""prior_probability"": 0.2, ""score"": -1.6094379124341003}, ""gender=Male"": {""alpha"": 0.0, ""margin"": 0.9767120206771477, ""p_observed"": 0.9883560103385738, ""prior_probability"": 0.8, ""score"": -0.2231435513142097}}"
1,Male,White,gender=Male,<=50K,"{""age"": ""73"", ""workclass"": ""Private"", ""fnlwgt"": ""301210"", ""education"": ""1st-4th"", ""educational-num"": ""2"", ""marital-status"": ""Married-civ-spouse"", ""occupation"": ""Transport-moving"", ""relationship"": ""Husband"", ""race"": ""White"", ""capital-gain"": ""0"", ""capital-loss"": ""1735"", ""hours-per-week"": ""20"", ""native-country"": ""United-States""}",gender=Male,gender=Male,gender=Male,,gender=Male,gender=Male,gender=Male,0,<=50K | Husband | Married-civ-spouse | 1st-4th | Private,2,2,"{""gender=Female"": ""<=50K"", ""gender=Male"": ""<=50K""}","{""gender=Female"": {""alpha"": 1.0, ""margin"": 0.6323549982779884, ""p_observed"": 0.8161774991389941, ""prior_probability"": 0.14285714285714285, ""score"": 0.8161774991389941}, ""gender=Male"": {""alpha"": 1.0, ""margin"": 0.6548123627254478, ""p_observed"": 0.8274061813627238, ""prior_probability"": 0.8571428571428571, ""score"": 0.8274061813627238}}","{""gender=Female"": {""alpha"": 1.0, ""margin"": 0.6323549982779884, ""p_observed"": 0.8161774991389941, ""prior_probability"": 0.14285714285714285, ""score"": 0.6323549982779884}, ""gender=Male"": {""alpha"": 1.0, ""margin"": 0.6548123627254478, ""p_observed"": 0.8274061813627238, ""prior_probability"": 0.8571428571428571, ""score"": 0.6548123627254478}}","{""gender=Female"": {""alpha"": 0.0, ""margin"": 0.6323549982779884, ""p_observed"": 0.8161774991389941, ""prior_probability"": 0.14285714285714285, ""score"": -1.9459101490553135}, ""gender=Male"": {""alpha"": 0.0, ""margin"": 0.6548123627254478, ""p_observed"": 0.8274061813627238, ""prior_probability"": 0.8571428571428571, ""score"": -0.15415067982725836}}"
2,Female,White,gender=Female,<=50K,"{""age"": ""20"", ""workclass"": ""Self-emp-not-inc"", ""fnlwgt"": ""105997"", ""education"": ""Some-college"", ""educational-num"": ""10"", ""marital-status"": ""Never-married"", ""occupation"": ""Sales"", ""relationship"": ""Not-in-family"", ""race"": ""White"", ""capital-gain"": ""0"", ""capital-loss"": ""0"", ""hours-per-week"": ""25"", ""native-country"": ""United-States""}",gender=Male,gender=Male,gender=Male,,gender=Female,gender=Female,gender=Male,0,<=50K | Not-in-family | Never-married | Some-college | Self-emp-not-inc,2,2,"{""gender=Female"": ""<=50K"", ""gender=Male"": ""<=50K""}","{""gender=Female"": {""alpha"": 1.0, ""margin"": 0.9708920614971271, ""p_observed"": 0.9854460307485635, ""prior_probability"": 0.4296875, ""score"": 0.9854460307485635}, ""gender=Male"": {""alpha"": 1.0, ""margin"": 0.9629344676560927, ""p_observed"": 0.9814672338280461, ""prior_probability"": 0.5703125, ""score"": 0.9814672338280461}}","{""gender=Female"": {""alpha"": 1.0, ""margin"": 0.9708920614971271, ""p_observed"": 0.9854460307485635, ""prior_probability"": 0.4296875, ""score"": 0.9708920614971271}, ""gender=Male"": {""alpha"": 1.0, ""margin"": 0.9629344676560927, ""p_observed"": 0.9814672338280461, ""prior_probability"": 0.5703125, ""score"": 0.9629344676560927}}","{""gender=Female"": {""alpha"": 0.0, ""margin"": 0.9708920614971271, ""p_observed"": 0.9854460307485635, ""prior_probability"": 0.4296875, ""score"": -0.8446970786871463}, ""gender=Male"": {""alpha"": 0.0, ""margin"": 0.9629344676560927, ""p_observed"": 0.9814672338280461, ""prior_probability"": 0.5703125, ""score"": -0.561570822771226}}"
3,Male,White,gender=Male,<=50K,"{""age"": ""41"", ""workclass"": ""Private"", ""fnlwgt"": ""238355"", ""education"": ""5th-6th"", ""educational-num"": ""3"", ""marital-status"": ""Married-civ-spouse"", ""occupation"": ""Farming-fishing"", ""relationship"": ""Husband"", ""race"": ""White"", ""capital-gain"": ""0"", ""capital-loss"": ""0"", ""hours-per-week"": ""40"", ""native-country"": ""Mexico""}",gender=Male,gender=Male,gender=Male,,gender=Male,gender=Male,gender=Male,0,<=50K | Husband | Married-civ-spouse | 5th-6th | Private,2,2,"{""gender=Female"": ""<=50K"", ""gender=Male"": ""<=50K""}","{""gender=Female"": {""alpha"": 1.0, ""margin"": 0.7390570773074642, ""p_observed"": 0.8695285386537321, ""prior_probability"": 0.06666666666666667, ""score"": 0.8695285386537321}, ""gender=Male"": {""alpha"": 1.0, ""margin"": 0.7489985282382954, ""p_observed"": 0.8744992641191478, ""prior_probability"": 0.9333333333333333, ""score"": 0.8744992641191478}}","{""gender=Female"": {""alpha"": 1.0, ""margin"": 0.7390570773074642, ""p_observed"": 0.8695285386537321, ""prior_probability"": 0.06666666666666667, ""score"": 0.7390570773074642}, ""gender=Male"": {""alpha"": 1.0, ""margin"": 0.7489985282382954, ""p_observed"": 0.8744992641191478, ""prior_probability"": 0.9333333333333333, ""score"": 0.7489985282382954}}","{""gender=Female"": {""alpha"": 0.0, ""margin"": 0.7390570773074642, ""p_observed"": 0.8695285386537321, ""prior_probability"": 0.06666666666666667, ""score"": -2.70805020110221}, ""gender=Male"": {""alpha"": 0.0, ""margin"": 0.7489985282382954, ""p_observed"": 0.8744992641191478, ""prior_probability"": 0.9333333333333333, ""score"": -0.06899287148695143}}"
4,Male,White,gender=Male,<=50K,"{""age"": ""42"", ""workclass"": ""Private"", ""fnlwgt"": ""117319"", ""education"": ""HS-grad"", ""educational-num"": ""9"", ""marital-status"": ""Married-civ-spouse"", ""occupation"": ""Craft-repair"", ""relationship"": ""Husband"", ""race"": ""White"", ""capital-gain"": ""0"", ""capital-loss"": ""1672"", ""hours-per-week"": ""40"", ""native-country"": ""United-States""}",gender=Male,gender=Male,gender=Male,,gender=Female,gender=Female,gender=Male,0,<=50K | Husband | Married-civ-spouse | HS-grad | Private,2,2,"{""gender=Female"": ""<=50K"", ""gender=Male"": ""<=50K""}","{""gender=Female"": {""alpha"": 1.0, ""margin"": 0.45993041142604374, ""p_observed"": 0.7299652057130217, ""prior_probability"": 0.001364256480218281, ""score"": 0.7299652057130217}, ""gender=Male"": {""alpha"": 1.0, ""margin"": 0.42009453177525646, ""p_observed"": 0.7100472658876281, ""prior_probability"": 0.9986357435197817, ""score"": 0.7100472658876281}}","{""gender=Female"": {""alpha"": 1.0, ""margin"": 0.45993041142604374, ""p_observed"": 0.7299652057130217, ""prior_probability"": 0.001364256480218281, ""score"": 0.45993041142604374}, ""gender=Male"": {""alpha"": 1.0, ""margin"": 0.42009453177525646, ""p_observed"": 0.7100472658876281, ""prior_probability"": 0.9986357435197817, ""score"": 0.42009453177525646}}","{""gender=Female"": {""alpha"": 0.0, ""margin"": 0.45993041142604374, ""p_observed"": 0.7299652057130217, ""prior_probability"": 0.001364256480218281, ""score"": -6.597145701886651}, ""gender=Male"": {""alpha"": 0.0, ""margin"": 0.42009453177525646, ""p_observed"": 0.7100472658876281, ""prior_probability"": 0.9986357435197817, ""score"": -0.00136518792533997}}"
5,Male,White,gender=Male,>50K,"{""age"": ""61"", ""workclass"": ""Self-emp-inc"", ""fnlwgt"": ""84409"", ""education"": ""HS-grad"", ""educational-num"": ""9"", ""marital-status"": ""Married-civ-spouse"", ""occupation"": ""Exec-managerial"", ""relationship"": ""Husband"", ""race"": ""White"", ""capital-gain"": ""0"", ""capital-loss"": ""0"", ""hours-per-week"": ""35"", ""native-country"": ""United-States""}",gender=Male,gender=Male,gender=Male,,gender=Male,gender=Male,gender=Male,0,>50K | Husband | Married-civ-spouse | HS-grad | Self-emp-inc,2,2,"{""gender=Female"": ""<=50K"", ""gender=Male"": ""<=50K""}","{""gender=Female"": {""alpha"": 1.0, ""margin"": -0.3127969606600317, ""p_observed"": 0.3436015196699841, ""prior_probability"": 0.0049504950495049506, ""score"": 0.3436015196699841}, ""gender=Male"": {""alpha"": 1.0, ""margin"": -0.2004494766956999, ""p_observed"": 0.39977526165214994, ""prior_probability"": 0.995049504950495, ""score"": 0.39977526165214994}}","{""gender=Female"": {""alpha"": 1.0, ""margin"": -0.3127969606600317, ""p_observed"": 0.3436015196699841, ""prior_probability"": 0.0049504950495049506, ""score"": -0.3127969606600317}, ""gender=Male"": {""alpha"": 1.0, ""margin"": -0.2004494766956999, ""p_observed"": 0.39977526165214994, ""prior_probability"": 0.995049504950495, ""score"": -0.2004494766956999}}","{""gender=Female"": {""alpha"": 0.0, ""margin"": -0.3127969606600317, ""p_observed"": 0.3436015196699841, ""prior_probability"": 0.0049504950495049506, ""score"": -5.308267697401205}, ""gender=Male"": {""alpha"": 0.0, ""margin"": -0.2004494766956999, ""p_observed"": 0.39977526165214994, ""prior_probability"": 0.995049504950495, ""score"": -0.004962789342129014}}"
6,Male,White,gender=Male,<=50K,"{""age"": ""49"", ""workclass"": ""Local-gov"", ""fnlwgt"": ""229337"", ""education"": ""HS-grad"", ""educational-num"": ""9"", ""marital-status"": ""Separated"", ""occupation"": ""Other-service"", ""relationship"": ""Not-in-family"", ""race"": ""White"", ""capital-gain"": ""0"", ""capital-loss"": ""0"", ""hours-per-week"": ""40"", ""native-country"": ""United-States""}",gender=Male,gender=Female,gender=Female,,gender=Female,gender=Female,gender=Female,0,<=50K | Not-in-family | Separated | HS-grad | Local-gov,2,2,"{""gender=Female"": ""<=50K"", ""gender=Male"": ""<=50K""}","{""gender=Female"": {""alpha"": 1.0, ""margin"": 0.9540283146109826, ""p_observed"": 0.9770141573054911, ""prior_probability"": 0.8275862068965517, ""score"": 0.9770141573054911}, ""gender=Male"": {""alpha"": 1.0, ""margin"": 0.9011701082209659, ""p_observed"": 0.9505850541104828, ""prior_probability"": 0.1724137931034483, ""score"": 0.9505850541104828}}","{""gender=Female"": {""alpha"": 1.0, ""margin"": 0.9540283146109826, ""p_observed"": 0.9770141573054911, ""prior_probability"": 0.8275862068965517, ""score"": 0.9540283146109826}, ""gender=Male"": {""alpha"": 1.0, ""margin"": 0.9011701082209659, ""p_observed"": 0.9505850541104828, ""prior_probability"": 0.1724137931034483, ""score"": 0.9011701082209659}}","{""gender=Female"": {""alpha"": 0.0, ""margin"": 0.9540283146109826, ""p_observed"": 0.9770141573054911, ""prior_probability"": 0.8275862068965517, ""score"": -0.18924199963852842}, ""gender=Male"": {""alpha"": 0.0, ""margin"": 0.9011701082209659, ""p_observed"": 0.9505850541104828, ""prior_probability"": 0.1724137931034483, ""score"": -1.7578579175523736}}"
7,Female,White,gender=Female,<=50K,"{""age"": ""45"", ""workclass"": ""Local-gov"", ""fnlwgt"": ""251786"", ""education"": ""HS-grad"", ""educational-num"": ""9"", ""marital-status"": ""Never-married"", ""occupation"": ""Adm-clerical"", ""relationship"": ""Not-in-family"", ""race"": ""White"", ""capital-gain"": ""0"", ""capital-loss"": ""0"", ""hours-per-week"": ""37"", ""native-country"": ""United-States""}",gender=Male,gender=Female,gender=Female,,gender=Female,gender=Female,gender=Female,0,<=50K | Not-in-family | Never-married | HS-grad | Local-gov,2,2,"{""gender=Female"": ""<=50K"", ""gender=Male"": ""<=50K""}","{""gender=Female"": {""alpha"": 1.0, ""margin"": 0.951556059825445, ""p_observed"": 0.9757780299127223, ""prior_probability"": 0.6936416184971098, ""score"": 0.9757780299127223}, ""gender=Male"": {""alpha"": 1.0, ""margin"": 0.9298227678144286, ""p_observed"": 0.9649113839072141, ""prior_probability"": 0.3063583815028902, ""score"": 0.9649113839072141}}","{""gender=Female"": {""alpha"": 1.0, ""margin"": 0.951556059825445, ""p_observed"": 0.9757780299127223, ""prior_probability"": 0.6936416184971098, ""score"": 0.951556059825445}, ""gender=Male"": {""alpha"": 1.0, ""margin"": 0.9298227678144286, ""p_observed"": 0.9649113839072141, ""prior_probability"": 0.3063583815028902, ""score"": 0.9298227678144286}}","{""gender=Female"": {""alpha"": 0.0, ""margin"": 0.951556059825445, ""p_observed"": 0.9757780299127223, ""prior_probability"": 0.6936416184971098, ""score"": -0.365799851715733}, ""gender=Male"": {""alpha"": 0.0, ""margin"": 0.9298227678144286, ""p_observed"": 0.9649113839072141, ""prior_probability"": 0.3063583815028902, ""score"": -1.182999680945657}}"
8,Male,White,gender=Male,>50K,"{""age"": ""51"", ""workclass"": ""Private"", ""fnlwgt"": ""175070"", ""education"": ""Assoc-acdm"", ""educational-num"": ""12"", ""marital-status"": ""Married-civ-spouse"", ""occupation"": ""Sales"", ""relationship"": ""Husband"", ""race"": ""White"", ""capital-gain"": ""5178"", ""capital-loss"": ""0"", ""hours-per-week"": ""45"", ""native-country"": ""United-States""}",gender=Male,gender=Male,gender=Male,,gender=Male,gender=Male,gender=Male,0,>50K | Husband | Married-civ-spouse | Assoc-acdm | Private,2,2,"{""gender=Female"": "">50K"", ""gender=Male"": "">50K""}","{""gender=Female"": {""alpha"": 1.0, ""margin"": 0.32499223398895327, ""p_observed"": 0.6624961169944766, ""prior_probability"": 0.027777777777777776, ""score"": 0.6624961169944766}, ""gender=Male"": {""alpha"": 1.0, ""margin"": 0.593053897663909, ""p_observed"": 0.7965269488319545, ""prior_probability"": 0.9722222222222222, ""score"": 0.7965269488319545}}","{""gender=Female"": {""alpha"": 1.0, ""margin"": 0.32499223398895327, ""p_observed"": 0.6624961169944766, ""prior_probability"": 0.027777777777777776, ""score"": 0.32499223398895327}, ""gender=Male"": {""alpha"": 1.0, ""margin"": 0.593053897663909, ""p_observed"": 0.7965269488319545, ""prior_probability"": 0.9722222222222222, ""score"": 0.593053897663909}}","{""gender=Female"": {""alpha"": 0.0, ""margin"": 0.32499223398895327, ""p_observed"": 0.6624961169944766, ""prior_probability"": 0.027777777777777776, ""score"": -3.58351893845611}, ""gender=Male"": {""alpha"": 0.0, ""margin"": 0.593053897663909, ""p_observed"": 0.7965269488319545, ""prior_probability"": 0.9722222222222222, ""score"": -0.028170876966696335}}"
9,Female,White,gender=Female,<=50K,"{""age"": ""18"", ""workclass"": ""Private"", ""fnlwgt"": ""126021"", ""education"": ""HS-grad"", ""educational-num"": ""9"", ""marital-status"": ""Never-married"", ""occupation"": ""Craft-repair"", ""relationship"": ""Own-child"", ""race"": ""White"", ""capital-gain"": ""0"", ""capital-loss"": ""0"", ""hours-per-week"": ""20"", ""native-country"": ""United-States""}",gender=Male,gender=Male,gender=Male,gender=Male,gender=Male,gender=Male,gender=Male,1,<=50K | Own-child | Never-married | HS-grad | Private,2,2,"{""gender=Female"": ""<=50K"", ""gender=Male"": ""<=50K""}","{""gender=Female"": {""alpha"": 1.0, ""margin"": 0.9912400476542258, ""p_observed"": 0.9956200238271128, ""prior_probability"": 0.0547945205479452, ""score"": 0.9956200238271128}, ""gender=Male"": {""alpha"": 1.0, ""margin"": 0.9923118626547851, ""p_observed"": 0.9961559313273923, ""prior_probability"": 0.9452054794520548, ""score"": 0.9961559313273923}}","{""gender=Female"": {""alpha"": 1.0, ""margin"": 0.9912400476542258, ""p_observed"": 0.9956200238271128, ""prior_probability"": 0.0547945205479452, ""score"": 0.9912400476542258}, ""gender=Male"": {""alpha"": 1.0, ""margin"": 0.9923118626547851, ""p_observed"": 0.9961559313273923, ""prior_probability"": 0.9452054794520548, ""score"": 0.9923118626547851}}","{""gender=Female"": {""alpha"": 0.0, ""margin"": 0.9912400476542258, ""p_observed"": 0.9956200238271128, ""prior_probability"": 0.0547945205479452, ""score"": -2.9041650800285006}, ""gender=Male"": {""alpha"": 0.0, ""margin"": 0.9923118626547851, ""p_observed"": 0.9961559313273923, ""prior_probability"": 0.9452054794520548, ""score"": -0.056352936551131744}}"
10,Male,White,gender=Male,<=50K,"{""age"": ""27"", ""workclass"": ""Private"", ""fnlwgt"": ""152951"", ""education"": ""HS-grad"", ""educational-num"": ""9"", ""marital-status"": ""Never-married"", ""occupation"": ""Machine-op-inspct"", ""relationship"": ""Own-child"", ""race"": ""White"", ""capital-gain"": ""0"", ""capital-loss"": ""0"", ""hours-per-week"": ""40"", ""native-country"": ""United-States""}",gender=Male,gender=Male,gender=Male,gender=Male,gender=Male,gender=Male,gender=Male,1,<=50K | Own-child | Never-married | HS-grad | Private,2,2,"{""gender=Female"": ""<=50K"", ""gender=Male"": ""<=50K""}","{""gender=Female"": {""alpha"": 1.0, ""margin"": 0.9885302826812948, ""p_observed"": 0.9942651413406474, ""prior_probability"": 0.24299065420560748, ""score"": 0.9942651413406474}, ""gender=Male"": {""alpha"": 1.0, ""margin"": 0.9889469215126501, ""p_observed"": 0.9944734607563248, ""prior_probability"": 0.7570093457943925, ""score"": 0.9944734607563248}}","{""gender=Female"": {""alpha"": 1.0, ""margin"": 0.9885302826812948, ""p_observed"": 0.9942651413406474, ""prior_probability"": 0.24299065420560748, ""score"": 0.9885302826812948}, ""gender=Male"": {""alpha"": 1.0, ""margin"": 0.9889469215126501, ""p_observed"": 0.9944734607563248, ""prior_probability"": 0.7570093457943925, ""score"": 0.9889469215126501}}","{""gender=Female"": {""alpha"": 0.0, ""margin"": 0.9885302826812948, ""p_observed"": 0.9942651413406474, ""prior_probability"": 0.24299065420560748, ""score"": -1.414732296440424}, ""gender=Male"": {""alpha"": 0.0, ""margin"": 0.9889469215126501, ""p_observed"": 0.9944734607563248, ""prior_probability"": 0.7570093457943925, ""score"": -0.2783796797894674}}"
11,Female,White,gender=Female,<=50K,"{""age"": ""55"", ""workclass"": ""Private"", ""fnlwgt"": ""201229"", ""education"": ""Bachelors"", ""educational-num"": ""13"", ""marital-status"": ""Divorced"", ""occupation"": ""Sales"", ""relationship"": ""Not-in-family"", ""race"": ""White"", ""capital-gain"": ""0"", ""capital-loss"": ""0"", ""hours-per-week"": ""8"", ""native-country"": ""United-States""}",gender=Male,gender=Male,gender=Male,,gender=Female,gender=Female,gender=Male,0,<=50K | Not-in-family | Divorced | Bachelors | Private,2,2,"{""gender=Female"": ""<=50K"", ""gender=Male"": ""<=50K""}","{""gender=Female"": {""alpha"": 1.0, ""margin"": 0.7259305093449353, ""p_observed"": 0.8629652546724678, ""prior_probability"": 0.3783783783783784, ""score"": 0.8629652546724678}, ""gender=Male"": {""alpha"": 1.0, ""margin"": 0.605824686520933, ""p_observed"": 0.8029123432604666, ""prior_probability"": 0.6216216216216216, ""score"": 0.8029123432604666}}","{""gender=Female"": {""alpha"": 1.0, ""margin"": 0.7259305093449353, ""p_observed"": 0.8629652546724678, ""prior_probability"": 0.3783783783783784, ""score"": 0.7259305093449353}, ""gender=Male"": {""alpha"": 1.0, ""margin"": 0.605824686520933, ""p_observed"": 0.8029123432604666, ""prior_probability"": 0.6216216216216216, ""score"": 0.605824686520933}}","{""gender=Female"": {""alpha"": 0.0, ""margin"": 0.7259305093449353, ""p_observed"": 0.8629652546724678, ""prior_probability"": 0.3783783783783784, ""score"": -0.9718605830289657}, ""gender=Male"": {""alpha"": 0.0, ""margin"": 0.605824686520933, ""p_observed"": 0.8029123432604666, ""prior_probability"": 0.6216216216216216, ""score"": -0.4754236967150748}}"
12,Male,White,gender=Male,>50K,"{""age"": ""61"", ""workclass"": ""Self-emp-inc"", ""fnlwgt"": ""187124"", ""education"": ""HS-grad"", ""educational-num"": ""9"", ""marital-status"": ""Married-civ-spouse"", ""occupation"": ""Exec-managerial"", ""relationship"": ""Husband"", ""race"": ""White"", ""capital-gain"": ""0"", ""capital-loss"": ""0"", ""hours-per-week"": ""20"", ""native-country"": ""United-States""}",gender=Male,gender=Male,gender=Male,,gender=Male,gender=Male,gender=Male,0,>50K | Husband | Married-civ-spouse | HS-grad | Self-emp-inc,2,2,"{""gender=Female"": ""<=50K"", ""gender=Male"": ""<=50K""}","{""gender=Female"": {""alpha"": 1.0, ""margin"": -0.3111988421430779, ""p_observed"": 0.344400578928461, ""prior_probability"": 0.0049504950495049506, ""score"": 0.344400578928461}, ""gender=Male"": {""alpha"": 1.0, ""margin"": -0.19644388435705562, ""p_observed"": 0.40177805782147213, ""prior_probability"": 0.995049504950495, ""score"": 0.40177805782147213}}","{""gender=Female"": {""alpha"": 1.0, ""margin"": -0.3111988421430779, ""p_observed"": 0.344400578928461, ""prior_probability"": 0.0049504950495049506, ""score"": -0.3111988421430779}, ""gender=Male"": {""alpha"": 1.0, ""margin"": -0.19644388435705562, ""p_observed"": 0.40177805782147213, ""prior_probability"": 0.995049504950495, ""score"": -0.19644388435705562}}","{""gender=Female"": {""alpha"": 0.0, ""margin"": -0.3111988421430779, ""p_observed"": 0.344400578928461, ""prior_probability"": 0.0049504950495049506, ""score"": -5.308267697401205}, ""gender=Male"": {""alpha"": 0.0, ""margin"": -0.19644388435705562, ""p_observed"": 0.40177805782147213, ""prior_probability"": 0.995049504950495, ""score"": -0.004962789342129014}}"
13,Female,White,gender=Female,>50K,"{""age"": ""57"", ""workclass"": ""Private"", ""fnlwgt"": ""212448"", ""education"": ""Bachelors"", ""educational-num"": ""13"", ""marital-status"": ""Divorced"", ""occupation"": ""Exec-managerial"", ""relationship"": ""Not-in-family"", ""race"": ""White"", ""capital-gain"": ""0"", ""capital-loss"": ""0"", ""hours-per-week"": ""45"", ""native-country"": ""United-States""}",gender=Male,gender=Male,gender=Male,,gender=Male,gender=Male,gender=Male,0,>50K | Not-in-family | Divorced | Bachelors | Private,2,2,"{""gender=Female"": ""<=50K"", ""gender=Male"": ""<=50K""}","{""gender=Female"": {""alpha"": 1.0, ""margin"": -0.4553985776972747, ""p_observed"": 0.27230071115136284, ""prior_probability"": 0.36363636363636365, ""score"": 0.27230071115136284}, ""gender=Male"": {""alpha"": 1.0, ""margin"": -0.25297525443954855, ""p_observed"": 0.3735123727802259, ""prior_probability"": 0.6363636363636364, ""score"": 0.3735123727802259}}","{""gender=Female"": {""alpha"": 1.0, ""margin"": -0.4553985776972747, ""p_observed"": 0.27230071115136284, ""prior_probability"": 0.36363636363636365, ""score"": -0.4553985776972747}, ""gender=Male"": {""alpha"": 1.0, ""margin"": -0.25297525443954855, ""p_observed"": 0.3735123727802259, ""prior_probability"": 0.6363636363636364, ""score"": -0.25297525443954855}}","{""gender=Female"": {""alpha"": 0.0, ""margin"": -0.4553985776972747, ""p_observed"": 0.27230071115136284, ""prior_probability"": 0.36363636363636365, ""score"": -1.0116009116784799}, ""gender=Male"": {""alpha"": 0.0, ""margin"": -0.25297525443954855, ""p_observed"": 0.3735123727802259, ""prior_probability"": 0.6363636363636364, ""score"": -0.45198512374305727}}"
14,Female,White,gender=Female,<=50K,"{""age"": ""56"", ""workclass"": ""State-gov"", ""fnlwgt"": ""153451"", ""education"": ""Some-college"", ""educational-num"": ""10"", ""marital-status"": ""Divorced"", ""occupation"": ""Adm-clerical"", ""relationship"": ""Not-in-family"", ""race"": ""White"", ""capital-gain"": ""0"", ""capital-loss"": ""0"", ""hours-per-week"": ""35"", ""native-country"": ""United-States""}",gender=Male,gender=Female,gender=Female,,gender=Female,gender=Female,gender=Female,0,<=50K | Not-in-family | Divorced | Some-college | State-gov,2,2,"{""gender=Female"": ""<=50K"", ""gender=Male"": ""<=50K""}","{""gender=Female"": {""alpha"": 1.0, ""margin"": 0.9283181072156317, ""p_observed"": 0.9641590536078158, ""prior_probability"": 0.8738738738738738, ""score"": 0.9641590536078158}, ""gender=Male"": {""alpha"": 1.0, ""margin"": 0.8510205376587114, ""p_observed"": 0.9255102688293556, ""prior_probability"": 0.12612612612612611, ""score"": 0.9255102688293556}}","{""gender=Female"": {""alpha"": 1.0, ""margin"": 0.9283181072156317, ""p_observed"": 0.9641590536078158, ""prior_probability"": 0.8738738738738738, ""score"": 0.9283181072156317}, ""gender=Male"": {""alpha"": 1.0, ""margin"": 0.8510205376587114, ""p_observed"": 0.9255102688293556, ""prior_probability"": 0.12612612612612611, ""score"": 0.8510205376587114}}","{""gender=Female"": {""alpha"": 0.0, ""margin"": 0.9283181072156317, ""p_observed"": 0.9641590536078158, ""prior_probability"": 0.8738738738738738, ""score"": -0.13481922280895137}, ""gender=Male"": {""alpha"": 0.0, ""margin"": 0.8510205376587114, ""p_observed"": 0.9255102688293556, ""prior_probability"": 0.12612612612612611, ""score"": -2.0704728716970755}}"
15,Male,White,gender=Male,<=50K,"{""age"": ""42"", ""workclass"": ""Private"", ""fnlwgt"": ""169995"", ""education"": ""Some-college"", ""educational-num"": ""10"", ""marital-status"": ""Married-civ-spouse"", ""occupation"": ""Prof-specialty"", ""relationship"": ""Husband"", ""race"": ""White"", ""capital-gain"": ""0"", ""capital-loss"": ""0"", ""hours-per-week"": ""45"", ""native-country"": ""United-States""}",gender=Male,gender=Male,gender=Male,,gender=Female,gender=Female,gender=Male,0,<=50K | Husband | Married-civ-spouse | Some-college | Private,2,2,"{""gender=Female"": ""<=50K"", ""gender=Male"": ""<=50K""}","{""gender=Female"": {""alpha"": 1.0, ""margin"": 0.10763034793507237, ""p_observed"": 0.5538151739675361, ""prior_probability"": 0.015625, ""score"": 0.5538151739675361}, ""gender=Male"": {""alpha"": 1.0, ""margin"": 0.01837506769312075, ""p_observed"": 0.5091875338465603, ""prior_probability"": 0.984375, ""score"": 0.5091875338465603}}","{""gender=Female"": {""alpha"": 1.0, ""margin"": 0.10763034793507237, ""p_observed"": 0.5538151739675361, ""prior_probability"": 0.015625, ""score"": 0.10763034793507237}, ""gender=Male"": {""alpha"": 1.0, ""margin"": 0.01837506769312075, ""p_observed"": 0.5091875338465603, ""prior_probability"": 0.984375, ""score"": 0.01837506769312075}}","{""gender=Female"": {""alpha"": 0.0, ""margin"": 0.10763034793507237, ""p_observed"": 0.5538151739675361, ""prior_probability"": 0.015625, ""score"": -4.1588830833596715}, ""gender=Male"": {""alpha"": 0.0, ""margin"": 0.01837506769312075, ""p_observed"": 0.5091875338465603, ""prior_probability"": 0.984375, ""score"": -0.015748356968139168}}"
16,Male,Black,gender=Male,<=50K,"{""age"": ""48"", ""workclass"": ""Private"", ""fnlwgt"": ""157092"", ""education"": ""Some-college"", ""educational-num"": ""10"", ""marital-status"": ""Married-civ-spouse"", ""occupation"": ""Transport-moving"", ""relationship"": ""Husband"", ""race"": ""Black"", ""capital-gain"": ""0"", ""capital-loss"": ""0"", ""hours-per-week"": ""40"", ""native-country"": ""United-States""}",gender=Male,gender=Male,gender=Male,,gender=Female,gender=Female,gender=Male,0,<=50K | Husband | Married-civ-spouse | Some-college | Private,2,2,"{""gender=Female"": ""<=50K"", ""gender=Male"": ""<=50K""}","{""gender=Female"": {""alpha"": 1.0, ""margin"": 0.3227047625771411, ""p_observed"": 0.6613523812885707, ""prior_probability"": 0.012987012987012988, ""score"": 0.6613523812885707}, ""gender=Male"": {""alpha"": 1.0, ""margin"": 0.25112167719198275, ""p_observed"": 0.6255608385959914, ""prior_probability"": 0.987012987012987, ""score"": 0.6255608385959914}}","{""gender=Female"": {""alpha"": 1.0, ""margin"": 0.3227047625771411, ""p_observed"": 0.6613523812885707, ""prior_probability"": 0.012987012987012988, ""score"": 0.3227047625771411}, ""gender=Male"": {""alpha"": 1.0, ""margin"": 0.25112167719198275, ""p_observed"": 0.6255608385959914, ""prior_probability"": 0.987012987012987, ""score"": 0.25112167719198275}}","{""gender=Female"": {""alpha"": 0.0, ""margin"": 0.3227047625771411, ""p_observed"": 0.6613523812885707, ""prior_probability"": 0.012987012987012988, ""score"": -4.343805421853684}, ""gender=Male"": {""alpha"": 0.0, ""margin"": 0.25112167719198275, ""p_observed"": 0.6255608385959914, ""prior_probability"": 0.987012987012987, ""score"": -0.013072081567352775}}"
17,Male,Black,gender=Male,<=50K,"{""age"": ""21"", ""workclass"": ""Private"", ""fnlwgt"": ""278254"", ""education"": ""Some-college"", ""educational-num"": ""10"", ""marital-status"": ""Never-married"", ""occupation"": ""Handlers-cleaners"", ""relationship"": ""Own-child"", ""race"": ""Black"", ""capital-gain"": ""0"", ""capital-loss"": ""0"", ""hours-per-week"": ""40"", ""native-country"": ""United-States""}",gender=Male,gender=Male,gender=Male,gender=Male,gender=Male,gender=Male,gender=Male,1,<=50K | Own-child | Never-married | Some-college | Private,2,2,"{""gender=Female"": ""<=50K"", ""gender=Male"": ""<=50K""}","{""gender=Female"": {""alpha"": 1.0, ""margin"": 0.9890198162222585, ""p_observed"": 0.9945099081111293, ""prior_probability"": 0.1111111111111111, ""score"": 0.9945099081111293}, ""gender=Male"": {""alpha"": 1.0, ""margin"": 0.9897466792377229, ""p_observed"": 0.9948733396188614, ""prior_probability"": 0.8888888888888888, ""score"": 0.9948733396188614}}","{""gender=Female"": {""alpha"": 1.0, ""margin"": 0.9890198162222585, ""p_observed"": 0.9945099081111293, ""prior_probability"": 0.1111111111111111, ""score"": 0.9890198162222585}, ""gender=Male"": {""alpha"": 1.0, ""margin"": 0.9897466792377229, ""p_observed"": 0.9948733396188614, ""prior_probability"": 0.8888888888888888, ""score"": 0.9897466792377229}}","{""gender=Female"": {""alpha"": 0.0, ""margin"": 0.9890198162222585, ""p_observed"": 0.9945099081111293, ""prior_probability"": 0.1111111111111111, ""score"": -2.1972245773362196}, ""gender=Male"": {""alpha"": 0.0, ""margin"": 0.9897466792377229, ""p_observed"": 0.9948733396188614, ""prior_probability"": 0.8888888888888888, ""score"": -0.11778303565638351}}"
18,Male,White,gender=Male,<=50K,"{""age"": ""62"", ""workclass"": ""Private"", ""fnlwgt"": ""161460"", ""education"": ""Bachelors"", ""educational-num"": ""13"", ""marital-status"": ""Never-married"", ""occupation"": ""Farming-fishing"", ""relationship"": ""Not-in-family"", ""race"": ""White"", ""capital-gain"": ""0"", ""capital-loss"": ""0"", ""hours-per-week"": ""30"", ""native-country"": ""United-States""}",gender=Male,gender=Male,gender=Male,,gender=Female,gender=Female,gender=Male,0,<=50K | Not-in-family | Never-married | Bachelors | Private,2,2,"{""gender=Female"": ""<=50K"", ""gender=Male"": ""<=50K""}","{""gender=Female"": {""alpha"": 1.0, ""margin"": 0.8264191120124424, ""p_observed"": 0.9132095560062213, ""prior_probability"": 0.16666666666666666, ""score"": 0.9132095560062213}, ""gender=Male"": {""alpha"": 1.0, ""margin"": 0.7656752270465191, ""p_observed"": 0.8828376135232597, ""prior_probability"": 0.8333333333333334, ""score"": 0.8828376135232597}}","{""gender=Female"": {""alpha"": 1.0, ""margin"": 0.8264191120124424, ""p_observed"": 0.9132095560062213, ""prior_probability"": 0.16666666666666666, ""score"": 0.8264191120124424}, ""gender=Male"": {""alpha"": 1.0, ""margin"": 0.7656752270465191, ""p_observed"": 0.8828376135232597, ""prior_probability"": 0.8333333333333334, ""score"": 0.7656752270465191}}","{""gender=Female"": {""alpha"": 0.0, ""margin"": 0.8264191120124424, ""p_observed"": 0.9132095560062213, ""prior_probability"": 0.16666666666666666, ""score"": -1.791759469228055}, ""gender=Male"": {""alpha"": 0.0, ""margin"": 0.7656752270465191, ""p_observed"": 0.8828376135232597, ""prior_probability"": 0.8333333333333334, ""score"": -0.1823215567939546}}"
19,Female,Black,gender=Female,<=50K,"{""age"": ""45"", ""workclass"": ""Private"", ""fnlwgt"": ""149224"", ""education"": ""HS-grad"", ""educational-num"": ""9"", ""marital-status"": ""Divorced"", ""occupation"": ""Adm-clerical"", ""relationship"": ""Unmarried"", ""race"": ""Black"", ""capital-gain"": ""0"", ""capital-loss"": ""0"", ""hours-per-week"": ""50"", ""native-country"": ""United-States""}",gender=Male,gender=Female,gender=Female,,gender=Female,gender=Female,gender=Female,0,<=50K | Unmarried | Divorced | HS-grad | Private,2,2,"{""gender=Female"": ""<=50K"", ""gender=Male"": ""<=50K""}","{""gender=Female"": {""alpha"": 1.0, ""margin"": 0.9325528694458294, ""p_observed"": 0.9662764347229146, ""prior_probability"": 0.9328358208955224, ""score"": 0.9662764347229146}, ""gender=Male"": {""alpha"": 1.0, ""margin"": 0.855908602004079, ""p_observed"": 0.9279543010020396, ""prior_probability"": 0.06716417910447761, ""score"": 0.9279543010020396}}","{""gender=Female"": {""alpha"": 1.0, ""margin"": 0.9325528694458294, ""p_observed"": 0.9662764347229146, ""prior_probability"": 0.9328358208955224, ""score"": 0.9325528694458294}, ""gender=Male"": {""alpha"": 1.0, ""margin"": 0.855908602004079, ""p_observed"": 0.9279543010020396, ""prior_probability"": 0.06716417910447761, ""score"": 0.855908602004079}}","{""gender=Female"": {""alpha"": 0.0, ""margin"": 0.9325528694458294, ""p_observed"": 0.9662764347229146, ""prior_probability"": 0.9328358208955224, ""score"": -0.06952606264861022}, ""gender=Male"": {""alpha"": 0.0, ""margin"": 0.855908602004079, ""p_observed"": 0.9279543010020396, ""prior_probability"": 0.06716417910447761, ""score"": -2.700615222614692}}"
20,Female,Black,gender=Female,<=50K,"{""age"": ""51"", ""workclass"": ""Local-gov"", ""fnlwgt"": ""227261"", ""education"": ""Some-college"", ""educational-num"": ""10"", ""marital-status"": ""Divorced"", ""occupation"": ""Protective-serv"", ""relationship"": ""Unmarried"", ""race"": ""Black"", ""capital-gain"": ""0"", ""capital-loss"": ""0"", ""hours-per-week"": ""40"", ""native-country"": ""United-States""}",gender=Male,gender=Female,gender=Female,,gender=Female,gender=Female,gender=Female,0,<=50K | Unmarried | Divorced | Some-college | Local-gov,2,2,"{""gender=Female"": ""<=50K"", ""gender=Male"": ""<=50K""}","{""gender=Female"": {""alpha"": 1.0, ""margin"": 0.9471488894523304, ""p_observed"": 0.9735744447261652, ""prior_probability"": 0.7777777777777778, ""score"": 0.9735744447261652}, ""gender=Male"": {""alpha"": 1.0, ""margin"": 0.8152876493803118, ""p_observed"": 0.9076438246901558, ""prior_probability"": 0.2222222222222222, ""score"": 0.9076438246901558}}","{""gender=Female"": {""alpha"": 1.0, ""margin"": 0.9471488894523304, ""p_observed"": 0.9735744447261652, ""prior_probability"": 0.7777777777777778, ""score"": 0.9471488894523304}, ""gender=Male"": {""alpha"": 1.0, ""margin"": 0.8152876493803118, ""p_observed"": 0.9076438246901558, ""prior_probability"": 0.2222222222222222, ""score"": 0.8152876493803118}}","{""gender=Female"": {""alpha"": 0.0, ""margin"": 0.9471488894523304, ""p_observed"": 0.9735744447261652, ""prior_probability"": 0.7777777777777778, ""score"": -0.25131442828090605}, ""gender=Male"": {""alpha"": 0.0, ""margin"": 0.8152876493803118, ""p_observed"": 0.9076438246901558, ""prior_probability"": 0.2222222222222222, ""score"": -1.5040773967762742}}"
21,Male,White,gender=Male,<=50K,"{""age"": ""44"", ""workclass"": ""Private"", ""fnlwgt"": ""187821"", ""education"": ""Bachelors"", ""educational-num"": ""13"", ""marital-status"": ""Married-civ-spouse"", ""occupation"": ""Transport-moving"", ""relationship"": ""Husband"", ""race"": ""White"", ""capital-gain"": ""0"", ""capital-loss"": ""0"", ""hours-per-week"": ""55"", ""native-country"": ""United-States""}",gender=Male,gender=Male,gender=Male,,gender=Female,gender=Female,gender=Male,0,<=50K | Husband | Married-civ-spouse | Bachelors | Private,2,2,"{""gender=Female"": "">50K"", ""gender=Male"": "">50K""}","{""gender=Female"": {""alpha"": 1.0, ""margin"": -0.07847945314124743, ""p_observed"": 0.46076027342937625, ""prior_probability"": 0.05, ""score"": 0.46076027342937625}, ""gender=Male"": {""alpha"": 1.0, ""margin"": -0.2977821768937995, ""p_observed"": 0.3511089115531002, ""prior_probability"": 0.95, ""score"": 0.3511089115531002}}","{""gender=Female"": {""alpha"": 1.0, ""margin"": -0.07847945314124743, ""p_observed"": 0.46076027342937625, ""prior_probability"": 0.05, ""score"": -0.07847945314124743}, ""gender=Male"": {""alpha"": 1.0, ""margin"": -0.2977821768937995, ""p_observed"": 0.3511089115531002, ""prior_probability"": 0.95, ""score"": -0.2977821768937995}}","{""gender=Female"": {""alpha"": 0.0, ""margin"": -0.07847945314124743, ""p_observed"": 0.46076027342937625, ""prior_probability"": 0.05, ""score"": -2.995732273553991}, ""gender=Male"": {""alpha"": 0.0, ""margin"": -0.2977821768937995, ""p_observed"": 0.3511089115531002, ""prior_probability"": 0.95, ""score"": -0.05129329438755058}}"
22,Female,White,gender=Female,<=50K,"{""age"": ""28"", ""workclass"": ""Local-gov"", ""fnlwgt"": ""191088"", ""education"": ""Bachelors"", ""educational-num"": ""13"", ""marital-status"": ""Divorced"", ""occupation"": ""Prof-specialty"", ""relationship"": ""Not-in-family"", ""race"": ""White"", ""capital-gain"": ""2354"", ""capital-loss"": ""0"", ""hours-per-week"": ""60"", ""native-country"": ""United-States""}",gender=Male,gender=Female,gender=Female,,gender=Female,gender=Female,gender=Female,0,<=50K | Not-in-family | Divorced | Bachelors | Local-gov,2,2,"{""gender=Female"": ""<=50K"", ""gender=Male"": ""<=50K""}","{""gender=Female"": {""alpha"": 1.0, ""margin"": 0.6630870449133623, ""p_observed"": 0.8315435224566812, ""prior_probability"": 0.5333333333333333, ""score"": 0.8315435224566812}, ""gender=Male"": {""alpha"": 1.0, ""margin"": 0.5962499884498735, ""p_observed"": 0.7981249942249368, ""prior_probability"": 0.4666666666666667, ""score"": 0.7981249942249368}}","{""gender=Female"": {""alpha"": 1.0, ""margin"": 0.6630870449133623, ""p_observed"": 0.8315435224566812, ""prior_probability"": 0.5333333333333333, ""score"": 0.6630870449133623}, ""gender=Male"": {""alpha"": 1.0, ""margin"": 0.5962499884498735, ""p_observed"": 0.7981249942249368, ""prior_probability"": 0.4666666666666667, ""score"": 0.5962499884498735}}","{""gender=Female"": {""alpha"": 0.0, ""margin"": 0.6630870449133623, ""p_observed"": 0.8315435224566812, ""prior_probability"": 0.5333333333333333, ""score"": -0.6286086594223742}, ""gender=Male"": {""alpha"": 0.0, ""margin"": 0.5962499884498735, ""p_observed"": 0.7981249942249368, ""prior_probability"": 0.4666666666666667, ""score"": -0.7621400520468967}}"
23,Male,White,gender=Male,>50K,"{""age"": ""55"", ""workclass"": ""Private"", ""fnlwgt"": ""27227"", ""education"": ""Some-college"", ""educational-num"": ""10"", ""marital-status"": ""Married-civ-spouse"", ""occupation"": ""Other-service"", ""relationship"": ""Husband"", ""race"": ""White"", ""capital-gain"": ""0"", ""capital-loss"": ""1977"", ""hours-per-week"": ""35"", ""native-country"": ""United-States""}",gender=Male,gender=Male,gender=Male,,gender=Male,gender=Male,gender=Male,0,>50K | Husband | Married-civ-spouse | Some-college | Private,2,2,"{""gender=Female"": ""<=50K"", ""gender=Male"": "">50K""}","{""gender=Female"": {""alpha"": 1.0, ""margin"": -0.05489640125888556, ""p_observed"": 0.4725517993705572, ""prior_probability"": 0.05555555555555555, ""score"": 0.4725517993705572}, ""gender=Male"": {""alpha"": 1.0, ""margin"": 0.05191393531047639, ""p_observed"": 0.5259569676552383, ""prior_probability"": 0.9444444444444444, ""score"": 0.5259569676552383}}","{""gender=Female"": {""alpha"": 1.0, ""margin"": -0.05489640125888556, ""p_observed"": 0.4725517993705572, ""prior_probability"": 0.05555555555555555, ""score"": -0.05489640125888556}, ""gender=Male"": {""alpha"": 1.0, ""margin"": 0.05191393531047639, ""p_observed"": 0.5259569676552383, ""prior_probability"": 0.9444444444444444, ""score"": 0.05191393531047639}}","{""gender=Female"": {""alpha"": 0.0, ""margin"": -0.05489640125888556, ""p_observed"": 0.4725517993705572, ""prior_probability"": 0.05555555555555555, ""score"": -2.890371757896165}, ""gender=Male"": {""alpha"": 0.0, ""margin"": 0.05191393531047639, ""p_observed"": 0.5259569676552383, ""prior_probability"": 0.9444444444444444, ""score"": -0.05715841383994864}}"
24,Male,White,gender=Male,<=50K,"{""age"": ""33"", ""workclass"": ""State-gov"", ""fnlwgt"": ""175023"", ""education"": ""HS-grad"", ""educational-num"": ""9"", ""marital-status"": ""Married-civ-spouse"", ""occupation"": ""Protective-serv"", ""relationship"": ""Husband"", ""race"": ""White"", ""capital-gain"": ""0"", ""capital-loss"": ""0"", ""hours-per-week"": ""37"", ""native-country"": ""United-States""}",gender=Male,gender=Male,gender=Male,,gender=Female,gender=Female,gender=Male,0,<=50K | Husband | Married-civ-spouse | HS-grad | State-gov,2,2,"{""gender=Female"": ""<=50K"", ""gender=Male"": ""<=50K""}","{""gender=Female"": {""alpha"": 1.0, ""margin"": 0.5836613806971438, ""p_observed"": 0.7918306903485719, ""prior_probability"": 0.017543859649122806, ""score"": 0.7918306903485719}, ""gender=Male"": {""alpha"": 1.0, ""margin"": 0.5091195899888878, ""p_observed"": 0.7545597949944438, ""prior_probability"": 0.9824561403508771, ""score"": 0.7545597949944438}}","{""gender=Female"": {""alpha"": 1.0, ""margin"": 0.5836613806971438, ""p_observed"": 0.7918306903485719, ""prior_probability"": 0.017543859649122806, ""score"": 0.5836613806971438}, ""gender=Male"": {""alpha"": 1.0, ""margin"": 0.5091195899888878, ""p_observed"": 0.7545597949944438, ""prior_probability"": 0.9824561403508771, ""score"": 0.5091195899888878}}","{""gender=Female"": {""alpha"": 0.0, ""margin"": 0.5836613806971438, ""p_observed"": 0.7918306903485719, ""prior_probability"": 0.017543859649122806, ""score"": -4.04305126783455}, ""gender=Male"": {""alpha"": 0.0, ""margin"": 0.5091195899888878, ""p_observed"": 0.7545597949944438, ""prior_probability"": 0.9824561403508771, ""score"": -0.017699577099400975}}"
25,Male,White,gender=Male,<=50K,"{""age"": ""24"", ""workclass"": ""Self-emp-not-inc"", ""fnlwgt"": ""32921"", ""education"": ""HS-grad"", ""educational-num"": ""9"", ""marital-status"": ""Never-married"", ""occupation"": ""Sales"", ""relationship"": ""Not-in-family"", ""race"": ""White"", ""capital-gain"": ""0"", ""capital-loss"": ""0"", ""hours-per-week"": ""40"", ""native-country"": ""United-States""}",gender=Male,gender=Female,gender=Female,,gender=Female,gender=Female,gender=Female,0,<=50K | Not-in-family | Never-married | HS-grad | Self-emp-not-inc,2,2,"{""gender=Female"": ""<=50K"", ""gender=Male"": ""<=50K""}","{""gender=Female"": {""alpha"": 1.0, ""margin"": 0.9626173268142428, ""p_observed"": 0.9813086634071213, ""prior_probability"": 0.5402298850574713, ""score"": 0.9813086634071213}, ""gender=Male"": {""alpha"": 1.0, ""margin"": 0.9273163096847676, ""p_observed"": 0.9636581548423836, ""prior_probability"": 0.45977011494252873, ""score"": 0.9636581548423836}}","{""gender=Female"": {""alpha"": 1.0, ""margin"": 0.9626173268142428, ""p_observed"": 0.9813086634071213, ""prior_probability"": 0.5402298850574713, ""score"": 0.9626173268142428}, ""gender=Male"": {""alpha"": 1.0, ""margin"": 0.9273163096847676, ""p_observed"": 0.9636581548423836, ""prior_probability"": 0.45977011494252873, ""score"": 0.9273163096847676}}","{""gender=Female"": {""alpha"": 0.0, ""margin"": 0.9626173268142428, ""p_observed"": 0.9813086634071213, ""prior_probability"": 0.5402298850574713, ""score"": -0.6157605169445252}, ""gender=Male"": {""alpha"": 0.0, ""margin"": 0.9273163096847676, ""p_observed"": 0.9636581548423836, ""prior_probability"": 0.45977011494252873, ""score"": -0.7770286645406475}}"
26,Male,White,gender=Male,>50K,"{""age"": ""65"", ""workclass"": ""Self-emp-inc"", ""fnlwgt"": ""410199"", ""education"": ""Bachelors"", ""educational-num"": ""13"", ""marital-status"": ""Married-civ-spouse"", ""occupation"": ""Exec-managerial"", ""relationship"": ""Husband"", ""race"": ""White"", ""capital-gain"": ""9386"", ""capital-loss"": ""0"", ""hours-per-week"": ""35"", ""native-country"": ""United-States""}",gender=Male,gender=Male,gender=Male,,gender=Male,gender=Male,gender=Male,0,>50K | Husband | Married-civ-spouse | Bachelors | Self-emp-inc,2,2,"{""gender=Female"": "">50K"", ""gender=Male"": "">50K""}","{""gender=Female"": {""alpha"": 1.0, ""margin"": 0.6247512583083519, ""p_observed"": 0.8123756291541758, ""prior_probability"": 0.00186219739292365, ""score"": 0.8123756291541758}, ""gender=Male"": {""alpha"": 1.0, ""margin"": 0.7464257799101625, ""p_observed"": 0.8732128899550812, ""prior_probability"": 0.9981378026070763, ""score"": 0.8732128899550812}}","{""gender=Female"": {""alpha"": 1.0, ""margin"": 0.6247512583083519, ""p_observed"": 0.8123756291541758, ""prior_probability"": 0.00186219739292365, ""score"": 0.6247512583083519}, ""gender=Male"": {""alpha"": 1.0, ""margin"": 0.7464257799101625, ""p_observed"": 0.8732128899550812, ""prior_probability"": 0.9981378026070763, ""score"": 0.7464257799101625}}","{""gender=Female"": {""alpha"": 0.0, ""margin"": 0.6247512583083519, ""p_observed"": 0.8123756291541758, ""prior_probability"": 0.00186219739292365, ""score"": -6.285998094508865}, ""gender=Male"": {""alpha"": 0.0, ""margin"": 0.7464257799101625, ""p_observed"": 0.8732128899550812, ""prior_probability"": 0.9981378026070763, ""score"": -0.0018639334380627533}}"
27,Male,White,gender=Male,>50K,"{""age"": ""55"", ""workclass"": ""Private"", ""fnlwgt"": ""349910"", ""education"": ""HS-grad"", ""educational-num"": ""9"", ""marital-status"": ""Married-civ-spouse"", ""occupation"": ""Farming-fishing"", ""relationship"": ""Husband"", ""race"": ""White"", ""capital-gain"": ""0"", ""capital-loss"": ""0"", ""hours-per-week"": ""45"", ""native-country"": ""United-States""}",gender=Male,gender=Male,gender=Male,gender=Male,gender=Male,gender=Male,gender=Male,1,>50K | Husband | Married-civ-spouse | HS-grad | Private,2,2,"{""gender=Female"": ""<=50K"", ""gender=Male"": ""<=50K""}","{""gender=Female"": {""alpha"": 1.0, ""margin"": -0.4777988652103356, ""p_observed"": 0.26110056739483195, ""prior_probability"": 0.029411764705882353, ""score"": 0.26110056739483195}, ""gender=Male"": {""alpha"": 1.0, ""margin"": -0.3940794936602648, ""p_observed"": 0.30296025316986747, ""prior_probability"": 0.9705882352941176, ""score"": 0.30296025316986747}}","{""gender=Female"": {""alpha"": 1.0, ""margin"": -0.4777988652103356, ""p_observed"": 0.26110056739483195, ""prior_probability"": 0.029411764705882353, ""score"": -0.4777988652103356}, ""gender=Male"": {""alpha"": 1.0, ""margin"": -0.3940794936602648, ""p_observed"": 0.30296025316986747, ""prior_probability"": 0.9705882352941176, ""score"": -0.3940794936602648}}","{""gender=Female"": {""alpha"": 0.0, ""margin"": -0.4777988652103356, ""p_observed"": 0.26110056739483195, ""prior_probability"": 0.029411764705882353, ""score"": -3.5263605246161616}, ""gender=Male"": {""alpha"": 0.0, ""margin"": -0.3940794936602648, ""p_observed"": 0.30296025316986747, ""prior_probability"": 0.9705882352941176, ""score"": -0.02985296314968116}}"
28,Female,White,gender=Female,<=50K,"{""age"": ""37"", ""workclass"": ""Local-gov"", ""fnlwgt"": ""347136"", ""education"": ""Some-college"", ""educational-num"": ""10"", ""marital-status"": ""Divorced"", ""occupation"": ""Adm-clerical"", ""relationship"": ""Not-in-family"", ""race"": ""White"", ""capital-gain"": ""0"", ""capital-loss"": ""0"", ""hours-per-week"": ""44"", ""native-country"": ""United-States""}",gender=Male,gender=Female,gender=Female,,gender=Female,gender=Female,gender=Female,0,<=50K | Not-in-family | Divorced | Some-college | Local-gov,2,2,"{""gender=Female"": ""<=50K"", ""gender=Male"": ""<=50K""}","{""gender=Female"": {""alpha"": 1.0, ""margin"": 0.8800807853738327, ""p_observed"": 0.9400403926869163, ""prior_probability"": 0.8738738738738738, ""score"": 0.9400403926869163}, ""gender=Male"": {""alpha"": 1.0, ""margin"": 0.794299702835262, ""p_observed"": 0.8971498514176309, ""prior_probability"": 0.12612612612612611, ""score"": 0.8971498514176309}}","{""gender=Female"": {""alpha"": 1.0, ""margin"": 0.8800807853738327, ""p_observed"": 0.9400403926869163, ""prior_probability"": 0.8738738738738738, ""score"": 0.8800807853738327}, ""gender=Male"": {""alpha"": 1.0, ""margin"": 0.794299702835262, ""p_observed"": 0.8971498514176309, ""prior_probability"": 0.12612612612612611, ""score"": 0.794299702835262}}","{""gender=Female"": {""alpha"": 0.0, ""margin"": 0.8800807853738327, ""p_observed"": 0.9400403926869163, ""prior_probability"": 0.8738738738738738, ""score"": -0.13481922280895137}, ""gender=Male"": {""alpha"": 0.0, ""margin"": 0.794299702835262, ""p_observed"": 0.8971498514176309, ""prior_probability"": 0.12612612612612611, ""score"": -2.0704728716970755}}"
29,Female,Black,gender=Female,<=50K,"{""age"": ""53"", ""workclass"": ""Federal-gov"", ""fnlwgt"": ""225339"", ""education"": ""Some-college"", ""educational-num"": ""10"", ""marital-status"": ""Widowed"", ""occupation"": ""Adm-clerical"", ""relationship"": ""Not-in-family"", ""race"": ""Black"", ""capital-gain"": ""0"", ""capital-loss"": ""0"", ""hours-per-week"": ""40"", ""native-country"": ""United-States""}",gender=Male,gender=Female,gender=Female,,gender=Female,gender=Female,gender=Female,0,<=50K | Not-in-family | Widowed | Some-college | Federal-gov,2,2,"{""gender=Female"": ""<=50K"", ""gender=Male"": ""<=50K""}","{""gender=Female"": {""alpha"": 1.0, ""margin"": 0.8958890562054285, ""p_observed"": 0.9479445281027141, ""prior_probability"": 0.8571428571428571, ""score"": 0.9479445281027141}, ""gender=Male"": {""alpha"": 1.0, ""margin"": 0.8380686581056187, ""p_observed"": 0.9190343290528092, ""prior_probability"": 0.14285714285714285, ""score"": 0.9190343290528092}}","{""gender=Female"": {""alpha"": 1.0, ""margin"": 0.8958890562054285, ""p_observed"": 0.9479445281027141, ""prior_probability"": 0.8571428571428571, ""score"": 0.8958890562054285}, ""gender=Male"": {""alpha"": 1.0, ""margin"": 0.8380686581056187, ""p_observed"": 0.9190343290528092, ""prior_probability"": 0.14285714285714285, ""score"": 0.8380686581056187}}","{""gender=Female"": {""alpha"": 0.0, ""margin"": 0.8958890562054285, ""p_observed"": 0.9479445281027141, ""prior_probability"": 0.8571428571428571, ""score"": -0.15415067982725836}, ""gender=Male"": {""alpha"": 0.0, ""margin"": 0.8380686581056187, ""p_observed"": 0.9190343290528092, ""prior_probability"": 0.14285714285714285, ""score"": -1.9459101490553135}}"
30,Male,White,gender=Male,<=50K,"{""age"": ""54"", ""workclass"": ""Private"", ""fnlwgt"": ""172962"", ""education"": ""HS-grad"", ""educational-num"": ""9"", ""marital-status"": ""Married-civ-spouse"", ""occupation"": ""Sales"", ""relationship"": ""Husband"", ""race"": ""White"", ""capital-gain"": ""0"", ""capital-loss"": ""0"", ""hours-per-week"": ""40"", ""native-country"": ""United-States""}",gender=Male,gender=Male,gender=Male,,gender=Female,gender=Female,gender=Male,0,<=50K | Husband | Married-civ-spouse | HS-grad | Private,2,2,"{""gender=Female"": ""<=50K"", ""gender=Male"": ""<=50K""}","{""gender=Female"": {""alpha"": 1.0, ""margin"": 0.45218716843356876, ""p_observed"": 0.7260935842167842, ""prior_probability"": 0.007874015748031496, ""score"": 0.7260935842167842}, ""gender=Male"": {""alpha"": 1.0, ""margin"": 0.36678189364676017, ""p_observed"": 0.68339094682338, ""prior_probability"": 0.9921259842519685, ""score"": 0.68339094682338}}","{""gender=Female"": {""alpha"": 1.0, ""margin"": 0.45218716843356876, ""p_observed"": 0.7260935842167842, ""prior_probability"": 0.007874015748031496, ""score"": 0.45218716843356876}, ""gender=Male"": {""alpha"": 1.0, ""margin"": 0.36678189364676017, ""p_observed"": 0.68339094682338, ""prior_probability"": 0.9921259842519685, ""score"": 0.36678189364676017}}","{""gender=Female"": {""alpha"": 0.0, ""margin"": 0.45218716843356876, ""p_observed"": 0.7260935842167842, ""prior_probability"": 0.007874015748031496, ""score"": -4.844187086458591}, ""gender=Male"": {""alpha"": 0.0, ""margin"": 0.36678189364676017, ""p_observed"": 0.68339094682338, ""prior_probability"": 0.9921259842519685, ""score"": -0.007905179507113261}}"
31,Male,White,gender=Male,>50K,"{""age"": ""69"", ""workclass"": ""State-gov"", ""fnlwgt"": ""50468"", ""education"": ""Prof-school"", ""educational-num"": ""15"", ""marital-status"": ""Married-civ-spouse"", ""occupation"": ""Adm-clerical"", ""relationship"": ""Husband"", ""race"": ""White"", ""capital-gain"": ""0"", ""capital-loss"": ""0"", ""hours-per-week"": ""34"", ""native-country"": ""United-States""}",gender=Male,gender=Male,gender=Male,,gender=Male,gender=Male,gender=Male,0,>50K | Husband | Married-civ-spouse | Prof-school | State-gov,2,2,"{""gender=Female"": ""<=50K"", ""gender=Male"": "">50K""}","{""gender=Female"": {""alpha"": 1.0, ""margin"": -0.028810882223681167, ""p_observed"": 0.48559455888815944, ""prior_probability"": 0.2, ""score"": 0.48559455888815944}, ""gender=Male"": {""alpha"": 1.0, ""margin"": 0.056434594027755136, ""p_observed"": 0.5282172970138777, ""prior_probability"": 0.8, ""score"": 0.5282172970138777}}","{""gender=Female"": {""alpha"": 1.0, ""margin"": -0.028810882223681167, ""p_observed"": 0.48559455888815944, ""prior_probability"": 0.2, ""score"": -0.028810882223681167}, ""gender=Male"": {""alpha"": 1.0, ""margin"": 0.056434594027755136, ""p_observed"": 0.5282172970138777, ""prior_probability"": 0.8, ""score"": 0.056434594027755136}}","{""gender=Female"": {""alpha"": 0.0, ""margin"": -0.028810882223681167, ""p_observed"": 0.48559455888815944, ""prior_probability"": 0.2, ""score"": -1.6094379124341003}, ""gender=Male"": {""alpha"": 0.0, ""margin"": 0.056434594027755136, ""p_observed"": 0.5282172970138777, ""prior_probability"": 0.8, ""score"": -0.2231435513142097}}"
32,Male,White,gender=Male,>50K,"{""age"": ""54"", ""workclass"": ""Self-emp-inc"", ""fnlwgt"": ""162439"", ""education"": ""HS-grad"", ""educational-num"": ""9"", ""marital-status"": ""Married-civ-spouse"", ""occupation"": ""Exec-managerial"", ""relationship"": ""Husband"", ""race"": ""White"", ""capital-gain"": ""0"", ""capital-loss"": ""0"", ""hours-per-week"": ""98"", ""native-country"": ""United-States""}",gender=Male,gender=Male,gender=Male,,gender=Male,gender=Male,gender=Male,0,>50K | Husband | Married-civ-spouse | HS-grad | Self-emp-inc,2,2,"{""gender=Female"": ""<=50K"", ""gender=Male"": "">50K""}","{""gender=Female"": {""alpha"": 1.0, ""margin"": -0.13713109433355086, ""p_observed"": 0.43143445283322446, ""prior_probability"": 0.0049504950495049506, ""score"": 0.43143445283322446}, ""gender=Male"": {""alpha"": 1.0, ""margin"": 0.026406564208613537, ""p_observed"": 0.5132032821043068, ""prior_probability"": 0.995049504950495, ""score"": 0.5132032821043068}}","{""gender=Female"": {""alpha"": 1.0, ""margin"": -0.13713109433355086, ""p_observed"": 0.43143445283322446, ""prior_probability"": 0.0049504950495049506, ""score"": -0.13713109433355086}, ""gender=Male"": {""alpha"": 1.0, ""margin"": 0.026406564208613537, ""p_observed"": 0.5132032821043068, ""prior_probability"": 0.995049504950495, ""score"": 0.026406564208613537}}","{""gender=Female"": {""alpha"": 0.0, ""margin"": -0.13713109433355086, ""p_observed"": 0.43143445283322446, ""prior_probability"": 0.0049504950495049506, ""score"": -5.308267697401205}, ""gender=Male"": {""alpha"": 0.0, ""margin"": 0.026406564208613537, ""p_observed"": 0.5132032821043068, ""prior_probability"": 0.995049504950495, ""score"": -0.004962789342129014}}"
33,Male,White,gender=Male,<=50K,"{""age"": ""28"", ""workclass"": ""Private"", ""fnlwgt"": ""452808"", ""education"": ""10th"", ""educational-num"": ""6"", ""marital-status"": ""Never-married"", ""occupation"": ""Handlers-cleaners"", ""relationship"": ""Not-in-family"", ""race"": ""White"", ""capital-gain"": ""0"", ""capital-loss"": ""0"", ""hours-per-week"": ""40"", ""native-country"": ""United-States""}",gender=Male,gender=Male,gender=Male,,gender=Female,gender=Female,gender=Male,0,<=50K | Not-in-family | Never-married | 10th | Private,2,2,"{""gender=Female"": ""<=50K"", ""gender=Male"": ""<=50K""}","{""gender=Female"": {""alpha"": 1.0, ""margin"": 0.9752386291817916, ""p_observed"": 0.9876193145908958, ""prior_probability"": 0.1, ""score"": 0.9876193145908958}, ""gender=Male"": {""alpha"": 1.0, ""margin"": 0.9681055026312738, ""p_observed"": 0.9840527513156369, ""prior_probability"": 0.9, ""score"": 0.9840527513156369}}","{""gender=Female"": {""alpha"": 1.0, ""margin"": 0.9752386291817916, ""p_observed"": 0.9876193145908958, ""prior_probability"": 0.1, ""score"": 0.9752386291817916}, ""gender=Male"": {""alpha"": 1.0, ""margin"": 0.9681055026312738, ""p_observed"": 0.9840527513156369, ""prior_probability"": 0.9, ""score"": 0.9681055026312738}}","{""gender=Female"": {""alpha"": 0.0, ""margin"": 0.9752386291817916, ""p_observed"": 0.9876193145908958, ""prior_probability"": 0.1, ""score"": -2.3025850929940455}, ""gender=Male"": {""alpha"": 0.0, ""margin"": 0.9681055026312738, ""p_observed"": 0.9840527513156369, ""prior_probability"": 0.9, ""score"": -0.10536051565782628}}"
34,Male,White,gender=Male,<=50K,"{""age"": ""29"", ""workclass"": ""Private"", ""fnlwgt"": ""109989"", ""education"": ""HS-grad"", ""educational-num"": ""9"", ""marital-status"": ""Never-married"", ""occupation"": ""Sales"", ""relationship"": ""Not-in-family"", ""race"": ""White"", ""capital-gain"": ""0"", ""capital-loss"": ""0"", ""hours-per-week"": ""40"", ""native-country"": ""United-States""}",gender=Male,gender=Female,gender=Female,gender=Female,gender=Female,gender=Female,gender=Female,1,<=50K | Not-in-family | Never-married | HS-grad | Private,2,2,"{""gender=Female"": ""<=50K"", ""gender=Male"": ""<=50K""}","{""gender=Female"": {""alpha"": 1.0, ""margin"": 0.9604532999299357, ""p_observed"": 0.9802266499649678, ""prior_probability"": 0.5402298850574713, ""score"": 0.9802266499649678}, ""gender=Male"": {""alpha"": 1.0, ""margin"": 0.9498963019683204, ""p_observed"": 0.9749481509841601, ""prior_probability"": 0.45977011494252873, ""score"": 0.9749481509841601}}","{""gender=Female"": {""alpha"": 1.0, ""margin"": 0.9604532999299357, ""p_observed"": 0.9802266499649678, ""prior_probability"": 0.5402298850574713, ""score"": 0.9604532999299357}, ""gender=Male"": {""alpha"": 1.0, ""margin"": 0.9498963019683204, ""p_observed"": 0.9749481509841601, ""prior_probability"": 0.45977011494252873, ""score"": 0.9498963019683204}}","{""gender=Female"": {""alpha"": 0.0, ""margin"": 0.9604532999299357, ""p_observed"": 0.9802266499649678, ""prior_probability"": 0.5402298850574713, ""score"": -0.6157605169445252}, ""gender=Male"": {""alpha"": 0.0, ""margin"": 0.9498963019683204, ""p_observed"": 0.9749481509841601, ""prior_probability"": 0.45977011494252873, ""score"": -0.7770286645406475}}"
35,Male,Black,gender=Male,<=50K,"{""age"": ""39"", ""workclass"": ""Private"", ""fnlwgt"": ""179016"", ""education"": ""HS-grad"", ""educational-num"": ""9"", ""marital-status"": ""Never-married"", ""occupation"": ""Machine-op-inspct"", ""relationship"": ""Not-in-family"", ""race"": ""Black"", ""capital-gain"": ""0"", ""capital-loss"": ""0"", ""hours-per-week"": ""40"", ""native-country"": ""United-States""}",gender=Male,gender=Male,gender=Male,gender=Male,gender=Female,gender=Female,gender=Male,1,<=50K | Not-in-family | Never-married | HS-grad | Private,2,2,"{""gender=Female"": ""<=50K"", ""gender=Male"": ""<=50K""}","{""gender=Female"": {""alpha"": 1.0, ""margin"": 0.9655647383364581, ""p_observed"": 0.9827823691682289, ""prior_probability"": 0.30434782608695654, ""score"": 0.9827823691682289}, ""gender=Male"": {""alpha"": 1.0, ""margin"": 0.9521809130024967, ""p_observed"": 0.9760904565012481, ""prior_probability"": 0.6956521739130435, ""score"": 0.9760904565012481}}","{""gender=Female"": {""alpha"": 1.0, ""margin"": 0.9655647383364581, ""p_observed"": 0.9827823691682289, ""prior_probability"": 0.30434782608695654, ""score"": 0.9655647383364581}, ""gender=Male"": {""alpha"": 1.0, ""margin"": 0.9521809130024967, ""p_observed"": 0.9760904565012481, ""prior_probability"": 0.6956521739130435, ""score"": 0.9521809130024967}}","{""gender=Female"": {""alpha"": 0.0, ""margin"": 0.9655647383364581, ""p_observed"": 0.9827823691682289, ""prior_probability"": 0.30434782608695654, ""score"": -1.1895840668738362}, ""gender=Male"": {""alpha"": 0.0, ""margin"": 0.9521809130024967, ""p_observed"": 0.9760904565012481, ""prior_probability"": 0.6956521739130435, ""score"": -0.3629054936893685}}"
36,Male,White,gender=Male,>50K,"{""age"": ""44"", ""workclass"": ""Self-emp-not-inc"", ""fnlwgt"": ""157237"", ""education"": ""Assoc-voc"", ""educational-num"": ""11"", ""marital-status"": ""Married-civ-spouse"", ""occupation"": ""Prof-specialty"", ""relationship"": ""Husband"", ""race"": ""White"", ""capital-gain"": ""15024"", ""capital-loss"": ""0"", ""hours-per-week"": ""50"", ""native-country"": ""United-States""}",gender=Male,gender=Male,gender=Male,,gender=Male,gender=Male,gender=Male,0,>50K | Husband | Married-civ-spouse | Assoc-voc | Self-emp-not-inc,2,2,"{""gender=Female"": "">50K"", ""gender=Male"": "">50K""}","{""gender=Female"": {""alpha"": 1.0, ""margin"": 0.6051843948009924, ""p_observed"": 0.8025921974004963, ""prior_probability"": 0.037037037037037035, ""score"": 0.8025921974004963}, ""gender=Male"": {""alpha"": 1.0, ""margin"": 0.6246833339180995, ""p_observed"": 0.8123416669590497, ""prior_probability"": 0.9629629629629629, ""score"": 0.8123416669590497}}","{""gender=Female"": {""alpha"": 1.0, ""margin"": 0.6051843948009924, ""p_observed"": 0.8025921974004963, ""prior_probability"": 0.037037037037037035, ""score"": 0.6051843948009924}, ""gender=Male"": {""alpha"": 1.0, ""margin"": 0.6246833339180995, ""p_observed"": 0.8123416669590497, ""prior_probability"": 0.9629629629629629, ""score"": 0.6246833339180995}}","{""gender=Female"": {""alpha"": 0.0, ""margin"": 0.6051843948009924, ""p_observed"": 0.8025921974004963, ""prior_probability"": 0.037037037037037035, ""score"": -3.295836866004329}, ""gender=Male"": {""alpha"": 0.0, ""margin"": 0.6246833339180995, ""p_observed"": 0.8123416669590497, ""prior_probability"": 0.9629629629629629, ""score"": -0.037740327982847086}}"
37,Female,White,gender=Female,<=50K,"{""age"": ""74"", ""workclass"": ""Self-emp-not-inc"", ""fnlwgt"": ""392886"", ""education"": ""HS-grad"", ""educational-num"": ""9"", ""marital-status"": ""Widowed"", ""occupation"": ""Farming-fishing"", ""relationship"": ""Not-in-family"", ""race"": ""White"", ""capital-gain"": ""0"", ""capital-loss"": ""0"", ""hours-per-week"": ""14"", ""native-country"": ""United-States""}",gender=Male,gender=Male,gender=Male,,gender=Female,gender=Female,gender=Male,0,<=50K | Not-in-family | Widowed | HS-grad | Self-emp-not-inc,2,2,"{""gender=Female"": ""<=50K"", ""gender=Male"": ""<=50K""}","{""gender=Female"": {""alpha"": 1.0, ""margin"": 0.9350843496863248, ""p_observed"": 0.9675421748431624, ""prior_probability"": 0.2, ""score"": 0.9675421748431624}, ""gender=Male"": {""alpha"": 1.0, ""margin"": 0.9015379099654909, ""p_observed"": 0.9507689549827454, ""prior_probability"": 0.8, ""score"": 0.9507689549827454}}","{""gender=Female"": {""alpha"": 1.0, ""margin"": 0.9350843496863248, ""p_observed"": 0.9675421748431624, ""prior_probability"": 0.2, ""score"": 0.9350843496863248}, ""gender=Male"": {""alpha"": 1.0, ""margin"": 0.9015379099654909, ""p_observed"": 0.9507689549827454, ""prior_probability"": 0.8, ""score"": 0.9015379099654909}}","{""gender=Female"": {""alpha"": 0.0, ""margin"": 0.9350843496863248, ""p_observed"": 0.9675421748431624, ""prior_probability"": 0.2, ""score"": -1.6094379124341003}, ""gender=Male"": {""alpha"": 0.0, ""margin"": 0.9015379099654909, ""p_observed"": 0.9507689549827454, ""prior_probability"": 0.8, ""score"": -0.2231435513142097}}"
38,Male,White,gender=Male,<=50K,"{""age"": ""54"", ""workclass"": ""Local-gov"", ""fnlwgt"": ""152540"", ""education"": ""Some-college"", ""educational-num"": ""10"", ""marital-status"": ""Divorced"", ""occupation"": ""Craft-repair"", ""relationship"": ""Unmarried"", ""race"": ""White"", ""capital-gain"": ""0"", ""capital-loss"": ""0"", ""hours-per-week"": ""42"", ""native-country"": ""United-States""}",gender=Male,gender=Male,gender=Male,,gender=Female,gender=Female,gender=Male,0,<=50K | Unmarried | Divorced | Some-college | Local-gov,2,2,"{""gender=Female"": ""<=50K"", ""gender=Male"": ""<=50K""}","{""gender=Female"": {""alpha"": 1.0, ""margin"": 0.930735218511309, ""p_observed"": 0.9653676092556547, ""prior_probability"": 0.38095238095238093, ""score"": 0.9653676092556547}, ""gender=Male"": {""alpha"": 1.0, ""margin"": 0.7708584131514165, ""p_observed"": 0.8854292065757082, ""prior_probability"": 0.6190476190476191, ""score"": 0.8854292065757082}}","{""gender=Female"": {""alpha"": 1.0, ""margin"": 0.930735218511309, ""p_observed"": 0.9653676092556547, ""prior_probability"": 0.38095238095238093, ""score"": 0.930735218511309}, ""gender=Male"": {""alpha"": 1.0, ""margin"": 0.7708584131514165, ""p_observed"": 0.8854292065757082, ""prior_probability"": 0.6190476190476191, ""score"": 0.7708584131514165}}","{""gender=Female"": {""alpha"": 0.0, ""margin"": 0.930735218511309, ""p_observed"": 0.9653676092556547, ""prior_probability"": 0.38095238095238093, ""score"": -0.9650808960435872}, ""gender=Male"": {""alpha"": 0.0, ""margin"": 0.7708584131514165, ""p_observed"": 0.8854292065757082, ""prior_probability"": 0.6190476190476191, ""score"": -0.4795730802618862}}"
39,Male,White,gender=Male,<=50K,"{""age"": ""38"", ""workclass"": ""Private"", ""fnlwgt"": ""150057"", ""education"": ""Masters"", ""educational-num"": ""14"", ""marital-status"": ""Married-civ-spouse"", ""occupation"": ""Craft-repair"", ""relationship"": ""Husband"", ""race"": ""White"", ""capital-gain"": ""0"", ""capital-loss"": ""0"", ""hours-per-week"": ""50"", ""native-country"": ""Poland""}",gender=Male,gender=Male,gender=Male,,gender=Female,gender=Female,gender=Male,0,<=50K | Husband | Married-civ-spouse | Masters | Private,2,2,"{""gender=Female"": "">50K"", ""gender=Male"": "">50K""}","{""gender=Female"": {""alpha"": 1.0, ""margin"": -0.06513034494999814, ""p_observed"": 0.467434827525001, ""prior_probability"": 0.1111111111111111, ""score"": 0.467434827525001}, ""gender=Male"": {""alpha"": 1.0, ""margin"": -0.23646773185317993, ""p_observed"": 0.38176613407341, ""prior_probability"": 0.8888888888888888, ""score"": 0.38176613407341}}","{""gender=Female"": {""alpha"": 1.0, ""margin"": -0.06513034494999814, ""p_observed"": 0.467434827525001, ""prior_probability"": 0.1111111111111111, ""score"": -0.06513034494999814}, ""gender=Male"": {""alpha"": 1.0, ""margin"": -0.23646773185317993, ""p_observed"": 0.38176613407341, ""prior_probability"": 0.8888888888888888, ""score"": -0.23646773185317993}}","{""gender=Female"": {""alpha"": 0.0, ""margin"": -0.06513034494999814, ""p_observed"": 0.467434827525001, ""prior_probability"": 0.1111111111111111, ""score"": -2.1972245773362196}, ""gender=Male"": {""alpha"": 0.0, ""margin"": -0.23646773185317993, ""p_observed"": 0.38176613407341, ""prior_probability"": 0.8888888888888888, ""score"": -0.11778303565638351}}"
40,Male,White,gender=Male,>50K,"{""age"": ""28"", ""workclass"": ""State-gov"", ""fnlwgt"": ""149624"", ""education"": ""Bachelors"", ""educational-num"": ""13"", ""marital-status"": ""Married-civ-spouse"", ""occupation"": ""Prof-specialty"", ""relationship"": ""Husband"", ""race"": ""White"", ""capital-gain"": ""0"", ""capital-loss"": ""0"", ""hours-per-week"": ""40"", ""native-country"": ""United-States""}",gender=Male,gender=Male,gender=Male,,gender=Male,gender=Male,gender=Male,0,>50K | Husband | Married-civ-spouse | Bachelors | State-gov,2,2,"{""gender=Female"": ""<=50K"", ""gender=Male"": "">50K""}","{""gender=Female"": {""alpha"": 1.0, ""margin"": -0.01952529962995264, ""p_observed"": 0.4902373501850237, ""prior_probability"": 0.0029069767441860465, ""score"": 0.4902373501850237}, ""gender=Male"": {""alpha"": 1.0, ""margin"": 0.06491723173394026, ""p_observed"": 0.5324586158669702, ""prior_probability"": 0.997093023255814, ""score"": 0.5324586158669702}}","{""gender=Female"": {""alpha"": 1.0, ""margin"": -0.01952529962995264, ""p_observed"": 0.4902373501850237, ""prior_probability"": 0.0029069767441860465, ""score"": -0.01952529962995264}, ""gender=Male"": {""alpha"": 1.0, ""margin"": 0.06491723173394026, ""p_observed"": 0.5324586158669702, ""prior_probability"": 0.997093023255814, ""score"": 0.06491723173394026}}","{""gender=Female"": {""alpha"": 0.0, ""margin"": -0.01952529962995264, ""p_observed"": 0.4902373501850237, ""prior_probability"": 0.0029069767441860465, ""score"": -5.840641657373398}, ""gender=Male"": {""alpha"": 0.0, ""margin"": 0.06491723173394026, ""p_observed"": 0.5324586158669702, ""prior_probability"": 0.997093023255814, ""score"": -0.0029112102074584415}}"
41,Male,White,gender=Male,<=50K,"{""age"": ""45"", ""workclass"": ""Private"", ""fnlwgt"": ""107231"", ""education"": ""Assoc-acdm"", ""educational-num"": ""12"", ""marital-status"": ""Married-civ-spouse"", ""occupation"": ""Craft-repair"", ""relationship"": ""Husband"", ""race"": ""White"", ""capital-gain"": ""0"", ""capital-loss"": ""0"", ""hours-per-week"": ""45"", ""native-country"": ""United-States""}",gender=Male,gender=Male,gender=Male,,gender=Female,gender=Female,gender=Male,0,<=50K | Husband | Married-civ-spouse | Assoc-acdm | Private,2,2,"{""gender=Female"": ""<=50K"", ""gender=Male"": ""<=50K""}","{""gender=Female"": {""alpha"": 1.0, ""margin"": 0.21864177366898913, ""p_observed"": 0.6093208868344944, ""prior_probability"": 0.03333333333333333, ""score"": 0.6093208868344944}, ""gender=Male"": {""alpha"": 1.0, ""margin"": 0.12225107765490811, ""p_observed"": 0.5611255388274541, ""prior_probability"": 0.9666666666666667, ""score"": 0.5611255388274541}}","{""gender=Female"": {""alpha"": 1.0, ""margin"": 0.21864177366898913, ""p_observed"": 0.6093208868344944, ""prior_probability"": 0.03333333333333333, ""score"": 0.21864177366898913}, ""gender=Male"": {""alpha"": 1.0, ""margin"": 0.12225107765490811, ""p_observed"": 0.5611255388274541, ""prior_probability"": 0.9666666666666667, ""score"": 0.12225107765490811}}","{""gender=Female"": {""alpha"": 0.0, ""margin"": 0.21864177366898913, ""p_observed"": 0.6093208868344944, ""prior_probability"": 0.03333333333333333, ""score"": -3.4011973816621555}, ""gender=Male"": {""alpha"": 0.0, ""margin"": 0.12225107765490811, ""p_observed"": 0.5611255388274541, ""prior_probability"": 0.9666666666666667, ""score"": -0.03390155167568134}}"
42,Male,White,gender=Male,>50K,"{""age"": ""42"", ""workclass"": ""Private"", ""fnlwgt"": ""32878"", ""education"": ""Bachelors"", ""educational-num"": ""13"", ""marital-status"": ""Married-civ-spouse"", ""occupation"": ""Prof-specialty"", ""relationship"": ""Husband"", ""race"": ""White"", ""capital-gain"": ""99999"", ""capital-loss"": ""0"", ""hours-per-week"": ""42"", ""native-country"": ""United-States""}",gender=Male,gender=Male,gender=Male,gender=Male,gender=Male,gender=Male,gender=Male,1,>50K | Husband | Married-civ-spouse | Bachelors | Private,2,2,"{""gender=Female"": "">50K"", ""gender=Male"": "">50K""}","{""gender=Female"": {""alpha"": 1.0, ""margin"": 0.665465530339945, ""p_observed"": 0.8327327651699725, ""prior_probability"": 0.0029069767441860465, ""score"": 0.8327327651699725}, ""gender=Male"": {""alpha"": 1.0, ""margin"": 0.7923647885885766, ""p_observed"": 0.8961823942942881, ""prior_probability"": 0.997093023255814, ""score"": 0.8961823942942881}}","{""gender=Female"": {""alpha"": 1.0, ""margin"": 0.665465530339945, ""p_observed"": 0.8327327651699725, ""prior_probability"": 0.0029069767441860465, ""score"": 0.665465530339945}, ""gender=Male"": {""alpha"": 1.0, ""margin"": 0.7923647885885766, ""p_observed"": 0.8961823942942881, ""prior_probability"": 0.997093023255814, ""score"": 0.7923647885885766}}","{""gender=Female"": {""alpha"": 0.0, ""margin"": 0.665465530339945, ""p_observed"": 0.8327327651699725, ""prior_probability"": 0.0029069767441860465, ""score"": -5.840641657373398}, ""gender=Male"": {""alpha"": 0.0, ""margin"": 0.7923647885885766, ""p_observed"": 0.8961823942942881, ""prior_probability"": 0.997093023255814, ""score"": -0.0029112102074584415}}"
43,Male,White,gender=Male,<=50K,"{""age"": ""29"", ""workclass"": ""Self-emp-not-inc"", ""fnlwgt"": ""109001"", ""education"": ""Some-college"", ""educational-num"": ""10"", ""marital-status"": ""Married-civ-spouse"", ""occupation"": ""Craft-repair"", ""relationship"": ""Husband"", ""race"": ""White"", ""capital-gain"": ""0"", ""capital-loss"": ""0"", ""hours-per-week"": ""35"", ""native-country"": ""United-States""}",gender=Male,gender=Male,gender=Male,,gender=Female,gender=Female,gender=Male,0,<=50K | Husband | Married-civ-spouse | Some-college | Self-emp-not-inc,2,2,"{""gender=Female"": ""<=50K"", ""gender=Male"": ""<=50K""}","{""gender=Female"": {""alpha"": 1.0, ""margin"": 0.5546143819166113, ""p_observed"": 0.7773071909583058, ""prior_probability"": 0.0037735849056603774, ""score"": 0.7773071909583058}, ""gender=Male"": {""alpha"": 1.0, ""margin"": 0.5232823639797766, ""p_observed"": 0.7616411819898884, ""prior_probability"": 0.9962264150943396, ""score"": 0.7616411819898884}}","{""gender=Female"": {""alpha"": 1.0, ""margin"": 0.5546143819166113, ""p_observed"": 0.7773071909583058, ""prior_probability"": 0.0037735849056603774, ""score"": 0.5546143819166113}, ""gender=Male"": {""alpha"": 1.0, ""margin"": 0.5232823639797766, ""p_observed"": 0.7616411819898884, ""prior_probability"": 0.9962264150943396, ""score"": 0.5232823639797766}}","{""gender=Female"": {""alpha"": 0.0, ""margin"": 0.5546143819166113, ""p_observed"": 0.7773071909583058, ""prior_probability"": 0.0037735849056603774, ""score"": -5.579729825986222}, ""gender=Male"": {""alpha"": 0.0, ""margin"": 0.5232823639797766, ""p_observed"": 0.7616411819898884, ""prior_probability"": 0.9962264150943396, ""score"": -0.0037807228399060443}}"
44,Female,Black,gender=Female,<=50K,"{""age"": ""27"", ""workclass"": ""Private"", ""fnlwgt"": ""493689"", ""education"": ""Bachelors"", ""educational-num"": ""13"", ""marital-status"": ""Never-married"", ""occupation"": ""Tech-support"", ""relationship"": ""Not-in-family"", ""race"": ""Black"", ""capital-gain"": ""0"", ""capital-loss"": ""0"", ""hours-per-week"": ""40"", ""native-country"": ""France""}",gender=Male,gender=Male,gender=Male,,gender=Female,gender=Female,gender=Male,0,<=50K | Not-in-family | Never-married | Bachelors | Private,2,2,"{""gender=Female"": ""<=50K"", ""gender=Male"": ""<=50K""}","{""gender=Female"": {""alpha"": 1.0, ""margin"": 0.9100174988862922, ""p_observed"": 0.9550087494431463, ""prior_probability"": 0.43548387096774194, ""score"": 0.9550087494431463}, ""gender=Male"": {""alpha"": 1.0, ""margin"": 0.869231198197254, ""p_observed"": 0.934615599098627, ""prior_probability"": 0.5645161290322581, ""score"": 0.934615599098627}}","{""gender=Female"": {""alpha"": 1.0, ""margin"": 0.9100174988862922, ""p_observed"": 0.9550087494431463, ""prior_probability"": 0.43548387096774194, ""score"": 0.9100174988862922}, ""gender=Male"": {""alpha"": 1.0, ""margin"": 0.869231198197254, ""p_observed"": 0.934615599098627, ""prior_probability"": 0.5645161290322581, ""score"": 0.869231198197254}}","{""gender=Female"": {""alpha"": 0.0, ""margin"": 0.9100174988862922, ""p_observed"": 0.9550087494431463, ""prior_probability"": 0.43548387096774194, ""score"": -0.8312975190407624}, ""gender=Male"": {""alpha"": 0.0, ""margin"": 0.869231198197254, ""p_observed"": 0.934615599098627, ""prior_probability"": 0.5645161290322581, ""score"": -0.5717863235556778}}"
45,Male,Black,gender=Male,<=50K,"{""age"": ""21"", ""workclass"": ""Private"", ""fnlwgt"": ""315303"", ""education"": ""Some-college"", ""educational-num"": ""10"", ""marital-status"": ""Never-married"", ""occupation"": ""Other-service"", ""relationship"": ""Own-child"", ""race"": ""Black"", ""capital-gain"": ""0"", ""capital-loss"": ""0"", ""hours-per-week"": ""20"", ""native-country"": ""United-States""}",gender=Male,gender=Female,gender=Female,gender=Female,gender=Male,gender=Male,gender=Female,1,<=50K | Own-child | Never-married | Some-college | Private,2,2,"{""gender=Female"": ""<=50K"", ""gender=Male"": ""<=50K""}","{""gender=Female"": {""alpha"": 1.0, ""margin"": 0.9924538627765653, ""p_observed"": 0.9962269313882827, ""prior_probability"": 0.562753036437247, ""score"": 0.9962269313882827}, ""gender=Male"": {""alpha"": 1.0, ""margin"": 0.9932441960994848, ""p_observed"": 0.9966220980497423, ""prior_probability"": 0.43724696356275305, ""score"": 0.9966220980497423}}","{""gender=Female"": {""alpha"": 1.0, ""margin"": 0.9924538627765653, ""p_observed"": 0.9962269313882827, ""prior_probability"": 0.562753036437247, ""score"": 0.9924538627765653}, ""gender=Male"": {""alpha"": 1.0, ""margin"": 0.9932441960994848, ""p_observed"": 0.9966220980497423, ""prior_probability"": 0.43724696356275305, ""score"": 0.9932441960994848}}","{""gender=Female"": {""alpha"": 0.0, ""margin"": 0.9924538627765653, ""p_observed"": 0.9962269313882827, ""prior_probability"": 0.562753036437247, ""score"": -0.5749144034972855}, ""gender=Male"": {""alpha"": 0.0, ""margin"": 0.9932441960994848, ""p_observed"": 0.9966220980497423, ""prior_probability"": 0.43724696356275305, ""score"": -0.8272571095037574}}"
46,Male,Black,gender=Male,<=50K,"{""age"": ""28"", ""workclass"": ""Private"", ""fnlwgt"": ""138976"", ""education"": ""HS-grad"", ""educational-num"": ""9"", ""marital-status"": ""Never-married"", ""occupation"": ""Craft-repair"", ""relationship"": ""Not-in-family"", ""race"": ""Black"", ""capital-gain"": ""0"", ""capital-loss"": ""0"", ""hours-per-week"": ""48"", ""native-country"": ""United-States""}",gender=Male,gender=Male,gender=Male,gender=Male,gender=Female,gender=Female,gender=Male,1,<=50K | Not-in-family | Never-married | HS-grad | Private,2,2,"{""gender=Female"": ""<=50K"", ""gender=Male"": ""<=50K""}","{""gender=Female"": {""alpha"": 1.0, ""margin"": 0.9581184827873758, ""p_observed"": 0.9790592413936879, ""prior_probability"": 0.047619047619047616, ""score"": 0.9790592413936879}, ""gender=Male"": {""alpha"": 1.0, ""margin"": 0.9494227035595977, ""p_observed"": 0.9747113517797988, ""prior_probability"": 0.9523809523809523, ""score"": 0.9747113517797988}}","{""gender=Female"": {""alpha"": 1.0, ""margin"": 0.9581184827873758, ""p_observed"": 0.9790592413936879, ""prior_probability"": 0.047619047619047616, ""score"": 0.9581184827873758}, ""gender=Male"": {""alpha"": 1.0, ""margin"": 0.9494227035595977, ""p_observed"": 0.9747113517797988, ""prior_probability"": 0.9523809523809523, ""score"": 0.9494227035595977}}","{""gender=Female"": {""alpha"": 0.0, ""margin"": 0.9581184827873758, ""p_observed"": 0.9790592413936879, ""prior_probability"": 0.047619047619047616, ""score"": -3.044522437723423}, ""gender=Male"": {""alpha"": 0.0, ""margin"": 0.9494227035595977, ""p_observed"": 0.9747113517797988, ""prior_probability"": 0.9523809523809523, ""score"": -0.048790164169432056}}"
47,Female,White,gender=Female,<=50K,"{""age"": ""40"", ""workclass"": ""Self-emp-not-inc"", ""fnlwgt"": ""204116"", ""education"": ""Bachelors"", ""educational-num"": ""13"", ""marital-status"": ""Married-spouse-absent"", ""occupation"": ""Prof-specialty"", ""relationship"": ""Not-in-family"", ""race"": ""White"", ""capital-gain"": ""2174"", ""capital-loss"": ""0"", ""hours-per-week"": ""40"", ""native-country"": ""United-States""}",gender=Male,gender=Male,gender=Male,,gender=Female,gender=Female,gender=Male,0,<=50K | Not-in-family | Married-spouse-absent | Bachelors | Self-emp-not-inc,2,2,"{""gender=Female"": ""<=50K"", ""gender=Male"": ""<=50K""}","{""gender=Female"": {""alpha"": 1.0, ""margin"": 0.6153048189309478, ""p_observed"": 0.807652409465474, ""prior_probability"": 0.4, ""score"": 0.807652409465474}, ""gender=Male"": {""alpha"": 1.0, ""margin"": 0.4999223999668691, ""p_observed"": 0.7499611999834345, ""prior_probability"": 0.6, ""score"": 0.7499611999834345}}","{""gender=Female"": {""alpha"": 1.0, ""margin"": 0.6153048189309478, ""p_observed"": 0.807652409465474, ""prior_probability"": 0.4, ""score"": 0.6153048189309478}, ""gender=Male"": {""alpha"": 1.0, ""margin"": 0.4999223999668691, ""p_observed"": 0.7499611999834345, ""prior_probability"": 0.6, ""score"": 0.4999223999668691}}","{""gender=Female"": {""alpha"": 0.0, ""margin"": 0.6153048189309478, ""p_observed"": 0.807652409465474, ""prior_probability"": 0.4, ""score"": -0.916290731874155}, ""gender=Male"": {""alpha"": 0.0, ""margin"": 0.4999223999668691, ""p_observed"": 0.7499611999834345, ""prior_probability"": 0.6, ""score"": -0.5108256237659907}}"
48,Female,White,gender=Female,<=50K,"{""age"": ""22"", ""workclass"": ""Private"", ""fnlwgt"": ""214716"", ""education"": ""HS-grad"", ""educational-num"": ""9"", ""marital-status"": ""Never-married"", ""occupation"": ""Other-service"", ""relationship"": ""Own-child"", ""race"": ""White"", ""capital-gain"": ""0"", ""capital-loss"": ""0"", ""hours-per-week"": ""40"", ""native-country"": ""United-States""}",gender=Male,gender=Male,gender=Male,gender=Male,gender=Female,gender=Female,gender=Male,1,<=50K | Own-child | Never-married | HS-grad | Private,2,2,"{""gender=Female"": ""<=50K"", ""gender=Male"": ""<=50K""}","{""gender=Female"": {""alpha"": 1.0, ""margin"": 0.9912421751178966, ""p_observed"": 0.9956210875589482, ""prior_probability"": 0.4854368932038835, ""score"": 0.9956210875589482}, ""gender=Male"": {""alpha"": 1.0, ""margin"": 0.9906181345254419, ""p_observed"": 0.9953090672627207, ""prior_probability"": 0.5145631067961165, ""score"": 0.9953090672627207}}","{""gender=Female"": {""alpha"": 1.0, ""margin"": 0.9912421751178966, ""p_observed"": 0.9956210875589482, ""prior_probability"": 0.4854368932038835, ""score"": 0.9912421751178966}, ""gender=Male"": {""alpha"": 1.0, ""margin"": 0.9906181345254419, ""p_observed"": 0.9953090672627207, ""prior_probability"": 0.5145631067961165, ""score"": 0.9906181345254419}}","{""gender=Female"": {""alpha"": 0.0, ""margin"": 0.9912421751178966, ""p_observed"": 0.9956210875589482, ""prior_probability"": 0.4854368932038835, ""score"": -0.7227059828014897}, ""gender=Male"": {""alpha"": 0.0, ""margin"": 0.9906181345254419, ""p_observed"": 0.9953090672627207, ""prior_probability"": 0.5145631067961165, ""score"": -0.6644370746775139}}"
49,Male,Asian-Pac-Islander,gender=Male,<=50K,"{""age"": ""22"", ""workclass"": ""Local-gov"", ""fnlwgt"": ""326283"", ""education"": ""Some-college"", ""educational-num"": ""10"", ""marital-status"": ""Never-married"", ""occupation"": ""Exec-managerial"", ""relationship"": ""Own-child"", ""race"": ""Asian-Pac-Islander"", ""capital-gain"": ""0"", ""capital-loss"": ""0"", ""hours-per-week"": ""20"", ""native-country"": ""United-States""}",gender=Male,gender=Male,gender=Male,,gender=Female,gender=Female,gender=Male,0,<=50K | Own-child | Never-married | Some-college | Local-gov,2,2,"{""gender=Female"": ""<=50K"", ""gender=Male"": ""<=50K""}","{""gender=Female"": {""alpha"": 1.0, ""margin"": 0.9825017489609266, ""p_observed"": 0.9912508744804633, ""prior_probability"": 0.4, ""score"": 0.9912508744804633}, ""gender=Male"": {""alpha"": 1.0, ""margin"": 0.967687526820386, ""p_observed"": 0.9838437634101929, ""prior_probability"": 0.6, ""score"": 0.9838437634101929}}","{""gender=Female"": {""alpha"": 1.0, ""margin"": 0.9825017489609266, ""p_observed"": 0.9912508744804633, ""prior_probability"": 0.4, ""score"": 0.9825017489609266}, ""gender=Male"": {""alpha"": 1.0, ""margin"": 0.967687526820386, ""p_observed"": 0.9838437634101929, ""prior_probability"": 0.6, ""score"": 0.967687526820386}}","{""gender=Female"": {""alpha"": 0.0, ""margin"": 0.9825017489609266, ""p_observed"": 0.9912508744804633, ""prior_probability"": 0.4, ""score"": -0.916290731874155}, ""gender=Male"": {""alpha"": 0.0, ""margin"": 0.967687526820386, ""p_observed"": 0.9838437634101929, ""prior_probability"": 0.6, ""score"": -0.5108256237659907}}"
50,Male,White,gender=Male,<=50K,"{""age"": ""41"", ""workclass"": ""Private"", ""fnlwgt"": ""193995"", ""education"": ""HS-grad"", ""educational-num"": ""9"", ""marital-status"": ""Never-married"", ""occupation"": ""Craft-repair"", ""relationship"": ""Not-in-family"", ""race"": ""White"", ""capital-gain"": ""0"", ""capital-loss"": ""0"", ""hours-per-week"": ""44"", ""native-country"": ""United-States""}",gender=Male,gender=Male,gender=Male,gender=Male,gender=Female,gender=Female,gender=Male,1,<=50K | Not-in-family | Never-married | HS-grad | Private,2,2,"{""gender=Female"": ""<=50K"", ""gender=Male"": ""<=50K""}","{""gender=Female"": {""alpha"": 1.0, ""margin"": 0.9226425842540601, ""p_observed"": 0.96132129212703, ""prior_probability"": 0.047619047619047616, ""score"": 0.96132129212703}, ""gender=Male"": {""alpha"": 1.0, ""margin"": 0.9030494989106608, ""p_observed"": 0.9515247494553302, ""prior_probability"": 0.9523809523809523, ""score"": 0.9515247494553302}}","{""gender=Female"": {""alpha"": 1.0, ""margin"": 0.9226425842540601, ""p_observed"": 0.96132129212703, ""prior_probability"": 0.047619047619047616, ""score"": 0.9226425842540601}, ""gender=Male"": {""alpha"": 1.0, ""margin"": 0.9030494989106608, ""p_observed"": 0.9515247494553302, ""prior_probability"": 0.9523809523809523, ""score"": 0.9030494989106608}}","{""gender=Female"": {""alpha"": 0.0, ""margin"": 0.9226425842540601, ""p_observed"": 0.96132129212703, ""prior_probability"": 0.047619047619047616, ""score"": -3.044522437723423}, ""gender=Male"": {""alpha"": 0.0, ""margin"": 0.9030494989106608, ""p_observed"": 0.9515247494553302, ""prior_probability"": 0.9523809523809523, ""score"": -0.048790164169432056}}"
51,Female,White,gender=Female,<=50K,"{""age"": ""18"", ""workclass"": ""Private"", ""fnlwgt"": ""632271"", ""education"": ""Some-college"", ""educational-num"": ""10"", ""marital-status"": ""Married-spouse-absent"", ""occupation"": ""Adm-clerical"", ""relationship"": ""Other-relative"", ""race"": ""White"", ""capital-gain"": ""0"", ""capital-loss"": ""0"", ""hours-per-week"": ""40"", ""native-country"": ""Peru""}",gender=Male,gender=Male,gender=Male,,gender=Female,gender=Female,gender=Male,0,<=50K | Other-relative | Married-spouse-absent | Some-college | Private,2,2,"{""gender=Female"": ""<=50K"", ""gender=Male"": ""<=50K""}","{""gender=Female"": {""alpha"": 1.0, ""margin"": 0.900772486981439, ""p_observed"": 0.9503862434907194, ""prior_probability"": 0.4074074074074074, ""score"": 0.9503862434907194}, ""gender=Male"": {""alpha"": 1.0, ""margin"": 0.8847814231483447, ""p_observed"": 0.9423907115741723, ""prior_probability"": 0.5925925925925926, ""score"": 0.9423907115741723}}","{""gender=Female"": {""alpha"": 1.0, ""margin"": 0.900772486981439, ""p_observed"": 0.9503862434907194, ""prior_probability"": 0.4074074074074074, ""score"": 0.900772486981439}, ""gender=Male"": {""alpha"": 1.0, ""margin"": 0.8847814231483447, ""p_observed"": 0.9423907115741723, ""prior_probability"": 0.5925925925925926, ""score"": 0.8847814231483447}}","{""gender=Female"": {""alpha"": 0.0, ""margin"": 0.900772486981439, ""p_observed"": 0.9503862434907194, ""prior_probability"": 0.4074074074074074, ""score"": -0.8979415932059586}, ""gender=Male"": {""alpha"": 0.0, ""margin"": 0.8847814231483447, ""p_observed"": 0.9423907115741723, ""prior_probability"": 0.5925925925925926, ""score"": -0.5232481437645479}}"
52,Male,White,gender=Male,<=50K,"{""age"": ""36"", ""workclass"": ""Private"", ""fnlwgt"": ""215373"", ""education"": ""Bachelors"", ""educational-num"": ""13"", ""marital-status"": ""Never-married"", ""occupation"": ""Exec-managerial"", ""relationship"": ""Not-in-family"", ""race"": ""White"", ""capital-gain"": ""0"", ""capital-loss"": ""0"", ""hours-per-week"": ""70"", ""native-country"": ""United-States""}",gender=Male,gender=Female,gender=Female,,gender=Female,gender=Female,gender=Female,0,<=50K | Not-in-family | Never-married | Bachelors | Private,2,2,"{""gender=Female"": ""<=50K"", ""gender=Male"": ""<=50K""}","{""gender=Female"": {""alpha"": 1.0, ""margin"": 0.4954514642317854, ""p_observed"": 0.7477257321158927, ""prior_probability"": 0.5403726708074534, ""score"": 0.7477257321158927}, ""gender=Male"": {""alpha"": 1.0, ""margin"": 0.390071056692066, ""p_observed"": 0.6950355283460329, ""prior_probability"": 0.45962732919254656, ""score"": 0.6950355283460329}}","{""gender=Female"": {""alpha"": 1.0, ""margin"": 0.4954514642317854, ""p_observed"": 0.7477257321158927, ""prior_probability"": 0.5403726708074534, ""score"": 0.4954514642317854}, ""gender=Male"": {""alpha"": 1.0, ""margin"": 0.390071056692066, ""p_observed"": 0.6950355283460329, ""prior_probability"": 0.45962732919254656, ""score"": 0.390071056692066}}","{""gender=Female"": {""alpha"": 0.0, ""margin"": 0.4954514642317854, ""p_observed"": 0.7477257321158927, ""prior_probability"": 0.5403726708074534, ""score"": -0.6154962463298792}, ""gender=Male"": {""alpha"": 0.0, ""margin"": 0.390071056692066, ""p_observed"": 0.6950355283460329, ""prior_probability"": 0.45962732919254656, ""score"": -0.7773392717802933}}"
53,Male,Black,gender=Male,<=50K,"{""age"": ""27"", ""workclass"": ""Private"", ""fnlwgt"": ""617860"", ""education"": ""Some-college"", ""educational-num"": ""10"", ""marital-status"": ""Never-married"", ""occupation"": ""Handlers-cleaners"", ""relationship"": ""Own-child"", ""race"": ""Black"", ""capital-gain"": ""0"", ""capital-loss"": ""0"", ""hours-per-week"": ""40"", ""native-country"": ""United-States""}",gender=Male,gender=Male,gender=Male,gender=Male,gender=Female,gender=Female,gender=Male,1,<=50K | Own-child | Never-married | Some-college | Private,2,2,"{""gender=Female"": ""<=50K"", ""gender=Male"": ""<=50K""}","{""gender=Female"": {""alpha"": 1.0, ""margin"": 0.9723803622932085, ""p_observed"": 0.9861901811466043, ""prior_probability"": 0.1111111111111111, ""score"": 0.9861901811466043}, ""gender=Male"": {""alpha"": 1.0, ""margin"": 0.9709151777920317, ""p_observed"": 0.9854575888960158, ""prior_probability"": 0.8888888888888888, ""score"": 0.9854575888960158}}","{""gender=Female"": {""alpha"": 1.0, ""margin"": 0.9723803622932085, ""p_observed"": 0.9861901811466043, ""prior_probability"": 0.1111111111111111, ""score"": 0.9723803622932085}, ""gender=Male"": {""alpha"": 1.0, ""margin"": 0.9709151777920317, ""p_observed"": 0.9854575888960158, ""prior_probability"": 0.8888888888888888, ""score"": 0.9709151777920317}}","{""gender=Female"": {""alpha"": 0.0, ""margin"": 0.9723803622932085, ""p_observed"": 0.9861901811466043, ""prior_probability"": 0.1111111111111111, ""score"": -2.1972245773362196}, ""gender=Male"": {""alpha"": 0.0, ""margin"": 0.9709151777920317, ""p_observed"": 0.9854575888960158, ""prior_probability"": 0.8888888888888888, ""score"": -0.11778303565638351}}"
54,Male,White,gender=Male,>50K,"{""age"": ""50"", ""workclass"": ""Federal-gov"", ""fnlwgt"": ""169078"", ""education"": ""HS-grad"", ""educational-num"": ""9"", ""marital-status"": ""Married-civ-spouse"", ""occupation"": ""Exec-managerial"", ""relationship"": ""Husband"", ""race"": ""White"", ""capital-gain"": ""4386"", ""capital-loss"": ""0"", ""hours-per-week"": ""40"", ""native-country"": ""United-States""}",gender=Male,gender=Male,gender=Male,,gender=Male,gender=Male,gender=Male,0,>50K | Husband | Married-civ-spouse | HS-grad | Federal-gov,2,2,"{""gender=Female"": ""<=50K"", ""gender=Male"": ""<=50K""}","{""gender=Female"": {""alpha"": 1.0, ""margin"": -0.24710840708950055, ""p_observed"": 0.37644579645524956, ""prior_probability"": 0.0049504950495049506, ""score"": 0.37644579645524956}, ""gender=Male"": {""alpha"": 1.0, ""margin"": -0.09798533772602724, ""p_observed"": 0.45100733113698643, ""prior_probability"": 0.995049504950495, ""score"": 0.45100733113698643}}","{""gender=Female"": {""alpha"": 1.0, ""margin"": -0.24710840708950055, ""p_observed"": 0.37644579645524956, ""prior_probability"": 0.0049504950495049506, ""score"": -0.24710840708950055}, ""gender=Male"": {""alpha"": 1.0, ""margin"": -0.09798533772602724, ""p_observed"": 0.45100733113698643, ""prior_probability"": 0.995049504950495, ""score"": -0.09798533772602724}}","{""gender=Female"": {""alpha"": 0.0, ""margin"": -0.24710840708950055, ""p_observed"": 0.37644579645524956, ""prior_probability"": 0.0049504950495049506, ""score"": -5.308267697401205}, ""gender=Male"": {""alpha"": 0.0, ""margin"": -0.09798533772602724, ""p_observed"": 0.45100733113698643, ""prior_probability"": 0.995049504950495, ""score"": -0.004962789342129014}}"
55,Male,Black,gender=Male,<=50K,"{""age"": ""30"", ""workclass"": ""Local-gov"", ""fnlwgt"": ""154935"", ""education"": ""Assoc-acdm"", ""educational-num"": ""12"", ""marital-status"": ""Never-married"", ""occupation"": ""Protective-serv"", ""relationship"": ""Not-in-family"", ""race"": ""Black"", ""capital-gain"": ""0"", ""capital-loss"": ""0"", ""hours-per-week"": ""40"", ""native-country"": ""United-States""}",gender=Male,gender=Male,gender=Male,,gender=Female,gender=Female,gender=Male,0,<=50K | Not-in-family | Never-married | Assoc-acdm | Local-gov,2,2,"{""gender=Female"": ""<=50K"", ""gender=Male"": ""<=50K""}","{""gender=Female"": {""alpha"": 1.0, ""margin"": 0.8757489935408765, ""p_observed"": 0.9378744967704382, ""prior_probability"": 0.2, ""score"": 0.9378744967704382}, ""gender=Male"": {""alpha"": 1.0, ""margin"": 0.8606331131546331, ""p_observed"": 0.9303165565773164, ""prior_probability"": 0.8, ""score"": 0.9303165565773164}}","{""gender=Female"": {""alpha"": 1.0, ""margin"": 0.8757489935408765, ""p_observed"": 0.9378744967704382, ""prior_probability"": 0.2, ""score"": 0.8757489935408765}, ""gender=Male"": {""alpha"": 1.0, ""margin"": 0.8606331131546331, ""p_observed"": 0.9303165565773164, ""prior_probability"": 0.8, ""score"": 0.8606331131546331}}","{""gender=Female"": {""alpha"": 0.0, ""margin"": 0.8757489935408765, ""p_observed"": 0.9378744967704382, ""prior_probability"": 0.2, ""score"": -1.6094379124341003}, ""gender=Male"": {""alpha"": 0.0, ""margin"": 0.8606331131546331, ""p_observed"": 0.9303165565773164, ""prior_probability"": 0.8, ""score"": -0.2231435513142097}}"
56,Male,White,gender=Male,<=50K,"{""age"": ""31"", ""workclass"": ""Private"", ""fnlwgt"": ""223046"", ""education"": ""HS-grad"", ""educational-num"": ""9"", ""marital-status"": ""Married-civ-spouse"", ""occupation"": ""Transport-moving"", ""relationship"": ""Husband"", ""race"": ""White"", ""capital-gain"": ""0"", ""capital-loss"": ""0"", ""hours-per-week"": ""60"", ""native-country"": ""United-States""}",gender=Male,gender=Male,gender=Male,,gender=Female,gender=Female,gender=Male,0,<=50K | Husband | Married-civ-spouse | HS-grad | Private,2,2,"{""gender=Female"": ""<=50K"", ""gender=Male"": ""<=50K""}","{""gender=Female"": {""alpha"": 1.0, ""margin"": 0.48676636565806514, ""p_observed"": 0.7433831828290325, ""prior_probability"": 0.003125, ""score"": 0.7433831828290325}, ""gender=Male"": {""alpha"": 1.0, ""margin"": 0.4028278674399142, ""p_observed"": 0.701413933719957, ""prior_probability"": 0.996875, ""score"": 0.701413933719957}}","{""gender=Female"": {""alpha"": 1.0, ""margin"": 0.48676636565806514, ""p_observed"": 0.7433831828290325, ""prior_probability"": 0.003125, ""score"": 0.48676636565806514}, ""gender=Male"": {""alpha"": 1.0, ""margin"": 0.4028278674399142, ""p_observed"": 0.701413933719957, ""prior_probability"": 0.996875, ""score"": 0.4028278674399142}}","{""gender=Female"": {""alpha"": 0.0, ""margin"": 0.48676636565806514, ""p_observed"": 0.7433831828290325, ""prior_probability"": 0.003125, ""score"": -5.768320995793772}, ""gender=Male"": {""alpha"": 0.0, ""margin"": 0.4028278674399142, ""p_observed"": 0.701413933719957, ""prior_probability"": 0.996875, ""score"": -0.0031298930089277044}}"
57,Male,White,gender=Male,<=50K,"{""age"": ""41"", ""workclass"": ""Private"", ""fnlwgt"": ""309932"", ""education"": ""11th"", ""educational-num"": ""7"", ""marital-status"": ""Married-civ-spouse"", ""occupation"": ""Craft-repair"", ""relationship"": ""Husband"", ""race"": ""White"", ""capital-gain"": ""0"", ""capital-loss"": ""0"", ""hours-per-week"": ""40"", ""native-country"": ""United-States""}",gender=Male,gender=Male,gender=Male,,gender=Female,gender=Female,gender=Male,0,<=50K | Husband | Married-civ-spouse | 11th | Private,2,2,"{""gender=Female"": ""<=50K"", ""gender=Male"": ""<=50K""}","{""gender=Female"": {""alpha"": 1.0, ""margin"": 0.6137159282589075, ""p_observed"": 0.8068579641294538, ""prior_probability"": 0.011764705882352941, ""score"": 0.8068579641294538}, ""gender=Male"": {""alpha"": 1.0, ""margin"": 0.5973367652750677, ""p_observed"": 0.7986683826375338, ""prior_probability"": 0.9882352941176471, ""score"": 0.7986683826375338}}","{""gender=Female"": {""alpha"": 1.0, ""margin"": 0.6137159282589075, ""p_observed"": 0.8068579641294538, ""prior_probability"": 0.011764705882352941, ""score"": 0.6137159282589075}, ""gender=Male"": {""alpha"": 1.0, ""margin"": 0.5973367652750677, ""p_observed"": 0.7986683826375338, ""prior_probability"": 0.9882352941176471, ""score"": 0.5973367652750677}}","{""gender=Female"": {""alpha"": 0.0, ""margin"": 0.6137159282589075, ""p_observed"": 0.8068579641294538, ""prior_probability"": 0.011764705882352941, ""score"": -4.442651256490317}, ""gender=Male"": {""alpha"": 0.0, ""margin"": 0.5973367652750677, ""p_observed"": 0.7986683826375338, ""prior_probability"": 0.9882352941176471, ""score"": -0.011834457647002796}}"
58,Female,White,gender=Female,<=50K,"{""age"": ""49"", ""workclass"": ""Private"", ""fnlwgt"": ""94638"", ""education"": ""HS-grad"", ""educational-num"": ""9"", ""marital-status"": ""Separated"", ""occupation"": ""Adm-clerical"", ""relationship"": ""Unmarried"", ""race"": ""White"", ""capital-gain"": ""0"", ""capital-loss"": ""0"", ""hours-per-week"": ""40"", ""native-country"": ""United-States""}",gender=Male,gender=Female,gender=Female,,gender=Female,gender=Female,gender=Female,0,<=50K | Unmarried | Separated | HS-grad | Private,2,2,"{""gender=Female"": ""<=50K"", ""gender=Male"": ""<=50K""}","{""gender=Female"": {""alpha"": 1.0, ""margin"": 0.9595181587919581, ""p_observed"": 0.979759079395979, ""prior_probability"": 0.9512195121951219, ""score"": 0.979759079395979}, ""gender=Male"": {""alpha"": 1.0, ""margin"": 0.9003880999722843, ""p_observed"": 0.9501940499861421, ""prior_probability"": 0.04878048780487805, ""score"": 0.9501940499861421}}","{""gender=Female"": {""alpha"": 1.0, ""margin"": 0.9595181587919581, ""p_observed"": 0.979759079395979, ""prior_probability"": 0.9512195121951219, ""score"": 0.9595181587919581}, ""gender=Male"": {""alpha"": 1.0, ""margin"": 0.9003880999722843, ""p_observed"": 0.9501940499861421, ""prior_probability"": 0.04878048780487805, ""score"": 0.9003880999722843}}","{""gender=Female"": {""alpha"": 0.0, ""margin"": 0.9595181587919581, ""p_observed"": 0.979759079395979, ""prior_probability"": 0.9512195121951219, ""score"": -0.05001042057466142}, ""gender=Male"": {""alpha"": 0.0, ""margin"": 0.9003880999722843, ""p_observed"": 0.9501940499861421, ""prior_probability"": 0.04878048780487805, ""score"": -3.0204248861443626}}"
59,Male,Black,gender=Male,>50K,"{""age"": ""46"", ""workclass"": ""State-gov"", ""fnlwgt"": ""164023"", ""education"": ""Some-college"", ""educational-num"": ""10"", ""marital-status"": ""Married-civ-spouse"", ""occupation"": ""Protective-serv"", ""relationship"": ""Husband"", ""race"": ""Black"", ""capital-gain"": ""0"", ""capital-loss"": ""0"", ""hours-per-week"": ""70"", ""native-country"": ""United-States""}",gender=Male,gender=Male,gender=Male,,gender=Male,gender=Male,gender=Male,0,>50K | Husband | Married-civ-spouse | Some-college | State-gov,2,2,"{""gender=Female"": ""<=50K"", ""gender=Male"": ""<=50K""}","{""gender=Female"": {""alpha"": 1.0, ""margin"": -0.24508564749222228, ""p_observed"": 0.37745717625388897, ""prior_probability"": 0.020833333333333332, ""score"": 0.37745717625388897}, ""gender=Male"": {""alpha"": 1.0, ""margin"": -0.11740650450478451, ""p_observed"": 0.44129674774760785, ""prior_probability"": 0.9791666666666666, ""score"": 0.44129674774760785}}","{""gender=Female"": {""alpha"": 1.0, ""margin"": -0.24508564749222228, ""p_observed"": 0.37745717625388897, ""prior_probability"": 0.020833333333333332, ""score"": -0.24508564749222228}, ""gender=Male"": {""alpha"": 1.0, ""margin"": -0.11740650450478451, ""p_observed"": 0.44129674774760785, ""prior_probability"": 0.9791666666666666, ""score"": -0.11740650450478451}}","{""gender=Female"": {""alpha"": 0.0, ""margin"": -0.24508564749222228, ""p_observed"": 0.37745717625388897, ""prior_probability"": 0.020833333333333332, ""score"": -3.871201010907891}, ""gender=Male"": {""alpha"": 0.0, ""margin"": -0.11740650450478451, ""p_observed"": 0.44129674774760785, ""prior_probability"": 0.9791666666666666, ""score"": -0.02105340919783238}}"
60,Male,White,gender=Male,<=50K,"{""age"": ""18"", ""workclass"": ""Private"", ""fnlwgt"": ""421350"", ""education"": ""11th"", ""educational-num"": ""7"", ""marital-status"": ""Never-married"", ""occupation"": ""Handlers-cleaners"", ""relationship"": ""Own-child"", ""race"": ""White"", ""capital-gain"": ""0"", ""capital-loss"": ""0"", ""hours-per-week"": ""20"", ""native-country"": ""United-States""}",gender=Male,gender=Male,gender=Male,,gender=Female,gender=Female,gender=Male,0,<=50K | Own-child | Never-married | 11th | Private,2,2,"{""gender=Female"": ""<=50K"", ""gender=Male"": ""<=50K""}","{""gender=Female"": {""alpha"": 1.0, ""margin"": 0.9952644297432641, ""p_observed"": 0.9976322148716321, ""prior_probability"": 0.08888888888888889, ""score"": 0.9976322148716321}, ""gender=Male"": {""alpha"": 1.0, ""margin"": 0.9940496333957358, ""p_observed"": 0.9970248166978679, ""prior_probability"": 0.9111111111111111, ""score"": 0.9970248166978679}}","{""gender=Female"": {""alpha"": 1.0, ""margin"": 0.9952644297432641, ""p_observed"": 0.9976322148716321, ""prior_probability"": 0.08888888888888889, ""score"": 0.9952644297432641}, ""gender=Male"": {""alpha"": 1.0, ""margin"": 0.9940496333957358, ""p_observed"": 0.9970248166978679, ""prior_probability"": 0.9111111111111111, ""score"": 0.9940496333957358}}","{""gender=Female"": {""alpha"": 0.0, ""margin"": 0.9952644297432641, ""p_observed"": 0.9976322148716321, ""prior_probability"": 0.08888888888888889, ""score"": -2.4203681286504293}, ""gender=Male"": {""alpha"": 0.0, ""margin"": 0.9940496333957358, ""p_observed"": 0.9970248166978679, ""prior_probability"": 0.9111111111111111, ""score"": -0.09309042306601198}}"
61,Male,Black,gender=Male,<=50K,"{""age"": ""18"", ""workclass"": ""Private"", ""fnlwgt"": ""244115"", ""education"": ""11th"", ""educational-num"": ""7"", ""marital-status"": ""Never-married"", ""occupation"": ""Other-service"", ""relationship"": ""Own-child"", ""race"": ""Black"", ""capital-gain"": ""0"", ""capital-loss"": ""0"", ""hours-per-week"": ""16"", ""native-country"": ""United-States""}",gender=Male,gender=Male,gender=Male,,gender=Female,gender=Female,gender=Male,0,<=50K | Own-child | Never-married | 11th | Private,2,2,"{""gender=Female"": ""<=50K"", ""gender=Male"": ""<=50K""}","{""gender=Female"": {""alpha"": 1.0, ""margin"": 0.9957446776229013, ""p_observed"": 0.9978723388114507, ""prior_probability"": 0.4519230769230769, ""score"": 0.9978723388114507}, ""gender=Male"": {""alpha"": 1.0, ""margin"": 0.994796087280247, ""p_observed"": 0.9973980436401234, ""prior_probability"": 0.5480769230769231, ""score"": 0.9973980436401234}}","{""gender=Female"": {""alpha"": 1.0, ""margin"": 0.9957446776229013, ""p_observed"": 0.9978723388114507, ""prior_probability"": 0.4519230769230769, ""score"": 0.9957446776229013}, ""gender=Male"": {""alpha"": 1.0, ""margin"": 0.994796087280247, ""p_observed"": 0.9973980436401234, ""prior_probability"": 0.5480769230769231, ""score"": 0.994796087280247}}","{""gender=Female"": {""alpha"": 0.0, ""margin"": 0.9957446776229013, ""p_observed"": 0.9978723388114507, ""prior_probability"": 0.4519230769230769, ""score"": -0.794243297431314}, ""gender=Male"": {""alpha"": 0.0, ""margin"": 0.994796087280247, ""p_observed"": 0.9973980436401234, ""prior_probability"": 0.5480769230769231, ""score"": -0.6013396313068224}}"
62,Female,Black,gender=Female,<=50K,"{""age"": ""48"", ""workclass"": ""Self-emp-not-inc"", ""fnlwgt"": ""116360"", ""education"": ""Assoc-voc"", ""educational-num"": ""11"", ""marital-status"": ""Divorced"", ""occupation"": ""Tech-support"", ""relationship"": ""Other-relative"", ""race"": ""Black"", ""capital-gain"": ""0"", ""capital-loss"": ""0"", ""hours-per-week"": ""10"", ""native-country"": ""United-States""}",gender=Male,gender=Female,gender=Female,,gender=Female,gender=Female,gender=Female,0,<=50K | Other-relative | Divorced | Assoc-voc | Self-emp-not-inc,2,2,"{""gender=Female"": ""<=50K"", ""gender=Male"": ""<=50K""}","{""gender=Female"": {""alpha"": 1.0, ""margin"": 0.8886341847778869, ""p_observed"": 0.9443170923889437, ""prior_probability"": 0.6666666666666666, ""score"": 0.9443170923889437}, ""gender=Male"": {""alpha"": 1.0, ""margin"": 0.8571769630581343, ""p_observed"": 0.9285884815290671, ""prior_probability"": 0.3333333333333333, ""score"": 0.9285884815290671}}","{""gender=Female"": {""alpha"": 1.0, ""margin"": 0.8886341847778869, ""p_observed"": 0.9443170923889437, ""prior_probability"": 0.6666666666666666, ""score"": 0.8886341847778869}, ""gender=Male"": {""alpha"": 1.0, ""margin"": 0.8571769630581343, ""p_observed"": 0.9285884815290671, ""prior_probability"": 0.3333333333333333, ""score"": 0.8571769630581343}}","{""gender=Female"": {""alpha"": 0.0, ""margin"": 0.8886341847778869, ""p_observed"": 0.9443170923889437, ""prior_probability"": 0.6666666666666666, ""score"": -0.40546510810816444}, ""gender=Male"": {""alpha"": 0.0, ""margin"": 0.8571769630581343, ""p_observed"": 0.9285884815290671, ""prior_probability"": 0.3333333333333333, ""score"": -1.0986122886681098}}"
63,Male,White,gender=Male,<=50K,"{""age"": ""34"", ""workclass"": ""Self-emp-inc"", ""fnlwgt"": ""152109"", ""education"": ""HS-grad"", ""educational-num"": ""9"", ""marital-status"": ""Married-civ-spouse"", ""occupation"": ""Craft-repair"", ""relationship"": ""Husband"", ""race"": ""White"", ""capital-gain"": ""0"", ""capital-loss"": ""0"", ""hours-per-week"": ""40"", ""native-country"": ""United-States""}",gender=Male,gender=Male,gender=Male,,gender=Female,gender=Female,gender=Male,0,<=50K | Husband | Married-civ-spouse | HS-grad | Self-emp-inc,2,2,"{""gender=Female"": ""<=50K"", ""gender=Male"": ""<=50K""}","{""gender=Female"": {""alpha"": 1.0, ""margin"": 0.46203536988976124, ""p_observed"": 0.7310176849448804, ""prior_probability"": 0.001364256480218281, ""score"": 0.7310176849448804}, ""gender=Male"": {""alpha"": 1.0, ""margin"": 0.401630726599304, ""p_observed"": 0.7008153632996519, ""prior_probability"": 0.9986357435197817, ""score"": 0.7008153632996519}}","{""gender=Female"": {""alpha"": 1.0, ""margin"": 0.46203536988976124, ""p_observed"": 0.7310176849448804, ""prior_probability"": 0.001364256480218281, ""score"": 0.46203536988976124}, ""gender=Male"": {""alpha"": 1.0, ""margin"": 0.401630726599304, ""p_observed"": 0.7008153632996519, ""prior_probability"": 0.9986357435197817, ""score"": 0.401630726599304}}","{""gender=Female"": {""alpha"": 0.0, ""margin"": 0.46203536988976124, ""p_observed"": 0.7310176849448804, ""prior_probability"": 0.001364256480218281, ""score"": -6.597145701886651}, ""gender=Male"": {""alpha"": 0.0, ""margin"": 0.401630726599304, ""p_observed"": 0.7008153632996519, ""prior_probability"": 0.9986357435197817, ""score"": -0.00136518792533997}}"
64,Male,White,gender=Male,<=50K,"{""age"": ""21"", ""workclass"": ""Private"", ""fnlwgt"": ""415755"", ""education"": ""Some-college"", ""educational-num"": ""10"", ""marital-status"": ""Never-married"", ""occupation"": ""Other-service"", ""relationship"": ""Own-child"", ""race"": ""White"", ""capital-gain"": ""0"", ""capital-loss"": ""0"", ""hours-per-week"": ""40"", ""native-country"": ""United-States""}",gender=Male,gender=Female,gender=Female,gender=Female,gender=Male,gender=Male,gender=Female,1,<=50K | Own-child | Never-married | Some-college | Private,2,2,"{""gender=Female"": ""<=50K"", ""gender=Male"": ""<=50K""}","{""gender=Female"": {""alpha"": 1.0, ""margin"": 0.9875372691885927, ""p_observed"": 0.9937686345942962, ""prior_probability"": 0.562753036437247, ""score"": 0.9937686345942962}, ""gender=Male"": {""alpha"": 1.0, ""margin"": 0.9881408014504062, ""p_observed"": 0.994070400725203, ""prior_probability"": 0.43724696356275305, ""score"": 0.994070400725203}}","{""gender=Female"": {""alpha"": 1.0, ""margin"": 0.9875372691885927, ""p_observed"": 0.9937686345942962, ""prior_probability"": 0.562753036437247, ""score"": 0.9875372691885927}, ""gender=Male"": {""alpha"": 1.0, ""margin"": 0.9881408014504062, ""p_observed"": 0.994070400725203, ""prior_probability"": 0.43724696356275305, ""score"": 0.9881408014504062}}","{""gender=Female"": {""alpha"": 0.0, ""margin"": 0.9875372691885927, ""p_observed"": 0.9937686345942962, ""prior_probability"": 0.562753036437247, ""score"": -0.5749144034972855}, ""gender=Male"": {""alpha"": 0.0, ""margin"": 0.9881408014504062, ""p_observed"": 0.994070400725203, ""prior_probability"": 0.43724696356275305, ""score"": -0.8272571095037574}}"
65,Male,White,gender=Male,<=50K,"{""age"": ""44"", ""workclass"": ""State-gov"", ""fnlwgt"": ""55395"", ""education"": ""HS-grad"", ""educational-num"": ""9"", ""marital-status"": ""Never-married"", ""occupation"": ""Craft-repair"", ""relationship"": ""Not-in-family"", ""race"": ""White"", ""capital-gain"": ""0"", ""capital-loss"": ""0"", ""hours-per-week"": ""40"", ""native-country"": ""United-States""}",gender=Male,gender=Male,gender=Male,,gender=Female,gender=Female,gender=Male,0,<=50K | Not-in-family | Never-married | HS-grad | State-gov,2,2,"{""gender=Female"": ""<=50K"", ""gender=Male"": ""<=50K""}","{""gender=Female"": {""alpha"": 1.0, ""margin"": 0.924841007658565, ""p_observed"": 0.9624205038292823, ""prior_probability"": 0.047619047619047616, ""score"": 0.9624205038292823}, ""gender=Male"": {""alpha"": 1.0, ""margin"": 0.8742005700655757, ""p_observed"": 0.9371002850327876, ""prior_probability"": 0.9523809523809523, ""score"": 0.9371002850327876}}","{""gender=Female"": {""alpha"": 1.0, ""margin"": 0.924841007658565, ""p_observed"": 0.9624205038292823, ""prior_probability"": 0.047619047619047616, ""score"": 0.924841007658565}, ""gender=Male"": {""alpha"": 1.0, ""margin"": 0.8742005700655757, ""p_observed"": 0.9371002850327876, ""prior_probability"": 0.9523809523809523, ""score"": 0.8742005700655757}}","{""gender=Female"": {""alpha"": 0.0, ""margin"": 0.924841007658565, ""p_observed"": 0.9624205038292823, ""prior_probability"": 0.047619047619047616, ""score"": -3.044522437723423}, ""gender=Male"": {""alpha"": 0.0, ""margin"": 0.8742005700655757, ""p_observed"": 0.9371002850327876, ""prior_probability"": 0.9523809523809523, ""score"": -0.048790164169432056}}"
66,Male,White,gender=Male,>50K,"{""age"": ""25"", ""workclass"": ""Private"", ""fnlwgt"": ""306908"", ""education"": ""Bachelors"", ""educational-num"": ""13"", ""marital-status"": ""Married-civ-spouse"", ""occupation"": ""Prof-specialty"", ""relationship"": ""Husband"", ""race"": ""White"", ""capital-gain"": ""0"", ""capital-loss"": ""0"", ""hours-per-week"": ""45"", ""native-country"": ""United-States""}",gender=Male,gender=Male,gender=Male,gender=Male,gender=Male,gender=Male,gender=Male,1,>50K | Husband | Married-civ-spouse | Bachelors | Private,2,2,"{""gender=Female"": ""<=50K"", ""gender=Male"": "">50K""}","{""gender=Female"": {""alpha"": 1.0, ""margin"": -0.148110991631151, ""p_observed"": 0.4259445041844246, ""prior_probability"": 0.0029069767441860465, ""score"": 0.4259445041844246}, ""gender=Male"": {""alpha"": 1.0, ""margin"": 0.019002965178476217, ""p_observed"": 0.5095014825892381, ""prior_probability"": 0.997093023255814, ""score"": 0.5095014825892381}}","{""gender=Female"": {""alpha"": 1.0, ""margin"": -0.148110991631151, ""p_observed"": 0.4259445041844246, ""prior_probability"": 0.0029069767441860465, ""score"": -0.148110991631151}, ""gender=Male"": {""alpha"": 1.0, ""margin"": 0.019002965178476217, ""p_observed"": 0.5095014825892381, ""prior_probability"": 0.997093023255814, ""score"": 0.019002965178476217}}","{""gender=Female"": {""alpha"": 0.0, ""margin"": -0.148110991631151, ""p_observed"": 0.4259445041844246, ""prior_probability"": 0.0029069767441860465, ""score"": -5.840641657373398}, ""gender=Male"": {""alpha"": 0.0, ""margin"": 0.019002965178476217, ""p_observed"": 0.5095014825892381, ""prior_probability"": 0.997093023255814, ""score"": -0.0029112102074584415}}"
67,Male,White,gender=Male,<=50K,"{""age"": ""23"", ""workclass"": ""Private"", ""fnlwgt"": ""410439"", ""education"": ""HS-grad"", ""educational-num"": ""9"", ""marital-status"": ""Divorced"", ""occupation"": ""Prof-specialty"", ""relationship"": ""Own-child"", ""race"": ""White"", ""capital-gain"": ""0"", ""capital-loss"": ""0"", ""hours-per-week"": ""20"", ""native-country"": ""United-States""}",gender=Male,gender=Female,gender=Female,,gender=Female,gender=Female,gender=Female,0,<=50K | Own-child | Divorced | HS-grad | Private,2,2,"{""gender=Female"": ""<=50K"", ""gender=Male"": ""<=50K""}","{""gender=Female"": {""alpha"": 1.0, ""margin"": 0.9571152196115987, ""p_observed"": 0.9785576098057993, ""prior_probability"": 0.75, ""score"": 0.9785576098057993}, ""gender=Male"": {""alpha"": 1.0, ""margin"": 0.9200441364680534, ""p_observed"": 0.9600220682340266, ""prior_probability"": 0.25, ""score"": 0.9600220682340266}}","{""gender=Female"": {""alpha"": 1.0, ""margin"": 0.9571152196115987, ""p_observed"": 0.9785576098057993, ""prior_probability"": 0.75, ""score"": 0.9571152196115987}, ""gender=Male"": {""alpha"": 1.0, ""margin"": 0.9200441364680534, ""p_observed"": 0.9600220682340266, ""prior_probability"": 0.25, ""score"": 0.9200441364680534}}","{""gender=Female"": {""alpha"": 0.0, ""margin"": 0.9571152196115987, ""p_observed"": 0.9785576098057993, ""prior_probability"": 0.75, ""score"": -0.2876820724517809}, ""gender=Male"": {""alpha"": 0.0, ""margin"": 0.9200441364680534, ""p_observed"": 0.9600220682340266, ""prior_probability"": 0.25, ""score"": -1.3862943611198906}}"
68,Male,White,gender=Male,<=50K,"{""age"": ""24"", ""workclass"": ""Private"", ""fnlwgt"": ""102258"", ""education"": ""Bachelors"", ""educational-num"": ""13"", ""marital-status"": ""Married-civ-spouse"", ""occupation"": ""Sales"", ""relationship"": ""Husband"", ""race"": ""White"", ""capital-gain"": ""0"", ""capital-loss"": ""0"", ""hours-per-week"": ""40"", ""native-country"": ""United-States""}",gender=Male,gender=Male,gender=Male,,gender=Female,gender=Female,gender=Male,0,<=50K | Husband | Married-civ-spouse | Bachelors | Private,2,2,"{""gender=Female"": ""<=50K"", ""gender=Male"": ""<=50K""}","{""gender=Female"": {""alpha"": 1.0, ""margin"": 0.2506744319712949, ""p_observed"": 0.6253372159856475, ""prior_probability"": 0.00847457627118644, ""score"": 0.6253372159856475}, ""gender=Male"": {""alpha"": 1.0, ""margin"": 0.17557788167794236, ""p_observed"": 0.5877889408389713, ""prior_probability"": 0.9915254237288136, ""score"": 0.5877889408389713}}","{""gender=Female"": {""alpha"": 1.0, ""margin"": 0.2506744319712949, ""p_observed"": 0.6253372159856475, ""prior_probability"": 0.00847457627118644, ""score"": 0.2506744319712949}, ""gender=Male"": {""alpha"": 1.0, ""margin"": 0.17557788167794236, ""p_observed"": 0.5877889408389713, ""prior_probability"": 0.9915254237288136, ""score"": 0.17557788167794236}}","{""gender=Female"": {""alpha"": 0.0, ""margin"": 0.2506744319712949, ""p_observed"": 0.6253372159856475, ""prior_probability"": 0.00847457627118644, ""score"": -4.770684624465665}, ""gender=Male"": {""alpha"": 0.0, ""margin"": 0.17557788167794236, ""p_observed"": 0.5877889408389713, ""prior_probability"": 0.9915254237288136, ""score"": -0.00851068966790862}}"
69,Male,Black,gender=Male,<=50K,"{""age"": ""18"", ""workclass"": ""Private"", ""fnlwgt"": ""141332"", ""education"": ""11th"", ""educational-num"": ""7"", ""marital-status"": ""Never-married"", ""occupation"": ""Sales"", ""relationship"": ""Own-child"", ""race"": ""Black"", ""capital-gain"": ""0"", ""capital-loss"": ""0"", ""hours-per-week"": ""8"", ""native-country"": ""United-States""}",gender=Male,gender=Female,gender=Female,,gender=Female,gender=Female,gender=Female,0,<=50K | Own-child | Never-married | 11th | Private,2,2,"{""gender=Female"": ""<=50K"", ""gender=Male"": ""<=50K""}","{""gender=Female"": {""alpha"": 1.0, ""margin"": 0.994197518417778, ""p_observed"": 0.9970987592088891, ""prior_probability"": 0.726027397260274, ""score"": 0.9970987592088891}, ""gender=Male"": {""alpha"": 1.0, ""margin"": 0.9875747857945194, ""p_observed"": 0.9937873928972596, ""prior_probability"": 0.273972602739726, ""score"": 0.9937873928972596}}","{""gender=Female"": {""alpha"": 1.0, ""margin"": 0.994197518417778, ""p_observed"": 0.9970987592088891, ""prior_probability"": 0.726027397260274, ""score"": 0.994197518417778}, ""gender=Male"": {""alpha"": 1.0, ""margin"": 0.9875747857945194, ""p_observed"": 0.9937873928972596, ""prior_probability"": 0.273972602739726, ""score"": 0.9875747857945194}}","{""gender=Female"": {""alpha"": 0.0, ""margin"": 0.994197518417778, ""p_observed"": 0.9970987592088891, ""prior_probability"": 0.726027397260274, ""score"": -0.32016752759626926}, ""gender=Male"": {""alpha"": 0.0, ""margin"": 0.9875747857945194, ""p_observed"": 0.9937873928972596, ""prior_probability"": 0.273972602739726, ""score"": -1.2947271675944}}"
70,Male,White,gender=Male,<=50K,"{""age"": ""43"", ""workclass"": ""Self-emp-not-inc"", ""fnlwgt"": ""144218"", ""education"": ""12th"", ""educational-num"": ""8"", ""marital-status"": ""Married-civ-spouse"", ""occupation"": ""Transport-moving"", ""relationship"": ""Husband"", ""race"": ""White"", ""capital-gain"": ""0"", ""capital-loss"": ""0"", ""hours-per-week"": ""60"", ""native-country"": ""United-States""}",gender=Male,gender=Male,gender=Male,,gender=Female,gender=Female,gender=Male,0,<=50K | Husband | Married-civ-spouse | 12th | Self-emp-not-inc,2,2,"{""gender=Female"": ""<=50K"", ""gender=Male"": ""<=50K""}","{""gender=Female"": {""alpha"": 1.0, ""margin"": 0.4025369700333045, ""p_observed"": 0.7012684850166522, ""prior_probability"": 0.1, ""score"": 0.7012684850166522}, ""gender=Male"": {""alpha"": 1.0, ""margin"": 0.36554269607835926, ""p_observed"": 0.6827713480391796, ""prior_probability"": 0.9, ""score"": 0.6827713480391796}}","{""gender=Female"": {""alpha"": 1.0, ""margin"": 0.4025369700333045, ""p_observed"": 0.7012684850166522, ""prior_probability"": 0.1, ""score"": 0.4025369700333045}, ""gender=Male"": {""alpha"": 1.0, ""margin"": 0.36554269607835926, ""p_observed"": 0.6827713480391796, ""prior_probability"": 0.9, ""score"": 0.36554269607835926}}","{""gender=Female"": {""alpha"": 0.0, ""margin"": 0.4025369700333045, ""p_observed"": 0.7012684850166522, ""prior_probability"": 0.1, ""score"": -2.3025850929940455}, ""gender=Male"": {""alpha"": 0.0, ""margin"": 0.36554269607835926, ""p_observed"": 0.6827713480391796, ""prior_probability"": 0.9, ""score"": -0.10536051565782628}}"
71,Male,White,gender=Male,<=50K,"{""age"": ""71"", ""workclass"": ""Self-emp-not-inc"", ""fnlwgt"": ""78786"", ""education"": ""7th-8th"", ""educational-num"": ""4"", ""marital-status"": ""Married-civ-spouse"", ""occupation"": ""Farming-fishing"", ""relationship"": ""Husband"", ""race"": ""White"", ""capital-gain"": ""0"", ""capital-loss"": ""0"", ""hours-per-week"": ""10"", ""native-country"": ""United-States""}",gender=Male,gender=Male,gender=Male,,gender=Female,gender=Female,gender=Male,0,<=50K | Husband | Married-civ-spouse | 7th-8th | Self-emp-not-inc,2,2,"{""gender=Female"": ""<=50K"", ""gender=Male"": ""<=50K""}","{""gender=Female"": {""alpha"": 1.0, ""margin"": 0.7331302295685536, ""p_observed"": 0.8665651147842768, ""prior_probability"": 0.02702702702702703, ""score"": 0.8665651147842768}, ""gender=Male"": {""alpha"": 1.0, ""margin"": 0.6880380644120896, ""p_observed"": 0.8440190322060447, ""prior_probability"": 0.972972972972973, ""score"": 0.8440190322060447}}","{""gender=Female"": {""alpha"": 1.0, ""margin"": 0.7331302295685536, ""p_observed"": 0.8665651147842768, ""prior_probability"": 0.02702702702702703, ""score"": 0.7331302295685536}, ""gender=Male"": {""alpha"": 1.0, ""margin"": 0.6880380644120896, ""p_observed"": 0.8440190322060447, ""prior_probability"": 0.972972972972973, ""score"": 0.6880380644120896}}","{""gender=Female"": {""alpha"": 0.0, ""margin"": 0.7331302295685536, ""p_observed"": 0.8665651147842768, ""prior_probability"": 0.02702702702702703, ""score"": -3.6109179126442243}, ""gender=Male"": {""alpha"": 0.0, ""margin"": 0.6880380644120896, ""p_observed"": 0.8440190322060447, ""prior_probability"": 0.972972972972973, ""score"": -0.027398974188114388}}"
72,Male,White,gender=Male,>50K,"{""age"": ""52"", ""workclass"": ""Private"", ""fnlwgt"": ""168553"", ""education"": ""HS-grad"", ""educational-num"": ""9"", ""marital-status"": ""Married-civ-spouse"", ""occupation"": ""Craft-repair"", ""relationship"": ""Husband"", ""race"": ""White"", ""capital-gain"": ""0"", ""capital-loss"": ""1977"", ""hours-per-week"": ""40"", ""native-country"": ""United-States""}",gender=Male,gender=Male,gender=Male,gender=Male,gender=Male,gender=Male,gender=Male,1,>50K | Husband | Married-civ-spouse | HS-grad | Private,2,2,"{""gender=Female"": "">50K"", ""gender=Male"": "">50K""}","{""gender=Female"": {""alpha"": 1.0, ""margin"": 0.03589190061414271, ""p_observed"": 0.5179459503070712, ""prior_probability"": 0.0031847133757961785, ""score"": 0.5179459503070712}, ""gender=Male"": {""alpha"": 1.0, ""margin"": 0.09685229717941479, ""p_observed"": 0.5484261485897074, ""prior_probability"": 0.9968152866242038, ""score"": 0.5484261485897074}}","{""gender=Female"": {""alpha"": 1.0, ""margin"": 0.03589190061414271, ""p_observed"": 0.5179459503070712, ""prior_probability"": 0.0031847133757961785, ""score"": 0.03589190061414271}, ""gender=Male"": {""alpha"": 1.0, ""margin"": 0.09685229717941479, ""p_observed"": 0.5484261485897074, ""prior_probability"": 0.9968152866242038, ""score"": 0.09685229717941479}}","{""gender=Female"": {""alpha"": 0.0, ""margin"": 0.03589190061414271, ""p_observed"": 0.5179459503070712, ""prior_probability"": 0.0031847133757961785, ""score"": -5.749392985908253}, ""gender=Male"": {""alpha"": 0.0, ""margin"": 0.09685229717941479, ""p_observed"": 0.5484261485897074, ""prior_probability"": 0.9968152866242038, ""score"": -0.0031897953681001494}}"
73,Female,White,gender=Female,<=50K,"{""age"": ""60"", ""workclass"": ""Private"", ""fnlwgt"": ""235336"", ""education"": ""Some-college"", ""educational-num"": ""10"", ""marital-status"": ""Widowed"", ""occupation"": ""Exec-managerial"", ""relationship"": ""Not-in-family"", ""race"": ""White"", ""capital-gain"": ""0"", ""capital-loss"": ""0"", ""hours-per-week"": ""70"", ""native-country"": ""United-States""}",gender=Male,gender=Female,gender=Female,,gender=Female,gender=Female,gender=Female,0,<=50K | Not-in-family | Widowed | Some-college | Private,2,2,"{""gender=Female"": ""<=50K"", ""gender=Male"": ""<=50K""}","{""gender=Female"": {""alpha"": 1.0, ""margin"": 0.7210472691550949, ""p_observed"": 0.8605236345775475, ""prior_probability"": 0.7647058823529411, ""score"": 0.8605236345775475}, ""gender=Male"": {""alpha"": 1.0, ""margin"": 0.5446134349674135, ""p_observed"": 0.7723067174837068, ""prior_probability"": 0.23529411764705882, ""score"": 0.7723067174837068}}","{""gender=Female"": {""alpha"": 1.0, ""margin"": 0.7210472691550949, ""p_observed"": 0.8605236345775475, ""prior_probability"": 0.7647058823529411, ""score"": 0.7210472691550949}, ""gender=Male"": {""alpha"": 1.0, ""margin"": 0.5446134349674135, ""p_observed"": 0.7723067174837068, ""prior_probability"": 0.23529411764705882, ""score"": 0.5446134349674135}}","{""gender=Female"": {""alpha"": 0.0, ""margin"": 0.7210472691550949, ""p_observed"": 0.8605236345775475, ""prior_probability"": 0.7647058823529411, ""score"": -0.2682639865946794}, ""gender=Male"": {""alpha"": 0.0, ""margin"": 0.5446134349674135, ""p_observed"": 0.7723067174837068, ""prior_probability"": 0.23529411764705882, ""score"": -1.4469189829363254}}"
74,Male,White,gender=Male,>50K,"{""age"": ""25"", ""workclass"": ""Private"", ""fnlwgt"": ""469572"", ""education"": ""Some-college"", ""educational-num"": ""10"", ""marital-status"": ""Never-married"", ""occupation"": ""Prof-specialty"", ""relationship"": ""Not-in-family"", ""race"": ""White"", ""capital-gain"": ""8614"", ""capital-loss"": ""0"", ""hours-per-week"": ""40"", ""native-country"": ""United-States""}",gender=Male,gender=Female,gender=Female,,gender=Male,gender=Male,gender=Female,0,>50K | Not-in-family | Never-married | Some-college | Private,2,2,"{""gender=Female"": "">50K"", ""gender=Male"": "">50K""}","{""gender=Female"": {""alpha"": 1.0, ""margin"": 0.1384852957792379, ""p_observed"": 0.5692426478896189, ""prior_probability"": 0.5714285714285714, ""score"": 0.5692426478896189}, ""gender=Male"": {""alpha"": 1.0, ""margin"": 0.15048807549236887, ""p_observed"": 0.5752440377461843, ""prior_probability"": 0.42857142857142855, ""score"": 0.5752440377461843}}","{""gender=Female"": {""alpha"": 1.0, ""margin"": 0.1384852957792379, ""p_observed"": 0.5692426478896189, ""prior_probability"": 0.5714285714285714, ""score"": 0.1384852957792379}, ""gender=Male"": {""alpha"": 1.0, ""margin"": 0.15048807549236887, ""p_observed"": 0.5752440377461843, ""prior_probability"": 0.42857142857142855, ""score"": 0.15048807549236887}}","{""gender=Female"": {""alpha"": 0.0, ""margin"": 0.1384852957792379, ""p_observed"": 0.5692426478896189, ""prior_probability"": 0.5714285714285714, ""score"": -0.5596157879354228}, ""gender=Male"": {""alpha"": 0.0, ""margin"": 0.15048807549236887, ""p_observed"": 0.5752440377461843, ""prior_probability"": 0.42857142857142855, ""score"": -0.8472978603872037}}"
75,Female,White,gender=Female,<=50K,"{""age"": ""21"", ""workclass"": ""Private"", ""fnlwgt"": ""321426"", ""education"": ""Some-college"", ""educational-num"": ""10"", ""marital-status"": ""Never-married"", ""occupation"": ""Sales"", ""relationship"": ""Unmarried"", ""race"": ""White"", ""capital-gain"": ""0"", ""capital-loss"": ""0"", ""hours-per-week"": ""49"", ""native-country"": ""United-States""}",gender=Male,gender=Female,gender=Female,,gender=Female,gender=Female,gender=Female,0,<=50K | Unmarried | Never-married | Some-college | Private,2,2,"{""gender=Female"": ""<=50K"", ""gender=Male"": ""<=50K""}","{""gender=Female"": {""alpha"": 1.0, ""margin"": 0.9350800454809778, ""p_observed"": 0.9675400227404889, ""prior_probability"": 0.5882352941176471, ""score"": 0.9675400227404889}, ""gender=Male"": {""alpha"": 1.0, ""margin"": 0.9000001917884511, ""p_observed"": 0.9500000958942255, ""prior_probability"": 0.4117647058823529, ""score"": 0.9500000958942255}}","{""gender=Female"": {""alpha"": 1.0, ""margin"": 0.9350800454809778, ""p_observed"": 0.9675400227404889, ""prior_probability"": 0.5882352941176471, ""score"": 0.9350800454809778}, ""gender=Male"": {""alpha"": 1.0, ""margin"": 0.9000001917884511, ""p_observed"": 0.9500000958942255, ""prior_probability"": 0.4117647058823529, ""score"": 0.9000001917884511}}","{""gender=Female"": {""alpha"": 0.0, ""margin"": 0.9350800454809778, ""p_observed"": 0.9675400227404889, ""prior_probability"": 0.5882352941176471, ""score"": -0.5306282510621704}, ""gender=Male"": {""alpha"": 0.0, ""margin"": 0.9000001917884511, ""p_observed"": 0.9500000958942255, ""prior_probability"": 0.4117647058823529, ""score"": -0.8873031950009028}}"
76,Male,White,gender=Male,>50K,"{""age"": ""35"", ""workclass"": ""Private"", ""fnlwgt"": ""225860"", ""education"": ""Assoc-voc"", ""educational-num"": ""11"", ""marital-status"": ""Married-civ-spouse"", ""occupation"": ""Craft-repair"", ""relationship"": ""Husband"", ""race"": ""White"", ""capital-gain"": ""0"", ""capital-loss"": ""0"", ""hours-per-week"": ""40"", ""native-country"": ""United-States""}",gender=Male,gender=Male,gender=Male,,gender=Male,gender=Male,gender=Male,0,>50K | Husband | Married-civ-spouse | Assoc-voc | Private,2,2,"{""gender=Female"": ""<=50K"", ""gender=Male"": ""<=50K""}","{""gender=Female"": {""alpha"": 1.0, ""margin"": -0.3844919084045302, ""p_observed"": 0.3077540457977349, ""prior_probability"": 0.015384615384615385, ""score"": 0.3077540457977349}, ""gender=Male"": {""alpha"": 1.0, ""margin"": -0.3627149333193747, ""p_observed"": 0.31864253334031273, ""prior_probability"": 0.9846153846153847, ""score"": 0.31864253334031273}}","{""gender=Female"": {""alpha"": 1.0, ""margin"": -0.3844919084045302, ""p_observed"": 0.3077540457977349, ""prior_probability"": 0.015384615384615385, ""score"": -0.3844919084045302}, ""gender=Male"": {""alpha"": 1.0, ""margin"": -0.3627149333193747, ""p_observed"": 0.31864253334031273, ""prior_probability"": 0.9846153846153847, ""score"": -0.3627149333193747}}","{""gender=Female"": {""alpha"": 0.0, ""margin"": -0.3844919084045302, ""p_observed"": 0.3077540457977349, ""prior_probability"": 0.015384615384615385, ""score"": -4.174387269895637}, ""gender=Male"": {""alpha"": 0.0, ""margin"": -0.3627149333193747, ""p_observed"": 0.31864253334031273, ""prior_probability"": 0.9846153846153847, ""score"": -0.015504186535965199}}"
77,Male,White,gender=Male,<=50K,"{""age"": ""31"", ""workclass"": ""Local-gov"", ""fnlwgt"": ""127651"", ""education"": ""10th"", ""educational-num"": ""6"", ""marital-status"": ""Never-married"", ""occupation"": ""Transport-moving"", ""relationship"": ""Other-relative"", ""race"": ""White"", ""capital-gain"": ""0"", ""capital-loss"": ""1741"", ""hours-per-week"": ""40"", ""native-country"": ""United-States""}",gender=Male,gender=Male,gender=Male,,gender=Female,gender=Female,gender=Male,0,<=50K | Other-relative | Never-married | 10th | Local-gov,2,2,"{""gender=Female"": ""<=50K"", ""gender=Male"": ""<=50K""}","{""gender=Female"": {""alpha"": 1.0, ""margin"": 0.9464841140178781, ""p_observed"": 0.9732420570089391, ""prior_probability"": 0.38461538461538464, ""score"": 0.9732420570089391}, ""gender=Male"": {""alpha"": 1.0, ""margin"": 0.8890433220505055, ""p_observed"": 0.9445216610252528, ""prior_probability"": 0.6153846153846154, ""score"": 0.9445216610252528}}","{""gender=Female"": {""alpha"": 1.0, ""margin"": 0.9464841140178781, ""p_observed"": 0.9732420570089391, ""prior_probability"": 0.38461538461538464, ""score"": 0.9464841140178781}, ""gender=Male"": {""alpha"": 1.0, ""margin"": 0.8890433220505055, ""p_observed"": 0.9445216610252528, ""prior_probability"": 0.6153846153846154, ""score"": 0.8890433220505055}}","{""gender=Female"": {""alpha"": 0.0, ""margin"": 0.9464841140178781, ""p_observed"": 0.9732420570089391, ""prior_probability"": 0.38461538461538464, ""score"": -0.9555114450274363}, ""gender=Male"": {""alpha"": 0.0, ""margin"": 0.8890433220505055, ""p_observed"": 0.9445216610252528, ""prior_probability"": 0.6153846153846154, ""score"": -0.48550781578170077}}"
78,Female,White,gender=Female,>50K,"{""age"": ""41"", ""workclass"": ""Private"", ""fnlwgt"": ""157473"", ""education"": ""Masters"", ""educational-num"": ""14"", ""marital-status"": ""Married-civ-spouse"", ""occupation"": ""Adm-clerical"", ""relationship"": ""Wife"", ""race"": ""White"", ""capital-gain"": ""0"", ""capital-loss"": ""0"", ""hours-per-week"": ""50"", ""native-country"": ""United-States""}",gender=Male,gender=Female,gender=Female,,gender=Female,gender=Female,gender=Female,0,>50K | Wife | Married-civ-spouse | Masters | Private,2,2,"{""gender=Female"": "">50K"", ""gender=Male"": "">50K""}","{""gender=Female"": {""alpha"": 1.0, ""margin"": 0.2627164973958712, ""p_observed"": 0.6313582486979357, ""prior_probability"": 0.8333333333333334, ""score"": 0.6313582486979357}, ""gender=Male"": {""alpha"": 1.0, ""margin"": 0.20748030640969617, ""p_observed"": 0.6037401532048482, ""prior_probability"": 0.16666666666666666, ""score"": 0.6037401532048482}}","{""gender=Female"": {""alpha"": 1.0, ""margin"": 0.2627164973958712, ""p_observed"": 0.6313582486979357, ""prior_probability"": 0.8333333333333334, ""score"": 0.2627164973958712}, ""gender=Male"": {""alpha"": 1.0, ""margin"": 0.20748030640969617, ""p_observed"": 0.6037401532048482, ""prior_probability"": 0.16666666666666666, ""score"": 0.20748030640969617}}","{""gender=Female"": {""alpha"": 0.0, ""margin"": 0.2627164973958712, ""p_observed"": 0.6313582486979357, ""prior_probability"": 0.8333333333333334, ""score"": -0.1823215567939546}, ""gender=Male"": {""alpha"": 0.0, ""margin"": 0.20748030640969617, ""p_observed"": 0.6037401532048482, ""prior_probability"": 0.16666666666666666, ""score"": -1.791759469228055}}"
79,Male,White,gender=Male,<=50K,"{""age"": ""27"", ""workclass"": ""Private"", ""fnlwgt"": ""219863"", ""education"": ""HS-grad"", ""educational-num"": ""9"", ""marital-status"": ""Married-civ-spouse"", ""occupation"": ""Transport-moving"", ""relationship"": ""Husband"", ""race"": ""White"", ""capital-gain"": ""0"", ""capital-loss"": ""0"", ""hours-per-week"": ""40"", ""native-country"": ""United-States""}",gender=Male,gender=Male,gender=Male,,gender=Female,gender=Female,gender=Male,0,<=50K | Husband | Married-civ-spouse | HS-grad | Private,2,2,"{""gender=Female"": ""<=50K"", ""gender=Male"": ""<=50K""}","{""gender=Female"": {""alpha"": 1.0, ""margin"": 0.6393622370502053, ""p_observed"": 0.8196811185251027, ""prior_probability"": 0.003125, ""score"": 0.8196811185251027}, ""gender=Male"": {""alpha"": 1.0, ""margin"": 0.5751147455954397, ""p_observed"": 0.7875573727977199, ""prior_probability"": 0.996875, ""score"": 0.7875573727977199}}","{""gender=Female"": {""alpha"": 1.0, ""margin"": 0.6393622370502053, ""p_observed"": 0.8196811185251027, ""prior_probability"": 0.003125, ""score"": 0.6393622370502053}, ""gender=Male"": {""alpha"": 1.0, ""margin"": 0.5751147455954397, ""p_observed"": 0.7875573727977199, ""prior_probability"": 0.996875, ""score"": 0.5751147455954397}}","{""gender=Female"": {""alpha"": 0.0, ""margin"": 0.6393622370502053, ""p_observed"": 0.8196811185251027, ""prior_probability"": 0.003125, ""score"": -5.768320995793772}, ""gender=Male"": {""alpha"": 0.0, ""margin"": 0.5751147455954397, ""p_observed"": 0.7875573727977199, ""prior_probability"": 0.996875, ""score"": -0.0031298930089277044}}"
80,Male,White,gender=Male,<=50K,"{""age"": ""58"", ""workclass"": ""Local-gov"", ""fnlwgt"": ""212864"", ""education"": ""HS-grad"", ""educational-num"": ""9"", ""marital-status"": ""Married-civ-spouse"", ""occupation"": ""Protective-serv"", ""relationship"": ""Husband"", ""race"": ""White"", ""capital-gain"": ""3908"", ""capital-loss"": ""0"", ""hours-per-week"": ""40"", ""native-country"": ""United-States""}",gender=Male,gender=Male,gender=Male,,gender=Female,gender=Female,gender=Male,0,<=50K | Husband | Married-civ-spouse | HS-grad | Local-gov,2,2,"{""gender=Female"": ""<=50K"", ""gender=Male"": ""<=50K""}","{""gender=Female"": {""alpha"": 1.0, ""margin"": 0.42256098298760036, ""p_observed"": 0.7112804914938, ""prior_probability"": 0.017543859649122806, ""score"": 0.7112804914938}, ""gender=Male"": {""alpha"": 1.0, ""margin"": 0.35609373745048145, ""p_observed"": 0.6780468687252406, ""prior_probability"": 0.9824561403508771, ""score"": 0.6780468687252406}}","{""gender=Female"": {""alpha"": 1.0, ""margin"": 0.42256098298760036, ""p_observed"": 0.7112804914938, ""prior_probability"": 0.017543859649122806, ""score"": 0.42256098298760036}, ""gender=Male"": {""alpha"": 1.0, ""margin"": 0.35609373745048145, ""p_observed"": 0.6780468687252406, ""prior_probability"": 0.9824561403508771, ""score"": 0.35609373745048145}}","{""gender=Female"": {""alpha"": 0.0, ""margin"": 0.42256098298760036, ""p_observed"": 0.7112804914938, ""prior_probability"": 0.017543859649122806, ""score"": -4.04305126783455}, ""gender=Male"": {""alpha"": 0.0, ""margin"": 0.35609373745048145, ""p_observed"": 0.6780468687252406, ""prior_probability"": 0.9824561403508771, ""score"": -0.017699577099400975}}"
81,Female,White,gender=Female,<=50K,"{""age"": ""22"", ""workclass"": ""Private"", ""fnlwgt"": ""332657"", ""education"": ""Some-college"", ""educational-num"": ""10"", ""marital-status"": ""Never-married"", ""occupation"": ""Prof-specialty"", ""relationship"": ""Not-in-family"", ""race"": ""White"", ""capital-gain"": ""0"", ""capital-loss"": ""0"", ""hours-per-week"": ""40"", ""native-country"": ""United-States""}",gender=Male,gender=Female,gender=Female,,gender=Female,gender=Female,gender=Female,0,<=50K | Not-in-family | Never-married | Some-college | Private,2,2,"{""gender=Female"": ""<=50K"", ""gender=Male"": ""<=50K""}","{""gender=Female"": {""alpha"": 1.0, ""margin"": 0.9555527978253704, ""p_observed"": 0.9777763989126852, ""prior_probability"": 0.5185185185185185, ""score"": 0.9777763989126852}, ""gender=Male"": {""alpha"": 1.0, ""margin"": 0.9207316047521275, ""p_observed"": 0.9603658023760637, ""prior_probability"": 0.48148148148148145, ""score"": 0.9603658023760637}}","{""gender=Female"": {""alpha"": 1.0, ""margin"": 0.9555527978253704, ""p_observed"": 0.9777763989126852, ""prior_probability"": 0.5185185185185185, ""score"": 0.9555527978253704}, ""gender=Male"": {""alpha"": 1.0, ""margin"": 0.9207316047521275, ""p_observed"": 0.9603658023760637, ""prior_probability"": 0.48148148148148145, ""score"": 0.9207316047521275}}","{""gender=Female"": {""alpha"": 0.0, ""margin"": 0.9555527978253704, ""p_observed"": 0.9777763989126852, ""prior_probability"": 0.5185185185185185, ""score"": -0.6567795363890705}, ""gender=Male"": {""alpha"": 0.0, ""margin"": 0.9207316047521275, ""p_observed"": 0.9603658023760637, ""prior_probability"": 0.48148148148148145, ""score"": -0.7308875085427924}}"
82,Male,White,gender=Male,>50K,"{""age"": ""42"", ""workclass"": ""Private"", ""fnlwgt"": ""602513"", ""education"": ""Bachelors"", ""educational-num"": ""13"", ""marital-status"": ""Married-civ-spouse"", ""occupation"": ""Prof-specialty"", ""relationship"": ""Husband"", ""race"": ""White"", ""capital-gain"": ""0"", ""capital-loss"": ""0"", ""hours-per-week"": ""45"", ""native-country"": ""United-States""}",gender=Male,gender=Male,gender=Male,gender=Male,gender=Male,gender=Male,gender=Male,1,>50K | Husband | Married-civ-spouse | Bachelors | Private,2,2,"{""gender=Female"": "">50K"", ""gender=Male"": "">50K""}","{""gender=Female"": {""alpha"": 1.0, ""margin"": 0.2000927324079414, ""p_observed"": 0.6000463662039708, ""prior_probability"": 0.0029069767441860465, ""score"": 0.6000463662039708}, ""gender=Male"": {""alpha"": 1.0, ""margin"": 0.3888431438903631, ""p_observed"": 0.6944215719451814, ""prior_probability"": 0.997093023255814, ""score"": 0.6944215719451814}}","{""gender=Female"": {""alpha"": 1.0, ""margin"": 0.2000927324079414, ""p_observed"": 0.6000463662039708, ""prior_probability"": 0.0029069767441860465, ""score"": 0.2000927324079414}, ""gender=Male"": {""alpha"": 1.0, ""margin"": 0.3888431438903631, ""p_observed"": 0.6944215719451814, ""prior_probability"": 0.997093023255814, ""score"": 0.3888431438903631}}","{""gender=Female"": {""alpha"": 0.0, ""margin"": 0.2000927324079414, ""p_observed"": 0.6000463662039708, ""prior_probability"": 0.0029069767441860465, ""score"": -5.840641657373398}, ""gender=Male"": {""alpha"": 0.0, ""margin"": 0.3888431438903631, ""p_observed"": 0.6944215719451814, ""prior_probability"": 0.997093023255814, ""score"": -0.0029112102074584415}}"
83,Male,White,gender=Male,<=50K,"{""age"": ""36"", ""workclass"": ""Self-emp-not-inc"", ""fnlwgt"": ""257250"", ""education"": ""7th-8th"", ""educational-num"": ""4"", ""marital-status"": ""Never-married"", ""occupation"": ""Farming-fishing"", ""relationship"": ""Own-child"", ""race"": ""White"", ""capital-gain"": ""0"", ""capital-loss"": ""0"", ""hours-per-week"": ""75"", ""native-country"": ""United-States""}",gender=Male,gender=Female,gender=Female,,gender=Female,gender=Female,gender=Female,0,<=50K | Own-child | Never-married | 7th-8th | Self-emp-not-inc,2,2,"{""gender=Female"": ""<=50K"", ""gender=Male"": ""<=50K""}","{""gender=Female"": {""alpha"": 1.0, ""margin"": 0.9101957679903473, ""p_observed"": 0.9550978839951736, ""prior_probability"": 0.5, ""score"": 0.9550978839951736}, ""gender=Male"": {""alpha"": 1.0, ""margin"": 0.905732576476916, ""p_observed"": 0.952866288238458, ""prior_probability"": 0.5, ""score"": 0.952866288238458}}","{""gender=Female"": {""alpha"": 1.0, ""margin"": 0.9101957679903473, ""p_observed"": 0.9550978839951736, ""prior_probability"": 0.5, ""score"": 0.9101957679903473}, ""gender=Male"": {""alpha"": 1.0, ""margin"": 0.905732576476916, ""p_observed"": 0.952866288238458, ""prior_probability"": 0.5, ""score"": 0.905732576476916}}","{""gender=Female"": {""alpha"": 0.0, ""margin"": 0.9101957679903473, ""p_observed"": 0.9550978839951736, ""prior_probability"": 0.5, ""score"": -0.6931471805599453}, ""gender=Male"": {""alpha"": 0.0, ""margin"": 0.905732576476916, ""p_observed"": 0.952866288238458, ""prior_probability"": 0.5, ""score"": -0.6931471805599453}}"
84,Male,White,gender=Male,>50K,"{""age"": ""52"", ""workclass"": ""Federal-gov"", ""fnlwgt"": ""30731"", ""education"": ""HS-grad"", ""educational-num"": ""9"", ""marital-status"": ""Married-civ-spouse"", ""occupation"": ""Exec-managerial"", ""relationship"": ""Husband"", ""race"": ""White"", ""capital-gain"": ""7298"", ""capital-loss"": ""0"", ""hours-per-week"": ""40"", ""native-country"": ""United-States""}",gender=Male,gender=Male,gender=Male,,gender=Male,gender=Male,gender=Male,0,>50K | Husband | Married-civ-spouse | HS-grad | Federal-gov,2,2,"{""gender=Female"": "">50K"", ""gender=Male"": "">50K""}","{""gender=Female"": {""alpha"": 1.0, ""margin"": 0.45519056145934567, ""p_observed"": 0.7275952807296728, ""prior_probability"": 0.0049504950495049506, ""score"": 0.7275952807296728}, ""gender=Male"": {""alpha"": 1.0, ""margin"": 0.6608541187518375, ""p_observed"": 0.8304270593759187, ""prior_probability"": 0.995049504950495, ""score"": 0.8304270593759187}}","{""gender=Female"": {""alpha"": 1.0, ""margin"": 0.45519056145934567, ""p_observed"": 0.7275952807296728, ""prior_probability"": 0.0049504950495049506, ""score"": 0.45519056145934567}, ""gender=Male"": {""alpha"": 1.0, ""margin"": 0.6608541187518375, ""p_observed"": 0.8304270593759187, ""prior_probability"": 0.995049504950495, ""score"": 0.6608541187518375}}","{""gender=Female"": {""alpha"": 0.0, ""margin"": 0.45519056145934567, ""p_observed"": 0.7275952807296728, ""prior_probability"": 0.0049504950495049506, ""score"": -5.308267697401205}, ""gender=Male"": {""alpha"": 0.0, ""margin"": 0.6608541187518375, ""p_observed"": 0.8304270593759187, ""prior_probability"": 0.995049504950495, ""score"": -0.004962789342129014}}"
85,Male,White,gender=Male,>50K,"{""age"": ""60"", ""workclass"": ""Self-emp-inc"", ""fnlwgt"": ""336188"", ""education"": ""Prof-school"", ""educational-num"": ""15"", ""marital-status"": ""Married-civ-spouse"", ""occupation"": ""Prof-specialty"", ""relationship"": ""Husband"", ""race"": ""White"", ""capital-gain"": ""0"", ""capital-loss"": ""2415"", ""hours-per-week"": ""80"", ""native-country"": ""United-States""}",gender=Male,gender=Male,gender=Male,,gender=Male,gender=Male,gender=Male,0,>50K | Husband | Married-civ-spouse | Prof-school | Self-emp-inc,2,2,"{""gender=Female"": "">50K"", ""gender=Male"": "">50K""}","{""gender=Female"": {""alpha"": 1.0, ""margin"": 0.7087855231048397, ""p_observed"": 0.8543927615524197, ""prior_probability"": 0.004132231404958678, ""score"": 0.8543927615524197}, ""gender=Male"": {""alpha"": 1.0, ""margin"": 0.80720162223874, ""p_observed"": 0.9036008111193699, ""prior_probability"": 0.9958677685950413, ""score"": 0.9036008111193699}}","{""gender=Female"": {""alpha"": 1.0, ""margin"": 0.7087855231048397, ""p_observed"": 0.8543927615524197, ""prior_probability"": 0.004132231404958678, ""score"": 0.7087855231048397}, ""gender=Male"": {""alpha"": 1.0, ""margin"": 0.80720162223874, ""p_observed"": 0.9036008111193699, ""prior_probability"": 0.9958677685950413, ""score"": 0.80720162223874}}","{""gender=Female"": {""alpha"": 0.0, ""margin"": 0.7087855231048397, ""p_observed"": 0.8543927615524197, ""prior_probability"": 0.004132231404958678, ""score"": -5.488937726156687}, ""gender=Male"": {""alpha"": 0.0, ""margin"": 0.80720162223874, ""p_observed"": 0.9036008111193699, ""prior_probability"": 0.9958677685950413, ""score"": -0.004140792666031388}}"
86,Male,White,gender=Male,>50K,"{""age"": ""31"", ""workclass"": ""Private"", ""fnlwgt"": ""219509"", ""education"": ""HS-grad"", ""educational-num"": ""9"", ""marital-status"": ""Married-civ-spouse"", ""occupation"": ""Other-service"", ""relationship"": ""Husband"", ""race"": ""White"", ""capital-gain"": ""0"", ""capital-loss"": ""0"", ""hours-per-week"": ""40"", ""native-country"": ""Mexico""}",gender=Male,gender=Male,gender=Male,gender=Male,gender=Male,gender=Male,gender=Male,1,>50K | Husband | Married-civ-spouse | HS-grad | Private,2,2,"{""gender=Female"": ""<=50K"", ""gender=Male"": ""<=50K""}","{""gender=Female"": {""alpha"": 1.0, ""margin"": -0.7481353980188048, ""p_observed"": 0.12593230099059755, ""prior_probability"": 0.034482758620689655, ""score"": 0.12593230099059755}, ""gender=Male"": {""alpha"": 1.0, ""margin"": -0.7233714039183247, ""p_observed"": 0.13831429804083753, ""prior_probability"": 0.9655172413793104, ""score"": 0.13831429804083753}}","{""gender=Female"": {""alpha"": 1.0, ""margin"": -0.7481353980188048, ""p_observed"": 0.12593230099059755, ""prior_probability"": 0.034482758620689655, ""score"": -0.7481353980188048}, ""gender=Male"": {""alpha"": 1.0, ""margin"": -0.7233714039183247, ""p_observed"": 0.13831429804083753, ""prior_probability"": 0.9655172413793104, ""score"": -0.7233714039183247}}","{""gender=Female"": {""alpha"": 0.0, ""margin"": -0.7481353980188048, ""p_observed"": 0.12593230099059755, ""prior_probability"": 0.034482758620689655, ""score"": -3.367295829986474}, ""gender=Male"": {""alpha"": 0.0, ""margin"": -0.7233714039183247, ""p_observed"": 0.13831429804083753, ""prior_probability"": 0.9655172413793104, ""score"": -0.03509131981127006}}"
87,Female,Black,gender=Female,<=50K,"{""age"": ""47"", ""workclass"": ""Private"", ""fnlwgt"": ""299508"", ""education"": ""HS-grad"", ""educational-num"": ""9"", ""marital-status"": ""Divorced"", ""occupation"": ""Tech-support"", ""relationship"": ""Unmarried"", ""race"": ""Black"", ""capital-gain"": ""0"", ""capital-loss"": ""0"", ""hours-per-week"": ""55"", ""native-country"": ""United-States""}",gender=Male,gender=Female,gender=Female,,gender=Female,gender=Female,gender=Female,0,<=50K | Unmarried | Divorced | HS-grad | Private,2,2,"{""gender=Female"": ""<=50K"", ""gender=Male"": ""<=50K""}","{""gender=Female"": {""alpha"": 1.0, ""margin"": 0.9270966096531685, ""p_observed"": 0.9635483048265842, ""prior_probability"": 0.8571428571428571, ""score"": 0.9635483048265842}, ""gender=Male"": {""alpha"": 1.0, ""margin"": 0.8483060965321279, ""p_observed"": 0.9241530482660639, ""prior_probability"": 0.14285714285714285, ""score"": 0.9241530482660639}}","{""gender=Female"": {""alpha"": 1.0, ""margin"": 0.9270966096531685, ""p_observed"": 0.9635483048265842, ""prior_probability"": 0.8571428571428571, ""score"": 0.9270966096531685}, ""gender=Male"": {""alpha"": 1.0, ""margin"": 0.8483060965321279, ""p_observed"": 0.9241530482660639, ""prior_probability"": 0.14285714285714285, ""score"": 0.8483060965321279}}","{""gender=Female"": {""alpha"": 0.0, ""margin"": 0.9270966096531685, ""p_observed"": 0.9635483048265842, ""prior_probability"": 0.8571428571428571, ""score"": -0.15415067982725836}, ""gender=Male"": {""alpha"": 0.0, ""margin"": 0.8483060965321279, ""p_observed"": 0.9241530482660639, ""prior_probability"": 0.14285714285714285, ""score"": -1.9459101490553135}}"
88,Male,Black,gender=Male,>50K,"{""age"": ""46"", ""workclass"": ""Private"", ""fnlwgt"": ""503923"", ""education"": ""HS-grad"", ""educational-num"": ""9"", ""marital-status"": ""Married-civ-spouse"", ""occupation"": ""Machine-op-inspct"", ""relationship"": ""Husband"", ""race"": ""Black"", ""capital-gain"": ""4386"", ""capital-loss"": ""0"", ""hours-per-week"": ""40"", ""native-country"": ""United-States""}",gender=Male,gender=Male,gender=Male,gender=Male,gender=Male,gender=Male,gender=Male,1,>50K | Husband | Married-civ-spouse | HS-grad | Private,2,2,"{""gender=Female"": ""<=50K"", ""gender=Male"": ""<=50K""}","{""gender=Female"": {""alpha"": 1.0, ""margin"": -0.4777834333465662, ""p_observed"": 0.2611082833267167, ""prior_probability"": 0.009345794392523364, ""score"": 0.2611082833267167}, ""gender=Male"": {""alpha"": 1.0, ""margin"": -0.40483157546545284, ""p_observed"": 0.29758421226727344, ""prior_probability"": 0.9906542056074766, ""score"": 0.29758421226727344}}","{""gender=Female"": {""alpha"": 1.0, ""margin"": -0.4777834333465662, ""p_observed"": 0.2611082833267167, ""prior_probability"": 0.009345794392523364, ""score"": -0.4777834333465662}, ""gender=Male"": {""alpha"": 1.0, ""margin"": -0.40483157546545284, ""p_observed"": 0.29758421226727344, ""prior_probability"": 0.9906542056074766, ""score"": -0.40483157546545284}}","{""gender=Female"": {""alpha"": 0.0, ""margin"": -0.4777834333465662, ""p_observed"": 0.2611082833267167, ""prior_probability"": 0.009345794392523364, ""score"": -4.672828834461907}, ""gender=Male"": {""alpha"": 0.0, ""margin"": -0.40483157546545284, ""p_observed"": 0.29758421226727344, ""prior_probability"": 0.9906542056074766, ""score"": -0.009389740349839032}}"
89,Male,White,gender=Male,<=50K,"{""age"": ""32"", ""workclass"": ""Private"", ""fnlwgt"": ""268282"", ""education"": ""7th-8th"", ""educational-num"": ""4"", ""marital-status"": ""Married-spouse-absent"", ""occupation"": ""Farming-fishing"", ""relationship"": ""Other-relative"", ""race"": ""White"", ""capital-gain"": ""0"", ""capital-loss"": ""0"", ""hours-per-week"": ""35"", ""native-country"": ""Mexico""}",gender=Male,gender=Male,gender=Male,,gender=Female,gender=Female,gender=Male,0,<=50K | Other-relative | Married-spouse-absent | 7th-8th | Private,2,2,"{""gender=Female"": ""<=50K"", ""gender=Male"": ""<=50K""}","{""gender=Female"": {""alpha"": 1.0, ""margin"": 0.9498203223933877, ""p_observed"": 0.9749101611966939, ""prior_probability"": 0.4074074074074074, ""score"": 0.9749101611966939}, ""gender=Male"": {""alpha"": 1.0, ""margin"": 0.9275482678142192, ""p_observed"": 0.9637741339071095, ""prior_probability"": 0.5925925925925926, ""score"": 0.9637741339071095}}","{""gender=Female"": {""alpha"": 1.0, ""margin"": 0.9498203223933877, ""p_observed"": 0.9749101611966939, ""prior_probability"": 0.4074074074074074, ""score"": 0.9498203223933877}, ""gender=Male"": {""alpha"": 1.0, ""margin"": 0.9275482678142192, ""p_observed"": 0.9637741339071095, ""prior_probability"": 0.5925925925925926, ""score"": 0.9275482678142192}}","{""gender=Female"": {""alpha"": 0.0, ""margin"": 0.9498203223933877, ""p_observed"": 0.9749101611966939, ""prior_probability"": 0.4074074074074074, ""score"": -0.8979415932059586}, ""gender=Male"": {""alpha"": 0.0, ""margin"": 0.9275482678142192, ""p_observed"": 0.9637741339071095, ""prior_probability"": 0.5925925925925926, ""score"": -0.5232481437645479}}"
90,Male,White,gender=Male,<=50K,"{""age"": ""40"", ""workclass"": ""Private"", ""fnlwgt"": ""199303"", ""education"": ""HS-grad"", ""educational-num"": ""9"", ""marital-status"": ""Married-civ-spouse"", ""occupation"": ""Adm-clerical"", ""relationship"": ""Husband"", ""race"": ""White"", ""capital-gain"": ""0"", ""capital-loss"": ""0"", ""hours-per-week"": ""40"", ""native-country"": ""United-States""}",gender=Male,gender=Male,gender=Male,,gender=Female,gender=Female,gender=Male,0,<=50K | Husband | Married-civ-spouse | HS-grad | Private,2,2,"{""gender=Female"": ""<=50K"", ""gender=Male"": ""<=50K""}","{""gender=Female"": {""alpha"": 1.0, ""margin"": 0.44417499282147327, ""p_observed"": 0.7220874964107364, ""prior_probability"": 0.008771929824561403, ""score"": 0.7220874964107364}, ""gender=Male"": {""alpha"": 1.0, ""margin"": 0.3692655745044554, ""p_observed"": 0.6846327872522276, ""prior_probability"": 0.9912280701754386, ""score"": 0.6846327872522276}}","{""gender=Female"": {""alpha"": 1.0, ""margin"": 0.44417499282147327, ""p_observed"": 0.7220874964107364, ""prior_probability"": 0.008771929824561403, ""score"": 0.44417499282147327}, ""gender=Male"": {""alpha"": 1.0, ""margin"": 0.3692655745044554, ""p_observed"": 0.6846327872522276, ""prior_probability"": 0.9912280701754386, ""score"": 0.3692655745044554}}","{""gender=Female"": {""alpha"": 0.0, ""margin"": 0.44417499282147327, ""p_observed"": 0.7220874964107364, ""prior_probability"": 0.008771929824561403, ""score"": -4.736198448394496}, ""gender=Male"": {""alpha"": 0.0, ""margin"": 0.3692655745044554, ""p_observed"": 0.6846327872522276, ""prior_probability"": 0.9912280701754386, ""score"": -0.00881062968215492}}"
91,Male,White,gender=Male,>50K,"{""age"": ""32"", ""workclass"": ""Private"", ""fnlwgt"": ""220333"", ""education"": ""HS-grad"", ""educational-num"": ""9"", ""marital-status"": ""Married-civ-spouse"", ""occupation"": ""Craft-repair"", ""relationship"": ""Husband"", ""race"": ""White"", ""capital-gain"": ""7298"", ""capital-loss"": ""0"", ""hours-per-week"": ""46"", ""native-country"": ""United-States""}",gender=Male,gender=Male,gender=Male,gender=Male,gender=Male,gender=Male,gender=Male,1,>50K | Husband | Married-civ-spouse | HS-grad | Private,2,2,"{""gender=Female"": "">50K"", ""gender=Male"": "">50K""}","{""gender=Female"": {""alpha"": 1.0, ""margin"": 0.32460784588062025, ""p_observed"": 0.6623039229403102, ""prior_probability"": 0.0031847133757961785, ""score"": 0.6623039229403102}, ""gender=Male"": {""alpha"": 1.0, ""margin"": 0.5538178545209714, ""p_observed"": 0.7769089272604857, ""prior_probability"": 0.9968152866242038, ""score"": 0.7769089272604857}}","{""gender=Female"": {""alpha"": 1.0, ""margin"": 0.32460784588062025, ""p_observed"": 0.6623039229403102, ""prior_probability"": 0.0031847133757961785, ""score"": 0.32460784588062025}, ""gender=Male"": {""alpha"": 1.0, ""margin"": 0.5538178545209714, ""p_observed"": 0.7769089272604857, ""prior_probability"": 0.9968152866242038, ""score"": 0.5538178545209714}}","{""gender=Female"": {""alpha"": 0.0, ""margin"": 0.32460784588062025, ""p_observed"": 0.6623039229403102, ""prior_probability"": 0.0031847133757961785, ""score"": -5.749392985908253}, ""gender=Male"": {""alpha"": 0.0, ""margin"": 0.5538178545209714, ""p_observed"": 0.7769089272604857, ""prior_probability"": 0.9968152866242038, ""score"": -0.0031897953681001494}}"
92,Male,Black,gender=Male,<=50K,"{""age"": ""21"", ""workclass"": ""Private"", ""fnlwgt"": ""565313"", ""education"": ""HS-grad"", ""educational-num"": ""9"", ""marital-status"": ""Never-married"", ""occupation"": ""Other-service"", ""relationship"": ""Own-child"", ""race"": ""Black"", ""capital-gain"": ""0"", ""capital-loss"": ""0"", ""hours-per-week"": ""40"", ""native-country"": ""United-States""}",gender=Male,gender=Male,gender=Male,gender=Male,gender=Male,gender=Male,gender=Male,1,<=50K | Own-child | Never-married | HS-grad | Private,2,2,"{""gender=Female"": ""<=50K"", ""gender=Male"": ""<=50K""}","{""gender=Female"": {""alpha"": 1.0, ""margin"": 0.9893593479519652, ""p_observed"": 0.9946796739759826, ""prior_probability"": 0.4854368932038835, ""score"": 0.9946796739759826}, ""gender=Male"": {""alpha"": 1.0, ""margin"": 0.9909385243572546, ""p_observed"": 0.9954692621786272, ""prior_probability"": 0.5145631067961165, ""score"": 0.9954692621786272}}","{""gender=Female"": {""alpha"": 1.0, ""margin"": 0.9893593479519652, ""p_observed"": 0.9946796739759826, ""prior_probability"": 0.4854368932038835, ""score"": 0.9893593479519652}, ""gender=Male"": {""alpha"": 1.0, ""margin"": 0.9909385243572546, ""p_observed"": 0.9954692621786272, ""prior_probability"": 0.5145631067961165, ""score"": 0.9909385243572546}}","{""gender=Female"": {""alpha"": 0.0, ""margin"": 0.9893593479519652, ""p_observed"": 0.9946796739759826, ""prior_probability"": 0.4854368932038835, ""score"": -0.7227059828014897}, ""gender=Male"": {""alpha"": 0.0, ""margin"": 0.9909385243572546, ""p_observed"": 0.9954692621786272, ""prior_probability"": 0.5145631067961165, ""score"": -0.6644370746775139}}"
93,Female,White,gender=Female,<=50K,"{""age"": ""33"", ""workclass"": ""Private"", ""fnlwgt"": ""121966"", ""education"": ""HS-grad"", ""educational-num"": ""9"", ""marital-status"": ""Divorced"", ""occupation"": ""Adm-clerical"", ""relationship"": ""Not-in-family"", ""race"": ""White"", ""capital-gain"": ""0"", ""capital-loss"": ""0"", ""hours-per-week"": ""40"", ""native-country"": ""United-States""}",gender=Male,gender=Female,gender=Female,,gender=Female,gender=Female,gender=Female,0,<=50K | Not-in-family | Divorced | HS-grad | Private,2,2,"{""gender=Female"": ""<=50K"", ""gender=Male"": ""<=50K""}","{""gender=Female"": {""alpha"": 1.0, ""margin"": 0.9477323382247466, ""p_observed"": 0.9738661691123731, ""prior_probability"": 0.8695652173913043, ""score"": 0.9738661691123731}, ""gender=Male"": {""alpha"": 1.0, ""margin"": 0.9219087785860939, ""p_observed"": 0.9609543892930468, ""prior_probability"": 0.13043478260869565, ""score"": 0.9609543892930468}}","{""gender=Female"": {""alpha"": 1.0, ""margin"": 0.9477323382247466, ""p_observed"": 0.9738661691123731, ""prior_probability"": 0.8695652173913043, ""score"": 0.9477323382247466}, ""gender=Male"": {""alpha"": 1.0, ""margin"": 0.9219087785860939, ""p_observed"": 0.9609543892930468, ""prior_probability"": 0.13043478260869565, ""score"": 0.9219087785860939}}","{""gender=Female"": {""alpha"": 0.0, ""margin"": 0.9477323382247466, ""p_observed"": 0.9738661691123731, ""prior_probability"": 0.8695652173913043, ""score"": -0.13976194237515874}, ""gender=Male"": {""alpha"": 0.0, ""margin"": 0.9219087785860939, ""p_observed"": 0.9609543892930468, ""prior_probability"": 0.13043478260869565, ""score"": -2.03688192726104}}"
94,Male,White,gender=Male,<=50K,"{""age"": ""40"", ""workclass"": ""Private"", ""fnlwgt"": ""226027"", ""education"": ""HS-grad"", ""educational-num"": ""9"", ""marital-status"": ""Married-civ-spouse"", ""occupation"": ""Transport-moving"", ""relationship"": ""Husband"", ""race"": ""White"", ""capital-gain"": ""0"", ""capital-loss"": ""0"", ""hours-per-week"": ""20"", ""native-country"": ""United-States""}",gender=Male,gender=Male,gender=Male,,gender=Female,gender=Female,gender=Male,0,<=50K | Husband | Married-civ-spouse | HS-grad | Private,2,2,"{""gender=Female"": ""<=50K"", ""gender=Male"": ""<=50K""}","{""gender=Female"": {""alpha"": 1.0, ""margin"": 0.5387968351498393, ""p_observed"": 0.7693984175749196, ""prior_probability"": 0.003125, ""score"": 0.7693984175749196}, ""gender=Male"": {""alpha"": 1.0, ""margin"": 0.4931720302245924, ""p_observed"": 0.746586015112296, ""prior_probability"": 0.996875, ""score"": 0.746586015112296}}","{""gender=Female"": {""alpha"": 1.0, ""margin"": 0.5387968351498393, ""p_observed"": 0.7693984175749196, ""prior_probability"": 0.003125, ""score"": 0.5387968351498393}, ""gender=Male"": {""alpha"": 1.0, ""margin"": 0.4931720302245924, ""p_observed"": 0.746586015112296, ""prior_probability"": 0.996875, ""score"": 0.4931720302245924}}","{""gender=Female"": {""alpha"": 0.0, ""margin"": 0.5387968351498393, ""p_observed"": 0.7693984175749196, ""prior_probability"": 0.003125, ""score"": -5.768320995793772}, ""gender=Male"": {""alpha"": 0.0, ""margin"": 0.4931720302245924, ""p_observed"": 0.746586015112296, ""prior_probability"": 0.996875, ""score"": -0.0031298930089277044}}"
95,Male,White,gender=Male,<=50K,"{""age"": ""48"", ""workclass"": ""Private"", ""fnlwgt"": ""168462"", ""education"": ""HS-grad"", ""educational-num"": ""9"", ""marital-status"": ""Married-civ-spouse"", ""occupation"": ""Transport-moving"", ""relationship"": ""Husband"", ""race"": ""White"", ""capital-gain"": ""0"", ""capital-loss"": ""0"", ""hours-per-week"": ""40"", ""native-country"": ""United-States""}",gender=Male,gender=Male,gender=Male,,gender=Female,gender=Female,gender=Male,0,<=50K | Husband | Married-civ-spouse | HS-grad | Private,2,2,"{""gender=Female"": ""<=50K"", ""gender=Male"": ""<=50K""}","{""gender=Female"": {""alpha"": 1.0, ""margin"": 0.45715546217816916, ""p_observed"": 0.7285777310890844, ""prior_probability"": 0.003125, ""score"": 0.7285777310890844}, ""gender=Male"": {""alpha"": 1.0, ""margin"": 0.39214072724784915, ""p_observed"": 0.6960703636239245, ""prior_probability"": 0.996875, ""score"": 0.6960703636239245}}","{""gender=Female"": {""alpha"": 1.0, ""margin"": 0.45715546217816916, ""p_observed"": 0.7285777310890844, ""prior_probability"": 0.003125, ""score"": 0.45715546217816916}, ""gender=Male"": {""alpha"": 1.0, ""margin"": 0.39214072724784915, ""p_observed"": 0.6960703636239245, ""prior_probability"": 0.996875, ""score"": 0.39214072724784915}}","{""gender=Female"": {""alpha"": 0.0, ""margin"": 0.45715546217816916, ""p_observed"": 0.7285777310890844, ""prior_probability"": 0.003125, ""score"": -5.768320995793772}, ""gender=Male"": {""alpha"": 0.0, ""margin"": 0.39214072724784915, ""p_observed"": 0.6960703636239245, ""prior_probability"": 0.996875, ""score"": -0.0031298930089277044}}"
96,Male,White,gender=Male,<=50K,"{""age"": ""27"", ""workclass"": ""Private"", ""fnlwgt"": ""208703"", ""education"": ""HS-grad"", ""educational-num"": ""9"", ""marital-status"": ""Never-married"", ""occupation"": ""Protective-serv"", ""relationship"": ""Own-child"", ""race"": ""White"", ""capital-gain"": ""0"", ""capital-loss"": ""0"", ""hours-per-week"": ""40"", ""native-country"": ""Japan""}",gender=Male,gender=Male,gender=Male,gender=Male,gender=Female,gender=Female,gender=Male,1,<=50K | Own-child | Never-married | HS-grad | Private,2,2,"{""gender=Female"": ""<=50K"", ""gender=Male"": ""<=50K""}","{""gender=Female"": {""alpha"": 1.0, ""margin"": 0.9744131831316041, ""p_observed"": 0.9872065915658019, ""prior_probability"": 0.11764705882352941, ""score"": 0.9872065915658019}, ""gender=Male"": {""alpha"": 1.0, ""margin"": 0.9678083236873805, ""p_observed"": 0.98390416184369, ""prior_probability"": 0.8823529411764706, ""score"": 0.98390416184369}}","{""gender=Female"": {""alpha"": 1.0, ""margin"": 0.9744131831316041, ""p_observed"": 0.9872065915658019, ""prior_probability"": 0.11764705882352941, ""score"": 0.9744131831316041}, ""gender=Male"": {""alpha"": 1.0, ""margin"": 0.9678083236873805, ""p_observed"": 0.98390416184369, ""prior_probability"": 0.8823529411764706, ""score"": 0.9678083236873805}}","{""gender=Female"": {""alpha"": 0.0, ""margin"": 0.9744131831316041, ""p_observed"": 0.9872065915658019, ""prior_probability"": 0.11764705882352941, ""score"": -2.1400661634962708}, ""gender=Male"": {""alpha"": 0.0, ""margin"": 0.9678083236873805, ""p_observed"": 0.98390416184369, ""prior_probability"": 0.8823529411764706, ""score"": -0.12516314295400605}}"
97,Male,White,gender=Male,>50K,"{""age"": ""32"", ""workclass"": ""Private"", ""fnlwgt"": ""106014"", ""education"": ""Some-college"", ""educational-num"": ""10"", ""marital-status"": ""Married-civ-spouse"", ""occupation"": ""Sales"", ""relationship"": ""Husband"", ""race"": ""White"", ""capital-gain"": ""5178"", ""capital-loss"": ""0"", ""hours-per-week"": ""50"", ""native-country"": ""United-States""}",gender=Male,gender=Male,gender=Male,,gender=Male,gender=Male,gender=Male,0,>50K | Husband | Married-civ-spouse | Some-college | Private,2,2,"{""gender=Female"": "">50K"", ""gender=Male"": "">50K""}","{""gender=Female"": {""alpha"": 1.0, ""margin"": 0.20482943362463796, ""p_observed"": 0.602414716812319, ""prior_probability"": 0.0070921985815602835, ""score"": 0.602414716812319}, ""gender=Male"": {""alpha"": 1.0, ""margin"": 0.520078051862054, ""p_observed"": 0.760039025931027, ""prior_probability"": 0.9929078014184397, ""score"": 0.760039025931027}}","{""gender=Female"": {""alpha"": 1.0, ""margin"": 0.20482943362463796, ""p_observed"": 0.602414716812319, ""prior_probability"": 0.0070921985815602835, ""score"": 0.20482943362463796}, ""gender=Male"": {""alpha"": 1.0, ""margin"": 0.520078051862054, ""p_observed"": 0.760039025931027, ""prior_probability"": 0.9929078014184397, ""score"": 0.520078051862054}}","{""gender=Female"": {""alpha"": 0.0, ""margin"": 0.20482943362463796, ""p_observed"": 0.602414716812319, ""prior_probability"": 0.0070921985815602835, ""score"": -4.948759890378168}, ""gender=Male"": {""alpha"": 0.0, ""margin"": 0.520078051862054, ""p_observed"": 0.760039025931027, ""prior_probability"": 0.9929078014184397, ""score"": -0.0071174677688639896}}"
98,Male,White,gender=Male,<=50K,"{""age"": ""31"", ""workclass"": ""Private"", ""fnlwgt"": ""85374"", ""education"": ""HS-grad"", ""educational-num"": ""9"", ""marital-status"": ""Never-married"", ""occupation"": ""Other-service"", ""relationship"": ""Not-in-family"", ""race"": ""White"", ""capital-gain"": ""0"", ""capital-loss"": ""0"", ""hours-per-week"": ""42"", ""native-country"": ""United-States""}",gender=Male,gender=Female,gender=Female,gender=Female,gender=Female,gender=Female,gender=Female,1,<=50K | Not-in-family | Never-married | HS-grad | Private,2,2,"{""gender=Female"": ""<=50K"", ""gender=Male"": ""<=50K""}","{""gender=Female"": {""alpha"": 1.0, ""margin"": 0.9716693073978039, ""p_observed"": 0.985834653698902, ""prior_probability"": 0.5478723404255319, ""score"": 0.985834653698902}, ""gender=Male"": {""alpha"": 1.0, ""margin"": 0.96469667090263, ""p_observed"": 0.982348335451315, ""prior_probability"": 0.4521276595744681, ""score"": 0.982348335451315}}","{""gender=Female"": {""alpha"": 1.0, ""margin"": 0.9716693073978039, ""p_observed"": 0.985834653698902, ""prior_probability"": 0.5478723404255319, ""score"": 0.9716693073978039}, ""gender=Male"": {""alpha"": 1.0, ""margin"": 0.96469667090263, ""p_observed"": 0.982348335451315, ""prior_probability"": 0.4521276595744681, ""score"": 0.96469667090263}}","{""gender=Female"": {""alpha"": 0.0, ""margin"": 0.9716693073978039, ""p_observed"": 0.985834653698902, ""prior_probability"": 0.5478723404255319, ""score"": -0.6017129746003135}, ""gender=Male"": {""alpha"": 0.0, ""margin"": 0.96469667090263, ""p_observed"": 0.982348335451315, ""prior_probability"": 0.4521276595744681, ""score"": -0.7937907063396327}}"
99,Female,White,gender=Female,>50K,"{""age"": ""61"", ""workclass"": ""Private"", ""fnlwgt"": ""170262"", ""education"": ""HS-grad"", ""educational-num"": ""9"", ""marital-status"": ""Married-civ-spouse"", ""occupation"": ""Exec-managerial"", ""relationship"": ""Wife"", ""race"": ""White"", ""capital-gain"": ""15024"", ""capital-loss"": ""0"", ""hours-per-week"": ""38"", ""native-country"": ""United-States""}",gender=Male,gender=Female,gender=Female,,gender=Female,gender=Female,gender=Female,0,>50K | Wife | Married-civ-spouse | HS-grad | Private,2,2,"{""gender=Female"": "">50K"", ""gender=Male"": "">50K""}","{""gender=Female"": {""alpha"": 1.0, ""margin"": 0.5805835871412042, ""p_observed"": 0.7902917935706021, ""prior_probability"": 0.9583333333333334, ""score"": 0.7902917935706021}, ""gender=Male"": {""alpha"": 1.0, ""margin"": 0.5117011248896429, ""p_observed"": 0.7558505624448215, ""prior_probability"": 0.041666666666666664, ""score"": 0.7558505624448215}}","{""gender=Female"": {""alpha"": 1.0, ""margin"": 0.5805835871412042, ""p_observed"": 0.7902917935706021, ""prior_probability"": 0.9583333333333334, ""score"": 0.5805835871412042}, ""gender=Male"": {""alpha"": 1.0, ""margin"": 0.5117011248896429, ""p_observed"": 0.7558505624448215, ""prior_probability"": 0.041666666666666664, ""score"": 0.5117011248896429}}","{""gender=Female"": {""alpha"": 0.0, ""margin"": 0.5805835871412042, ""p_observed"": 0.7902917935706021, ""prior_probability"": 0.9583333333333334, ""score"": -0.04255961441879589}, ""gender=Male"": {""alpha"": 0.0, ""margin"": 0.5117011248896429, ""p_observed"": 0.7558505624448215, ""prior_probability"": 0.041666666666666664, ""score"": -3.1780538303479458}}"
100,Male,White,gender=Male,<=50K,"{""age"": ""64"", ""workclass"": ""Private"", ""fnlwgt"": ""316627"", ""education"": ""5th-6th"", ""educational-num"": ""3"", ""marital-status"": ""Divorced"", ""occupation"": ""Craft-repair"", ""relationship"": ""Not-in-family"", ""race"": ""White"", ""capital-gain"": ""0"", ""capital-loss"": ""0"", ""hours-per-week"": ""40"", ""native-country"": ""United-States""}",gender=Male,gender=Female,gender=Female,,gender=Female,gender=Female,gender=Female,0,<=50K | Not-in-family | Divorced | 5th-6th | Private,2,2,"{""gender=Female"": ""<=50K"", ""gender=Male"": ""<=50K""}","{""gender=Female"": {""alpha"": 1.0, ""margin"": 0.9116962501930301, ""p_observed"": 0.955848125096515, ""prior_probability"": 0.5212765957446809, ""score"": 0.955848125096515}, ""gender=Male"": {""alpha"": 1.0, ""margin"": 0.8722876008819104, ""p_observed"": 0.9361438004409551, ""prior_probability"": 0.4787234042553192, ""score"": 0.9361438004409551}}","{""gender=Female"": {""alpha"": 1.0, ""margin"": 0.9116962501930301, ""p_observed"": 0.955848125096515, ""prior_probability"": 0.5212765957446809, ""score"": 0.9116962501930301}, ""gender=Male"": {""alpha"": 1.0, ""margin"": 0.8722876008819104, ""p_observed"": 0.9361438004409551, ""prior_probability"": 0.4787234042553192, ""score"": 0.8722876008819104}}","{""gender=Female"": {""alpha"": 0.0, ""margin"": 0.9116962501930301, ""p_observed"": 0.955848125096515, ""prior_probability"": 0.5212765957446809, ""score"": -0.6514744841593773}, ""gender=Male"": {""alpha"": 0.0, ""margin"": 0.8722876008819104, ""p_observed"": 0.9361438004409551, ""prior_probability"": 0.4787234042553192, ""score"": -0.7366322924996841}}"
101,Male,White,gender=Male,<=50K,"{""age"": ""40"", ""workclass"": ""Private"", ""fnlwgt"": ""156526"", ""education"": ""Bachelors"", ""educational-num"": ""13"", ""marital-status"": ""Married-civ-spouse"", ""occupation"": ""Exec-managerial"", ""relationship"": ""Husband"", ""race"": ""White"", ""capital-gain"": ""0"", ""capital-loss"": ""0"", ""hours-per-week"": ""40"", ""native-country"": ""United-States""}",gender=Male,gender=Male,gender=Male,,gender=Female,gender=Female,gender=Male,0,<=50K | Husband | Married-civ-spouse | Bachelors | Private,2,2,"{""gender=Female"": "">50K"", ""gender=Male"": "">50K""}","{""gender=Female"": {""alpha"": 1.0, ""margin"": -0.11445250046337485, ""p_observed"": 0.44277374976831263, ""prior_probability"": 0.00641025641025641, ""score"": 0.44277374976831263}, ""gender=Male"": {""alpha"": 1.0, ""margin"": -0.34725696081569124, ""p_observed"": 0.3263715195921544, ""prior_probability"": 0.9935897435897436, ""score"": 0.3263715195921544}}","{""gender=Female"": {""alpha"": 1.0, ""margin"": -0.11445250046337485, ""p_observed"": 0.44277374976831263, ""prior_probability"": 0.00641025641025641, ""score"": -0.11445250046337485}, ""gender=Male"": {""alpha"": 1.0, ""margin"": -0.34725696081569124, ""p_observed"": 0.3263715195921544, ""prior_probability"": 0.9935897435897436, ""score"": -0.34725696081569124}}","{""gender=Female"": {""alpha"": 0.0, ""margin"": -0.11445250046337485, ""p_observed"": 0.44277374976831263, ""prior_probability"": 0.00641025641025641, ""score"": -5.049856007249537}, ""gender=Male"": {""alpha"": 0.0, ""margin"": -0.34725696081569124, ""p_observed"": 0.3263715195921544, ""prior_probability"": 0.9935897435897436, ""score"": -0.0064308903302904025}}"
102,Male,White,gender=Male,<=50K,"{""age"": ""35"", ""workclass"": ""Private"", ""fnlwgt"": ""207202"", ""education"": ""10th"", ""educational-num"": ""6"", ""marital-status"": ""Married-civ-spouse"", ""occupation"": ""Transport-moving"", ""relationship"": ""Husband"", ""race"": ""White"", ""capital-gain"": ""0"", ""capital-loss"": ""0"", ""hours-per-week"": ""70"", ""native-country"": ""United-States""}",gender=Male,gender=Male,gender=Male,,gender=Female,gender=Female,gender=Male,0,<=50K | Husband | Married-civ-spouse | 10th | Private,2,2,"{""gender=Female"": ""<=50K"", ""gender=Male"": ""<=50K""}","{""gender=Female"": {""alpha"": 1.0, ""margin"": 0.4588588472546354, ""p_observed"": 0.7294294236273176, ""prior_probability"": 0.02702702702702703, ""score"": 0.7294294236273176}, ""gender=Male"": {""alpha"": 1.0, ""margin"": 0.41255024279317304, ""p_observed"": 0.7062751213965864, ""prior_probability"": 0.972972972972973, ""score"": 0.7062751213965864}}","{""gender=Female"": {""alpha"": 1.0, ""margin"": 0.4588588472546354, ""p_observed"": 0.7294294236273176, ""prior_probability"": 0.02702702702702703, ""score"": 0.4588588472546354}, ""gender=Male"": {""alpha"": 1.0, ""margin"": 0.41255024279317304, ""p_observed"": 0.7062751213965864, ""prior_probability"": 0.972972972972973, ""score"": 0.41255024279317304}}","{""gender=Female"": {""alpha"": 0.0, ""margin"": 0.4588588472546354, ""p_observed"": 0.7294294236273176, ""prior_probability"": 0.02702702702702703, ""score"": -3.6109179126442243}, ""gender=Male"": {""alpha"": 0.0, ""margin"": 0.41255024279317304, ""p_observed"": 0.7062751213965864, ""prior_probability"": 0.972972972972973, ""score"": -0.027398974188114388}}"
103,Female,White,gender=Female,<=50K,"{""age"": ""24"", ""workclass"": ""Private"", ""fnlwgt"": ""163665"", ""education"": ""Bachelors"", ""educational-num"": ""13"", ""marital-status"": ""Never-married"", ""occupation"": ""Other-service"", ""relationship"": ""Own-child"", ""race"": ""White"", ""capital-gain"": ""0"", ""capital-loss"": ""0"", ""hours-per-week"": ""40"", ""native-country"": ""United-States""}",gender=Male,gender=Female,gender=Female,,gender=Female,gender=Female,gender=Female,0,<=50K | Own-child | Never-married | Bachelors | Private,2,2,"{""gender=Female"": ""<=50K"", ""gender=Male"": ""<=50K""}","{""gender=Female"": {""alpha"": 1.0, ""margin"": 0.9690502287712405, ""p_observed"": 0.9845251143856203, ""prior_probability"": 0.6666666666666666, ""score"": 0.9845251143856203}, ""gender=Male"": {""alpha"": 1.0, ""margin"": 0.9545863770392421, ""p_observed"": 0.977293188519621, ""prior_probability"": 0.3333333333333333, ""score"": 0.977293188519621}}","{""gender=Female"": {""alpha"": 1.0, ""margin"": 0.9690502287712405, ""p_observed"": 0.9845251143856203, ""prior_probability"": 0.6666666666666666, ""score"": 0.9690502287712405}, ""gender=Male"": {""alpha"": 1.0, ""margin"": 0.9545863770392421, ""p_observed"": 0.977293188519621, ""prior_probability"": 0.3333333333333333, ""score"": 0.9545863770392421}}","{""gender=Female"": {""alpha"": 0.0, ""margin"": 0.9690502287712405, ""p_observed"": 0.9845251143856203, ""prior_probability"": 0.6666666666666666, ""score"": -0.40546510810816444}, ""gender=Male"": {""alpha"": 0.0, ""margin"": 0.9545863770392421, ""p_observed"": 0.977293188519621, ""prior_probability"": 0.3333333333333333, ""score"": -1.0986122886681098}}"
104,Female,White,gender=Female,<=50K,"{""age"": ""53"", ""workclass"": ""Private"", ""fnlwgt"": ""117058"", ""education"": ""HS-grad"", ""educational-num"": ""9"", ""marital-status"": ""Divorced"", ""occupation"": ""Other-service"", ""relationship"": ""Unmarried"", ""race"": ""White"", ""capital-gain"": ""0"", ""capital-loss"": ""0"", ""hours-per-week"": ""40"", ""native-country"": ""United-States""}",gender=Male,gender=Female,gender=Female,,gender=Female,gender=Female,gender=Female,0,<=50K | Unmarried | Divorced | HS-grad | Private,2,2,"{""gender=Female"": ""<=50K"", ""gender=Male"": ""<=50K""}","{""gender=Female"": {""alpha"": 1.0, ""margin"": 0.9717809888269594, ""p_observed"": 0.9858904944134798, ""prior_probability"": 0.8674698795180723, ""score"": 0.9858904944134798}, ""gender=Male"": {""alpha"": 1.0, ""margin"": 0.9318435822093932, ""p_observed"": 0.9659217911046966, ""prior_probability"": 0.13253012048192772, ""score"": 0.9659217911046966}}","{""gender=Female"": {""alpha"": 1.0, ""margin"": 0.9717809888269594, ""p_observed"": 0.9858904944134798, ""prior_probability"": 0.8674698795180723, ""score"": 0.9717809888269594}, ""gender=Male"": {""alpha"": 1.0, ""margin"": 0.9318435822093932, ""p_observed"": 0.9659217911046966, ""prior_probability"": 0.13253012048192772, ""score"": 0.9318435822093932}}","{""gender=Female"": {""alpha"": 0.0, ""margin"": 0.9717809888269594, ""p_observed"": 0.9858904944134798, ""prior_probability"": 0.8674698795180723, ""score"": -0.1421744887805426}, ""gender=Male"": {""alpha"": 0.0, ""margin"": 0.9318435822093932, ""p_observed"": 0.9659217911046966, ""prior_probability"": 0.13253012048192772, ""score"": -2.020945334998227}}"
105,Male,Black,gender=Male,<=50K,"{""age"": ""18"", ""workclass"": ""Private"", ""fnlwgt"": ""157273"", ""education"": ""10th"", ""educational-num"": ""6"", ""marital-status"": ""Never-married"", ""occupation"": ""Other-service"", ""relationship"": ""Other-relative"", ""race"": ""Black"", ""capital-gain"": ""0"", ""capital-loss"": ""0"", ""hours-per-week"": ""15"", ""native-country"": ""United-States""}",gender=Male,gender=Male,gender=Male,,gender=Female,gender=Female,gender=Male,0,<=50K | Other-relative | Never-married | 10th | Private,2,2,"{""gender=Female"": ""<=50K"", ""gender=Male"": ""<=50K""}","{""gender=Female"": {""alpha"": 1.0, ""margin"": 0.9883071539454553, ""p_observed"": 0.9941535769727278, ""prior_probability"": 0.36363636363636365, ""score"": 0.9941535769727278}, ""gender=Male"": {""alpha"": 1.0, ""margin"": 0.9827105614330274, ""p_observed"": 0.9913552807165138, ""prior_probability"": 0.6363636363636364, ""score"": 0.9913552807165138}}","{""gender=Female"": {""alpha"": 1.0, ""margin"": 0.9883071539454553, ""p_observed"": 0.9941535769727278, ""prior_probability"": 0.36363636363636365, ""score"": 0.9883071539454553}, ""gender=Male"": {""alpha"": 1.0, ""margin"": 0.9827105614330274, ""p_observed"": 0.9913552807165138, ""prior_probability"": 0.6363636363636364, ""score"": 0.9827105614330274}}","{""gender=Female"": {""alpha"": 0.0, ""margin"": 0.9883071539454553, ""p_observed"": 0.9941535769727278, ""prior_probability"": 0.36363636363636365, ""score"": -1.0116009116784799}, ""gender=Male"": {""alpha"": 0.0, ""margin"": 0.9827105614330274, ""p_observed"": 0.9913552807165138, ""prior_probability"": 0.6363636363636364, ""score"": -0.45198512374305727}}"
106,Male,White,gender=Male,<=50K,"{""age"": ""17"", ""workclass"": ""Private"", ""fnlwgt"": ""364952"", ""education"": ""10th"", ""educational-num"": ""6"", ""marital-status"": ""Married-spouse-absent"", ""occupation"": ""Other-service"", ""relationship"": ""Other-relative"", ""race"": ""White"", ""capital-gain"": ""0"", ""capital-loss"": ""0"", ""hours-per-week"": ""40"", ""native-country"": ""United-States""}",gender=Male,gender=Male,gender=Male,,gender=Female,gender=Female,gender=Male,0,<=50K | Other-relative | Married-spouse-absent | 10th | Private,2,2,"{""gender=Female"": ""<=50K"", ""gender=Male"": ""<=50K""}","{""gender=Female"": {""alpha"": 1.0, ""margin"": 0.9540658140770701, ""p_observed"": 0.9770329070385351, ""prior_probability"": 0.4074074074074074, ""score"": 0.9770329070385351}, ""gender=Male"": {""alpha"": 1.0, ""margin"": 0.9464491836126097, ""p_observed"": 0.9732245918063048, ""prior_probability"": 0.5925925925925926, ""score"": 0.9732245918063048}}","{""gender=Female"": {""alpha"": 1.0, ""margin"": 0.9540658140770701, ""p_observed"": 0.9770329070385351, ""prior_probability"": 0.4074074074074074, ""score"": 0.9540658140770701}, ""gender=Male"": {""alpha"": 1.0, ""margin"": 0.9464491836126097, ""p_observed"": 0.9732245918063048, ""prior_probability"": 0.5925925925925926, ""score"": 0.9464491836126097}}","{""gender=Female"": {""alpha"": 0.0, ""margin"": 0.9540658140770701, ""p_observed"": 0.9770329070385351, ""prior_probability"": 0.4074074074074074, ""score"": -0.8979415932059586}, ""gender=Male"": {""alpha"": 0.0, ""margin"": 0.9464491836126097, ""p_observed"": 0.9732245918063048, ""prior_probability"": 0.5925925925925926, ""score"": -0.5232481437645479}}"
107,Male,White,gender=Male,<=50K,"{""age"": ""24"", ""workclass"": ""Private"", ""fnlwgt"": ""259510"", ""education"": ""Bachelors"", ""educational-num"": ""13"", ""marital-status"": ""Married-civ-spouse"", ""occupation"": ""Prof-specialty"", ""relationship"": ""Husband"", ""race"": ""White"", ""capital-gain"": ""5013"", ""capital-loss"": ""0"", ""hours-per-week"": ""30"", ""native-country"": ""United-States""}",gender=Male,gender=Male,gender=Male,,gender=Female,gender=Female,gender=Male,0,<=50K | Husband | Married-civ-spouse | Bachelors | Private,2,2,"{""gender=Female"": ""<=50K"", ""gender=Male"": ""<=50K""}","{""gender=Female"": {""alpha"": 1.0, ""margin"": 0.4562348117457565, ""p_observed"": 0.7281174058728783, ""prior_probability"": 0.00625, ""score"": 0.7281174058728783}, ""gender=Male"": {""alpha"": 1.0, ""margin"": 0.4295476389727598, ""p_observed"": 0.71477381948638, ""prior_probability"": 0.99375, ""score"": 0.71477381948638}}","{""gender=Female"": {""alpha"": 1.0, ""margin"": 0.4562348117457565, ""p_observed"": 0.7281174058728783, ""prior_probability"": 0.00625, ""score"": 0.4562348117457565}, ""gender=Male"": {""alpha"": 1.0, ""margin"": 0.4295476389727598, ""p_observed"": 0.71477381948638, ""prior_probability"": 0.99375, ""score"": 0.4295476389727598}}","{""gender=Female"": {""alpha"": 0.0, ""margin"": 0.4562348117457565, ""p_observed"": 0.7281174058728783, ""prior_probability"": 0.00625, ""score"": -5.075173815233827}, ""gender=Male"": {""alpha"": 0.0, ""margin"": 0.4295476389727598, ""p_observed"": 0.71477381948638, ""prior_probability"": 0.99375, ""score"": -0.006269613013595374}}"
108,Male,White,gender=Male,>50K,"{""age"": ""48"", ""workclass"": ""Private"", ""fnlwgt"": ""162187"", ""education"": ""Bachelors"", ""educational-num"": ""13"", ""marital-status"": ""Married-civ-spouse"", ""occupation"": ""Exec-managerial"", ""relationship"": ""Husband"", ""race"": ""White"", ""capital-gain"": ""0"", ""capital-loss"": ""0"", ""hours-per-week"": ""48"", ""native-country"": ""United-States""}",gender=Male,gender=Male,gender=Male,gender=Male,gender=Male,gender=Male,gender=Male,1,>50K | Husband | Married-civ-spouse | Bachelors | Private,2,2,"{""gender=Female"": "">50K"", ""gender=Male"": "">50K""}","{""gender=Female"": {""alpha"": 1.0, ""margin"": 0.2284995504684439, ""p_observed"": 0.6142497752342219, ""prior_probability"": 0.00186219739292365, ""score"": 0.6142497752342219}, ""gender=Male"": {""alpha"": 1.0, ""margin"": 0.526064608914248, ""p_observed"": 0.763032304457124, ""prior_probability"": 0.9981378026070763, ""score"": 0.763032304457124}}","{""gender=Female"": {""alpha"": 1.0, ""margin"": 0.2284995504684439, ""p_observed"": 0.6142497752342219, ""prior_probability"": 0.00186219739292365, ""score"": 0.2284995504684439}, ""gender=Male"": {""alpha"": 1.0, ""margin"": 0.526064608914248, ""p_observed"": 0.763032304457124, ""prior_probability"": 0.9981378026070763, ""score"": 0.526064608914248}}","{""gender=Female"": {""alpha"": 0.0, ""margin"": 0.2284995504684439, ""p_observed"": 0.6142497752342219, ""prior_probability"": 0.00186219739292365, ""score"": -6.285998094508865}, ""gender=Male"": {""alpha"": 0.0, ""margin"": 0.526064608914248, ""p_observed"": 0.763032304457124, ""prior_probability"": 0.9981378026070763, ""score"": -0.0018639334380627533}}"
109,Female,White,gender=Female,<=50K,"{""age"": ""59"", ""workclass"": ""State-gov"", ""fnlwgt"": ""49230"", ""education"": ""HS-grad"", ""educational-num"": ""9"", ""marital-status"": ""Widowed"", ""occupation"": ""Adm-clerical"", ""relationship"": ""Not-in-family"", ""race"": ""White"", ""capital-gain"": ""0"", ""capital-loss"": ""0"", ""hours-per-week"": ""40"", ""native-country"": ""United-States""}",gender=Male,gender=Female,gender=Female,,gender=Female,gender=Female,gender=Female,0,<=50K | Not-in-family | Widowed | HS-grad | State-gov,2,2,"{""gender=Female"": ""<=50K"", ""gender=Male"": ""<=50K""}","{""gender=Female"": {""alpha"": 1.0, ""margin"": 0.9271811642753425, ""p_observed"": 0.9635905821376711, ""prior_probability"": 0.9512195121951219, ""score"": 0.9635905821376711}, ""gender=Male"": {""alpha"": 1.0, ""margin"": 0.8597839714500783, ""p_observed"": 0.929891985725039, ""prior_probability"": 0.04878048780487805, ""score"": 0.929891985725039}}","{""gender=Female"": {""alpha"": 1.0, ""margin"": 0.9271811642753425, ""p_observed"": 0.9635905821376711, ""prior_probability"": 0.9512195121951219, ""score"": 0.9271811642753425}, ""gender=Male"": {""alpha"": 1.0, ""margin"": 0.8597839714500783, ""p_observed"": 0.929891985725039, ""prior_probability"": 0.04878048780487805, ""score"": 0.8597839714500783}}","{""gender=Female"": {""alpha"": 0.0, ""margin"": 0.9271811642753425, ""p_observed"": 0.9635905821376711, ""prior_probability"": 0.9512195121951219, ""score"": -0.05001042057466142}, ""gender=Male"": {""alpha"": 0.0, ""margin"": 0.8597839714500783, ""p_observed"": 0.929891985725039, ""prior_probability"": 0.04878048780487805, ""score"": -3.0204248861443626}}"
110,Female,White,gender=Female,<=50K,"{""age"": ""58"", ""workclass"": ""Private"", ""fnlwgt"": ""180980"", ""education"": ""Some-college"", ""educational-num"": ""10"", ""marital-status"": ""Divorced"", ""occupation"": ""Other-service"", ""relationship"": ""Unmarried"", ""race"": ""White"", ""capital-gain"": ""0"", ""capital-loss"": ""0"", ""hours-per-week"": ""42"", ""native-country"": ""France""}",gender=Male,gender=Female,gender=Female,,gender=Female,gender=Female,gender=Female,0,<=50K | Unmarried | Divorced | Some-college | Private,2,2,"{""gender=Female"": ""<=50K"", ""gender=Male"": ""<=50K""}","{""gender=Female"": {""alpha"": 1.0, ""margin"": 0.9474146500598918, ""p_observed"": 0.9737073250299462, ""prior_probability"": 0.8571428571428571, ""score"": 0.9737073250299462}, ""gender=Male"": {""alpha"": 1.0, ""margin"": 0.8335068826235104, ""p_observed"": 0.9167534413117553, ""prior_probability"": 0.14285714285714285, ""score"": 0.9167534413117553}}","{""gender=Female"": {""alpha"": 1.0, ""margin"": 0.9474146500598918, ""p_observed"": 0.9737073250299462, ""prior_probability"": 0.8571428571428571, ""score"": 0.9474146500598918}, ""gender=Male"": {""alpha"": 1.0, ""margin"": 0.8335068826235104, ""p_observed"": 0.9167534413117553, ""prior_probability"": 0.14285714285714285, ""score"": 0.8335068826235104}}","{""gender=Female"": {""alpha"": 0.0, ""margin"": 0.9474146500598918, ""p_observed"": 0.9737073250299462, ""prior_probability"": 0.8571428571428571, ""score"": -0.15415067982725836}, ""gender=Male"": {""alpha"": 0.0, ""margin"": 0.8335068826235104, ""p_observed"": 0.9167534413117553, ""prior_probability"": 0.14285714285714285, ""score"": -1.9459101490553135}}"
111,Male,White,gender=Male,<=50K,"{""age"": ""33"", ""workclass"": ""Private"", ""fnlwgt"": ""183017"", ""education"": ""HS-grad"", ""educational-num"": ""9"", ""marital-status"": ""Married-civ-spouse"", ""occupation"": ""Protective-serv"", ""relationship"": ""Husband"", ""race"": ""White"", ""capital-gain"": ""0"", ""capital-loss"": ""0"", ""hours-per-week"": ""32"", ""native-country"": ""United-States""}",gender=Male,gender=Male,gender=Male,,gender=Female,gender=Female,gender=Male,0,<=50K | Husband | Married-civ-spouse | HS-grad | Private,2,2,"{""gender=Female"": ""<=50K"", ""gender=Male"": ""<=50K""}","{""gender=Female"": {""alpha"": 1.0, ""margin"": 0.5978215096062363, ""p_observed"": 0.7989107548031181, ""prior_probability"": 0.017543859649122806, ""score"": 0.7989107548031181}, ""gender=Male"": {""alpha"": 1.0, ""margin"": 0.5422423163324208, ""p_observed"": 0.7711211581662103, ""prior_probability"": 0.9824561403508771, ""score"": 0.7711211581662103}}","{""gender=Female"": {""alpha"": 1.0, ""margin"": 0.5978215096062363, ""p_observed"": 0.7989107548031181, ""prior_probability"": 0.017543859649122806, ""score"": 0.5978215096062363}, ""gender=Male"": {""alpha"": 1.0, ""margin"": 0.5422423163324208, ""p_observed"": 0.7711211581662103, ""prior_probability"": 0.9824561403508771, ""score"": 0.5422423163324208}}","{""gender=Female"": {""alpha"": 0.0, ""margin"": 0.5978215096062363, ""p_observed"": 0.7989107548031181, ""prior_probability"": 0.017543859649122806, ""score"": -4.04305126783455}, ""gender=Male"": {""alpha"": 0.0, ""margin"": 0.5422423163324208, ""p_observed"": 0.7711211581662103, ""prior_probability"": 0.9824561403508771, ""score"": -0.017699577099400975}}"
112,Male,White,gender=Male,<=50K,"{""age"": ""58"", ""workclass"": ""Private"", ""fnlwgt"": ""111209"", ""education"": ""HS-grad"", ""educational-num"": ""9"", ""marital-status"": ""Married-civ-spouse"", ""occupation"": ""Farming-fishing"", ""relationship"": ""Husband"", ""race"": ""White"", ""capital-gain"": ""0"", ""capital-loss"": ""0"", ""hours-per-week"": ""45"", ""native-country"": ""United-States""}",gender=Male,gender=Male,gender=Male,,gender=Female,gender=Female,gender=Male,0,<=50K | Husband | Married-civ-spouse | HS-grad | Private,2,2,"{""gender=Female"": ""<=50K"", ""gender=Male"": ""<=50K""}","{""gender=Female"": {""alpha"": 1.0, ""margin"": 0.46619267697480454, ""p_observed"": 0.7330963384874021, ""prior_probability"": 0.0056179775280898875, ""score"": 0.7330963384874021}, ""gender=Male"": {""alpha"": 1.0, ""margin"": 0.4016279865279442, ""p_observed"": 0.700813993263972, ""prior_probability"": 0.9943820224719101, ""score"": 0.700813993263972}}","{""gender=Female"": {""alpha"": 1.0, ""margin"": 0.46619267697480454, ""p_observed"": 0.7330963384874021, ""prior_probability"": 0.0056179775280898875, ""score"": 0.46619267697480454}, ""gender=Male"": {""alpha"": 1.0, ""margin"": 0.4016279865279442, ""p_observed"": 0.700813993263972, ""prior_probability"": 0.9943820224719101, ""score"": 0.4016279865279442}}","{""gender=Female"": {""alpha"": 0.0, ""margin"": 0.46619267697480454, ""p_observed"": 0.7330963384874021, ""prior_probability"": 0.0056179775280898875, ""score"": -5.181783550292085}, ""gender=Male"": {""alpha"": 0.0, ""margin"": 0.4016279865279442, ""p_observed"": 0.700813993263972, ""prior_probability"": 0.9943820224719101, ""score"": -0.00563381771825602}}"
113,Female,White,gender=Female,<=50K,"{""age"": ""37"", ""workclass"": ""Private"", ""fnlwgt"": ""33440"", ""education"": ""HS-grad"", ""educational-num"": ""9"", ""marital-status"": ""Separated"", ""occupation"": ""Other-service"", ""relationship"": ""Unmarried"", ""race"": ""White"", ""capital-gain"": ""0"", ""capital-loss"": ""0"", ""hours-per-week"": ""40"", ""native-country"": ""United-States""}",gender=Male,gender=Female,gender=Female,,gender=Female,gender=Female,gender=Female,0,<=50K | Unmarried | Separated | HS-grad | Private,2,2,"{""gender=Female"": ""<=50K"", ""gender=Male"": ""<=50K""}","{""gender=Female"": {""alpha"": 1.0, ""margin"": 0.9660455720346391, ""p_observed"": 0.9830227860173195, ""prior_probability"": 0.9722222222222222, ""score"": 0.9830227860173195}, ""gender=Male"": {""alpha"": 1.0, ""margin"": 0.8843618545438201, ""p_observed"": 0.94218092727191, ""prior_probability"": 0.027777777777777776, ""score"": 0.94218092727191}}","{""gender=Female"": {""alpha"": 1.0, ""margin"": 0.9660455720346391, ""p_observed"": 0.9830227860173195, ""prior_probability"": 0.9722222222222222, ""score"": 0.9660455720346391}, ""gender=Male"": {""alpha"": 1.0, ""margin"": 0.8843618545438201, ""p_observed"": 0.94218092727191, ""prior_probability"": 0.027777777777777776, ""score"": 0.8843618545438201}}","{""gender=Female"": {""alpha"": 0.0, ""margin"": 0.9660455720346391, ""p_observed"": 0.9830227860173195, ""prior_probability"": 0.9722222222222222, ""score"": -0.028170876966696335}, ""gender=Male"": {""alpha"": 0.0, ""margin"": 0.8843618545438201, ""p_observed"": 0.94218092727191, ""prior_probability"": 0.027777777777777776, ""score"": -3.58351893845611}}"
114,Female,White,gender=Female,<=50K,"{""age"": ""33"", ""workclass"": ""Self-emp-inc"", ""fnlwgt"": ""182714"", ""education"": ""Bachelors"", ""educational-num"": ""13"", ""marital-status"": ""Never-married"", ""occupation"": ""Prof-specialty"", ""relationship"": ""Not-in-family"", ""race"": ""White"", ""capital-gain"": ""0"", ""capital-loss"": ""0"", ""hours-per-week"": ""40"", ""native-country"": ""United-States""}",gender=Male,gender=Female,gender=Female,,gender=Female,gender=Female,gender=Female,0,<=50K | Not-in-family | Never-married | Bachelors | Self-emp-inc,2,2,"{""gender=Female"": ""<=50K"", ""gender=Male"": ""<=50K""}","{""gender=Female"": {""alpha"": 1.0, ""margin"": 0.7901740201705171, ""p_observed"": 0.8950870100852587, ""prior_probability"": 0.5366666666666666, ""score"": 0.8950870100852587}, ""gender=Male"": {""alpha"": 1.0, ""margin"": 0.6747505833535014, ""p_observed"": 0.8373752916767506, ""prior_probability"": 0.4633333333333333, ""score"": 0.8373752916767506}}","{""gender=Female"": {""alpha"": 1.0, ""margin"": 0.7901740201705171, ""p_observed"": 0.8950870100852587, ""prior_probability"": 0.5366666666666666, ""score"": 0.7901740201705171}, ""gender=Male"": {""alpha"": 1.0, ""margin"": 0.6747505833535014, ""p_observed"": 0.8373752916767506, ""prior_probability"": 0.4633333333333333, ""score"": 0.6747505833535014}}","{""gender=Female"": {""alpha"": 0.0, ""margin"": 0.7901740201705171, ""p_observed"": 0.8950870100852587, ""prior_probability"": 0.5366666666666666, ""score"": -0.6223781096717381}, ""gender=Male"": {""alpha"": 0.0, ""margin"": 0.6747505833535014, ""p_observed"": 0.8373752916767506, ""prior_probability"": 0.4633333333333333, ""score"": -0.7693085415255093}}"
115,Male,White,gender=Male,>50K,"{""age"": ""40"", ""workclass"": ""Private"", ""fnlwgt"": ""110862"", ""education"": ""Bachelors"", ""educational-num"": ""13"", ""marital-status"": ""Married-civ-spouse"", ""occupation"": ""Sales"", ""relationship"": ""Husband"", ""race"": ""White"", ""capital-gain"": ""0"", ""capital-loss"": ""0"", ""hours-per-week"": ""50"", ""native-country"": ""United-States""}",gender=Male,gender=Male,gender=Male,gender=Male,gender=Male,gender=Male,gender=Male,1,>50K | Husband | Married-civ-spouse | Bachelors | Private,2,2,"{""gender=Female"": "">50K"", ""gender=Male"": "">50K""}","{""gender=Female"": {""alpha"": 1.0, ""margin"": 0.13389788686731818, ""p_observed"": 0.566948943433659, ""prior_probability"": 0.003472222222222222, ""score"": 0.566948943433659}, ""gender=Male"": {""alpha"": 1.0, ""margin"": 0.3521190875864383, ""p_observed"": 0.6760595437932191, ""prior_probability"": 0.9965277777777778, ""score"": 0.6760595437932191}}","{""gender=Female"": {""alpha"": 1.0, ""margin"": 0.13389788686731818, ""p_observed"": 0.566948943433659, ""prior_probability"": 0.003472222222222222, ""score"": 0.13389788686731818}, ""gender=Male"": {""alpha"": 1.0, ""margin"": 0.3521190875864383, ""p_observed"": 0.6760595437932191, ""prior_probability"": 0.9965277777777778, ""score"": 0.3521190875864383}}","{""gender=Female"": {""alpha"": 0.0, ""margin"": 0.13389788686731818, ""p_observed"": 0.566948943433659, ""prior_probability"": 0.003472222222222222, ""score"": -5.662960480135946}, ""gender=Male"": {""alpha"": 0.0, ""margin"": 0.3521190875864383, ""p_observed"": 0.6760595437932191, ""prior_probability"": 0.9965277777777778, ""score"": -0.0034782643763248086}}"
116,Male,Black,gender=Male,<=50K,"{""age"": ""33"", ""workclass"": ""Private"", ""fnlwgt"": ""165814"", ""education"": ""HS-grad"", ""educational-num"": ""9"", ""marital-status"": ""Married-civ-spouse"", ""occupation"": ""Other-service"", ""relationship"": ""Husband"", ""race"": ""Black"", ""capital-gain"": ""0"", ""capital-loss"": ""0"", ""hours-per-week"": ""40"", ""native-country"": ""United-States""}",gender=Male,gender=Male,gender=Male,,gender=Female,gender=Female,gender=Male,0,<=50K | Husband | Married-civ-spouse | HS-grad | Private,2,2,"{""gender=Female"": ""<=50K"", ""gender=Male"": ""<=50K""}","{""gender=Female"": {""alpha"": 1.0, ""margin"": 0.6937582938439981, ""p_observed"": 0.8468791469219991, ""prior_probability"": 0.005813953488372093, ""score"": 0.8468791469219991}, ""gender=Male"": {""alpha"": 1.0, ""margin"": 0.6536530003104911, ""p_observed"": 0.8268265001552455, ""prior_probability"": 0.9941860465116279, ""score"": 0.8268265001552455}}","{""gender=Female"": {""alpha"": 1.0, ""margin"": 0.6937582938439981, ""p_observed"": 0.8468791469219991, ""prior_probability"": 0.005813953488372093, ""score"": 0.6937582938439981}, ""gender=Male"": {""alpha"": 1.0, ""margin"": 0.6536530003104911, ""p_observed"": 0.8268265001552455, ""prior_probability"": 0.9941860465116279, ""score"": 0.6536530003104911}}","{""gender=Female"": {""alpha"": 0.0, ""margin"": 0.6937582938439981, ""p_observed"": 0.8468791469219991, ""prior_probability"": 0.005813953488372093, ""score"": -5.147494476813453}, ""gender=Male"": {""alpha"": 0.0, ""margin"": 0.6536530003104911, ""p_observed"": 0.8268265001552455, ""prior_probability"": 0.9941860465116279, ""score"": -0.00583092031079321}}"
117,Male,Black,gender=Male,>50K,"{""age"": ""45"", ""workclass"": ""Private"", ""fnlwgt"": ""99355"", ""education"": ""HS-grad"", ""educational-num"": ""9"", ""marital-status"": ""Married-civ-spouse"", ""occupation"": ""Protective-serv"", ""relationship"": ""Husband"", ""race"": ""Black"", ""capital-gain"": ""0"", ""capital-loss"": ""0"", ""hours-per-week"": ""40"", ""native-country"": ""United-States""}",gender=Male,gender=Male,gender=Male,gender=Male,gender=Male,gender=Male,gender=Male,1,>50K | Husband | Married-civ-spouse | HS-grad | Private,2,2,"{""gender=Female"": ""<=50K"", ""gender=Male"": ""<=50K""}","{""gender=Female"": {""alpha"": 1.0, ""margin"": -0.4620095802786599, ""p_observed"": 0.26899520986066994, ""prior_probability"": 0.02631578947368421, ""score"": 0.26899520986066994}, ""gender=Male"": {""alpha"": 1.0, ""margin"": -0.39345459277208245, ""p_observed"": 0.3032727036139587, ""prior_probability"": 0.9736842105263158, ""score"": 0.3032727036139587}}","{""gender=Female"": {""alpha"": 1.0, ""margin"": -0.4620095802786599, ""p_observed"": 0.26899520986066994, ""prior_probability"": 0.02631578947368421, ""score"": -0.4620095802786599}, ""gender=Male"": {""alpha"": 1.0, ""margin"": -0.39345459277208245, ""p_observed"": 0.3032727036139587, ""prior_probability"": 0.9736842105263158, ""score"": -0.39345459277208245}}","{""gender=Female"": {""alpha"": 0.0, ""margin"": -0.4620095802786599, ""p_observed"": 0.26899520986066994, ""prior_probability"": 0.02631578947368421, ""score"": -3.6375861597263857}, ""gender=Male"": {""alpha"": 0.0, ""margin"": -0.39345459277208245, ""p_observed"": 0.3032727036139587, ""prior_probability"": 0.9736842105263158, ""score"": -0.026668247082161294}}"
118,Male,White,gender=Male,<=50K,"{""age"": ""28"", ""workclass"": ""Private"", ""fnlwgt"": ""200733"", ""education"": ""HS-grad"", ""educational-num"": ""9"", ""marital-status"": ""Married-civ-spouse"", ""occupation"": ""Craft-repair"", ""relationship"": ""Husband"", ""race"": ""White"", ""capital-gain"": ""0"", ""capital-loss"": ""0"", ""hours-per-week"": ""40"", ""native-country"": ""United-States""}",gender=Male,gender=Male,gender=Male,,gender=Female,gender=Female,gender=Male,0,<=50K | Husband | Married-civ-spouse | HS-grad | Private,2,2,"{""gender=Female"": ""<=50K"", ""gender=Male"": ""<=50K""}","{""gender=Female"": {""alpha"": 1.0, ""margin"": 0.6205660613740354, ""p_observed"": 0.8102830306870177, ""prior_probability"": 0.001364256480218281, ""score"": 0.8102830306870177}, ""gender=Male"": {""alpha"": 1.0, ""margin"": 0.5689431528464519, ""p_observed"": 0.784471576423226, ""prior_probability"": 0.9986357435197817, ""score"": 0.784471576423226}}","{""gender=Female"": {""alpha"": 1.0, ""margin"": 0.6205660613740354, ""p_observed"": 0.8102830306870177, ""prior_probability"": 0.001364256480218281, ""score"": 0.6205660613740354}, ""gender=Male"": {""alpha"": 1.0, ""margin"": 0.5689431528464519, ""p_observed"": 0.784471576423226, ""prior_probability"": 0.9986357435197817, ""score"": 0.5689431528464519}}","{""gender=Female"": {""alpha"": 0.0, ""margin"": 0.6205660613740354, ""p_observed"": 0.8102830306870177, ""prior_probability"": 0.001364256480218281, ""score"": -6.597145701886651}, ""gender=Male"": {""alpha"": 0.0, ""margin"": 0.5689431528464519, ""p_observed"": 0.784471576423226, ""prior_probability"": 0.9986357435197817, ""score"": -0.00136518792533997}}"
119,Male,White,gender=Male,>50K,"{""age"": ""35"", ""workclass"": ""Private"", ""fnlwgt"": ""278403"", ""education"": ""Prof-school"", ""educational-num"": ""15"", ""marital-status"": ""Married-civ-spouse"", ""occupation"": ""Prof-specialty"", ""relationship"": ""Husband"", ""race"": ""White"", ""capital-gain"": ""0"", ""capital-loss"": ""0"", ""hours-per-week"": ""80"", ""native-country"": ""United-States""}",gender=Male,gender=Male,gender=Male,,gender=Male,gender=Male,gender=Male,0,>50K | Husband | Married-civ-spouse | Prof-school | Private,2,2,"{""gender=Female"": "">50K"", ""gender=Male"": "">50K""}","{""gender=Female"": {""alpha"": 1.0, ""margin"": 0.453092094526861, ""p_observed"": 0.7265460472634305, ""prior_probability"": 0.004132231404958678, ""score"": 0.7265460472634305}, ""gender=Male"": {""alpha"": 1.0, ""margin"": 0.5641677205652742, ""p_observed"": 0.7820838602826371, ""prior_probability"": 0.9958677685950413, ""score"": 0.7820838602826371}}","{""gender=Female"": {""alpha"": 1.0, ""margin"": 0.453092094526861, ""p_observed"": 0.7265460472634305, ""prior_probability"": 0.004132231404958678, ""score"": 0.453092094526861}, ""gender=Male"": {""alpha"": 1.0, ""margin"": 0.5641677205652742, ""p_observed"": 0.7820838602826371, ""prior_probability"": 0.9958677685950413, ""score"": 0.5641677205652742}}","{""gender=Female"": {""alpha"": 0.0, ""margin"": 0.453092094526861, ""p_observed"": 0.7265460472634305, ""prior_probability"": 0.004132231404958678, ""score"": -5.488937726156687}, ""gender=Male"": {""alpha"": 0.0, ""margin"": 0.5641677205652742, ""p_observed"": 0.7820838602826371, ""prior_probability"": 0.9958677685950413, ""score"": -0.004140792666031388}}"
120,Male,White,gender=Male,>50K,"{""age"": ""38"", ""workclass"": ""Private"", ""fnlwgt"": ""105150"", ""education"": ""Bachelors"", ""educational-num"": ""13"", ""marital-status"": ""Married-civ-spouse"", ""occupation"": ""Prof-specialty"", ""relationship"": ""Husband"", ""race"": ""White"", ""capital-gain"": ""0"", ""capital-loss"": ""0"", ""hours-per-week"": ""45"", ""native-country"": ""United-States""}",gender=Male,gender=Male,gender=Male,gender=Male,gender=Male,gender=Male,gender=Male,1,>50K | Husband | Married-civ-spouse | Bachelors | Private,2,2,"{""gender=Female"": "">50K"", ""gender=Male"": "">50K""}","{""gender=Female"": {""alpha"": 1.0, ""margin"": 0.17135025566917111, ""p_observed"": 0.5856751278345855, ""prior_probability"": 0.0029069767441860465, ""score"": 0.5856751278345855}, ""gender=Male"": {""alpha"": 1.0, ""margin"": 0.3527142846202977, ""p_observed"": 0.6763571423101487, ""prior_probability"": 0.997093023255814, ""score"": 0.6763571423101487}}","{""gender=Female"": {""alpha"": 1.0, ""margin"": 0.17135025566917111, ""p_observed"": 0.5856751278345855, ""prior_probability"": 0.0029069767441860465, ""score"": 0.17135025566917111}, ""gender=Male"": {""alpha"": 1.0, ""margin"": 0.3527142846202977, ""p_observed"": 0.6763571423101487, ""prior_probability"": 0.997093023255814, ""score"": 0.3527142846202977}}","{""gender=Female"": {""alpha"": 0.0, ""margin"": 0.17135025566917111, ""p_observed"": 0.5856751278345855, ""prior_probability"": 0.0029069767441860465, ""score"": -5.840641657373398}, ""gender=Male"": {""alpha"": 0.0, ""margin"": 0.3527142846202977, ""p_observed"": 0.6763571423101487, ""prior_probability"": 0.997093023255814, ""score"": -0.0029112102074584415}}"
121,Male,White,gender=Male,<=50K,"{""age"": ""35"", ""workclass"": ""Self-emp-not-inc"", ""fnlwgt"": ""114366"", ""education"": ""Bachelors"", ""educational-num"": ""13"", ""marital-status"": ""Married-civ-spouse"", ""occupation"": ""Prof-specialty"", ""relationship"": ""Husband"", ""race"": ""White"", ""capital-gain"": ""0"", ""capital-loss"": ""0"", ""hours-per-week"": ""40"", ""native-country"": ""United-States""}",gender=Male,gender=Male,gender=Male,,gender=Female,gender=Female,gender=Male,0,<=50K | Husband | Married-civ-spouse | Bachelors | Self-emp-not-inc,2,2,"{""gender=Female"": "">50K"", ""gender=Male"": "">50K""}","{""gender=Female"": {""alpha"": 1.0, ""margin"": -0.10705686750357785, ""p_observed"": 0.4464715662482111, ""prior_probability"": 0.00625, ""score"": 0.4464715662482111}, ""gender=Male"": {""alpha"": 1.0, ""margin"": -0.23671262346197025, ""p_observed"": 0.3816436882690149, ""prior_probability"": 0.99375, ""score"": 0.3816436882690149}}","{""gender=Female"": {""alpha"": 1.0, ""margin"": -0.10705686750357785, ""p_observed"": 0.4464715662482111, ""prior_probability"": 0.00625, ""score"": -0.10705686750357785}, ""gender=Male"": {""alpha"": 1.0, ""margin"": -0.23671262346197025, ""p_observed"": 0.3816436882690149, ""prior_probability"": 0.99375, ""score"": -0.23671262346197025}}","{""gender=Female"": {""alpha"": 0.0, ""margin"": -0.10705686750357785, ""p_observed"": 0.4464715662482111, ""prior_probability"": 0.00625, ""score"": -5.075173815233827}, ""gender=Male"": {""alpha"": 0.0, ""margin"": -0.23671262346197025, ""p_observed"": 0.3816436882690149, ""prior_probability"": 0.99375, ""score"": -0.006269613013595374}}"
122,Male,Asian-Pac-Islander,gender=Male,<=50K,"{""age"": ""30"", ""workclass"": ""State-gov"", ""fnlwgt"": ""137613"", ""education"": ""Masters"", ""educational-num"": ""14"", ""marital-status"": ""Married-civ-spouse"", ""occupation"": ""Prof-specialty"", ""relationship"": ""Husband"", ""race"": ""Asian-Pac-Islander"", ""capital-gain"": ""0"", ""capital-loss"": ""0"", ""hours-per-week"": ""20"", ""native-country"": ""Taiwan""}",gender=Male,gender=Male,gender=Male,,gender=Male,gender=Male,gender=Male,0,<=50K | Husband | Married-civ-spouse | Masters | State-gov,2,2,"{""gender=Female"": ""<=50K"", ""gender=Male"": ""<=50K""}","{""gender=Female"": {""alpha"": 1.0, ""margin"": 0.21832851827316513, ""p_observed"": 0.6091642591365826, ""prior_probability"": 0.009900990099009901, ""score"": 0.6091642591365826}, ""gender=Male"": {""alpha"": 1.0, ""margin"": 0.2893201022675748, ""p_observed"": 0.6446600511337874, ""prior_probability"": 0.9900990099009901, ""score"": 0.6446600511337874}}","{""gender=Female"": {""alpha"": 1.0, ""margin"": 0.21832851827316513, ""p_observed"": 0.6091642591365826, ""prior_probability"": 0.009900990099009901, ""score"": 0.21832851827316513}, ""gender=Male"": {""alpha"": 1.0, ""margin"": 0.2893201022675748, ""p_observed"": 0.6446600511337874, ""prior_probability"": 0.9900990099009901, ""score"": 0.2893201022675748}}","{""gender=Female"": {""alpha"": 0.0, ""margin"": 0.21832851827316513, ""p_observed"": 0.6091642591365826, ""prior_probability"": 0.009900990099009901, ""score"": -4.61512051684126}, ""gender=Male"": {""alpha"": 0.0, ""margin"": 0.2893201022675748, ""p_observed"": 0.6446600511337874, ""prior_probability"": 0.9900990099009901, ""score"": -0.009950330853168092}}"
123,Male,White,gender=Male,>50K,"{""age"": ""33"", ""workclass"": ""Private"", ""fnlwgt"": ""193285"", ""education"": ""Bachelors"", ""educational-num"": ""13"", ""marital-status"": ""Married-civ-spouse"", ""occupation"": ""Prof-specialty"", ""relationship"": ""Husband"", ""race"": ""White"", ""capital-gain"": ""0"", ""capital-loss"": ""0"", ""hours-per-week"": ""38"", ""native-country"": ""United-States""}",gender=Male,gender=Male,gender=Male,gender=Male,gender=Male,gender=Male,gender=Male,1,>50K | Husband | Married-civ-spouse | Bachelors | Private,2,2,"{""gender=Female"": "">50K"", ""gender=Male"": "">50K""}","{""gender=Female"": {""alpha"": 1.0, ""margin"": 0.08215645192733056, ""p_observed"": 0.5410782259636653, ""prior_probability"": 0.0029069767441860465, ""score"": 0.5410782259636653}, ""gender=Male"": {""alpha"": 1.0, ""margin"": 0.22033151618943636, ""p_observed"": 0.6101657580947181, ""prior_probability"": 0.997093023255814, ""score"": 0.6101657580947181}}","{""gender=Female"": {""alpha"": 1.0, ""margin"": 0.08215645192733056, ""p_observed"": 0.5410782259636653, ""prior_probability"": 0.0029069767441860465, ""score"": 0.08215645192733056}, ""gender=Male"": {""alpha"": 1.0, ""margin"": 0.22033151618943636, ""p_observed"": 0.6101657580947181, ""prior_probability"": 0.997093023255814, ""score"": 0.22033151618943636}}","{""gender=Female"": {""alpha"": 0.0, ""margin"": 0.08215645192733056, ""p_observed"": 0.5410782259636653, ""prior_probability"": 0.0029069767441860465, ""score"": -5.840641657373398}, ""gender=Male"": {""alpha"": 0.0, ""margin"": 0.22033151618943636, ""p_observed"": 0.6101657580947181, ""prior_probability"": 0.997093023255814, ""score"": -0.0029112102074584415}}"
124,Female,White,gender=Female,<=50K,"{""age"": ""26"", ""workclass"": ""State-gov"", ""fnlwgt"": ""169323"", ""education"": ""Masters"", ""educational-num"": ""14"", ""marital-status"": ""Never-married"", ""occupation"": ""Prof-specialty"", ""relationship"": ""Not-in-family"", ""race"": ""White"", ""capital-gain"": ""0"", ""capital-loss"": ""0"", ""hours-per-week"": ""40"", ""native-country"": ""United-States""}",gender=Male,gender=Female,gender=Female,,gender=Female,gender=Female,gender=Female,0,<=50K | Not-in-family | Never-married | Masters | State-gov,2,2,"{""gender=Female"": ""<=50K"", ""gender=Male"": ""<=50K""}","{""gender=Female"": {""alpha"": 1.0, ""margin"": 0.8823425343699128, ""p_observed"": 0.9411712671849564, ""prior_probability"": 0.5878378378378378, ""score"": 0.9411712671849564}, ""gender=Male"": {""alpha"": 1.0, ""margin"": 0.8135230449631848, ""p_observed"": 0.9067615224815924, ""prior_probability"": 0.41216216216216217, ""score"": 0.9067615224815924}}","{""gender=Female"": {""alpha"": 1.0, ""margin"": 0.8823425343699128, ""p_observed"": 0.9411712671849564, ""prior_probability"": 0.5878378378378378, ""score"": 0.8823425343699128}, ""gender=Male"": {""alpha"": 1.0, ""margin"": 0.8135230449631848, ""p_observed"": 0.9067615224815924, ""prior_probability"": 0.41216216216216217, ""score"": 0.8135230449631848}}","{""gender=Female"": {""alpha"": 0.0, ""margin"": 0.8823425343699128, ""p_observed"": 0.9411712671849564, ""prior_probability"": 0.5878378378378378, ""score"": -0.5313041551095313}, ""gender=Male"": {""alpha"": 0.0, ""margin"": 0.8135230449631848, ""p_observed"": 0.9067615224815924, ""prior_probability"": 0.41216216216216217, ""score"": -0.8863384095908038}}"
125,Female,White,gender=Female,<=50K,"{""age"": ""51"", ""workclass"": ""Private"", ""fnlwgt"": ""162988"", ""education"": ""10th"", ""educational-num"": ""6"", ""marital-status"": ""Divorced"", ""occupation"": ""Other-service"", ""relationship"": ""Unmarried"", ""race"": ""White"", ""capital-gain"": ""0"", ""capital-loss"": ""0"", ""hours-per-week"": ""25"", ""native-country"": ""United-States""}",gender=Male,gender=Female,gender=Female,,gender=Female,gender=Female,gender=Female,0,<=50K | Unmarried | Divorced | 10th | Private,2,2,"{""gender=Female"": ""<=50K"", ""gender=Male"": ""<=50K""}","{""gender=Female"": {""alpha"": 1.0, ""margin"": 0.9764220255349363, ""p_observed"": 0.9882110127674683, ""prior_probability"": 0.8571428571428571, ""score"": 0.9882110127674683}, ""gender=Male"": {""alpha"": 1.0, ""margin"": 0.9306195035572032, ""p_observed"": 0.9653097517786016, ""prior_probability"": 0.14285714285714285, ""score"": 0.9653097517786016}}","{""gender=Female"": {""alpha"": 1.0, ""margin"": 0.9764220255349363, ""p_observed"": 0.9882110127674683, ""prior_probability"": 0.8571428571428571, ""score"": 0.9764220255349363}, ""gender=Male"": {""alpha"": 1.0, ""margin"": 0.9306195035572032, ""p_observed"": 0.9653097517786016, ""prior_probability"": 0.14285714285714285, ""score"": 0.9306195035572032}}","{""gender=Female"": {""alpha"": 0.0, ""margin"": 0.9764220255349363, ""p_observed"": 0.9882110127674683, ""prior_probability"": 0.8571428571428571, ""score"": -0.15415067982725836}, ""gender=Male"": {""alpha"": 0.0, ""margin"": 0.9306195035572032, ""p_observed"": 0.9653097517786016, ""prior_probability"": 0.14285714285714285, ""score"": -1.9459101490553135}}"
126,Male,White,gender=Male,<=50K,"{""age"": ""34"", ""workclass"": ""Private"", ""fnlwgt"": ""119153"", ""education"": ""11th"", ""educational-num"": ""7"", ""marital-status"": ""Married-civ-spouse"", ""occupation"": ""Transport-moving"", ""relationship"": ""Husband"", ""race"": ""White"", ""capital-gain"": ""0"", ""capital-loss"": ""0"", ""hours-per-week"": ""50"", ""native-country"": ""United-States""}",gender=Male,gender=Male,gender=Male,,gender=Female,gender=Female,gender=Male,0,<=50K | Husband | Married-civ-spouse | 11th | Private,2,2,"{""gender=Female"": ""<=50K"", ""gender=Male"": ""<=50K""}","{""gender=Female"": {""alpha"": 1.0, ""margin"": 0.566051935638335, ""p_observed"": 0.7830259678191673, ""prior_probability"": 0.024390243902439025, ""score"": 0.7830259678191673}, ""gender=Male"": {""alpha"": 1.0, ""margin"": 0.5288463977123243, ""p_observed"": 0.7644231988561622, ""prior_probability"": 0.975609756097561, ""score"": 0.7644231988561622}}","{""gender=Female"": {""alpha"": 1.0, ""margin"": 0.566051935638335, ""p_observed"": 0.7830259678191673, ""prior_probability"": 0.024390243902439025, ""score"": 0.566051935638335}, ""gender=Male"": {""alpha"": 1.0, ""margin"": 0.5288463977123243, ""p_observed"": 0.7644231988561622, ""prior_probability"": 0.975609756097561, ""score"": 0.5288463977123243}}","{""gender=Female"": {""alpha"": 0.0, ""margin"": 0.566051935638335, ""p_observed"": 0.7830259678191673, ""prior_probability"": 0.024390243902439025, ""score"": -3.713572066704308}, ""gender=Male"": {""alpha"": 0.0, ""margin"": 0.5288463977123243, ""p_observed"": 0.7644231988561622, ""prior_probability"": 0.975609756097561, ""score"": -0.02469261259037152}}"
127,Male,White,gender=Male,<=50K,"{""age"": ""48"", ""workclass"": ""Private"", ""fnlwgt"": ""348144"", ""education"": ""Some-college"", ""educational-num"": ""10"", ""marital-status"": ""Divorced"", ""occupation"": ""Transport-moving"", ""relationship"": ""Not-in-family"", ""race"": ""White"", ""capital-gain"": ""3325"", ""capital-loss"": ""0"", ""hours-per-week"": ""53"", ""native-country"": ""United-States""}",gender=Male,gender=Male,gender=Male,,gender=Female,gender=Female,gender=Male,0,<=50K | Not-in-family | Divorced | Some-college | Private,2,2,"{""gender=Female"": ""<=50K"", ""gender=Male"": ""<=50K""}","{""gender=Female"": {""alpha"": 1.0, ""margin"": 0.8366048084582371, ""p_observed"": 0.9183024042291186, ""prior_probability"": 0.2857142857142857, ""score"": 0.9183024042291186}, ""gender=Male"": {""alpha"": 1.0, ""margin"": 0.7685680264339559, ""p_observed"": 0.884284013216978, ""prior_probability"": 0.7142857142857143, ""score"": 0.884284013216978}}","{""gender=Female"": {""alpha"": 1.0, ""margin"": 0.8366048084582371, ""p_observed"": 0.9183024042291186, ""prior_probability"": 0.2857142857142857, ""score"": 0.8366048084582371}, ""gender=Male"": {""alpha"": 1.0, ""margin"": 0.7685680264339559, ""p_observed"": 0.884284013216978, ""prior_probability"": 0.7142857142857143, ""score"": 0.7685680264339559}}","{""gender=Female"": {""alpha"": 0.0, ""margin"": 0.8366048084582371, ""p_observed"": 0.9183024042291186, ""prior_probability"": 0.2857142857142857, ""score"": -1.252762968495368}, ""gender=Male"": {""alpha"": 0.0, ""margin"": 0.7685680264339559, ""p_observed"": 0.884284013216978, ""prior_probability"": 0.7142857142857143, ""score"": -0.3364722366212129}}"
128,Male,White,gender=Male,<=50K,"{""age"": ""43"", ""workclass"": ""Self-emp-inc"", ""fnlwgt"": ""188436"", ""education"": ""Masters"", ""educational-num"": ""14"", ""marital-status"": ""Married-civ-spouse"", ""occupation"": ""Exec-managerial"", ""relationship"": ""Husband"", ""race"": ""White"", ""capital-gain"": ""5013"", ""capital-loss"": ""0"", ""hours-per-week"": ""45"", ""native-country"": ""United-States""}",gender=Male,gender=Male,gender=Male,,gender=Female,gender=Female,gender=Male,0,<=50K | Husband | Married-civ-spouse | Masters | Self-emp-inc,2,2,"{""gender=Female"": "">50K"", ""gender=Male"": "">50K""}","{""gender=Female"": {""alpha"": 1.0, ""margin"": -0.2963507355847373, ""p_observed"": 0.3518246322076312, ""prior_probability"": 0.03125, ""score"": 0.3518246322076312}, ""gender=Male"": {""alpha"": 1.0, ""margin"": -0.4325689491540742, ""p_observed"": 0.28371552542296286, ""prior_probability"": 0.96875, ""score"": 0.28371552542296286}}","{""gender=Female"": {""alpha"": 1.0, ""margin"": -0.2963507355847373, ""p_observed"": 0.3518246322076312, ""prior_probability"": 0.03125, ""score"": -0.2963507355847373}, ""gender=Male"": {""alpha"": 1.0, ""margin"": -0.4325689491540742, ""p_observed"": 0.28371552542296286, ""prior_probability"": 0.96875, ""score"": -0.4325689491540742}}","{""gender=Female"": {""alpha"": 0.0, ""margin"": -0.2963507355847373, ""p_observed"": 0.3518246322076312, ""prior_probability"": 0.03125, ""score"": -3.4657359027997265}, ""gender=Male"": {""alpha"": 0.0, ""margin"": -0.4325689491540742, ""p_observed"": 0.28371552542296286, ""prior_probability"": 0.96875, ""score"": -0.0317486983145803}}"
129,Male,Black,gender=Male,<=50K,"{""age"": ""17"", ""workclass"": ""Private"", ""fnlwgt"": ""67444"", ""education"": ""11th"", ""educational-num"": ""7"", ""marital-status"": ""Never-married"", ""occupation"": ""Other-service"", ""relationship"": ""Other-relative"", ""race"": ""Black"", ""capital-gain"": ""0"", ""capital-loss"": ""0"", ""hours-per-week"": ""20"", ""native-country"": ""United-States""}",gender=Male,gender=Male,gender=Male,,gender=Female,gender=Female,gender=Male,0,<=50K | Other-relative | Never-married | 11th | Private,2,2,"{""gender=Female"": ""<=50K"", ""gender=Male"": ""<=50K""}","{""gender=Female"": {""alpha"": 1.0, ""margin"": 0.9951719933830634, ""p_observed"": 0.9975859966915317, ""prior_probability"": 0.3333333333333333, ""score"": 0.9975859966915317}, ""gender=Male"": {""alpha"": 1.0, ""margin"": 0.990923807288548, ""p_observed"": 0.995461903644274, ""prior_probability"": 0.6666666666666666, ""score"": 0.995461903644274}}","{""gender=Female"": {""alpha"": 1.0, ""margin"": 0.9951719933830634, ""p_observed"": 0.9975859966915317, ""prior_probability"": 0.3333333333333333, ""score"": 0.9951719933830634}, ""gender=Male"": {""alpha"": 1.0, ""margin"": 0.990923807288548, ""p_observed"": 0.995461903644274, ""prior_probability"": 0.6666666666666666, ""score"": 0.990923807288548}}","{""gender=Female"": {""alpha"": 0.0, ""margin"": 0.9951719933830634, ""p_observed"": 0.9975859966915317, ""prior_probability"": 0.3333333333333333, ""score"": -1.0986122886681098}, ""gender=Male"": {""alpha"": 0.0, ""margin"": 0.990923807288548, ""p_observed"": 0.995461903644274, ""prior_probability"": 0.6666666666666666, ""score"": -0.40546510810816444}}"
130,Male,Other,gender=Male,<=50K,"{""age"": ""17"", ""workclass"": ""Private"", ""fnlwgt"": ""289405"", ""education"": ""11th"", ""educational-num"": ""7"", ""marital-status"": ""Never-married"", ""occupation"": ""Machine-op-inspct"", ""relationship"": ""Own-child"", ""race"": ""Other"", ""capital-gain"": ""0"", ""capital-loss"": ""0"", ""hours-per-week"": ""12"", ""native-country"": ""United-States""}",gender=Male,gender=Male,gender=Male,,gender=Female,gender=Female,gender=Male,0,<=50K | Own-child | Never-married | 11th | Private,2,2,"{""gender=Female"": ""<=50K"", ""gender=Male"": ""<=50K""}","{""gender=Female"": {""alpha"": 1.0, ""margin"": 0.9951061982271145, ""p_observed"": 0.9975530991135573, ""prior_probability"": 0.16666666666666666, ""score"": 0.9975530991135573}, ""gender=Male"": {""alpha"": 1.0, ""margin"": 0.9939594980073375, ""p_observed"": 0.9969797490036687, ""prior_probability"": 0.8333333333333334, ""score"": 0.9969797490036687}}","{""gender=Female"": {""alpha"": 1.0, ""margin"": 0.9951061982271145, ""p_observed"": 0.9975530991135573, ""prior_probability"": 0.16666666666666666, ""score"": 0.9951061982271145}, ""gender=Male"": {""alpha"": 1.0, ""margin"": 0.9939594980073375, ""p_observed"": 0.9969797490036687, ""prior_probability"": 0.8333333333333334, ""score"": 0.9939594980073375}}","{""gender=Female"": {""alpha"": 0.0, ""margin"": 0.9951061982271145, ""p_observed"": 0.9975530991135573, ""prior_probability"": 0.16666666666666666, ""score"": -1.791759469228055}, ""gender=Male"": {""alpha"": 0.0, ""margin"": 0.9939594980073375, ""p_observed"": 0.9969797490036687, ""prior_probability"": 0.8333333333333334, ""score"": -0.1823215567939546}}"
131,Male,Black,gender=Male,<=50K,"{""age"": ""48"", ""workclass"": ""Private"", ""fnlwgt"": ""498328"", ""education"": ""10th"", ""educational-num"": ""6"", ""marital-status"": ""Married-civ-spouse"", ""occupation"": ""Transport-moving"", ""relationship"": ""Husband"", ""race"": ""Black"", ""capital-gain"": ""0"", ""capital-loss"": ""0"", ""hours-per-week"": ""40"", ""native-country"": ""United-States""}",gender=Male,gender=Male,gender=Male,,gender=Female,gender=Female,gender=Male,0,<=50K | Husband | Married-civ-spouse | 10th | Private,2,2,"{""gender=Female"": ""<=50K"", ""gender=Male"": ""<=50K""}","{""gender=Female"": {""alpha"": 1.0, ""margin"": 0.551690449753155, ""p_observed"": 0.7758452248765775, ""prior_probability"": 0.02702702702702703, ""score"": 0.7758452248765775}, ""gender=Male"": {""alpha"": 1.0, ""margin"": 0.4961571125215748, ""p_observed"": 0.7480785562607875, ""prior_probability"": 0.972972972972973, ""score"": 0.7480785562607875}}","{""gender=Female"": {""alpha"": 1.0, ""margin"": 0.551690449753155, ""p_observed"": 0.7758452248765775, ""prior_probability"": 0.02702702702702703, ""score"": 0.551690449753155}, ""gender=Male"": {""alpha"": 1.0, ""margin"": 0.4961571125215748, ""p_observed"": 0.7480785562607875, ""prior_probability"": 0.972972972972973, ""score"": 0.4961571125215748}}","{""gender=Female"": {""alpha"": 0.0, ""margin"": 0.551690449753155, ""p_observed"": 0.7758452248765775, ""prior_probability"": 0.02702702702702703, ""score"": -3.6109179126442243}, ""gender=Male"": {""alpha"": 0.0, ""margin"": 0.4961571125215748, ""p_observed"": 0.7480785562607875, ""prior_probability"": 0.972972972972973, ""score"": -0.027398974188114388}}"
132,Female,Asian-Pac-Islander,gender=Female,<=50K,"{""age"": ""45"", ""workclass"": ""Self-emp-inc"", ""fnlwgt"": ""179030"", ""education"": ""Bachelors"", ""educational-num"": ""13"", ""marital-status"": ""Married-civ-spouse"", ""occupation"": ""Other-service"", ""relationship"": ""Other-relative"", ""race"": ""Asian-Pac-Islander"", ""capital-gain"": ""0"", ""capital-loss"": ""0"", ""hours-per-week"": ""35"", ""native-country"": ""South""}",gender=Male,gender=Male,gender=Male,,gender=Female,gender=Female,gender=Male,0,<=50K | Other-relative | Married-civ-spouse | Bachelors | Self-emp-inc,2,2,"{""gender=Female"": ""<=50K"", ""gender=Male"": ""<=50K""}","{""gender=Female"": {""alpha"": 1.0, ""margin"": 0.4594590612270576, ""p_observed"": 0.7297295306135287, ""prior_probability"": 0.3333333333333333, ""score"": 0.7297295306135287}, ""gender=Male"": {""alpha"": 1.0, ""margin"": 0.4111606955897196, ""p_observed"": 0.7055803477948597, ""prior_probability"": 0.6666666666666666, ""score"": 0.7055803477948597}}","{""gender=Female"": {""alpha"": 1.0, ""margin"": 0.4594590612270576, ""p_observed"": 0.7297295306135287, ""prior_probability"": 0.3333333333333333, ""score"": 0.4594590612270576}, ""gender=Male"": {""alpha"": 1.0, ""margin"": 0.4111606955897196, ""p_observed"": 0.7055803477948597, ""prior_probability"": 0.6666666666666666, ""score"": 0.4111606955897196}}","{""gender=Female"": {""alpha"": 0.0, ""margin"": 0.4594590612270576, ""p_observed"": 0.7297295306135287, ""prior_probability"": 0.3333333333333333, ""score"": -1.0986122886681098}, ""gender=Male"": {""alpha"": 0.0, ""margin"": 0.4111606955897196, ""p_observed"": 0.7055803477948597, ""prior_probability"": 0.6666666666666666, ""score"": -0.40546510810816444}}"
133,Male,White,gender=Male,>50K,"{""age"": ""38"", ""workclass"": ""Local-gov"", ""fnlwgt"": ""316470"", ""education"": ""Bachelors"", ""educational-num"": ""13"", ""marital-status"": ""Married-civ-spouse"", ""occupation"": ""Prof-specialty"", ""relationship"": ""Husband"", ""race"": ""White"", ""capital-gain"": ""0"", ""capital-loss"": ""0"", ""hours-per-week"": ""40"", ""native-country"": ""United-States""}",gender=Male,gender=Male,gender=Male,,gender=Male,gender=Male,gender=Male,0,>50K | Husband | Married-civ-spouse | Bachelors | Local-gov,2,2,"{""gender=Female"": "">50K"", ""gender=Male"": "">50K""}","{""gender=Female"": {""alpha"": 1.0, ""margin"": 0.12754034358522148, ""p_observed"": 0.5637701717926107, ""prior_probability"": 0.0029069767441860465, ""score"": 0.5637701717926107}, ""gender=Male"": {""alpha"": 1.0, ""margin"": 0.26009764045930045, ""p_observed"": 0.6300488202296503, ""prior_probability"": 0.997093023255814, ""score"": 0.6300488202296503}}","{""gender=Female"": {""alpha"": 1.0, ""margin"": 0.12754034358522148, ""p_observed"": 0.5637701717926107, ""prior_probability"": 0.0029069767441860465, ""score"": 0.12754034358522148}, ""gender=Male"": {""alpha"": 1.0, ""margin"": 0.26009764045930045, ""p_observed"": 0.6300488202296503, ""prior_probability"": 0.997093023255814, ""score"": 0.26009764045930045}}","{""gender=Female"": {""alpha"": 0.0, ""margin"": 0.12754034358522148, ""p_observed"": 0.5637701717926107, ""prior_probability"": 0.0029069767441860465, ""score"": -5.840641657373398}, ""gender=Male"": {""alpha"": 0.0, ""margin"": 0.26009764045930045, ""p_observed"": 0.6300488202296503, ""prior_probability"": 0.997093023255814, ""score"": -0.0029112102074584415}}"
134,Male,White,gender=Male,<=50K,"{""age"": ""30"", ""workclass"": ""Private"", ""fnlwgt"": ""170065"", ""education"": ""Some-college"", ""educational-num"": ""10"", ""marital-status"": ""Married-civ-spouse"", ""occupation"": ""Craft-repair"", ""relationship"": ""Husband"", ""race"": ""White"", ""capital-gain"": ""0"", ""capital-loss"": ""0"", ""hours-per-week"": ""40"", ""native-country"": ""United-States""}",gender=Male,gender=Male,gender=Male,,gender=Female,gender=Female,gender=Male,0,<=50K | Husband | Married-civ-spouse | Some-college | Private,2,2,"{""gender=Female"": ""<=50K"", ""gender=Male"": ""<=50K""}","{""gender=Female"": {""alpha"": 1.0, ""margin"": 0.5010609400677889, ""p_observed"": 0.7505304700338946, ""prior_probability"": 0.0037735849056603774, ""score"": 0.7505304700338946}, ""gender=Male"": {""alpha"": 1.0, ""margin"": 0.4564564240021778, ""p_observed"": 0.728228212001089, ""prior_probability"": 0.9962264150943396, ""score"": 0.728228212001089}}","{""gender=Female"": {""alpha"": 1.0, ""margin"": 0.5010609400677889, ""p_observed"": 0.7505304700338946, ""prior_probability"": 0.0037735849056603774, ""score"": 0.5010609400677889}, ""gender=Male"": {""alpha"": 1.0, ""margin"": 0.4564564240021778, ""p_observed"": 0.728228212001089, ""prior_probability"": 0.9962264150943396, ""score"": 0.4564564240021778}}","{""gender=Female"": {""alpha"": 0.0, ""margin"": 0.5010609400677889, ""p_observed"": 0.7505304700338946, ""prior_probability"": 0.0037735849056603774, ""score"": -5.579729825986222}, ""gender=Male"": {""alpha"": 0.0, ""margin"": 0.4564564240021778, ""p_observed"": 0.728228212001089, ""prior_probability"": 0.9962264150943396, ""score"": -0.0037807228399060443}}"
135,Male,White,gender=Male,<=50K,"{""age"": ""38"", ""workclass"": ""Private"", ""fnlwgt"": ""175120"", ""education"": ""HS-grad"", ""educational-num"": ""9"", ""marital-status"": ""Divorced"", ""occupation"": ""Craft-repair"", ""relationship"": ""Not-in-family"", ""race"": ""White"", ""capital-gain"": ""0"", ""capital-loss"": ""0"", ""hours-per-week"": ""40"", ""native-country"": ""United-States""}",gender=Male,gender=Male,gender=Male,,gender=Female,gender=Female,gender=Male,0,<=50K | Not-in-family | Divorced | HS-grad | Private,2,2,"{""gender=Female"": ""<=50K"", ""gender=Male"": ""<=50K""}","{""gender=Female"": {""alpha"": 1.0, ""margin"": 0.9332149556174223, ""p_observed"": 0.9666074778087109, ""prior_probability"": 0.08771929824561403, ""score"": 0.9666074778087109}, ""gender=Male"": {""alpha"": 1.0, ""margin"": 0.9118422881206744, ""p_observed"": 0.955921144060337, ""prior_probability"": 0.9122807017543859, ""score"": 0.955921144060337}}","{""gender=Female"": {""alpha"": 1.0, ""margin"": 0.9332149556174223, ""p_observed"": 0.9666074778087109, ""prior_probability"": 0.08771929824561403, ""score"": 0.9332149556174223}, ""gender=Male"": {""alpha"": 1.0, ""margin"": 0.9118422881206744, ""p_observed"": 0.955921144060337, ""prior_probability"": 0.9122807017543859, ""score"": 0.9118422881206744}}","{""gender=Female"": {""alpha"": 0.0, ""margin"": 0.9332149556174223, ""p_observed"": 0.9666074778087109, ""prior_probability"": 0.08771929824561403, ""score"": -2.4336133554004498}, ""gender=Male"": {""alpha"": 0.0, ""margin"": 0.9118422881206744, ""p_observed"": 0.955921144060337, ""prior_probability"": 0.9122807017543859, ""score"": -0.09180754925312286}}"
136,Female,White,gender=Female,<=50K,"{""age"": ""50"", ""workclass"": ""Private"", ""fnlwgt"": ""233363"", ""education"": ""11th"", ""educational-num"": ""7"", ""marital-status"": ""Divorced"", ""occupation"": ""Other-service"", ""relationship"": ""Unmarried"", ""race"": ""White"", ""capital-gain"": ""0"", ""capital-loss"": ""0"", ""hours-per-week"": ""40"", ""native-country"": ""United-States""}",gender=Male,gender=Female,gender=Female,,gender=Female,gender=Female,gender=Female,0,<=50K | Unmarried | Divorced | 11th | Private,2,2,"{""gender=Female"": ""<=50K"", ""gender=Male"": ""<=50K""}","{""gender=Female"": {""alpha"": 1.0, ""margin"": 0.9712520491855492, ""p_observed"": 0.9856260245927746, ""prior_probability"": 0.8947368421052632, ""score"": 0.9856260245927746}, ""gender=Male"": {""alpha"": 1.0, ""margin"": 0.9019841952912288, ""p_observed"": 0.9509920976456142, ""prior_probability"": 0.10526315789473684, ""score"": 0.9509920976456142}}","{""gender=Female"": {""alpha"": 1.0, ""margin"": 0.9712520491855492, ""p_observed"": 0.9856260245927746, ""prior_probability"": 0.8947368421052632, ""score"": 0.9712520491855492}, ""gender=Male"": {""alpha"": 1.0, ""margin"": 0.9019841952912288, ""p_observed"": 0.9509920976456142, ""prior_probability"": 0.10526315789473684, ""score"": 0.9019841952912288}}","{""gender=Female"": {""alpha"": 0.0, ""margin"": 0.9712520491855492, ""p_observed"": 0.9856260245927746, ""prior_probability"": 0.8947368421052632, ""score"": -0.11122563511022437}, ""gender=Male"": {""alpha"": 0.0, ""margin"": 0.9019841952912288, ""p_observed"": 0.9509920976456142, ""prior_probability"": 0.10526315789473684, ""score"": -2.2512917986064953}}"
137,Male,White,gender=Male,>50K,"{""age"": ""55"", ""workclass"": ""Private"", ""fnlwgt"": ""197114"", ""education"": ""Some-college"", ""educational-num"": ""10"", ""marital-status"": ""Married-civ-spouse"", ""occupation"": ""Transport-moving"", ""relationship"": ""Husband"", ""race"": ""White"", ""capital-gain"": ""0"", ""capital-loss"": ""0"", ""hours-per-week"": ""6"", ""native-country"": ""United-States""}",gender=Male,gender=Male,gender=Male,,gender=Male,gender=Male,gender=Male,0,>50K | Husband | Married-civ-spouse | Some-college | Private,2,2,"{""gender=Female"": ""<=50K"", ""gender=Male"": ""<=50K""}","{""gender=Female"": {""alpha"": 1.0, ""margin"": -0.38721296643998154, ""p_observed"": 0.3063935167800093, ""prior_probability"": 0.01694915254237288, ""score"": 0.3063935167800093}, ""gender=Male"": {""alpha"": 1.0, ""margin"": -0.3474554501815334, ""p_observed"": 0.32627227490923333, ""prior_probability"": 0.9830508474576272, ""score"": 0.32627227490923333}}","{""gender=Female"": {""alpha"": 1.0, ""margin"": -0.38721296643998154, ""p_observed"": 0.3063935167800093, ""prior_probability"": 0.01694915254237288, ""score"": -0.38721296643998154}, ""gender=Male"": {""alpha"": 1.0, ""margin"": -0.3474554501815334, ""p_observed"": 0.32627227490923333, ""prior_probability"": 0.9830508474576272, ""score"": -0.3474554501815334}}","{""gender=Female"": {""alpha"": 0.0, ""margin"": -0.38721296643998154, ""p_observed"": 0.3063935167800093, ""prior_probability"": 0.01694915254237288, ""score"": -4.07753744390572}, ""gender=Male"": {""alpha"": 0.0, ""margin"": -0.3474554501815334, ""p_observed"": 0.32627227490923333, ""prior_probability"": 0.9830508474576272, ""score"": -0.017094433359300068}}"
138,Male,White,gender=Male,<=50K,"{""age"": ""61"", ""workclass"": ""Self-emp-not-inc"", ""fnlwgt"": ""44983"", ""education"": ""HS-grad"", ""educational-num"": ""9"", ""marital-status"": ""Married-civ-spouse"", ""occupation"": ""Craft-repair"", ""relationship"": ""Husband"", ""race"": ""White"", ""capital-gain"": ""0"", ""capital-loss"": ""0"", ""hours-per-week"": ""20"", ""native-country"": ""United-States""}",gender=Male,gender=Male,gender=Male,,gender=Female,gender=Female,gender=Male,0,<=50K | Husband | Married-civ-spouse | HS-grad | Self-emp-not-inc,2,2,"{""gender=Female"": ""<=50K"", ""gender=Male"": ""<=50K""}","{""gender=Female"": {""alpha"": 1.0, ""margin"": 0.5937572534444657, ""p_observed"": 0.7968786267222326, ""prior_probability"": 0.001364256480218281, ""score"": 0.7968786267222326}, ""gender=Male"": {""alpha"": 1.0, ""margin"": 0.558709316500739, ""p_observed"": 0.7793546582503692, ""prior_probability"": 0.9986357435197817, ""score"": 0.7793546582503692}}","{""gender=Female"": {""alpha"": 1.0, ""margin"": 0.5937572534444657, ""p_observed"": 0.7968786267222326, ""prior_probability"": 0.001364256480218281, ""score"": 0.5937572534444657}, ""gender=Male"": {""alpha"": 1.0, ""margin"": 0.558709316500739, ""p_observed"": 0.7793546582503692, ""prior_probability"": 0.9986357435197817, ""score"": 0.558709316500739}}","{""gender=Female"": {""alpha"": 0.0, ""margin"": 0.5937572534444657, ""p_observed"": 0.7968786267222326, ""prior_probability"": 0.001364256480218281, ""score"": -6.597145701886651}, ""gender=Male"": {""alpha"": 0.0, ""margin"": 0.558709316500739, ""p_observed"": 0.7793546582503692, ""prior_probability"": 0.9986357435197817, ""score"": -0.00136518792533997}}"
139,Male,White,gender=Male,<=50K,"{""age"": ""55"", ""workclass"": ""Private"", ""fnlwgt"": ""174260"", ""education"": ""HS-grad"", ""educational-num"": ""9"", ""marital-status"": ""Widowed"", ""occupation"": ""Tech-support"", ""relationship"": ""Not-in-family"", ""race"": ""White"", ""capital-gain"": ""0"", ""capital-loss"": ""0"", ""hours-per-week"": ""40"", ""native-country"": ""United-States""}",gender=Male,gender=Female,gender=Female,,gender=Female,gender=Female,gender=Female,0,<=50K | Not-in-family | Widowed | HS-grad | Private,2,2,"{""gender=Female"": ""<=50K"", ""gender=Male"": ""<=50K""}","{""gender=Female"": {""alpha"": 1.0, ""margin"": 0.9138906715725735, ""p_observed"": 0.9569453357862866, ""prior_probability"": 0.75, ""score"": 0.9569453357862866}, ""gender=Male"": {""alpha"": 1.0, ""margin"": 0.8710797740851655, ""p_observed"": 0.9355398870425826, ""prior_probability"": 0.25, ""score"": 0.9355398870425826}}","{""gender=Female"": {""alpha"": 1.0, ""margin"": 0.9138906715725735, ""p_observed"": 0.9569453357862866, ""prior_probability"": 0.75, ""score"": 0.9138906715725735}, ""gender=Male"": {""alpha"": 1.0, ""margin"": 0.8710797740851655, ""p_observed"": 0.9355398870425826, ""prior_probability"": 0.25, ""score"": 0.8710797740851655}}","{""gender=Female"": {""alpha"": 0.0, ""margin"": 0.9138906715725735, ""p_observed"": 0.9569453357862866, ""prior_probability"": 0.75, ""score"": -0.2876820724517809}, ""gender=Male"": {""alpha"": 0.0, ""margin"": 0.8710797740851655, ""p_observed"": 0.9355398870425826, ""prior_probability"": 0.25, ""score"": -1.3862943611198906}}"
140,Female,White,gender=Female,<=50K,"{""age"": ""35"", ""workclass"": ""Private"", ""fnlwgt"": ""99065"", ""education"": ""Assoc-acdm"", ""educational-num"": ""12"", ""marital-status"": ""Divorced"", ""occupation"": ""Adm-clerical"", ""relationship"": ""Unmarried"", ""race"": ""White"", ""capital-gain"": ""0"", ""capital-loss"": ""0"", ""hours-per-week"": ""32"", ""native-country"": ""United-States""}",gender=Male,gender=Female,gender=Female,,gender=Female,gender=Female,gender=Female,0,<=50K | Unmarried | Divorced | Assoc-acdm | Private,2,2,"{""gender=Female"": ""<=50K"", ""gender=Male"": ""<=50K""}","{""gender=Female"": {""alpha"": 1.0, ""margin"": 0.9516685670193454, ""p_observed"": 0.9758342835096727, ""prior_probability"": 0.8823529411764706, ""score"": 0.9758342835096727}, ""gender=Male"": {""alpha"": 1.0, ""margin"": 0.8913744962677882, ""p_observed"": 0.945687248133894, ""prior_probability"": 0.11764705882352941, ""score"": 0.945687248133894}}","{""gender=Female"": {""alpha"": 1.0, ""margin"": 0.9516685670193454, ""p_observed"": 0.9758342835096727, ""prior_probability"": 0.8823529411764706, ""score"": 0.9516685670193454}, ""gender=Male"": {""alpha"": 1.0, ""margin"": 0.8913744962677882, ""p_observed"": 0.945687248133894, ""prior_probability"": 0.11764705882352941, ""score"": 0.8913744962677882}}","{""gender=Female"": {""alpha"": 0.0, ""margin"": 0.9516685670193454, ""p_observed"": 0.9758342835096727, ""prior_probability"": 0.8823529411764706, ""score"": -0.12516314295400605}, ""gender=Male"": {""alpha"": 0.0, ""margin"": 0.8913744962677882, ""p_observed"": 0.945687248133894, ""prior_probability"": 0.11764705882352941, ""score"": -2.1400661634962708}}"
141,Male,White,gender=Male,<=50K,"{""age"": ""29"", ""workclass"": ""Private"", ""fnlwgt"": ""178272"", ""education"": ""HS-grad"", ""educational-num"": ""9"", ""marital-status"": ""Married-civ-spouse"", ""occupation"": ""Protective-serv"", ""relationship"": ""Husband"", ""race"": ""White"", ""capital-gain"": ""0"", ""capital-loss"": ""0"", ""hours-per-week"": ""40"", ""native-country"": ""United-States""}",gender=Male,gender=Male,gender=Male,,gender=Female,gender=Female,gender=Male,0,<=50K | Husband | Married-civ-spouse | HS-grad | Private,2,2,"{""gender=Female"": ""<=50K"", ""gender=Male"": ""<=50K""}","{""gender=Female"": {""alpha"": 1.0, ""margin"": 0.5924558309814549, ""p_observed"": 0.7962279154907275, ""prior_probability"": 0.017543859649122806, ""score"": 0.7962279154907275}, ""gender=Male"": {""alpha"": 1.0, ""margin"": 0.508358754806002, ""p_observed"": 0.7541793774030009, ""prior_probability"": 0.9824561403508771, ""score"": 0.7541793774030009}}","{""gender=Female"": {""alpha"": 1.0, ""margin"": 0.5924558309814549, ""p_observed"": 0.7962279154907275, ""prior_probability"": 0.017543859649122806, ""score"": 0.5924558309814549}, ""gender=Male"": {""alpha"": 1.0, ""margin"": 0.508358754806002, ""p_observed"": 0.7541793774030009, ""prior_probability"": 0.9824561403508771, ""score"": 0.508358754806002}}","{""gender=Female"": {""alpha"": 0.0, ""margin"": 0.5924558309814549, ""p_observed"": 0.7962279154907275, ""prior_probability"": 0.017543859649122806, ""score"": -4.04305126783455}, ""gender=Male"": {""alpha"": 0.0, ""margin"": 0.508358754806002, ""p_observed"": 0.7541793774030009, ""prior_probability"": 0.9824561403508771, ""score"": -0.017699577099400975}}"
142,Female,White,gender=Female,<=50K,"{""age"": ""25"", ""workclass"": ""Private"", ""fnlwgt"": ""47353"", ""education"": ""10th"", ""educational-num"": ""6"", ""marital-status"": ""Married-civ-spouse"", ""occupation"": ""Other-service"", ""relationship"": ""Wife"", ""race"": ""White"", ""capital-gain"": ""0"", ""capital-loss"": ""0"", ""hours-per-week"": ""40"", ""native-country"": ""United-States""}",gender=Male,gender=Female,gender=Female,,gender=Male,gender=Male,gender=Female,0,<=50K | Wife | Married-civ-spouse | 10th | Private,2,2,"{""gender=Female"": ""<=50K"", ""gender=Male"": ""<=50K""}","{""gender=Female"": {""alpha"": 1.0, ""margin"": 0.7599759984832837, ""p_observed"": 0.8799879992416418, ""prior_probability"": 0.875, ""score"": 0.8799879992416418}, ""gender=Male"": {""alpha"": 1.0, ""margin"": 0.8026697305486514, ""p_observed"": 0.9013348652743257, ""prior_probability"": 0.125, ""score"": 0.9013348652743257}}","{""gender=Female"": {""alpha"": 1.0, ""margin"": 0.7599759984832837, ""p_observed"": 0.8799879992416418, ""prior_probability"": 0.875, ""score"": 0.7599759984832837}, ""gender=Male"": {""alpha"": 1.0, ""margin"": 0.8026697305486514, ""p_observed"": 0.9013348652743257, ""prior_probability"": 0.125, ""score"": 0.8026697305486514}}","{""gender=Female"": {""alpha"": 0.0, ""margin"": 0.7599759984832837, ""p_observed"": 0.8799879992416418, ""prior_probability"": 0.875, ""score"": -0.13353139262452263}, ""gender=Male"": {""alpha"": 0.0, ""margin"": 0.8026697305486514, ""p_observed"": 0.9013348652743257, ""prior_probability"": 0.125, ""score"": -2.0794415416798357}}"
143,Male,White,gender=Male,>50K,"{""age"": ""43"", ""workclass"": ""Private"", ""fnlwgt"": ""227065"", ""education"": ""Masters"", ""educational-num"": ""14"", ""marital-status"": ""Married-civ-spouse"", ""occupation"": ""Exec-managerial"", ""relationship"": ""Husband"", ""race"": ""White"", ""capital-gain"": ""0"", ""capital-loss"": ""0"", ""hours-per-week"": ""43"", ""native-country"": ""United-States""}",gender=Male,gender=Male,gender=Male,,gender=Male,gender=Male,gender=Male,0,>50K | Husband | Married-civ-spouse | Masters | Private,2,2,"{""gender=Female"": "">50K"", ""gender=Male"": "">50K""}","{""gender=Female"": {""alpha"": 1.0, ""margin"": 0.2908540383760356, ""p_observed"": 0.6454270191880178, ""prior_probability"": 0.004048582995951417, ""score"": 0.6454270191880178}, ""gender=Male"": {""alpha"": 1.0, ""margin"": 0.5370083920740933, ""p_observed"": 0.7685041960370468, ""prior_probability"": 0.9959514170040485, ""score"": 0.7685041960370468}}","{""gender=Female"": {""alpha"": 1.0, ""margin"": 0.2908540383760356, ""p_observed"": 0.6454270191880178, ""prior_probability"": 0.004048582995951417, ""score"": 0.2908540383760356}, ""gender=Male"": {""alpha"": 1.0, ""margin"": 0.5370083920740933, ""p_observed"": 0.7685041960370468, ""prior_probability"": 0.9959514170040485, ""score"": 0.5370083920740933}}","{""gender=Female"": {""alpha"": 0.0, ""margin"": 0.2908540383760356, ""p_observed"": 0.6454270191880178, ""prior_probability"": 0.004048582995951417, ""score"": -5.5093883366279774}, ""gender=Male"": {""alpha"": 0.0, ""margin"": 0.5370083920740933, ""p_observed"": 0.7685041960370468, ""prior_probability"": 0.9959514170040485, ""score"": -0.00405680069561443}}"
144,Male,White,gender=Male,<=50K,"{""age"": ""20"", ""workclass"": ""Federal-gov"", ""fnlwgt"": ""178517"", ""education"": ""Some-college"", ""educational-num"": ""10"", ""marital-status"": ""Never-married"", ""occupation"": ""Tech-support"", ""relationship"": ""Not-in-family"", ""race"": ""White"", ""capital-gain"": ""0"", ""capital-loss"": ""0"", ""hours-per-week"": ""40"", ""native-country"": ""United-States""}",gender=Male,gender=Female,gender=Female,,gender=Male,gender=Male,gender=Female,0,<=50K | Not-in-family | Never-married | Some-college | Federal-gov,2,2,"{""gender=Female"": ""<=50K"", ""gender=Male"": ""<=50K""}","{""gender=Female"": {""alpha"": 1.0, ""margin"": 0.9335995280431376, ""p_observed"": 0.9667997640215689, ""prior_probability"": 0.6052631578947368, ""score"": 0.9667997640215689}, ""gender=Male"": {""alpha"": 1.0, ""margin"": 0.9425213543351179, ""p_observed"": 0.9712606771675588, ""prior_probability"": 0.39473684210526316, ""score"": 0.9712606771675588}}","{""gender=Female"": {""alpha"": 1.0, ""margin"": 0.9335995280431376, ""p_observed"": 0.9667997640215689, ""prior_probability"": 0.6052631578947368, ""score"": 0.9335995280431376}, ""gender=Male"": {""alpha"": 1.0, ""margin"": 0.9425213543351179, ""p_observed"": 0.9712606771675588, ""prior_probability"": 0.39473684210526316, ""score"": 0.9425213543351179}}","{""gender=Female"": {""alpha"": 0.0, ""margin"": 0.9335995280431376, ""p_observed"": 0.9667997640215689, ""prior_probability"": 0.6052631578947368, ""score"": -0.5020919437972361}, ""gender=Male"": {""alpha"": 0.0, ""margin"": 0.9425213543351179, ""p_observed"": 0.9712606771675588, ""prior_probability"": 0.39473684210526316, ""score"": -0.9295359586241757}}"
145,Male,White,gender=Male,<=50K,"{""age"": ""41"", ""workclass"": ""Private"", ""fnlwgt"": ""209547"", ""education"": ""HS-grad"", ""educational-num"": ""9"", ""marital-status"": ""Never-married"", ""occupation"": ""Machine-op-inspct"", ""relationship"": ""Not-in-family"", ""race"": ""White"", ""capital-gain"": ""0"", ""capital-loss"": ""0"", ""hours-per-week"": ""40"", ""native-country"": ""United-States""}",gender=Male,gender=Male,gender=Male,gender=Male,gender=Female,gender=Female,gender=Male,1,<=50K | Not-in-family | Never-married | HS-grad | Private,2,2,"{""gender=Female"": ""<=50K"", ""gender=Male"": ""<=50K""}","{""gender=Female"": {""alpha"": 1.0, ""margin"": 0.9551764606436204, ""p_observed"": 0.9775882303218101, ""prior_probability"": 0.30434782608695654, ""score"": 0.9775882303218101}, ""gender=Male"": {""alpha"": 1.0, ""margin"": 0.9384423461027326, ""p_observed"": 0.969221173051366, ""prior_probability"": 0.6956521739130435, ""score"": 0.969221173051366}}","{""gender=Female"": {""alpha"": 1.0, ""margin"": 0.9551764606436204, ""p_observed"": 0.9775882303218101, ""prior_probability"": 0.30434782608695654, ""score"": 0.9551764606436204}, ""gender=Male"": {""alpha"": 1.0, ""margin"": 0.9384423461027326, ""p_observed"": 0.969221173051366, ""prior_probability"": 0.6956521739130435, ""score"": 0.9384423461027326}}","{""gender=Female"": {""alpha"": 0.0, ""margin"": 0.9551764606436204, ""p_observed"": 0.9775882303218101, ""prior_probability"": 0.30434782608695654, ""score"": -1.1895840668738362}, ""gender=Male"": {""alpha"": 0.0, ""margin"": 0.9384423461027326, ""p_observed"": 0.969221173051366, ""prior_probability"": 0.6956521739130435, ""score"": -0.3629054936893685}}"
146,Male,White,gender=Male,<=50K,"{""age"": ""36"", ""workclass"": ""Private"", ""fnlwgt"": ""103605"", ""education"": ""HS-grad"", ""educational-num"": ""9"", ""marital-status"": ""Married-civ-spouse"", ""occupation"": ""Handlers-cleaners"", ""relationship"": ""Husband"", ""race"": ""White"", ""capital-gain"": ""0"", ""capital-loss"": ""0"", ""hours-per-week"": ""40"", ""native-country"": ""United-States""}",gender=Male,gender=Male,gender=Male,,gender=Female,gender=Female,gender=Male,0,<=50K | Husband | Married-civ-spouse | HS-grad | Private,2,2,"{""gender=Female"": ""<=50K"", ""gender=Male"": ""<=50K""}","{""gender=Female"": {""alpha"": 1.0, ""margin"": 0.4850982394902058, ""p_observed"": 0.7425491197451028, ""prior_probability"": 0.006666666666666667, ""score"": 0.7425491197451028}, ""gender=Male"": {""alpha"": 1.0, ""margin"": 0.4296916716657183, ""p_observed"": 0.7148458358328591, ""prior_probability"": 0.9933333333333333, ""score"": 0.7148458358328591}}","{""gender=Female"": {""alpha"": 1.0, ""margin"": 0.4850982394902058, ""p_observed"": 0.7425491197451028, ""prior_probability"": 0.006666666666666667, ""score"": 0.4850982394902058}, ""gender=Male"": {""alpha"": 1.0, ""margin"": 0.4296916716657183, ""p_observed"": 0.7148458358328591, ""prior_probability"": 0.9933333333333333, ""score"": 0.4296916716657183}}","{""gender=Female"": {""alpha"": 0.0, ""margin"": 0.4850982394902058, ""p_observed"": 0.7425491197451028, ""prior_probability"": 0.006666666666666667, ""score"": -5.0106352940962555}, ""gender=Male"": {""alpha"": 0.0, ""margin"": 0.4296916716657183, ""p_observed"": 0.7148458358328591, ""prior_probability"": 0.9933333333333333, ""score"": -0.006688988150796652}}"
147,Male,White,gender=Male,<=50K,"{""age"": ""31"", ""workclass"": ""Private"", ""fnlwgt"": ""302679"", ""education"": ""HS-grad"", ""educational-num"": ""9"", ""marital-status"": ""Married-civ-spouse"", ""occupation"": ""Craft-repair"", ""relationship"": ""Husband"", ""race"": ""White"", ""capital-gain"": ""0"", ""capital-loss"": ""0"", ""hours-per-week"": ""40"", ""native-country"": ""United-States""}",gender=Male,gender=Male,gender=Male,,gender=Female,gender=Female,gender=Male,0,<=50K | Husband | Married-civ-spouse | HS-grad | Private,2,2,"{""gender=Female"": ""<=50K"", ""gender=Male"": ""<=50K""}","{""gender=Female"": {""alpha"": 1.0, ""margin"": 0.5868186039056816, ""p_observed"": 0.7934093019528408, ""prior_probability"": 0.001364256480218281, ""score"": 0.7934093019528408}, ""gender=Male"": {""alpha"": 1.0, ""margin"": 0.5317687057145432, ""p_observed"": 0.7658843528572714, ""prior_probability"": 0.9986357435197817, ""score"": 0.7658843528572714}}","{""gender=Female"": {""alpha"": 1.0, ""margin"": 0.5868186039056816, ""p_observed"": 0.7934093019528408, ""prior_probability"": 0.001364256480218281, ""score"": 0.5868186039056816}, ""gender=Male"": {""alpha"": 1.0, ""margin"": 0.5317687057145432, ""p_observed"": 0.7658843528572714, ""prior_probability"": 0.9986357435197817, ""score"": 0.5317687057145432}}","{""gender=Female"": {""alpha"": 0.0, ""margin"": 0.5868186039056816, ""p_observed"": 0.7934093019528408, ""prior_probability"": 0.001364256480218281, ""score"": -6.597145701886651}, ""gender=Male"": {""alpha"": 0.0, ""margin"": 0.5317687057145432, ""p_observed"": 0.7658843528572714, ""prior_probability"": 0.9986357435197817, ""score"": -0.00136518792533997}}"
148,Male,White,gender=Male,<=50K,"{""age"": ""30"", ""workclass"": ""Local-gov"", ""fnlwgt"": ""172822"", ""education"": ""Assoc-voc"", ""educational-num"": ""11"", ""marital-status"": ""Never-married"", ""occupation"": ""Protective-serv"", ""relationship"": ""Not-in-family"", ""race"": ""White"", ""capital-gain"": ""0"", ""capital-loss"": ""0"", ""hours-per-week"": ""40"", ""native-country"": ""United-States""}",gender=Male,gender=Male,gender=Male,,gender=Female,gender=Female,gender=Male,0,<=50K | Not-in-family | Never-married | Assoc-voc | Local-gov,2,2,"{""gender=Female"": ""<=50K"", ""gender=Male"": ""<=50K""}","{""gender=Female"": {""alpha"": 1.0, ""margin"": 0.914584420185997, ""p_observed"": 0.9572922100929985, ""prior_probability"": 0.375, ""score"": 0.9572922100929985}, ""gender=Male"": {""alpha"": 1.0, ""margin"": 0.9093134434305322, ""p_observed"": 0.9546567217152659, ""prior_probability"": 0.625, ""score"": 0.9546567217152659}}","{""gender=Female"": {""alpha"": 1.0, ""margin"": 0.914584420185997, ""p_observed"": 0.9572922100929985, ""prior_probability"": 0.375, ""score"": 0.914584420185997}, ""gender=Male"": {""alpha"": 1.0, ""margin"": 0.9093134434305322, ""p_observed"": 0.9546567217152659, ""prior_probability"": 0.625, ""score"": 0.9093134434305322}}","{""gender=Female"": {""alpha"": 0.0, ""margin"": 0.914584420185997, ""p_observed"": 0.9572922100929985, ""prior_probability"": 0.375, ""score"": -0.9808292530117262}, ""gender=Male"": {""alpha"": 0.0, ""margin"": 0.9093134434305322, ""p_observed"": 0.9546567217152659, ""prior_probability"": 0.625, ""score"": -0.4700036292457356}}"
149,Male,White,gender=Male,>50K,"{""age"": ""51"", ""workclass"": ""Private"", ""fnlwgt"": ""138852"", ""education"": ""HS-grad"", ""educational-num"": ""9"", ""marital-status"": ""Married-civ-spouse"", ""occupation"": ""Other-service"", ""relationship"": ""Husband"", ""race"": ""White"", ""capital-gain"": ""7298"", ""capital-loss"": ""0"", ""hours-per-week"": ""40"", ""native-country"": ""El-Salvador""}",gender=Male,gender=Male,gender=Male,gender=Male,gender=Male,gender=Male,gender=Male,1,>50K | Husband | Married-civ-spouse | HS-grad | Private,2,2,"{""gender=Female"": "">50K"", ""gender=Male"": "">50K""}","{""gender=Female"": {""alpha"": 1.0, ""margin"": 0.22465727417551629, ""p_observed"": 0.6123286370877581, ""prior_probability"": 0.034482758620689655, ""score"": 0.6123286370877581}, ""gender=Male"": {""alpha"": 1.0, ""margin"": 0.4346360843734626, ""p_observed"": 0.7173180421867311, ""prior_probability"": 0.9655172413793104, ""score"": 0.7173180421867311}}","{""gender=Female"": {""alpha"": 1.0, ""margin"": 0.22465727417551629, ""p_observed"": 0.6123286370877581, ""prior_probability"": 0.034482758620689655, ""score"": 0.22465727417551629}, ""gender=Male"": {""alpha"": 1.0, ""margin"": 0.4346360843734626, ""p_observed"": 0.7173180421867311, ""prior_probability"": 0.9655172413793104, ""score"": 0.4346360843734626}}","{""gender=Female"": {""alpha"": 0.0, ""margin"": 0.22465727417551629, ""p_observed"": 0.6123286370877581, ""prior_probability"": 0.034482758620689655, ""score"": -3.367295829986474}, ""gender=Male"": {""alpha"": 0.0, ""margin"": 0.4346360843734626, ""p_observed"": 0.7173180421867311, ""prior_probability"": 0.9655172413793104, ""score"": -0.03509131981127006}}"
150,Female,White,gender=Female,<=50K,"{""age"": ""57"", ""workclass"": ""Private"", ""fnlwgt"": ""358628"", ""education"": ""Assoc-voc"", ""educational-num"": ""11"", ""marital-status"": ""Divorced"", ""occupation"": ""Adm-clerical"", ""relationship"": ""Unmarried"", ""race"": ""White"", ""capital-gain"": ""0"", ""capital-loss"": ""0"", ""hours-per-week"": ""40"", ""native-country"": ""United-States""}",gender=Male,gender=Female,gender=Female,,gender=Female,gender=Female,gender=Female,0,<=50K | Unmarried | Divorced | Assoc-voc | Private,2,2,"{""gender=Female"": ""<=50K"", ""gender=Male"": ""<=50K""}","{""gender=Female"": {""alpha"": 1.0, ""margin"": 0.9391280152641979, ""p_observed"": 0.9695640076320988, ""prior_probability"": 0.9545454545454546, ""score"": 0.9695640076320988}, ""gender=Male"": {""alpha"": 1.0, ""margin"": 0.8452281847074719, ""p_observed"": 0.9226140923537358, ""prior_probability"": 0.045454545454545456, ""score"": 0.9226140923537358}}","{""gender=Female"": {""alpha"": 1.0, ""margin"": 0.9391280152641979, ""p_observed"": 0.9695640076320988, ""prior_probability"": 0.9545454545454546, ""score"": 0.9391280152641979}, ""gender=Male"": {""alpha"": 1.0, ""margin"": 0.8452281847074719, ""p_observed"": 0.9226140923537358, ""prior_probability"": 0.045454545454545456, ""score"": 0.8452281847074719}}","{""gender=Female"": {""alpha"": 0.0, ""margin"": 0.9391280152641979, ""p_observed"": 0.9695640076320988, ""prior_probability"": 0.9545454545454546, ""score"": -0.04652001563489282}, ""gender=Male"": {""alpha"": 0.0, ""margin"": 0.8452281847074719, ""p_observed"": 0.9226140923537358, ""prior_probability"": 0.045454545454545456, ""score"": -3.0910424533583156}}"
151,Male,White,gender=Male,<=50K,"{""age"": ""38"", ""workclass"": ""Private"", ""fnlwgt"": ""169469"", ""education"": ""HS-grad"", ""educational-num"": ""9"", ""marital-status"": ""Divorced"", ""occupation"": ""Sales"", ""relationship"": ""Not-in-family"", ""race"": ""White"", ""capital-gain"": ""0"", ""capital-loss"": ""0"", ""hours-per-week"": ""80"", ""native-country"": ""United-States""}",gender=Male,gender=Female,gender=Female,,gender=Female,gender=Female,gender=Female,0,<=50K | Not-in-family | Divorced | HS-grad | Private,2,2,"{""gender=Female"": ""<=50K"", ""gender=Male"": ""<=50K""}","{""gender=Female"": {""alpha"": 1.0, ""margin"": 0.8838550862400865, ""p_observed"": 0.9419275431200431, ""prior_probability"": 0.6111111111111112, ""score"": 0.9419275431200431}, ""gender=Male"": {""alpha"": 1.0, ""margin"": 0.8642019187671247, ""p_observed"": 0.9321009593835624, ""prior_probability"": 0.3888888888888889, ""score"": 0.9321009593835624}}","{""gender=Female"": {""alpha"": 1.0, ""margin"": 0.8838550862400865, ""p_observed"": 0.9419275431200431, ""prior_probability"": 0.6111111111111112, ""score"": 0.8838550862400865}, ""gender=Male"": {""alpha"": 1.0, ""margin"": 0.8642019187671247, ""p_observed"": 0.9321009593835624, ""prior_probability"": 0.3888888888888889, ""score"": 0.8642019187671247}}","{""gender=Female"": {""alpha"": 0.0, ""margin"": 0.8838550862400865, ""p_observed"": 0.9419275431200431, ""prior_probability"": 0.6111111111111112, ""score"": -0.49247648509779407}, ""gender=Male"": {""alpha"": 0.0, ""margin"": 0.8642019187671247, ""p_observed"": 0.9321009593835624, ""prior_probability"": 0.3888888888888889, ""score"": -0.9444616088408514}}"
152,Male,White,gender=Male,>50K,"{""age"": ""63"", ""workclass"": ""Private"", ""fnlwgt"": ""117473"", ""education"": ""Some-college"", ""educational-num"": ""10"", ""marital-status"": ""Married-civ-spouse"", ""occupation"": ""Prof-specialty"", ""relationship"": ""Husband"", ""race"": ""White"", ""capital-gain"": ""4386"", ""capital-loss"": ""0"", ""hours-per-week"": ""40"", ""native-country"": ""United-States""}",gender=Male,gender=Male,gender=Male,,gender=Male,gender=Male,gender=Male,0,>50K | Husband | Married-civ-spouse | Some-college | Private,2,2,"{""gender=Female"": ""<=50K"", ""gender=Male"": ""<=50K""}","{""gender=Female"": {""alpha"": 1.0, ""margin"": -0.22329825937885767, ""p_observed"": 0.3883508703105712, ""prior_probability"": 0.011904761904761904, ""score"": 0.3883508703105712}, ""gender=Male"": {""alpha"": 1.0, ""margin"": -0.15504755258736835, ""p_observed"": 0.42247622370631577, ""prior_probability"": 0.9880952380952381, ""score"": 0.42247622370631577}}","{""gender=Female"": {""alpha"": 1.0, ""margin"": -0.22329825937885767, ""p_observed"": 0.3883508703105712, ""prior_probability"": 0.011904761904761904, ""score"": -0.22329825937885767}, ""gender=Male"": {""alpha"": 1.0, ""margin"": -0.15504755258736835, ""p_observed"": 0.42247622370631577, ""prior_probability"": 0.9880952380952381, ""score"": -0.15504755258736835}}","{""gender=Female"": {""alpha"": 0.0, ""margin"": -0.22329825937885767, ""p_observed"": 0.3883508703105712, ""prior_probability"": 0.011904761904761904, ""score"": -4.430816798843313}, ""gender=Male"": {""alpha"": 0.0, ""margin"": -0.15504755258736835, ""p_observed"": 0.42247622370631577, ""prior_probability"": 0.9880952380952381, ""score"": -0.01197619104671565}}"
153,Male,White,gender=Male,<=50K,"{""age"": ""43"", ""workclass"": ""State-gov"", ""fnlwgt"": ""144811"", ""education"": ""Prof-school"", ""educational-num"": ""15"", ""marital-status"": ""Divorced"", ""occupation"": ""Prof-specialty"", ""relationship"": ""Not-in-family"", ""race"": ""White"", ""capital-gain"": ""0"", ""capital-loss"": ""0"", ""hours-per-week"": ""50"", ""native-country"": ""United-States""}",gender=Male,gender=Female,gender=Female,,gender=Female,gender=Female,gender=Female,0,<=50K | Not-in-family | Divorced | Prof-school | State-gov,2,2,"{""gender=Female"": ""<=50K"", ""gender=Male"": "">50K""}","{""gender=Female"": {""alpha"": 1.0, ""margin"": 0.03564582799038302, ""p_observed"": 0.5178229139951915, ""prior_probability"": 0.625, ""score"": 0.5178229139951915}, ""gender=Male"": {""alpha"": 1.0, ""margin"": -0.09341611421454254, ""p_observed"": 0.4532919428927288, ""prior_probability"": 0.375, ""score"": 0.4532919428927288}}","{""gender=Female"": {""alpha"": 1.0, ""margin"": 0.03564582799038302, ""p_observed"": 0.5178229139951915, ""prior_probability"": 0.625, ""score"": 0.03564582799038302}, ""gender=Male"": {""alpha"": 1.0, ""margin"": -0.09341611421454254, ""p_observed"": 0.4532919428927288, ""prior_probability"": 0.375, ""score"": -0.09341611421454254}}","{""gender=Female"": {""alpha"": 0.0, ""margin"": 0.03564582799038302, ""p_observed"": 0.5178229139951915, ""prior_probability"": 0.625, ""score"": -0.4700036292457356}, ""gender=Male"": {""alpha"": 0.0, ""margin"": -0.09341611421454254, ""p_observed"": 0.4532919428927288, ""prior_probability"": 0.375, ""score"": -0.9808292530117262}}"
154,Male,White,gender=Male,<=50K,"{""age"": ""37"", ""workclass"": ""Federal-gov"", ""fnlwgt"": ""289653"", ""education"": ""Some-college"", ""educational-num"": ""10"", ""marital-status"": ""Married-civ-spouse"", ""occupation"": ""Craft-repair"", ""relationship"": ""Husband"", ""race"": ""White"", ""capital-gain"": ""0"", ""capital-loss"": ""0"", ""hours-per-week"": ""40"", ""native-country"": ""United-States""}",gender=Male,gender=Male,gender=Male,,gender=Female,gender=Female,gender=Male,0,<=50K | Husband | Married-civ-spouse | Some-college | Federal-gov,2,2,"{""gender=Female"": ""<=50K"", ""gender=Male"": ""<=50K""}","{""gender=Female"": {""alpha"": 1.0, ""margin"": 0.2126471243456659, ""p_observed"": 0.6063235621728331, ""prior_probability"": 0.0037735849056603774, ""score"": 0.6063235621728331}, ""gender=Male"": {""alpha"": 1.0, ""margin"": 0.10442353243982322, ""p_observed"": 0.5522117662199117, ""prior_probability"": 0.9962264150943396, ""score"": 0.5522117662199117}}","{""gender=Female"": {""alpha"": 1.0, ""margin"": 0.2126471243456659, ""p_observed"": 0.6063235621728331, ""prior_probability"": 0.0037735849056603774, ""score"": 0.2126471243456659}, ""gender=Male"": {""alpha"": 1.0, ""margin"": 0.10442353243982322, ""p_observed"": 0.5522117662199117, ""prior_probability"": 0.9962264150943396, ""score"": 0.10442353243982322}}","{""gender=Female"": {""alpha"": 0.0, ""margin"": 0.2126471243456659, ""p_observed"": 0.6063235621728331, ""prior_probability"": 0.0037735849056603774, ""score"": -5.579729825986222}, ""gender=Male"": {""alpha"": 0.0, ""margin"": 0.10442353243982322, ""p_observed"": 0.5522117662199117, ""prior_probability"": 0.9962264150943396, ""score"": -0.0037807228399060443}}"
155,Male,White,gender=Male,<=50K,"{""age"": ""46"", ""workclass"": ""Private"", ""fnlwgt"": ""188861"", ""education"": ""Some-college"", ""educational-num"": ""10"", ""marital-status"": ""Married-civ-spouse"", ""occupation"": ""Transport-moving"", ""relationship"": ""Husband"", ""race"": ""White"", ""capital-gain"": ""0"", ""capital-loss"": ""0"", ""hours-per-week"": ""40"", ""native-country"": ""United-States""}",gender=Male,gender=Male,gender=Male,,gender=Female,gender=Female,gender=Male,0,<=50K | Husband | Married-civ-spouse | Some-college | Private,2,2,"{""gender=Female"": ""<=50K"", ""gender=Male"": ""<=50K""}","{""gender=Female"": {""alpha"": 1.0, ""margin"": 0.3151898614329486, ""p_observed"": 0.6575949307164743, ""prior_probability"": 0.012987012987012988, ""score"": 0.6575949307164743}, ""gender=Male"": {""alpha"": 1.0, ""margin"": 0.2545485912057377, ""p_observed"": 0.627274295602869, ""prior_probability"": 0.987012987012987, ""score"": 0.627274295602869}}","{""gender=Female"": {""alpha"": 1.0, ""margin"": 0.3151898614329486, ""p_observed"": 0.6575949307164743, ""prior_probability"": 0.012987012987012988, ""score"": 0.3151898614329486}, ""gender=Male"": {""alpha"": 1.0, ""margin"": 0.2545485912057377, ""p_observed"": 0.627274295602869, ""prior_probability"": 0.987012987012987, ""score"": 0.2545485912057377}}","{""gender=Female"": {""alpha"": 0.0, ""margin"": 0.3151898614329486, ""p_observed"": 0.6575949307164743, ""prior_probability"": 0.012987012987012988, ""score"": -4.343805421853684}, ""gender=Male"": {""alpha"": 0.0, ""margin"": 0.2545485912057377, ""p_observed"": 0.627274295602869, ""prior_probability"": 0.987012987012987, ""score"": -0.013072081567352775}}"
156,Male,White,gender=Male,<=50K,"{""age"": ""20"", ""workclass"": ""Private"", ""fnlwgt"": ""305446"", ""education"": ""HS-grad"", ""educational-num"": ""9"", ""marital-status"": ""Never-married"", ""occupation"": ""Other-service"", ""relationship"": ""Own-child"", ""race"": ""White"", ""capital-gain"": ""0"", ""capital-loss"": ""0"", ""hours-per-week"": ""30"", ""native-country"": ""United-States""}",gender=Male,gender=Male,gender=Male,gender=Male,gender=Male,gender=Male,gender=Male,1,<=50K | Own-child | Never-married | HS-grad | Private,2,2,"{""gender=Female"": ""<=50K"", ""gender=Male"": ""<=50K""}","{""gender=Female"": {""alpha"": 1.0, ""margin"": 0.9945897996585216, ""p_observed"": 0.9972948998292608, ""prior_probability"": 0.4854368932038835, ""score"": 0.9972948998292608}, ""gender=Male"": {""alpha"": 1.0, ""margin"": 0.9953606633757927, ""p_observed"": 0.9976803316878963, ""prior_probability"": 0.5145631067961165, ""score"": 0.9976803316878963}}","{""gender=Female"": {""alpha"": 1.0, ""margin"": 0.9945897996585216, ""p_observed"": 0.9972948998292608, ""prior_probability"": 0.4854368932038835, ""score"": 0.9945897996585216}, ""gender=Male"": {""alpha"": 1.0, ""margin"": 0.9953606633757927, ""p_observed"": 0.9976803316878963, ""prior_probability"": 0.5145631067961165, ""score"": 0.9953606633757927}}","{""gender=Female"": {""alpha"": 0.0, ""margin"": 0.9945897996585216, ""p_observed"": 0.9972948998292608, ""prior_probability"": 0.4854368932038835, ""score"": -0.7227059828014897}, ""gender=Male"": {""alpha"": 0.0, ""margin"": 0.9953606633757927, ""p_observed"": 0.9976803316878963, ""prior_probability"": 0.5145631067961165, ""score"": -0.6644370746775139}}"
157,Female,White,gender=Female,<=50K,"{""age"": ""23"", ""workclass"": ""Private"", ""fnlwgt"": ""210474"", ""education"": ""Some-college"", ""educational-num"": ""10"", ""marital-status"": ""Never-married"", ""occupation"": ""Other-service"", ""relationship"": ""Own-child"", ""race"": ""White"", ""capital-gain"": ""0"", ""capital-loss"": ""0"", ""hours-per-week"": ""30"", ""native-country"": ""United-States""}",gender=Male,gender=Female,gender=Female,gender=Female,gender=Female,gender=Female,gender=Female,1,<=50K | Own-child | Never-married | Some-college | Private,2,2,"{""gender=Female"": ""<=50K"", ""gender=Male"": ""<=50K""}","{""gender=Female"": {""alpha"": 1.0, ""margin"": 0.9938114430953404, ""p_observed"": 0.9969057215476702, ""prior_probability"": 0.562753036437247, ""score"": 0.9969057215476702}, ""gender=Male"": {""alpha"": 1.0, ""margin"": 0.9914132350293687, ""p_observed"": 0.9957066175146843, ""prior_probability"": 0.43724696356275305, ""score"": 0.9957066175146843}}","{""gender=Female"": {""alpha"": 1.0, ""margin"": 0.9938114430953404, ""p_observed"": 0.9969057215476702, ""prior_probability"": 0.562753036437247, ""score"": 0.9938114430953404}, ""gender=Male"": {""alpha"": 1.0, ""margin"": 0.9914132350293687, ""p_observed"": 0.9957066175146843, ""prior_probability"": 0.43724696356275305, ""score"": 0.9914132350293687}}","{""gender=Female"": {""alpha"": 0.0, ""margin"": 0.9938114430953404, ""p_observed"": 0.9969057215476702, ""prior_probability"": 0.562753036437247, ""score"": -0.5749144034972855}, ""gender=Male"": {""alpha"": 0.0, ""margin"": 0.9914132350293687, ""p_observed"": 0.9957066175146843, ""prior_probability"": 0.43724696356275305, ""score"": -0.8272571095037574}}"
158,Female,White,gender=Female,<=50K,"{""age"": ""23"", ""workclass"": ""Local-gov"", ""fnlwgt"": ""145112"", ""education"": ""Bachelors"", ""educational-num"": ""13"", ""marital-status"": ""Never-married"", ""occupation"": ""Prof-specialty"", ""relationship"": ""Own-child"", ""race"": ""White"", ""capital-gain"": ""0"", ""capital-loss"": ""0"", ""hours-per-week"": ""43"", ""native-country"": ""United-States""}",gender=Male,gender=Female,gender=Female,,gender=Female,gender=Female,gender=Female,0,<=50K | Own-child | Never-married | Bachelors | Local-gov,2,2,"{""gender=Female"": ""<=50K"", ""gender=Male"": ""<=50K""}","{""gender=Female"": {""alpha"": 1.0, ""margin"": 0.9523989281479894, ""p_observed"": 0.9761994640739948, ""prior_probability"": 0.5188679245283019, ""score"": 0.9761994640739948}, ""gender=Male"": {""alpha"": 1.0, ""margin"": 0.9224637441806596, ""p_observed"": 0.9612318720903297, ""prior_probability"": 0.4811320754716981, ""score"": 0.9612318720903297}}","{""gender=Female"": {""alpha"": 1.0, ""margin"": 0.9523989281479894, ""p_observed"": 0.9761994640739948, ""prior_probability"": 0.5188679245283019, ""score"": 0.9523989281479894}, ""gender=Male"": {""alpha"": 1.0, ""margin"": 0.9224637441806596, ""p_observed"": 0.9612318720903297, ""prior_probability"": 0.4811320754716981, ""score"": 0.9224637441806596}}","{""gender=Female"": {""alpha"": 0.0, ""margin"": 0.9523989281479894, ""p_observed"": 0.9761994640739948, ""prior_probability"": 0.5188679245283019, ""score"": -0.6561059088795962}, ""gender=Male"": {""alpha"": 0.0, ""margin"": 0.9224637441806596, ""p_observed"": 0.9612318720903297, ""prior_probability"": 0.4811320754716981, ""score"": -0.7316134613877414}}"
159,Male,White,gender=Male,>50K,"{""age"": ""39"", ""workclass"": ""Private"", ""fnlwgt"": ""24342"", ""education"": ""Bachelors"", ""educational-num"": ""13"", ""marital-status"": ""Married-civ-spouse"", ""occupation"": ""Prof-specialty"", ""relationship"": ""Husband"", ""race"": ""White"", ""capital-gain"": ""0"", ""capital-loss"": ""0"", ""hours-per-week"": ""40"", ""native-country"": ""United-States""}",gender=Male,gender=Male,gender=Male,gender=Male,gender=Male,gender=Male,gender=Male,1,>50K | Husband | Married-civ-spouse | Bachelors | Private,2,2,"{""gender=Female"": "">50K"", ""gender=Male"": "">50K""}","{""gender=Female"": {""alpha"": 1.0, ""margin"": 0.18868017991876457, ""p_observed"": 0.5943400899593823, ""prior_probability"": 0.0029069767441860465, ""score"": 0.5943400899593823}, ""gender=Male"": {""alpha"": 1.0, ""margin"": 0.28679627754780085, ""p_observed"": 0.6433981387739004, ""prior_probability"": 0.997093023255814, ""score"": 0.6433981387739004}}","{""gender=Female"": {""alpha"": 1.0, ""margin"": 0.18868017991876457, ""p_observed"": 0.5943400899593823, ""prior_probability"": 0.0029069767441860465, ""score"": 0.18868017991876457}, ""gender=Male"": {""alpha"": 1.0, ""margin"": 0.28679627754780085, ""p_observed"": 0.6433981387739004, ""prior_probability"": 0.997093023255814, ""score"": 0.28679627754780085}}","{""gender=Female"": {""alpha"": 0.0, ""margin"": 0.18868017991876457, ""p_observed"": 0.5943400899593823, ""prior_probability"": 0.0029069767441860465, ""score"": -5.840641657373398}, ""gender=Male"": {""alpha"": 0.0, ""margin"": 0.28679627754780085, ""p_observed"": 0.6433981387739004, ""prior_probability"": 0.997093023255814, ""score"": -0.0029112102074584415}}"
160,Female,White,gender=Female,<=50K,"{""age"": ""32"", ""workclass"": ""Private"", ""fnlwgt"": ""182274"", ""education"": ""HS-grad"", ""educational-num"": ""9"", ""marital-status"": ""Separated"", ""occupation"": ""Other-service"", ""relationship"": ""Own-child"", ""race"": ""White"", ""capital-gain"": ""0"", ""capital-loss"": ""0"", ""hours-per-week"": ""37"", ""native-country"": ""United-States""}",gender=Male,gender=Female,gender=Female,,gender=Female,gender=Female,gender=Female,0,<=50K | Own-child | Separated | HS-grad | Private,2,2,"{""gender=Female"": ""<=50K"", ""gender=Male"": ""<=50K""}","{""gender=Female"": {""alpha"": 1.0, ""margin"": 0.9573025173864897, ""p_observed"": 0.978651258693245, ""prior_probability"": 0.8, ""score"": 0.978651258693245}, ""gender=Male"": {""alpha"": 1.0, ""margin"": 0.9449190183278003, ""p_observed"": 0.9724595091639001, ""prior_probability"": 0.2, ""score"": 0.9724595091639001}}","{""gender=Female"": {""alpha"": 1.0, ""margin"": 0.9573025173864897, ""p_observed"": 0.978651258693245, ""prior_probability"": 0.8, ""score"": 0.9573025173864897}, ""gender=Male"": {""alpha"": 1.0, ""margin"": 0.9449190183278003, ""p_observed"": 0.9724595091639001, ""prior_probability"": 0.2, ""score"": 0.9449190183278003}}","{""gender=Female"": {""alpha"": 0.0, ""margin"": 0.9573025173864897, ""p_observed"": 0.978651258693245, ""prior_probability"": 0.8, ""score"": -0.2231435513142097}, ""gender=Male"": {""alpha"": 0.0, ""margin"": 0.9449190183278003, ""p_observed"": 0.9724595091639001, ""prior_probability"": 0.2, ""score"": -1.6094379124341003}}"
161,Female,White,gender=Female,<=50K,"{""age"": ""42"", ""workclass"": ""State-gov"", ""fnlwgt"": ""184527"", ""education"": ""Some-college"", ""educational-num"": ""10"", ""marital-status"": ""Never-married"", ""occupation"": ""Exec-managerial"", ""relationship"": ""Unmarried"", ""race"": ""White"", ""capital-gain"": ""0"", ""capital-loss"": ""0"", ""hours-per-week"": ""45"", ""native-country"": ""United-States""}",gender=Male,gender=Female,gender=Female,,gender=Female,gender=Female,gender=Female,0,<=50K | Unmarried | Never-married | Some-college | State-gov,2,2,"{""gender=Female"": ""<=50K"", ""gender=Male"": ""<=50K""}","{""gender=Female"": {""alpha"": 1.0, ""margin"": 0.8763073798014858, ""p_observed"": 0.9381536899007428, ""prior_probability"": 0.5833333333333334, ""score"": 0.9381536899007428}, ""gender=Male"": {""alpha"": 1.0, ""margin"": 0.7163505691517984, ""p_observed"": 0.8581752845758992, ""prior_probability"": 0.4166666666666667, ""score"": 0.8581752845758992}}","{""gender=Female"": {""alpha"": 1.0, ""margin"": 0.8763073798014858, ""p_observed"": 0.9381536899007428, ""prior_probability"": 0.5833333333333334, ""score"": 0.8763073798014858}, ""gender=Male"": {""alpha"": 1.0, ""margin"": 0.7163505691517984, ""p_observed"": 0.8581752845758992, ""prior_probability"": 0.4166666666666667, ""score"": 0.7163505691517984}}","{""gender=Female"": {""alpha"": 0.0, ""margin"": 0.8763073798014858, ""p_observed"": 0.9381536899007428, ""prior_probability"": 0.5833333333333334, ""score"": -0.5389965007326869}, ""gender=Male"": {""alpha"": 0.0, ""margin"": 0.7163505691517984, ""p_observed"": 0.8581752845758992, ""prior_probability"": 0.4166666666666667, ""score"": -0.8754687373538999}}"
162,Female,Black,gender=Female,<=50K,"{""age"": ""35"", ""workclass"": ""Private"", ""fnlwgt"": ""153535"", ""education"": ""HS-grad"", ""educational-num"": ""9"", ""marital-status"": ""Divorced"", ""occupation"": ""Handlers-cleaners"", ""relationship"": ""Unmarried"", ""race"": ""Black"", ""capital-gain"": ""0"", ""capital-loss"": ""0"", ""hours-per-week"": ""36"", ""native-country"": ""United-States""}",gender=Male,gender=Male,gender=Male,,gender=Female,gender=Female,gender=Male,0,<=50K | Unmarried | Divorced | HS-grad | Private,2,2,"{""gender=Female"": ""<=50K"", ""gender=Male"": ""<=50K""}","{""gender=Female"": {""alpha"": 1.0, ""margin"": 0.9640530119720835, ""p_observed"": 0.9820265059860416, ""prior_probability"": 0.47058823529411764, ""score"": 0.9820265059860416}, ""gender=Male"": {""alpha"": 1.0, ""margin"": 0.9538836830380394, ""p_observed"": 0.9769418415190196, ""prior_probability"": 0.5294117647058824, ""score"": 0.9769418415190196}}","{""gender=Female"": {""alpha"": 1.0, ""margin"": 0.9640530119720835, ""p_observed"": 0.9820265059860416, ""prior_probability"": 0.47058823529411764, ""score"": 0.9640530119720835}, ""gender=Male"": {""alpha"": 1.0, ""margin"": 0.9538836830380394, ""p_observed"": 0.9769418415190196, ""prior_probability"": 0.5294117647058824, ""score"": 0.9538836830380394}}","{""gender=Female"": {""alpha"": 0.0, ""margin"": 0.9640530119720835, ""p_observed"": 0.9820265059860416, ""prior_probability"": 0.47058823529411764, ""score"": -0.7537718023763802}, ""gender=Male"": {""alpha"": 0.0, ""margin"": 0.9538836830380394, ""p_observed"": 0.9769418415190196, ""prior_probability"": 0.5294117647058824, ""score"": -0.6359887667199967}}"
163,Female,White,gender=Female,<=50K,"{""age"": ""34"", ""workclass"": ""Private"", ""fnlwgt"": ""198634"", ""education"": ""Assoc-voc"", ""educational-num"": ""11"", ""marital-status"": ""Never-married"", ""occupation"": ""Adm-clerical"", ""relationship"": ""Not-in-family"", ""race"": ""White"", ""capital-gain"": ""0"", ""capital-loss"": ""0"", ""hours-per-week"": ""40"", ""native-country"": ""United-States""}",gender=Male,gender=Female,gender=Female,,gender=Female,gender=Female,gender=Female,0,<=50K | Not-in-family | Never-married | Assoc-voc | Private,2,2,"{""gender=Female"": ""<=50K"", ""gender=Male"": ""<=50K""}","{""gender=Female"": {""alpha"": 1.0, ""margin"": 0.9285990804354746, ""p_observed"": 0.9642995402177371, ""prior_probability"": 0.8571428571428571, ""score"": 0.9642995402177371}, ""gender=Male"": {""alpha"": 1.0, ""margin"": 0.9196122716960866, ""p_observed"": 0.9598061358480431, ""prior_probability"": 0.14285714285714285, ""score"": 0.9598061358480431}}","{""gender=Female"": {""alpha"": 1.0, ""margin"": 0.9285990804354746, ""p_observed"": 0.9642995402177371, ""prior_probability"": 0.8571428571428571, ""score"": 0.9285990804354746}, ""gender=Male"": {""alpha"": 1.0, ""margin"": 0.9196122716960866, ""p_observed"": 0.9598061358480431, ""prior_probability"": 0.14285714285714285, ""score"": 0.9196122716960866}}","{""gender=Female"": {""alpha"": 0.0, ""margin"": 0.9285990804354746, ""p_observed"": 0.9642995402177371, ""prior_probability"": 0.8571428571428571, ""score"": -0.15415067982725836}, ""gender=Male"": {""alpha"": 0.0, ""margin"": 0.9196122716960866, ""p_observed"": 0.9598061358480431, ""prior_probability"": 0.14285714285714285, ""score"": -1.9459101490553135}}"
164,Male,White,gender=Male,<=50K,"{""age"": ""23"", ""workclass"": ""Private"", ""fnlwgt"": ""318483"", ""education"": ""HS-grad"", ""educational-num"": ""9"", ""marital-status"": ""Never-married"", ""occupation"": ""Sales"", ""relationship"": ""Own-child"", ""race"": ""White"", ""capital-gain"": ""0"", ""capital-loss"": ""0"", ""hours-per-week"": ""40"", ""native-country"": ""United-States""}",gender=Male,gender=Female,gender=Female,gender=Female,gender=Male,gender=Male,gender=Female,1,<=50K | Own-child | Never-married | HS-grad | Private,2,2,"{""gender=Female"": ""<=50K"", ""gender=Male"": ""<=50K""}","{""gender=Female"": {""alpha"": 1.0, ""margin"": 0.988922538821021, ""p_observed"": 0.9944612694105105, ""prior_probability"": 0.6222222222222222, ""score"": 0.9944612694105105}, ""gender=Male"": {""alpha"": 1.0, ""margin"": 0.9891220005445007, ""p_observed"": 0.9945610002722501, ""prior_probability"": 0.37777777777777777, ""score"": 0.9945610002722501}}","{""gender=Female"": {""alpha"": 1.0, ""margin"": 0.988922538821021, ""p_observed"": 0.9944612694105105, ""prior_probability"": 0.6222222222222222, ""score"": 0.988922538821021}, ""gender=Male"": {""alpha"": 1.0, ""margin"": 0.9891220005445007, ""p_observed"": 0.9945610002722501, ""prior_probability"": 0.37777777777777777, ""score"": 0.9891220005445007}}","{""gender=Female"": {""alpha"": 0.0, ""margin"": 0.988922538821021, ""p_observed"": 0.9944612694105105, ""prior_probability"": 0.6222222222222222, ""score"": -0.4744579795951158}, ""gender=Male"": {""alpha"": 0.0, ""margin"": 0.9891220005445007, ""p_observed"": 0.9945610002722501, ""prior_probability"": 0.37777777777777777, ""score"": -0.9734491457141037}}"
165,Female,Black,gender=Female,>50K,"{""age"": ""45"", ""workclass"": ""Private"", ""fnlwgt"": ""234699"", ""education"": ""HS-grad"", ""educational-num"": ""9"", ""marital-status"": ""Married-spouse-absent"", ""occupation"": ""Other-service"", ""relationship"": ""Unmarried"", ""race"": ""Black"", ""capital-gain"": ""0"", ""capital-loss"": ""0"", ""hours-per-week"": ""60"", ""native-country"": ""United-States""}",gender=Male,gender=Female,gender=Female,,gender=Male,gender=Male,gender=Female,0,>50K | Unmarried | Married-spouse-absent | HS-grad | Private,2,2,"{""gender=Female"": ""<=50K"", ""gender=Male"": ""<=50K""}","{""gender=Female"": {""alpha"": 1.0, ""margin"": -0.9413827163089095, ""p_observed"": 0.02930864184554524, ""prior_probability"": 0.6666666666666666, ""score"": 0.02930864184554524}, ""gender=Male"": {""alpha"": 1.0, ""margin"": -0.8330488385112881, ""p_observed"": 0.08347558074435604, ""prior_probability"": 0.3333333333333333, ""score"": 0.08347558074435604}}","{""gender=Female"": {""alpha"": 1.0, ""margin"": -0.9413827163089095, ""p_observed"": 0.02930864184554524, ""prior_probability"": 0.6666666666666666, ""score"": -0.9413827163089095}, ""gender=Male"": {""alpha"": 1.0, ""margin"": -0.8330488385112881, ""p_observed"": 0.08347558074435604, ""prior_probability"": 0.3333333333333333, ""score"": -0.8330488385112881}}","{""gender=Female"": {""alpha"": 0.0, ""margin"": -0.9413827163089095, ""p_observed"": 0.02930864184554524, ""prior_probability"": 0.6666666666666666, ""score"": -0.40546510810816444}, ""gender=Male"": {""alpha"": 0.0, ""margin"": -0.8330488385112881, ""p_observed"": 0.08347558074435604, ""prior_probability"": 0.3333333333333333, ""score"": -1.0986122886681098}}"
166,Male,White,gender=Male,>50K,"{""age"": ""29"", ""workclass"": ""Private"", ""fnlwgt"": ""490332"", ""education"": ""Some-college"", ""educational-num"": ""10"", ""marital-status"": ""Married-civ-spouse"", ""occupation"": ""Transport-moving"", ""relationship"": ""Husband"", ""race"": ""White"", ""capital-gain"": ""0"", ""capital-loss"": ""0"", ""hours-per-week"": ""45"", ""native-country"": ""United-States""}",gender=Male,gender=Male,gender=Male,,gender=Male,gender=Male,gender=Male,0,>50K | Husband | Married-civ-spouse | Some-college | Private,2,2,"{""gender=Female"": ""<=50K"", ""gender=Male"": ""<=50K""}","{""gender=Female"": {""alpha"": 1.0, ""margin"": -0.48641026911167595, ""p_observed"": 0.2567948654441621, ""prior_probability"": 0.01694915254237288, ""score"": 0.2567948654441621}, ""gender=Male"": {""alpha"": 1.0, ""margin"": -0.38713503288324935, ""p_observed"": 0.30643248355837527, ""prior_probability"": 0.9830508474576272, ""score"": 0.30643248355837527}}","{""gender=Female"": {""alpha"": 1.0, ""margin"": -0.48641026911167595, ""p_observed"": 0.2567948654441621, ""prior_probability"": 0.01694915254237288, ""score"": -0.48641026911167595}, ""gender=Male"": {""alpha"": 1.0, ""margin"": -0.38713503288324935, ""p_observed"": 0.30643248355837527, ""prior_probability"": 0.9830508474576272, ""score"": -0.38713503288324935}}","{""gender=Female"": {""alpha"": 0.0, ""margin"": -0.48641026911167595, ""p_observed"": 0.2567948654441621, ""prior_probability"": 0.01694915254237288, ""score"": -4.07753744390572}, ""gender=Male"": {""alpha"": 0.0, ""margin"": -0.38713503288324935, ""p_observed"": 0.30643248355837527, ""prior_probability"": 0.9830508474576272, ""score"": -0.017094433359300068}}"
167,Female,White,gender=Female,<=50K,"{""age"": ""22"", ""workclass"": ""Private"", ""fnlwgt"": ""217363"", ""education"": ""HS-grad"", ""educational-num"": ""9"", ""marital-status"": ""Separated"", ""occupation"": ""Adm-clerical"", ""relationship"": ""Unmarried"", ""race"": ""White"", ""capital-gain"": ""0"", ""capital-loss"": ""0"", ""hours-per-week"": ""40"", ""native-country"": ""United-States""}",gender=Male,gender=Female,gender=Female,,gender=Female,gender=Female,gender=Female,0,<=50K | Unmarried | Separated | HS-grad | Private,2,2,"{""gender=Female"": ""<=50K"", ""gender=Male"": ""<=50K""}","{""gender=Female"": {""alpha"": 1.0, ""margin"": 0.9750681450927793, ""p_observed"": 0.9875340725463897, ""prior_probability"": 0.9512195121951219, ""score"": 0.9875340725463897}, ""gender=Male"": {""alpha"": 1.0, ""margin"": 0.9354655496324871, ""p_observed"": 0.9677327748162435, ""prior_probability"": 0.04878048780487805, ""score"": 0.9677327748162435}}","{""gender=Female"": {""alpha"": 1.0, ""margin"": 0.9750681450927793, ""p_observed"": 0.9875340725463897, ""prior_probability"": 0.9512195121951219, ""score"": 0.9750681450927793}, ""gender=Male"": {""alpha"": 1.0, ""margin"": 0.9354655496324871, ""p_observed"": 0.9677327748162435, ""prior_probability"": 0.04878048780487805, ""score"": 0.9354655496324871}}","{""gender=Female"": {""alpha"": 0.0, ""margin"": 0.9750681450927793, ""p_observed"": 0.9875340725463897, ""prior_probability"": 0.9512195121951219, ""score"": -0.05001042057466142}, ""gender=Male"": {""alpha"": 0.0, ""margin"": 0.9354655496324871, ""p_observed"": 0.9677327748162435, ""prior_probability"": 0.04878048780487805, ""score"": -3.0204248861443626}}"
168,Male,White,gender=Male,>50K,"{""age"": ""41"", ""workclass"": ""Private"", ""fnlwgt"": ""117585"", ""education"": ""HS-grad"", ""educational-num"": ""9"", ""marital-status"": ""Married-civ-spouse"", ""occupation"": ""Exec-managerial"", ""relationship"": ""Husband"", ""race"": ""White"", ""capital-gain"": ""0"", ""capital-loss"": ""1485"", ""hours-per-week"": ""40"", ""native-country"": ""United-States""}",gender=Male,gender=Male,gender=Male,gender=Male,gender=Male,gender=Male,gender=Male,1,>50K | Husband | Married-civ-spouse | HS-grad | Private,2,2,"{""gender=Female"": ""<=50K"", ""gender=Male"": ""<=50K""}","{""gender=Female"": {""alpha"": 1.0, ""margin"": -0.1795813828250873, ""p_observed"": 0.4102093085874564, ""prior_probability"": 0.0049504950495049506, ""score"": 0.4102093085874564}, ""gender=Male"": {""alpha"": 1.0, ""margin"": -0.003917028593142247, ""p_observed"": 0.4980414857034289, ""prior_probability"": 0.995049504950495, ""score"": 0.4980414857034289}}","{""gender=Female"": {""alpha"": 1.0, ""margin"": -0.1795813828250873, ""p_observed"": 0.4102093085874564, ""prior_probability"": 0.0049504950495049506, ""score"": -0.1795813828250873}, ""gender=Male"": {""alpha"": 1.0, ""margin"": -0.003917028593142247, ""p_observed"": 0.4980414857034289, ""prior_probability"": 0.995049504950495, ""score"": -0.003917028593142247}}","{""gender=Female"": {""alpha"": 0.0, ""margin"": -0.1795813828250873, ""p_observed"": 0.4102093085874564, ""prior_probability"": 0.0049504950495049506, ""score"": -5.308267697401205}, ""gender=Male"": {""alpha"": 0.0, ""margin"": -0.003917028593142247, ""p_observed"": 0.4980414857034289, ""prior_probability"": 0.995049504950495, ""score"": -0.004962789342129014}}"
169,Female,White,gender=Female,<=50K,"{""age"": ""47"", ""workclass"": ""Private"", ""fnlwgt"": ""45857"", ""education"": ""HS-grad"", ""educational-num"": ""9"", ""marital-status"": ""Never-married"", ""occupation"": ""Adm-clerical"", ""relationship"": ""Unmarried"", ""race"": ""White"", ""capital-gain"": ""0"", ""capital-loss"": ""0"", ""hours-per-week"": ""40"", ""native-country"": ""United-States""}",gender=Male,gender=Female,gender=Female,,gender=Female,gender=Female,gender=Female,0,<=50K | Unmarried | Never-married | HS-grad | Private,2,2,"{""gender=Female"": ""<=50K"", ""gender=Male"": ""<=50K""}","{""gender=Female"": {""alpha"": 1.0, ""margin"": 0.955496551604185, ""p_observed"": 0.9777482758020923, ""prior_probability"": 0.7666666666666667, ""score"": 0.9777482758020923}, ""gender=Male"": {""alpha"": 1.0, ""margin"": 0.925902439494806, ""p_observed"": 0.962951219747403, ""prior_probability"": 0.23333333333333334, ""score"": 0.962951219747403}}","{""gender=Female"": {""alpha"": 1.0, ""margin"": 0.955496551604185, ""p_observed"": 0.9777482758020923, ""prior_probability"": 0.7666666666666667, ""score"": 0.955496551604185}, ""gender=Male"": {""alpha"": 1.0, ""margin"": 0.925902439494806, ""p_observed"": 0.962951219747403, ""prior_probability"": 0.23333333333333334, ""score"": 0.925902439494806}}","{""gender=Female"": {""alpha"": 0.0, ""margin"": 0.955496551604185, ""p_observed"": 0.9777482758020923, ""prior_probability"": 0.7666666666666667, ""score"": -0.2657031657330056}, ""gender=Male"": {""alpha"": 0.0, ""margin"": 0.925902439494806, ""p_observed"": 0.962951219747403, ""prior_probability"": 0.23333333333333334, ""score"": -1.455287232606842}}"
170,Female,White,gender=Female,<=50K,"{""age"": ""26"", ""workclass"": ""State-gov"", ""fnlwgt"": ""79089"", ""education"": ""Bachelors"", ""educational-num"": ""13"", ""marital-status"": ""Never-married"", ""occupation"": ""Adm-clerical"", ""relationship"": ""Not-in-family"", ""race"": ""White"", ""capital-gain"": ""0"", ""capital-loss"": ""0"", ""hours-per-week"": ""20"", ""native-country"": ""United-States""}",gender=Male,gender=Female,gender=Female,,gender=Female,gender=Female,gender=Female,0,<=50K | Not-in-family | Never-married | Bachelors | State-gov,2,2,"{""gender=Female"": ""<=50K"", ""gender=Male"": ""<=50K""}","{""gender=Female"": {""alpha"": 1.0, ""margin"": 0.9440650484971298, ""p_observed"": 0.9720325242485648, ""prior_probability"": 0.6183206106870229, ""score"": 0.9720325242485648}, ""gender=Male"": {""alpha"": 1.0, ""margin"": 0.9365790116327578, ""p_observed"": 0.9682895058163788, ""prior_probability"": 0.3816793893129771, ""score"": 0.9682895058163788}}","{""gender=Female"": {""alpha"": 1.0, ""margin"": 0.9440650484971298, ""p_observed"": 0.9720325242485648, ""prior_probability"": 0.6183206106870229, ""score"": 0.9440650484971298}, ""gender=Male"": {""alpha"": 1.0, ""margin"": 0.9365790116327578, ""p_observed"": 0.9682895058163788, ""prior_probability"": 0.3816793893129771, ""score"": 0.9365790116327578}}","{""gender=Female"": {""alpha"": 0.0, ""margin"": 0.9440650484971298, ""p_observed"": 0.9720325242485648, ""prior_probability"": 0.6183206106870229, ""score"": -0.4807481685287127}, ""gender=Male"": {""alpha"": 0.0, ""margin"": 0.9365790116327578, ""p_observed"": 0.9682895058163788, ""prior_probability"": 0.3816793893129771, ""score"": -0.9631743177730054}}"
171,Male,Asian-Pac-Islander,gender=Male,<=50K,"{""age"": ""19"", ""workclass"": ""Private"", ""fnlwgt"": ""301911"", ""education"": ""Some-college"", ""educational-num"": ""10"", ""marital-status"": ""Never-married"", ""occupation"": ""Sales"", ""relationship"": ""Own-child"", ""race"": ""Asian-Pac-Islander"", ""capital-gain"": ""0"", ""capital-loss"": ""0"", ""hours-per-week"": ""35"", ""native-country"": ""Laos""}",gender=Male,gender=Female,gender=Female,gender=Female,gender=Male,gender=Male,gender=Female,1,<=50K | Own-child | Never-married | Some-college | Private,2,2,"{""gender=Female"": ""<=50K"", ""gender=Male"": ""<=50K""}","{""gender=Female"": {""alpha"": 1.0, ""margin"": 0.9772736873709776, ""p_observed"": 0.9886368436854888, ""prior_probability"": 0.6565656565656566, ""score"": 0.9886368436854888}, ""gender=Male"": {""alpha"": 1.0, ""margin"": 0.9928779283359764, ""p_observed"": 0.9964389641679882, ""prior_probability"": 0.3434343434343434, ""score"": 0.9964389641679882}}","{""gender=Female"": {""alpha"": 1.0, ""margin"": 0.9772736873709776, ""p_observed"": 0.9886368436854888, ""prior_probability"": 0.6565656565656566, ""score"": 0.9772736873709776}, ""gender=Male"": {""alpha"": 1.0, ""margin"": 0.9928779283359764, ""p_observed"": 0.9964389641679882, ""prior_probability"": 0.3434343434343434, ""score"": 0.9928779283359764}}","{""gender=Female"": {""alpha"": 0.0, ""margin"": 0.9772736873709776, ""p_observed"": 0.9886368436854888, ""prior_probability"": 0.6565656565656566, ""score"": -0.4207325802389528}, ""gender=Male"": {""alpha"": 0.0, ""margin"": 0.9928779283359764, ""p_observed"": 0.9964389641679882, ""prior_probability"": 0.3434343434343434, ""score"": -1.0687593255184287}}"
172,Female,White,gender=Female,<=50K,"{""age"": ""40"", ""workclass"": ""Private"", ""fnlwgt"": ""171234"", ""education"": ""Assoc-voc"", ""educational-num"": ""11"", ""marital-status"": ""Never-married"", ""occupation"": ""Prof-specialty"", ""relationship"": ""Unmarried"", ""race"": ""White"", ""capital-gain"": ""0"", ""capital-loss"": ""0"", ""hours-per-week"": ""24"", ""native-country"": ""United-States""}",gender=Male,gender=Female,gender=Female,,gender=Female,gender=Female,gender=Female,0,<=50K | Unmarried | Never-married | Assoc-voc | Private,2,2,"{""gender=Female"": ""<=50K"", ""gender=Male"": ""<=50K""}","{""gender=Female"": {""alpha"": 1.0, ""margin"": 0.9321345524492142, ""p_observed"": 0.9660672762246071, ""prior_probability"": 0.75, ""score"": 0.9660672762246071}, ""gender=Male"": {""alpha"": 1.0, ""margin"": 0.8723799839797299, ""p_observed"": 0.9361899919898649, ""prior_probability"": 0.25, ""score"": 0.9361899919898649}}","{""gender=Female"": {""alpha"": 1.0, ""margin"": 0.9321345524492142, ""p_observed"": 0.9660672762246071, ""prior_probability"": 0.75, ""score"": 0.9321345524492142}, ""gender=Male"": {""alpha"": 1.0, ""margin"": 0.8723799839797299, ""p_observed"": 0.9361899919898649, ""prior_probability"": 0.25, ""score"": 0.8723799839797299}}","{""gender=Female"": {""alpha"": 0.0, ""margin"": 0.9321345524492142, ""p_observed"": 0.9660672762246071, ""prior_probability"": 0.75, ""score"": -0.2876820724517809}, ""gender=Male"": {""alpha"": 0.0, ""margin"": 0.8723799839797299, ""p_observed"": 0.9361899919898649, ""prior_probability"": 0.25, ""score"": -1.3862943611198906}}"
173,Male,White,gender=Male,>50K,"{""age"": ""45"", ""workclass"": ""Self-emp-not-inc"", ""fnlwgt"": ""123681"", ""education"": ""Prof-school"", ""educational-num"": ""15"", ""marital-status"": ""Married-civ-spouse"", ""occupation"": ""Prof-specialty"", ""relationship"": ""Husband"", ""race"": ""White"", ""capital-gain"": ""0"", ""capital-loss"": ""0"", ""hours-per-week"": ""40"", ""native-country"": ""United-States""}",gender=Male,gender=Male,gender=Male,,gender=Male,gender=Male,gender=Male,0,>50K | Husband | Married-civ-spouse | Prof-school | Self-emp-not-inc,2,2,"{""gender=Female"": "">50K"", ""gender=Male"": "">50K""}","{""gender=Female"": {""alpha"": 1.0, ""margin"": 0.36289448240088057, ""p_observed"": 0.6814472412004402, ""prior_probability"": 0.004132231404958678, ""score"": 0.6814472412004402}, ""gender=Male"": {""alpha"": 1.0, ""margin"": 0.47552815050860076, ""p_observed"": 0.7377640752543002, ""prior_probability"": 0.9958677685950413, ""score"": 0.7377640752543002}}","{""gender=Female"": {""alpha"": 1.0, ""margin"": 0.36289448240088057, ""p_observed"": 0.6814472412004402, ""prior_probability"": 0.004132231404958678, ""score"": 0.36289448240088057}, ""gender=Male"": {""alpha"": 1.0, ""margin"": 0.47552815050860076, ""p_observed"": 0.7377640752543002, ""prior_probability"": 0.9958677685950413, ""score"": 0.47552815050860076}}","{""gender=Female"": {""alpha"": 0.0, ""margin"": 0.36289448240088057, ""p_observed"": 0.6814472412004402, ""prior_probability"": 0.004132231404958678, ""score"": -5.488937726156687}, ""gender=Male"": {""alpha"": 0.0, ""margin"": 0.47552815050860076, ""p_observed"": 0.7377640752543002, ""prior_probability"": 0.9958677685950413, ""score"": -0.004140792666031388}}"
174,Male,White,gender=Male,>50K,"{""age"": ""39"", ""workclass"": ""Private"", ""fnlwgt"": ""248011"", ""education"": ""Assoc-voc"", ""educational-num"": ""11"", ""marital-status"": ""Married-civ-spouse"", ""occupation"": ""Machine-op-inspct"", ""relationship"": ""Husband"", ""race"": ""White"", ""capital-gain"": ""5178"", ""capital-loss"": ""0"", ""hours-per-week"": ""40"", ""native-country"": ""United-States""}",gender=Male,gender=Male,gender=Male,,gender=Male,gender=Male,gender=Male,0,>50K | Husband | Married-civ-spouse | Assoc-voc | Private,2,2,"{""gender=Female"": "">50K"", ""gender=Male"": "">50K""}","{""gender=Female"": {""alpha"": 1.0, ""margin"": 0.30473895805317874, ""p_observed"": 0.6523694790265894, ""prior_probability"": 0.07142857142857142, ""score"": 0.6523694790265894}, ""gender=Male"": {""alpha"": 1.0, ""margin"": 0.5821332187967772, ""p_observed"": 0.7910666093983885, ""prior_probability"": 0.9285714285714286, ""score"": 0.7910666093983885}}","{""gender=Female"": {""alpha"": 1.0, ""margin"": 0.30473895805317874, ""p_observed"": 0.6523694790265894, ""prior_probability"": 0.07142857142857142, ""score"": 0.30473895805317874}, ""gender=Male"": {""alpha"": 1.0, ""margin"": 0.5821332187967772, ""p_observed"": 0.7910666093983885, ""prior_probability"": 0.9285714285714286, ""score"": 0.5821332187967772}}","{""gender=Female"": {""alpha"": 0.0, ""margin"": 0.30473895805317874, ""p_observed"": 0.6523694790265894, ""prior_probability"": 0.07142857142857142, ""score"": -2.639057329615259}, ""gender=Male"": {""alpha"": 0.0, ""margin"": 0.5821332187967772, ""p_observed"": 0.7910666093983885, ""prior_probability"": 0.9285714285714286, ""score"": -0.07410797215372185}}"
175,Female,White,gender=Female,<=50K,"{""age"": ""40"", ""workclass"": ""Private"", ""fnlwgt"": ""224910"", ""education"": ""HS-grad"", ""educational-num"": ""9"", ""marital-status"": ""Never-married"", ""occupation"": ""Machine-op-inspct"", ""relationship"": ""Not-in-family"", ""race"": ""White"", ""capital-gain"": ""0"", ""capital-loss"": ""0"", ""hours-per-week"": ""40"", ""native-country"": ""United-States""}",gender=Male,gender=Male,gender=Male,gender=Male,gender=Female,gender=Female,gender=Male,1,<=50K | Not-in-family | Never-married | HS-grad | Private,2,2,"{""gender=Female"": ""<=50K"", ""gender=Male"": ""<=50K""}","{""gender=Female"": {""alpha"": 1.0, ""margin"": 0.9551764606436204, ""p_observed"": 0.9775882303218101, ""prior_probability"": 0.30434782608695654, ""score"": 0.9775882303218101}, ""gender=Male"": {""alpha"": 1.0, ""margin"": 0.9384423461027326, ""p_observed"": 0.969221173051366, ""prior_probability"": 0.6956521739130435, ""score"": 0.969221173051366}}","{""gender=Female"": {""alpha"": 1.0, ""margin"": 0.9551764606436204, ""p_observed"": 0.9775882303218101, ""prior_probability"": 0.30434782608695654, ""score"": 0.9551764606436204}, ""gender=Male"": {""alpha"": 1.0, ""margin"": 0.9384423461027326, ""p_observed"": 0.969221173051366, ""prior_probability"": 0.6956521739130435, ""score"": 0.9384423461027326}}","{""gender=Female"": {""alpha"": 0.0, ""margin"": 0.9551764606436204, ""p_observed"": 0.9775882303218101, ""prior_probability"": 0.30434782608695654, ""score"": -1.1895840668738362}, ""gender=Male"": {""alpha"": 0.0, ""margin"": 0.9384423461027326, ""p_observed"": 0.969221173051366, ""prior_probability"": 0.6956521739130435, ""score"": -0.3629054936893685}}"
176,Female,White,gender=Female,<=50K,"{""age"": ""22"", ""workclass"": ""Private"", ""fnlwgt"": ""64292"", ""education"": ""Some-college"", ""educational-num"": ""10"", ""marital-status"": ""Never-married"", ""occupation"": ""Adm-clerical"", ""relationship"": ""Own-child"", ""race"": ""White"", ""capital-gain"": ""0"", ""capital-loss"": ""0"", ""hours-per-week"": ""37"", ""native-country"": ""United-States""}",gender=Male,gender=Female,gender=Female,gender=Female,gender=Female,gender=Female,gender=Female,1,<=50K | Own-child | Never-married | Some-college | Private,2,2,"{""gender=Female"": ""<=50K"", ""gender=Male"": ""<=50K""}","{""gender=Female"": {""alpha"": 1.0, ""margin"": 0.9900594298169955, ""p_observed"": 0.9950297149084977, ""prior_probability"": 0.6830188679245283, ""score"": 0.9950297149084977}, ""gender=Male"": {""alpha"": 1.0, ""margin"": 0.987354629199375, ""p_observed"": 0.9936773145996872, ""prior_probability"": 0.3169811320754717, ""score"": 0.9936773145996872}}","{""gender=Female"": {""alpha"": 1.0, ""margin"": 0.9900594298169955, ""p_observed"": 0.9950297149084977, ""prior_probability"": 0.6830188679245283, ""score"": 0.9900594298169955}, ""gender=Male"": {""alpha"": 1.0, ""margin"": 0.987354629199375, ""p_observed"": 0.9936773145996872, ""prior_probability"": 0.3169811320754717, ""score"": 0.987354629199375}}","{""gender=Female"": {""alpha"": 0.0, ""margin"": 0.9900594298169955, ""p_observed"": 0.9950297149084977, ""prior_probability"": 0.6830188679245283, ""score"": -0.3812327947203965}, ""gender=Male"": {""alpha"": 0.0, ""margin"": 0.987354629199375, ""p_observed"": 0.9936773145996872, ""prior_probability"": 0.3169811320754717, ""score"": -1.1489130271429087}}"
177,Male,White,gender=Male,>50K,"{""age"": ""40"", ""workclass"": ""State-gov"", ""fnlwgt"": ""188693"", ""education"": ""Masters"", ""educational-num"": ""14"", ""marital-status"": ""Married-civ-spouse"", ""occupation"": ""Prof-specialty"", ""relationship"": ""Husband"", ""race"": ""White"", ""capital-gain"": ""0"", ""capital-loss"": ""0"", ""hours-per-week"": ""35"", ""native-country"": ""United-States""}",gender=Male,gender=Male,gender=Male,,gender=Male,gender=Male,gender=Male,0,>50K | Husband | Married-civ-spouse | Masters | State-gov,2,2,"{""gender=Female"": "">50K"", ""gender=Male"": "">50K""}","{""gender=Female"": {""alpha"": 1.0, ""margin"": 0.08444173586904835, ""p_observed"": 0.5422208679345242, ""prior_probability"": 0.004524886877828055, ""score"": 0.5422208679345242}, ""gender=Male"": {""alpha"": 1.0, ""margin"": 0.22827743852938137, ""p_observed"": 0.6141387192646908, ""prior_probability"": 0.995475113122172, ""score"": 0.6141387192646908}}","{""gender=Female"": {""alpha"": 1.0, ""margin"": 0.08444173586904835, ""p_observed"": 0.5422208679345242, ""prior_probability"": 0.004524886877828055, ""score"": 0.08444173586904835}, ""gender=Male"": {""alpha"": 1.0, ""margin"": 0.22827743852938137, ""p_observed"": 0.6141387192646908, ""prior_probability"": 0.995475113122172, ""score"": 0.22827743852938137}}","{""gender=Female"": {""alpha"": 0.0, ""margin"": 0.08444173586904835, ""p_observed"": 0.5422208679345242, ""prior_probability"": 0.004524886877828055, ""score"": -5.3981627015177525}, ""gender=Male"": {""alpha"": 0.0, ""margin"": 0.22827743852938137, ""p_observed"": 0.6141387192646908, ""prior_probability"": 0.995475113122172, ""score"": -0.004535155165391262}}"
178,Male,White,gender=Male,<=50K,"{""age"": ""63"", ""workclass"": ""Self-emp-inc"", ""fnlwgt"": ""110610"", ""education"": ""10th"", ""educational-num"": ""6"", ""marital-status"": ""Married-civ-spouse"", ""occupation"": ""Farming-fishing"", ""relationship"": ""Husband"", ""race"": ""White"", ""capital-gain"": ""0"", ""capital-loss"": ""0"", ""hours-per-week"": ""50"", ""native-country"": ""United-States""}",gender=Male,gender=Male,gender=Male,,gender=Female,gender=Female,gender=Male,0,<=50K | Husband | Married-civ-spouse | 10th | Self-emp-inc,2,2,"{""gender=Female"": ""<=50K"", ""gender=Male"": ""<=50K""}","{""gender=Female"": {""alpha"": 1.0, ""margin"": 0.5779212129705786, ""p_observed"": 0.7889606064852891, ""prior_probability"": 0.05555555555555555, ""score"": 0.7889606064852891}, ""gender=Male"": {""alpha"": 1.0, ""margin"": 0.5126148505781484, ""p_observed"": 0.756307425289074, ""prior_probability"": 0.9444444444444444, ""score"": 0.756307425289074}}","{""gender=Female"": {""alpha"": 1.0, ""margin"": 0.5779212129705786, ""p_observed"": 0.7889606064852891, ""prior_probability"": 0.05555555555555555, ""score"": 0.5779212129705786}, ""gender=Male"": {""alpha"": 1.0, ""margin"": 0.5126148505781484, ""p_observed"": 0.756307425289074, ""prior_probability"": 0.9444444444444444, ""score"": 0.5126148505781484}}","{""gender=Female"": {""alpha"": 0.0, ""margin"": 0.5779212129705786, ""p_observed"": 0.7889606064852891, ""prior_probability"": 0.05555555555555555, ""score"": -2.890371757896165}, ""gender=Male"": {""alpha"": 0.0, ""margin"": 0.5126148505781484, ""p_observed"": 0.756307425289074, ""prior_probability"": 0.9444444444444444, ""score"": -0.05715841383994864}}"
179,Male,Black,gender=Male,<=50K,"{""age"": ""25"", ""workclass"": ""Private"", ""fnlwgt"": ""60726"", ""education"": ""HS-grad"", ""educational-num"": ""9"", ""marital-status"": ""Married-civ-spouse"", ""occupation"": ""Transport-moving"", ""relationship"": ""Husband"", ""race"": ""Black"", ""capital-gain"": ""0"", ""capital-loss"": ""0"", ""hours-per-week"": ""30"", ""native-country"": ""United-States""}",gender=Male,gender=Male,gender=Male,,gender=Female,gender=Female,gender=Male,0,<=50K | Husband | Married-civ-spouse | HS-grad | Private,2,2,"{""gender=Female"": ""<=50K"", ""gender=Male"": ""<=50K""}","{""gender=Female"": {""alpha"": 1.0, ""margin"": 0.7086315173316177, ""p_observed"": 0.8543157586658088, ""prior_probability"": 0.003125, ""score"": 0.8543157586658088}, ""gender=Male"": {""alpha"": 1.0, ""margin"": 0.6733128136373083, ""p_observed"": 0.8366564068186539, ""prior_probability"": 0.996875, ""score"": 0.8366564068186539}}","{""gender=Female"": {""alpha"": 1.0, ""margin"": 0.7086315173316177, ""p_observed"": 0.8543157586658088, ""prior_probability"": 0.003125, ""score"": 0.7086315173316177}, ""gender=Male"": {""alpha"": 1.0, ""margin"": 0.6733128136373083, ""p_observed"": 0.8366564068186539, ""prior_probability"": 0.996875, ""score"": 0.6733128136373083}}","{""gender=Female"": {""alpha"": 0.0, ""margin"": 0.7086315173316177, ""p_observed"": 0.8543157586658088, ""prior_probability"": 0.003125, ""score"": -5.768320995793772}, ""gender=Male"": {""alpha"": 0.0, ""margin"": 0.6733128136373083, ""p_observed"": 0.8366564068186539, ""prior_probability"": 0.996875, ""score"": -0.0031298930089277044}}"
180,Male,White,gender=Male,<=50K,"{""age"": ""44"", ""workclass"": ""Private"", ""fnlwgt"": ""76196"", ""education"": ""Bachelors"", ""educational-num"": ""13"", ""marital-status"": ""Married-civ-spouse"", ""occupation"": ""Exec-managerial"", ""relationship"": ""Husband"", ""race"": ""White"", ""capital-gain"": ""0"", ""capital-loss"": ""0"", ""hours-per-week"": ""50"", ""native-country"": ""United-States""}",gender=Male,gender=Male,gender=Male,,gender=Female,gender=Female,gender=Male,0,<=50K | Husband | Married-civ-spouse | Bachelors | Private,2,2,"{""gender=Female"": "">50K"", ""gender=Male"": "">50K""}","{""gender=Female"": {""alpha"": 1.0, ""margin"": -0.2513178396473928, ""p_observed"": 0.3743410801763036, ""prior_probability"": 0.00641025641025641, ""score"": 0.3743410801763036}, ""gender=Male"": {""alpha"": 1.0, ""margin"": -0.5171655982989026, ""p_observed"": 0.2414172008505487, ""prior_probability"": 0.9935897435897436, ""score"": 0.2414172008505487}}","{""gender=Female"": {""alpha"": 1.0, ""margin"": -0.2513178396473928, ""p_observed"": 0.3743410801763036, ""prior_probability"": 0.00641025641025641, ""score"": -0.2513178396473928}, ""gender=Male"": {""alpha"": 1.0, ""margin"": -0.5171655982989026, ""p_observed"": 0.2414172008505487, ""prior_probability"": 0.9935897435897436, ""score"": -0.5171655982989026}}","{""gender=Female"": {""alpha"": 0.0, ""margin"": -0.2513178396473928, ""p_observed"": 0.3743410801763036, ""prior_probability"": 0.00641025641025641, ""score"": -5.049856007249537}, ""gender=Male"": {""alpha"": 0.0, ""margin"": -0.5171655982989026, ""p_observed"": 0.2414172008505487, ""prior_probability"": 0.9935897435897436, ""score"": -0.0064308903302904025}}"
181,Male,White,gender=Male,<=50K,"{""age"": ""46"", ""workclass"": ""Private"", ""fnlwgt"": ""168191"", ""education"": ""HS-grad"", ""educational-num"": ""9"", ""marital-status"": ""Separated"", ""occupation"": ""Craft-repair"", ""relationship"": ""Not-in-family"", ""race"": ""White"", ""capital-gain"": ""0"", ""capital-loss"": ""0"", ""hours-per-week"": ""2"", ""native-country"": ""Italy""}",gender=Male,gender=Male,gender=Male,,gender=Female,gender=Female,gender=Male,0,<=50K | Not-in-family | Separated | HS-grad | Private,2,2,"{""gender=Female"": ""<=50K"", ""gender=Male"": ""<=50K""}","{""gender=Female"": {""alpha"": 1.0, ""margin"": 0.9085472993119513, ""p_observed"": 0.9542736496559755, ""prior_probability"": 0.11538461538461539, ""score"": 0.9542736496559755}, ""gender=Male"": {""alpha"": 1.0, ""margin"": 0.8164382819362759, ""p_observed"": 0.9082191409681377, ""prior_probability"": 0.8846153846153846, ""score"": 0.9082191409681377}}","{""gender=Female"": {""alpha"": 1.0, ""margin"": 0.9085472993119513, ""p_observed"": 0.9542736496559755, ""prior_probability"": 0.11538461538461539, ""score"": 0.9085472993119513}, ""gender=Male"": {""alpha"": 1.0, ""margin"": 0.8164382819362759, ""p_observed"": 0.9082191409681377, ""prior_probability"": 0.8846153846153846, ""score"": 0.8164382819362759}}","{""gender=Female"": {""alpha"": 0.0, ""margin"": 0.9085472993119513, ""p_observed"": 0.9542736496559755, ""prior_probability"": 0.11538461538461539, ""score"": -2.159484249353372}, ""gender=Male"": {""alpha"": 0.0, ""margin"": 0.8164382819362759, ""p_observed"": 0.9082191409681377, ""prior_probability"": 0.8846153846153846, ""score"": -0.12260232209233239}}"
182,Male,White,gender=Male,<=50K,"{""age"": ""35"", ""workclass"": ""Local-gov"", ""fnlwgt"": ""145308"", ""education"": ""Some-college"", ""educational-num"": ""10"", ""marital-status"": ""Married-civ-spouse"", ""occupation"": ""Other-service"", ""relationship"": ""Husband"", ""race"": ""White"", ""capital-gain"": ""0"", ""capital-loss"": ""0"", ""hours-per-week"": ""40"", ""native-country"": ""United-States""}",gender=Male,gender=Male,gender=Male,,gender=Female,gender=Female,gender=Male,0,<=50K | Husband | Married-civ-spouse | Some-college | Local-gov,2,2,"{""gender=Female"": ""<=50K"", ""gender=Male"": ""<=50K""}","{""gender=Female"": {""alpha"": 1.0, ""margin"": 0.5529007989348947, ""p_observed"": 0.7764503994674474, ""prior_probability"": 0.014285714285714285, ""score"": 0.7764503994674474}, ""gender=Male"": {""alpha"": 1.0, ""margin"": 0.5048184045365931, ""p_observed"": 0.7524092022682964, ""prior_probability"": 0.9857142857142858, ""score"": 0.7524092022682964}}","{""gender=Female"": {""alpha"": 1.0, ""margin"": 0.5529007989348947, ""p_observed"": 0.7764503994674474, ""prior_probability"": 0.014285714285714285, ""score"": 0.5529007989348947}, ""gender=Male"": {""alpha"": 1.0, ""margin"": 0.5048184045365931, ""p_observed"": 0.7524092022682964, ""prior_probability"": 0.9857142857142858, ""score"": 0.5048184045365931}}","{""gender=Female"": {""alpha"": 0.0, ""margin"": 0.5529007989348947, ""p_observed"": 0.7764503994674474, ""prior_probability"": 0.014285714285714285, ""score"": -4.248495242049359}, ""gender=Male"": {""alpha"": 0.0, ""margin"": 0.5048184045365931, ""p_observed"": 0.7524092022682964, ""prior_probability"": 0.9857142857142858, ""score"": -0.014388737452099556}}"
183,Male,Asian-Pac-Islander,gender=Male,<=50K,"{""age"": ""23"", ""workclass"": ""Private"", ""fnlwgt"": ""239539"", ""education"": ""HS-grad"", ""educational-num"": ""9"", ""marital-status"": ""Never-married"", ""occupation"": ""Machine-op-inspct"", ""relationship"": ""Own-child"", ""race"": ""Asian-Pac-Islander"", ""capital-gain"": ""0"", ""capital-loss"": ""0"", ""hours-per-week"": ""40"", ""native-country"": ""Philippines""}",gender=Male,gender=Male,gender=Male,gender=Male,gender=Male,gender=Male,gender=Male,1,<=50K | Own-child | Never-married | HS-grad | Private,2,2,"{""gender=Female"": ""<=50K"", ""gender=Male"": ""<=50K""}","{""gender=Female"": {""alpha"": 1.0, ""margin"": 0.9871913714790463, ""p_observed"": 0.9935956857395232, ""prior_probability"": 0.24299065420560748, ""score"": 0.9935956857395232}, ""gender=Male"": {""alpha"": 1.0, ""margin"": 0.9903913978784007, ""p_observed"": 0.9951956989392002, ""prior_probability"": 0.7570093457943925, ""score"": 0.9951956989392002}}","{""gender=Female"": {""alpha"": 1.0, ""margin"": 0.9871913714790463, ""p_observed"": 0.9935956857395232, ""prior_probability"": 0.24299065420560748, ""score"": 0.9871913714790463}, ""gender=Male"": {""alpha"": 1.0, ""margin"": 0.9903913978784007, ""p_observed"": 0.9951956989392002, ""prior_probability"": 0.7570093457943925, ""score"": 0.9903913978784007}}","{""gender=Female"": {""alpha"": 0.0, ""margin"": 0.9871913714790463, ""p_observed"": 0.9935956857395232, ""prior_probability"": 0.24299065420560748, ""score"": -1.414732296440424}, ""gender=Male"": {""alpha"": 0.0, ""margin"": 0.9903913978784007, ""p_observed"": 0.9951956989392002, ""prior_probability"": 0.7570093457943925, ""score"": -0.2783796797894674}}"
184,Male,White,gender=Male,<=50K,"{""age"": ""21"", ""workclass"": ""Private"", ""fnlwgt"": ""205759"", ""education"": ""HS-grad"", ""educational-num"": ""9"", ""marital-status"": ""Never-married"", ""occupation"": ""Handlers-cleaners"", ""relationship"": ""Own-child"", ""race"": ""White"", ""capital-gain"": ""0"", ""capital-loss"": ""0"", ""hours-per-week"": ""40"", ""native-country"": ""United-States""}",gender=Male,gender=Male,gender=Male,gender=Male,gender=Male,gender=Male,gender=Male,1,<=50K | Own-child | Never-married | HS-grad | Private,2,2,"{""gender=Female"": ""<=50K"", ""gender=Male"": ""<=50K""}","{""gender=Female"": {""alpha"": 1.0, ""margin"": 0.9895921592154171, ""p_observed"": 0.9947960796077085, ""prior_probability"": 0.19047619047619047, ""score"": 0.9947960796077085}, ""gender=Male"": {""alpha"": 1.0, ""margin"": 0.9917194915739617, ""p_observed"": 0.9958597457869807, ""prior_probability"": 0.8095238095238095, ""score"": 0.9958597457869807}}","{""gender=Female"": {""alpha"": 1.0, ""margin"": 0.9895921592154171, ""p_observed"": 0.9947960796077085, ""prior_probability"": 0.19047619047619047, ""score"": 0.9895921592154171}, ""gender=Male"": {""alpha"": 1.0, ""margin"": 0.9917194915739617, ""p_observed"": 0.9958597457869807, ""prior_probability"": 0.8095238095238095, ""score"": 0.9917194915739617}}","{""gender=Female"": {""alpha"": 0.0, ""margin"": 0.9895921592154171, ""p_observed"": 0.9947960796077085, ""prior_probability"": 0.19047619047619047, ""score"": -1.6582280766035324}, ""gender=Male"": {""alpha"": 0.0, ""margin"": 0.9917194915739617, ""p_observed"": 0.9958597457869807, ""prior_probability"": 0.8095238095238095, ""score"": -0.2113090936672069}}"
185,Male,White,gender=Male,>50K,"{""age"": ""56"", ""workclass"": ""Private"", ""fnlwgt"": ""182062"", ""education"": ""HS-grad"", ""educational-num"": ""9"", ""marital-status"": ""Married-civ-spouse"", ""occupation"": ""Transport-moving"", ""relationship"": ""Husband"", ""race"": ""White"", ""capital-gain"": ""0"", ""capital-loss"": ""0"", ""hours-per-week"": ""48"", ""native-country"": ""United-States""}",gender=Male,gender=Male,gender=Male,gender=Male,gender=Male,gender=Male,gender=Male,1,>50K | Husband | Married-civ-spouse | HS-grad | Private,2,2,"{""gender=Female"": ""<=50K"", ""gender=Male"": ""<=50K""}","{""gender=Female"": {""alpha"": 1.0, ""margin"": -0.3688733085201248, ""p_observed"": 0.3155633457399373, ""prior_probability"": 0.006802721088435374, ""score"": 0.3155633457399373}, ""gender=Male"": {""alpha"": 1.0, ""margin"": -0.28568940443838015, ""p_observed"": 0.35715529778080984, ""prior_probability"": 0.9931972789115646, ""score"": 0.35715529778080984}}","{""gender=Female"": {""alpha"": 1.0, ""margin"": -0.3688733085201248, ""p_observed"": 0.3155633457399373, ""prior_probability"": 0.006802721088435374, ""score"": -0.3688733085201248}, ""gender=Male"": {""alpha"": 1.0, ""margin"": -0.28568940443838015, ""p_observed"": 0.35715529778080984, ""prior_probability"": 0.9931972789115646, ""score"": -0.28568940443838015}}","{""gender=Female"": {""alpha"": 0.0, ""margin"": -0.3688733085201248, ""p_observed"": 0.3155633457399373, ""prior_probability"": 0.006802721088435374, ""score"": -4.990432586778736}, ""gender=Male"": {""alpha"": 0.0, ""margin"": -0.28568940443838015, ""p_observed"": 0.35715529778080984, ""prior_probability"": 0.9931972789115646, ""score"": -0.006825965070399871}}"
186,Male,White,gender=Male,>50K,"{""age"": ""59"", ""workclass"": ""Federal-gov"", ""fnlwgt"": ""190541"", ""education"": ""HS-grad"", ""educational-num"": ""9"", ""marital-status"": ""Married-civ-spouse"", ""occupation"": ""Craft-repair"", ""relationship"": ""Husband"", ""race"": ""White"", ""capital-gain"": ""0"", ""capital-loss"": ""0"", ""hours-per-week"": ""40"", ""native-country"": ""United-States""}",gender=Male,gender=Male,gender=Male,,gender=Male,gender=Male,gender=Male,0,>50K | Husband | Married-civ-spouse | HS-grad | Federal-gov,2,2,"{""gender=Female"": ""<=50K"", ""gender=Male"": ""<=50K""}","{""gender=Female"": {""alpha"": 1.0, ""margin"": -0.3120095598957314, ""p_observed"": 0.343995220052134, ""prior_probability"": 0.0031847133757961785, ""score"": 0.343995220052134}, ""gender=Male"": {""alpha"": 1.0, ""margin"": -0.2889342040196052, ""p_observed"": 0.3555328979901973, ""prior_probability"": 0.9968152866242038, ""score"": 0.3555328979901973}}","{""gender=Female"": {""alpha"": 1.0, ""margin"": -0.3120095598957314, ""p_observed"": 0.343995220052134, ""prior_probability"": 0.0031847133757961785, ""score"": -0.3120095598957314}, ""gender=Male"": {""alpha"": 1.0, ""margin"": -0.2889342040196052, ""p_observed"": 0.3555328979901973, ""prior_probability"": 0.9968152866242038, ""score"": -0.2889342040196052}}","{""gender=Female"": {""alpha"": 0.0, ""margin"": -0.3120095598957314, ""p_observed"": 0.343995220052134, ""prior_probability"": 0.0031847133757961785, ""score"": -5.749392985908253}, ""gender=Male"": {""alpha"": 0.0, ""margin"": -0.2889342040196052, ""p_observed"": 0.3555328979901973, ""prior_probability"": 0.9968152866242038, ""score"": -0.0031897953681001494}}"
187,Male,White,gender=Male,>50K,"{""age"": ""33"", ""workclass"": ""Private"", ""fnlwgt"": ""159187"", ""education"": ""Some-college"", ""educational-num"": ""10"", ""marital-status"": ""Married-civ-spouse"", ""occupation"": ""Machine-op-inspct"", ""relationship"": ""Husband"", ""race"": ""White"", ""capital-gain"": ""0"", ""capital-loss"": ""0"", ""hours-per-week"": ""54"", ""native-country"": ""United-States""}",gender=Male,gender=Male,gender=Male,,gender=Male,gender=Male,gender=Male,0,>50K | Husband | Married-civ-spouse | Some-college | Private,2,2,"{""gender=Female"": ""<=50K"", ""gender=Male"": ""<=50K""}","{""gender=Female"": {""alpha"": 1.0, ""margin"": -0.42752242230892507, ""p_observed"": 0.2862387888455374, ""prior_probability"": 0.023809523809523808, ""score"": 0.2862387888455374}, ""gender=Male"": {""alpha"": 1.0, ""margin"": -0.33353146788830706, ""p_observed"": 0.33323426605584644, ""prior_probability"": 0.9761904761904762, ""score"": 0.33323426605584644}}","{""gender=Female"": {""alpha"": 1.0, ""margin"": -0.42752242230892507, ""p_observed"": 0.2862387888455374, ""prior_probability"": 0.023809523809523808, ""score"": -0.42752242230892507}, ""gender=Male"": {""alpha"": 1.0, ""margin"": -0.33353146788830706, ""p_observed"": 0.33323426605584644, ""prior_probability"": 0.9761904761904762, ""score"": -0.33353146788830706}}","{""gender=Female"": {""alpha"": 0.0, ""margin"": -0.42752242230892507, ""p_observed"": 0.2862387888455374, ""prior_probability"": 0.023809523809523808, ""score"": -3.7376696182833684}, ""gender=Male"": {""alpha"": 0.0, ""margin"": -0.33353146788830706, ""p_observed"": 0.33323426605584644, ""prior_probability"": 0.9761904761904762, ""score"": -0.02409755157906053}}"
188,Male,White,gender=Male,<=50K,"{""age"": ""20"", ""workclass"": ""Private"", ""fnlwgt"": ""228452"", ""education"": ""Some-college"", ""educational-num"": ""10"", ""marital-status"": ""Never-married"", ""occupation"": ""Sales"", ""relationship"": ""Not-in-family"", ""race"": ""White"", ""capital-gain"": ""0"", ""capital-loss"": ""0"", ""hours-per-week"": ""50"", ""native-country"": ""United-States""}",gender=Male,gender=Male,gender=Male,,gender=Female,gender=Female,gender=Male,0,<=50K | Not-in-family | Never-married | Some-college | Private,2,2,"{""gender=Female"": ""<=50K"", ""gender=Male"": ""<=50K""}","{""gender=Female"": {""alpha"": 1.0, ""margin"": 0.943724492813859, ""p_observed"": 0.9718622464069295, ""prior_probability"": 0.4296875, ""score"": 0.9718622464069295}, ""gender=Male"": {""alpha"": 1.0, ""margin"": 0.9228060060940039, ""p_observed"": 0.9614030030470019, ""prior_probability"": 0.5703125, ""score"": 0.9614030030470019}}","{""gender=Female"": {""alpha"": 1.0, ""margin"": 0.943724492813859, ""p_observed"": 0.9718622464069295, ""prior_probability"": 0.4296875, ""score"": 0.943724492813859}, ""gender=Male"": {""alpha"": 1.0, ""margin"": 0.9228060060940039, ""p_observed"": 0.9614030030470019, ""prior_probability"": 0.5703125, ""score"": 0.9228060060940039}}","{""gender=Female"": {""alpha"": 0.0, ""margin"": 0.943724492813859, ""p_observed"": 0.9718622464069295, ""prior_probability"": 0.4296875, ""score"": -0.8446970786871463}, ""gender=Male"": {""alpha"": 0.0, ""margin"": 0.9228060060940039, ""p_observed"": 0.9614030030470019, ""prior_probability"": 0.5703125, ""score"": -0.561570822771226}}"
189,Male,White,gender=Male,>50K,"{""age"": ""56"", ""workclass"": ""Federal-gov"", ""fnlwgt"": ""277420"", ""education"": ""Bachelors"", ""educational-num"": ""13"", ""marital-status"": ""Married-civ-spouse"", ""occupation"": ""Exec-managerial"", ""relationship"": ""Husband"", ""race"": ""White"", ""capital-gain"": ""0"", ""capital-loss"": ""0"", ""hours-per-week"": ""40"", ""native-country"": ""Puerto-Rico""}",gender=Male,gender=Male,gender=Male,,gender=Male,gender=Male,gender=Male,0,>50K | Husband | Married-civ-spouse | Bachelors | Federal-gov,2,2,"{""gender=Female"": "">50K"", ""gender=Male"": "">50K""}","{""gender=Female"": {""alpha"": 1.0, ""margin"": 0.10368423652486797, ""p_observed"": 0.5518421182624339, ""prior_probability"": 0.00186219739292365, ""score"": 0.5518421182624339}, ""gender=Male"": {""alpha"": 1.0, ""margin"": 0.303208954866134, ""p_observed"": 0.6516044774330669, ""prior_probability"": 0.9981378026070763, ""score"": 0.6516044774330669}}","{""gender=Female"": {""alpha"": 1.0, ""margin"": 0.10368423652486797, ""p_observed"": 0.5518421182624339, ""prior_probability"": 0.00186219739292365, ""score"": 0.10368423652486797}, ""gender=Male"": {""alpha"": 1.0, ""margin"": 0.303208954866134, ""p_observed"": 0.6516044774330669, ""prior_probability"": 0.9981378026070763, ""score"": 0.303208954866134}}","{""gender=Female"": {""alpha"": 0.0, ""margin"": 0.10368423652486797, ""p_observed"": 0.5518421182624339, ""prior_probability"": 0.00186219739292365, ""score"": -6.285998094508865}, ""gender=Male"": {""alpha"": 0.0, ""margin"": 0.303208954866134, ""p_observed"": 0.6516044774330669, ""prior_probability"": 0.9981378026070763, ""score"": -0.0018639334380627533}}"
190,Female,White,gender=Female,<=50K,"{""age"": ""50"", ""workclass"": ""Private"", ""fnlwgt"": ""398625"", ""education"": ""11th"", ""educational-num"": ""7"", ""marital-status"": ""Widowed"", ""occupation"": ""Machine-op-inspct"", ""relationship"": ""Not-in-family"", ""race"": ""White"", ""capital-gain"": ""0"", ""capital-loss"": ""0"", ""hours-per-week"": ""40"", ""native-country"": ""United-States""}",gender=Male,gender=Female,gender=Female,,gender=Female,gender=Female,gender=Female,0,<=50K | Not-in-family | Widowed | 11th | Private,2,2,"{""gender=Female"": ""<=50K"", ""gender=Male"": ""<=50K""}","{""gender=Female"": {""alpha"": 1.0, ""margin"": 0.9376356329721723, ""p_observed"": 0.968817816486086, ""prior_probability"": 0.6, ""score"": 0.968817816486086}, ""gender=Male"": {""alpha"": 1.0, ""margin"": 0.8753970261041272, ""p_observed"": 0.9376985130520635, ""prior_probability"": 0.4, ""score"": 0.9376985130520635}}","{""gender=Female"": {""alpha"": 1.0, ""margin"": 0.9376356329721723, ""p_observed"": 0.968817816486086, ""prior_probability"": 0.6, ""score"": 0.9376356329721723}, ""gender=Male"": {""alpha"": 1.0, ""margin"": 0.8753970261041272, ""p_observed"": 0.9376985130520635, ""prior_probability"": 0.4, ""score"": 0.8753970261041272}}","{""gender=Female"": {""alpha"": 0.0, ""margin"": 0.9376356329721723, ""p_observed"": 0.968817816486086, ""prior_probability"": 0.6, ""score"": -0.5108256237659907}, ""gender=Male"": {""alpha"": 0.0, ""margin"": 0.8753970261041272, ""p_observed"": 0.9376985130520635, ""prior_probability"": 0.4, ""score"": -0.916290731874155}}"
191,Female,White,gender=Female,<=50K,"{""age"": ""23"", ""workclass"": ""Local-gov"", ""fnlwgt"": ""307267"", ""education"": ""Bachelors"", ""educational-num"": ""13"", ""marital-status"": ""Never-married"", ""occupation"": ""Prof-specialty"", ""relationship"": ""Not-in-family"", ""race"": ""White"", ""capital-gain"": ""0"", ""capital-loss"": ""0"", ""hours-per-week"": ""10"", ""native-country"": ""United-States""}",gender=Male,gender=Female,gender=Female,,gender=Female,gender=Female,gender=Female,0,<=50K | Not-in-family | Never-married | Bachelors | Local-gov,2,2,"{""gender=Female"": ""<=50K"", ""gender=Male"": ""<=50K""}","{""gender=Female"": {""alpha"": 1.0, ""margin"": 0.9476978316744655, ""p_observed"": 0.9738489158372327, ""prior_probability"": 0.5366666666666666, ""score"": 0.9738489158372327}, ""gender=Male"": {""alpha"": 1.0, ""margin"": 0.9015312436235886, ""p_observed"": 0.9507656218117942, ""prior_probability"": 0.4633333333333333, ""score"": 0.9507656218117942}}","{""gender=Female"": {""alpha"": 1.0, ""margin"": 0.9476978316744655, ""p_observed"": 0.9738489158372327, ""prior_probability"": 0.5366666666666666, ""score"": 0.9476978316744655}, ""gender=Male"": {""alpha"": 1.0, ""margin"": 0.9015312436235886, ""p_observed"": 0.9507656218117942, ""prior_probability"": 0.4633333333333333, ""score"": 0.9015312436235886}}","{""gender=Female"": {""alpha"": 0.0, ""margin"": 0.9476978316744655, ""p_observed"": 0.9738489158372327, ""prior_probability"": 0.5366666666666666, ""score"": -0.6223781096717381}, ""gender=Male"": {""alpha"": 0.0, ""margin"": 0.9015312436235886, ""p_observed"": 0.9507656218117942, ""prior_probability"": 0.4633333333333333, ""score"": -0.7693085415255093}}"
192,Female,White,gender=Female,<=50K,"{""age"": ""58"", ""workclass"": ""Private"", ""fnlwgt"": ""142326"", ""education"": ""Bachelors"", ""educational-num"": ""13"", ""marital-status"": ""Divorced"", ""occupation"": ""Prof-specialty"", ""relationship"": ""Not-in-family"", ""race"": ""White"", ""capital-gain"": ""0"", ""capital-loss"": ""0"", ""hours-per-week"": ""50"", ""native-country"": ""United-States""}",gender=Male,gender=Female,gender=Female,,gender=Female,gender=Female,gender=Female,0,<=50K | Not-in-family | Divorced | Bachelors | Private,2,2,"{""gender=Female"": ""<=50K"", ""gender=Male"": ""<=50K""}","{""gender=Female"": {""alpha"": 1.0, ""margin"": 0.4876854064129891, ""p_observed"": 0.7438427032064946, ""prior_probability"": 0.5333333333333333, ""score"": 0.7438427032064946}, ""gender=Male"": {""alpha"": 1.0, ""margin"": 0.3192800598692722, ""p_observed"": 0.6596400299346362, ""prior_probability"": 0.4666666666666667, ""score"": 0.6596400299346362}}","{""gender=Female"": {""alpha"": 1.0, ""margin"": 0.4876854064129891, ""p_observed"": 0.7438427032064946, ""prior_probability"": 0.5333333333333333, ""score"": 0.4876854064129891}, ""gender=Male"": {""alpha"": 1.0, ""margin"": 0.3192800598692722, ""p_observed"": 0.6596400299346362, ""prior_probability"": 0.4666666666666667, ""score"": 0.3192800598692722}}","{""gender=Female"": {""alpha"": 0.0, ""margin"": 0.4876854064129891, ""p_observed"": 0.7438427032064946, ""prior_probability"": 0.5333333333333333, ""score"": -0.6286086594223742}, ""gender=Male"": {""alpha"": 0.0, ""margin"": 0.3192800598692722, ""p_observed"": 0.6596400299346362, ""prior_probability"": 0.4666666666666667, ""score"": -0.7621400520468967}}"
193,Female,White,gender=Female,<=50K,"{""age"": ""38"", ""workclass"": ""Self-emp-not-inc"", ""fnlwgt"": ""103474"", ""education"": ""Bachelors"", ""educational-num"": ""13"", ""marital-status"": ""Never-married"", ""occupation"": ""Other-service"", ""relationship"": ""Own-child"", ""race"": ""White"", ""capital-gain"": ""0"", ""capital-loss"": ""0"", ""hours-per-week"": ""20"", ""native-country"": ""United-States""}",gender=Male,gender=Female,gender=Female,,gender=Female,gender=Female,gender=Female,0,<=50K | Own-child | Never-married | Bachelors | Self-emp-not-inc,2,2,"{""gender=Female"": ""<=50K"", ""gender=Male"": ""<=50K""}","{""gender=Female"": {""alpha"": 1.0, ""margin"": 0.887928572341773, ""p_observed"": 0.9439642861708866, ""prior_probability"": 0.6666666666666666, ""score"": 0.9439642861708866}, ""gender=Male"": {""alpha"": 1.0, ""margin"": 0.8587055649391115, ""p_observed"": 0.9293527824695558, ""prior_probability"": 0.3333333333333333, ""score"": 0.9293527824695558}}","{""gender=Female"": {""alpha"": 1.0, ""margin"": 0.887928572341773, ""p_observed"": 0.9439642861708866, ""prior_probability"": 0.6666666666666666, ""score"": 0.887928572341773}, ""gender=Male"": {""alpha"": 1.0, ""margin"": 0.8587055649391115, ""p_observed"": 0.9293527824695558, ""prior_probability"": 0.3333333333333333, ""score"": 0.8587055649391115}}","{""gender=Female"": {""alpha"": 0.0, ""margin"": 0.887928572341773, ""p_observed"": 0.9439642861708866, ""prior_probability"": 0.6666666666666666, ""score"": -0.40546510810816444}, ""gender=Male"": {""alpha"": 0.0, ""margin"": 0.8587055649391115, ""p_observed"": 0.9293527824695558, ""prior_probability"": 0.3333333333333333, ""score"": -1.0986122886681098}}"
194,Male,White,gender=Male,<=50K,"{""age"": ""34"", ""workclass"": ""Private"", ""fnlwgt"": ""329993"", ""education"": ""Some-college"", ""educational-num"": ""10"", ""marital-status"": ""Married-civ-spouse"", ""occupation"": ""Adm-clerical"", ""relationship"": ""Husband"", ""race"": ""White"", ""capital-gain"": ""0"", ""capital-loss"": ""0"", ""hours-per-week"": ""40"", ""native-country"": ""United-States""}",gender=Male,gender=Male,gender=Male,,gender=Female,gender=Female,gender=Male,0,<=50K | Husband | Married-civ-spouse | Some-college | Private,2,2,"{""gender=Female"": ""<=50K"", ""gender=Male"": ""<=50K""}","{""gender=Female"": {""alpha"": 1.0, ""margin"": 0.4144348349867536, ""p_observed"": 0.707217417493377, ""prior_probability"": 0.012658227848101266, ""score"": 0.707217417493377}, ""gender=Male"": {""alpha"": 1.0, ""margin"": 0.34193860191045433, ""p_observed"": 0.6709693009552273, ""prior_probability"": 0.9873417721518988, ""score"": 0.6709693009552273}}","{""gender=Female"": {""alpha"": 1.0, ""margin"": 0.4144348349867536, ""p_observed"": 0.707217417493377, ""prior_probability"": 0.012658227848101266, ""score"": 0.4144348349867536}, ""gender=Male"": {""alpha"": 1.0, ""margin"": 0.34193860191045433, ""p_observed"": 0.6709693009552273, ""prior_probability"": 0.9873417721518988, ""score"": 0.34193860191045433}}","{""gender=Female"": {""alpha"": 0.0, ""margin"": 0.4144348349867536, ""p_observed"": 0.707217417493377, ""prior_probability"": 0.012658227848101266, ""score"": -4.3694478524670215}, ""gender=Male"": {""alpha"": 0.0, ""margin"": 0.34193860191045433, ""p_observed"": 0.6709693009552273, ""prior_probability"": 0.9873417721518988, ""score"": -0.012739025777429714}}"
195,Male,White,gender=Male,>50K,"{""age"": ""43"", ""workclass"": ""Private"", ""fnlwgt"": ""99212"", ""education"": ""Assoc-voc"", ""educational-num"": ""11"", ""marital-status"": ""Married-civ-spouse"", ""occupation"": ""Exec-managerial"", ""relationship"": ""Husband"", ""race"": ""White"", ""capital-gain"": ""3103"", ""capital-loss"": ""0"", ""hours-per-week"": ""48"", ""native-country"": ""United-States""}",gender=Male,gender=Male,gender=Male,,gender=Male,gender=Male,gender=Male,0,>50K | Husband | Married-civ-spouse | Assoc-voc | Private,2,2,"{""gender=Female"": ""<=50K"", ""gender=Male"": "">50K""}","{""gender=Female"": {""alpha"": 1.0, ""margin"": -0.06121010681765898, ""p_observed"": 0.4693949465911705, ""prior_probability"": 0.024390243902439025, ""score"": 0.4693949465911705}, ""gender=Male"": {""alpha"": 1.0, ""margin"": 0.13376000665676013, ""p_observed"": 0.5668800033283801, ""prior_probability"": 0.975609756097561, ""score"": 0.5668800033283801}}","{""gender=Female"": {""alpha"": 1.0, ""margin"": -0.06121010681765898, ""p_observed"": 0.4693949465911705, ""prior_probability"": 0.024390243902439025, ""score"": -0.06121010681765898}, ""gender=Male"": {""alpha"": 1.0, ""margin"": 0.13376000665676013, ""p_observed"": 0.5668800033283801, ""prior_probability"": 0.975609756097561, ""score"": 0.13376000665676013}}","{""gender=Female"": {""alpha"": 0.0, ""margin"": -0.06121010681765898, ""p_observed"": 0.4693949465911705, ""prior_probability"": 0.024390243902439025, ""score"": -3.713572066704308}, ""gender=Male"": {""alpha"": 0.0, ""margin"": 0.13376000665676013, ""p_observed"": 0.5668800033283801, ""prior_probability"": 0.975609756097561, ""score"": -0.02469261259037152}}"
196,Female,White,gender=Female,<=50K,"{""age"": ""37"", ""workclass"": ""Local-gov"", ""fnlwgt"": ""170861"", ""education"": ""Bachelors"", ""educational-num"": ""13"", ""marital-status"": ""Never-married"", ""occupation"": ""Prof-specialty"", ""relationship"": ""Not-in-family"", ""race"": ""White"", ""capital-gain"": ""0"", ""capital-loss"": ""0"", ""hours-per-week"": ""45"", ""native-country"": ""United-States""}",gender=Male,gender=Female,gender=Female,,gender=Female,gender=Female,gender=Female,0,<=50K | Not-in-family | Never-married | Bachelors | Local-gov,2,2,"{""gender=Female"": ""<=50K"", ""gender=Male"": ""<=50K""}","{""gender=Female"": {""alpha"": 1.0, ""margin"": 0.6431314961305067, ""p_observed"": 0.8215657480652533, ""prior_probability"": 0.5366666666666666, ""score"": 0.8215657480652533}, ""gender=Male"": {""alpha"": 1.0, ""margin"": 0.5498357252751872, ""p_observed"": 0.7749178626375934, ""prior_probability"": 0.4633333333333333, ""score"": 0.7749178626375934}}","{""gender=Female"": {""alpha"": 1.0, ""margin"": 0.6431314961305067, ""p_observed"": 0.8215657480652533, ""prior_probability"": 0.5366666666666666, ""score"": 0.6431314961305067}, ""gender=Male"": {""alpha"": 1.0, ""margin"": 0.5498357252751872, ""p_observed"": 0.7749178626375934, ""prior_probability"": 0.4633333333333333, ""score"": 0.5498357252751872}}","{""gender=Female"": {""alpha"": 0.0, ""margin"": 0.6431314961305067, ""p_observed"": 0.8215657480652533, ""prior_probability"": 0.5366666666666666, ""score"": -0.6223781096717381}, ""gender=Male"": {""alpha"": 0.0, ""margin"": 0.5498357252751872, ""p_observed"": 0.7749178626375934, ""prior_probability"": 0.4633333333333333, ""score"": -0.7693085415255093}}"
197,Male,White,gender=Male,>50K,"{""age"": ""30"", ""workclass"": ""Private"", ""fnlwgt"": ""230224"", ""education"": ""Bachelors"", ""educational-num"": ""13"", ""marital-status"": ""Never-married"", ""occupation"": ""Exec-managerial"", ""relationship"": ""Not-in-family"", ""race"": ""White"", ""capital-gain"": ""0"", ""capital-loss"": ""0"", ""hours-per-week"": ""55"", ""native-country"": ""United-States""}",gender=Male,gender=Male,gender=Male,,gender=Male,gender=Male,gender=Male,0,>50K | Not-in-family | Never-married | Bachelors | Private,2,2,"{""gender=Female"": ""<=50K"", ""gender=Male"": ""<=50K""}","{""gender=Female"": {""alpha"": 1.0, ""margin"": -0.5521567011054808, ""p_observed"": 0.22392164944725956, ""prior_probability"": 0.3235294117647059, ""score"": 0.22392164944725956}, ""gender=Male"": {""alpha"": 1.0, ""margin"": -0.4810711262401829, ""p_observed"": 0.2594644368799085, ""prior_probability"": 0.6764705882352942, ""score"": 0.2594644368799085}}","{""gender=Female"": {""alpha"": 1.0, ""margin"": -0.5521567011054808, ""p_observed"": 0.22392164944725956, ""prior_probability"": 0.3235294117647059, ""score"": -0.5521567011054808}, ""gender=Male"": {""alpha"": 1.0, ""margin"": -0.4810711262401829, ""p_observed"": 0.2594644368799085, ""prior_probability"": 0.6764705882352942, ""score"": -0.4810711262401829}}","{""gender=Female"": {""alpha"": 0.0, ""margin"": -0.5521567011054808, ""p_observed"": 0.22392164944725956, ""prior_probability"": 0.3235294117647059, ""score"": -1.128465251817791}, ""gender=Male"": {""alpha"": 0.0, ""margin"": -0.4810711262401829, ""p_observed"": 0.2594644368799085, ""prior_probability"": 0.6764705882352942, ""score"": -0.39086630868701167}}"
198,Male,White,gender=Male,<=50K,"{""age"": ""51"", ""workclass"": ""Private"", ""fnlwgt"": ""96062"", ""education"": ""HS-grad"", ""educational-num"": ""9"", ""marital-status"": ""Married-civ-spouse"", ""occupation"": ""Transport-moving"", ""relationship"": ""Husband"", ""race"": ""White"", ""capital-gain"": ""0"", ""capital-loss"": ""0"", ""hours-per-week"": ""40"", ""native-country"": ""United-States""}",gender=Male,gender=Male,gender=Male,,gender=Female,gender=Female,gender=Male,0,<=50K | Husband | Married-civ-spouse | HS-grad | Private,2,2,"{""gender=Female"": ""<=50K"", ""gender=Male"": ""<=50K""}","{""gender=Female"": {""alpha"": 1.0, ""margin"": 0.4588001453010885, ""p_observed"": 0.7294000726505441, ""prior_probability"": 0.003125, ""score"": 0.7294000726505441}, ""gender=Male"": {""alpha"": 1.0, ""margin"": 0.39378541037076853, ""p_observed"": 0.6968927051853842, ""prior_probability"": 0.996875, ""score"": 0.6968927051853842}}","{""gender=Female"": {""alpha"": 1.0, ""margin"": 0.4588001453010885, ""p_observed"": 0.7294000726505441, ""prior_probability"": 0.003125, ""score"": 0.4588001453010885}, ""gender=Male"": {""alpha"": 1.0, ""margin"": 0.39378541037076853, ""p_observed"": 0.6968927051853842, ""prior_probability"": 0.996875, ""score"": 0.39378541037076853}}","{""gender=Female"": {""alpha"": 0.0, ""margin"": 0.4588001453010885, ""p_observed"": 0.7294000726505441, ""prior_probability"": 0.003125, ""score"": -5.768320995793772}, ""gender=Male"": {""alpha"": 0.0, ""margin"": 0.39378541037076853, ""p_observed"": 0.6968927051853842, ""prior_probability"": 0.996875, ""score"": -0.0031298930089277044}}"
199,Female,White,gender=Female,<=50K,"{""age"": ""21"", ""workclass"": ""Private"", ""fnlwgt"": ""502837"", ""education"": ""HS-grad"", ""educational-num"": ""9"", ""marital-status"": ""Never-married"", ""occupation"": ""Machine-op-inspct"", ""relationship"": ""Own-child"", ""race"": ""White"", ""capital-gain"": ""0"", ""capital-loss"": ""0"", ""hours-per-week"": ""40"", ""native-country"": ""Peru""}",gender=Male,gender=Male,gender=Male,gender=Male,gender=Male,gender=Male,gender=Male,1,<=50K | Own-child | Never-married | HS-grad | Private,2,2,"{""gender=Female"": ""<=50K"", ""gender=Male"": ""<=50K""}","{""gender=Female"": {""alpha"": 1.0, ""margin"": 0.9856413977579672, ""p_observed"": 0.9928206988789835, ""prior_probability"": 0.24299065420560748, ""score"": 0.9928206988789835}, ""gender=Male"": {""alpha"": 1.0, ""margin"": 0.9881965526086425, ""p_observed"": 0.9940982763043211, ""prior_probability"": 0.7570093457943925, ""score"": 0.9940982763043211}}","{""gender=Female"": {""alpha"": 1.0, ""margin"": 0.9856413977579672, ""p_observed"": 0.9928206988789835, ""prior_probability"": 0.24299065420560748, ""score"": 0.9856413977579672}, ""gender=Male"": {""alpha"": 1.0, ""margin"": 0.9881965526086425, ""p_observed"": 0.9940982763043211, ""prior_probability"": 0.7570093457943925, ""score"": 0.9881965526086425}}","{""gender=Female"": {""alpha"": 0.0, ""margin"": 0.9856413977579672, ""p_observed"": 0.9928206988789835, ""prior_probability"": 0.24299065420560748, ""score"": -1.414732296440424}, ""gender=Male"": {""alpha"": 0.0, ""margin"": 0.9881965526086425, ""p_observed"": 0.9940982763043211, ""prior_probability"": 0.7570093457943925, ""score"": -0.2783796797894674}}"
200,Male,White,gender=Male,<=50K,"{""age"": ""30"", ""workclass"": ""Private"", ""fnlwgt"": ""178952"", ""education"": ""HS-grad"", ""educational-num"": ""9"", ""marital-status"": ""Never-married"", ""occupation"": ""Handlers-cleaners"", ""relationship"": ""Own-child"", ""race"": ""White"", ""capital-gain"": ""0"", ""capital-loss"": ""0"", ""hours-per-week"": ""40"", ""native-country"": ""United-States""}",gender=Male,gender=Male,gender=Male,gender=Male,gender=Female,gender=Female,gender=Male,1,<=50K | Own-child | Never-married | HS-grad | Private,2,2,"{""gender=Female"": ""<=50K"", ""gender=Male"": ""<=50K""}","{""gender=Female"": {""alpha"": 1.0, ""margin"": 0.9797148457768327, ""p_observed"": 0.9898574228884163, ""prior_probability"": 0.19047619047619047, ""score"": 0.9898574228884163}, ""gender=Male"": {""alpha"": 1.0, ""margin"": 0.9762183228752644, ""p_observed"": 0.988109161437632, ""prior_probability"": 0.8095238095238095, ""score"": 0.988109161437632}}","{""gender=Female"": {""alpha"": 1.0, ""margin"": 0.9797148457768327, ""p_observed"": 0.9898574228884163, ""prior_probability"": 0.19047619047619047, ""score"": 0.9797148457768327}, ""gender=Male"": {""alpha"": 1.0, ""margin"": 0.9762183228752644, ""p_observed"": 0.988109161437632, ""prior_probability"": 0.8095238095238095, ""score"": 0.9762183228752644}}","{""gender=Female"": {""alpha"": 0.0, ""margin"": 0.9797148457768327, ""p_observed"": 0.9898574228884163, ""prior_probability"": 0.19047619047619047, ""score"": -1.6582280766035324}, ""gender=Male"": {""alpha"": 0.0, ""margin"": 0.9762183228752644, ""p_observed"": 0.988109161437632, ""prior_probability"": 0.8095238095238095, ""score"": -0.2113090936672069}}"
201,Male,Other,gender=Male,<=50K,"{""age"": ""21"", ""workclass"": ""Private"", ""fnlwgt"": ""226668"", ""education"": ""Assoc-voc"", ""educational-num"": ""11"", ""marital-status"": ""Never-married"", ""occupation"": ""Craft-repair"", ""relationship"": ""Not-in-family"", ""race"": ""Other"", ""capital-gain"": ""0"", ""capital-loss"": ""0"", ""hours-per-week"": ""40"", ""native-country"": ""United-States""}",gender=Male,gender=Male,gender=Male,,gender=Female,gender=Female,gender=Male,0,<=50K | Not-in-family | Never-married | Assoc-voc | Private,2,2,"{""gender=Female"": ""<=50K"", ""gender=Male"": ""<=50K""}","{""gender=Female"": {""alpha"": 1.0, ""margin"": 0.9758509173113494, ""p_observed"": 0.9879254586556747, ""prior_probability"": 0.1111111111111111, ""score"": 0.9879254586556747}, ""gender=Male"": {""alpha"": 1.0, ""margin"": 0.9700377422476392, ""p_observed"": 0.9850188711238195, ""prior_probability"": 0.8888888888888888, ""score"": 0.9850188711238195}}","{""gender=Female"": {""alpha"": 1.0, ""margin"": 0.9758509173113494, ""p_observed"": 0.9879254586556747, ""prior_probability"": 0.1111111111111111, ""score"": 0.9758509173113494}, ""gender=Male"": {""alpha"": 1.0, ""margin"": 0.9700377422476392, ""p_observed"": 0.9850188711238195, ""prior_probability"": 0.8888888888888888, ""score"": 0.9700377422476392}}","{""gender=Female"": {""alpha"": 0.0, ""margin"": 0.9758509173113494, ""p_observed"": 0.9879254586556747, ""prior_probability"": 0.1111111111111111, ""score"": -2.1972245773362196}, ""gender=Male"": {""alpha"": 0.0, ""margin"": 0.9700377422476392, ""p_observed"": 0.9850188711238195, ""prior_probability"": 0.8888888888888888, ""score"": -0.11778303565638351}}"
202,Male,White,gender=Male,<=50K,"{""age"": ""29"", ""workclass"": ""Private"", ""fnlwgt"": ""235168"", ""education"": ""Assoc-acdm"", ""educational-num"": ""12"", ""marital-status"": ""Married-civ-spouse"", ""occupation"": ""Sales"", ""relationship"": ""Husband"", ""race"": ""White"", ""capital-gain"": ""0"", ""capital-loss"": ""0"", ""hours-per-week"": ""60"", ""native-country"": ""United-States""}",gender=Male,gender=Male,gender=Male,,gender=Female,gender=Female,gender=Male,0,<=50K | Husband | Married-civ-spouse | Assoc-acdm | Private,2,2,"{""gender=Female"": ""<=50K"", ""gender=Male"": ""<=50K""}","{""gender=Female"": {""alpha"": 1.0, ""margin"": 0.3063781586479324, ""p_observed"": 0.6531890793239661, ""prior_probability"": 0.04, ""score"": 0.6531890793239661}, ""gender=Male"": {""alpha"": 1.0, ""margin"": 0.2589507149158588, ""p_observed"": 0.6294753574579294, ""prior_probability"": 0.96, ""score"": 0.6294753574579294}}","{""gender=Female"": {""alpha"": 1.0, ""margin"": 0.3063781586479324, ""p_observed"": 0.6531890793239661, ""prior_probability"": 0.04, ""score"": 0.3063781586479324}, ""gender=Male"": {""alpha"": 1.0, ""margin"": 0.2589507149158588, ""p_observed"": 0.6294753574579294, ""prior_probability"": 0.96, ""score"": 0.2589507149158588}}","{""gender=Female"": {""alpha"": 0.0, ""margin"": 0.3063781586479324, ""p_observed"": 0.6531890793239661, ""prior_probability"": 0.04, ""score"": -3.2188758248682006}, ""gender=Male"": {""alpha"": 0.0, ""margin"": 0.2589507149158588, ""p_observed"": 0.6294753574579294, ""prior_probability"": 0.96, ""score"": -0.040821994520255166}}"
203,Male,White,gender=Male,<=50K,"{""age"": ""17"", ""workclass"": ""Private"", ""fnlwgt"": ""347000"", ""education"": ""12th"", ""educational-num"": ""8"", ""marital-status"": ""Never-married"", ""occupation"": ""Farming-fishing"", ""relationship"": ""Own-child"", ""race"": ""White"", ""capital-gain"": ""0"", ""capital-loss"": ""0"", ""hours-per-week"": ""12"", ""native-country"": ""United-States""}",gender=Male,gender=Male,gender=Male,,gender=Female,gender=Female,gender=Male,0,<=50K | Own-child | Never-married | 12th | Private,2,2,"{""gender=Female"": ""<=50K"", ""gender=Male"": ""<=50K""}","{""gender=Female"": {""alpha"": 1.0, ""margin"": 0.9939759932905563, ""p_observed"": 0.9969879966452782, ""prior_probability"": 0.2857142857142857, ""score"": 0.9969879966452782}, ""gender=Male"": {""alpha"": 1.0, ""margin"": 0.9931941564741891, ""p_observed"": 0.9965970782370943, ""prior_probability"": 0.7142857142857143, ""score"": 0.9965970782370943}}","{""gender=Female"": {""alpha"": 1.0, ""margin"": 0.9939759932905563, ""p_observed"": 0.9969879966452782, ""prior_probability"": 0.2857142857142857, ""score"": 0.9939759932905563}, ""gender=Male"": {""alpha"": 1.0, ""margin"": 0.9931941564741891, ""p_observed"": 0.9965970782370943, ""prior_probability"": 0.7142857142857143, ""score"": 0.9931941564741891}}","{""gender=Female"": {""alpha"": 0.0, ""margin"": 0.9939759932905563, ""p_observed"": 0.9969879966452782, ""prior_probability"": 0.2857142857142857, ""score"": -1.252762968495368}, ""gender=Male"": {""alpha"": 0.0, ""margin"": 0.9931941564741891, ""p_observed"": 0.9965970782370943, ""prior_probability"": 0.7142857142857143, ""score"": -0.3364722366212129}}"
204,Male,White,gender=Male,<=50K,"{""age"": ""30"", ""workclass"": ""Private"", ""fnlwgt"": ""194901"", ""education"": ""11th"", ""educational-num"": ""7"", ""marital-status"": ""Never-married"", ""occupation"": ""Handlers-cleaners"", ""relationship"": ""Own-child"", ""race"": ""White"", ""capital-gain"": ""0"", ""capital-loss"": ""0"", ""hours-per-week"": ""40"", ""native-country"": ""United-States""}",gender=Male,gender=Male,gender=Male,,gender=Female,gender=Female,gender=Male,0,<=50K | Own-child | Never-married | 11th | Private,2,2,"{""gender=Female"": ""<=50K"", ""gender=Male"": ""<=50K""}","{""gender=Female"": {""alpha"": 1.0, ""margin"": 0.97827846642068, ""p_observed"": 0.9891392332103399, ""prior_probability"": 0.08888888888888889, ""score"": 0.9891392332103399}, ""gender=Male"": {""alpha"": 1.0, ""margin"": 0.9713072149027732, ""p_observed"": 0.9856536074513864, ""prior_probability"": 0.9111111111111111, ""score"": 0.9856536074513864}}","{""gender=Female"": {""alpha"": 1.0, ""margin"": 0.97827846642068, ""p_observed"": 0.9891392332103399, ""prior_probability"": 0.08888888888888889, ""score"": 0.97827846642068}, ""gender=Male"": {""alpha"": 1.0, ""margin"": 0.9713072149027732, ""p_observed"": 0.9856536074513864, ""prior_probability"": 0.9111111111111111, ""score"": 0.9713072149027732}}","{""gender=Female"": {""alpha"": 0.0, ""margin"": 0.97827846642068, ""p_observed"": 0.9891392332103399, ""prior_probability"": 0.08888888888888889, ""score"": -2.4203681286504293}, ""gender=Male"": {""alpha"": 0.0, ""margin"": 0.9713072149027732, ""p_observed"": 0.9856536074513864, ""prior_probability"": 0.9111111111111111, ""score"": -0.09309042306601198}}"
205,Male,White,gender=Male,>50K,"{""age"": ""49"", ""workclass"": ""Private"", ""fnlwgt"": ""132576"", ""education"": ""Bachelors"", ""educational-num"": ""13"", ""marital-status"": ""Married-civ-spouse"", ""occupation"": ""Exec-managerial"", ""relationship"": ""Husband"", ""race"": ""White"", ""capital-gain"": ""0"", ""capital-loss"": ""0"", ""hours-per-week"": ""50"", ""native-country"": ""United-States""}",gender=Male,gender=Male,gender=Male,gender=Male,gender=Male,gender=Male,gender=Male,1,>50K | Husband | Married-civ-spouse | Bachelors | Private,2,2,"{""gender=Female"": "">50K"", ""gender=Male"": "">50K""}","{""gender=Female"": {""alpha"": 1.0, ""margin"": 0.2193824869763804, ""p_observed"": 0.60969124348819, ""prior_probability"": 0.00186219739292365, ""score"": 0.60969124348819}, ""gender=Male"": {""alpha"": 1.0, ""margin"": 0.5263320986261822, ""p_observed"": 0.7631660493130912, ""prior_probability"": 0.9981378026070763, ""score"": 0.7631660493130912}}","{""gender=Female"": {""alpha"": 1.0, ""margin"": 0.2193824869763804, ""p_observed"": 0.60969124348819, ""prior_probability"": 0.00186219739292365, ""score"": 0.2193824869763804}, ""gender=Male"": {""alpha"": 1.0, ""margin"": 0.5263320986261822, ""p_observed"": 0.7631660493130912, ""prior_probability"": 0.9981378026070763, ""score"": 0.5263320986261822}}","{""gender=Female"": {""alpha"": 0.0, ""margin"": 0.2193824869763804, ""p_observed"": 0.60969124348819, ""prior_probability"": 0.00186219739292365, ""score"": -6.285998094508865}, ""gender=Male"": {""alpha"": 0.0, ""margin"": 0.5263320986261822, ""p_observed"": 0.7631660493130912, ""prior_probability"": 0.9981378026070763, ""score"": -0.0018639334380627533}}"
206,Male,White,gender=Male,>50K,"{""age"": ""55"", ""workclass"": ""Private"", ""fnlwgt"": ""124771"", ""education"": ""Bachelors"", ""educational-num"": ""13"", ""marital-status"": ""Married-civ-spouse"", ""occupation"": ""Exec-managerial"", ""relationship"": ""Husband"", ""race"": ""White"", ""capital-gain"": ""15024"", ""capital-loss"": ""0"", ""hours-per-week"": ""50"", ""native-country"": ""United-States""}",gender=Male,gender=Male,gender=Male,gender=Male,gender=Male,gender=Male,gender=Male,1,>50K | Husband | Married-civ-spouse | Bachelors | Private,2,2,"{""gender=Female"": "">50K"", ""gender=Male"": "">50K""}","{""gender=Female"": {""alpha"": 1.0, ""margin"": 0.7259334602474665, ""p_observed"": 0.8629667301237332, ""prior_probability"": 0.00186219739292365, ""score"": 0.8629667301237332}, ""gender=Male"": {""alpha"": 1.0, ""margin"": 0.8849005680350334, ""p_observed"": 0.9424502840175167, ""prior_probability"": 0.9981378026070763, ""score"": 0.9424502840175167}}","{""gender=Female"": {""alpha"": 1.0, ""margin"": 0.7259334602474665, ""p_observed"": 0.8629667301237332, ""prior_probability"": 0.00186219739292365, ""score"": 0.7259334602474665}, ""gender=Male"": {""alpha"": 1.0, ""margin"": 0.8849005680350334, ""p_observed"": 0.9424502840175167, ""prior_probability"": 0.9981378026070763, ""score"": 0.8849005680350334}}","{""gender=Female"": {""alpha"": 0.0, ""margin"": 0.7259334602474665, ""p_observed"": 0.8629667301237332, ""prior_probability"": 0.00186219739292365, ""score"": -6.285998094508865}, ""gender=Male"": {""alpha"": 0.0, ""margin"": 0.8849005680350334, ""p_observed"": 0.9424502840175167, ""prior_probability"": 0.9981378026070763, ""score"": -0.0018639334380627533}}"
207,Female,White,gender=Female,<=50K,"{""age"": ""59"", ""workclass"": ""Private"", ""fnlwgt"": ""157831"", ""education"": ""HS-grad"", ""educational-num"": ""9"", ""marital-status"": ""Divorced"", ""occupation"": ""Adm-clerical"", ""relationship"": ""Not-in-family"", ""race"": ""White"", ""capital-gain"": ""0"", ""capital-loss"": ""0"", ""hours-per-week"": ""16"", ""native-country"": ""United-States""}",gender=Male,gender=Female,gender=Female,,gender=Female,gender=Female,gender=Female,0,<=50K | Not-in-family | Divorced | HS-grad | Private,2,2,"{""gender=Female"": ""<=50K"", ""gender=Male"": ""<=50K""}","{""gender=Female"": {""alpha"": 1.0, ""margin"": 0.9441397961103631, ""p_observed"": 0.9720698980551814, ""prior_probability"": 0.8695652173913043, ""score"": 0.9720698980551814}, ""gender=Male"": {""alpha"": 1.0, ""margin"": 0.9008729720323255, ""p_observed"": 0.9504364860161626, ""prior_probability"": 0.13043478260869565, ""score"": 0.9504364860161626}}","{""gender=Female"": {""alpha"": 1.0, ""margin"": 0.9441397961103631, ""p_observed"": 0.9720698980551814, ""prior_probability"": 0.8695652173913043, ""score"": 0.9441397961103631}, ""gender=Male"": {""alpha"": 1.0, ""margin"": 0.9008729720323255, ""p_observed"": 0.9504364860161626, ""prior_probability"": 0.13043478260869565, ""score"": 0.9008729720323255}}","{""gender=Female"": {""alpha"": 0.0, ""margin"": 0.9441397961103631, ""p_observed"": 0.9720698980551814, ""prior_probability"": 0.8695652173913043, ""score"": -0.13976194237515874}, ""gender=Male"": {""alpha"": 0.0, ""margin"": 0.9008729720323255, ""p_observed"": 0.9504364860161626, ""prior_probability"": 0.13043478260869565, ""score"": -2.03688192726104}}"
208,Female,White,gender=Female,>50K,"{""age"": ""41"", ""workclass"": ""Private"", ""fnlwgt"": ""171839"", ""education"": ""Masters"", ""educational-num"": ""14"", ""marital-status"": ""Married-civ-spouse"", ""occupation"": ""Other-service"", ""relationship"": ""Wife"", ""race"": ""White"", ""capital-gain"": ""0"", ""capital-loss"": ""0"", ""hours-per-week"": ""50"", ""native-country"": ""United-States""}",gender=Male,gender=Female,gender=Female,,gender=Female,gender=Female,gender=Female,0,>50K | Wife | Married-civ-spouse | Masters | Private,2,2,"{""gender=Female"": ""<=50K"", ""gender=Male"": ""<=50K""}","{""gender=Female"": {""alpha"": 1.0, ""margin"": -0.05426474816256477, ""p_observed"": 0.47286762591871756, ""prior_probability"": 0.9967637540453075, ""score"": 0.47286762591871756}, ""gender=Male"": {""alpha"": 1.0, ""margin"": -0.1459436376856239, ""p_observed"": 0.427028181157188, ""prior_probability"": 0.003236245954692557, ""score"": 0.427028181157188}}","{""gender=Female"": {""alpha"": 1.0, ""margin"": -0.05426474816256477, ""p_observed"": 0.47286762591871756, ""prior_probability"": 0.9967637540453075, ""score"": -0.05426474816256477}, ""gender=Male"": {""alpha"": 1.0, ""margin"": -0.1459436376856239, ""p_observed"": 0.427028181157188, ""prior_probability"": 0.003236245954692557, ""score"": -0.1459436376856239}}","{""gender=Female"": {""alpha"": 0.0, ""margin"": -0.05426474816256477, ""p_observed"": 0.47286762591871756, ""prior_probability"": 0.9967637540453075, ""score"": -0.0032414939241709557}, ""gender=Male"": {""alpha"": 0.0, ""margin"": -0.1459436376856239, ""p_observed"": 0.427028181157188, ""prior_probability"": 0.003236245954692557, ""score"": -5.733341276897745}}"
209,Male,White,gender=Male,<=50K,"{""age"": ""44"", ""workclass"": ""Private"", ""fnlwgt"": ""180383"", ""education"": ""Some-college"", ""educational-num"": ""10"", ""marital-status"": ""Married-civ-spouse"", ""occupation"": ""Handlers-cleaners"", ""relationship"": ""Husband"", ""race"": ""White"", ""capital-gain"": ""0"", ""capital-loss"": ""0"", ""hours-per-week"": ""60"", ""native-country"": ""United-States""}",gender=Male,gender=Male,gender=Male,,gender=Female,gender=Female,gender=Male,0,<=50K | Husband | Married-civ-spouse | Some-college | Private,2,2,"{""gender=Female"": ""<=50K"", ""gender=Male"": ""<=50K""}","{""gender=Female"": {""alpha"": 1.0, ""margin"": 0.36727230787988296, ""p_observed"": 0.6836361539399414, ""prior_probability"": 0.01818181818181818, ""score"": 0.6836361539399414}, ""gender=Male"": {""alpha"": 1.0, ""margin"": 0.2601718203061045, ""p_observed"": 0.630085910153052, ""prior_probability"": 0.9818181818181818, ""score"": 0.630085910153052}}","{""gender=Female"": {""alpha"": 1.0, ""margin"": 0.36727230787988296, ""p_observed"": 0.6836361539399414, ""prior_probability"": 0.01818181818181818, ""score"": 0.36727230787988296}, ""gender=Male"": {""alpha"": 1.0, ""margin"": 0.2601718203061045, ""p_observed"": 0.630085910153052, ""prior_probability"": 0.9818181818181818, ""score"": 0.2601718203061045}}","{""gender=Female"": {""alpha"": 0.0, ""margin"": 0.36727230787988296, ""p_observed"": 0.6836361539399414, ""prior_probability"": 0.01818181818181818, ""score"": -4.007333185232471}, ""gender=Male"": {""alpha"": 0.0, ""margin"": 0.2601718203061045, ""p_observed"": 0.630085910153052, ""prior_probability"": 0.9818181818181818, ""score"": -0.01834913866819654}}"
210,Male,White,gender=Male,<=50K,"{""age"": ""38"", ""workclass"": ""Private"", ""fnlwgt"": ""131808"", ""education"": ""Assoc-voc"", ""educational-num"": ""11"", ""marital-status"": ""Divorced"", ""occupation"": ""Craft-repair"", ""relationship"": ""Unmarried"", ""race"": ""White"", ""capital-gain"": ""0"", ""capital-loss"": ""0"", ""hours-per-week"": ""40"", ""native-country"": ""United-States""}",gender=Male,gender=Female,gender=Female,,gender=Female,gender=Female,gender=Female,0,<=50K | Unmarried | Divorced | Assoc-voc | Private,2,2,"{""gender=Female"": ""<=50K"", ""gender=Male"": ""<=50K""}","{""gender=Female"": {""alpha"": 1.0, ""margin"": 0.922241669111429, ""p_observed"": 0.9611208345557145, ""prior_probability"": 0.6, ""score"": 0.9611208345557145}, ""gender=Male"": {""alpha"": 1.0, ""margin"": 0.8660799968600419, ""p_observed"": 0.9330399984300207, ""prior_probability"": 0.4, ""score"": 0.9330399984300207}}","{""gender=Female"": {""alpha"": 1.0, ""margin"": 0.922241669111429, ""p_observed"": 0.9611208345557145, ""prior_probability"": 0.6, ""score"": 0.922241669111429}, ""gender=Male"": {""alpha"": 1.0, ""margin"": 0.8660799968600419, ""p_observed"": 0.9330399984300207, ""prior_probability"": 0.4, ""score"": 0.8660799968600419}}","{""gender=Female"": {""alpha"": 0.0, ""margin"": 0.922241669111429, ""p_observed"": 0.9611208345557145, ""prior_probability"": 0.6, ""score"": -0.5108256237659907}, ""gender=Male"": {""alpha"": 0.0, ""margin"": 0.8660799968600419, ""p_observed"": 0.9330399984300207, ""prior_probability"": 0.4, ""score"": -0.916290731874155}}"
211,Male,White,gender=Male,<=50K,"{""age"": ""53"", ""workclass"": ""Private"", ""fnlwgt"": ""127671"", ""education"": ""7th-8th"", ""educational-num"": ""4"", ""marital-status"": ""Married-civ-spouse"", ""occupation"": ""Machine-op-inspct"", ""relationship"": ""Husband"", ""race"": ""White"", ""capital-gain"": ""0"", ""capital-loss"": ""0"", ""hours-per-week"": ""40"", ""native-country"": ""United-States""}",gender=Male,gender=Male,gender=Male,,gender=Female,gender=Female,gender=Male,0,<=50K | Husband | Married-civ-spouse | 7th-8th | Private,2,2,"{""gender=Female"": ""<=50K"", ""gender=Male"": ""<=50K""}","{""gender=Female"": {""alpha"": 1.0, ""margin"": 0.6776777154981691, ""p_observed"": 0.8388388577490845, ""prior_probability"": 0.03125, ""score"": 0.8388388577490845}, ""gender=Male"": {""alpha"": 1.0, ""margin"": 0.6372294008003686, ""p_observed"": 0.8186147004001842, ""prior_probability"": 0.96875, ""score"": 0.8186147004001842}}","{""gender=Female"": {""alpha"": 1.0, ""margin"": 0.6776777154981691, ""p_observed"": 0.8388388577490845, ""prior_probability"": 0.03125, ""score"": 0.6776777154981691}, ""gender=Male"": {""alpha"": 1.0, ""margin"": 0.6372294008003686, ""p_observed"": 0.8186147004001842, ""prior_probability"": 0.96875, ""score"": 0.6372294008003686}}","{""gender=Female"": {""alpha"": 0.0, ""margin"": 0.6776777154981691, ""p_observed"": 0.8388388577490845, ""prior_probability"": 0.03125, ""score"": -3.4657359027997265}, ""gender=Male"": {""alpha"": 0.0, ""margin"": 0.6372294008003686, ""p_observed"": 0.8186147004001842, ""prior_probability"": 0.96875, ""score"": -0.0317486983145803}}"
212,Male,White,gender=Male,>50K,"{""age"": ""33"", ""workclass"": ""Private"", ""fnlwgt"": ""198003"", ""education"": ""Some-college"", ""educational-num"": ""10"", ""marital-status"": ""Married-civ-spouse"", ""occupation"": ""Craft-repair"", ""relationship"": ""Husband"", ""race"": ""White"", ""capital-gain"": ""7298"", ""capital-loss"": ""0"", ""hours-per-week"": ""50"", ""native-country"": ""United-States""}",gender=Male,gender=Male,gender=Male,,gender=Male,gender=Male,gender=Male,0,>50K | Husband | Married-civ-spouse | Some-college | Private,2,2,"{""gender=Female"": "">50K"", ""gender=Male"": "">50K""}","{""gender=Female"": {""alpha"": 1.0, ""margin"": 0.4081466840501505, ""p_observed"": 0.7040733420250752, ""prior_probability"": 0.005, ""score"": 0.7040733420250752}, ""gender=Male"": {""alpha"": 1.0, ""margin"": 0.661708563440992, ""p_observed"": 0.8308542817204959, ""prior_probability"": 0.995, ""score"": 0.8308542817204959}}","{""gender=Female"": {""alpha"": 1.0, ""margin"": 0.4081466840501505, ""p_observed"": 0.7040733420250752, ""prior_probability"": 0.005, ""score"": 0.4081466840501505}, ""gender=Male"": {""alpha"": 1.0, ""margin"": 0.661708563440992, ""p_observed"": 0.8308542817204959, ""prior_probability"": 0.995, ""score"": 0.661708563440992}}","{""gender=Female"": {""alpha"": 0.0, ""margin"": 0.4081466840501505, ""p_observed"": 0.7040733420250752, ""prior_probability"": 0.005, ""score"": -5.298317366548036}, ""gender=Male"": {""alpha"": 0.0, ""margin"": 0.661708563440992, ""p_observed"": 0.8308542817204959, ""prior_probability"": 0.995, ""score"": -0.005012541823544286}}"
213,Female,White,gender=Female,<=50K,"{""age"": ""52"", ""workclass"": ""Private"", ""fnlwgt"": ""194259"", ""education"": ""7th-8th"", ""educational-num"": ""4"", ""marital-status"": ""Married-civ-spouse"", ""occupation"": ""Exec-managerial"", ""relationship"": ""Wife"", ""race"": ""White"", ""capital-gain"": ""0"", ""capital-loss"": ""0"", ""hours-per-week"": ""50"", ""native-country"": ""United-States""}",gender=Male,gender=Female,gender=Female,,gender=Female,gender=Female,gender=Female,0,<=50K | Wife | Married-civ-spouse | 7th-8th | Private,2,2,"{""gender=Female"": ""<=50K"", ""gender=Male"": ""<=50K""}","{""gender=Female"": {""alpha"": 1.0, ""margin"": 0.24410181307210232, ""p_observed"": 0.6220509065360511, ""prior_probability"": 0.9984399375975039, ""score"": 0.6220509065360511}, ""gender=Male"": {""alpha"": 1.0, ""margin"": 0.2196027079991475, ""p_observed"": 0.6098013539995737, ""prior_probability"": 0.0015600624024961, ""score"": 0.6098013539995737}}","{""gender=Female"": {""alpha"": 1.0, ""margin"": 0.24410181307210232, ""p_observed"": 0.6220509065360511, ""prior_probability"": 0.9984399375975039, ""score"": 0.24410181307210232}, ""gender=Male"": {""alpha"": 1.0, ""margin"": 0.2196027079991475, ""p_observed"": 0.6098013539995737, ""prior_probability"": 0.0015600624024961, ""score"": 0.2196027079991475}}","{""gender=Female"": {""alpha"": 0.0, ""margin"": 0.24410181307210232, ""p_observed"": 0.6220509065360511, ""prior_probability"": 0.9984399375975039, ""score"": -0.0015612805669524645}, ""gender=Male"": {""alpha"": 0.0, ""margin"": 0.2196027079991475, ""p_observed"": 0.6098013539995737, ""prior_probability"": 0.0015600624024961, ""score"": -6.46302945692067}}"
214,Female,Black,gender=Female,<=50K,"{""age"": ""39"", ""workclass"": ""Private"", ""fnlwgt"": ""147500"", ""education"": ""HS-grad"", ""educational-num"": ""9"", ""marital-status"": ""Married-civ-spouse"", ""occupation"": ""Prof-specialty"", ""relationship"": ""Wife"", ""race"": ""Black"", ""capital-gain"": ""0"", ""capital-loss"": ""0"", ""hours-per-week"": ""40"", ""native-country"": ""United-States""}",gender=Male,gender=Female,gender=Female,,gender=Male,gender=Male,gender=Female,0,<=50K | Wife | Married-civ-spouse | HS-grad | Private,2,2,"{""gender=Female"": ""<=50K"", ""gender=Male"": ""<=50K""}","{""gender=Female"": {""alpha"": 1.0, ""margin"": 0.24844612957151274, ""p_observed"": 0.6242230647857564, ""prior_probability"": 0.8888888888888888, ""score"": 0.6242230647857564}, ""gender=Male"": {""alpha"": 1.0, ""margin"": 0.2925335155838587, ""p_observed"": 0.6462667577919292, ""prior_probability"": 0.1111111111111111, ""score"": 0.6462667577919292}}","{""gender=Female"": {""alpha"": 1.0, ""margin"": 0.24844612957151274, ""p_observed"": 0.6242230647857564, ""prior_probability"": 0.8888888888888888, ""score"": 0.24844612957151274}, ""gender=Male"": {""alpha"": 1.0, ""margin"": 0.2925335155838587, ""p_observed"": 0.6462667577919292, ""prior_probability"": 0.1111111111111111, ""score"": 0.2925335155838587}}","{""gender=Female"": {""alpha"": 0.0, ""margin"": 0.24844612957151274, ""p_observed"": 0.6242230647857564, ""prior_probability"": 0.8888888888888888, ""score"": -0.11778303565638351}, ""gender=Male"": {""alpha"": 0.0, ""margin"": 0.2925335155838587, ""p_observed"": 0.6462667577919292, ""prior_probability"": 0.1111111111111111, ""score"": -2.1972245773362196}}"
215,Male,White,gender=Male,<=50K,"{""age"": ""60"", ""workclass"": ""Private"", ""fnlwgt"": ""187458"", ""education"": ""7th-8th"", ""educational-num"": ""4"", ""marital-status"": ""Married-civ-spouse"", ""occupation"": ""Craft-repair"", ""relationship"": ""Husband"", ""race"": ""White"", ""capital-gain"": ""0"", ""capital-loss"": ""0"", ""hours-per-week"": ""40"", ""native-country"": ""United-States""}",gender=Male,gender=Male,gender=Male,,gender=Female,gender=Female,gender=Male,0,<=50K | Husband | Married-civ-spouse | 7th-8th | Private,2,2,"{""gender=Female"": ""<=50K"", ""gender=Male"": ""<=50K""}","{""gender=Female"": {""alpha"": 1.0, ""margin"": 0.6578096758220757, ""p_observed"": 0.8289048379110378, ""prior_probability"": 0.015384615384615385, ""score"": 0.8289048379110378}, ""gender=Male"": {""alpha"": 1.0, ""margin"": 0.6359469354482893, ""p_observed"": 0.8179734677241445, ""prior_probability"": 0.9846153846153847, ""score"": 0.8179734677241445}}","{""gender=Female"": {""alpha"": 1.0, ""margin"": 0.6578096758220757, ""p_observed"": 0.8289048379110378, ""prior_probability"": 0.015384615384615385, ""score"": 0.6578096758220757}, ""gender=Male"": {""alpha"": 1.0, ""margin"": 0.6359469354482893, ""p_observed"": 0.8179734677241445, ""prior_probability"": 0.9846153846153847, ""score"": 0.6359469354482893}}","{""gender=Female"": {""alpha"": 0.0, ""margin"": 0.6578096758220757, ""p_observed"": 0.8289048379110378, ""prior_probability"": 0.015384615384615385, ""score"": -4.174387269895637}, ""gender=Male"": {""alpha"": 0.0, ""margin"": 0.6359469354482893, ""p_observed"": 0.8179734677241445, ""prior_probability"": 0.9846153846153847, ""score"": -0.015504186535965199}}"
216,Male,White,gender=Male,<=50K,"{""age"": ""48"", ""workclass"": ""Private"", ""fnlwgt"": ""173938"", ""education"": ""HS-grad"", ""educational-num"": ""9"", ""marital-status"": ""Married-civ-spouse"", ""occupation"": ""Exec-managerial"", ""relationship"": ""Husband"", ""race"": ""White"", ""capital-gain"": ""0"", ""capital-loss"": ""0"", ""hours-per-week"": ""60"", ""native-country"": ""United-States""}",gender=Male,gender=Male,gender=Female,,gender=Female,gender=Female,gender=Male,0,<=50K | Husband | Married-civ-spouse | HS-grad | Private,2,2,"{""gender=Female"": ""<=50K"", ""gender=Male"": "">50K""}","{""gender=Female"": {""alpha"": 1.0, ""margin"": 0.16629210023398033, ""p_observed"": 0.5831460501169901, ""prior_probability"": 0.0058823529411764705, ""score"": 0.5831460501169901}, ""gender=Male"": {""alpha"": 1.0, ""margin"": -0.023283364142771323, ""p_observed"": 0.4883583179286143, ""prior_probability"": 0.9941176470588236, ""score"": 0.4883583179286143}}","{""gender=Female"": {""alpha"": 1.0, ""margin"": 0.16629210023398033, ""p_observed"": 0.5831460501169901, ""prior_probability"": 0.0058823529411764705, ""score"": 0.16629210023398033}, ""gender=Male"": {""alpha"": 1.0, ""margin"": -0.023283364142771323, ""p_observed"": 0.4883583179286143, ""prior_probability"": 0.9941176470588236, ""score"": -0.023283364142771323}}","{""gender=Female"": {""alpha"": 0.0, ""margin"": 0.16629210023398033, ""p_observed"": 0.5831460501169901, ""prior_probability"": 0.0058823529411764705, ""score"": -5.135798437050262}, ""gender=Male"": {""alpha"": 0.0, ""margin"": -0.023283364142771323, ""p_observed"": 0.4883583179286143, ""prior_probability"": 0.9941176470588236, ""score"": -0.005899722127188271}}"
217,Female,Black,gender=Female,<=50K,"{""age"": ""38"", ""workclass"": ""Private"", ""fnlwgt"": ""177134"", ""education"": ""HS-grad"", ""educational-num"": ""9"", ""marital-status"": ""Married-civ-spouse"", ""occupation"": ""Sales"", ""relationship"": ""Wife"", ""race"": ""Black"", ""capital-gain"": ""0"", ""capital-loss"": ""0"", ""hours-per-week"": ""40"", ""native-country"": ""United-States""}",gender=Male,gender=Female,gender=Female,,gender=Male,gender=Male,gender=Female,0,<=50K | Wife | Married-civ-spouse | HS-grad | Private,2,2,"{""gender=Female"": ""<=50K"", ""gender=Male"": ""<=50K""}","{""gender=Female"": {""alpha"": 1.0, ""margin"": 0.40095769013766974, ""p_observed"": 0.7004788450688347, ""prior_probability"": 0.975, ""score"": 0.7004788450688347}, ""gender=Male"": {""alpha"": 1.0, ""margin"": 0.45225115444971253, ""p_observed"": 0.7261255772248562, ""prior_probability"": 0.025, ""score"": 0.7261255772248562}}","{""gender=Female"": {""alpha"": 1.0, ""margin"": 0.40095769013766974, ""p_observed"": 0.7004788450688347, ""prior_probability"": 0.975, ""score"": 0.40095769013766974}, ""gender=Male"": {""alpha"": 1.0, ""margin"": 0.45225115444971253, ""p_observed"": 0.7261255772248562, ""prior_probability"": 0.025, ""score"": 0.45225115444971253}}","{""gender=Female"": {""alpha"": 0.0, ""margin"": 0.40095769013766974, ""p_observed"": 0.7004788450688347, ""prior_probability"": 0.975, ""score"": -0.025317807984289897}, ""gender=Male"": {""alpha"": 0.0, ""margin"": 0.45225115444971253, ""p_observed"": 0.7261255772248562, ""prior_probability"": 0.025, ""score"": -3.6888794541139363}}"
218,Male,White,gender=Male,>50K,"{""age"": ""34"", ""workclass"": ""Private"", ""fnlwgt"": ""111567"", ""education"": ""Some-college"", ""educational-num"": ""10"", ""marital-status"": ""Never-married"", ""occupation"": ""Exec-managerial"", ""relationship"": ""Not-in-family"", ""race"": ""White"", ""capital-gain"": ""0"", ""capital-loss"": ""0"", ""hours-per-week"": ""40"", ""native-country"": ""United-States""}",gender=Male,gender=Male,gender=Male,,gender=Male,gender=Male,gender=Male,0,>50K | Not-in-family | Never-married | Some-college | Private,2,2,"{""gender=Female"": ""<=50K"", ""gender=Male"": ""<=50K""}","{""gender=Female"": {""alpha"": 1.0, ""margin"": -0.8877854033580559, ""p_observed"": 0.05610729832097209, ""prior_probability"": 0.3333333333333333, ""score"": 0.05610729832097209}, ""gender=Male"": {""alpha"": 1.0, ""margin"": -0.8377198062343099, ""p_observed"": 0.0811400968828451, ""prior_probability"": 0.6666666666666666, ""score"": 0.0811400968828451}}","{""gender=Female"": {""alpha"": 1.0, ""margin"": -0.8877854033580559, ""p_observed"": 0.05610729832097209, ""prior_probability"": 0.3333333333333333, ""score"": -0.8877854033580559}, ""gender=Male"": {""alpha"": 1.0, ""margin"": -0.8377198062343099, ""p_observed"": 0.0811400968828451, ""prior_probability"": 0.6666666666666666, ""score"": -0.8377198062343099}}","{""gender=Female"": {""alpha"": 0.0, ""margin"": -0.8877854033580559, ""p_observed"": 0.05610729832097209, ""prior_probability"": 0.3333333333333333, ""score"": -1.0986122886681098}, ""gender=Male"": {""alpha"": 0.0, ""margin"": -0.8377198062343099, ""p_observed"": 0.0811400968828451, ""prior_probability"": 0.6666666666666666, ""score"": -0.40546510810816444}}"
219,Male,White,gender=Male,<=50K,"{""age"": ""22"", ""workclass"": ""Private"", ""fnlwgt"": ""163870"", ""education"": ""HS-grad"", ""educational-num"": ""9"", ""marital-status"": ""Never-married"", ""occupation"": ""Machine-op-inspct"", ""relationship"": ""Own-child"", ""race"": ""White"", ""capital-gain"": ""0"", ""capital-loss"": ""0"", ""hours-per-week"": ""40"", ""native-country"": ""United-States""}",gender=Male,gender=Male,gender=Male,gender=Male,gender=Male,gender=Male,gender=Male,1,<=50K | Own-child | Never-married | HS-grad | Private,2,2,"{""gender=Female"": ""<=50K"", ""gender=Male"": ""<=50K""}","{""gender=Female"": {""alpha"": 1.0, ""margin"": 0.9895390038859949, ""p_observed"": 0.9947695019429974, ""prior_probability"": 0.24299065420560748, ""score"": 0.9947695019429974}, ""gender=Male"": {""alpha"": 1.0, ""margin"": 0.9906953914239953, ""p_observed"": 0.9953476957119974, ""prior_probability"": 0.7570093457943925, ""score"": 0.9953476957119974}}","{""gender=Female"": {""alpha"": 1.0, ""margin"": 0.9895390038859949, ""p_observed"": 0.9947695019429974, ""prior_probability"": 0.24299065420560748, ""score"": 0.9895390038859949}, ""gender=Male"": {""alpha"": 1.0, ""margin"": 0.9906953914239953, ""p_observed"": 0.9953476957119974, ""prior_probability"": 0.7570093457943925, ""score"": 0.9906953914239953}}","{""gender=Female"": {""alpha"": 0.0, ""margin"": 0.9895390038859949, ""p_observed"": 0.9947695019429974, ""prior_probability"": 0.24299065420560748, ""score"": -1.414732296440424}, ""gender=Male"": {""alpha"": 0.0, ""margin"": 0.9906953914239953, ""p_observed"": 0.9953476957119974, ""prior_probability"": 0.7570093457943925, ""score"": -0.2783796797894674}}"
220,Female,White,gender=Female,<=50K,"{""age"": ""17"", ""workclass"": ""Private"", ""fnlwgt"": ""94492"", ""education"": ""11th"", ""educational-num"": ""7"", ""marital-status"": ""Never-married"", ""occupation"": ""Sales"", ""relationship"": ""Own-child"", ""race"": ""White"", ""capital-gain"": ""0"", ""capital-loss"": ""0"", ""hours-per-week"": ""19"", ""native-country"": ""United-States""}",gender=Male,gender=Female,gender=Female,,gender=Female,gender=Female,gender=Female,0,<=50K | Own-child | Never-married | 11th | Private,2,2,"{""gender=Female"": ""<=50K"", ""gender=Male"": ""<=50K""}","{""gender=Female"": {""alpha"": 1.0, ""margin"": 0.9948585721694424, ""p_observed"": 0.9974292860847213, ""prior_probability"": 0.726027397260274, ""score"": 0.9974292860847213}, ""gender=Male"": {""alpha"": 1.0, ""margin"": 0.9932589027052943, ""p_observed"": 0.996629451352647, ""prior_probability"": 0.273972602739726, ""score"": 0.996629451352647}}","{""gender=Female"": {""alpha"": 1.0, ""margin"": 0.9948585721694424, ""p_observed"": 0.9974292860847213, ""prior_probability"": 0.726027397260274, ""score"": 0.9948585721694424}, ""gender=Male"": {""alpha"": 1.0, ""margin"": 0.9932589027052943, ""p_observed"": 0.996629451352647, ""prior_probability"": 0.273972602739726, ""score"": 0.9932589027052943}}","{""gender=Female"": {""alpha"": 0.0, ""margin"": 0.9948585721694424, ""p_observed"": 0.9974292860847213, ""prior_probability"": 0.726027397260274, ""score"": -0.32016752759626926}, ""gender=Male"": {""alpha"": 0.0, ""margin"": 0.9932589027052943, ""p_observed"": 0.996629451352647, ""prior_probability"": 0.273972602739726, ""score"": -1.2947271675944}}"
221,Female,White,gender=Female,<=50K,"{""age"": ""29"", ""workclass"": ""Private"", ""fnlwgt"": ""312845"", ""education"": ""HS-grad"", ""educational-num"": ""9"", ""marital-status"": ""Divorced"", ""occupation"": ""Other-service"", ""relationship"": ""Unmarried"", ""race"": ""White"", ""capital-gain"": ""0"", ""capital-loss"": ""0"", ""hours-per-week"": ""30"", ""native-country"": ""United-States""}",gender=Male,gender=Female,gender=Female,,gender=Female,gender=Female,gender=Female,0,<=50K | Unmarried | Divorced | HS-grad | Private,2,2,"{""gender=Female"": ""<=50K"", ""gender=Male"": ""<=50K""}","{""gender=Female"": {""alpha"": 1.0, ""margin"": 0.9734789398861426, ""p_observed"": 0.9867394699430715, ""prior_probability"": 0.8674698795180723, ""score"": 0.9867394699430715}, ""gender=Male"": {""alpha"": 1.0, ""margin"": 0.9271799920518279, ""p_observed"": 0.963589996025914, ""prior_probability"": 0.13253012048192772, ""score"": 0.963589996025914}}","{""gender=Female"": {""alpha"": 1.0, ""margin"": 0.9734789398861426, ""p_observed"": 0.9867394699430715, ""prior_probability"": 0.8674698795180723, ""score"": 0.9734789398861426}, ""gender=Male"": {""alpha"": 1.0, ""margin"": 0.9271799920518279, ""p_observed"": 0.963589996025914, ""prior_probability"": 0.13253012048192772, ""score"": 0.9271799920518279}}","{""gender=Female"": {""alpha"": 0.0, ""margin"": 0.9734789398861426, ""p_observed"": 0.9867394699430715, ""prior_probability"": 0.8674698795180723, ""score"": -0.1421744887805426}, ""gender=Male"": {""alpha"": 0.0, ""margin"": 0.9271799920518279, ""p_observed"": 0.963589996025914, ""prior_probability"": 0.13253012048192772, ""score"": -2.020945334998227}}"
222,Male,White,gender=Male,>50K,"{""age"": ""42"", ""workclass"": ""Private"", ""fnlwgt"": ""221947"", ""education"": ""Masters"", ""educational-num"": ""14"", ""marital-status"": ""Married-civ-spouse"", ""occupation"": ""Exec-managerial"", ""relationship"": ""Husband"", ""race"": ""White"", ""capital-gain"": ""0"", ""capital-loss"": ""0"", ""hours-per-week"": ""45"", ""native-country"": ""United-States""}",gender=Male,gender=Male,gender=Male,,gender=Male,gender=Male,gender=Male,0,>50K | Husband | Married-civ-spouse | Masters | Private,2,2,"{""gender=Female"": "">50K"", ""gender=Male"": "">50K""}","{""gender=Female"": {""alpha"": 1.0, ""margin"": 0.3109601029711121, ""p_observed"": 0.6554800514855561, ""prior_probability"": 0.004048582995951417, ""score"": 0.6554800514855561}, ""gender=Male"": {""alpha"": 1.0, ""margin"": 0.5614275655302183, ""p_observed"": 0.7807137827651094, ""prior_probability"": 0.9959514170040485, ""score"": 0.7807137827651094}}","{""gender=Female"": {""alpha"": 1.0, ""margin"": 0.3109601029711121, ""p_observed"": 0.6554800514855561, ""prior_probability"": 0.004048582995951417, ""score"": 0.3109601029711121}, ""gender=Male"": {""alpha"": 1.0, ""margin"": 0.5614275655302183, ""p_observed"": 0.7807137827651094, ""prior_probability"": 0.9959514170040485, ""score"": 0.5614275655302183}}","{""gender=Female"": {""alpha"": 0.0, ""margin"": 0.3109601029711121, ""p_observed"": 0.6554800514855561, ""prior_probability"": 0.004048582995951417, ""score"": -5.5093883366279774}, ""gender=Male"": {""alpha"": 0.0, ""margin"": 0.5614275655302183, ""p_observed"": 0.7807137827651094, ""prior_probability"": 0.9959514170040485, ""score"": -0.00405680069561443}}"
223,Male,White,gender=Male,<=50K,"{""age"": ""38"", ""workclass"": ""Private"", ""fnlwgt"": ""186191"", ""education"": ""HS-grad"", ""educational-num"": ""9"", ""marital-status"": ""Married-civ-spouse"", ""occupation"": ""Craft-repair"", ""relationship"": ""Husband"", ""race"": ""White"", ""capital-gain"": ""0"", ""capital-loss"": ""0"", ""hours-per-week"": ""55"", ""native-country"": ""United-States""}",gender=Male,gender=Male,gender=Male,,gender=Female,gender=Female,gender=Male,0,<=50K | Husband | Married-civ-spouse | HS-grad | Private,2,2,"{""gender=Female"": ""<=50K"", ""gender=Male"": ""<=50K""}","{""gender=Female"": {""alpha"": 1.0, ""margin"": 0.3715642550239876, ""p_observed"": 0.6857821275119935, ""prior_probability"": 0.001364256480218281, ""score"": 0.6857821275119935}, ""gender=Male"": {""alpha"": 1.0, ""margin"": 0.27621960524685285, ""p_observed"": 0.6381098026234263, ""prior_probability"": 0.9986357435197817, ""score"": 0.6381098026234263}}","{""gender=Female"": {""alpha"": 1.0, ""margin"": 0.3715642550239876, ""p_observed"": 0.6857821275119935, ""prior_probability"": 0.001364256480218281, ""score"": 0.3715642550239876}, ""gender=Male"": {""alpha"": 1.0, ""margin"": 0.27621960524685285, ""p_observed"": 0.6381098026234263, ""prior_probability"": 0.9986357435197817, ""score"": 0.27621960524685285}}","{""gender=Female"": {""alpha"": 0.0, ""margin"": 0.3715642550239876, ""p_observed"": 0.6857821275119935, ""prior_probability"": 0.001364256480218281, ""score"": -6.597145701886651}, ""gender=Male"": {""alpha"": 0.0, ""margin"": 0.27621960524685285, ""p_observed"": 0.6381098026234263, ""prior_probability"": 0.9986357435197817, ""score"": -0.00136518792533997}}"
224,Male,White,gender=Male,<=50K,"{""age"": ""36"", ""workclass"": ""Private"", ""fnlwgt"": ""107125"", ""education"": ""HS-grad"", ""educational-num"": ""9"", ""marital-status"": ""Married-civ-spouse"", ""occupation"": ""Tech-support"", ""relationship"": ""Husband"", ""race"": ""White"", ""capital-gain"": ""0"", ""capital-loss"": ""0"", ""hours-per-week"": ""50"", ""native-country"": ""United-States""}",gender=Male,gender=Male,gender=Male,,gender=Female,gender=Female,gender=Male,0,<=50K | Husband | Married-civ-spouse | HS-grad | Private,2,2,"{""gender=Female"": ""<=50K"", ""gender=Male"": ""<=50K""}","{""gender=Female"": {""alpha"": 1.0, ""margin"": 0.3441875424735898, ""p_observed"": 0.6720937712367946, ""prior_probability"": 0.034482758620689655, ""score"": 0.6720937712367946}, ""gender=Male"": {""alpha"": 1.0, ""margin"": 0.22034312581764792, ""p_observed"": 0.6101715629088238, ""prior_probability"": 0.9655172413793104, ""score"": 0.6101715629088238}}","{""gender=Female"": {""alpha"": 1.0, ""margin"": 0.3441875424735898, ""p_observed"": 0.6720937712367946, ""prior_probability"": 0.034482758620689655, ""score"": 0.3441875424735898}, ""gender=Male"": {""alpha"": 1.0, ""margin"": 0.22034312581764792, ""p_observed"": 0.6101715629088238, ""prior_probability"": 0.9655172413793104, ""score"": 0.22034312581764792}}","{""gender=Female"": {""alpha"": 0.0, ""margin"": 0.3441875424735898, ""p_observed"": 0.6720937712367946, ""prior_probability"": 0.034482758620689655, ""score"": -3.367295829986474}, ""gender=Male"": {""alpha"": 0.0, ""margin"": 0.22034312581764792, ""p_observed"": 0.6101715629088238, ""prior_probability"": 0.9655172413793104, ""score"": -0.03509131981127006}}"
225,Male,White,gender=Male,>50K,"{""age"": ""28"", ""workclass"": ""Private"", ""fnlwgt"": ""70034"", ""education"": ""Bachelors"", ""educational-num"": ""13"", ""marital-status"": ""Married-civ-spouse"", ""occupation"": ""Sales"", ""relationship"": ""Husband"", ""race"": ""White"", ""capital-gain"": ""0"", ""capital-loss"": ""0"", ""hours-per-week"": ""45"", ""native-country"": ""United-States""}",gender=Male,gender=Male,gender=Male,gender=Male,gender=Male,gender=Male,gender=Male,1,>50K | Husband | Married-civ-spouse | Bachelors | Private,2,2,"{""gender=Female"": "">50K"", ""gender=Male"": "">50K""}","{""gender=Female"": {""alpha"": 1.0, ""margin"": 0.03555000462484642, ""p_observed"": 0.5177750023124232, ""prior_probability"": 0.003472222222222222, ""score"": 0.5177750023124232}, ""gender=Male"": {""alpha"": 1.0, ""margin"": 0.14439403889938718, ""p_observed"": 0.5721970194496936, ""prior_probability"": 0.9965277777777778, ""score"": 0.5721970194496936}}","{""gender=Female"": {""alpha"": 1.0, ""margin"": 0.03555000462484642, ""p_observed"": 0.5177750023124232, ""prior_probability"": 0.003472222222222222, ""score"": 0.03555000462484642}, ""gender=Male"": {""alpha"": 1.0, ""margin"": 0.14439403889938718, ""p_observed"": 0.5721970194496936, ""prior_probability"": 0.9965277777777778, ""score"": 0.14439403889938718}}","{""gender=Female"": {""alpha"": 0.0, ""margin"": 0.03555000462484642, ""p_observed"": 0.5177750023124232, ""prior_probability"": 0.003472222222222222, ""score"": -5.662960480135946}, ""gender=Male"": {""alpha"": 0.0, ""margin"": 0.14439403889938718, ""p_observed"": 0.5721970194496936, ""prior_probability"": 0.9965277777777778, ""score"": -0.0034782643763248086}}"
226,Male,White,gender=Male,>50K,"{""age"": ""53"", ""workclass"": ""State-gov"", ""fnlwgt"": ""123011"", ""education"": ""Masters"", ""educational-num"": ""14"", ""marital-status"": ""Married-civ-spouse"", ""occupation"": ""Exec-managerial"", ""relationship"": ""Husband"", ""race"": ""White"", ""capital-gain"": ""0"", ""capital-loss"": ""0"", ""hours-per-week"": ""60"", ""native-country"": ""United-States""}",gender=Male,gender=Male,gender=Male,,gender=Male,gender=Male,gender=Male,0,>50K | Husband | Married-civ-spouse | Masters | State-gov,2,2,"{""gender=Female"": "">50K"", ""gender=Male"": "">50K""}","{""gender=Female"": {""alpha"": 1.0, ""margin"": 0.36394723233721027, ""p_observed"": 0.681973616168605, ""prior_probability"": 0.004048582995951417, ""score"": 0.681973616168605}, ""gender=Male"": {""alpha"": 1.0, ""margin"": 0.5740640444230141, ""p_observed"": 0.7870320222115071, ""prior_probability"": 0.9959514170040485, ""score"": 0.7870320222115071}}","{""gender=Female"": {""alpha"": 1.0, ""margin"": 0.36394723233721027, ""p_observed"": 0.681973616168605, ""prior_probability"": 0.004048582995951417, ""score"": 0.36394723233721027}, ""gender=Male"": {""alpha"": 1.0, ""margin"": 0.5740640444230141, ""p_observed"": 0.7870320222115071, ""prior_probability"": 0.9959514170040485, ""score"": 0.5740640444230141}}","{""gender=Female"": {""alpha"": 0.0, ""margin"": 0.36394723233721027, ""p_observed"": 0.681973616168605, ""prior_probability"": 0.004048582995951417, ""score"": -5.5093883366279774}, ""gender=Male"": {""alpha"": 0.0, ""margin"": 0.5740640444230141, ""p_observed"": 0.7870320222115071, ""prior_probability"": 0.9959514170040485, ""score"": -0.00405680069561443}}"
227,Female,White,gender=Female,<=50K,"{""age"": ""35"", ""workclass"": ""Private"", ""fnlwgt"": ""174503"", ""education"": ""HS-grad"", ""educational-num"": ""9"", ""marital-status"": ""Divorced"", ""occupation"": ""Craft-repair"", ""relationship"": ""Not-in-family"", ""race"": ""White"", ""capital-gain"": ""0"", ""capital-loss"": ""0"", ""hours-per-week"": ""40"", ""native-country"": ""United-States""}",gender=Male,gender=Male,gender=Male,,gender=Female,gender=Female,gender=Male,0,<=50K | Not-in-family | Divorced | HS-grad | Private,2,2,"{""gender=Female"": ""<=50K"", ""gender=Male"": ""<=50K""}","{""gender=Female"": {""alpha"": 1.0, ""margin"": 0.932629904576908, ""p_observed"": 0.9663149522884538, ""prior_probability"": 0.08771929824561403, ""score"": 0.9663149522884538}, ""gender=Male"": {""alpha"": 1.0, ""margin"": 0.9179817101783481, ""p_observed"": 0.9589908550891739, ""prior_probability"": 0.9122807017543859, ""score"": 0.9589908550891739}}","{""gender=Female"": {""alpha"": 1.0, ""margin"": 0.932629904576908, ""p_observed"": 0.9663149522884538, ""prior_probability"": 0.08771929824561403, ""score"": 0.932629904576908}, ""gender=Male"": {""alpha"": 1.0, ""margin"": 0.9179817101783481, ""p_observed"": 0.9589908550891739, ""prior_probability"": 0.9122807017543859, ""score"": 0.9179817101783481}}","{""gender=Female"": {""alpha"": 0.0, ""margin"": 0.932629904576908, ""p_observed"": 0.9663149522884538, ""prior_probability"": 0.08771929824561403, ""score"": -2.4336133554004498}, ""gender=Male"": {""alpha"": 0.0, ""margin"": 0.9179817101783481, ""p_observed"": 0.9589908550891739, ""prior_probability"": 0.9122807017543859, ""score"": -0.09180754925312286}}"
228,Female,White,gender=Female,<=50K,"{""age"": ""31"", ""workclass"": ""Private"", ""fnlwgt"": ""1210504"", ""education"": ""10th"", ""educational-num"": ""6"", ""marital-status"": ""Married-civ-spouse"", ""occupation"": ""Adm-clerical"", ""relationship"": ""Wife"", ""race"": ""White"", ""capital-gain"": ""0"", ""capital-loss"": ""0"", ""hours-per-week"": ""40"", ""native-country"": ""United-States""}",gender=Male,gender=Female,gender=Female,,gender=Male,gender=Male,gender=Female,0,<=50K | Wife | Married-civ-spouse | 10th | Private,2,2,"{""gender=Female"": ""<=50K"", ""gender=Male"": ""<=50K""}","{""gender=Female"": {""alpha"": 1.0, ""margin"": 0.5955317432157816, ""p_observed"": 0.7977658716078908, ""prior_probability"": 0.8, ""score"": 0.7977658716078908}, ""gender=Male"": {""alpha"": 1.0, ""margin"": 0.6500802835464118, ""p_observed"": 0.8250401417732058, ""prior_probability"": 0.2, ""score"": 0.8250401417732058}}","{""gender=Female"": {""alpha"": 1.0, ""margin"": 0.5955317432157816, ""p_observed"": 0.7977658716078908, ""prior_probability"": 0.8, ""score"": 0.5955317432157816}, ""gender=Male"": {""alpha"": 1.0, ""margin"": 0.6500802835464118, ""p_observed"": 0.8250401417732058, ""prior_probability"": 0.2, ""score"": 0.6500802835464118}}","{""gender=Female"": {""alpha"": 0.0, ""margin"": 0.5955317432157816, ""p_observed"": 0.7977658716078908, ""prior_probability"": 0.8, ""score"": -0.2231435513142097}, ""gender=Male"": {""alpha"": 0.0, ""margin"": 0.6500802835464118, ""p_observed"": 0.8250401417732058, ""prior_probability"": 0.2, ""score"": -1.6094379124341003}}"
229,Male,White,gender=Male,>50K,"{""age"": ""45"", ""workclass"": ""Federal-gov"", ""fnlwgt"": ""171335"", ""education"": ""Masters"", ""educational-num"": ""14"", ""marital-status"": ""Married-civ-spouse"", ""occupation"": ""Sales"", ""relationship"": ""Husband"", ""race"": ""White"", ""capital-gain"": ""0"", ""capital-loss"": ""0"", ""hours-per-week"": ""50"", ""native-country"": ""United-States""}",gender=Male,gender=Male,gender=Male,,gender=Male,gender=Male,gender=Male,0,>50K | Husband | Married-civ-spouse | Masters | Federal-gov,2,2,"{""gender=Female"": "">50K"", ""gender=Male"": "">50K""}","{""gender=Female"": {""alpha"": 1.0, ""margin"": 0.1908391882835298, ""p_observed"": 0.5954195941417648, ""prior_probability"": 0.018867924528301886, ""score"": 0.5954195941417648}, ""gender=Male"": {""alpha"": 1.0, ""margin"": 0.3401580225443808, ""p_observed"": 0.6700790112721904, ""prior_probability"": 0.9811320754716981, ""score"": 0.6700790112721904}}","{""gender=Female"": {""alpha"": 1.0, ""margin"": 0.1908391882835298, ""p_observed"": 0.5954195941417648, ""prior_probability"": 0.018867924528301886, ""score"": 0.1908391882835298}, ""gender=Male"": {""alpha"": 1.0, ""margin"": 0.3401580225443808, ""p_observed"": 0.6700790112721904, ""prior_probability"": 0.9811320754716981, ""score"": 0.3401580225443808}}","{""gender=Female"": {""alpha"": 0.0, ""margin"": 0.1908391882835298, ""p_observed"": 0.5954195941417648, ""prior_probability"": 0.018867924528301886, ""score"": -3.970291913552122}, ""gender=Male"": {""alpha"": 0.0, ""margin"": 0.3401580225443808, ""p_observed"": 0.6700790112721904, ""prior_probability"": 0.9811320754716981, ""score"": -0.019048194970694474}}"
230,Male,Amer-Indian-Eskimo,gender=Male,<=50K,"{""age"": ""34"", ""workclass"": ""Private"", ""fnlwgt"": ""215857"", ""education"": ""HS-grad"", ""educational-num"": ""9"", ""marital-status"": ""Never-married"", ""occupation"": ""Machine-op-inspct"", ""relationship"": ""Not-in-family"", ""race"": ""Amer-Indian-Eskimo"", ""capital-gain"": ""0"", ""capital-loss"": ""0"", ""hours-per-week"": ""40"", ""native-country"": ""Mexico""}",gender=Male,gender=Male,gender=Male,gender=Male,gender=Female,gender=Female,gender=Male,1,<=50K | Not-in-family | Never-married | HS-grad | Private,2,2,"{""gender=Female"": ""<=50K"", ""gender=Male"": ""<=50K""}","{""gender=Female"": {""alpha"": 1.0, ""margin"": 0.9629666221400426, ""p_observed"": 0.9814833110700212, ""prior_probability"": 0.30434782608695654, ""score"": 0.9814833110700212}, ""gender=Male"": {""alpha"": 1.0, ""margin"": 0.9467341734518631, ""p_observed"": 0.9733670867259313, ""prior_probability"": 0.6956521739130435, ""score"": 0.9733670867259313}}","{""gender=Female"": {""alpha"": 1.0, ""margin"": 0.9629666221400426, ""p_observed"": 0.9814833110700212, ""prior_probability"": 0.30434782608695654, ""score"": 0.9629666221400426}, ""gender=Male"": {""alpha"": 1.0, ""margin"": 0.9467341734518631, ""p_observed"": 0.9733670867259313, ""prior_probability"": 0.6956521739130435, ""score"": 0.9467341734518631}}","{""gender=Female"": {""alpha"": 0.0, ""margin"": 0.9629666221400426, ""p_observed"": 0.9814833110700212, ""prior_probability"": 0.30434782608695654, ""score"": -1.1895840668738362}, ""gender=Male"": {""alpha"": 0.0, ""margin"": 0.9467341734518631, ""p_observed"": 0.9733670867259313, ""prior_probability"": 0.6956521739130435, ""score"": -0.3629054936893685}}"
231,Male,White,gender=Male,<=50K,"{""age"": ""57"", ""workclass"": ""Self-emp-not-inc"", ""fnlwgt"": ""38430"", ""education"": ""7th-8th"", ""educational-num"": ""4"", ""marital-status"": ""Widowed"", ""occupation"": ""Farming-fishing"", ""relationship"": ""Unmarried"", ""race"": ""White"", ""capital-gain"": ""0"", ""capital-loss"": ""0"", ""hours-per-week"": ""40"", ""native-country"": ""United-States""}",gender=Male,gender=Female,gender=Female,,gender=Female,gender=Female,gender=Female,0,<=50K | Unmarried | Widowed | 7th-8th | Self-emp-not-inc,2,2,"{""gender=Female"": ""<=50K"", ""gender=Male"": ""<=50K""}","{""gender=Female"": {""alpha"": 1.0, ""margin"": 0.8857694861153234, ""p_observed"": 0.9428847430576616, ""prior_probability"": 0.6, ""score"": 0.9428847430576616}, ""gender=Male"": {""alpha"": 1.0, ""margin"": 0.8735493730752162, ""p_observed"": 0.9367746865376079, ""prior_probability"": 0.4, ""score"": 0.9367746865376079}}","{""gender=Female"": {""alpha"": 1.0, ""margin"": 0.8857694861153234, ""p_observed"": 0.9428847430576616, ""prior_probability"": 0.6, ""score"": 0.8857694861153234}, ""gender=Male"": {""alpha"": 1.0, ""margin"": 0.8735493730752162, ""p_observed"": 0.9367746865376079, ""prior_probability"": 0.4, ""score"": 0.8735493730752162}}","{""gender=Female"": {""alpha"": 0.0, ""margin"": 0.8857694861153234, ""p_observed"": 0.9428847430576616, ""prior_probability"": 0.6, ""score"": -0.5108256237659907}, ""gender=Male"": {""alpha"": 0.0, ""margin"": 0.8735493730752162, ""p_observed"": 0.9367746865376079, ""prior_probability"": 0.4, ""score"": -0.916290731874155}}"
232,Male,White,gender=Male,>50K,"{""age"": ""37"", ""workclass"": ""Federal-gov"", ""fnlwgt"": ""32528"", ""education"": ""HS-grad"", ""educational-num"": ""9"", ""marital-status"": ""Married-civ-spouse"", ""occupation"": ""Adm-clerical"", ""relationship"": ""Husband"", ""race"": ""White"", ""capital-gain"": ""0"", ""capital-loss"": ""0"", ""hours-per-week"": ""40"", ""native-country"": ""England""}",gender=Male,gender=Male,gender=Male,,gender=Male,gender=Male,gender=Male,0,>50K | Husband | Married-civ-spouse | HS-grad | Federal-gov,2,2,"{""gender=Female"": ""<=50K"", ""gender=Male"": ""<=50K""}","{""gender=Female"": {""alpha"": 1.0, ""margin"": -0.3291477317463652, ""p_observed"": 0.33542613412681715, ""prior_probability"": 0.014705882352941176, ""score"": 0.33542613412681715}, ""gender=Male"": {""alpha"": 1.0, ""margin"": -0.27712814806433966, ""p_observed"": 0.3614359259678301, ""prior_probability"": 0.9852941176470589, ""score"": 0.3614359259678301}}","{""gender=Female"": {""alpha"": 1.0, ""margin"": -0.3291477317463652, ""p_observed"": 0.33542613412681715, ""prior_probability"": 0.014705882352941176, ""score"": -0.3291477317463652}, ""gender=Male"": {""alpha"": 1.0, ""margin"": -0.27712814806433966, ""p_observed"": 0.3614359259678301, ""prior_probability"": 0.9852941176470589, ""score"": -0.27712814806433966}}","{""gender=Female"": {""alpha"": 0.0, ""margin"": -0.3291477317463652, ""p_observed"": 0.33542613412681715, ""prior_probability"": 0.014705882352941176, ""score"": -4.219507705176107}, ""gender=Male"": {""alpha"": 0.0, ""margin"": -0.27712814806433966, ""p_observed"": 0.3614359259678301, ""prior_probability"": 0.9852941176470589, ""score"": -0.014815085785140587}}"
233,Male,White,gender=Male,<=50K,"{""age"": ""55"", ""workclass"": ""Self-emp-not-inc"", ""fnlwgt"": ""105239"", ""education"": ""HS-grad"", ""educational-num"": ""9"", ""marital-status"": ""Married-civ-spouse"", ""occupation"": ""Craft-repair"", ""relationship"": ""Husband"", ""race"": ""White"", ""capital-gain"": ""0"", ""capital-loss"": ""2057"", ""hours-per-week"": ""60"", ""native-country"": ""United-States""}",gender=Male,gender=Male,gender=Male,,gender=Female,gender=Female,gender=Male,0,<=50K | Husband | Married-civ-spouse | HS-grad | Self-emp-not-inc,2,2,"{""gender=Female"": ""<=50K"", ""gender=Male"": ""<=50K""}","{""gender=Female"": {""alpha"": 1.0, ""margin"": 0.14244272853470896, ""p_observed"": 0.5712213642673545, ""prior_probability"": 0.001364256480218281, ""score"": 0.5712213642673545}, ""gender=Male"": {""alpha"": 1.0, ""margin"": 0.134406194075969, ""p_observed"": 0.5672030970379845, ""prior_probability"": 0.9986357435197817, ""score"": 0.5672030970379845}}","{""gender=Female"": {""alpha"": 1.0, ""margin"": 0.14244272853470896, ""p_observed"": 0.5712213642673545, ""prior_probability"": 0.001364256480218281, ""score"": 0.14244272853470896}, ""gender=Male"": {""alpha"": 1.0, ""margin"": 0.134406194075969, ""p_observed"": 0.5672030970379845, ""prior_probability"": 0.9986357435197817, ""score"": 0.134406194075969}}","{""gender=Female"": {""alpha"": 0.0, ""margin"": 0.14244272853470896, ""p_observed"": 0.5712213642673545, ""prior_probability"": 0.001364256480218281, ""score"": -6.597145701886651}, ""gender=Male"": {""alpha"": 0.0, ""margin"": 0.134406194075969, ""p_observed"": 0.5672030970379845, ""prior_probability"": 0.9986357435197817, ""score"": -0.00136518792533997}}"
234,Male,White,gender=Male,<=50K,"{""age"": ""36"", ""workclass"": ""Private"", ""fnlwgt"": ""176050"", ""education"": ""Some-college"", ""educational-num"": ""10"", ""marital-status"": ""Married-civ-spouse"", ""occupation"": ""Machine-op-inspct"", ""relationship"": ""Husband"", ""race"": ""White"", ""capital-gain"": ""0"", ""capital-loss"": ""0"", ""hours-per-week"": ""40"", ""native-country"": ""United-States""}",gender=Male,gender=Male,gender=Male,,gender=Female,gender=Female,gender=Male,0,<=50K | Husband | Married-civ-spouse | Some-college | Private,2,2,"{""gender=Female"": ""<=50K"", ""gender=Male"": ""<=50K""}","{""gender=Female"": {""alpha"": 1.0, ""margin"": 0.3497682749913666, ""p_observed"": 0.6748841374956833, ""prior_probability"": 0.01098901098901099, ""score"": 0.6748841374956833}, ""gender=Male"": {""alpha"": 1.0, ""margin"": 0.28083294788900076, ""p_observed"": 0.6404164739445004, ""prior_probability"": 0.989010989010989, ""score"": 0.6404164739445004}}","{""gender=Female"": {""alpha"": 1.0, ""margin"": 0.3497682749913666, ""p_observed"": 0.6748841374956833, ""prior_probability"": 0.01098901098901099, ""score"": 0.3497682749913666}, ""gender=Male"": {""alpha"": 1.0, ""margin"": 0.28083294788900076, ""p_observed"": 0.6404164739445004, ""prior_probability"": 0.989010989010989, ""score"": 0.28083294788900076}}","{""gender=Female"": {""alpha"": 0.0, ""margin"": 0.3497682749913666, ""p_observed"": 0.6748841374956833, ""prior_probability"": 0.01098901098901099, ""score"": -4.51085950651685}, ""gender=Male"": {""alpha"": 0.0, ""margin"": 0.28083294788900076, ""p_observed"": 0.6404164739445004, ""prior_probability"": 0.989010989010989, ""score"": -0.011049836186584935}}"
235,Female,White,gender=Female,<=50K,"{""age"": ""17"", ""workclass"": ""Private"", ""fnlwgt"": ""36801"", ""education"": ""10th"", ""educational-num"": ""6"", ""marital-status"": ""Never-married"", ""occupation"": ""Other-service"", ""relationship"": ""Own-child"", ""race"": ""White"", ""capital-gain"": ""0"", ""capital-loss"": ""0"", ""hours-per-week"": ""18"", ""native-country"": ""United-States""}",gender=Male,gender=Male,gender=Male,,gender=Female,gender=Female,gender=Male,0,<=50K | Own-child | Never-married | 10th | Private,2,2,"{""gender=Female"": ""<=50K"", ""gender=Male"": ""<=50K""}","{""gender=Female"": {""alpha"": 1.0, ""margin"": 0.9951417123194983, ""p_observed"": 0.9975708561597492, ""prior_probability"": 0.46153846153846156, ""score"": 0.9975708561597492}, ""gender=Male"": {""alpha"": 1.0, ""margin"": 0.9938869290839102, ""p_observed"": 0.996943464541955, ""prior_probability"": 0.5384615384615384, ""score"": 0.996943464541955}}","{""gender=Female"": {""alpha"": 1.0, ""margin"": 0.9951417123194983, ""p_observed"": 0.9975708561597492, ""prior_probability"": 0.46153846153846156, ""score"": 0.9951417123194983}, ""gender=Male"": {""alpha"": 1.0, ""margin"": 0.9938869290839102, ""p_observed"": 0.996943464541955, ""prior_probability"": 0.5384615384615384, ""score"": 0.9938869290839102}}","{""gender=Female"": {""alpha"": 0.0, ""margin"": 0.9951417123194983, ""p_observed"": 0.9975708561597492, ""prior_probability"": 0.46153846153846156, ""score"": -0.7731898882334817}, ""gender=Male"": {""alpha"": 0.0, ""margin"": 0.9938869290839102, ""p_observed"": 0.996943464541955, ""prior_probability"": 0.5384615384615384, ""score"": -0.6190392084062235}}"
236,Female,White,gender=Female,<=50K,"{""age"": ""31"", ""workclass"": ""Private"", ""fnlwgt"": ""83425"", ""education"": ""Some-college"", ""educational-num"": ""10"", ""marital-status"": ""Never-married"", ""occupation"": ""Adm-clerical"", ""relationship"": ""Unmarried"", ""race"": ""White"", ""capital-gain"": ""0"", ""capital-loss"": ""0"", ""hours-per-week"": ""40"", ""native-country"": ""United-States""}",gender=Male,gender=Female,gender=Female,,gender=Female,gender=Female,gender=Female,0,<=50K | Unmarried | Never-married | Some-college | Private,2,2,"{""gender=Female"": ""<=50K"", ""gender=Male"": ""<=50K""}","{""gender=Female"": {""alpha"": 1.0, ""margin"": 0.9641709775665815, ""p_observed"": 0.9820854887832906, ""prior_probability"": 0.9215686274509803, ""score"": 0.9820854887832906}, ""gender=Male"": {""alpha"": 1.0, ""margin"": 0.9511196728537108, ""p_observed"": 0.9755598364268552, ""prior_probability"": 0.0784313725490196, ""score"": 0.9755598364268552}}","{""gender=Female"": {""alpha"": 1.0, ""margin"": 0.9641709775665815, ""p_observed"": 0.9820854887832906, ""prior_probability"": 0.9215686274509803, ""score"": 0.9641709775665815}, ""gender=Male"": {""alpha"": 1.0, ""margin"": 0.9511196728537108, ""p_observed"": 0.9755598364268552, ""prior_probability"": 0.0784313725490196, ""score"": 0.9511196728537108}}","{""gender=Female"": {""alpha"": 0.0, ""margin"": 0.9641709775665815, ""p_observed"": 0.9820854887832906, ""prior_probability"": 0.9215686274509803, ""score"": -0.08167803101426724}, ""gender=Male"": {""alpha"": 0.0, ""margin"": 0.9511196728537108, ""p_observed"": 0.9755598364268552, ""prior_probability"": 0.0784313725490196, ""score"": -2.5455312716044354}}"
237,Male,White,gender=Male,<=50K,"{""age"": ""51"", ""workclass"": ""Private"", ""fnlwgt"": ""104651"", ""education"": ""Bachelors"", ""educational-num"": ""13"", ""marital-status"": ""Married-civ-spouse"", ""occupation"": ""Craft-repair"", ""relationship"": ""Husband"", ""race"": ""White"", ""capital-gain"": ""0"", ""capital-loss"": ""0"", ""hours-per-week"": ""50"", ""native-country"": ""United-States""}",gender=Male,gender=Male,gender=Male,,gender=Female,gender=Female,gender=Male,0,<=50K | Husband | Married-civ-spouse | Bachelors | Private,2,2,"{""gender=Female"": "">50K"", ""gender=Male"": "">50K""}","{""gender=Female"": {""alpha"": 1.0, ""margin"": -0.06863436334723605, ""p_observed"": 0.46568281832638203, ""prior_probability"": 0.018867924528301886, ""score"": 0.46568281832638203}, ""gender=Male"": {""alpha"": 1.0, ""margin"": -0.28506955693452896, ""p_observed"": 0.3574652215327355, ""prior_probability"": 0.9811320754716981, ""score"": 0.3574652215327355}}","{""gender=Female"": {""alpha"": 1.0, ""margin"": -0.06863436334723605, ""p_observed"": 0.46568281832638203, ""prior_probability"": 0.018867924528301886, ""score"": -0.06863436334723605}, ""gender=Male"": {""alpha"": 1.0, ""margin"": -0.28506955693452896, ""p_observed"": 0.3574652215327355, ""prior_probability"": 0.9811320754716981, ""score"": -0.28506955693452896}}","{""gender=Female"": {""alpha"": 0.0, ""margin"": -0.06863436334723605, ""p_observed"": 0.46568281832638203, ""prior_probability"": 0.018867924528301886, ""score"": -3.970291913552122}, ""gender=Male"": {""alpha"": 0.0, ""margin"": -0.28506955693452896, ""p_observed"": 0.3574652215327355, ""prior_probability"": 0.9811320754716981, ""score"": -0.019048194970694474}}"
238,Male,White,gender=Male,<=50K,"{""age"": ""56"", ""workclass"": ""Private"", ""fnlwgt"": ""174040"", ""education"": ""HS-grad"", ""educational-num"": ""9"", ""marital-status"": ""Divorced"", ""occupation"": ""Other-service"", ""relationship"": ""Not-in-family"", ""race"": ""White"", ""capital-gain"": ""0"", ""capital-loss"": ""0"", ""hours-per-week"": ""40"", ""native-country"": ""United-States""}",gender=Male,gender=Female,gender=Female,,gender=Female,gender=Female,gender=Female,0,<=50K | Not-in-family | Divorced | HS-grad | Private,2,2,"{""gender=Female"": ""<=50K"", ""gender=Male"": ""<=50K""}","{""gender=Female"": {""alpha"": 1.0, ""margin"": 0.9632505247060921, ""p_observed"": 0.9816252623530459, ""prior_probability"": 0.7558139534883721, ""score"": 0.9816252623530459}, ""gender=Male"": {""alpha"": 1.0, ""margin"": 0.9298342118615576, ""p_observed"": 0.9649171059307786, ""prior_probability"": 0.2441860465116279, ""score"": 0.9649171059307786}}","{""gender=Female"": {""alpha"": 1.0, ""margin"": 0.9632505247060921, ""p_observed"": 0.9816252623530459, ""prior_probability"": 0.7558139534883721, ""score"": 0.9632505247060921}, ""gender=Male"": {""alpha"": 1.0, ""margin"": 0.9298342118615576, ""p_observed"": 0.9649171059307786, ""prior_probability"": 0.2441860465116279, ""score"": 0.9298342118615576}}","{""gender=Female"": {""alpha"": 0.0, ""margin"": 0.9632505247060921, ""p_observed"": 0.9816252623530459, ""prior_probability"": 0.7558139534883721, ""score"": -0.2799600263578706}, ""gender=Male"": {""alpha"": 0.0, ""margin"": 0.9298342118615576, ""p_observed"": 0.9649171059307786, ""prior_probability"": 0.2441860465116279, ""score"": -1.4098248585300848}}"
239,Male,White,gender=Male,<=50K,"{""age"": ""24"", ""workclass"": ""Private"", ""fnlwgt"": ""208946"", ""education"": ""Assoc-voc"", ""educational-num"": ""11"", ""marital-status"": ""Never-married"", ""occupation"": ""Craft-repair"", ""relationship"": ""Not-in-family"", ""race"": ""White"", ""capital-gain"": ""0"", ""capital-loss"": ""0"", ""hours-per-week"": ""40"", ""native-country"": ""United-States""}",gender=Male,gender=Male,gender=Male,,gender=Female,gender=Female,gender=Male,0,<=50K | Not-in-family | Never-married | Assoc-voc | Private,2,2,"{""gender=Female"": ""<=50K"", ""gender=Male"": ""<=50K""}","{""gender=Female"": {""alpha"": 1.0, ""margin"": 0.9742092749571516, ""p_observed"": 0.9871046374785758, ""prior_probability"": 0.1111111111111111, ""score"": 0.9871046374785758}, ""gender=Male"": {""alpha"": 1.0, ""margin"": 0.9643804789859212, ""p_observed"": 0.9821902394929605, ""prior_probability"": 0.8888888888888888, ""score"": 0.9821902394929605}}","{""gender=Female"": {""alpha"": 1.0, ""margin"": 0.9742092749571516, ""p_observed"": 0.9871046374785758, ""prior_probability"": 0.1111111111111111, ""score"": 0.9742092749571516}, ""gender=Male"": {""alpha"": 1.0, ""margin"": 0.9643804789859212, ""p_observed"": 0.9821902394929605, ""prior_probability"": 0.8888888888888888, ""score"": 0.9643804789859212}}","{""gender=Female"": {""alpha"": 0.0, ""margin"": 0.9742092749571516, ""p_observed"": 0.9871046374785758, ""prior_probability"": 0.1111111111111111, ""score"": -2.1972245773362196}, ""gender=Male"": {""alpha"": 0.0, ""margin"": 0.9643804789859212, ""p_observed"": 0.9821902394929605, ""prior_probability"": 0.8888888888888888, ""score"": -0.11778303565638351}}"
240,Male,White,gender=Male,>50K,"{""age"": ""58"", ""workclass"": ""Private"", ""fnlwgt"": ""31532"", ""education"": ""Bachelors"", ""educational-num"": ""13"", ""marital-status"": ""Married-civ-spouse"", ""occupation"": ""Prof-specialty"", ""relationship"": ""Husband"", ""race"": ""White"", ""capital-gain"": ""0"", ""capital-loss"": ""0"", ""hours-per-week"": ""40"", ""native-country"": ""United-States""}",gender=Male,gender=Male,gender=Male,gender=Male,gender=Male,gender=Male,gender=Male,1,>50K | Husband | Married-civ-spouse | Bachelors | Private,2,2,"{""gender=Female"": "">50K"", ""gender=Male"": "">50K""}","{""gender=Female"": {""alpha"": 1.0, ""margin"": 0.1584194938023883, ""p_observed"": 0.5792097469011941, ""prior_probability"": 0.0029069767441860465, ""score"": 0.5792097469011941}, ""gender=Male"": {""alpha"": 1.0, ""margin"": 0.27709801768593484, ""p_observed"": 0.6385490088429674, ""prior_probability"": 0.997093023255814, ""score"": 0.6385490088429674}}","{""gender=Female"": {""alpha"": 1.0, ""margin"": 0.1584194938023883, ""p_observed"": 0.5792097469011941, ""prior_probability"": 0.0029069767441860465, ""score"": 0.1584194938023883}, ""gender=Male"": {""alpha"": 1.0, ""margin"": 0.27709801768593484, ""p_observed"": 0.6385490088429674, ""prior_probability"": 0.997093023255814, ""score"": 0.27709801768593484}}","{""gender=Female"": {""alpha"": 0.0, ""margin"": 0.1584194938023883, ""p_observed"": 0.5792097469011941, ""prior_probability"": 0.0029069767441860465, ""score"": -5.840641657373398}, ""gender=Male"": {""alpha"": 0.0, ""margin"": 0.27709801768593484, ""p_observed"": 0.6385490088429674, ""prior_probability"": 0.997093023255814, ""score"": -0.0029112102074584415}}"
241,Male,White,gender=Male,<=50K,"{""age"": ""39"", ""workclass"": ""Private"", ""fnlwgt"": ""150057"", ""education"": ""10th"", ""educational-num"": ""6"", ""marital-status"": ""Separated"", ""occupation"": ""Machine-op-inspct"", ""relationship"": ""Own-child"", ""race"": ""White"", ""capital-gain"": ""0"", ""capital-loss"": ""0"", ""hours-per-week"": ""40"", ""native-country"": ""United-States""}",gender=Male,gender=Male,gender=Male,,gender=Female,gender=Female,gender=Male,0,<=50K | Own-child | Separated | 10th | Private,2,2,"{""gender=Female"": ""<=50K"", ""gender=Male"": ""<=50K""}","{""gender=Female"": {""alpha"": 1.0, ""margin"": 0.9583855726273396, ""p_observed"": 0.9791927863136698, ""prior_probability"": 0.4794520547945205, ""score"": 0.9791927863136698}, ""gender=Male"": {""alpha"": 1.0, ""margin"": 0.9219712029163354, ""p_observed"": 0.9609856014581675, ""prior_probability"": 0.5205479452054794, ""score"": 0.9609856014581675}}","{""gender=Female"": {""alpha"": 1.0, ""margin"": 0.9583855726273396, ""p_observed"": 0.9791927863136698, ""prior_probability"": 0.4794520547945205, ""score"": 0.9583855726273396}, ""gender=Male"": {""alpha"": 1.0, ""margin"": 0.9219712029163354, ""p_observed"": 0.9609856014581675, ""prior_probability"": 0.5205479452054794, ""score"": 0.9219712029163354}}","{""gender=Female"": {""alpha"": 0.0, ""margin"": 0.9583855726273396, ""p_observed"": 0.9791927863136698, ""prior_probability"": 0.4794520547945205, ""score"": -0.7351113796589775}, ""gender=Male"": {""alpha"": 0.0, ""margin"": 0.9219712029163354, ""p_observed"": 0.9609856014581675, ""prior_probability"": 0.5205479452054794, ""score"": -0.6528732814220054}}"
242,Female,White,gender=Female,<=50K,"{""age"": ""35"", ""workclass"": ""Private"", ""fnlwgt"": ""177121"", ""education"": ""HS-grad"", ""educational-num"": ""9"", ""marital-status"": ""Divorced"", ""occupation"": ""Other-service"", ""relationship"": ""Not-in-family"", ""race"": ""White"", ""capital-gain"": ""0"", ""capital-loss"": ""0"", ""hours-per-week"": ""35"", ""native-country"": ""United-States""}",gender=Male,gender=Female,gender=Female,,gender=Female,gender=Female,gender=Female,0,<=50K | Not-in-family | Divorced | HS-grad | Private,2,2,"{""gender=Female"": ""<=50K"", ""gender=Male"": ""<=50K""}","{""gender=Female"": {""alpha"": 1.0, ""margin"": 0.9690509112456618, ""p_observed"": 0.9845254556228309, ""prior_probability"": 0.7558139534883721, ""score"": 0.9845254556228309}, ""gender=Male"": {""alpha"": 1.0, ""margin"": 0.9433963094057055, ""p_observed"": 0.9716981547028526, ""prior_probability"": 0.2441860465116279, ""score"": 0.9716981547028526}}","{""gender=Female"": {""alpha"": 1.0, ""margin"": 0.9690509112456618, ""p_observed"": 0.9845254556228309, ""prior_probability"": 0.7558139534883721, ""score"": 0.9690509112456618}, ""gender=Male"": {""alpha"": 1.0, ""margin"": 0.9433963094057055, ""p_observed"": 0.9716981547028526, ""prior_probability"": 0.2441860465116279, ""score"": 0.9433963094057055}}","{""gender=Female"": {""alpha"": 0.0, ""margin"": 0.9690509112456618, ""p_observed"": 0.9845254556228309, ""prior_probability"": 0.7558139534883721, ""score"": -0.2799600263578706}, ""gender=Male"": {""alpha"": 0.0, ""margin"": 0.9433963094057055, ""p_observed"": 0.9716981547028526, ""prior_probability"": 0.2441860465116279, ""score"": -1.4098248585300848}}"
243,Female,White,gender=Female,<=50K,"{""age"": ""24"", ""workclass"": ""Private"", ""fnlwgt"": ""387663"", ""education"": ""Some-college"", ""educational-num"": ""10"", ""marital-status"": ""Married-spouse-absent"", ""occupation"": ""Farming-fishing"", ""relationship"": ""Unmarried"", ""race"": ""White"", ""capital-gain"": ""0"", ""capital-loss"": ""0"", ""hours-per-week"": ""40"", ""native-country"": ""United-States""}",gender=Male,gender=Female,gender=Female,,gender=Female,gender=Female,gender=Female,0,<=50K | Unmarried | Married-spouse-absent | Some-college | Private,2,2,"{""gender=Female"": ""<=50K"", ""gender=Male"": ""<=50K""}","{""gender=Female"": {""alpha"": 1.0, ""margin"": 0.943133943748982, ""p_observed"": 0.9715669718744909, ""prior_probability"": 0.6666666666666666, ""score"": 0.9715669718744909}, ""gender=Male"": {""alpha"": 1.0, ""margin"": 0.912124432411605, ""p_observed"": 0.9560622162058025, ""prior_probability"": 0.3333333333333333, ""score"": 0.9560622162058025}}","{""gender=Female"": {""alpha"": 1.0, ""margin"": 0.943133943748982, ""p_observed"": 0.9715669718744909, ""prior_probability"": 0.6666666666666666, ""score"": 0.943133943748982}, ""gender=Male"": {""alpha"": 1.0, ""margin"": 0.912124432411605, ""p_observed"": 0.9560622162058025, ""prior_probability"": 0.3333333333333333, ""score"": 0.912124432411605}}","{""gender=Female"": {""alpha"": 0.0, ""margin"": 0.943133943748982, ""p_observed"": 0.9715669718744909, ""prior_probability"": 0.6666666666666666, ""score"": -0.40546510810816444}, ""gender=Male"": {""alpha"": 0.0, ""margin"": 0.912124432411605, ""p_observed"": 0.9560622162058025, ""prior_probability"": 0.3333333333333333, ""score"": -1.0986122886681098}}"
244,Male,White,gender=Male,<=50K,"{""age"": ""31"", ""workclass"": ""Private"", ""fnlwgt"": ""114691"", ""education"": ""HS-grad"", ""educational-num"": ""9"", ""marital-status"": ""Never-married"", ""occupation"": ""Sales"", ""relationship"": ""Own-child"", ""race"": ""White"", ""capital-gain"": ""0"", ""capital-loss"": ""0"", ""hours-per-week"": ""40"", ""native-country"": ""United-States""}",gender=Male,gender=Female,gender=Female,gender=Female,gender=Female,gender=Female,gender=Female,1,<=50K | Own-child | Never-married | HS-grad | Private,2,2,"{""gender=Female"": ""<=50K"", ""gender=Male"": ""<=50K""}","{""gender=Female"": {""alpha"": 1.0, ""margin"": 0.9752592701692723, ""p_observed"": 0.987629635084636, ""prior_probability"": 0.6222222222222222, ""score"": 0.987629635084636}, ""gender=Male"": {""alpha"": 1.0, ""margin"": 0.9709659094566624, ""p_observed"": 0.985482954728331, ""prior_probability"": 0.37777777777777777, ""score"": 0.985482954728331}}","{""gender=Female"": {""alpha"": 1.0, ""margin"": 0.9752592701692723, ""p_observed"": 0.987629635084636, ""prior_probability"": 0.6222222222222222, ""score"": 0.9752592701692723}, ""gender=Male"": {""alpha"": 1.0, ""margin"": 0.9709659094566624, ""p_observed"": 0.985482954728331, ""prior_probability"": 0.37777777777777777, ""score"": 0.9709659094566624}}","{""gender=Female"": {""alpha"": 0.0, ""margin"": 0.9752592701692723, ""p_observed"": 0.987629635084636, ""prior_probability"": 0.6222222222222222, ""score"": -0.4744579795951158}, ""gender=Male"": {""alpha"": 0.0, ""margin"": 0.9709659094566624, ""p_observed"": 0.985482954728331, ""prior_probability"": 0.37777777777777777, ""score"": -0.9734491457141037}}"
245,Male,White,gender=Male,>50K,"{""age"": ""41"", ""workclass"": ""Private"", ""fnlwgt"": ""206948"", ""education"": ""Bachelors"", ""educational-num"": ""13"", ""marital-status"": ""Married-civ-spouse"", ""occupation"": ""Sales"", ""relationship"": ""Husband"", ""race"": ""White"", ""capital-gain"": ""0"", ""capital-loss"": ""0"", ""hours-per-week"": ""40"", ""native-country"": ""United-States""}",gender=Male,gender=Male,gender=Male,gender=Male,gender=Male,gender=Male,gender=Male,1,>50K | Husband | Married-civ-spouse | Bachelors | Private,2,2,"{""gender=Female"": "">50K"", ""gender=Male"": "">50K""}","{""gender=Female"": {""alpha"": 1.0, ""margin"": 0.07735154652431764, ""p_observed"": 0.5386757732621588, ""prior_probability"": 0.003472222222222222, ""score"": 0.5386757732621588}, ""gender=Male"": {""alpha"": 1.0, ""margin"": 0.2420705345259272, ""p_observed"": 0.6210352672629635, ""prior_probability"": 0.9965277777777778, ""score"": 0.6210352672629635}}","{""gender=Female"": {""alpha"": 1.0, ""margin"": 0.07735154652431764, ""p_observed"": 0.5386757732621588, ""prior_probability"": 0.003472222222222222, ""score"": 0.07735154652431764}, ""gender=Male"": {""alpha"": 1.0, ""margin"": 0.2420705345259272, ""p_observed"": 0.6210352672629635, ""prior_probability"": 0.9965277777777778, ""score"": 0.2420705345259272}}","{""gender=Female"": {""alpha"": 0.0, ""margin"": 0.07735154652431764, ""p_observed"": 0.5386757732621588, ""prior_probability"": 0.003472222222222222, ""score"": -5.662960480135946}, ""gender=Male"": {""alpha"": 0.0, ""margin"": 0.2420705345259272, ""p_observed"": 0.6210352672629635, ""prior_probability"": 0.9965277777777778, ""score"": -0.0034782643763248086}}"
246,Male,White,gender=Male,>50K,"{""age"": ""39"", ""workclass"": ""Federal-gov"", ""fnlwgt"": ""99146"", ""education"": ""Bachelors"", ""educational-num"": ""13"", ""marital-status"": ""Married-civ-spouse"", ""occupation"": ""Protective-serv"", ""relationship"": ""Husband"", ""race"": ""White"", ""capital-gain"": ""0"", ""capital-loss"": ""1887"", ""hours-per-week"": ""60"", ""native-country"": ""United-States""}",gender=Male,gender=Male,gender=Male,,gender=Male,gender=Male,gender=Male,0,>50K | Husband | Married-civ-spouse | Bachelors | Federal-gov,2,2,"{""gender=Female"": "">50K"", ""gender=Male"": "">50K""}","{""gender=Female"": {""alpha"": 1.0, ""margin"": 0.493378464566505, ""p_observed"": 0.7466892322832526, ""prior_probability"": 0.025, ""score"": 0.7466892322832526}, ""gender=Male"": {""alpha"": 1.0, ""margin"": 0.643671542606024, ""p_observed"": 0.821835771303012, ""prior_probability"": 0.975, ""score"": 0.821835771303012}}","{""gender=Female"": {""alpha"": 1.0, ""margin"": 0.493378464566505, ""p_observed"": 0.7466892322832526, ""prior_probability"": 0.025, ""score"": 0.493378464566505}, ""gender=Male"": {""alpha"": 1.0, ""margin"": 0.643671542606024, ""p_observed"": 0.821835771303012, ""prior_probability"": 0.975, ""score"": 0.643671542606024}}","{""gender=Female"": {""alpha"": 0.0, ""margin"": 0.493378464566505, ""p_observed"": 0.7466892322832526, ""prior_probability"": 0.025, ""score"": -3.6888794541139363}, ""gender=Male"": {""alpha"": 0.0, ""margin"": 0.643671542606024, ""p_observed"": 0.821835771303012, ""prior_probability"": 0.975, ""score"": -0.025317807984289897}}"
247,Male,Asian-Pac-Islander,gender=Male,<=50K,"{""age"": ""21"", ""workclass"": ""Private"", ""fnlwgt"": ""109414"", ""education"": ""Some-college"", ""educational-num"": ""10"", ""marital-status"": ""Never-married"", ""occupation"": ""Prof-specialty"", ""relationship"": ""Own-child"", ""race"": ""Asian-Pac-Islander"", ""capital-gain"": ""0"", ""capital-loss"": ""1974"", ""hours-per-week"": ""40"", ""native-country"": ""United-States""}",gender=Male,gender=Female,gender=Female,gender=Female,gender=Male,gender=Male,gender=Female,1,<=50K | Own-child | Never-married | Some-college | Private,2,2,"{""gender=Female"": ""<=50K"", ""gender=Male"": ""<=50K""}","{""gender=Female"": {""alpha"": 1.0, ""margin"": 0.8675782825568408, ""p_observed"": 0.9337891412784204, ""prior_probability"": 0.5, ""score"": 0.9337891412784204}, ""gender=Male"": {""alpha"": 1.0, ""margin"": 0.8732201553956642, ""p_observed"": 0.9366100776978321, ""prior_probability"": 0.5, ""score"": 0.9366100776978321}}","{""gender=Female"": {""alpha"": 1.0, ""margin"": 0.8675782825568408, ""p_observed"": 0.9337891412784204, ""prior_probability"": 0.5, ""score"": 0.8675782825568408}, ""gender=Male"": {""alpha"": 1.0, ""margin"": 0.8732201553956642, ""p_observed"": 0.9366100776978321, ""prior_probability"": 0.5, ""score"": 0.8732201553956642}}","{""gender=Female"": {""alpha"": 0.0, ""margin"": 0.8675782825568408, ""p_observed"": 0.9337891412784204, ""prior_probability"": 0.5, ""score"": -0.6931471805599453}, ""gender=Male"": {""alpha"": 0.0, ""margin"": 0.8732201553956642, ""p_observed"": 0.9366100776978321, ""prior_probability"": 0.5, ""score"": -0.6931471805599453}}"
248,Female,Amer-Indian-Eskimo,gender=Female,>50K,"{""age"": ""34"", ""workclass"": ""Private"", ""fnlwgt"": ""27565"", ""education"": ""Assoc-voc"", ""educational-num"": ""11"", ""marital-status"": ""Married-civ-spouse"", ""occupation"": ""Craft-repair"", ""relationship"": ""Wife"", ""race"": ""Amer-Indian-Eskimo"", ""capital-gain"": ""0"", ""capital-loss"": ""0"", ""hours-per-week"": ""27"", ""native-country"": ""United-States""}",gender=Male,gender=Female,gender=Female,,gender=Female,gender=Female,gender=Female,0,>50K | Wife | Married-civ-spouse | Assoc-voc | Private,2,2,"{""gender=Female"": ""<=50K"", ""gender=Male"": ""<=50K""}","{""gender=Female"": {""alpha"": 1.0, ""margin"": -0.32447846794539803, ""p_observed"": 0.3377607660273009, ""prior_probability"": 0.6666666666666666, ""score"": 0.3377607660273009}, ""gender=Male"": {""alpha"": 1.0, ""margin"": -0.4398527790199843, ""p_observed"": 0.2800736104900077, ""prior_probability"": 0.3333333333333333, ""score"": 0.2800736104900077}}","{""gender=Female"": {""alpha"": 1.0, ""margin"": -0.32447846794539803, ""p_observed"": 0.3377607660273009, ""prior_probability"": 0.6666666666666666, ""score"": -0.32447846794539803}, ""gender=Male"": {""alpha"": 1.0, ""margin"": -0.4398527790199843, ""p_observed"": 0.2800736104900077, ""prior_probability"": 0.3333333333333333, ""score"": -0.4398527790199843}}","{""gender=Female"": {""alpha"": 0.0, ""margin"": -0.32447846794539803, ""p_observed"": 0.3377607660273009, ""prior_probability"": 0.6666666666666666, ""score"": -0.40546510810816444}, ""gender=Male"": {""alpha"": 0.0, ""margin"": -0.4398527790199843, ""p_observed"": 0.2800736104900077, ""prior_probability"": 0.3333333333333333, ""score"": -1.0986122886681098}}"
249,Male,Black,gender=Male,<=50K,"{""age"": ""42"", ""workclass"": ""Self-emp-inc"", ""fnlwgt"": ""161532"", ""education"": ""Bachelors"", ""educational-num"": ""13"", ""marital-status"": ""Married-civ-spouse"", ""occupation"": ""Craft-repair"", ""relationship"": ""Husband"", ""race"": ""Black"", ""capital-gain"": ""0"", ""capital-loss"": ""0"", ""hours-per-week"": ""60"", ""native-country"": ""United-States""}",gender=Male,gender=Male,gender=Male,,gender=Female,gender=Female,gender=Male,0,<=50K | Husband | Married-civ-spouse | Bachelors | Self-emp-inc,2,2,"{""gender=Female"": "">50K"", ""gender=Male"": "">50K""}","{""gender=Female"": {""alpha"": 1.0, ""margin"": -0.06993855430467238, ""p_observed"": 0.46503072284766384, ""prior_probability"": 0.018867924528301886, ""score"": 0.46503072284766384}, ""gender=Male"": {""alpha"": 1.0, ""margin"": -0.30183352623626974, ""p_observed"": 0.3490832368818651, ""prior_probability"": 0.9811320754716981, ""score"": 0.3490832368818651}}","{""gender=Female"": {""alpha"": 1.0, ""margin"": -0.06993855430467238, ""p_observed"": 0.46503072284766384, ""prior_probability"": 0.018867924528301886, ""score"": -0.06993855430467238}, ""gender=Male"": {""alpha"": 1.0, ""margin"": -0.30183352623626974, ""p_observed"": 0.3490832368818651, ""prior_probability"": 0.9811320754716981, ""score"": -0.30183352623626974}}","{""gender=Female"": {""alpha"": 0.0, ""margin"": -0.06993855430467238, ""p_observed"": 0.46503072284766384, ""prior_probability"": 0.018867924528301886, ""score"": -3.970291913552122}, ""gender=Male"": {""alpha"": 0.0, ""margin"": -0.30183352623626974, ""p_observed"": 0.3490832368818651, ""prior_probability"": 0.9811320754716981, ""score"": -0.019048194970694474}}"
250,Male,White,gender=Male,>50K,"{""age"": ""49"", ""workclass"": ""Private"", ""fnlwgt"": ""198759"", ""education"": ""Assoc-acdm"", ""educational-num"": ""12"", ""marital-status"": ""Married-civ-spouse"", ""occupation"": ""Sales"", ""relationship"": ""Husband"", ""race"": ""White"", ""capital-gain"": ""15024"", ""capital-loss"": ""0"", ""hours-per-week"": ""60"", ""native-country"": ""United-States""}",gender=Male,gender=Male,gender=Male,,gender=Male,gender=Male,gender=Male,0,>50K | Husband | Married-civ-spouse | Assoc-acdm | Private,2,2,"{""gender=Female"": "">50K"", ""gender=Male"": "">50K""}","{""gender=Female"": {""alpha"": 1.0, ""margin"": 0.6037570668165086, ""p_observed"": 0.8018785334082544, ""prior_probability"": 0.027777777777777776, ""score"": 0.8018785334082544}, ""gender=Male"": {""alpha"": 1.0, ""margin"": 0.7320535162435633, ""p_observed"": 0.8660267581217816, ""prior_probability"": 0.9722222222222222, ""score"": 0.8660267581217816}}","{""gender=Female"": {""alpha"": 1.0, ""margin"": 0.6037570668165086, ""p_observed"": 0.8018785334082544, ""prior_probability"": 0.027777777777777776, ""score"": 0.6037570668165086}, ""gender=Male"": {""alpha"": 1.0, ""margin"": 0.7320535162435633, ""p_observed"": 0.8660267581217816, ""prior_probability"": 0.9722222222222222, ""score"": 0.7320535162435633}}","{""gender=Female"": {""alpha"": 0.0, ""margin"": 0.6037570668165086, ""p_observed"": 0.8018785334082544, ""prior_probability"": 0.027777777777777776, ""score"": -3.58351893845611}, ""gender=Male"": {""alpha"": 0.0, ""margin"": 0.7320535162435633, ""p_observed"": 0.8660267581217816, ""prior_probability"": 0.9722222222222222, ""score"": -0.028170876966696335}}"
251,Female,White,gender=Female,<=50K,"{""age"": ""22"", ""workclass"": ""Private"", ""fnlwgt"": ""64292"", ""education"": ""HS-grad"", ""educational-num"": ""9"", ""marital-status"": ""Never-married"", ""occupation"": ""Tech-support"", ""relationship"": ""Not-in-family"", ""race"": ""White"", ""capital-gain"": ""0"", ""capital-loss"": ""0"", ""hours-per-week"": ""40"", ""native-country"": ""United-States""}",gender=Male,gender=Male,gender=Male,gender=Male,gender=Female,gender=Female,gender=Male,1,<=50K | Not-in-family | Never-married | HS-grad | Private,2,2,"{""gender=Female"": ""<=50K"", ""gender=Male"": ""<=50K""}","{""gender=Female"": {""alpha"": 1.0, ""margin"": 0.9720846449385341, ""p_observed"": 0.9860423224692669, ""prior_probability"": 0.34615384615384615, ""score"": 0.9860423224692669}, ""gender=Male"": {""alpha"": 1.0, ""margin"": 0.9686381983706455, ""p_observed"": 0.9843190991853226, ""prior_probability"": 0.6538461538461539, ""score"": 0.9843190991853226}}","{""gender=Female"": {""alpha"": 1.0, ""margin"": 0.9720846449385341, ""p_observed"": 0.9860423224692669, ""prior_probability"": 0.34615384615384615, ""score"": 0.9720846449385341}, ""gender=Male"": {""alpha"": 1.0, ""margin"": 0.9686381983706455, ""p_observed"": 0.9843190991853226, ""prior_probability"": 0.6538461538461539, ""score"": 0.9686381983706455}}","{""gender=Female"": {""alpha"": 0.0, ""margin"": 0.9720846449385341, ""p_observed"": 0.9860423224692669, ""prior_probability"": 0.34615384615384615, ""score"": -1.0608719606852628}, ""gender=Male"": {""alpha"": 0.0, ""margin"": 0.9686381983706455, ""p_observed"": 0.9843190991853226, ""prior_probability"": 0.6538461538461539, ""score"": -0.42488319396526597}}"
252,Male,White,gender=Male,>50K,"{""age"": ""41"", ""workclass"": ""Private"", ""fnlwgt"": ""154374"", ""education"": ""Bachelors"", ""educational-num"": ""13"", ""marital-status"": ""Married-civ-spouse"", ""occupation"": ""Exec-managerial"", ""relationship"": ""Husband"", ""race"": ""White"", ""capital-gain"": ""0"", ""capital-loss"": ""1887"", ""hours-per-week"": ""50"", ""native-country"": ""United-States""}",gender=Male,gender=Male,gender=Male,gender=Male,gender=Male,gender=Male,gender=Male,1,>50K | Husband | Married-civ-spouse | Bachelors | Private,2,2,"{""gender=Female"": "">50K"", ""gender=Male"": "">50K""}","{""gender=Female"": {""alpha"": 1.0, ""margin"": 0.5366525939903071, ""p_observed"": 0.7683262969951536, ""prior_probability"": 0.00186219739292365, ""score"": 0.7683262969951536}, ""gender=Male"": {""alpha"": 1.0, ""margin"": 0.8158734332694847, ""p_observed"": 0.9079367166347424, ""prior_probability"": 0.9981378026070763, ""score"": 0.9079367166347424}}","{""gender=Female"": {""alpha"": 1.0, ""margin"": 0.5366525939903071, ""p_observed"": 0.7683262969951536, ""prior_probability"": 0.00186219739292365, ""score"": 0.5366525939903071}, ""gender=Male"": {""alpha"": 1.0, ""margin"": 0.8158734332694847, ""p_observed"": 0.9079367166347424, ""prior_probability"": 0.9981378026070763, ""score"": 0.8158734332694847}}","{""gender=Female"": {""alpha"": 0.0, ""margin"": 0.5366525939903071, ""p_observed"": 0.7683262969951536, ""prior_probability"": 0.00186219739292365, ""score"": -6.285998094508865}, ""gender=Male"": {""alpha"": 0.0, ""margin"": 0.8158734332694847, ""p_observed"": 0.9079367166347424, ""prior_probability"": 0.9981378026070763, ""score"": -0.0018639334380627533}}"
253,Male,Black,gender=Male,<=50K,"{""age"": ""45"", ""workclass"": ""Private"", ""fnlwgt"": ""273194"", ""education"": ""HS-grad"", ""educational-num"": ""9"", ""marital-status"": ""Married-civ-spouse"", ""occupation"": ""Machine-op-inspct"", ""relationship"": ""Husband"", ""race"": ""Black"", ""capital-gain"": ""3137"", ""capital-loss"": ""0"", ""hours-per-week"": ""35"", ""native-country"": ""United-States""}",gender=Male,gender=Male,gender=Male,,gender=Female,gender=Female,gender=Male,0,<=50K | Husband | Married-civ-spouse | HS-grad | Private,2,2,"{""gender=Female"": ""<=50K"", ""gender=Male"": ""<=50K""}","{""gender=Female"": {""alpha"": 1.0, ""margin"": 0.5266580603194535, ""p_observed"": 0.7633290301597266, ""prior_probability"": 0.0033783783783783786, ""score"": 0.7633290301597266}, ""gender=Male"": {""alpha"": 1.0, ""margin"": 0.4636029053335383, ""p_observed"": 0.731801452666769, ""prior_probability"": 0.9966216216216216, ""score"": 0.731801452666769}}","{""gender=Female"": {""alpha"": 1.0, ""margin"": 0.5266580603194535, ""p_observed"": 0.7633290301597266, ""prior_probability"": 0.0033783783783783786, ""score"": 0.5266580603194535}, ""gender=Male"": {""alpha"": 1.0, ""margin"": 0.4636029053335383, ""p_observed"": 0.731801452666769, ""prior_probability"": 0.9966216216216216, ""score"": 0.4636029053335383}}","{""gender=Female"": {""alpha"": 0.0, ""margin"": 0.5266580603194535, ""p_observed"": 0.7633290301597266, ""prior_probability"": 0.0033783783783783786, ""score"": -5.69035945432406}, ""gender=Male"": {""alpha"": 0.0, ""margin"": 0.4636029053335383, ""p_observed"": 0.731801452666769, ""prior_probability"": 0.9966216216216216, ""score"": -0.0033840979842405684}}"
254,Male,White,gender=Male,<=50K,"{""age"": ""52"", ""workclass"": ""Private"", ""fnlwgt"": ""170562"", ""education"": ""12th"", ""educational-num"": ""8"", ""marital-status"": ""Married-civ-spouse"", ""occupation"": ""Craft-repair"", ""relationship"": ""Husband"", ""race"": ""White"", ""capital-gain"": ""0"", ""capital-loss"": ""0"", ""hours-per-week"": ""40"", ""native-country"": ""United-States""}",gender=Male,gender=Male,gender=Male,,gender=Female,gender=Female,gender=Male,0,<=50K | Husband | Married-civ-spouse | 12th | Private,2,2,"{""gender=Female"": ""<=50K"", ""gender=Male"": ""<=50K""}","{""gender=Female"": {""alpha"": 1.0, ""margin"": 0.5278351943958315, ""p_observed"": 0.7639175971979156, ""prior_probability"": 0.043478260869565216, ""score"": 0.7639175971979156}, ""gender=Male"": {""alpha"": 1.0, ""margin"": 0.501665933696652, ""p_observed"": 0.750832966848326, ""prior_probability"": 0.9565217391304348, ""score"": 0.750832966848326}}","{""gender=Female"": {""alpha"": 1.0, ""margin"": 0.5278351943958315, ""p_observed"": 0.7639175971979156, ""prior_probability"": 0.043478260869565216, ""score"": 0.5278351943958315}, ""gender=Male"": {""alpha"": 1.0, ""margin"": 0.501665933696652, ""p_observed"": 0.750832966848326, ""prior_probability"": 0.9565217391304348, ""score"": 0.501665933696652}}","{""gender=Female"": {""alpha"": 0.0, ""margin"": 0.5278351943958315, ""p_observed"": 0.7639175971979156, ""prior_probability"": 0.043478260869565216, ""score"": -3.1354942159291497}, ""gender=Male"": {""alpha"": 0.0, ""margin"": 0.501665933696652, ""p_observed"": 0.750832966848326, ""prior_probability"": 0.9565217391304348, ""score"": -0.04445176257083381}}"
255,Male,White,gender=Male,<=50K,"{""age"": ""31"", ""workclass"": ""Private"", ""fnlwgt"": ""195750"", ""education"": ""1st-4th"", ""educational-num"": ""2"", ""marital-status"": ""Married-civ-spouse"", ""occupation"": ""Prof-specialty"", ""relationship"": ""Husband"", ""race"": ""White"", ""capital-gain"": ""0"", ""capital-loss"": ""0"", ""hours-per-week"": ""45"", ""native-country"": ""United-States""}",gender=Male,gender=Male,gender=Male,,gender=Female,gender=Female,gender=Male,0,<=50K | Husband | Married-civ-spouse | 1st-4th | Private,2,2,"{""gender=Female"": ""<=50K"", ""gender=Male"": ""<=50K""}","{""gender=Female"": {""alpha"": 1.0, ""margin"": 0.3926245624064931, ""p_observed"": 0.6963122812032465, ""prior_probability"": 0.0003256798567008631, ""score"": 0.6963122812032465}, ""gender=Male"": {""alpha"": 1.0, ""margin"": 0.3646249941467656, ""p_observed"": 0.6823124970733827, ""prior_probability"": 0.9996743201432992, ""score"": 0.6823124970733827}}","{""gender=Female"": {""alpha"": 1.0, ""margin"": 0.3926245624064931, ""p_observed"": 0.6963122812032465, ""prior_probability"": 0.0003256798567008631, ""score"": 0.3926245624064931}, ""gender=Male"": {""alpha"": 1.0, ""margin"": 0.3646249941467656, ""p_observed"": 0.6823124970733827, ""prior_probability"": 0.9996743201432992, ""score"": 0.3646249941467656}}","{""gender=Female"": {""alpha"": 0.0, ""margin"": 0.3926245624064931, ""p_observed"": 0.6963122812032465, ""prior_probability"": 0.0003256798567008631, ""score"": -8.029595693769453}, ""gender=Male"": {""alpha"": 0.0, ""margin"": 0.3646249941467656, ""p_observed"": 0.6823124970733827, ""prior_probability"": 0.9996743201432992, ""score"": -0.0003257329019028567}}"
256,Male,White,gender=Male,<=50K,"{""age"": ""59"", ""workclass"": ""Private"", ""fnlwgt"": ""169133"", ""education"": ""HS-grad"", ""educational-num"": ""9"", ""marital-status"": ""Married-civ-spouse"", ""occupation"": ""Craft-repair"", ""relationship"": ""Husband"", ""race"": ""White"", ""capital-gain"": ""0"", ""capital-loss"": ""0"", ""hours-per-week"": ""45"", ""native-country"": ""United-States""}",gender=Male,gender=Male,gender=Male,,gender=Female,gender=Female,gender=Male,0,<=50K | Husband | Married-civ-spouse | HS-grad | Private,2,2,"{""gender=Female"": ""<=50K"", ""gender=Male"": ""<=50K""}","{""gender=Female"": {""alpha"": 1.0, ""margin"": 0.3669161057886591, ""p_observed"": 0.6834580528943293, ""prior_probability"": 0.001364256480218281, ""score"": 0.6834580528943293}, ""gender=Male"": {""alpha"": 1.0, ""margin"": 0.28605809780501534, ""p_observed"": 0.6430290489025076, ""prior_probability"": 0.9986357435197817, ""score"": 0.6430290489025076}}","{""gender=Female"": {""alpha"": 1.0, ""margin"": 0.3669161057886591, ""p_observed"": 0.6834580528943293, ""prior_probability"": 0.001364256480218281, ""score"": 0.3669161057886591}, ""gender=Male"": {""alpha"": 1.0, ""margin"": 0.28605809780501534, ""p_observed"": 0.6430290489025076, ""prior_probability"": 0.9986357435197817, ""score"": 0.28605809780501534}}","{""gender=Female"": {""alpha"": 0.0, ""margin"": 0.3669161057886591, ""p_observed"": 0.6834580528943293, ""prior_probability"": 0.001364256480218281, ""score"": -6.597145701886651}, ""gender=Male"": {""alpha"": 0.0, ""margin"": 0.28605809780501534, ""p_observed"": 0.6430290489025076, ""prior_probability"": 0.9986357435197817, ""score"": -0.00136518792533997}}"
257,Female,White,gender=Female,<=50K,"{""age"": ""37"", ""workclass"": ""Private"", ""fnlwgt"": ""174503"", ""education"": ""Bachelors"", ""educational-num"": ""13"", ""marital-status"": ""Widowed"", ""occupation"": ""Prof-specialty"", ""relationship"": ""Not-in-family"", ""race"": ""White"", ""capital-gain"": ""0"", ""capital-loss"": ""0"", ""hours-per-week"": ""50"", ""native-country"": ""United-States""}",gender=Male,gender=Female,gender=Female,,gender=Female,gender=Female,gender=Female,0,<=50K | Not-in-family | Widowed | Bachelors | Private,2,2,"{""gender=Female"": ""<=50K"", ""gender=Male"": ""<=50K""}","{""gender=Female"": {""alpha"": 1.0, ""margin"": 0.45717622870287156, ""p_observed"": 0.7285881143514358, ""prior_probability"": 0.9, ""score"": 0.7285881143514358}, ""gender=Male"": {""alpha"": 1.0, ""margin"": 0.2578081871010194, ""p_observed"": 0.6289040935505097, ""prior_probability"": 0.1, ""score"": 0.6289040935505097}}","{""gender=Female"": {""alpha"": 1.0, ""margin"": 0.45717622870287156, ""p_observed"": 0.7285881143514358, ""prior_probability"": 0.9, ""score"": 0.45717622870287156}, ""gender=Male"": {""alpha"": 1.0, ""margin"": 0.2578081871010194, ""p_observed"": 0.6289040935505097, ""prior_probability"": 0.1, ""score"": 0.2578081871010194}}","{""gender=Female"": {""alpha"": 0.0, ""margin"": 0.45717622870287156, ""p_observed"": 0.7285881143514358, ""prior_probability"": 0.9, ""score"": -0.10536051565782628}, ""gender=Male"": {""alpha"": 0.0, ""margin"": 0.2578081871010194, ""p_observed"": 0.6289040935505097, ""prior_probability"": 0.1, ""score"": -2.3025850929940455}}"
258,Female,White,gender=Female,<=50K,"{""age"": ""22"", ""workclass"": ""Private"", ""fnlwgt"": ""303170"", ""education"": ""Some-college"", ""educational-num"": ""10"", ""marital-status"": ""Never-married"", ""occupation"": ""Priv-house-serv"", ""relationship"": ""Own-child"", ""race"": ""White"", ""capital-gain"": ""0"", ""capital-loss"": ""0"", ""hours-per-week"": ""28"", ""native-country"": ""United-States""}",gender=Male,gender=Female,gender=Female,gender=Female,gender=Female,gender=Female,gender=Female,1,<=50K | Own-child | Never-married | Some-college | Private,2,2,"{""gender=Female"": ""<=50K"", ""gender=Male"": ""<=50K""}","{""gender=Female"": {""alpha"": 1.0, ""margin"": 0.9926896867251418, ""p_observed"": 0.9963448433625709, ""prior_probability"": 0.8571428571428571, ""score"": 0.9963448433625709}, ""gender=Male"": {""alpha"": 1.0, ""margin"": 0.9919134808689412, ""p_observed"": 0.9959567404344705, ""prior_probability"": 0.14285714285714285, ""score"": 0.9959567404344705}}","{""gender=Female"": {""alpha"": 1.0, ""margin"": 0.9926896867251418, ""p_observed"": 0.9963448433625709, ""prior_probability"": 0.8571428571428571, ""score"": 0.9926896867251418}, ""gender=Male"": {""alpha"": 1.0, ""margin"": 0.9919134808689412, ""p_observed"": 0.9959567404344705, ""prior_probability"": 0.14285714285714285, ""score"": 0.9919134808689412}}","{""gender=Female"": {""alpha"": 0.0, ""margin"": 0.9926896867251418, ""p_observed"": 0.9963448433625709, ""prior_probability"": 0.8571428571428571, ""score"": -0.15415067982725836}, ""gender=Male"": {""alpha"": 0.0, ""margin"": 0.9919134808689412, ""p_observed"": 0.9959567404344705, ""prior_probability"": 0.14285714285714285, ""score"": -1.9459101490553135}}"
259,Male,White,gender=Male,>50K,"{""age"": ""61"", ""workclass"": ""Federal-gov"", ""fnlwgt"": ""221943"", ""education"": ""Some-college"", ""educational-num"": ""10"", ""marital-status"": ""Married-civ-spouse"", ""occupation"": ""Adm-clerical"", ""relationship"": ""Husband"", ""race"": ""White"", ""capital-gain"": ""9386"", ""capital-loss"": ""0"", ""hours-per-week"": ""40"", ""native-country"": ""United-States""}",gender=Male,gender=Male,gender=Male,,gender=Male,gender=Male,gender=Male,0,>50K | Husband | Married-civ-spouse | Some-college | Federal-gov,2,2,"{""gender=Female"": "">50K"", ""gender=Male"": "">50K""}","{""gender=Female"": {""alpha"": 1.0, ""margin"": 0.6421021890805454, ""p_observed"": 0.8210510945402726, ""prior_probability"": 0.014492753623188406, ""score"": 0.8210510945402726}, ""gender=Male"": {""alpha"": 1.0, ""margin"": 0.7511607948184709, ""p_observed"": 0.8755803974092355, ""prior_probability"": 0.9855072463768116, ""score"": 0.8755803974092355}}","{""gender=Female"": {""alpha"": 1.0, ""margin"": 0.6421021890805454, ""p_observed"": 0.8210510945402726, ""prior_probability"": 0.014492753623188406, ""score"": 0.6421021890805454}, ""gender=Male"": {""alpha"": 1.0, ""margin"": 0.7511607948184709, ""p_observed"": 0.8755803974092355, ""prior_probability"": 0.9855072463768116, ""score"": 0.7511607948184709}}","{""gender=Female"": {""alpha"": 0.0, ""margin"": 0.6421021890805454, ""p_observed"": 0.8210510945402726, ""prior_probability"": 0.014492753623188406, ""score"": -4.23410650459726}, ""gender=Male"": {""alpha"": 0.0, ""margin"": 0.7511607948184709, ""p_observed"": 0.8755803974092355, ""prior_probability"": 0.9855072463768116, ""score"": -0.014598799421152636}}"
260,Male,White,gender=Male,<=50K,"{""age"": ""47"", ""workclass"": ""Private"", ""fnlwgt"": ""148884"", ""education"": ""HS-grad"", ""educational-num"": ""9"", ""marital-status"": ""Married-civ-spouse"", ""occupation"": ""Transport-moving"", ""relationship"": ""Husband"", ""race"": ""White"", ""capital-gain"": ""0"", ""capital-loss"": ""0"", ""hours-per-week"": ""60"", ""native-country"": ""United-States""}",gender=Male,gender=Male,gender=Male,,gender=Female,gender=Female,gender=Male,0,<=50K | Husband | Married-civ-spouse | HS-grad | Private,2,2,"{""gender=Female"": ""<=50K"", ""gender=Male"": ""<=50K""}","{""gender=Female"": {""alpha"": 1.0, ""margin"": 0.3915478622889349, ""p_observed"": 0.6957739311444671, ""prior_probability"": 0.003125, ""score"": 0.6957739311444671}, ""gender=Male"": {""alpha"": 1.0, ""margin"": 0.28093589637115607, ""p_observed"": 0.640467948185578, ""prior_probability"": 0.996875, ""score"": 0.640467948185578}}","{""gender=Female"": {""alpha"": 1.0, ""margin"": 0.3915478622889349, ""p_observed"": 0.6957739311444671, ""prior_probability"": 0.003125, ""score"": 0.3915478622889349}, ""gender=Male"": {""alpha"": 1.0, ""margin"": 0.28093589637115607, ""p_observed"": 0.640467948185578, ""prior_probability"": 0.996875, ""score"": 0.28093589637115607}}","{""gender=Female"": {""alpha"": 0.0, ""margin"": 0.3915478622889349, ""p_observed"": 0.6957739311444671, ""prior_probability"": 0.003125, ""score"": -5.768320995793772}, ""gender=Male"": {""alpha"": 0.0, ""margin"": 0.28093589637115607, ""p_observed"": 0.640467948185578, ""prior_probability"": 0.996875, ""score"": -0.0031298930089277044}}"
261,Male,White,gender=Male,<=50K,"{""age"": ""23"", ""workclass"": ""Private"", ""fnlwgt"": ""283969"", ""education"": ""10th"", ""educational-num"": ""6"", ""marital-status"": ""Never-married"", ""occupation"": ""Handlers-cleaners"", ""relationship"": ""Own-child"", ""race"": ""White"", ""capital-gain"": ""0"", ""capital-loss"": ""0"", ""hours-per-week"": ""40"", ""native-country"": ""Mexico""}",gender=Male,gender=Male,gender=Male,,gender=Female,gender=Female,gender=Male,0,<=50K | Own-child | Never-married | 10th | Private,2,2,"{""gender=Female"": ""<=50K"", ""gender=Male"": ""<=50K""}","{""gender=Female"": {""alpha"": 1.0, ""margin"": 0.9936331098409394, ""p_observed"": 0.9968165549204697, ""prior_probability"": 0.1111111111111111, ""score"": 0.9968165549204697}, ""gender=Male"": {""alpha"": 1.0, ""margin"": 0.992929202475368, ""p_observed"": 0.9964646012376839, ""prior_probability"": 0.8888888888888888, ""score"": 0.9964646012376839}}","{""gender=Female"": {""alpha"": 1.0, ""margin"": 0.9936331098409394, ""p_observed"": 0.9968165549204697, ""prior_probability"": 0.1111111111111111, ""score"": 0.9936331098409394}, ""gender=Male"": {""alpha"": 1.0, ""margin"": 0.992929202475368, ""p_observed"": 0.9964646012376839, ""prior_probability"": 0.8888888888888888, ""score"": 0.992929202475368}}","{""gender=Female"": {""alpha"": 0.0, ""margin"": 0.9936331098409394, ""p_observed"": 0.9968165549204697, ""prior_probability"": 0.1111111111111111, ""score"": -2.1972245773362196}, ""gender=Male"": {""alpha"": 0.0, ""margin"": 0.992929202475368, ""p_observed"": 0.9964646012376839, ""prior_probability"": 0.8888888888888888, ""score"": -0.11778303565638351}}"
262,Male,White,gender=Male,>50K,"{""age"": ""31"", ""workclass"": ""Private"", ""fnlwgt"": ""189759"", ""education"": ""Masters"", ""educational-num"": ""14"", ""marital-status"": ""Married-civ-spouse"", ""occupation"": ""Sales"", ""relationship"": ""Husband"", ""race"": ""White"", ""capital-gain"": ""0"", ""capital-loss"": ""0"", ""hours-per-week"": ""40"", ""native-country"": ""United-States""}",gender=Male,gender=Male,gender=Male,,gender=Male,gender=Male,gender=Male,0,>50K | Husband | Married-civ-spouse | Masters | Private,2,2,"{""gender=Female"": ""<=50K"", ""gender=Male"": "">50K""}","{""gender=Female"": {""alpha"": 1.0, ""margin"": -0.0133912666393039, ""p_observed"": 0.49330436668034805, ""prior_probability"": 0.018867924528301886, ""score"": 0.49330436668034805}, ""gender=Male"": {""alpha"": 1.0, ""margin"": 0.11080016434395112, ""p_observed"": 0.5554000821719757, ""prior_probability"": 0.9811320754716981, ""score"": 0.5554000821719757}}","{""gender=Female"": {""alpha"": 1.0, ""margin"": -0.0133912666393039, ""p_observed"": 0.49330436668034805, ""prior_probability"": 0.018867924528301886, ""score"": -0.0133912666393039}, ""gender=Male"": {""alpha"": 1.0, ""margin"": 0.11080016434395112, ""p_observed"": 0.5554000821719757, ""prior_probability"": 0.9811320754716981, ""score"": 0.11080016434395112}}","{""gender=Female"": {""alpha"": 0.0, ""margin"": -0.0133912666393039, ""p_observed"": 0.49330436668034805, ""prior_probability"": 0.018867924528301886, ""score"": -3.970291913552122}, ""gender=Male"": {""alpha"": 0.0, ""margin"": 0.11080016434395112, ""p_observed"": 0.5554000821719757, ""prior_probability"": 0.9811320754716981, ""score"": -0.019048194970694474}}"
263,Male,White,gender=Male,<=50K,"{""age"": ""27"", ""workclass"": ""Private"", ""fnlwgt"": ""103524"", ""education"": ""HS-grad"", ""educational-num"": ""9"", ""marital-status"": ""Separated"", ""occupation"": ""Handlers-cleaners"", ""relationship"": ""Unmarried"", ""race"": ""White"", ""capital-gain"": ""0"", ""capital-loss"": ""0"", ""hours-per-week"": ""40"", ""native-country"": ""United-States""}",gender=Male,gender=Female,gender=Female,,gender=Female,gender=Female,gender=Female,0,<=50K | Unmarried | Separated | HS-grad | Private,2,2,"{""gender=Female"": ""<=50K"", ""gender=Male"": ""<=50K""}","{""gender=Female"": {""alpha"": 1.0, ""margin"": 0.9696559623409268, ""p_observed"": 0.9848279811704636, ""prior_probability"": 0.6363636363636364, ""score"": 0.9848279811704636}, ""gender=Male"": {""alpha"": 1.0, ""margin"": 0.9278530120676136, ""p_observed"": 0.9639265060338069, ""prior_probability"": 0.36363636363636365, ""score"": 0.9639265060338069}}","{""gender=Female"": {""alpha"": 1.0, ""margin"": 0.9696559623409268, ""p_observed"": 0.9848279811704636, ""prior_probability"": 0.6363636363636364, ""score"": 0.9696559623409268}, ""gender=Male"": {""alpha"": 1.0, ""margin"": 0.9278530120676136, ""p_observed"": 0.9639265060338069, ""prior_probability"": 0.36363636363636365, ""score"": 0.9278530120676136}}","{""gender=Female"": {""alpha"": 0.0, ""margin"": 0.9696559623409268, ""p_observed"": 0.9848279811704636, ""prior_probability"": 0.6363636363636364, ""score"": -0.45198512374305727}, ""gender=Male"": {""alpha"": 0.0, ""margin"": 0.9278530120676136, ""p_observed"": 0.9639265060338069, ""prior_probability"": 0.36363636363636365, ""score"": -1.0116009116784799}}"
264,Female,White,gender=Female,>50K,"{""age"": ""39"", ""workclass"": ""Private"", ""fnlwgt"": ""380614"", ""education"": ""Some-college"", ""educational-num"": ""10"", ""marital-status"": ""Divorced"", ""occupation"": ""Prof-specialty"", ""relationship"": ""Not-in-family"", ""race"": ""White"", ""capital-gain"": ""0"", ""capital-loss"": ""0"", ""hours-per-week"": ""45"", ""native-country"": ""United-States""}",gender=Male,gender=Male,gender=Male,,gender=Male,gender=Male,gender=Male,0,>50K | Not-in-family | Divorced | Some-college | Private,2,2,"{""gender=Female"": ""<=50K"", ""gender=Male"": ""<=50K""}","{""gender=Female"": {""alpha"": 1.0, ""margin"": -0.7903229696611419, ""p_observed"": 0.10483851516942896, ""prior_probability"": 0.2857142857142857, ""score"": 0.10483851516942896}, ""gender=Male"": {""alpha"": 1.0, ""margin"": -0.6923241440896839, ""p_observed"": 0.153837927955158, ""prior_probability"": 0.7142857142857143, ""score"": 0.153837927955158}}","{""gender=Female"": {""alpha"": 1.0, ""margin"": -0.7903229696611419, ""p_observed"": 0.10483851516942896, ""prior_probability"": 0.2857142857142857, ""score"": -0.7903229696611419}, ""gender=Male"": {""alpha"": 1.0, ""margin"": -0.6923241440896839, ""p_observed"": 0.153837927955158, ""prior_probability"": 0.7142857142857143, ""score"": -0.6923241440896839}}","{""gender=Female"": {""alpha"": 0.0, ""margin"": -0.7903229696611419, ""p_observed"": 0.10483851516942896, ""prior_probability"": 0.2857142857142857, ""score"": -1.252762968495368}, ""gender=Male"": {""alpha"": 0.0, ""margin"": -0.6923241440896839, ""p_observed"": 0.153837927955158, ""prior_probability"": 0.7142857142857143, ""score"": -0.3364722366212129}}"
265,Male,White,gender=Male,<=50K,"{""age"": ""50"", ""workclass"": ""Private"", ""fnlwgt"": ""209320"", ""education"": ""10th"", ""educational-num"": ""6"", ""marital-status"": ""Married-civ-spouse"", ""occupation"": ""Farming-fishing"", ""relationship"": ""Husband"", ""race"": ""White"", ""capital-gain"": ""0"", ""capital-loss"": ""0"", ""hours-per-week"": ""32"", ""native-country"": ""United-States""}",gender=Male,gender=Male,gender=Male,,gender=Female,gender=Female,gender=Male,0,<=50K | Husband | Married-civ-spouse | 10th | Private,2,2,"{""gender=Female"": ""<=50K"", ""gender=Male"": ""<=50K""}","{""gender=Female"": {""alpha"": 1.0, ""margin"": 0.656753722018811, ""p_observed"": 0.8283768610094053, ""prior_probability"": 0.05555555555555555, ""score"": 0.8283768610094053}, ""gender=Male"": {""alpha"": 1.0, ""margin"": 0.6354424485528773, ""p_observed"": 0.8177212242764386, ""prior_probability"": 0.9444444444444444, ""score"": 0.8177212242764386}}","{""gender=Female"": {""alpha"": 1.0, ""margin"": 0.656753722018811, ""p_observed"": 0.8283768610094053, ""prior_probability"": 0.05555555555555555, ""score"": 0.656753722018811}, ""gender=Male"": {""alpha"": 1.0, ""margin"": 0.6354424485528773, ""p_observed"": 0.8177212242764386, ""prior_probability"": 0.9444444444444444, ""score"": 0.6354424485528773}}","{""gender=Female"": {""alpha"": 0.0, ""margin"": 0.656753722018811, ""p_observed"": 0.8283768610094053, ""prior_probability"": 0.05555555555555555, ""score"": -2.890371757896165}, ""gender=Male"": {""alpha"": 0.0, ""margin"": 0.6354424485528773, ""p_observed"": 0.8177212242764386, ""prior_probability"": 0.9444444444444444, ""score"": -0.05715841383994864}}"
266,Male,White,gender=Male,<=50K,"{""age"": ""46"", ""workclass"": ""Private"", ""fnlwgt"": ""149949"", ""education"": ""Some-college"", ""educational-num"": ""10"", ""marital-status"": ""Married-civ-spouse"", ""occupation"": ""Craft-repair"", ""relationship"": ""Husband"", ""race"": ""White"", ""capital-gain"": ""0"", ""capital-loss"": ""0"", ""hours-per-week"": ""40"", ""native-country"": ""United-States""}",gender=Male,gender=Male,gender=Male,,gender=Female,gender=Female,gender=Male,0,<=50K | Husband | Married-civ-spouse | Some-college | Private,2,2,"{""gender=Female"": ""<=50K"", ""gender=Male"": ""<=50K""}","{""gender=Female"": {""alpha"": 1.0, ""margin"": 0.31486123274303945, ""p_observed"": 0.6574306163715198, ""prior_probability"": 0.0037735849056603774, ""score"": 0.6574306163715198}, ""gender=Male"": {""alpha"": 1.0, ""margin"": 0.23955464032574697, ""p_observed"": 0.6197773201628736, ""prior_probability"": 0.9962264150943396, ""score"": 0.6197773201628736}}","{""gender=Female"": {""alpha"": 1.0, ""margin"": 0.31486123274303945, ""p_observed"": 0.6574306163715198, ""prior_probability"": 0.0037735849056603774, ""score"": 0.31486123274303945}, ""gender=Male"": {""alpha"": 1.0, ""margin"": 0.23955464032574697, ""p_observed"": 0.6197773201628736, ""prior_probability"": 0.9962264150943396, ""score"": 0.23955464032574697}}","{""gender=Female"": {""alpha"": 0.0, ""margin"": 0.31486123274303945, ""p_observed"": 0.6574306163715198, ""prior_probability"": 0.0037735849056603774, ""score"": -5.579729825986222}, ""gender=Male"": {""alpha"": 0.0, ""margin"": 0.23955464032574697, ""p_observed"": 0.6197773201628736, ""prior_probability"": 0.9962264150943396, ""score"": -0.0037807228399060443}}"
267,Male,White,gender=Male,>50K,"{""age"": ""50"", ""workclass"": ""Private"", ""fnlwgt"": ""400630"", ""education"": ""Prof-school"", ""educational-num"": ""15"", ""marital-status"": ""Married-civ-spouse"", ""occupation"": ""Prof-specialty"", ""relationship"": ""Husband"", ""race"": ""White"", ""capital-gain"": ""0"", ""capital-loss"": ""0"", ""hours-per-week"": ""36"", ""native-country"": ""United-States""}",gender=Male,gender=Male,gender=Male,,gender=Male,gender=Male,gender=Male,0,>50K | Husband | Married-civ-spouse | Prof-school | Private,2,2,"{""gender=Female"": "">50K"", ""gender=Male"": "">50K""}","{""gender=Female"": {""alpha"": 1.0, ""margin"": 0.21956120286006825, ""p_observed"": 0.6097806014300341, ""prior_probability"": 0.004132231404958678, ""score"": 0.6097806014300341}, ""gender=Male"": {""alpha"": 1.0, ""margin"": 0.3438106192196112, ""p_observed"": 0.6719053096098055, ""prior_probability"": 0.9958677685950413, ""score"": 0.6719053096098055}}","{""gender=Female"": {""alpha"": 1.0, ""margin"": 0.21956120286006825, ""p_observed"": 0.6097806014300341, ""prior_probability"": 0.004132231404958678, ""score"": 0.21956120286006825}, ""gender=Male"": {""alpha"": 1.0, ""margin"": 0.3438106192196112, ""p_observed"": 0.6719053096098055, ""prior_probability"": 0.9958677685950413, ""score"": 0.3438106192196112}}","{""gender=Female"": {""alpha"": 0.0, ""margin"": 0.21956120286006825, ""p_observed"": 0.6097806014300341, ""prior_probability"": 0.004132231404958678, ""score"": -5.488937726156687}, ""gender=Male"": {""alpha"": 0.0, ""margin"": 0.3438106192196112, ""p_observed"": 0.6719053096098055, ""prior_probability"": 0.9958677685950413, ""score"": -0.004140792666031388}}"
268,Male,White,gender=Male,>50K,"{""age"": ""52"", ""workclass"": ""Self-emp-not-inc"", ""fnlwgt"": ""194995"", ""education"": ""Bachelors"", ""educational-num"": ""13"", ""marital-status"": ""Married-civ-spouse"", ""occupation"": ""Sales"", ""relationship"": ""Husband"", ""race"": ""White"", ""capital-gain"": ""15024"", ""capital-loss"": ""0"", ""hours-per-week"": ""55"", ""native-country"": ""United-States""}",gender=Male,gender=Male,gender=Male,,gender=Male,gender=Male,gender=Male,0,>50K | Husband | Married-civ-spouse | Bachelors | Self-emp-not-inc,2,2,"{""gender=Female"": "">50K"", ""gender=Male"": "">50K""}","{""gender=Female"": {""alpha"": 1.0, ""margin"": 0.6166774418971714, ""p_observed"": 0.8083387209485858, ""prior_probability"": 0.003472222222222222, ""score"": 0.8083387209485858}, ""gender=Male"": {""alpha"": 1.0, ""margin"": 0.7949010899106799, ""p_observed"": 0.8974505449553399, ""prior_probability"": 0.9965277777777778, ""score"": 0.8974505449553399}}","{""gender=Female"": {""alpha"": 1.0, ""margin"": 0.6166774418971714, ""p_observed"": 0.8083387209485858, ""prior_probability"": 0.003472222222222222, ""score"": 0.6166774418971714}, ""gender=Male"": {""alpha"": 1.0, ""margin"": 0.7949010899106799, ""p_observed"": 0.8974505449553399, ""prior_probability"": 0.9965277777777778, ""score"": 0.7949010899106799}}","{""gender=Female"": {""alpha"": 0.0, ""margin"": 0.6166774418971714, ""p_observed"": 0.8083387209485858, ""prior_probability"": 0.003472222222222222, ""score"": -5.662960480135946}, ""gender=Male"": {""alpha"": 0.0, ""margin"": 0.7949010899106799, ""p_observed"": 0.8974505449553399, ""prior_probability"": 0.9965277777777778, ""score"": -0.0034782643763248086}}"
269,Female,White,gender=Female,<=50K,"{""age"": ""18"", ""workclass"": ""Private"", ""fnlwgt"": ""115839"", ""education"": ""12th"", ""educational-num"": ""8"", ""marital-status"": ""Never-married"", ""occupation"": ""Adm-clerical"", ""relationship"": ""Not-in-family"", ""race"": ""White"", ""capital-gain"": ""0"", ""capital-loss"": ""0"", ""hours-per-week"": ""30"", ""native-country"": ""United-States""}",gender=Male,gender=Female,gender=Female,,gender=Female,gender=Female,gender=Female,0,<=50K | Not-in-family | Never-married | 12th | Private,2,2,"{""gender=Female"": ""<=50K"", ""gender=Male"": ""<=50K""}","{""gender=Female"": {""alpha"": 1.0, ""margin"": 0.9846121812175449, ""p_observed"": 0.9923060906087724, ""prior_probability"": 0.75, ""score"": 0.9923060906087724}, ""gender=Male"": {""alpha"": 1.0, ""margin"": 0.9760971063603846, ""p_observed"": 0.9880485531801921, ""prior_probability"": 0.25, ""score"": 0.9880485531801921}}","{""gender=Female"": {""alpha"": 1.0, ""margin"": 0.9846121812175449, ""p_observed"": 0.9923060906087724, ""prior_probability"": 0.75, ""score"": 0.9846121812175449}, ""gender=Male"": {""alpha"": 1.0, ""margin"": 0.9760971063603846, ""p_observed"": 0.9880485531801921, ""prior_probability"": 0.25, ""score"": 0.9760971063603846}}","{""gender=Female"": {""alpha"": 0.0, ""margin"": 0.9846121812175449, ""p_observed"": 0.9923060906087724, ""prior_probability"": 0.75, ""score"": -0.2876820724517809}, ""gender=Male"": {""alpha"": 0.0, ""margin"": 0.9760971063603846, ""p_observed"": 0.9880485531801921, ""prior_probability"": 0.25, ""score"": -1.3862943611198906}}"
270,Female,Black,gender=Female,<=50K,"{""age"": ""29"", ""workclass"": ""Private"", ""fnlwgt"": ""265638"", ""education"": ""Some-college"", ""educational-num"": ""10"", ""marital-status"": ""Never-married"", ""occupation"": ""Other-service"", ""relationship"": ""Unmarried"", ""race"": ""Black"", ""capital-gain"": ""0"", ""capital-loss"": ""0"", ""hours-per-week"": ""40"", ""native-country"": ""United-States""}",gender=Male,gender=Female,gender=Female,,gender=Female,gender=Female,gender=Female,0,<=50K | Unmarried | Never-married | Some-college | Private,2,2,"{""gender=Female"": ""<=50K"", ""gender=Male"": ""<=50K""}","{""gender=Female"": {""alpha"": 1.0, ""margin"": 0.971867832633714, ""p_observed"": 0.9859339163168569, ""prior_probability"": 0.9032258064516129, ""score"": 0.9859339163168569}, ""gender=Male"": {""alpha"": 1.0, ""margin"": 0.9680390368726929, ""p_observed"": 0.9840195184363463, ""prior_probability"": 0.0967741935483871, ""score"": 0.9840195184363463}}","{""gender=Female"": {""alpha"": 1.0, ""margin"": 0.971867832633714, ""p_observed"": 0.9859339163168569, ""prior_probability"": 0.9032258064516129, ""score"": 0.971867832633714}, ""gender=Male"": {""alpha"": 1.0, ""margin"": 0.9680390368726929, ""p_observed"": 0.9840195184363463, ""prior_probability"": 0.0967741935483871, ""score"": 0.9680390368726929}}","{""gender=Female"": {""alpha"": 0.0, ""margin"": 0.971867832633714, ""p_observed"": 0.9859339163168569, ""prior_probability"": 0.9032258064516129, ""score"": -0.10178269430994236}, ""gender=Male"": {""alpha"": 0.0, ""margin"": 0.9680390368726929, ""p_observed"": 0.9840195184363463, ""prior_probability"": 0.0967741935483871, ""score"": -2.3353749158170367}}"
271,Male,White,gender=Male,>50K,"{""age"": ""35"", ""workclass"": ""Self-emp-inc"", ""fnlwgt"": ""135436"", ""education"": ""Prof-school"", ""educational-num"": ""15"", ""marital-status"": ""Married-civ-spouse"", ""occupation"": ""Prof-specialty"", ""relationship"": ""Husband"", ""race"": ""White"", ""capital-gain"": ""0"", ""capital-loss"": ""0"", ""hours-per-week"": ""50"", ""native-country"": ""United-States""}",gender=Male,gender=Male,gender=Male,,gender=Male,gender=Male,gender=Male,0,>50K | Husband | Married-civ-spouse | Prof-school | Self-emp-inc,2,2,"{""gender=Female"": "">50K"", ""gender=Male"": "">50K""}","{""gender=Female"": {""alpha"": 1.0, ""margin"": 0.5713914159955127, ""p_observed"": 0.7856957079977563, ""prior_probability"": 0.004132231404958678, ""score"": 0.7856957079977563}, ""gender=Male"": {""alpha"": 1.0, ""margin"": 0.6697612562501867, ""p_observed"": 0.8348806281250933, ""prior_probability"": 0.9958677685950413, ""score"": 0.8348806281250933}}","{""gender=Female"": {""alpha"": 1.0, ""margin"": 0.5713914159955127, ""p_observed"": 0.7856957079977563, ""prior_probability"": 0.004132231404958678, ""score"": 0.5713914159955127}, ""gender=Male"": {""alpha"": 1.0, ""margin"": 0.6697612562501867, ""p_observed"": 0.8348806281250933, ""prior_probability"": 0.9958677685950413, ""score"": 0.6697612562501867}}","{""gender=Female"": {""alpha"": 0.0, ""margin"": 0.5713914159955127, ""p_observed"": 0.7856957079977563, ""prior_probability"": 0.004132231404958678, ""score"": -5.488937726156687}, ""gender=Male"": {""alpha"": 0.0, ""margin"": 0.6697612562501867, ""p_observed"": 0.8348806281250933, ""prior_probability"": 0.9958677685950413, ""score"": -0.004140792666031388}}"
272,Male,White,gender=Male,<=50K,"{""age"": ""45"", ""workclass"": ""Private"", ""fnlwgt"": ""171540"", ""education"": ""HS-grad"", ""educational-num"": ""9"", ""marital-status"": ""Married-civ-spouse"", ""occupation"": ""Craft-repair"", ""relationship"": ""Husband"", ""race"": ""White"", ""capital-gain"": ""0"", ""capital-loss"": ""0"", ""hours-per-week"": ""40"", ""native-country"": ""United-States""}",gender=Male,gender=Male,gender=Male,,gender=Female,gender=Female,gender=Male,0,<=50K | Husband | Married-civ-spouse | HS-grad | Private,2,2,"{""gender=Female"": ""<=50K"", ""gender=Male"": ""<=50K""}","{""gender=Female"": {""alpha"": 1.0, ""margin"": 0.44672784560041945, ""p_observed"": 0.7233639228002096, ""prior_probability"": 0.001364256480218281, ""score"": 0.7233639228002096}, ""gender=Male"": {""alpha"": 1.0, ""margin"": 0.38376696594963217, ""p_observed"": 0.691883482974816, ""prior_probability"": 0.9986357435197817, ""score"": 0.691883482974816}}","{""gender=Female"": {""alpha"": 1.0, ""margin"": 0.44672784560041945, ""p_observed"": 0.7233639228002096, ""prior_probability"": 0.001364256480218281, ""score"": 0.44672784560041945}, ""gender=Male"": {""alpha"": 1.0, ""margin"": 0.38376696594963217, ""p_observed"": 0.691883482974816, ""prior_probability"": 0.9986357435197817, ""score"": 0.38376696594963217}}","{""gender=Female"": {""alpha"": 0.0, ""margin"": 0.44672784560041945, ""p_observed"": 0.7233639228002096, ""prior_probability"": 0.001364256480218281, ""score"": -6.597145701886651}, ""gender=Male"": {""alpha"": 0.0, ""margin"": 0.38376696594963217, ""p_observed"": 0.691883482974816, ""prior_probability"": 0.9986357435197817, ""score"": -0.00136518792533997}}"
273,Male,White,gender=Male,>50K,"{""age"": ""36"", ""workclass"": ""Self-emp-not-inc"", ""fnlwgt"": ""186035"", ""education"": ""Prof-school"", ""educational-num"": ""15"", ""marital-status"": ""Married-civ-spouse"", ""occupation"": ""Sales"", ""relationship"": ""Husband"", ""race"": ""White"", ""capital-gain"": ""0"", ""capital-loss"": ""0"", ""hours-per-week"": ""30"", ""native-country"": ""United-States""}",gender=Male,gender=Male,gender=Male,,gender=Male,gender=Male,gender=Male,0,>50K | Husband | Married-civ-spouse | Prof-school | Self-emp-not-inc,2,2,"{""gender=Female"": ""<=50K"", ""gender=Male"": "">50K""}","{""gender=Female"": {""alpha"": 1.0, ""margin"": -0.0025357402474290303, ""p_observed"": 0.4987321298762855, ""prior_probability"": 0.16666666666666666, ""score"": 0.4987321298762855}, ""gender=Male"": {""alpha"": 1.0, ""margin"": 0.03480249963157456, ""p_observed"": 0.5174012498157873, ""prior_probability"": 0.8333333333333334, ""score"": 0.5174012498157873}}","{""gender=Female"": {""alpha"": 1.0, ""margin"": -0.0025357402474290303, ""p_observed"": 0.4987321298762855, ""prior_probability"": 0.16666666666666666, ""score"": -0.0025357402474290303}, ""gender=Male"": {""alpha"": 1.0, ""margin"": 0.03480249963157456, ""p_observed"": 0.5174012498157873, ""prior_probability"": 0.8333333333333334, ""score"": 0.03480249963157456}}","{""gender=Female"": {""alpha"": 0.0, ""margin"": -0.0025357402474290303, ""p_observed"": 0.4987321298762855, ""prior_probability"": 0.16666666666666666, ""score"": -1.791759469228055}, ""gender=Male"": {""alpha"": 0.0, ""margin"": 0.03480249963157456, ""p_observed"": 0.5174012498157873, ""prior_probability"": 0.8333333333333334, ""score"": -0.1823215567939546}}"
274,Female,White,gender=Female,<=50K,"{""age"": ""44"", ""workclass"": ""Private"", ""fnlwgt"": ""228057"", ""education"": ""7th-8th"", ""educational-num"": ""4"", ""marital-status"": ""Married-civ-spouse"", ""occupation"": ""Machine-op-inspct"", ""relationship"": ""Wife"", ""race"": ""White"", ""capital-gain"": ""0"", ""capital-loss"": ""0"", ""hours-per-week"": ""40"", ""native-country"": ""Dominican-Republic""}",gender=Male,gender=Female,gender=Female,,gender=Male,gender=Male,gender=Female,0,<=50K | Wife | Married-civ-spouse | 7th-8th | Private,2,2,"{""gender=Female"": ""<=50K"", ""gender=Male"": ""<=50K""}","{""gender=Female"": {""alpha"": 1.0, ""margin"": 0.6307053593381632, ""p_observed"": 0.8153526796690814, ""prior_probability"": 0.8571428571428571, ""score"": 0.8153526796690814}, ""gender=Male"": {""alpha"": 1.0, ""margin"": 0.6781946043170813, ""p_observed"": 0.8390973021585406, ""prior_probability"": 0.14285714285714285, ""score"": 0.8390973021585406}}","{""gender=Female"": {""alpha"": 1.0, ""margin"": 0.6307053593381632, ""p_observed"": 0.8153526796690814, ""prior_probability"": 0.8571428571428571, ""score"": 0.6307053593381632}, ""gender=Male"": {""alpha"": 1.0, ""margin"": 0.6781946043170813, ""p_observed"": 0.8390973021585406, ""prior_probability"": 0.14285714285714285, ""score"": 0.6781946043170813}}","{""gender=Female"": {""alpha"": 0.0, ""margin"": 0.6307053593381632, ""p_observed"": 0.8153526796690814, ""prior_probability"": 0.8571428571428571, ""score"": -0.15415067982725836}, ""gender=Male"": {""alpha"": 0.0, ""margin"": 0.6781946043170813, ""p_observed"": 0.8390973021585406, ""prior_probability"": 0.14285714285714285, ""score"": -1.9459101490553135}}"
275,Male,Amer-Indian-Eskimo,gender=Male,<=50K,"{""age"": ""28"", ""workclass"": ""Private"", ""fnlwgt"": ""150309"", ""education"": ""HS-grad"", ""educational-num"": ""9"", ""marital-status"": ""Married-civ-spouse"", ""occupation"": ""Machine-op-inspct"", ""relationship"": ""Husband"", ""race"": ""Amer-Indian-Eskimo"", ""capital-gain"": ""0"", ""capital-loss"": ""0"", ""hours-per-week"": ""45"", ""native-country"": ""United-States""}",gender=Male,gender=Male,gender=Male,,gender=Female,gender=Female,gender=Male,0,<=50K | Husband | Married-civ-spouse | HS-grad | Private,2,2,"{""gender=Female"": ""<=50K"", ""gender=Male"": ""<=50K""}","{""gender=Female"": {""alpha"": 1.0, ""margin"": 0.5875861700452037, ""p_observed"": 0.7937930850226017, ""prior_probability"": 0.0033783783783783786, ""score"": 0.7937930850226017}, ""gender=Male"": {""alpha"": 1.0, ""margin"": 0.5385879654490588, ""p_observed"": 0.7692939827245292, ""prior_probability"": 0.9966216216216216, ""score"": 0.7692939827245292}}","{""gender=Female"": {""alpha"": 1.0, ""margin"": 0.5875861700452037, ""p_observed"": 0.7937930850226017, ""prior_probability"": 0.0033783783783783786, ""score"": 0.5875861700452037}, ""gender=Male"": {""alpha"": 1.0, ""margin"": 0.5385879654490588, ""p_observed"": 0.7692939827245292, ""prior_probability"": 0.9966216216216216, ""score"": 0.5385879654490588}}","{""gender=Female"": {""alpha"": 0.0, ""margin"": 0.5875861700452037, ""p_observed"": 0.7937930850226017, ""prior_probability"": 0.0033783783783783786, ""score"": -5.69035945432406}, ""gender=Male"": {""alpha"": 0.0, ""margin"": 0.5385879654490588, ""p_observed"": 0.7692939827245292, ""prior_probability"": 0.9966216216216216, ""score"": -0.0033840979842405684}}"
276,Male,White,gender=Male,<=50K,"{""age"": ""23"", ""workclass"": ""Private"", ""fnlwgt"": ""151888"", ""education"": ""Some-college"", ""educational-num"": ""10"", ""marital-status"": ""Never-married"", ""occupation"": ""Sales"", ""relationship"": ""Own-child"", ""race"": ""White"", ""capital-gain"": ""0"", ""capital-loss"": ""0"", ""hours-per-week"": ""40"", ""native-country"": ""United-States""}",gender=Male,gender=Female,gender=Female,gender=Female,gender=Female,gender=Female,gender=Female,1,<=50K | Own-child | Never-married | Some-college | Private,2,2,"{""gender=Female"": ""<=50K"", ""gender=Male"": ""<=50K""}","{""gender=Female"": {""alpha"": 1.0, ""margin"": 0.9883380625357555, ""p_observed"": 0.9941690312678777, ""prior_probability"": 0.6565656565656566, ""score"": 0.9941690312678777}, ""gender=Male"": {""alpha"": 1.0, ""margin"": 0.9860395232197547, ""p_observed"": 0.9930197616098771, ""prior_probability"": 0.3434343434343434, ""score"": 0.9930197616098771}}","{""gender=Female"": {""alpha"": 1.0, ""margin"": 0.9883380625357555, ""p_observed"": 0.9941690312678777, ""prior_probability"": 0.6565656565656566, ""score"": 0.9883380625357555}, ""gender=Male"": {""alpha"": 1.0, ""margin"": 0.9860395232197547, ""p_observed"": 0.9930197616098771, ""prior_probability"": 0.3434343434343434, ""score"": 0.9860395232197547}}","{""gender=Female"": {""alpha"": 0.0, ""margin"": 0.9883380625357555, ""p_observed"": 0.9941690312678777, ""prior_probability"": 0.6565656565656566, ""score"": -0.4207325802389528}, ""gender=Male"": {""alpha"": 0.0, ""margin"": 0.9860395232197547, ""p_observed"": 0.9930197616098771, ""prior_probability"": 0.3434343434343434, ""score"": -1.0687593255184287}}"
277,Male,White,gender=Male,<=50K,"{""age"": ""32"", ""workclass"": ""Self-emp-inc"", ""fnlwgt"": ""108467"", ""education"": ""Bachelors"", ""educational-num"": ""13"", ""marital-status"": ""Never-married"", ""occupation"": ""Exec-managerial"", ""relationship"": ""Not-in-family"", ""race"": ""White"", ""capital-gain"": ""0"", ""capital-loss"": ""0"", ""hours-per-week"": ""55"", ""native-country"": ""United-States""}",gender=Male,gender=Female,gender=Female,,gender=Female,gender=Female,gender=Female,0,<=50K | Not-in-family | Never-married | Bachelors | Self-emp-inc,2,2,"{""gender=Female"": ""<=50K"", ""gender=Male"": ""<=50K""}","{""gender=Female"": {""alpha"": 1.0, ""margin"": 0.5799702561396642, ""p_observed"": 0.789985128069832, ""prior_probability"": 0.5403726708074534, ""score"": 0.789985128069832}, ""gender=Male"": {""alpha"": 1.0, ""margin"": 0.4552113126768871, ""p_observed"": 0.7276056563384434, ""prior_probability"": 0.45962732919254656, ""score"": 0.7276056563384434}}","{""gender=Female"": {""alpha"": 1.0, ""margin"": 0.5799702561396642, ""p_observed"": 0.789985128069832, ""prior_probability"": 0.5403726708074534, ""score"": 0.5799702561396642}, ""gender=Male"": {""alpha"": 1.0, ""margin"": 0.4552113126768871, ""p_observed"": 0.7276056563384434, ""prior_probability"": 0.45962732919254656, ""score"": 0.4552113126768871}}","{""gender=Female"": {""alpha"": 0.0, ""margin"": 0.5799702561396642, ""p_observed"": 0.789985128069832, ""prior_probability"": 0.5403726708074534, ""score"": -0.6154962463298792}, ""gender=Male"": {""alpha"": 0.0, ""margin"": 0.4552113126768871, ""p_observed"": 0.7276056563384434, ""prior_probability"": 0.45962732919254656, ""score"": -0.7773392717802933}}"
278,Male,White,gender=Male,>50K,"{""age"": ""47"", ""workclass"": ""Private"", ""fnlwgt"": ""61885"", ""education"": ""Bachelors"", ""educational-num"": ""13"", ""marital-status"": ""Married-civ-spouse"", ""occupation"": ""Prof-specialty"", ""relationship"": ""Husband"", ""race"": ""White"", ""capital-gain"": ""15024"", ""capital-loss"": ""0"", ""hours-per-week"": ""50"", ""native-country"": ""United-States""}",gender=Male,gender=Male,gender=Male,gender=Male,gender=Male,gender=Male,gender=Male,1,>50K | Husband | Married-civ-spouse | Bachelors | Private,2,2,"{""gender=Female"": "">50K"", ""gender=Male"": "">50K""}","{""gender=Female"": {""alpha"": 1.0, ""margin"": 0.6925545397997339, ""p_observed"": 0.846277269899867, ""prior_probability"": 0.0029069767441860465, ""score"": 0.846277269899867}, ""gender=Male"": {""alpha"": 1.0, ""margin"": 0.7899838574925122, ""p_observed"": 0.894991928746256, ""prior_probability"": 0.997093023255814, ""score"": 0.894991928746256}}","{""gender=Female"": {""alpha"": 1.0, ""margin"": 0.6925545397997339, ""p_observed"": 0.846277269899867, ""prior_probability"": 0.0029069767441860465, ""score"": 0.6925545397997339}, ""gender=Male"": {""alpha"": 1.0, ""margin"": 0.7899838574925122, ""p_observed"": 0.894991928746256, ""prior_probability"": 0.997093023255814, ""score"": 0.7899838574925122}}","{""gender=Female"": {""alpha"": 0.0, ""margin"": 0.6925545397997339, ""p_observed"": 0.846277269899867, ""prior_probability"": 0.0029069767441860465, ""score"": -5.840641657373398}, ""gender=Male"": {""alpha"": 0.0, ""margin"": 0.7899838574925122, ""p_observed"": 0.894991928746256, ""prior_probability"": 0.997093023255814, ""score"": -0.0029112102074584415}}"
279,Male,White,gender=Male,<=50K,"{""age"": ""22"", ""workclass"": ""Private"", ""fnlwgt"": ""112693"", ""education"": ""HS-grad"", ""educational-num"": ""9"", ""marital-status"": ""Married-civ-spouse"", ""occupation"": ""Craft-repair"", ""relationship"": ""Husband"", ""race"": ""White"", ""capital-gain"": ""0"", ""capital-loss"": ""0"", ""hours-per-week"": ""35"", ""native-country"": ""United-States""}",gender=Male,gender=Male,gender=Male,,gender=Female,gender=Female,gender=Male,0,<=50K | Husband | Married-civ-spouse | HS-grad | Private,2,2,"{""gender=Female"": ""<=50K"", ""gender=Male"": ""<=50K""}","{""gender=Female"": {""alpha"": 1.0, ""margin"": 0.7416747055198698, ""p_observed"": 0.8708373527599349, ""prior_probability"": 0.001364256480218281, ""score"": 0.8708373527599349}, ""gender=Male"": {""alpha"": 1.0, ""margin"": 0.6856338889807236, ""p_observed"": 0.8428169444903617, ""prior_probability"": 0.9986357435197817, ""score"": 0.8428169444903617}}","{""gender=Female"": {""alpha"": 1.0, ""margin"": 0.7416747055198698, ""p_observed"": 0.8708373527599349, ""prior_probability"": 0.001364256480218281, ""score"": 0.7416747055198698}, ""gender=Male"": {""alpha"": 1.0, ""margin"": 0.6856338889807236, ""p_observed"": 0.8428169444903617, ""prior_probability"": 0.9986357435197817, ""score"": 0.6856338889807236}}","{""gender=Female"": {""alpha"": 0.0, ""margin"": 0.7416747055198698, ""p_observed"": 0.8708373527599349, ""prior_probability"": 0.001364256480218281, ""score"": -6.597145701886651}, ""gender=Male"": {""alpha"": 0.0, ""margin"": 0.6856338889807236, ""p_observed"": 0.8428169444903617, ""prior_probability"": 0.9986357435197817, ""score"": -0.00136518792533997}}"
280,Male,White,gender=Male,<=50K,"{""age"": ""35"", ""workclass"": ""Self-emp-not-inc"", ""fnlwgt"": ""166416"", ""education"": ""HS-grad"", ""educational-num"": ""9"", ""marital-status"": ""Married-civ-spouse"", ""occupation"": ""Farming-fishing"", ""relationship"": ""Husband"", ""race"": ""White"", ""capital-gain"": ""0"", ""capital-loss"": ""0"", ""hours-per-week"": ""99"", ""native-country"": ""United-States""}",gender=Male,gender=Male,gender=Male,,gender=Female,gender=Female,gender=Male,0,<=50K | Husband | Married-civ-spouse | HS-grad | Self-emp-not-inc,2,2,"{""gender=Female"": ""<=50K"", ""gender=Male"": ""<=50K""}","{""gender=Female"": {""alpha"": 1.0, ""margin"": 0.5449240154569277, ""p_observed"": 0.7724620077284636, ""prior_probability"": 0.0056179775280898875, ""score"": 0.7724620077284636}, ""gender=Male"": {""alpha"": 1.0, ""margin"": 0.5104578224197649, ""p_observed"": 0.7552289112098822, ""prior_probability"": 0.9943820224719101, ""score"": 0.7552289112098822}}","{""gender=Female"": {""alpha"": 1.0, ""margin"": 0.5449240154569277, ""p_observed"": 0.7724620077284636, ""prior_probability"": 0.0056179775280898875, ""score"": 0.5449240154569277}, ""gender=Male"": {""alpha"": 1.0, ""margin"": 0.5104578224197649, ""p_observed"": 0.7552289112098822, ""prior_probability"": 0.9943820224719101, ""score"": 0.5104578224197649}}","{""gender=Female"": {""alpha"": 0.0, ""margin"": 0.5449240154569277, ""p_observed"": 0.7724620077284636, ""prior_probability"": 0.0056179775280898875, ""score"": -5.181783550292085}, ""gender=Male"": {""alpha"": 0.0, ""margin"": 0.5104578224197649, ""p_observed"": 0.7552289112098822, ""prior_probability"": 0.9943820224719101, ""score"": -0.00563381771825602}}"
281,Male,White,gender=Male,<=50K,"{""age"": ""20"", ""workclass"": ""Private"", ""fnlwgt"": ""114874"", ""education"": ""Some-college"", ""educational-num"": ""10"", ""marital-status"": ""Never-married"", ""occupation"": ""Adm-clerical"", ""relationship"": ""Own-child"", ""race"": ""White"", ""capital-gain"": ""0"", ""capital-loss"": ""0"", ""hours-per-week"": ""30"", ""native-country"": ""United-States""}",gender=Male,gender=Female,gender=Female,gender=Female,gender=Female,gender=Female,gender=Female,1,<=50K | Own-child | Never-married | Some-college | Private,2,2,"{""gender=Female"": ""<=50K"", ""gender=Male"": ""<=50K""}","{""gender=Female"": {""alpha"": 1.0, ""margin"": 0.9921364299066725, ""p_observed"": 0.9960682149533362, ""prior_probability"": 0.6830188679245283, ""score"": 0.9960682149533362}, ""gender=Male"": {""alpha"": 1.0, ""margin"": 0.9917686780053264, ""p_observed"": 0.9958843390026629, ""prior_probability"": 0.3169811320754717, ""score"": 0.9958843390026629}}","{""gender=Female"": {""alpha"": 1.0, ""margin"": 0.9921364299066725, ""p_observed"": 0.9960682149533362, ""prior_probability"": 0.6830188679245283, ""score"": 0.9921364299066725}, ""gender=Male"": {""alpha"": 1.0, ""margin"": 0.9917686780053264, ""p_observed"": 0.9958843390026629, ""prior_probability"": 0.3169811320754717, ""score"": 0.9917686780053264}}","{""gender=Female"": {""alpha"": 0.0, ""margin"": 0.9921364299066725, ""p_observed"": 0.9960682149533362, ""prior_probability"": 0.6830188679245283, ""score"": -0.3812327947203965}, ""gender=Male"": {""alpha"": 0.0, ""margin"": 0.9917686780053264, ""p_observed"": 0.9958843390026629, ""prior_probability"": 0.3169811320754717, ""score"": -1.1489130271429087}}"
282,Male,White,gender=Male,<=50K,"{""age"": ""38"", ""workclass"": ""Private"", ""fnlwgt"": ""108140"", ""education"": ""Bachelors"", ""educational-num"": ""13"", ""marital-status"": ""Never-married"", ""occupation"": ""Exec-managerial"", ""relationship"": ""Not-in-family"", ""race"": ""White"", ""capital-gain"": ""2202"", ""capital-loss"": ""0"", ""hours-per-week"": ""45"", ""native-country"": ""United-States""}",gender=Male,gender=Female,gender=Female,,gender=Female,gender=Female,gender=Female,0,<=50K | Not-in-family | Never-married | Bachelors | Private,2,2,"{""gender=Female"": ""<=50K"", ""gender=Male"": ""<=50K""}","{""gender=Female"": {""alpha"": 1.0, ""margin"": 0.6247758510840652, ""p_observed"": 0.8123879255420325, ""prior_probability"": 0.5403726708074534, ""score"": 0.8123879255420325}, ""gender=Male"": {""alpha"": 1.0, ""margin"": 0.541120260234649, ""p_observed"": 0.7705601301173244, ""prior_probability"": 0.45962732919254656, ""score"": 0.7705601301173244}}","{""gender=Female"": {""alpha"": 1.0, ""margin"": 0.6247758510840652, ""p_observed"": 0.8123879255420325, ""prior_probability"": 0.5403726708074534, ""score"": 0.6247758510840652}, ""gender=Male"": {""alpha"": 1.0, ""margin"": 0.541120260234649, ""p_observed"": 0.7705601301173244, ""prior_probability"": 0.45962732919254656, ""score"": 0.541120260234649}}","{""gender=Female"": {""alpha"": 0.0, ""margin"": 0.6247758510840652, ""p_observed"": 0.8123879255420325, ""prior_probability"": 0.5403726708074534, ""score"": -0.6154962463298792}, ""gender=Male"": {""alpha"": 0.0, ""margin"": 0.541120260234649, ""p_observed"": 0.7705601301173244, ""prior_probability"": 0.45962732919254656, ""score"": -0.7773392717802933}}"
283,Male,White,gender=Male,<=50K,"{""age"": ""46"", ""workclass"": ""Private"", ""fnlwgt"": ""182715"", ""education"": ""7th-8th"", ""educational-num"": ""4"", ""marital-status"": ""Divorced"", ""occupation"": ""Exec-managerial"", ""relationship"": ""Not-in-family"", ""race"": ""White"", ""capital-gain"": ""0"", ""capital-loss"": ""0"", ""hours-per-week"": ""40"", ""native-country"": ""United-States""}",gender=Male,gender=Female,gender=Female,,gender=Female,gender=Female,gender=Female,0,<=50K | Not-in-family | Divorced | 7th-8th | Private,2,2,"{""gender=Female"": ""<=50K"", ""gender=Male"": ""<=50K""}","{""gender=Female"": {""alpha"": 1.0, ""margin"": 0.8633739834693801, ""p_observed"": 0.9316869917346899, ""prior_probability"": 0.5212765957446809, ""score"": 0.9316869917346899}, ""gender=Male"": {""alpha"": 1.0, ""margin"": 0.7946140348045544, ""p_observed"": 0.8973070174022771, ""prior_probability"": 0.4787234042553192, ""score"": 0.8973070174022771}}","{""gender=Female"": {""alpha"": 1.0, ""margin"": 0.8633739834693801, ""p_observed"": 0.9316869917346899, ""prior_probability"": 0.5212765957446809, ""score"": 0.8633739834693801}, ""gender=Male"": {""alpha"": 1.0, ""margin"": 0.7946140348045544, ""p_observed"": 0.8973070174022771, ""prior_probability"": 0.4787234042553192, ""score"": 0.7946140348045544}}","{""gender=Female"": {""alpha"": 0.0, ""margin"": 0.8633739834693801, ""p_observed"": 0.9316869917346899, ""prior_probability"": 0.5212765957446809, ""score"": -0.6514744841593773}, ""gender=Male"": {""alpha"": 0.0, ""margin"": 0.7946140348045544, ""p_observed"": 0.8973070174022771, ""prior_probability"": 0.4787234042553192, ""score"": -0.7366322924996841}}"
284,Female,White,gender=Female,>50K,"{""age"": ""46"", ""workclass"": ""Private"", ""fnlwgt"": ""243190"", ""education"": ""HS-grad"", ""educational-num"": ""9"", ""marital-status"": ""Married-civ-spouse"", ""occupation"": ""Adm-clerical"", ""relationship"": ""Wife"", ""race"": ""White"", ""capital-gain"": ""7688"", ""capital-loss"": ""0"", ""hours-per-week"": ""40"", ""native-country"": ""United-States""}",gender=Male,gender=Female,gender=Female,,gender=Female,gender=Female,gender=Female,0,>50K | Wife | Married-civ-spouse | HS-grad | Private,2,2,"{""gender=Female"": "">50K"", ""gender=Male"": "">50K""}","{""gender=Female"": {""alpha"": 1.0, ""margin"": 0.5475234303142362, ""p_observed"": 0.7737617151571181, ""prior_probability"": 0.9836065573770492, ""score"": 0.7737617151571181}, ""gender=Male"": {""alpha"": 1.0, ""margin"": 0.4969554645772967, ""p_observed"": 0.7484777322886484, ""prior_probability"": 0.01639344262295082, ""score"": 0.7484777322886484}}","{""gender=Female"": {""alpha"": 1.0, ""margin"": 0.5475234303142362, ""p_observed"": 0.7737617151571181, ""prior_probability"": 0.9836065573770492, ""score"": 0.5475234303142362}, ""gender=Male"": {""alpha"": 1.0, ""margin"": 0.4969554645772967, ""p_observed"": 0.7484777322886484, ""prior_probability"": 0.01639344262295082, ""score"": 0.4969554645772967}}","{""gender=Female"": {""alpha"": 0.0, ""margin"": 0.5475234303142362, ""p_observed"": 0.7737617151571181, ""prior_probability"": 0.9836065573770492, ""score"": -0.016529301951210582}, ""gender=Male"": {""alpha"": 0.0, ""margin"": 0.4969554645772967, ""p_observed"": 0.7484777322886484, ""prior_probability"": 0.01639344262295082, ""score"": -4.110873864173311}}"
285,Female,White,gender=Female,<=50K,"{""age"": ""22"", ""workclass"": ""Private"", ""fnlwgt"": ""362589"", ""education"": ""Assoc-acdm"", ""educational-num"": ""12"", ""marital-status"": ""Never-married"", ""occupation"": ""Sales"", ""relationship"": ""Not-in-family"", ""race"": ""White"", ""capital-gain"": ""0"", ""capital-loss"": ""0"", ""hours-per-week"": ""15"", ""native-country"": ""United-States""}",gender=Male,gender=Male,gender=Male,,gender=Male,gender=Male,gender=Male,0,<=50K | Not-in-family | Never-married | Assoc-acdm | Private,2,2,"{""gender=Female"": ""<=50K"", ""gender=Male"": ""<=50K""}","{""gender=Female"": {""alpha"": 1.0, ""margin"": 0.9539727357594654, ""p_observed"": 0.9769863678797327, ""prior_probability"": 0.29411764705882354, ""score"": 0.9769863678797327}, ""gender=Male"": {""alpha"": 1.0, ""margin"": 0.9640337412168707, ""p_observed"": 0.9820168706084352, ""prior_probability"": 0.7058823529411765, ""score"": 0.9820168706084352}}","{""gender=Female"": {""alpha"": 1.0, ""margin"": 0.9539727357594654, ""p_observed"": 0.9769863678797327, ""prior_probability"": 0.29411764705882354, ""score"": 0.9539727357594654}, ""gender=Male"": {""alpha"": 1.0, ""margin"": 0.9640337412168707, ""p_observed"": 0.9820168706084352, ""prior_probability"": 0.7058823529411765, ""score"": 0.9640337412168707}}","{""gender=Female"": {""alpha"": 0.0, ""margin"": 0.9539727357594654, ""p_observed"": 0.9769863678797327, ""prior_probability"": 0.29411764705882354, ""score"": -1.2237754316221157}, ""gender=Male"": {""alpha"": 0.0, ""margin"": 0.9640337412168707, ""p_observed"": 0.9820168706084352, ""prior_probability"": 0.7058823529411765, ""score"": -0.3483066942682157}}"
286,Male,White,gender=Male,<=50K,"{""age"": ""18"", ""workclass"": ""Private"", ""fnlwgt"": ""216540"", ""education"": ""11th"", ""educational-num"": ""7"", ""marital-status"": ""Never-married"", ""occupation"": ""Craft-repair"", ""relationship"": ""Own-child"", ""race"": ""White"", ""capital-gain"": ""0"", ""capital-loss"": ""0"", ""hours-per-week"": ""40"", ""native-country"": ""United-States""}",gender=Male,gender=Male,gender=Male,,gender=Female,gender=Female,gender=Male,0,<=50K | Own-child | Never-married | 11th | Private,2,2,"{""gender=Female"": ""<=50K"", ""gender=Male"": ""<=50K""}","{""gender=Female"": {""alpha"": 1.0, ""margin"": 0.9918208351306462, ""p_observed"": 0.9959104175653231, ""prior_probability"": 0.037037037037037035, ""score"": 0.9959104175653231}, ""gender=Male"": {""alpha"": 1.0, ""margin"": 0.9867039361381081, ""p_observed"": 0.9933519680690539, ""prior_probability"": 0.9629629629629629, ""score"": 0.9933519680690539}}","{""gender=Female"": {""alpha"": 1.0, ""margin"": 0.9918208351306462, ""p_observed"": 0.9959104175653231, ""prior_probability"": 0.037037037037037035, ""score"": 0.9918208351306462}, ""gender=Male"": {""alpha"": 1.0, ""margin"": 0.9867039361381081, ""p_observed"": 0.9933519680690539, ""prior_probability"": 0.9629629629629629, ""score"": 0.9867039361381081}}","{""gender=Female"": {""alpha"": 0.0, ""margin"": 0.9918208351306462, ""p_observed"": 0.9959104175653231, ""prior_probability"": 0.037037037037037035, ""score"": -3.295836866004329}, ""gender=Male"": {""alpha"": 0.0, ""margin"": 0.9867039361381081, ""p_observed"": 0.9933519680690539, ""prior_probability"": 0.9629629629629629, ""score"": -0.037740327982847086}}"
287,Male,White,gender=Male,<=50K,"{""age"": ""47"", ""workclass"": ""Private"", ""fnlwgt"": ""98044"", ""education"": ""Preschool"", ""educational-num"": ""1"", ""marital-status"": ""Never-married"", ""occupation"": ""Other-service"", ""relationship"": ""Not-in-family"", ""race"": ""White"", ""capital-gain"": ""0"", ""capital-loss"": ""0"", ""hours-per-week"": ""25"", ""native-country"": ""El-Salvador""}",gender=Male,gender=Female,gender=Female,,gender=Female,gender=Female,gender=Female,0,<=50K | Not-in-family | Never-married | Preschool | Private,2,2,"{""gender=Female"": ""<=50K"", ""gender=Male"": ""<=50K""}","{""gender=Female"": {""alpha"": 1.0, ""margin"": 0.9654890837451683, ""p_observed"": 0.9827445418725841, ""prior_probability"": 0.6666666666666666, ""score"": 0.9827445418725841}, ""gender=Male"": {""alpha"": 1.0, ""margin"": 0.9494527284164188, ""p_observed"": 0.9747263642082092, ""prior_probability"": 0.3333333333333333, ""score"": 0.9747263642082092}}","{""gender=Female"": {""alpha"": 1.0, ""margin"": 0.9654890837451683, ""p_observed"": 0.9827445418725841, ""prior_probability"": 0.6666666666666666, ""score"": 0.9654890837451683}, ""gender=Male"": {""alpha"": 1.0, ""margin"": 0.9494527284164188, ""p_observed"": 0.9747263642082092, ""prior_probability"": 0.3333333333333333, ""score"": 0.9494527284164188}}","{""gender=Female"": {""alpha"": 0.0, ""margin"": 0.9654890837451683, ""p_observed"": 0.9827445418725841, ""prior_probability"": 0.6666666666666666, ""score"": -0.40546510810816444}, ""gender=Male"": {""alpha"": 0.0, ""margin"": 0.9494527284164188, ""p_observed"": 0.9747263642082092, ""prior_probability"": 0.3333333333333333, ""score"": -1.0986122886681098}}"
288,Male,White,gender=Male,<=50K,"{""age"": ""53"", ""workclass"": ""Private"", ""fnlwgt"": ""180062"", ""education"": ""7th-8th"", ""educational-num"": ""4"", ""marital-status"": ""Married-civ-spouse"", ""occupation"": ""Craft-repair"", ""relationship"": ""Husband"", ""race"": ""White"", ""capital-gain"": ""0"", ""capital-loss"": ""0"", ""hours-per-week"": ""40"", ""native-country"": ""United-States""}",gender=Male,gender=Male,gender=Male,,gender=Female,gender=Female,gender=Male,0,<=50K | Husband | Married-civ-spouse | 7th-8th | Private,2,2,"{""gender=Female"": ""<=50K"", ""gender=Male"": ""<=50K""}","{""gender=Female"": {""alpha"": 1.0, ""margin"": 0.6683894046186543, ""p_observed"": 0.834194702309327, ""prior_probability"": 0.015384615384615385, ""score"": 0.834194702309327}, ""gender=Male"": {""alpha"": 1.0, ""margin"": 0.6370401574982408, ""p_observed"": 0.8185200787491203, ""prior_probability"": 0.9846153846153847, ""score"": 0.8185200787491203}}","{""gender=Female"": {""alpha"": 1.0, ""margin"": 0.6683894046186543, ""p_observed"": 0.834194702309327, ""prior_probability"": 0.015384615384615385, ""score"": 0.6683894046186543}, ""gender=Male"": {""alpha"": 1.0, ""margin"": 0.6370401574982408, ""p_observed"": 0.8185200787491203, ""prior_probability"": 0.9846153846153847, ""score"": 0.6370401574982408}}","{""gender=Female"": {""alpha"": 0.0, ""margin"": 0.6683894046186543, ""p_observed"": 0.834194702309327, ""prior_probability"": 0.015384615384615385, ""score"": -4.174387269895637}, ""gender=Male"": {""alpha"": 0.0, ""margin"": 0.6370401574982408, ""p_observed"": 0.8185200787491203, ""prior_probability"": 0.9846153846153847, ""score"": -0.015504186535965199}}"
289,Female,White,gender=Female,<=50K,"{""age"": ""73"", ""workclass"": ""State-gov"", ""fnlwgt"": ""96262"", ""education"": ""HS-grad"", ""educational-num"": ""9"", ""marital-status"": ""Widowed"", ""occupation"": ""Adm-clerical"", ""relationship"": ""Not-in-family"", ""race"": ""White"", ""capital-gain"": ""0"", ""capital-loss"": ""0"", ""hours-per-week"": ""40"", ""native-country"": ""United-States""}",gender=Male,gender=Female,gender=Female,,gender=Female,gender=Female,gender=Female,0,<=50K | Not-in-family | Widowed | HS-grad | State-gov,2,2,"{""gender=Female"": ""<=50K"", ""gender=Male"": ""<=50K""}","{""gender=Female"": {""alpha"": 1.0, ""margin"": 0.9247142361104447, ""p_observed"": 0.9623571180552222, ""prior_probability"": 0.9512195121951219, ""score"": 0.9623571180552222}, ""gender=Male"": {""alpha"": 1.0, ""margin"": 0.8639661089793895, ""p_observed"": 0.9319830544896945, ""prior_probability"": 0.04878048780487805, ""score"": 0.9319830544896945}}","{""gender=Female"": {""alpha"": 1.0, ""margin"": 0.9247142361104447, ""p_observed"": 0.9623571180552222, ""prior_probability"": 0.9512195121951219, ""score"": 0.9247142361104447}, ""gender=Male"": {""alpha"": 1.0, ""margin"": 0.8639661089793895, ""p_observed"": 0.9319830544896945, ""prior_probability"": 0.04878048780487805, ""score"": 0.8639661089793895}}","{""gender=Female"": {""alpha"": 0.0, ""margin"": 0.9247142361104447, ""p_observed"": 0.9623571180552222, ""prior_probability"": 0.9512195121951219, ""score"": -0.05001042057466142}, ""gender=Male"": {""alpha"": 0.0, ""margin"": 0.8639661089793895, ""p_observed"": 0.9319830544896945, ""prior_probability"": 0.04878048780487805, ""score"": -3.0204248861443626}}"
290,Male,White,gender=Male,>50K,"{""age"": ""25"", ""workclass"": ""Private"", ""fnlwgt"": ""223426"", ""education"": ""Assoc-voc"", ""educational-num"": ""11"", ""marital-status"": ""Never-married"", ""occupation"": ""Sales"", ""relationship"": ""Not-in-family"", ""race"": ""White"", ""capital-gain"": ""0"", ""capital-loss"": ""0"", ""hours-per-week"": ""65"", ""native-country"": ""Canada""}",gender=Male,gender=Female,gender=Female,,gender=Female,gender=Female,gender=Female,0,>50K | Not-in-family | Never-married | Assoc-voc | Private,2,2,"{""gender=Female"": ""<=50K"", ""gender=Male"": ""<=50K""}","{""gender=Female"": {""alpha"": 1.0, ""margin"": -0.9029413102830637, ""p_observed"": 0.04852934485846806, ""prior_probability"": 0.6666666666666666, ""score"": 0.04852934485846806}, ""gender=Male"": {""alpha"": 1.0, ""margin"": -0.9148125106187044, ""p_observed"": 0.04259374469064764, ""prior_probability"": 0.3333333333333333, ""score"": 0.04259374469064764}}","{""gender=Female"": {""alpha"": 1.0, ""margin"": -0.9029413102830637, ""p_observed"": 0.04852934485846806, ""prior_probability"": 0.6666666666666666, ""score"": -0.9029413102830637}, ""gender=Male"": {""alpha"": 1.0, ""margin"": -0.9148125106187044, ""p_observed"": 0.04259374469064764, ""prior_probability"": 0.3333333333333333, ""score"": -0.9148125106187044}}","{""gender=Female"": {""alpha"": 0.0, ""margin"": -0.9029413102830637, ""p_observed"": 0.04852934485846806, ""prior_probability"": 0.6666666666666666, ""score"": -0.40546510810816444}, ""gender=Male"": {""alpha"": 0.0, ""margin"": -0.9148125106187044, ""p_observed"": 0.04259374469064764, ""prior_probability"": 0.3333333333333333, ""score"": -1.0986122886681098}}"
291,Male,White,gender=Male,<=50K,"{""age"": ""24"", ""workclass"": ""Private"", ""fnlwgt"": ""300584"", ""education"": ""Some-college"", ""educational-num"": ""10"", ""marital-status"": ""Married-civ-spouse"", ""occupation"": ""Craft-repair"", ""relationship"": ""Husband"", ""race"": ""White"", ""capital-gain"": ""0"", ""capital-loss"": ""0"", ""hours-per-week"": ""45"", ""native-country"": ""United-States""}",gender=Male,gender=Male,gender=Male,,gender=Female,gender=Female,gender=Male,0,<=50K | Husband | Married-civ-spouse | Some-college | Private,2,2,"{""gender=Female"": ""<=50K"", ""gender=Male"": ""<=50K""}","{""gender=Female"": {""alpha"": 1.0, ""margin"": 0.5678893916201833, ""p_observed"": 0.7839446958100916, ""prior_probability"": 0.0037735849056603774, ""score"": 0.7839446958100916}, ""gender=Male"": {""alpha"": 1.0, ""margin"": 0.4715833379069322, ""p_observed"": 0.735791668953466, ""prior_probability"": 0.9962264150943396, ""score"": 0.735791668953466}}","{""gender=Female"": {""alpha"": 1.0, ""margin"": 0.5678893916201833, ""p_observed"": 0.7839446958100916, ""prior_probability"": 0.0037735849056603774, ""score"": 0.5678893916201833}, ""gender=Male"": {""alpha"": 1.0, ""margin"": 0.4715833379069322, ""p_observed"": 0.735791668953466, ""prior_probability"": 0.9962264150943396, ""score"": 0.4715833379069322}}","{""gender=Female"": {""alpha"": 0.0, ""margin"": 0.5678893916201833, ""p_observed"": 0.7839446958100916, ""prior_probability"": 0.0037735849056603774, ""score"": -5.579729825986222}, ""gender=Male"": {""alpha"": 0.0, ""margin"": 0.4715833379069322, ""p_observed"": 0.735791668953466, ""prior_probability"": 0.9962264150943396, ""score"": -0.0037807228399060443}}"
292,Male,White,gender=Male,<=50K,"{""age"": ""50"", ""workclass"": ""Private"", ""fnlwgt"": ""330142"", ""education"": ""Some-college"", ""educational-num"": ""10"", ""marital-status"": ""Married-civ-spouse"", ""occupation"": ""Other-service"", ""relationship"": ""Husband"", ""race"": ""White"", ""capital-gain"": ""0"", ""capital-loss"": ""0"", ""hours-per-week"": ""44"", ""native-country"": ""United-States""}",gender=Male,gender=Male,gender=Male,,gender=Female,gender=Female,gender=Male,0,<=50K | Husband | Married-civ-spouse | Some-college | Private,2,2,"{""gender=Female"": ""<=50K"", ""gender=Male"": ""<=50K""}","{""gender=Female"": {""alpha"": 1.0, ""margin"": 0.41762203188574853, ""p_observed"": 0.7088110159428742, ""prior_probability"": 0.014285714285714285, ""score"": 0.7088110159428742}, ""gender=Male"": {""alpha"": 1.0, ""margin"": 0.3058340610009631, ""p_observed"": 0.6529170305004814, ""prior_probability"": 0.9857142857142858, ""score"": 0.6529170305004814}}","{""gender=Female"": {""alpha"": 1.0, ""margin"": 0.41762203188574853, ""p_observed"": 0.7088110159428742, ""prior_probability"": 0.014285714285714285, ""score"": 0.41762203188574853}, ""gender=Male"": {""alpha"": 1.0, ""margin"": 0.3058340610009631, ""p_observed"": 0.6529170305004814, ""prior_probability"": 0.9857142857142858, ""score"": 0.3058340610009631}}","{""gender=Female"": {""alpha"": 0.0, ""margin"": 0.41762203188574853, ""p_observed"": 0.7088110159428742, ""prior_probability"": 0.014285714285714285, ""score"": -4.248495242049359}, ""gender=Male"": {""alpha"": 0.0, ""margin"": 0.3058340610009631, ""p_observed"": 0.6529170305004814, ""prior_probability"": 0.9857142857142858, ""score"": -0.014388737452099556}}"
293,Male,Black,gender=Male,>50K,"{""age"": ""36"", ""workclass"": ""Private"", ""fnlwgt"": ""128757"", ""education"": ""Bachelors"", ""educational-num"": ""13"", ""marital-status"": ""Married-civ-spouse"", ""occupation"": ""Other-service"", ""relationship"": ""Husband"", ""race"": ""Black"", ""capital-gain"": ""7298"", ""capital-loss"": ""0"", ""hours-per-week"": ""36"", ""native-country"": ""United-States""}",gender=Male,gender=Male,gender=Male,gender=Male,gender=Male,gender=Male,gender=Male,1,>50K | Husband | Married-civ-spouse | Bachelors | Private,2,2,"{""gender=Female"": "">50K"", ""gender=Male"": "">50K""}","{""gender=Female"": {""alpha"": 1.0, ""margin"": 0.3962351521287262, ""p_observed"": 0.6981175760643631, ""prior_probability"": 0.1111111111111111, ""score"": 0.6981175760643631}, ""gender=Male"": {""alpha"": 1.0, ""margin"": 0.4633142574392822, ""p_observed"": 0.7316571287196411, ""prior_probability"": 0.8888888888888888, ""score"": 0.7316571287196411}}","{""gender=Female"": {""alpha"": 1.0, ""margin"": 0.3962351521287262, ""p_observed"": 0.6981175760643631, ""prior_probability"": 0.1111111111111111, ""score"": 0.3962351521287262}, ""gender=Male"": {""alpha"": 1.0, ""margin"": 0.4633142574392822, ""p_observed"": 0.7316571287196411, ""prior_probability"": 0.8888888888888888, ""score"": 0.4633142574392822}}","{""gender=Female"": {""alpha"": 0.0, ""margin"": 0.3962351521287262, ""p_observed"": 0.6981175760643631, ""prior_probability"": 0.1111111111111111, ""score"": -2.1972245773362196}, ""gender=Male"": {""alpha"": 0.0, ""margin"": 0.4633142574392822, ""p_observed"": 0.7316571287196411, ""prior_probability"": 0.8888888888888888, ""score"": -0.11778303565638351}}"
294,Male,White,gender=Male,<=50K,"{""age"": ""68"", ""workclass"": ""Private"", ""fnlwgt"": ""217424"", ""education"": ""HS-grad"", ""educational-num"": ""9"", ""marital-status"": ""Married-civ-spouse"", ""occupation"": ""Protective-serv"", ""relationship"": ""Husband"", ""race"": ""White"", ""capital-gain"": ""0"", ""capital-loss"": ""0"", ""hours-per-week"": ""24"", ""native-country"": ""United-States""}",gender=Male,gender=Male,gender=Male,,gender=Female,gender=Female,gender=Male,0,<=50K | Husband | Married-civ-spouse | HS-grad | Private,2,2,"{""gender=Female"": ""<=50K"", ""gender=Male"": ""<=50K""}","{""gender=Female"": {""alpha"": 1.0, ""margin"": 0.5680631765585124, ""p_observed"": 0.7840315882792561, ""prior_probability"": 0.017543859649122806, ""score"": 0.7840315882792561}, ""gender=Male"": {""alpha"": 1.0, ""margin"": 0.5184378379812158, ""p_observed"": 0.7592189189906078, ""prior_probability"": 0.9824561403508771, ""score"": 0.7592189189906078}}","{""gender=Female"": {""alpha"": 1.0, ""margin"": 0.5680631765585124, ""p_observed"": 0.7840315882792561, ""prior_probability"": 0.017543859649122806, ""score"": 0.5680631765585124}, ""gender=Male"": {""alpha"": 1.0, ""margin"": 0.5184378379812158, ""p_observed"": 0.7592189189906078, ""prior_probability"": 0.9824561403508771, ""score"": 0.5184378379812158}}","{""gender=Female"": {""alpha"": 0.0, ""margin"": 0.5680631765585124, ""p_observed"": 0.7840315882792561, ""prior_probability"": 0.017543859649122806, ""score"": -4.04305126783455}, ""gender=Male"": {""alpha"": 0.0, ""margin"": 0.5184378379812158, ""p_observed"": 0.7592189189906078, ""prior_probability"": 0.9824561403508771, ""score"": -0.017699577099400975}}"
295,Male,Asian-Pac-Islander,gender=Male,<=50K,"{""age"": ""33"", ""workclass"": ""State-gov"", ""fnlwgt"": ""119628"", ""education"": ""Doctorate"", ""educational-num"": ""16"", ""marital-status"": ""Married-civ-spouse"", ""occupation"": ""Prof-specialty"", ""relationship"": ""Husband"", ""race"": ""Asian-Pac-Islander"", ""capital-gain"": ""0"", ""capital-loss"": ""0"", ""hours-per-week"": ""50"", ""native-country"": ""Hong""}",gender=Male,gender=Male,gender=Male,,gender=Female,gender=Female,gender=Male,0,<=50K | Husband | Married-civ-spouse | Doctorate | State-gov,2,2,"{""gender=Female"": "">50K"", ""gender=Male"": "">50K""}","{""gender=Female"": {""alpha"": 1.0, ""margin"": -0.18571728980207386, ""p_observed"": 0.40714135509896304, ""prior_probability"": 0.03333333333333333, ""score"": 0.40714135509896304}, ""gender=Male"": {""alpha"": 1.0, ""margin"": -0.24605966539596685, ""p_observed"": 0.37697016730201643, ""prior_probability"": 0.9666666666666667, ""score"": 0.37697016730201643}}","{""gender=Female"": {""alpha"": 1.0, ""margin"": -0.18571728980207386, ""p_observed"": 0.40714135509896304, ""prior_probability"": 0.03333333333333333, ""score"": -0.18571728980207386}, ""gender=Male"": {""alpha"": 1.0, ""margin"": -0.24605966539596685, ""p_observed"": 0.37697016730201643, ""prior_probability"": 0.9666666666666667, ""score"": -0.24605966539596685}}","{""gender=Female"": {""alpha"": 0.0, ""margin"": -0.18571728980207386, ""p_observed"": 0.40714135509896304, ""prior_probability"": 0.03333333333333333, ""score"": -3.4011973816621555}, ""gender=Male"": {""alpha"": 0.0, ""margin"": -0.24605966539596685, ""p_observed"": 0.37697016730201643, ""prior_probability"": 0.9666666666666667, ""score"": -0.03390155167568134}}"
296,Male,White,gender=Male,<=50K,"{""age"": ""58"", ""workclass"": ""Private"", ""fnlwgt"": ""68624"", ""education"": ""HS-grad"", ""educational-num"": ""9"", ""marital-status"": ""Married-civ-spouse"", ""occupation"": ""Exec-managerial"", ""relationship"": ""Husband"", ""race"": ""White"", ""capital-gain"": ""0"", ""capital-loss"": ""0"", ""hours-per-week"": ""45"", ""native-country"": ""United-States""}",gender=Male,gender=Male,gender=Male,,gender=Female,gender=Female,gender=Male,0,<=50K | Husband | Married-civ-spouse | HS-grad | Private,2,2,"{""gender=Female"": ""<=50K"", ""gender=Male"": ""<=50K""}","{""gender=Female"": {""alpha"": 1.0, ""margin"": 0.17382901727236166, ""p_observed"": 0.5869145086361808, ""prior_probability"": 0.0058823529411764705, ""score"": 0.5869145086361808}, ""gender=Male"": {""alpha"": 1.0, ""margin"": 0.0034089510230010944, ""p_observed"": 0.5017044755115005, ""prior_probability"": 0.9941176470588236, ""score"": 0.5017044755115005}}","{""gender=Female"": {""alpha"": 1.0, ""margin"": 0.17382901727236166, ""p_observed"": 0.5869145086361808, ""prior_probability"": 0.0058823529411764705, ""score"": 0.17382901727236166}, ""gender=Male"": {""alpha"": 1.0, ""margin"": 0.0034089510230010944, ""p_observed"": 0.5017044755115005, ""prior_probability"": 0.9941176470588236, ""score"": 0.0034089510230010944}}","{""gender=Female"": {""alpha"": 0.0, ""margin"": 0.17382901727236166, ""p_observed"": 0.5869145086361808, ""prior_probability"": 0.0058823529411764705, ""score"": -5.135798437050262}, ""gender=Male"": {""alpha"": 0.0, ""margin"": 0.0034089510230010944, ""p_observed"": 0.5017044755115005, ""prior_probability"": 0.9941176470588236, ""score"": -0.005899722127188271}}"
297,Male,White,gender=Male,<=50K,"{""age"": ""33"", ""workclass"": ""Private"", ""fnlwgt"": ""212918"", ""education"": ""Some-college"", ""educational-num"": ""10"", ""marital-status"": ""Never-married"", ""occupation"": ""Tech-support"", ""relationship"": ""Not-in-family"", ""race"": ""White"", ""capital-gain"": ""0"", ""capital-loss"": ""0"", ""hours-per-week"": ""70"", ""native-country"": ""United-States""}",gender=Male,gender=Female,gender=Female,,gender=Female,gender=Female,gender=Female,0,<=50K | Not-in-family | Never-married | Some-college | Private,2,2,"{""gender=Female"": ""<=50K"", ""gender=Male"": ""<=50K""}","{""gender=Female"": {""alpha"": 1.0, ""margin"": 0.8529239868873073, ""p_observed"": 0.9264619934436535, ""prior_probability"": 0.6052631578947368, ""score"": 0.9264619934436535}, ""gender=Male"": {""alpha"": 1.0, ""margin"": 0.8519852559715458, ""p_observed"": 0.9259926279857729, ""prior_probability"": 0.39473684210526316, ""score"": 0.9259926279857729}}","{""gender=Female"": {""alpha"": 1.0, ""margin"": 0.8529239868873073, ""p_observed"": 0.9264619934436535, ""prior_probability"": 0.6052631578947368, ""score"": 0.8529239868873073}, ""gender=Male"": {""alpha"": 1.0, ""margin"": 0.8519852559715458, ""p_observed"": 0.9259926279857729, ""prior_probability"": 0.39473684210526316, ""score"": 0.8519852559715458}}","{""gender=Female"": {""alpha"": 0.0, ""margin"": 0.8529239868873073, ""p_observed"": 0.9264619934436535, ""prior_probability"": 0.6052631578947368, ""score"": -0.5020919437972361}, ""gender=Male"": {""alpha"": 0.0, ""margin"": 0.8519852559715458, ""p_observed"": 0.9259926279857729, ""prior_probability"": 0.39473684210526316, ""score"": -0.9295359586241757}}"
298,Male,White,gender=Male,>50K,"{""age"": ""43"", ""workclass"": ""State-gov"", ""fnlwgt"": ""28451"", ""education"": ""Bachelors"", ""educational-num"": ""13"", ""marital-status"": ""Married-civ-spouse"", ""occupation"": ""Prof-specialty"", ""relationship"": ""Husband"", ""race"": ""White"", ""capital-gain"": ""0"", ""capital-loss"": ""0"", ""hours-per-week"": ""37"", ""native-country"": ""United-States""}",gender=Male,gender=Male,gender=Male,,gender=Male,gender=Male,gender=Male,0,>50K | Husband | Married-civ-spouse | Bachelors | State-gov,2,2,"{""gender=Female"": "">50K"", ""gender=Male"": "">50K""}","{""gender=Female"": {""alpha"": 1.0, ""margin"": 0.05807404334503857, ""p_observed"": 0.5290370216725193, ""prior_probability"": 0.0029069767441860465, ""score"": 0.5290370216725193}, ""gender=Male"": {""alpha"": 1.0, ""margin"": 0.13753312230766546, ""p_observed"": 0.5687665611538326, ""prior_probability"": 0.997093023255814, ""score"": 0.5687665611538326}}","{""gender=Female"": {""alpha"": 1.0, ""margin"": 0.05807404334503857, ""p_observed"": 0.5290370216725193, ""prior_probability"": 0.0029069767441860465, ""score"": 0.05807404334503857}, ""gender=Male"": {""alpha"": 1.0, ""margin"": 0.13753312230766546, ""p_observed"": 0.5687665611538326, ""prior_probability"": 0.997093023255814, ""score"": 0.13753312230766546}}","{""gender=Female"": {""alpha"": 0.0, ""margin"": 0.05807404334503857, ""p_observed"": 0.5290370216725193, ""prior_probability"": 0.0029069767441860465, ""score"": -5.840641657373398}, ""gender=Male"": {""alpha"": 0.0, ""margin"": 0.13753312230766546, ""p_observed"": 0.5687665611538326, ""prior_probability"": 0.997093023255814, ""score"": -0.0029112102074584415}}"
299,Male,White,gender=Male,>50K,"{""age"": ""34"", ""workclass"": ""Private"", ""fnlwgt"": ""737315"", ""education"": ""Bachelors"", ""educational-num"": ""13"", ""marital-status"": ""Married-civ-spouse"", ""occupation"": ""Prof-specialty"", ""relationship"": ""Husband"", ""race"": ""White"", ""capital-gain"": ""0"", ""capital-loss"": ""0"", ""hours-per-week"": ""40"", ""native-country"": ""United-States""}",gender=Male,gender=Male,gender=Male,gender=Male,gender=Male,gender=Male,gender=Male,1,>50K | Husband | Married-civ-spouse | Bachelors | Private,2,2,"{""gender=Female"": "">50K"", ""gender=Male"": "">50K""}","{""gender=Female"": {""alpha"": 1.0, ""margin"": 0.1670559112197968, ""p_observed"": 0.5835279556098983, ""prior_probability"": 0.0029069767441860465, ""score"": 0.5835279556098983}, ""gender=Male"": {""alpha"": 1.0, ""margin"": 0.2932055791886415, ""p_observed"": 0.6466027895943207, ""prior_probability"": 0.997093023255814, ""score"": 0.6466027895943207}}","{""gender=Female"": {""alpha"": 1.0, ""margin"": 0.1670559112197968, ""p_observed"": 0.5835279556098983, ""prior_probability"": 0.0029069767441860465, ""score"": 0.1670559112197968}, ""gender=Male"": {""alpha"": 1.0, ""margin"": 0.2932055791886415, ""p_observed"": 0.6466027895943207, ""prior_probability"": 0.997093023255814, ""score"": 0.2932055791886415}}","{""gender=Female"": {""alpha"": 0.0, ""margin"": 0.1670559112197968, ""p_observed"": 0.5835279556098983, ""prior_probability"": 0.0029069767441860465, ""score"": -5.840641657373398}, ""gender=Male"": {""alpha"": 0.0, ""margin"": 0.2932055791886415, ""p_observed"": 0.6466027895943207, ""prior_probability"": 0.997093023255814, ""score"": -0.0029112102074584415}}"
300,Male,White,gender=Male,<=50K,"{""age"": ""41"", ""workclass"": ""Private"", ""fnlwgt"": ""170331"", ""education"": ""Bachelors"", ""educational-num"": ""13"", ""marital-status"": ""Married-civ-spouse"", ""occupation"": ""Prof-specialty"", ""relationship"": ""Husband"", ""race"": ""White"", ""capital-gain"": ""0"", ""capital-loss"": ""0"", ""hours-per-week"": ""60"", ""native-country"": ""United-States""}",gender=Male,gender=Male,gender=Male,,gender=Female,gender=Female,gender=Male,0,<=50K | Husband | Married-civ-spouse | Bachelors | Private,2,2,"{""gender=Female"": "">50K"", ""gender=Male"": "">50K""}","{""gender=Female"": {""alpha"": 1.0, ""margin"": -0.1780573335558352, ""p_observed"": 0.41097133322208235, ""prior_probability"": 0.00625, ""score"": 0.41097133322208235}, ""gender=Male"": {""alpha"": 1.0, ""margin"": -0.3548120845519389, ""p_observed"": 0.3225939577240303, ""prior_probability"": 0.99375, ""score"": 0.3225939577240303}}","{""gender=Female"": {""alpha"": 1.0, ""margin"": -0.1780573335558352, ""p_observed"": 0.41097133322208235, ""prior_probability"": 0.00625, ""score"": -0.1780573335558352}, ""gender=Male"": {""alpha"": 1.0, ""margin"": -0.3548120845519389, ""p_observed"": 0.3225939577240303, ""prior_probability"": 0.99375, ""score"": -0.3548120845519389}}","{""gender=Female"": {""alpha"": 0.0, ""margin"": -0.1780573335558352, ""p_observed"": 0.41097133322208235, ""prior_probability"": 0.00625, ""score"": -5.075173815233827}, ""gender=Male"": {""alpha"": 0.0, ""margin"": -0.3548120845519389, ""p_observed"": 0.3225939577240303, ""prior_probability"": 0.99375, ""score"": -0.006269613013595374}}"
301,Male,White,gender=Male,<=50K,"{""age"": ""39"", ""workclass"": ""Private"", ""fnlwgt"": ""82540"", ""education"": ""Some-college"", ""educational-num"": ""10"", ""marital-status"": ""Married-civ-spouse"", ""occupation"": ""Exec-managerial"", ""relationship"": ""Husband"", ""race"": ""White"", ""capital-gain"": ""0"", ""capital-loss"": ""0"", ""hours-per-week"": ""60"", ""native-country"": ""United-States""}",gender=Male,gender=Male,gender=Female,,gender=Female,gender=Female,gender=Male,0,<=50K | Husband | Married-civ-spouse | Some-college | Private,2,2,"{""gender=Female"": ""<=50K"", ""gender=Male"": "">50K""}","{""gender=Female"": {""alpha"": 1.0, ""margin"": 0.058249814178881254, ""p_observed"": 0.5291249070894407, ""prior_probability"": 0.0072992700729927005, ""score"": 0.5291249070894407}, ""gender=Male"": {""alpha"": 1.0, ""margin"": -0.146781325719331, ""p_observed"": 0.42660933714033444, ""prior_probability"": 0.9927007299270073, ""score"": 0.42660933714033444}}","{""gender=Female"": {""alpha"": 1.0, ""margin"": 0.058249814178881254, ""p_observed"": 0.5291249070894407, ""prior_probability"": 0.0072992700729927005, ""score"": 0.058249814178881254}, ""gender=Male"": {""alpha"": 1.0, ""margin"": -0.146781325719331, ""p_observed"": 0.42660933714033444, ""prior_probability"": 0.9927007299270073, ""score"": -0.146781325719331}}","{""gender=Female"": {""alpha"": 0.0, ""margin"": 0.058249814178881254, ""p_observed"": 0.5291249070894407, ""prior_probability"": 0.0072992700729927005, ""score"": -4.919980925828125}, ""gender=Male"": {""alpha"": 0.0, ""margin"": -0.146781325719331, ""p_observed"": 0.42660933714033444, ""prior_probability"": 0.9927007299270073, ""score"": -0.007326040092072898}}"
302,Male,White,gender=Male,<=50K,"{""age"": ""27"", ""workclass"": ""Self-emp-not-inc"", ""fnlwgt"": ""115705"", ""education"": ""Some-college"", ""educational-num"": ""10"", ""marital-status"": ""Never-married"", ""occupation"": ""Sales"", ""relationship"": ""Not-in-family"", ""race"": ""White"", ""capital-gain"": ""0"", ""capital-loss"": ""0"", ""hours-per-week"": ""50"", ""native-country"": ""United-States""}",gender=Male,gender=Male,gender=Male,,gender=Female,gender=Female,gender=Male,0,<=50K | Not-in-family | Never-married | Some-college | Self-emp-not-inc,2,2,"{""gender=Female"": ""<=50K"", ""gender=Male"": ""<=50K""}","{""gender=Female"": {""alpha"": 1.0, ""margin"": 0.9018073600163811, ""p_observed"": 0.9509036800081903, ""prior_probability"": 0.4296875, ""score"": 0.9509036800081903}, ""gender=Male"": {""alpha"": 1.0, ""margin"": 0.8779911909337232, ""p_observed"": 0.9389955954668613, ""prior_probability"": 0.5703125, ""score"": 0.9389955954668613}}","{""gender=Female"": {""alpha"": 1.0, ""margin"": 0.9018073600163811, ""p_observed"": 0.9509036800081903, ""prior_probability"": 0.4296875, ""score"": 0.9018073600163811}, ""gender=Male"": {""alpha"": 1.0, ""margin"": 0.8779911909337232, ""p_observed"": 0.9389955954668613, ""prior_probability"": 0.5703125, ""score"": 0.8779911909337232}}","{""gender=Female"": {""alpha"": 0.0, ""margin"": 0.9018073600163811, ""p_observed"": 0.9509036800081903, ""prior_probability"": 0.4296875, ""score"": -0.8446970786871463}, ""gender=Male"": {""alpha"": 0.0, ""margin"": 0.8779911909337232, ""p_observed"": 0.9389955954668613, ""prior_probability"": 0.5703125, ""score"": -0.561570822771226}}"
303,Male,White,gender=Male,<=50K,"{""age"": ""21"", ""workclass"": ""Private"", ""fnlwgt"": ""177125"", ""education"": ""Some-college"", ""educational-num"": ""10"", ""marital-status"": ""Never-married"", ""occupation"": ""Handlers-cleaners"", ""relationship"": ""Not-in-family"", ""race"": ""White"", ""capital-gain"": ""0"", ""capital-loss"": ""0"", ""hours-per-week"": ""20"", ""native-country"": ""United-States""}",gender=Male,gender=Male,gender=Male,,gender=Female,gender=Female,gender=Male,0,<=50K | Not-in-family | Never-married | Some-college | Private,2,2,"{""gender=Female"": ""<=50K"", ""gender=Male"": ""<=50K""}","{""gender=Female"": {""alpha"": 1.0, ""margin"": 0.9812774785064563, ""p_observed"": 0.9906387392532281, ""prior_probability"": 0.12121212121212122, ""score"": 0.9906387392532281}, ""gender=Male"": {""alpha"": 1.0, ""margin"": 0.9760004546110412, ""p_observed"": 0.9880002273055206, ""prior_probability"": 0.8787878787878788, ""score"": 0.9880002273055206}}","{""gender=Female"": {""alpha"": 1.0, ""margin"": 0.9812774785064563, ""p_observed"": 0.9906387392532281, ""prior_probability"": 0.12121212121212122, ""score"": 0.9812774785064563}, ""gender=Male"": {""alpha"": 1.0, ""margin"": 0.9760004546110412, ""p_observed"": 0.9880002273055206, ""prior_probability"": 0.8787878787878788, ""score"": 0.9760004546110412}}","{""gender=Female"": {""alpha"": 0.0, ""margin"": 0.9812774785064563, ""p_observed"": 0.9906387392532281, ""prior_probability"": 0.12121212121212122, ""score"": -2.1102132003465894}, ""gender=Male"": {""alpha"": 0.0, ""margin"": 0.9760004546110412, ""p_observed"": 0.9880002273055206, ""prior_probability"": 0.8787878787878788, ""score"": -0.12921173148000623}}"
304,Female,White,gender=Female,<=50K,"{""age"": ""25"", ""workclass"": ""Private"", ""fnlwgt"": ""238605"", ""education"": ""HS-grad"", ""educational-num"": ""9"", ""marital-status"": ""Never-married"", ""occupation"": ""Sales"", ""relationship"": ""Own-child"", ""race"": ""White"", ""capital-gain"": ""0"", ""capital-loss"": ""0"", ""hours-per-week"": ""25"", ""native-country"": ""United-States""}",gender=Male,gender=Female,gender=Female,gender=Female,gender=Female,gender=Female,gender=Female,1,<=50K | Own-child | Never-married | HS-grad | Private,2,2,"{""gender=Female"": ""<=50K"", ""gender=Male"": ""<=50K""}","{""gender=Female"": {""alpha"": 1.0, ""margin"": 0.9918588521556913, ""p_observed"": 0.9959294260778456, ""prior_probability"": 0.6222222222222222, ""score"": 0.9959294260778456}, ""gender=Male"": {""alpha"": 1.0, ""margin"": 0.9892528008729962, ""p_observed"": 0.9946264004364981, ""prior_probability"": 0.37777777777777777, ""score"": 0.9946264004364981}}","{""gender=Female"": {""alpha"": 1.0, ""margin"": 0.9918588521556913, ""p_observed"": 0.9959294260778456, ""prior_probability"": 0.6222222222222222, ""score"": 0.9918588521556913}, ""gender=Male"": {""alpha"": 1.0, ""margin"": 0.9892528008729962, ""p_observed"": 0.9946264004364981, ""prior_probability"": 0.37777777777777777, ""score"": 0.9892528008729962}}","{""gender=Female"": {""alpha"": 0.0, ""margin"": 0.9918588521556913, ""p_observed"": 0.9959294260778456, ""prior_probability"": 0.6222222222222222, ""score"": -0.4744579795951158}, ""gender=Male"": {""alpha"": 0.0, ""margin"": 0.9892528008729962, ""p_observed"": 0.9946264004364981, ""prior_probability"": 0.37777777777777777, ""score"": -0.9734491457141037}}"
305,Male,White,gender=Male,>50K,"{""age"": ""27"", ""workclass"": ""Private"", ""fnlwgt"": ""138269"", ""education"": ""HS-grad"", ""educational-num"": ""9"", ""marital-status"": ""Married-civ-spouse"", ""occupation"": ""Exec-managerial"", ""relationship"": ""Husband"", ""race"": ""White"", ""capital-gain"": ""0"", ""capital-loss"": ""0"", ""hours-per-week"": ""45"", ""native-country"": ""United-States""}",gender=Male,gender=Male,gender=Male,gender=Male,gender=Male,gender=Male,gender=Male,1,>50K | Husband | Married-civ-spouse | HS-grad | Private,2,2,"{""gender=Female"": ""<=50K"", ""gender=Male"": ""<=50K""}","{""gender=Female"": {""alpha"": 1.0, ""margin"": -0.4705866551751253, ""p_observed"": 0.2647066724124373, ""prior_probability"": 0.0049504950495049506, ""score"": 0.2647066724124373}, ""gender=Male"": {""alpha"": 1.0, ""margin"": -0.38219890848096316, ""p_observed"": 0.3089005457595184, ""prior_probability"": 0.995049504950495, ""score"": 0.3089005457595184}}","{""gender=Female"": {""alpha"": 1.0, ""margin"": -0.4705866551751253, ""p_observed"": 0.2647066724124373, ""prior_probability"": 0.0049504950495049506, ""score"": -0.4705866551751253}, ""gender=Male"": {""alpha"": 1.0, ""margin"": -0.38219890848096316, ""p_observed"": 0.3089005457595184, ""prior_probability"": 0.995049504950495, ""score"": -0.38219890848096316}}","{""gender=Female"": {""alpha"": 0.0, ""margin"": -0.4705866551751253, ""p_observed"": 0.2647066724124373, ""prior_probability"": 0.0049504950495049506, ""score"": -5.308267697401205}, ""gender=Male"": {""alpha"": 0.0, ""margin"": -0.38219890848096316, ""p_observed"": 0.3089005457595184, ""prior_probability"": 0.995049504950495, ""score"": -0.004962789342129014}}"
306,Male,Black,gender=Male,>50K,"{""age"": ""53"", ""workclass"": ""Self-emp-not-inc"", ""fnlwgt"": ""196328"", ""education"": ""HS-grad"", ""educational-num"": ""9"", ""marital-status"": ""Married-civ-spouse"", ""occupation"": ""Exec-managerial"", ""relationship"": ""Husband"", ""race"": ""Black"", ""capital-gain"": ""0"", ""capital-loss"": ""0"", ""hours-per-week"": ""45"", ""native-country"": ""United-States""}",gender=Male,gender=Male,gender=Male,,gender=Male,gender=Male,gender=Male,0,>50K | Husband | Married-civ-spouse | HS-grad | Self-emp-not-inc,2,2,"{""gender=Female"": ""<=50K"", ""gender=Male"": ""<=50K""}","{""gender=Female"": {""alpha"": 1.0, ""margin"": -0.29677625856559225, ""p_observed"": 0.35161187071720384, ""prior_probability"": 0.0049504950495049506, ""score"": 0.35161187071720384}, ""gender=Male"": {""alpha"": 1.0, ""margin"": -0.19862822079510195, ""p_observed"": 0.40068588960244905, ""prior_probability"": 0.995049504950495, ""score"": 0.40068588960244905}}","{""gender=Female"": {""alpha"": 1.0, ""margin"": -0.29677625856559225, ""p_observed"": 0.35161187071720384, ""prior_probability"": 0.0049504950495049506, ""score"": -0.29677625856559225}, ""gender=Male"": {""alpha"": 1.0, ""margin"": -0.19862822079510195, ""p_observed"": 0.40068588960244905, ""prior_probability"": 0.995049504950495, ""score"": -0.19862822079510195}}","{""gender=Female"": {""alpha"": 0.0, ""margin"": -0.29677625856559225, ""p_observed"": 0.35161187071720384, ""prior_probability"": 0.0049504950495049506, ""score"": -5.308267697401205}, ""gender=Male"": {""alpha"": 0.0, ""margin"": -0.19862822079510195, ""p_observed"": 0.40068588960244905, ""prior_probability"": 0.995049504950495, ""score"": -0.004962789342129014}}"
307,Female,Black,gender=Female,<=50K,"{""age"": ""40"", ""workclass"": ""Private"", ""fnlwgt"": ""103789"", ""education"": ""Assoc-acdm"", ""educational-num"": ""12"", ""marital-status"": ""Divorced"", ""occupation"": ""Adm-clerical"", ""relationship"": ""Unmarried"", ""race"": ""Black"", ""capital-gain"": ""0"", ""capital-loss"": ""0"", ""hours-per-week"": ""32"", ""native-country"": ""United-States""}",gender=Male,gender=Female,gender=Female,,gender=Female,gender=Female,gender=Female,0,<=50K | Unmarried | Divorced | Assoc-acdm | Private,2,2,"{""gender=Female"": ""<=50K"", ""gender=Male"": ""<=50K""}","{""gender=Female"": {""alpha"": 1.0, ""margin"": 0.9637539698531208, ""p_observed"": 0.9818769849265603, ""prior_probability"": 0.8823529411764706, ""score"": 0.9818769849265603}, ""gender=Male"": {""alpha"": 1.0, ""margin"": 0.8799665011502789, ""p_observed"": 0.9399832505751393, ""prior_probability"": 0.11764705882352941, ""score"": 0.9399832505751393}}","{""gender=Female"": {""alpha"": 1.0, ""margin"": 0.9637539698531208, ""p_observed"": 0.9818769849265603, ""prior_probability"": 0.8823529411764706, ""score"": 0.9637539698531208}, ""gender=Male"": {""alpha"": 1.0, ""margin"": 0.8799665011502789, ""p_observed"": 0.9399832505751393, ""prior_probability"": 0.11764705882352941, ""score"": 0.8799665011502789}}","{""gender=Female"": {""alpha"": 0.0, ""margin"": 0.9637539698531208, ""p_observed"": 0.9818769849265603, ""prior_probability"": 0.8823529411764706, ""score"": -0.12516314295400605}, ""gender=Male"": {""alpha"": 0.0, ""margin"": 0.8799665011502789, ""p_observed"": 0.9399832505751393, ""prior_probability"": 0.11764705882352941, ""score"": -2.1400661634962708}}"
308,Male,White,gender=Male,<=50K,"{""age"": ""23"", ""workclass"": ""Private"", ""fnlwgt"": ""179413"", ""education"": ""HS-grad"", ""educational-num"": ""9"", ""marital-status"": ""Never-married"", ""occupation"": ""Craft-repair"", ""relationship"": ""Unmarried"", ""race"": ""White"", ""capital-gain"": ""0"", ""capital-loss"": ""0"", ""hours-per-week"": ""40"", ""native-country"": ""United-States""}",gender=Male,gender=Male,gender=Male,,gender=Female,gender=Female,gender=Male,0,<=50K | Unmarried | Never-married | HS-grad | Private,2,2,"{""gender=Female"": ""<=50K"", ""gender=Male"": ""<=50K""}","{""gender=Female"": {""alpha"": 1.0, ""margin"": 0.9865794214378916, ""p_observed"": 0.9932897107189458, ""prior_probability"": 0.22580645161290322, ""score"": 0.9932897107189458}, ""gender=Male"": {""alpha"": 1.0, ""margin"": 0.9805019018316997, ""p_observed"": 0.9902509509158497, ""prior_probability"": 0.7741935483870968, ""score"": 0.9902509509158497}}","{""gender=Female"": {""alpha"": 1.0, ""margin"": 0.9865794214378916, ""p_observed"": 0.9932897107189458, ""prior_probability"": 0.22580645161290322, ""score"": 0.9865794214378916}, ""gender=Male"": {""alpha"": 1.0, ""margin"": 0.9805019018316997, ""p_observed"": 0.9902509509158497, ""prior_probability"": 0.7741935483870968, ""score"": 0.9805019018316997}}","{""gender=Female"": {""alpha"": 0.0, ""margin"": 0.9865794214378916, ""p_observed"": 0.9932897107189458, ""prior_probability"": 0.22580645161290322, ""score"": -1.488077055429833}, ""gender=Male"": {""alpha"": 0.0, ""margin"": 0.9805019018316997, ""p_observed"": 0.9902509509158497, ""prior_probability"": 0.7741935483870968, ""score"": -0.25593337413720063}}"
309,Female,White,gender=Female,>50K,"{""age"": ""59"", ""workclass"": ""Local-gov"", ""fnlwgt"": ""296253"", ""education"": ""Masters"", ""educational-num"": ""14"", ""marital-status"": ""Divorced"", ""occupation"": ""Prof-specialty"", ""relationship"": ""Unmarried"", ""race"": ""White"", ""capital-gain"": ""8614"", ""capital-loss"": ""0"", ""hours-per-week"": ""60"", ""native-country"": ""United-States""}",gender=Male,gender=Female,gender=Female,,gender=Male,gender=Male,gender=Female,0,>50K | Unmarried | Divorced | Masters | Local-gov,2,2,"{""gender=Female"": "">50K"", ""gender=Male"": "">50K""}","{""gender=Female"": {""alpha"": 1.0, ""margin"": 0.2973450867673688, ""p_observed"": 0.6486725433836845, ""prior_probability"": 0.6363636363636364, ""score"": 0.6486725433836845}, ""gender=Male"": {""alpha"": 1.0, ""margin"": 0.4802054129562388, ""p_observed"": 0.7401027064781195, ""prior_probability"": 0.36363636363636365, ""score"": 0.7401027064781195}}","{""gender=Female"": {""alpha"": 1.0, ""margin"": 0.2973450867673688, ""p_observed"": 0.6486725433836845, ""prior_probability"": 0.6363636363636364, ""score"": 0.2973450867673688}, ""gender=Male"": {""alpha"": 1.0, ""margin"": 0.4802054129562388, ""p_observed"": 0.7401027064781195, ""prior_probability"": 0.36363636363636365, ""score"": 0.4802054129562388}}","{""gender=Female"": {""alpha"": 0.0, ""margin"": 0.2973450867673688, ""p_observed"": 0.6486725433836845, ""prior_probability"": 0.6363636363636364, ""score"": -0.45198512374305727}, ""gender=Male"": {""alpha"": 0.0, ""margin"": 0.4802054129562388, ""p_observed"": 0.7401027064781195, ""prior_probability"": 0.36363636363636365, ""score"": -1.0116009116784799}}"
310,Female,White,gender=Female,<=50K,"{""age"": ""21"", ""workclass"": ""Private"", ""fnlwgt"": ""27049"", ""education"": ""Some-college"", ""educational-num"": ""10"", ""marital-status"": ""Never-married"", ""occupation"": ""Sales"", ""relationship"": ""Own-child"", ""race"": ""White"", ""capital-gain"": ""0"", ""capital-loss"": ""0"", ""hours-per-week"": ""20"", ""native-country"": ""United-States""}",gender=Male,gender=Female,gender=Female,gender=Female,gender=Female,gender=Female,gender=Female,1,<=50K | Own-child | Never-married | Some-college | Private,2,2,"{""gender=Female"": ""<=50K"", ""gender=Male"": ""<=50K""}","{""gender=Female"": {""alpha"": 1.0, ""margin"": 0.9925429951214573, ""p_observed"": 0.9962714975607285, ""prior_probability"": 0.6565656565656566, ""score"": 0.9962714975607285}, ""gender=Male"": {""alpha"": 1.0, ""margin"": 0.9916096919800799, ""p_observed"": 0.9958048459900398, ""prior_probability"": 0.3434343434343434, ""score"": 0.9958048459900398}}","{""gender=Female"": {""alpha"": 1.0, ""margin"": 0.9925429951214573, ""p_observed"": 0.9962714975607285, ""prior_probability"": 0.6565656565656566, ""score"": 0.9925429951214573}, ""gender=Male"": {""alpha"": 1.0, ""margin"": 0.9916096919800799, ""p_observed"": 0.9958048459900398, ""prior_probability"": 0.3434343434343434, ""score"": 0.9916096919800799}}","{""gender=Female"": {""alpha"": 0.0, ""margin"": 0.9925429951214573, ""p_observed"": 0.9962714975607285, ""prior_probability"": 0.6565656565656566, ""score"": -0.4207325802389528}, ""gender=Male"": {""alpha"": 0.0, ""margin"": 0.9916096919800799, ""p_observed"": 0.9958048459900398, ""prior_probability"": 0.3434343434343434, ""score"": -1.0687593255184287}}"
311,Female,White,gender=Female,>50K,"{""age"": ""42"", ""workclass"": ""Private"", ""fnlwgt"": ""196158"", ""education"": ""Some-college"", ""educational-num"": ""10"", ""marital-status"": ""Divorced"", ""occupation"": ""Other-service"", ""relationship"": ""Not-in-family"", ""race"": ""White"", ""capital-gain"": ""8614"", ""capital-loss"": ""0"", ""hours-per-week"": ""52"", ""native-country"": ""United-States""}",gender=Male,gender=Male,gender=Male,,gender=Male,gender=Male,gender=Male,0,>50K | Not-in-family | Divorced | Some-college | Private,2,2,"{""gender=Female"": "">50K"", ""gender=Male"": "">50K""}","{""gender=Female"": {""alpha"": 1.0, ""margin"": 0.09553320412356975, ""p_observed"": 0.5477666020617848, ""prior_probability"": 0.3333333333333333, ""score"": 0.5477666020617848}, ""gender=Male"": {""alpha"": 1.0, ""margin"": 0.32558664800041515, ""p_observed"": 0.6627933240002075, ""prior_probability"": 0.6666666666666666, ""score"": 0.6627933240002075}}","{""gender=Female"": {""alpha"": 1.0, ""margin"": 0.09553320412356975, ""p_observed"": 0.5477666020617848, ""prior_probability"": 0.3333333333333333, ""score"": 0.09553320412356975}, ""gender=Male"": {""alpha"": 1.0, ""margin"": 0.32558664800041515, ""p_observed"": 0.6627933240002075, ""prior_probability"": 0.6666666666666666, ""score"": 0.32558664800041515}}","{""gender=Female"": {""alpha"": 0.0, ""margin"": 0.09553320412356975, ""p_observed"": 0.5477666020617848, ""prior_probability"": 0.3333333333333333, ""score"": -1.0986122886681098}, ""gender=Male"": {""alpha"": 0.0, ""margin"": 0.32558664800041515, ""p_observed"": 0.6627933240002075, ""prior_probability"": 0.6666666666666666, ""score"": -0.40546510810816444}}"
312,Male,White,gender=Male,<=50K,"{""age"": ""23"", ""workclass"": ""Private"", ""fnlwgt"": ""228724"", ""education"": ""Some-college"", ""educational-num"": ""10"", ""marital-status"": ""Never-married"", ""occupation"": ""Prof-specialty"", ""relationship"": ""Not-in-family"", ""race"": ""White"", ""capital-gain"": ""0"", ""capital-loss"": ""0"", ""hours-per-week"": ""20"", ""native-country"": ""United-States""}",gender=Male,gender=Female,gender=Female,,gender=Female,gender=Female,gender=Female,0,<=50K | Not-in-family | Never-married | Some-college | Private,2,2,"{""gender=Female"": ""<=50K"", ""gender=Male"": ""<=50K""}","{""gender=Female"": {""alpha"": 1.0, ""margin"": 0.9626172292778894, ""p_observed"": 0.9813086146389447, ""prior_probability"": 0.5185185185185185, ""score"": 0.9813086146389447}, ""gender=Male"": {""alpha"": 1.0, ""margin"": 0.9226496642712957, ""p_observed"": 0.9613248321356478, ""prior_probability"": 0.48148148148148145, ""score"": 0.9613248321356478}}","{""gender=Female"": {""alpha"": 1.0, ""margin"": 0.9626172292778894, ""p_observed"": 0.9813086146389447, ""prior_probability"": 0.5185185185185185, ""score"": 0.9626172292778894}, ""gender=Male"": {""alpha"": 1.0, ""margin"": 0.9226496642712957, ""p_observed"": 0.9613248321356478, ""prior_probability"": 0.48148148148148145, ""score"": 0.9226496642712957}}","{""gender=Female"": {""alpha"": 0.0, ""margin"": 0.9626172292778894, ""p_observed"": 0.9813086146389447, ""prior_probability"": 0.5185185185185185, ""score"": -0.6567795363890705}, ""gender=Male"": {""alpha"": 0.0, ""margin"": 0.9226496642712957, ""p_observed"": 0.9613248321356478, ""prior_probability"": 0.48148148148148145, ""score"": -0.7308875085427924}}"
313,Female,White,gender=Female,>50K,"{""age"": ""31"", ""workclass"": ""Private"", ""fnlwgt"": ""181388"", ""education"": ""Masters"", ""educational-num"": ""14"", ""marital-status"": ""Married-civ-spouse"", ""occupation"": ""Prof-specialty"", ""relationship"": ""Wife"", ""race"": ""White"", ""capital-gain"": ""0"", ""capital-loss"": ""1902"", ""hours-per-week"": ""45"", ""native-country"": ""United-States""}",gender=Male,gender=Female,gender=Female,,gender=Female,gender=Female,gender=Female,0,>50K | Wife | Married-civ-spouse | Masters | Private,2,2,"{""gender=Female"": "">50K"", ""gender=Male"": "">50K""}","{""gender=Female"": {""alpha"": 1.0, ""margin"": 0.5392962157672677, ""p_observed"": 0.7696481078836339, ""prior_probability"": 0.9821428571428571, ""score"": 0.7696481078836339}, ""gender=Male"": {""alpha"": 1.0, ""margin"": 0.41768271334528245, ""p_observed"": 0.7088413566726413, ""prior_probability"": 0.017857142857142856, ""score"": 0.7088413566726413}}","{""gender=Female"": {""alpha"": 1.0, ""margin"": 0.5392962157672677, ""p_observed"": 0.7696481078836339, ""prior_probability"": 0.9821428571428571, ""score"": 0.5392962157672677}, ""gender=Male"": {""alpha"": 1.0, ""margin"": 0.41768271334528245, ""p_observed"": 0.7088413566726413, ""prior_probability"": 0.017857142857142856, ""score"": 0.41768271334528245}}","{""gender=Female"": {""alpha"": 0.0, ""margin"": 0.5392962157672677, ""p_observed"": 0.7696481078836339, ""prior_probability"": 0.9821428571428571, ""score"": -0.018018505502678365}, ""gender=Male"": {""alpha"": 0.0, ""margin"": 0.41768271334528245, ""p_observed"": 0.7088413566726413, ""prior_probability"": 0.017857142857142856, ""score"": -4.02535169073515}}"
314,Male,White,gender=Male,<=50K,"{""age"": ""22"", ""workclass"": ""Private"", ""fnlwgt"": ""116800"", ""education"": ""Assoc-acdm"", ""educational-num"": ""12"", ""marital-status"": ""Never-married"", ""occupation"": ""Protective-serv"", ""relationship"": ""Own-child"", ""race"": ""White"", ""capital-gain"": ""0"", ""capital-loss"": ""0"", ""hours-per-week"": ""60"", ""native-country"": ""United-States""}",gender=Male,gender=Male,gender=Male,,gender=Male,gender=Male,gender=Male,0,<=50K | Own-child | Never-married | Assoc-acdm | Private,2,2,"{""gender=Female"": ""<=50K"", ""gender=Male"": ""<=50K""}","{""gender=Female"": {""alpha"": 1.0, ""margin"": 0.947866803748616, ""p_observed"": 0.973933401874308, ""prior_probability"": 0.3333333333333333, ""score"": 0.973933401874308}, ""gender=Male"": {""alpha"": 1.0, ""margin"": 0.9557477933615046, ""p_observed"": 0.9778738966807522, ""prior_probability"": 0.6666666666666666, ""score"": 0.9778738966807522}}","{""gender=Female"": {""alpha"": 1.0, ""margin"": 0.947866803748616, ""p_observed"": 0.973933401874308, ""prior_probability"": 0.3333333333333333, ""score"": 0.947866803748616}, ""gender=Male"": {""alpha"": 1.0, ""margin"": 0.9557477933615046, ""p_observed"": 0.9778738966807522, ""prior_probability"": 0.6666666666666666, ""score"": 0.9557477933615046}}","{""gender=Female"": {""alpha"": 0.0, ""margin"": 0.947866803748616, ""p_observed"": 0.973933401874308, ""prior_probability"": 0.3333333333333333, ""score"": -1.0986122886681098}, ""gender=Male"": {""alpha"": 0.0, ""margin"": 0.9557477933615046, ""p_observed"": 0.9778738966807522, ""prior_probability"": 0.6666666666666666, ""score"": -0.40546510810816444}}"
315,Male,White,gender=Male,<=50K,"{""age"": ""43"", ""workclass"": ""Self-emp-not-inc"", ""fnlwgt"": ""61287"", ""education"": ""Bachelors"", ""educational-num"": ""13"", ""marital-status"": ""Married-civ-spouse"", ""occupation"": ""Exec-managerial"", ""relationship"": ""Husband"", ""race"": ""White"", ""capital-gain"": ""0"", ""capital-loss"": ""0"", ""hours-per-week"": ""60"", ""native-country"": ""United-States""}",gender=Male,gender=Male,gender=Male,,gender=Female,gender=Female,gender=Male,0,<=50K | Husband | Married-civ-spouse | Bachelors | Self-emp-not-inc,2,2,"{""gender=Female"": "">50K"", ""gender=Male"": "">50K""}","{""gender=Female"": {""alpha"": 1.0, ""margin"": -0.16154050677451193, ""p_observed"": 0.41922974661274404, ""prior_probability"": 0.00641025641025641, ""score"": 0.41922974661274404}, ""gender=Male"": {""alpha"": 1.0, ""margin"": -0.34259185264679975, ""p_observed"": 0.3287040736766001, ""prior_probability"": 0.9935897435897436, ""score"": 0.3287040736766001}}","{""gender=Female"": {""alpha"": 1.0, ""margin"": -0.16154050677451193, ""p_observed"": 0.41922974661274404, ""prior_probability"": 0.00641025641025641, ""score"": -0.16154050677451193}, ""gender=Male"": {""alpha"": 1.0, ""margin"": -0.34259185264679975, ""p_observed"": 0.3287040736766001, ""prior_probability"": 0.9935897435897436, ""score"": -0.34259185264679975}}","{""gender=Female"": {""alpha"": 0.0, ""margin"": -0.16154050677451193, ""p_observed"": 0.41922974661274404, ""prior_probability"": 0.00641025641025641, ""score"": -5.049856007249537}, ""gender=Male"": {""alpha"": 0.0, ""margin"": -0.34259185264679975, ""p_observed"": 0.3287040736766001, ""prior_probability"": 0.9935897435897436, ""score"": -0.0064308903302904025}}"
316,Male,White,gender=Male,<=50K,"{""age"": ""41"", ""workclass"": ""Private"", ""fnlwgt"": ""202508"", ""education"": ""HS-grad"", ""educational-num"": ""9"", ""marital-status"": ""Married-civ-spouse"", ""occupation"": ""Machine-op-inspct"", ""relationship"": ""Husband"", ""race"": ""White"", ""capital-gain"": ""0"", ""capital-loss"": ""0"", ""hours-per-week"": ""48"", ""native-country"": ""United-States""}",gender=Male,gender=Male,gender=Male,,gender=Female,gender=Female,gender=Male,0,<=50K | Husband | Married-civ-spouse | HS-grad | Private,2,2,"{""gender=Female"": ""<=50K"", ""gender=Male"": ""<=50K""}","{""gender=Female"": {""alpha"": 1.0, ""margin"": 0.4008202679381103, ""p_observed"": 0.7004101339690549, ""prior_probability"": 0.0033783783783783786, ""score"": 0.7004101339690549}, ""gender=Male"": {""alpha"": 1.0, ""margin"": 0.30701108318500125, ""p_observed"": 0.6535055415925005, ""prior_probability"": 0.9966216216216216, ""score"": 0.6535055415925005}}","{""gender=Female"": {""alpha"": 1.0, ""margin"": 0.4008202679381103, ""p_observed"": 0.7004101339690549, ""prior_probability"": 0.0033783783783783786, ""score"": 0.4008202679381103}, ""gender=Male"": {""alpha"": 1.0, ""margin"": 0.30701108318500125, ""p_observed"": 0.6535055415925005, ""prior_probability"": 0.9966216216216216, ""score"": 0.30701108318500125}}","{""gender=Female"": {""alpha"": 0.0, ""margin"": 0.4008202679381103, ""p_observed"": 0.7004101339690549, ""prior_probability"": 0.0033783783783783786, ""score"": -5.69035945432406}, ""gender=Male"": {""alpha"": 0.0, ""margin"": 0.30701108318500125, ""p_observed"": 0.6535055415925005, ""prior_probability"": 0.9966216216216216, ""score"": -0.0033840979842405684}}"
317,Female,White,gender=Female,<=50K,"{""age"": ""18"", ""workclass"": ""Private"", ""fnlwgt"": ""41506"", ""education"": ""11th"", ""educational-num"": ""7"", ""marital-status"": ""Never-married"", ""occupation"": ""Other-service"", ""relationship"": ""Not-in-family"", ""race"": ""White"", ""capital-gain"": ""0"", ""capital-loss"": ""0"", ""hours-per-week"": ""30"", ""native-country"": ""United-States""}",gender=Male,gender=Male,gender=Male,,gender=Female,gender=Female,gender=Male,0,<=50K | Not-in-family | Never-married | 11th | Private,2,2,"{""gender=Female"": ""<=50K"", ""gender=Male"": ""<=50K""}","{""gender=Female"": {""alpha"": 1.0, ""margin"": 0.984965222161065, ""p_observed"": 0.9924826110805324, ""prior_probability"": 0.45, ""score"": 0.9924826110805324}, ""gender=Male"": {""alpha"": 1.0, ""margin"": 0.9803564541414397, ""p_observed"": 0.9901782270707198, ""prior_probability"": 0.55, ""score"": 0.9901782270707198}}","{""gender=Female"": {""alpha"": 1.0, ""margin"": 0.984965222161065, ""p_observed"": 0.9924826110805324, ""prior_probability"": 0.45, ""score"": 0.984965222161065}, ""gender=Male"": {""alpha"": 1.0, ""margin"": 0.9803564541414397, ""p_observed"": 0.9901782270707198, ""prior_probability"": 0.55, ""score"": 0.9803564541414397}}","{""gender=Female"": {""alpha"": 0.0, ""margin"": 0.984965222161065, ""p_observed"": 0.9924826110805324, ""prior_probability"": 0.45, ""score"": -0.7985076962177716}, ""gender=Male"": {""alpha"": 0.0, ""margin"": 0.9803564541414397, ""p_observed"": 0.9901782270707198, ""prior_probability"": 0.55, ""score"": -0.5978370007556204}}"
318,Female,Asian-Pac-Islander,gender=Female,<=50K,"{""age"": ""41"", ""workclass"": ""Private"", ""fnlwgt"": ""291965"", ""education"": ""Some-college"", ""educational-num"": ""10"", ""marital-status"": ""Never-married"", ""occupation"": ""Tech-support"", ""relationship"": ""Unmarried"", ""race"": ""Asian-Pac-Islander"", ""capital-gain"": ""0"", ""capital-loss"": ""0"", ""hours-per-week"": ""40"", ""native-country"": ""Philippines""}",gender=Male,gender=Female,gender=Female,,gender=Male,gender=Male,gender=Female,0,<=50K | Unmarried | Never-married | Some-college | Private,2,2,"{""gender=Female"": ""<=50K"", ""gender=Male"": ""<=50K""}","{""gender=Female"": {""alpha"": 1.0, ""margin"": 0.9314612163351497, ""p_observed"": 0.9657306081675747, ""prior_probability"": 0.9166666666666666, ""score"": 0.9657306081675747}, ""gender=Male"": {""alpha"": 1.0, ""margin"": 0.9548847733822299, ""p_observed"": 0.9774423866911148, ""prior_probability"": 0.08333333333333333, ""score"": 0.9774423866911148}}","{""gender=Female"": {""alpha"": 1.0, ""margin"": 0.9314612163351497, ""p_observed"": 0.9657306081675747, ""prior_probability"": 0.9166666666666666, ""score"": 0.9314612163351497}, ""gender=Male"": {""alpha"": 1.0, ""margin"": 0.9548847733822299, ""p_observed"": 0.9774423866911148, ""prior_probability"": 0.08333333333333333, ""score"": 0.9548847733822299}}","{""gender=Female"": {""alpha"": 0.0, ""margin"": 0.9314612163351497, ""p_observed"": 0.9657306081675747, ""prior_probability"": 0.9166666666666666, ""score"": -0.08701137698962981}, ""gender=Male"": {""alpha"": 0.0, ""margin"": 0.9548847733822299, ""p_observed"": 0.9774423866911148, ""prior_probability"": 0.08333333333333333, ""score"": -2.4849066497880004}}"
319,Male,White,gender=Male,<=50K,"{""age"": ""30"", ""workclass"": ""Self-emp-not-inc"", ""fnlwgt"": ""261943"", ""education"": ""11th"", ""educational-num"": ""7"", ""marital-status"": ""Married-spouse-absent"", ""occupation"": ""Craft-repair"", ""relationship"": ""Not-in-family"", ""race"": ""White"", ""capital-gain"": ""0"", ""capital-loss"": ""0"", ""hours-per-week"": ""30"", ""native-country"": ""Honduras""}",gender=Male,gender=Male,gender=Male,,gender=Female,gender=Female,gender=Male,0,<=50K | Not-in-family | Married-spouse-absent | 11th | Self-emp-not-inc,2,2,"{""gender=Female"": ""<=50K"", ""gender=Male"": ""<=50K""}","{""gender=Female"": {""alpha"": 1.0, ""margin"": 0.8484732099958586, ""p_observed"": 0.9242366049979293, ""prior_probability"": 0.2, ""score"": 0.9242366049979293}, ""gender=Male"": {""alpha"": 1.0, ""margin"": 0.8226318256345393, ""p_observed"": 0.9113159128172695, ""prior_probability"": 0.8, ""score"": 0.9113159128172695}}","{""gender=Female"": {""alpha"": 1.0, ""margin"": 0.8484732099958586, ""p_observed"": 0.9242366049979293, ""prior_probability"": 0.2, ""score"": 0.8484732099958586}, ""gender=Male"": {""alpha"": 1.0, ""margin"": 0.8226318256345393, ""p_observed"": 0.9113159128172695, ""prior_probability"": 0.8, ""score"": 0.8226318256345393}}","{""gender=Female"": {""alpha"": 0.0, ""margin"": 0.8484732099958586, ""p_observed"": 0.9242366049979293, ""prior_probability"": 0.2, ""score"": -1.6094379124341003}, ""gender=Male"": {""alpha"": 0.0, ""margin"": 0.8226318256345393, ""p_observed"": 0.9113159128172695, ""prior_probability"": 0.8, ""score"": -0.2231435513142097}}"
320,Male,White,gender=Male,<=50K,"{""age"": ""58"", ""workclass"": ""Self-emp-not-inc"", ""fnlwgt"": ""54566"", ""education"": ""Some-college"", ""educational-num"": ""10"", ""marital-status"": ""Married-civ-spouse"", ""occupation"": ""Farming-fishing"", ""relationship"": ""Husband"", ""race"": ""White"", ""capital-gain"": ""0"", ""capital-loss"": ""0"", ""hours-per-week"": ""35"", ""native-country"": ""United-States""}",gender=Male,gender=Male,gender=Male,,gender=Female,gender=Female,gender=Male,0,<=50K | Husband | Married-civ-spouse | Some-college | Self-emp-not-inc,2,2,"{""gender=Female"": ""<=50K"", ""gender=Male"": ""<=50K""}","{""gender=Female"": {""alpha"": 1.0, ""margin"": 0.4511229050469716, ""p_observed"": 0.7255614525234858, ""prior_probability"": 0.017241379310344827, ""score"": 0.7255614525234858}, ""gender=Male"": {""alpha"": 1.0, ""margin"": 0.4468914461429972, ""p_observed"": 0.7234457230714985, ""prior_probability"": 0.9827586206896551, ""score"": 0.7234457230714985}}","{""gender=Female"": {""alpha"": 1.0, ""margin"": 0.4511229050469716, ""p_observed"": 0.7255614525234858, ""prior_probability"": 0.017241379310344827, ""score"": 0.4511229050469716}, ""gender=Male"": {""alpha"": 1.0, ""margin"": 0.4468914461429972, ""p_observed"": 0.7234457230714985, ""prior_probability"": 0.9827586206896551, ""score"": 0.4468914461429972}}","{""gender=Female"": {""alpha"": 0.0, ""margin"": 0.4511229050469716, ""p_observed"": 0.7255614525234858, ""prior_probability"": 0.017241379310344827, ""score"": -4.060443010546419}, ""gender=Male"": {""alpha"": 0.0, ""margin"": 0.4468914461429972, ""p_observed"": 0.7234457230714985, ""prior_probability"": 0.9827586206896551, ""score"": -0.01739174271186922}}"
321,Male,White,gender=Male,<=50K,"{""age"": ""30"", ""workclass"": ""Self-emp-not-inc"", ""fnlwgt"": ""105749"", ""education"": ""Bachelors"", ""educational-num"": ""13"", ""marital-status"": ""Married-civ-spouse"", ""occupation"": ""Sales"", ""relationship"": ""Husband"", ""race"": ""White"", ""capital-gain"": ""0"", ""capital-loss"": ""0"", ""hours-per-week"": ""50"", ""native-country"": ""United-States""}",gender=Male,gender=Male,gender=Male,,gender=Female,gender=Female,gender=Male,0,<=50K | Husband | Married-civ-spouse | Bachelors | Self-emp-not-inc,2,2,"{""gender=Female"": "">50K"", ""gender=Male"": "">50K""}","{""gender=Female"": {""alpha"": 1.0, ""margin"": -0.03177564421192308, ""p_observed"": 0.48411217789403854, ""prior_probability"": 0.00847457627118644, ""score"": 0.48411217789403854}, ""gender=Male"": {""alpha"": 1.0, ""margin"": -0.182136501751735, ""p_observed"": 0.40893174912413255, ""prior_probability"": 0.9915254237288136, ""score"": 0.40893174912413255}}","{""gender=Female"": {""alpha"": 1.0, ""margin"": -0.03177564421192308, ""p_observed"": 0.48411217789403854, ""prior_probability"": 0.00847457627118644, ""score"": -0.03177564421192308}, ""gender=Male"": {""alpha"": 1.0, ""margin"": -0.182136501751735, ""p_observed"": 0.40893174912413255, ""prior_probability"": 0.9915254237288136, ""score"": -0.182136501751735}}","{""gender=Female"": {""alpha"": 0.0, ""margin"": -0.03177564421192308, ""p_observed"": 0.48411217789403854, ""prior_probability"": 0.00847457627118644, ""score"": -4.770684624465665}, ""gender=Male"": {""alpha"": 0.0, ""margin"": -0.182136501751735, ""p_observed"": 0.40893174912413255, ""prior_probability"": 0.9915254237288136, ""score"": -0.00851068966790862}}"
322,Male,White,gender=Male,<=50K,"{""age"": ""47"", ""workclass"": ""Private"", ""fnlwgt"": ""135246"", ""education"": ""11th"", ""educational-num"": ""7"", ""marital-status"": ""Never-married"", ""occupation"": ""Craft-repair"", ""relationship"": ""Unmarried"", ""race"": ""White"", ""capital-gain"": ""0"", ""capital-loss"": ""0"", ""hours-per-week"": ""40"", ""native-country"": ""United-States""}",gender=Male,gender=Male,gender=Male,,gender=Female,gender=Female,gender=Male,0,<=50K | Unmarried | Never-married | 11th | Private,2,2,"{""gender=Female"": ""<=50K"", ""gender=Male"": ""<=50K""}","{""gender=Female"": {""alpha"": 1.0, ""margin"": 0.9654116332839922, ""p_observed"": 0.982705816641996, ""prior_probability"": 0.16666666666666666, ""score"": 0.982705816641996}, ""gender=Male"": {""alpha"": 1.0, ""margin"": 0.9450927561981726, ""p_observed"": 0.9725463780990861, ""prior_probability"": 0.8333333333333334, ""score"": 0.9725463780990861}}","{""gender=Female"": {""alpha"": 1.0, ""margin"": 0.9654116332839922, ""p_observed"": 0.982705816641996, ""prior_probability"": 0.16666666666666666, ""score"": 0.9654116332839922}, ""gender=Male"": {""alpha"": 1.0, ""margin"": 0.9450927561981726, ""p_observed"": 0.9725463780990861, ""prior_probability"": 0.8333333333333334, ""score"": 0.9450927561981726}}","{""gender=Female"": {""alpha"": 0.0, ""margin"": 0.9654116332839922, ""p_observed"": 0.982705816641996, ""prior_probability"": 0.16666666666666666, ""score"": -1.791759469228055}, ""gender=Male"": {""alpha"": 0.0, ""margin"": 0.9450927561981726, ""p_observed"": 0.9725463780990861, ""prior_probability"": 0.8333333333333334, ""score"": -0.1823215567939546}}"
323,Male,White,gender=Male,<=50K,"{""age"": ""37"", ""workclass"": ""Self-emp-not-inc"", ""fnlwgt"": ""35330"", ""education"": ""HS-grad"", ""educational-num"": ""9"", ""marital-status"": ""Married-civ-spouse"", ""occupation"": ""Other-service"", ""relationship"": ""Husband"", ""race"": ""White"", ""capital-gain"": ""0"", ""capital-loss"": ""0"", ""hours-per-week"": ""42"", ""native-country"": ""United-States""}",gender=Male,gender=Male,gender=Male,,gender=Female,gender=Female,gender=Male,0,<=50K | Husband | Married-civ-spouse | HS-grad | Self-emp-not-inc,2,2,"{""gender=Female"": ""<=50K"", ""gender=Male"": ""<=50K""}","{""gender=Female"": {""alpha"": 1.0, ""margin"": 0.5900453528337426, ""p_observed"": 0.7950226764168711, ""prior_probability"": 0.005813953488372093, ""score"": 0.7950226764168711}, ""gender=Male"": {""alpha"": 1.0, ""margin"": 0.5337324892060931, ""p_observed"": 0.7668662446030463, ""prior_probability"": 0.9941860465116279, ""score"": 0.7668662446030463}}","{""gender=Female"": {""alpha"": 1.0, ""margin"": 0.5900453528337426, ""p_observed"": 0.7950226764168711, ""prior_probability"": 0.005813953488372093, ""score"": 0.5900453528337426}, ""gender=Male"": {""alpha"": 1.0, ""margin"": 0.5337324892060931, ""p_observed"": 0.7668662446030463, ""prior_probability"": 0.9941860465116279, ""score"": 0.5337324892060931}}","{""gender=Female"": {""alpha"": 0.0, ""margin"": 0.5900453528337426, ""p_observed"": 0.7950226764168711, ""prior_probability"": 0.005813953488372093, ""score"": -5.147494476813453}, ""gender=Male"": {""alpha"": 0.0, ""margin"": 0.5337324892060931, ""p_observed"": 0.7668662446030463, ""prior_probability"": 0.9941860465116279, ""score"": -0.00583092031079321}}"
324,Male,White,gender=Male,>50K,"{""age"": ""39"", ""workclass"": ""Private"", ""fnlwgt"": ""201410"", ""education"": ""Bachelors"", ""educational-num"": ""13"", ""marital-status"": ""Married-civ-spouse"", ""occupation"": ""Transport-moving"", ""relationship"": ""Husband"", ""race"": ""White"", ""capital-gain"": ""0"", ""capital-loss"": ""1977"", ""hours-per-week"": ""45"", ""native-country"": ""Philippines""}",gender=Male,gender=Male,gender=Male,gender=Male,gender=Male,gender=Male,gender=Male,1,>50K | Husband | Married-civ-spouse | Bachelors | Private,2,2,"{""gender=Female"": "">50K"", ""gender=Male"": "">50K""}","{""gender=Female"": {""alpha"": 1.0, ""margin"": 0.3502711928194128, ""p_observed"": 0.6751355964097064, ""prior_probability"": 0.07142857142857142, ""score"": 0.6751355964097064}, ""gender=Male"": {""alpha"": 1.0, ""margin"": 0.47613036843437984, ""p_observed"": 0.7380651842171899, ""prior_probability"": 0.9285714285714286, ""score"": 0.7380651842171899}}","{""gender=Female"": {""alpha"": 1.0, ""margin"": 0.3502711928194128, ""p_observed"": 0.6751355964097064, ""prior_probability"": 0.07142857142857142, ""score"": 0.3502711928194128}, ""gender=Male"": {""alpha"": 1.0, ""margin"": 0.47613036843437984, ""p_observed"": 0.7380651842171899, ""prior_probability"": 0.9285714285714286, ""score"": 0.47613036843437984}}","{""gender=Female"": {""alpha"": 0.0, ""margin"": 0.3502711928194128, ""p_observed"": 0.6751355964097064, ""prior_probability"": 0.07142857142857142, ""score"": -2.639057329615259}, ""gender=Male"": {""alpha"": 0.0, ""margin"": 0.47613036843437984, ""p_observed"": 0.7380651842171899, ""prior_probability"": 0.9285714285714286, ""score"": -0.07410797215372185}}"
325,Male,White,gender=Male,>50K,"{""age"": ""57"", ""workclass"": ""Private"", ""fnlwgt"": ""181242"", ""education"": ""Bachelors"", ""educational-num"": ""13"", ""marital-status"": ""Married-civ-spouse"", ""occupation"": ""Exec-managerial"", ""relationship"": ""Husband"", ""race"": ""White"", ""capital-gain"": ""0"", ""capital-loss"": ""0"", ""hours-per-week"": ""40"", ""native-country"": ""United-States""}",gender=Male,gender=Male,gender=Male,gender=Male,gender=Male,gender=Male,gender=Male,1,>50K | Husband | Married-civ-spouse | Bachelors | Private,2,2,"{""gender=Female"": "">50K"", ""gender=Male"": "">50K""}","{""gender=Female"": {""alpha"": 1.0, ""margin"": 0.12668562814527662, ""p_observed"": 0.5633428140726383, ""prior_probability"": 0.00186219739292365, ""score"": 0.5633428140726383}, ""gender=Male"": {""alpha"": 1.0, ""margin"": 0.35341654708592435, ""p_observed"": 0.6767082735429623, ""prior_probability"": 0.9981378026070763, ""score"": 0.6767082735429623}}","{""gender=Female"": {""alpha"": 1.0, ""margin"": 0.12668562814527662, ""p_observed"": 0.5633428140726383, ""prior_probability"": 0.00186219739292365, ""score"": 0.12668562814527662}, ""gender=Male"": {""alpha"": 1.0, ""margin"": 0.35341654708592435, ""p_observed"": 0.6767082735429623, ""prior_probability"": 0.9981378026070763, ""score"": 0.35341654708592435}}","{""gender=Female"": {""alpha"": 0.0, ""margin"": 0.12668562814527662, ""p_observed"": 0.5633428140726383, ""prior_probability"": 0.00186219739292365, ""score"": -6.285998094508865}, ""gender=Male"": {""alpha"": 0.0, ""margin"": 0.35341654708592435, ""p_observed"": 0.6767082735429623, ""prior_probability"": 0.9981378026070763, ""score"": -0.0018639334380627533}}"
326,Male,White,gender=Male,>50K,"{""age"": ""31"", ""workclass"": ""Self-emp-not-inc"", ""fnlwgt"": ""404062"", ""education"": ""10th"", ""educational-num"": ""6"", ""marital-status"": ""Married-civ-spouse"", ""occupation"": ""Farming-fishing"", ""relationship"": ""Husband"", ""race"": ""White"", ""capital-gain"": ""0"", ""capital-loss"": ""0"", ""hours-per-week"": ""55"", ""native-country"": ""Portugal""}",gender=Male,gender=Male,gender=Male,,gender=Male,gender=Male,gender=Male,0,>50K | Husband | Married-civ-spouse | 10th | Self-emp-not-inc,2,2,"{""gender=Female"": ""<=50K"", ""gender=Male"": ""<=50K""}","{""gender=Female"": {""alpha"": 1.0, ""margin"": -0.6840173635464948, ""p_observed"": 0.15799131822675241, ""prior_probability"": 0.3333333333333333, ""score"": 0.15799131822675241}, ""gender=Male"": {""alpha"": 1.0, ""margin"": -0.5861212361475181, ""p_observed"": 0.20693938192624078, ""prior_probability"": 0.6666666666666666, ""score"": 0.20693938192624078}}","{""gender=Female"": {""alpha"": 1.0, ""margin"": -0.6840173635464948, ""p_observed"": 0.15799131822675241, ""prior_probability"": 0.3333333333333333, ""score"": -0.6840173635464948}, ""gender=Male"": {""alpha"": 1.0, ""margin"": -0.5861212361475181, ""p_observed"": 0.20693938192624078, ""prior_probability"": 0.6666666666666666, ""score"": -0.5861212361475181}}","{""gender=Female"": {""alpha"": 0.0, ""margin"": -0.6840173635464948, ""p_observed"": 0.15799131822675241, ""prior_probability"": 0.3333333333333333, ""score"": -1.0986122886681098}, ""gender=Male"": {""alpha"": 0.0, ""margin"": -0.5861212361475181, ""p_observed"": 0.20693938192624078, ""prior_probability"": 0.6666666666666666, ""score"": -0.40546510810816444}}"
327,Female,Black,gender=Female,>50K,"{""age"": ""41"", ""workclass"": ""Private"", ""fnlwgt"": ""124956"", ""education"": ""Bachelors"", ""educational-num"": ""13"", ""marital-status"": ""Divorced"", ""occupation"": ""Exec-managerial"", ""relationship"": ""Unmarried"", ""race"": ""Black"", ""capital-gain"": ""0"", ""capital-loss"": ""0"", ""hours-per-week"": ""90"", ""native-country"": ""United-States""}",gender=Male,gender=Male,gender=Male,,gender=Male,gender=Male,gender=Male,0,>50K | Unmarried | Divorced | Bachelors | Private,2,2,"{""gender=Female"": ""<=50K"", ""gender=Male"": ""<=50K""}","{""gender=Female"": {""alpha"": 1.0, ""margin"": -0.5233025561203118, ""p_observed"": 0.238348721939844, ""prior_probability"": 0.47058823529411764, ""score"": 0.238348721939844}, ""gender=Male"": {""alpha"": 1.0, ""margin"": -0.34550688734337937, ""p_observed"": 0.3272465563283102, ""prior_probability"": 0.5294117647058824, ""score"": 0.3272465563283102}}","{""gender=Female"": {""alpha"": 1.0, ""margin"": -0.5233025561203118, ""p_observed"": 0.238348721939844, ""prior_probability"": 0.47058823529411764, ""score"": -0.5233025561203118}, ""gender=Male"": {""alpha"": 1.0, ""margin"": -0.34550688734337937, ""p_observed"": 0.3272465563283102, ""prior_probability"": 0.5294117647058824, ""score"": -0.34550688734337937}}","{""gender=Female"": {""alpha"": 0.0, ""margin"": -0.5233025561203118, ""p_observed"": 0.238348721939844, ""prior_probability"": 0.47058823529411764, ""score"": -0.7537718023763802}, ""gender=Male"": {""alpha"": 0.0, ""margin"": -0.34550688734337937, ""p_observed"": 0.3272465563283102, ""prior_probability"": 0.5294117647058824, ""score"": -0.6359887667199967}}"
328,Male,White,gender=Male,>50K,"{""age"": ""56"", ""workclass"": ""Private"", ""fnlwgt"": ""50490"", ""education"": ""HS-grad"", ""educational-num"": ""9"", ""marital-status"": ""Married-civ-spouse"", ""occupation"": ""Sales"", ""relationship"": ""Husband"", ""race"": ""White"", ""capital-gain"": ""0"", ""capital-loss"": ""0"", ""hours-per-week"": ""45"", ""native-country"": ""United-States""}",gender=Male,gender=Male,gender=Male,gender=Male,gender=Male,gender=Male,gender=Male,1,>50K | Husband | Married-civ-spouse | HS-grad | Private,2,2,"{""gender=Female"": ""<=50K"", ""gender=Male"": ""<=50K""}","{""gender=Female"": {""alpha"": 1.0, ""margin"": -0.34983493910839036, ""p_observed"": 0.3250825304458046, ""prior_probability"": 0.006711409395973154, ""score"": 0.3250825304458046}, ""gender=Male"": {""alpha"": 1.0, ""margin"": -0.2794758984375939, ""p_observed"": 0.360262050781203, ""prior_probability"": 0.9932885906040269, ""score"": 0.360262050781203}}","{""gender=Female"": {""alpha"": 1.0, ""margin"": -0.34983493910839036, ""p_observed"": 0.3250825304458046, ""prior_probability"": 0.006711409395973154, ""score"": -0.34983493910839036}, ""gender=Male"": {""alpha"": 1.0, ""margin"": -0.2794758984375939, ""p_observed"": 0.360262050781203, ""prior_probability"": 0.9932885906040269, ""score"": -0.2794758984375939}}","{""gender=Female"": {""alpha"": 0.0, ""margin"": -0.34983493910839036, ""p_observed"": 0.3250825304458046, ""prior_probability"": 0.006711409395973154, ""score"": -5.003946305945459}, ""gender=Male"": {""alpha"": 0.0, ""margin"": -0.2794758984375939, ""p_observed"": 0.360262050781203, ""prior_probability"": 0.9932885906040269, ""score"": -0.006734032181344068}}"
329,Male,Black,gender=Male,<=50K,"{""age"": ""25"", ""workclass"": ""Private"", ""fnlwgt"": ""390657"", ""education"": ""Some-college"", ""educational-num"": ""10"", ""marital-status"": ""Never-married"", ""occupation"": ""Other-service"", ""relationship"": ""Not-in-family"", ""race"": ""Black"", ""capital-gain"": ""0"", ""capital-loss"": ""0"", ""hours-per-week"": ""40"", ""native-country"": ""United-States""}",gender=Male,gender=Male,gender=Male,,gender=Female,gender=Female,gender=Male,0,<=50K | Not-in-family | Never-married | Some-college | Private,2,2,"{""gender=Female"": ""<=50K"", ""gender=Male"": ""<=50K""}","{""gender=Female"": {""alpha"": 1.0, ""margin"": 0.980493810690886, ""p_observed"": 0.990246905345443, ""prior_probability"": 0.46, ""score"": 0.990246905345443}, ""gender=Male"": {""alpha"": 1.0, ""margin"": 0.978824727579577, ""p_observed"": 0.9894123637897885, ""prior_probability"": 0.54, ""score"": 0.9894123637897885}}","{""gender=Female"": {""alpha"": 1.0, ""margin"": 0.980493810690886, ""p_observed"": 0.990246905345443, ""prior_probability"": 0.46, ""score"": 0.980493810690886}, ""gender=Male"": {""alpha"": 1.0, ""margin"": 0.978824727579577, ""p_observed"": 0.9894123637897885, ""prior_probability"": 0.54, ""score"": 0.978824727579577}}","{""gender=Female"": {""alpha"": 0.0, ""margin"": 0.980493810690886, ""p_observed"": 0.990246905345443, ""prior_probability"": 0.46, ""score"": -0.7765287894989963}, ""gender=Male"": {""alpha"": 0.0, ""margin"": 0.978824727579577, ""p_observed"": 0.9894123637897885, ""prior_probability"": 0.54, ""score"": -0.616186139423817}}"
330,Female,White,gender=Female,<=50K,"{""age"": ""30"", ""workclass"": ""Private"", ""fnlwgt"": ""272432"", ""education"": ""HS-grad"", ""educational-num"": ""9"", ""marital-status"": ""Never-married"", ""occupation"": ""Tech-support"", ""relationship"": ""Unmarried"", ""race"": ""White"", ""capital-gain"": ""0"", ""capital-loss"": ""0"", ""hours-per-week"": ""40"", ""native-country"": ""United-States""}",gender=Male,gender=Female,gender=Female,,gender=Female,gender=Female,gender=Female,0,<=50K | Unmarried | Never-married | HS-grad | Private,2,2,"{""gender=Female"": ""<=50K"", ""gender=Male"": ""<=50K""}","{""gender=Female"": {""alpha"": 1.0, ""margin"": 0.9708976355258485, ""p_observed"": 0.9854488177629241, ""prior_probability"": 0.8571428571428571, ""score"": 0.9854488177629241}, ""gender=Male"": {""alpha"": 1.0, ""margin"": 0.9536296510068626, ""p_observed"": 0.9768148255034312, ""prior_probability"": 0.14285714285714285, ""score"": 0.9768148255034312}}","{""gender=Female"": {""alpha"": 1.0, ""margin"": 0.9708976355258485, ""p_observed"": 0.9854488177629241, ""prior_probability"": 0.8571428571428571, ""score"": 0.9708976355258485}, ""gender=Male"": {""alpha"": 1.0, ""margin"": 0.9536296510068626, ""p_observed"": 0.9768148255034312, ""prior_probability"": 0.14285714285714285, ""score"": 0.9536296510068626}}","{""gender=Female"": {""alpha"": 0.0, ""margin"": 0.9708976355258485, ""p_observed"": 0.9854488177629241, ""prior_probability"": 0.8571428571428571, ""score"": -0.15415067982725836}, ""gender=Male"": {""alpha"": 0.0, ""margin"": 0.9536296510068626, ""p_observed"": 0.9768148255034312, ""prior_probability"": 0.14285714285714285, ""score"": -1.9459101490553135}}"
331,Male,White,gender=Male,<=50K,"{""age"": ""28"", ""workclass"": ""Private"", ""fnlwgt"": ""93235"", ""education"": ""Some-college"", ""educational-num"": ""10"", ""marital-status"": ""Never-married"", ""occupation"": ""Sales"", ""relationship"": ""Not-in-family"", ""race"": ""White"", ""capital-gain"": ""0"", ""capital-loss"": ""0"", ""hours-per-week"": ""40"", ""native-country"": ""United-States""}",gender=Male,gender=Male,gender=Male,,gender=Female,gender=Female,gender=Male,0,<=50K | Not-in-family | Never-married | Some-college | Private,2,2,"{""gender=Female"": ""<=50K"", ""gender=Male"": ""<=50K""}","{""gender=Female"": {""alpha"": 1.0, ""margin"": 0.9723778094549562, ""p_observed"": 0.9861889047274781, ""prior_probability"": 0.4296875, ""score"": 0.9861889047274781}, ""gender=Male"": {""alpha"": 1.0, ""margin"": 0.9597556832666755, ""p_observed"": 0.9798778416333376, ""prior_probability"": 0.5703125, ""score"": 0.9798778416333376}}","{""gender=Female"": {""alpha"": 1.0, ""margin"": 0.9723778094549562, ""p_observed"": 0.9861889047274781, ""prior_probability"": 0.4296875, ""score"": 0.9723778094549562}, ""gender=Male"": {""alpha"": 1.0, ""margin"": 0.9597556832666755, ""p_observed"": 0.9798778416333376, ""prior_probability"": 0.5703125, ""score"": 0.9597556832666755}}","{""gender=Female"": {""alpha"": 0.0, ""margin"": 0.9723778094549562, ""p_observed"": 0.9861889047274781, ""prior_probability"": 0.4296875, ""score"": -0.8446970786871463}, ""gender=Male"": {""alpha"": 0.0, ""margin"": 0.9597556832666755, ""p_observed"": 0.9798778416333376, ""prior_probability"": 0.5703125, ""score"": -0.561570822771226}}"
332,Female,White,gender=Female,<=50K,"{""age"": ""51"", ""workclass"": ""Private"", ""fnlwgt"": ""74784"", ""education"": ""Bachelors"", ""educational-num"": ""13"", ""marital-status"": ""Divorced"", ""occupation"": ""Sales"", ""relationship"": ""Not-in-family"", ""race"": ""White"", ""capital-gain"": ""0"", ""capital-loss"": ""0"", ""hours-per-week"": ""60"", ""native-country"": ""United-States""}",gender=Male,gender=Male,gender=Male,,gender=Female,gender=Female,gender=Male,0,<=50K | Not-in-family | Divorced | Bachelors | Private,2,2,"{""gender=Female"": ""<=50K"", ""gender=Male"": ""<=50K""}","{""gender=Female"": {""alpha"": 1.0, ""margin"": 0.458040783152946, ""p_observed"": 0.729020391576473, ""prior_probability"": 0.3783783783783784, ""score"": 0.729020391576473}, ""gender=Male"": {""alpha"": 1.0, ""margin"": 0.24629329405222783, ""p_observed"": 0.623146647026114, ""prior_probability"": 0.6216216216216216, ""score"": 0.623146647026114}}","{""gender=Female"": {""alpha"": 1.0, ""margin"": 0.458040783152946, ""p_observed"": 0.729020391576473, ""prior_probability"": 0.3783783783783784, ""score"": 0.458040783152946}, ""gender=Male"": {""alpha"": 1.0, ""margin"": 0.24629329405222783, ""p_observed"": 0.623146647026114, ""prior_probability"": 0.6216216216216216, ""score"": 0.24629329405222783}}","{""gender=Female"": {""alpha"": 0.0, ""margin"": 0.458040783152946, ""p_observed"": 0.729020391576473, ""prior_probability"": 0.3783783783783784, ""score"": -0.9718605830289657}, ""gender=Male"": {""alpha"": 0.0, ""margin"": 0.24629329405222783, ""p_observed"": 0.623146647026114, ""prior_probability"": 0.6216216216216216, ""score"": -0.4754236967150748}}"
333,Male,White,gender=Male,<=50K,"{""age"": ""76"", ""workclass"": ""Self-emp-inc"", ""fnlwgt"": ""120796"", ""education"": ""9th"", ""educational-num"": ""5"", ""marital-status"": ""Married-civ-spouse"", ""occupation"": ""Prof-specialty"", ""relationship"": ""Husband"", ""race"": ""White"", ""capital-gain"": ""0"", ""capital-loss"": ""0"", ""hours-per-week"": ""40"", ""native-country"": ""United-States""}",gender=Male,gender=Male,gender=Male,,gender=Female,gender=Female,gender=Male,0,<=50K | Husband | Married-civ-spouse | 9th | Self-emp-inc,2,2,"{""gender=Female"": ""<=50K"", ""gender=Male"": ""<=50K""}","{""gender=Female"": {""alpha"": 1.0, ""margin"": 0.4135914333959344, ""p_observed"": 0.706795716697967, ""prior_probability"": 0.3333333333333333, ""score"": 0.706795716697967}, ""gender=Male"": {""alpha"": 1.0, ""margin"": 0.31463823618816594, ""p_observed"": 0.6573191180940828, ""prior_probability"": 0.6666666666666666, ""score"": 0.6573191180940828}}","{""gender=Female"": {""alpha"": 1.0, ""margin"": 0.4135914333959344, ""p_observed"": 0.706795716697967, ""prior_probability"": 0.3333333333333333, ""score"": 0.4135914333959344}, ""gender=Male"": {""alpha"": 1.0, ""margin"": 0.31463823618816594, ""p_observed"": 0.6573191180940828, ""prior_probability"": 0.6666666666666666, ""score"": 0.31463823618816594}}","{""gender=Female"": {""alpha"": 0.0, ""margin"": 0.4135914333959344, ""p_observed"": 0.706795716697967, ""prior_probability"": 0.3333333333333333, ""score"": -1.0986122886681098}, ""gender=Male"": {""alpha"": 0.0, ""margin"": 0.31463823618816594, ""p_observed"": 0.6573191180940828, ""prior_probability"": 0.6666666666666666, ""score"": -0.40546510810816444}}"
334,Male,White,gender=Male,<=50K,"{""age"": ""59"", ""workclass"": ""Federal-gov"", ""fnlwgt"": ""115389"", ""education"": ""Some-college"", ""educational-num"": ""10"", ""marital-status"": ""Married-civ-spouse"", ""occupation"": ""Craft-repair"", ""relationship"": ""Husband"", ""race"": ""White"", ""capital-gain"": ""0"", ""capital-loss"": ""0"", ""hours-per-week"": ""36"", ""native-country"": ""United-States""}",gender=Male,gender=Male,gender=Male,,gender=Female,gender=Female,gender=Male,0,<=50K | Husband | Married-civ-spouse | Some-college | Federal-gov,2,2,"{""gender=Female"": ""<=50K"", ""gender=Male"": ""<=50K""}","{""gender=Female"": {""alpha"": 1.0, ""margin"": 0.2597580241872032, ""p_observed"": 0.6298790120936018, ""prior_probability"": 0.0037735849056603774, ""score"": 0.6298790120936018}, ""gender=Male"": {""alpha"": 1.0, ""margin"": 0.16483439913895293, ""p_observed"": 0.5824171995694766, ""prior_probability"": 0.9962264150943396, ""score"": 0.5824171995694766}}","{""gender=Female"": {""alpha"": 1.0, ""margin"": 0.2597580241872032, ""p_observed"": 0.6298790120936018, ""prior_probability"": 0.0037735849056603774, ""score"": 0.2597580241872032}, ""gender=Male"": {""alpha"": 1.0, ""margin"": 0.16483439913895293, ""p_observed"": 0.5824171995694766, ""prior_probability"": 0.9962264150943396, ""score"": 0.16483439913895293}}","{""gender=Female"": {""alpha"": 0.0, ""margin"": 0.2597580241872032, ""p_observed"": 0.6298790120936018, ""prior_probability"": 0.0037735849056603774, ""score"": -5.579729825986222}, ""gender=Male"": {""alpha"": 0.0, ""margin"": 0.16483439913895293, ""p_observed"": 0.5824171995694766, ""prior_probability"": 0.9962264150943396, ""score"": -0.0037807228399060443}}"
335,Male,White,gender=Male,<=50K,"{""age"": ""31"", ""workclass"": ""Private"", ""fnlwgt"": ""208881"", ""education"": ""Some-college"", ""educational-num"": ""10"", ""marital-status"": ""Married-civ-spouse"", ""occupation"": ""Craft-repair"", ""relationship"": ""Husband"", ""race"": ""White"", ""capital-gain"": ""0"", ""capital-loss"": ""0"", ""hours-per-week"": ""40"", ""native-country"": ""United-States""}",gender=Male,gender=Male,gender=Male,,gender=Female,gender=Female,gender=Male,0,<=50K | Husband | Married-civ-spouse | Some-college | Private,2,2,"{""gender=Female"": ""<=50K"", ""gender=Male"": ""<=50K""}","{""gender=Female"": {""alpha"": 1.0, ""margin"": 0.48127779652026453, ""p_observed"": 0.7406388982601324, ""prior_probability"": 0.0037735849056603774, ""score"": 0.7406388982601324}, ""gender=Male"": {""alpha"": 1.0, ""margin"": 0.4269406469474161, ""p_observed"": 0.7134703234737081, ""prior_probability"": 0.9962264150943396, ""score"": 0.7134703234737081}}","{""gender=Female"": {""alpha"": 1.0, ""margin"": 0.48127779652026453, ""p_observed"": 0.7406388982601324, ""prior_probability"": 0.0037735849056603774, ""score"": 0.48127779652026453}, ""gender=Male"": {""alpha"": 1.0, ""margin"": 0.4269406469474161, ""p_observed"": 0.7134703234737081, ""prior_probability"": 0.9962264150943396, ""score"": 0.4269406469474161}}","{""gender=Female"": {""alpha"": 0.0, ""margin"": 0.48127779652026453, ""p_observed"": 0.7406388982601324, ""prior_probability"": 0.0037735849056603774, ""score"": -5.579729825986222}, ""gender=Male"": {""alpha"": 0.0, ""margin"": 0.4269406469474161, ""p_observed"": 0.7134703234737081, ""prior_probability"": 0.9962264150943396, ""score"": -0.0037807228399060443}}"
336,Male,White,gender=Male,<=50K,"{""age"": ""20"", ""workclass"": ""Private"", ""fnlwgt"": ""275691"", ""education"": ""HS-grad"", ""educational-num"": ""9"", ""marital-status"": ""Never-married"", ""occupation"": ""Handlers-cleaners"", ""relationship"": ""Own-child"", ""race"": ""White"", ""capital-gain"": ""0"", ""capital-loss"": ""0"", ""hours-per-week"": ""28"", ""native-country"": ""United-States""}",gender=Male,gender=Male,gender=Male,gender=Male,gender=Male,gender=Male,gender=Male,1,<=50K | Own-child | Never-married | HS-grad | Private,2,2,"{""gender=Female"": ""<=50K"", ""gender=Male"": ""<=50K""}","{""gender=Female"": {""alpha"": 1.0, ""margin"": 0.9934804799255528, ""p_observed"": 0.9967402399627764, ""prior_probability"": 0.19047619047619047, ""score"": 0.9967402399627764}, ""gender=Male"": {""alpha"": 1.0, ""margin"": 0.9948231327764657, ""p_observed"": 0.9974115663882328, ""prior_probability"": 0.8095238095238095, ""score"": 0.9974115663882328}}","{""gender=Female"": {""alpha"": 1.0, ""margin"": 0.9934804799255528, ""p_observed"": 0.9967402399627764, ""prior_probability"": 0.19047619047619047, ""score"": 0.9934804799255528}, ""gender=Male"": {""alpha"": 1.0, ""margin"": 0.9948231327764657, ""p_observed"": 0.9974115663882328, ""prior_probability"": 0.8095238095238095, ""score"": 0.9948231327764657}}","{""gender=Female"": {""alpha"": 0.0, ""margin"": 0.9934804799255528, ""p_observed"": 0.9967402399627764, ""prior_probability"": 0.19047619047619047, ""score"": -1.6582280766035324}, ""gender=Male"": {""alpha"": 0.0, ""margin"": 0.9948231327764657, ""p_observed"": 0.9974115663882328, ""prior_probability"": 0.8095238095238095, ""score"": -0.2113090936672069}}"
337,Male,White,gender=Male,<=50K,"{""age"": ""46"", ""workclass"": ""Private"", ""fnlwgt"": ""376789"", ""education"": ""HS-grad"", ""educational-num"": ""9"", ""marital-status"": ""Never-married"", ""occupation"": ""Other-service"", ""relationship"": ""Not-in-family"", ""race"": ""White"", ""capital-gain"": ""0"", ""capital-loss"": ""0"", ""hours-per-week"": ""15"", ""native-country"": ""United-States""}",gender=Male,gender=Female,gender=Female,gender=Female,gender=Female,gender=Female,gender=Female,1,<=50K | Not-in-family | Never-married | HS-grad | Private,2,2,"{""gender=Female"": ""<=50K"", ""gender=Male"": ""<=50K""}","{""gender=Female"": {""alpha"": 1.0, ""margin"": 0.9691091204578169, ""p_observed"": 0.9845545602289084, ""prior_probability"": 0.5478723404255319, ""score"": 0.9845545602289084}, ""gender=Male"": {""alpha"": 1.0, ""margin"": 0.9597937201145699, ""p_observed"": 0.9798968600572848, ""prior_probability"": 0.4521276595744681, ""score"": 0.9798968600572848}}","{""gender=Female"": {""alpha"": 1.0, ""margin"": 0.9691091204578169, ""p_observed"": 0.9845545602289084, ""prior_probability"": 0.5478723404255319, ""score"": 0.9691091204578169}, ""gender=Male"": {""alpha"": 1.0, ""margin"": 0.9597937201145699, ""p_observed"": 0.9798968600572848, ""prior_probability"": 0.4521276595744681, ""score"": 0.9597937201145699}}","{""gender=Female"": {""alpha"": 0.0, ""margin"": 0.9691091204578169, ""p_observed"": 0.9845545602289084, ""prior_probability"": 0.5478723404255319, ""score"": -0.6017129746003135}, ""gender=Male"": {""alpha"": 0.0, ""margin"": 0.9597937201145699, ""p_observed"": 0.9798968600572848, ""prior_probability"": 0.4521276595744681, ""score"": -0.7937907063396327}}"
338,Female,White,gender=Female,<=50K,"{""age"": ""27"", ""workclass"": ""Private"", ""fnlwgt"": ""162104"", ""education"": ""7th-8th"", ""educational-num"": ""4"", ""marital-status"": ""Never-married"", ""occupation"": ""Priv-house-serv"", ""relationship"": ""Own-child"", ""race"": ""White"", ""capital-gain"": ""0"", ""capital-loss"": ""0"", ""hours-per-week"": ""30"", ""native-country"": ""United-States""}",gender=Male,gender=Female,gender=Female,,gender=Female,gender=Female,gender=Female,0,<=50K | Own-child | Never-married | 7th-8th | Private,2,2,"{""gender=Female"": ""<=50K"", ""gender=Male"": ""<=50K""}","{""gender=Female"": {""alpha"": 1.0, ""margin"": 0.9914779403029643, ""p_observed"": 0.995738970151482, ""prior_probability"": 0.75, ""score"": 0.995738970151482}, ""gender=Male"": {""alpha"": 1.0, ""margin"": 0.9874348856582887, ""p_observed"": 0.9937174428291442, ""prior_probability"": 0.25, ""score"": 0.9937174428291442}}","{""gender=Female"": {""alpha"": 1.0, ""margin"": 0.9914779403029643, ""p_observed"": 0.995738970151482, ""prior_probability"": 0.75, ""score"": 0.9914779403029643}, ""gender=Male"": {""alpha"": 1.0, ""margin"": 0.9874348856582887, ""p_observed"": 0.9937174428291442, ""prior_probability"": 0.25, ""score"": 0.9874348856582887}}","{""gender=Female"": {""alpha"": 0.0, ""margin"": 0.9914779403029643, ""p_observed"": 0.995738970151482, ""prior_probability"": 0.75, ""score"": -0.2876820724517809}, ""gender=Male"": {""alpha"": 0.0, ""margin"": 0.9874348856582887, ""p_observed"": 0.9937174428291442, ""prior_probability"": 0.25, ""score"": -1.3862943611198906}}"
339,Female,White,gender=Female,<=50K,"{""age"": ""27"", ""workclass"": ""Private"", ""fnlwgt"": ""219371"", ""education"": ""HS-grad"", ""educational-num"": ""9"", ""marital-status"": ""Never-married"", ""occupation"": ""Other-service"", ""relationship"": ""Not-in-family"", ""race"": ""White"", ""capital-gain"": ""0"", ""capital-loss"": ""0"", ""hours-per-week"": ""35"", ""native-country"": ""United-States""}",gender=Male,gender=Female,gender=Female,gender=Female,gender=Female,gender=Female,gender=Female,1,<=50K | Not-in-family | Never-married | HS-grad | Private,2,2,"{""gender=Female"": ""<=50K"", ""gender=Male"": ""<=50K""}","{""gender=Female"": {""alpha"": 1.0, ""margin"": 0.9857771856637946, ""p_observed"": 0.9928885928318973, ""prior_probability"": 0.5478723404255319, ""score"": 0.9928885928318973}, ""gender=Male"": {""alpha"": 1.0, ""margin"": 0.9788937558559822, ""p_observed"": 0.989446877927991, ""prior_probability"": 0.4521276595744681, ""score"": 0.989446877927991}}","{""gender=Female"": {""alpha"": 1.0, ""margin"": 0.9857771856637946, ""p_observed"": 0.9928885928318973, ""prior_probability"": 0.5478723404255319, ""score"": 0.9857771856637946}, ""gender=Male"": {""alpha"": 1.0, ""margin"": 0.9788937558559822, ""p_observed"": 0.989446877927991, ""prior_probability"": 0.4521276595744681, ""score"": 0.9788937558559822}}","{""gender=Female"": {""alpha"": 0.0, ""margin"": 0.9857771856637946, ""p_observed"": 0.9928885928318973, ""prior_probability"": 0.5478723404255319, ""score"": -0.6017129746003135}, ""gender=Male"": {""alpha"": 0.0, ""margin"": 0.9788937558559822, ""p_observed"": 0.989446877927991, ""prior_probability"": 0.4521276595744681, ""score"": -0.7937907063396327}}"
340,Female,White,gender=Female,<=50K,"{""age"": ""22"", ""workclass"": ""Private"", ""fnlwgt"": ""150175"", ""education"": ""Some-college"", ""educational-num"": ""10"", ""marital-status"": ""Never-married"", ""occupation"": ""Adm-clerical"", ""relationship"": ""Own-child"", ""race"": ""White"", ""capital-gain"": ""0"", ""capital-loss"": ""0"", ""hours-per-week"": ""20"", ""native-country"": ""United-States""}",gender=Male,gender=Female,gender=Female,gender=Female,gender=Female,gender=Female,gender=Female,1,<=50K | Own-child | Never-married | Some-college | Private,2,2,"{""gender=Female"": ""<=50K"", ""gender=Male"": ""<=50K""}","{""gender=Female"": {""alpha"": 1.0, ""margin"": 0.9922568277758954, ""p_observed"": 0.9961284138879476, ""prior_probability"": 0.6830188679245283, ""score"": 0.9961284138879476}, ""gender=Male"": {""alpha"": 1.0, ""margin"": 0.9910979140307081, ""p_observed"": 0.9955489570153538, ""prior_probability"": 0.3169811320754717, ""score"": 0.9955489570153538}}","{""gender=Female"": {""alpha"": 1.0, ""margin"": 0.9922568277758954, ""p_observed"": 0.9961284138879476, ""prior_probability"": 0.6830188679245283, ""score"": 0.9922568277758954}, ""gender=Male"": {""alpha"": 1.0, ""margin"": 0.9910979140307081, ""p_observed"": 0.9955489570153538, ""prior_probability"": 0.3169811320754717, ""score"": 0.9910979140307081}}","{""gender=Female"": {""alpha"": 0.0, ""margin"": 0.9922568277758954, ""p_observed"": 0.9961284138879476, ""prior_probability"": 0.6830188679245283, ""score"": -0.3812327947203965}, ""gender=Male"": {""alpha"": 0.0, ""margin"": 0.9910979140307081, ""p_observed"": 0.9955489570153538, ""prior_probability"": 0.3169811320754717, ""score"": -1.1489130271429087}}"
341,Male,White,gender=Male,>50K,"{""age"": ""42"", ""workclass"": ""Self-emp-not-inc"", ""fnlwgt"": ""185129"", ""education"": ""Prof-school"", ""educational-num"": ""15"", ""marital-status"": ""Married-civ-spouse"", ""occupation"": ""Prof-specialty"", ""relationship"": ""Husband"", ""race"": ""White"", ""capital-gain"": ""0"", ""capital-loss"": ""1887"", ""hours-per-week"": ""40"", ""native-country"": ""United-States""}",gender=Male,gender=Male,gender=Male,,gender=Male,gender=Male,gender=Male,0,>50K | Husband | Married-civ-spouse | Prof-school | Self-emp-not-inc,2,2,"{""gender=Female"": "">50K"", ""gender=Male"": "">50K""}","{""gender=Female"": {""alpha"": 1.0, ""margin"": 0.6052701922732908, ""p_observed"": 0.8026350961366454, ""prior_probability"": 0.004132231404958678, ""score"": 0.8026350961366454}, ""gender=Male"": {""alpha"": 1.0, ""margin"": 0.7144756606183742, ""p_observed"": 0.857237830309187, ""prior_probability"": 0.9958677685950413, ""score"": 0.857237830309187}}","{""gender=Female"": {""alpha"": 1.0, ""margin"": 0.6052701922732908, ""p_observed"": 0.8026350961366454, ""prior_probability"": 0.004132231404958678, ""score"": 0.6052701922732908}, ""gender=Male"": {""alpha"": 1.0, ""margin"": 0.7144756606183742, ""p_observed"": 0.857237830309187, ""prior_probability"": 0.9958677685950413, ""score"": 0.7144756606183742}}","{""gender=Female"": {""alpha"": 0.0, ""margin"": 0.6052701922732908, ""p_observed"": 0.8026350961366454, ""prior_probability"": 0.004132231404958678, ""score"": -5.488937726156687}, ""gender=Male"": {""alpha"": 0.0, ""margin"": 0.7144756606183742, ""p_observed"": 0.857237830309187, ""prior_probability"": 0.9958677685950413, ""score"": -0.004140792666031388}}"
342,Female,White,gender=Female,>50K,"{""age"": ""49"", ""workclass"": ""Private"", ""fnlwgt"": ""125421"", ""education"": ""HS-grad"", ""educational-num"": ""9"", ""marital-status"": ""Married-civ-spouse"", ""occupation"": ""Craft-repair"", ""relationship"": ""Wife"", ""race"": ""White"", ""capital-gain"": ""0"", ""capital-loss"": ""0"", ""hours-per-week"": ""40"", ""native-country"": ""United-States""}",gender=Male,gender=Female,gender=Female,,gender=Female,gender=Female,gender=Female,0,>50K | Wife | Married-civ-spouse | HS-grad | Private,2,2,"{""gender=Female"": ""<=50K"", ""gender=Male"": ""<=50K""}","{""gender=Female"": {""alpha"": 1.0, ""margin"": -0.3503608576943739, ""p_observed"": 0.32481957115281296, ""prior_probability"": 0.8888888888888888, ""score"": 0.32481957115281296}, ""gender=Male"": {""alpha"": 1.0, ""margin"": -0.4429580090025643, ""p_observed"": 0.2785209954987178, ""prior_probability"": 0.1111111111111111, ""score"": 0.2785209954987178}}","{""gender=Female"": {""alpha"": 1.0, ""margin"": -0.3503608576943739, ""p_observed"": 0.32481957115281296, ""prior_probability"": 0.8888888888888888, ""score"": -0.3503608576943739}, ""gender=Male"": {""alpha"": 1.0, ""margin"": -0.4429580090025643, ""p_observed"": 0.2785209954987178, ""prior_probability"": 0.1111111111111111, ""score"": -0.4429580090025643}}","{""gender=Female"": {""alpha"": 0.0, ""margin"": -0.3503608576943739, ""p_observed"": 0.32481957115281296, ""prior_probability"": 0.8888888888888888, ""score"": -0.11778303565638351}, ""gender=Male"": {""alpha"": 0.0, ""margin"": -0.4429580090025643, ""p_observed"": 0.2785209954987178, ""prior_probability"": 0.1111111111111111, ""score"": -2.1972245773362196}}"
343,Male,White,gender=Male,<=50K,"{""age"": ""58"", ""workclass"": ""Private"", ""fnlwgt"": ""205410"", ""education"": ""HS-grad"", ""educational-num"": ""9"", ""marital-status"": ""Married-civ-spouse"", ""occupation"": ""Craft-repair"", ""relationship"": ""Husband"", ""race"": ""White"", ""capital-gain"": ""0"", ""capital-loss"": ""0"", ""hours-per-week"": ""40"", ""native-country"": ""United-States""}",gender=Male,gender=Male,gender=Male,,gender=Female,gender=Female,gender=Male,0,<=50K | Husband | Married-civ-spouse | HS-grad | Private,2,2,"{""gender=Female"": ""<=50K"", ""gender=Male"": ""<=50K""}","{""gender=Female"": {""alpha"": 1.0, ""margin"": 0.4447485925116467, ""p_observed"": 0.7223742962558232, ""prior_probability"": 0.001364256480218281, ""score"": 0.7223742962558232}, ""gender=Male"": {""alpha"": 1.0, ""margin"": 0.38178771286085933, ""p_observed"": 0.6908938564304296, ""prior_probability"": 0.9986357435197817, ""score"": 0.6908938564304296}}","{""gender=Female"": {""alpha"": 1.0, ""margin"": 0.4447485925116467, ""p_observed"": 0.7223742962558232, ""prior_probability"": 0.001364256480218281, ""score"": 0.4447485925116467}, ""gender=Male"": {""alpha"": 1.0, ""margin"": 0.38178771286085933, ""p_observed"": 0.6908938564304296, ""prior_probability"": 0.9986357435197817, ""score"": 0.38178771286085933}}","{""gender=Female"": {""alpha"": 0.0, ""margin"": 0.4447485925116467, ""p_observed"": 0.7223742962558232, ""prior_probability"": 0.001364256480218281, ""score"": -6.597145701886651}, ""gender=Male"": {""alpha"": 0.0, ""margin"": 0.38178771286085933, ""p_observed"": 0.6908938564304296, ""prior_probability"": 0.9986357435197817, ""score"": -0.00136518792533997}}"
344,Female,White,gender=Female,<=50K,"{""age"": ""45"", ""workclass"": ""State-gov"", ""fnlwgt"": ""50567"", ""education"": ""HS-grad"", ""educational-num"": ""9"", ""marital-status"": ""Married-civ-spouse"", ""occupation"": ""Exec-managerial"", ""relationship"": ""Wife"", ""race"": ""White"", ""capital-gain"": ""0"", ""capital-loss"": ""0"", ""hours-per-week"": ""40"", ""native-country"": ""United-States""}",gender=Male,gender=Female,gender=Female,,gender=Male,gender=Male,gender=Female,0,<=50K | Wife | Married-civ-spouse | HS-grad | State-gov,2,2,"{""gender=Female"": ""<=50K"", ""gender=Male"": ""<=50K""}","{""gender=Female"": {""alpha"": 1.0, ""margin"": 0.14606556694363754, ""p_observed"": 0.5730327834718187, ""prior_probability"": 0.95, ""score"": 0.5730327834718187}, ""gender=Male"": {""alpha"": 1.0, ""margin"": 0.22566968414966065, ""p_observed"": 0.6128348420748303, ""prior_probability"": 0.05, ""score"": 0.6128348420748303}}","{""gender=Female"": {""alpha"": 1.0, ""margin"": 0.14606556694363754, ""p_observed"": 0.5730327834718187, ""prior_probability"": 0.95, ""score"": 0.14606556694363754}, ""gender=Male"": {""alpha"": 1.0, ""margin"": 0.22566968414966065, ""p_observed"": 0.6128348420748303, ""prior_probability"": 0.05, ""score"": 0.22566968414966065}}","{""gender=Female"": {""alpha"": 0.0, ""margin"": 0.14606556694363754, ""p_observed"": 0.5730327834718187, ""prior_probability"": 0.95, ""score"": -0.05129329438755058}, ""gender=Male"": {""alpha"": 0.0, ""margin"": 0.22566968414966065, ""p_observed"": 0.6128348420748303, ""prior_probability"": 0.05, ""score"": -2.995732273553991}}"
345,Male,White,gender=Male,<=50K,"{""age"": ""43"", ""workclass"": ""Private"", ""fnlwgt"": ""210013"", ""education"": ""HS-grad"", ""educational-num"": ""9"", ""marital-status"": ""Married-civ-spouse"", ""occupation"": ""Craft-repair"", ""relationship"": ""Husband"", ""race"": ""White"", ""capital-gain"": ""0"", ""capital-loss"": ""0"", ""hours-per-week"": ""40"", ""native-country"": ""United-States""}",gender=Male,gender=Male,gender=Male,,gender=Female,gender=Female,gender=Male,0,<=50K | Husband | Married-civ-spouse | HS-grad | Private,2,2,"{""gender=Female"": ""<=50K"", ""gender=Male"": ""<=50K""}","{""gender=Female"": {""alpha"": 1.0, ""margin"": 0.4447485925116467, ""p_observed"": 0.7223742962558232, ""prior_probability"": 0.001364256480218281, ""score"": 0.7223742962558232}, ""gender=Male"": {""alpha"": 1.0, ""margin"": 0.38178771286085933, ""p_observed"": 0.6908938564304296, ""prior_probability"": 0.9986357435197817, ""score"": 0.6908938564304296}}","{""gender=Female"": {""alpha"": 1.0, ""margin"": 0.4447485925116467, ""p_observed"": 0.7223742962558232, ""prior_probability"": 0.001364256480218281, ""score"": 0.4447485925116467}, ""gender=Male"": {""alpha"": 1.0, ""margin"": 0.38178771286085933, ""p_observed"": 0.6908938564304296, ""prior_probability"": 0.9986357435197817, ""score"": 0.38178771286085933}}","{""gender=Female"": {""alpha"": 0.0, ""margin"": 0.4447485925116467, ""p_observed"": 0.7223742962558232, ""prior_probability"": 0.001364256480218281, ""score"": -6.597145701886651}, ""gender=Male"": {""alpha"": 0.0, ""margin"": 0.38178771286085933, ""p_observed"": 0.6908938564304296, ""prior_probability"": 0.9986357435197817, ""score"": -0.00136518792533997}}"
346,Female,Black,gender=Female,<=50K,"{""age"": ""28"", ""workclass"": ""Private"", ""fnlwgt"": ""149734"", ""education"": ""HS-grad"", ""educational-num"": ""9"", ""marital-status"": ""Never-married"", ""occupation"": ""Other-service"", ""relationship"": ""Unmarried"", ""race"": ""Black"", ""capital-gain"": ""0"", ""capital-loss"": ""0"", ""hours-per-week"": ""52"", ""native-country"": ""United-States""}",gender=Male,gender=Female,gender=Female,,gender=Female,gender=Female,gender=Female,0,<=50K | Unmarried | Never-married | HS-grad | Private,2,2,"{""gender=Female"": ""<=50K"", ""gender=Male"": ""<=50K""}","{""gender=Female"": {""alpha"": 1.0, ""margin"": 0.9667139798454867, ""p_observed"": 0.9833569899227435, ""prior_probability"": 0.7792207792207793, ""score"": 0.9833569899227435}, ""gender=Male"": {""alpha"": 1.0, ""margin"": 0.9164676509600937, ""p_observed"": 0.9582338254800469, ""prior_probability"": 0.22077922077922077, ""score"": 0.9582338254800469}}","{""gender=Female"": {""alpha"": 1.0, ""margin"": 0.9667139798454867, ""p_observed"": 0.9833569899227435, ""prior_probability"": 0.7792207792207793, ""score"": 0.9667139798454867}, ""gender=Male"": {""alpha"": 1.0, ""margin"": 0.9164676509600937, ""p_observed"": 0.9582338254800469, ""prior_probability"": 0.22077922077922077, ""score"": 0.9164676509600937}}","{""gender=Female"": {""alpha"": 0.0, ""margin"": 0.9667139798454867, ""p_observed"": 0.9833569899227435, ""prior_probability"": 0.7792207792207793, ""score"": -0.24946085963158313}, ""gender=Male"": {""alpha"": 0.0, ""margin"": 0.9164676509600937, ""p_observed"": 0.9582338254800469, ""prior_probability"": 0.22077922077922077, ""score"": -1.5105920777974677}}"
347,Female,Black,gender=Female,<=50K,"{""age"": ""17"", ""workclass"": ""Private"", ""fnlwgt"": ""317702"", ""education"": ""9th"", ""educational-num"": ""5"", ""marital-status"": ""Never-married"", ""occupation"": ""Other-service"", ""relationship"": ""Own-child"", ""race"": ""Black"", ""capital-gain"": ""0"", ""capital-loss"": ""0"", ""hours-per-week"": ""40"", ""native-country"": ""United-States""}",gender=Male,gender=Male,gender=Male,,gender=Male,gender=Male,gender=Male,0,<=50K | Own-child | Never-married | 9th | Private,2,2,"{""gender=Female"": ""<=50K"", ""gender=Male"": ""<=50K""}","{""gender=Female"": {""alpha"": 1.0, ""margin"": 0.9907160737575544, ""p_observed"": 0.9953580368787772, ""prior_probability"": 0.3125, ""score"": 0.9953580368787772}, ""gender=Male"": {""alpha"": 1.0, ""margin"": 0.9926056910363106, ""p_observed"": 0.9963028455181553, ""prior_probability"": 0.6875, ""score"": 0.9963028455181553}}","{""gender=Female"": {""alpha"": 1.0, ""margin"": 0.9907160737575544, ""p_observed"": 0.9953580368787772, ""prior_probability"": 0.3125, ""score"": 0.9907160737575544}, ""gender=Male"": {""alpha"": 1.0, ""margin"": 0.9926056910363106, ""p_observed"": 0.9963028455181553, ""prior_probability"": 0.6875, ""score"": 0.9926056910363106}}","{""gender=Female"": {""alpha"": 0.0, ""margin"": 0.9907160737575544, ""p_observed"": 0.9953580368787772, ""prior_probability"": 0.3125, ""score"": -1.1631508098056809}, ""gender=Male"": {""alpha"": 0.0, ""margin"": 0.9926056910363106, ""p_observed"": 0.9963028455181553, ""prior_probability"": 0.6875, ""score"": -0.3746934494414107}}"
348,Male,White,gender=Male,<=50K,"{""age"": ""41"", ""workclass"": ""Local-gov"", ""fnlwgt"": ""113324"", ""education"": ""Assoc-acdm"", ""educational-num"": ""12"", ""marital-status"": ""Married-civ-spouse"", ""occupation"": ""Adm-clerical"", ""relationship"": ""Husband"", ""race"": ""White"", ""capital-gain"": ""0"", ""capital-loss"": ""0"", ""hours-per-week"": ""40"", ""native-country"": ""United-States""}",gender=Male,gender=Male,gender=Male,,gender=Female,gender=Female,gender=Male,0,<=50K | Husband | Married-civ-spouse | Assoc-acdm | Local-gov,2,2,"{""gender=Female"": ""<=50K"", ""gender=Male"": ""<=50K""}","{""gender=Female"": {""alpha"": 1.0, ""margin"": 0.2594770702414485, ""p_observed"": 0.6297385351207243, ""prior_probability"": 0.06666666666666667, ""score"": 0.6297385351207243}, ""gender=Male"": {""alpha"": 1.0, ""margin"": 0.1595044152199197, ""p_observed"": 0.5797522076099599, ""prior_probability"": 0.9333333333333333, ""score"": 0.5797522076099599}}","{""gender=Female"": {""alpha"": 1.0, ""margin"": 0.2594770702414485, ""p_observed"": 0.6297385351207243, ""prior_probability"": 0.06666666666666667, ""score"": 0.2594770702414485}, ""gender=Male"": {""alpha"": 1.0, ""margin"": 0.1595044152199197, ""p_observed"": 0.5797522076099599, ""prior_probability"": 0.9333333333333333, ""score"": 0.1595044152199197}}","{""gender=Female"": {""alpha"": 0.0, ""margin"": 0.2594770702414485, ""p_observed"": 0.6297385351207243, ""prior_probability"": 0.06666666666666667, ""score"": -2.70805020110221}, ""gender=Male"": {""alpha"": 0.0, ""margin"": 0.1595044152199197, ""p_observed"": 0.5797522076099599, ""prior_probability"": 0.9333333333333333, ""score"": -0.06899287148695143}}"
349,Female,White,gender=Female,>50K,"{""age"": ""71"", ""workclass"": ""Private"", ""fnlwgt"": ""148003"", ""education"": ""Bachelors"", ""educational-num"": ""13"", ""marital-status"": ""Divorced"", ""occupation"": ""Sales"", ""relationship"": ""Not-in-family"", ""race"": ""White"", ""capital-gain"": ""0"", ""capital-loss"": ""1911"", ""hours-per-week"": ""38"", ""native-country"": ""United-States""}",gender=Male,gender=Male,gender=Male,,gender=Male,gender=Male,gender=Male,0,>50K | Not-in-family | Divorced | Bachelors | Private,2,2,"{""gender=Female"": ""<=50K"", ""gender=Male"": ""<=50K""}","{""gender=Female"": {""alpha"": 1.0, ""margin"": -0.5758252174336884, ""p_observed"": 0.21208739128315587, ""prior_probability"": 0.25, ""score"": 0.21208739128315587}, ""gender=Male"": {""alpha"": 1.0, ""margin"": -0.4886115519338716, ""p_observed"": 0.2556942240330642, ""prior_probability"": 0.75, ""score"": 0.2556942240330642}}","{""gender=Female"": {""alpha"": 1.0, ""margin"": -0.5758252174336884, ""p_observed"": 0.21208739128315587, ""prior_probability"": 0.25, ""score"": -0.5758252174336884}, ""gender=Male"": {""alpha"": 1.0, ""margin"": -0.4886115519338716, ""p_observed"": 0.2556942240330642, ""prior_probability"": 0.75, ""score"": -0.4886115519338716}}","{""gender=Female"": {""alpha"": 0.0, ""margin"": -0.5758252174336884, ""p_observed"": 0.21208739128315587, ""prior_probability"": 0.25, ""score"": -1.3862943611198906}, ""gender=Male"": {""alpha"": 0.0, ""margin"": -0.4886115519338716, ""p_observed"": 0.2556942240330642, ""prior_probability"": 0.75, ""score"": -0.2876820724517809}}"
350,Male,White,gender=Male,<=50K,"{""age"": ""25"", ""workclass"": ""Private"", ""fnlwgt"": ""120268"", ""education"": ""Bachelors"", ""educational-num"": ""13"", ""marital-status"": ""Never-married"", ""occupation"": ""Prof-specialty"", ""relationship"": ""Own-child"", ""race"": ""White"", ""capital-gain"": ""0"", ""capital-loss"": ""0"", ""hours-per-week"": ""70"", ""native-country"": ""United-States""}",gender=Male,gender=Female,gender=Female,,gender=Female,gender=Female,gender=Female,0,<=50K | Own-child | Never-married | Bachelors | Private,2,2,"{""gender=Female"": ""<=50K"", ""gender=Male"": ""<=50K""}","{""gender=Female"": {""alpha"": 1.0, ""margin"": 0.8989599005097704, ""p_observed"": 0.9494799502548853, ""prior_probability"": 0.5188679245283019, ""score"": 0.9494799502548853}, ""gender=Male"": {""alpha"": 1.0, ""margin"": 0.8205464450133777, ""p_observed"": 0.9102732225066887, ""prior_probability"": 0.4811320754716981, ""score"": 0.9102732225066887}}","{""gender=Female"": {""alpha"": 1.0, ""margin"": 0.8989599005097704, ""p_observed"": 0.9494799502548853, ""prior_probability"": 0.5188679245283019, ""score"": 0.8989599005097704}, ""gender=Male"": {""alpha"": 1.0, ""margin"": 0.8205464450133777, ""p_observed"": 0.9102732225066887, ""prior_probability"": 0.4811320754716981, ""score"": 0.8205464450133777}}","{""gender=Female"": {""alpha"": 0.0, ""margin"": 0.8989599005097704, ""p_observed"": 0.9494799502548853, ""prior_probability"": 0.5188679245283019, ""score"": -0.6561059088795962}, ""gender=Male"": {""alpha"": 0.0, ""margin"": 0.8205464450133777, ""p_observed"": 0.9102732225066887, ""prior_probability"": 0.4811320754716981, ""score"": -0.7316134613877414}}"
351,Male,White,gender=Male,<=50K,"{""age"": ""31"", ""workclass"": ""Private"", ""fnlwgt"": ""332379"", ""education"": ""7th-8th"", ""educational-num"": ""4"", ""marital-status"": ""Never-married"", ""occupation"": ""Craft-repair"", ""relationship"": ""Not-in-family"", ""race"": ""White"", ""capital-gain"": ""0"", ""capital-loss"": ""0"", ""hours-per-week"": ""40"", ""native-country"": ""United-States""}",gender=Male,gender=Male,gender=Male,,gender=Female,gender=Female,gender=Male,0,<=50K | Not-in-family | Never-married | 7th-8th | Private,2,2,"{""gender=Female"": ""<=50K"", ""gender=Male"": ""<=50K""}","{""gender=Female"": {""alpha"": 1.0, ""margin"": 0.9391490180867009, ""p_observed"": 0.9695745090433503, ""prior_probability"": 0.2, ""score"": 0.9695745090433503}, ""gender=Male"": {""alpha"": 1.0, ""margin"": 0.9223627327544195, ""p_observed"": 0.9611813663772096, ""prior_probability"": 0.8, ""score"": 0.9611813663772096}}","{""gender=Female"": {""alpha"": 1.0, ""margin"": 0.9391490180867009, ""p_observed"": 0.9695745090433503, ""prior_probability"": 0.2, ""score"": 0.9391490180867009}, ""gender=Male"": {""alpha"": 1.0, ""margin"": 0.9223627327544195, ""p_observed"": 0.9611813663772096, ""prior_probability"": 0.8, ""score"": 0.9223627327544195}}","{""gender=Female"": {""alpha"": 0.0, ""margin"": 0.9391490180867009, ""p_observed"": 0.9695745090433503, ""prior_probability"": 0.2, ""score"": -1.6094379124341003}, ""gender=Male"": {""alpha"": 0.0, ""margin"": 0.9223627327544195, ""p_observed"": 0.9611813663772096, ""prior_probability"": 0.8, ""score"": -0.2231435513142097}}"
352,Male,White,gender=Male,<=50K,"{""age"": ""31"", ""workclass"": ""Private"", ""fnlwgt"": ""158672"", ""education"": ""11th"", ""educational-num"": ""7"", ""marital-status"": ""Separated"", ""occupation"": ""Other-service"", ""relationship"": ""Not-in-family"", ""race"": ""White"", ""capital-gain"": ""0"", ""capital-loss"": ""0"", ""hours-per-week"": ""38"", ""native-country"": ""Puerto-Rico""}",gender=Male,gender=Male,gender=Male,,gender=Female,gender=Female,gender=Male,0,<=50K | Not-in-family | Separated | 11th | Private,2,2,"{""gender=Female"": ""<=50K"", ""gender=Male"": ""<=50K""}","{""gender=Female"": {""alpha"": 1.0, ""margin"": 0.9315566117674913, ""p_observed"": 0.9657783058837455, ""prior_probability"": 0.41009463722397477, ""score"": 0.9657783058837455}, ""gender=Male"": {""alpha"": 1.0, ""margin"": 0.9047565578200637, ""p_observed"": 0.9523782789100317, ""prior_probability"": 0.5899053627760252, ""score"": 0.9523782789100317}}","{""gender=Female"": {""alpha"": 1.0, ""margin"": 0.9315566117674913, ""p_observed"": 0.9657783058837455, ""prior_probability"": 0.41009463722397477, ""score"": 0.9315566117674913}, ""gender=Male"": {""alpha"": 1.0, ""margin"": 0.9047565578200637, ""p_observed"": 0.9523782789100317, ""prior_probability"": 0.5899053627760252, ""score"": 0.9047565578200637}}","{""gender=Female"": {""alpha"": 0.0, ""margin"": 0.9315566117674913, ""p_observed"": 0.9657783058837455, ""prior_probability"": 0.41009463722397477, ""score"": -0.8913673234216982}, ""gender=Male"": {""alpha"": 0.0, ""margin"": 0.9047565578200637, ""p_observed"": 0.9523782789100317, ""prior_probability"": 0.5899053627760252, ""score"": -0.527793157022694}}"
353,Male,White,gender=Male,<=50K,"{""age"": ""35"", ""workclass"": ""Private"", ""fnlwgt"": ""36989"", ""education"": ""HS-grad"", ""educational-num"": ""9"", ""marital-status"": ""Divorced"", ""occupation"": ""Craft-repair"", ""relationship"": ""Unmarried"", ""race"": ""White"", ""capital-gain"": ""0"", ""capital-loss"": ""0"", ""hours-per-week"": ""40"", ""native-country"": ""United-States""}",gender=Male,gender=Male,gender=Male,,gender=Female,gender=Female,gender=Male,0,<=50K | Unmarried | Divorced | HS-grad | Private,2,2,"{""gender=Female"": ""<=50K"", ""gender=Male"": ""<=50K""}","{""gender=Female"": {""alpha"": 1.0, ""margin"": 0.9500186247378382, ""p_observed"": 0.975009312368919, ""prior_probability"": 0.288135593220339, ""score"": 0.975009312368919}, ""gender=Male"": {""alpha"": 1.0, ""margin"": 0.9231560081515974, ""p_observed"": 0.9615780040757986, ""prior_probability"": 0.711864406779661, ""score"": 0.9615780040757986}}","{""gender=Female"": {""alpha"": 1.0, ""margin"": 0.9500186247378382, ""p_observed"": 0.975009312368919, ""prior_probability"": 0.288135593220339, ""score"": 0.9500186247378382}, ""gender=Male"": {""alpha"": 1.0, ""margin"": 0.9231560081515974, ""p_observed"": 0.9615780040757986, ""prior_probability"": 0.711864406779661, ""score"": 0.9231560081515974}}","{""gender=Female"": {""alpha"": 0.0, ""margin"": 0.9500186247378382, ""p_observed"": 0.975009312368919, ""prior_probability"": 0.288135593220339, ""score"": -1.2443240998495033}, ""gender=Male"": {""alpha"": 0.0, ""margin"": 0.9231560081515974, ""p_observed"": 0.9615780040757986, ""prior_probability"": 0.711864406779661, ""score"": -0.3398678256223512}}"
354,Male,White,gender=Male,<=50K,"{""age"": ""43"", ""workclass"": ""Self-emp-inc"", ""fnlwgt"": ""83348"", ""education"": ""HS-grad"", ""educational-num"": ""9"", ""marital-status"": ""Married-civ-spouse"", ""occupation"": ""Craft-repair"", ""relationship"": ""Husband"", ""race"": ""White"", ""capital-gain"": ""0"", ""capital-loss"": ""0"", ""hours-per-week"": ""60"", ""native-country"": ""United-States""}",gender=Male,gender=Male,gender=Male,,gender=Female,gender=Female,gender=Male,0,<=50K | Husband | Married-civ-spouse | HS-grad | Self-emp-inc,2,2,"{""gender=Female"": ""<=50K"", ""gender=Male"": ""<=50K""}","{""gender=Female"": {""alpha"": 1.0, ""margin"": 0.28540907179346364, ""p_observed"": 0.6427045358967316, ""prior_probability"": 0.001364256480218281, ""score"": 0.6427045358967316}, ""gender=Male"": {""alpha"": 1.0, ""margin"": 0.19110123833495674, ""p_observed"": 0.5955506191674782, ""prior_probability"": 0.9986357435197817, ""score"": 0.5955506191674782}}","{""gender=Female"": {""alpha"": 1.0, ""margin"": 0.28540907179346364, ""p_observed"": 0.6427045358967316, ""prior_probability"": 0.001364256480218281, ""score"": 0.28540907179346364}, ""gender=Male"": {""alpha"": 1.0, ""margin"": 0.19110123833495674, ""p_observed"": 0.5955506191674782, ""prior_probability"": 0.9986357435197817, ""score"": 0.19110123833495674}}","{""gender=Female"": {""alpha"": 0.0, ""margin"": 0.28540907179346364, ""p_observed"": 0.6427045358967316, ""prior_probability"": 0.001364256480218281, ""score"": -6.597145701886651}, ""gender=Male"": {""alpha"": 0.0, ""margin"": 0.19110123833495674, ""p_observed"": 0.5955506191674782, ""prior_probability"": 0.9986357435197817, ""score"": -0.00136518792533997}}"
355,Male,Asian-Pac-Islander,gender=Male,<=50K,"{""age"": ""28"", ""workclass"": ""Private"", ""fnlwgt"": ""168901"", ""education"": ""Bachelors"", ""educational-num"": ""13"", ""marital-status"": ""Married-civ-spouse"", ""occupation"": ""Prof-specialty"", ""relationship"": ""Husband"", ""race"": ""Asian-Pac-Islander"", ""capital-gain"": ""0"", ""capital-loss"": ""0"", ""hours-per-week"": ""40"", ""native-country"": ""Taiwan""}",gender=Male,gender=Male,gender=Female,,gender=Female,gender=Female,gender=Male,0,<=50K | Husband | Married-civ-spouse | Bachelors | Private,2,2,"{""gender=Female"": ""<=50K"", ""gender=Male"": "">50K""}","{""gender=Female"": {""alpha"": 1.0, ""margin"": 0.12156509905659196, ""p_observed"": 0.560782549528296, ""prior_probability"": 0.00625, ""score"": 0.560782549528296}, ""gender=Male"": {""alpha"": 1.0, ""margin"": -0.010758451485932241, ""p_observed"": 0.4946207742570339, ""prior_probability"": 0.99375, ""score"": 0.4946207742570339}}","{""gender=Female"": {""alpha"": 1.0, ""margin"": 0.12156509905659196, ""p_observed"": 0.560782549528296, ""prior_probability"": 0.00625, ""score"": 0.12156509905659196}, ""gender=Male"": {""alpha"": 1.0, ""margin"": -0.010758451485932241, ""p_observed"": 0.4946207742570339, ""prior_probability"": 0.99375, ""score"": -0.010758451485932241}}","{""gender=Female"": {""alpha"": 0.0, ""margin"": 0.12156509905659196, ""p_observed"": 0.560782549528296, ""prior_probability"": 0.00625, ""score"": -5.075173815233827}, ""gender=Male"": {""alpha"": 0.0, ""margin"": -0.010758451485932241, ""p_observed"": 0.4946207742570339, ""prior_probability"": 0.99375, ""score"": -0.006269613013595374}}"
356,Female,White,gender=Female,<=50K,"{""age"": ""39"", ""workclass"": ""Private"", ""fnlwgt"": ""111000"", ""education"": ""Masters"", ""educational-num"": ""14"", ""marital-status"": ""Never-married"", ""occupation"": ""Other-service"", ""relationship"": ""Unmarried"", ""race"": ""White"", ""capital-gain"": ""0"", ""capital-loss"": ""0"", ""hours-per-week"": ""35"", ""native-country"": ""United-States""}",gender=Male,gender=Female,gender=Female,,gender=Female,gender=Female,gender=Female,0,<=50K | Unmarried | Never-married | Masters | Private,2,2,"{""gender=Female"": ""<=50K"", ""gender=Male"": ""<=50K""}","{""gender=Female"": {""alpha"": 1.0, ""margin"": 0.8331583869567297, ""p_observed"": 0.916579193478365, ""prior_probability"": 0.65625, ""score"": 0.916579193478365}, ""gender=Male"": {""alpha"": 1.0, ""margin"": 0.7252263404815988, ""p_observed"": 0.8626131702407994, ""prior_probability"": 0.34375, ""score"": 0.8626131702407994}}","{""gender=Female"": {""alpha"": 1.0, ""margin"": 0.8331583869567297, ""p_observed"": 0.916579193478365, ""prior_probability"": 0.65625, ""score"": 0.8331583869567297}, ""gender=Male"": {""alpha"": 1.0, ""margin"": 0.7252263404815988, ""p_observed"": 0.8626131702407994, ""prior_probability"": 0.34375, ""score"": 0.7252263404815988}}","{""gender=Female"": {""alpha"": 0.0, ""margin"": 0.8331583869567297, ""p_observed"": 0.916579193478365, ""prior_probability"": 0.65625, ""score"": -0.42121346507630353}, ""gender=Male"": {""alpha"": 0.0, ""margin"": 0.7252263404815988, ""p_observed"": 0.8626131702407994, ""prior_probability"": 0.34375, ""score"": -1.067840630001356}}"
357,Male,White,gender=Male,<=50K,"{""age"": ""67"", ""workclass"": ""Private"", ""fnlwgt"": ""219687"", ""education"": ""Some-college"", ""educational-num"": ""10"", ""marital-status"": ""Widowed"", ""occupation"": ""Sales"", ""relationship"": ""Not-in-family"", ""race"": ""White"", ""capital-gain"": ""0"", ""capital-loss"": ""0"", ""hours-per-week"": ""18"", ""native-country"": ""United-States""}",gender=Male,gender=Female,gender=Female,,gender=Female,gender=Female,gender=Female,0,<=50K | Not-in-family | Widowed | Some-college | Private,2,2,"{""gender=Female"": ""<=50K"", ""gender=Male"": ""<=50K""}","{""gender=Female"": {""alpha"": 1.0, ""margin"": 0.9182831750664988, ""p_observed"": 0.9591415875332494, ""prior_probability"": 0.6923076923076923, ""score"": 0.9591415875332494}, ""gender=Male"": {""alpha"": 1.0, ""margin"": 0.870889921546138, ""p_observed"": 0.9354449607730689, ""prior_probability"": 0.3076923076923077, ""score"": 0.9354449607730689}}","{""gender=Female"": {""alpha"": 1.0, ""margin"": 0.9182831750664988, ""p_observed"": 0.9591415875332494, ""prior_probability"": 0.6923076923076923, ""score"": 0.9182831750664988}, ""gender=Male"": {""alpha"": 1.0, ""margin"": 0.870889921546138, ""p_observed"": 0.9354449607730689, ""prior_probability"": 0.3076923076923077, ""score"": 0.870889921546138}}","{""gender=Female"": {""alpha"": 0.0, ""margin"": 0.9182831750664988, ""p_observed"": 0.9591415875332494, ""prior_probability"": 0.6923076923076923, ""score"": -0.3677247801253174}, ""gender=Male"": {""alpha"": 0.0, ""margin"": 0.870889921546138, ""p_observed"": 0.9354449607730689, ""prior_probability"": 0.3076923076923077, ""score"": -1.1786549963416462}}"
358,Male,White,gender=Male,<=50K,"{""age"": ""47"", ""workclass"": ""Private"", ""fnlwgt"": ""209460"", ""education"": ""Some-college"", ""educational-num"": ""10"", ""marital-status"": ""Married-civ-spouse"", ""occupation"": ""Craft-repair"", ""relationship"": ""Husband"", ""race"": ""White"", ""capital-gain"": ""0"", ""capital-loss"": ""1485"", ""hours-per-week"": ""47"", ""native-country"": ""United-States""}",gender=Male,gender=Male,gender=Male,,gender=Female,gender=Female,gender=Male,0,<=50K | Husband | Married-civ-spouse | Some-college | Private,2,2,"{""gender=Female"": ""<=50K"", ""gender=Male"": ""<=50K""}","{""gender=Female"": {""alpha"": 1.0, ""margin"": 0.2104514911457307, ""p_observed"": 0.6052257455728652, ""prior_probability"": 0.0037735849056603774, ""score"": 0.6052257455728652}, ""gender=Male"": {""alpha"": 1.0, ""margin"": 0.13513812799954789, ""p_observed"": 0.5675690639997739, ""prior_probability"": 0.9962264150943396, ""score"": 0.5675690639997739}}","{""gender=Female"": {""alpha"": 1.0, ""margin"": 0.2104514911457307, ""p_observed"": 0.6052257455728652, ""prior_probability"": 0.0037735849056603774, ""score"": 0.2104514911457307}, ""gender=Male"": {""alpha"": 1.0, ""margin"": 0.13513812799954789, ""p_observed"": 0.5675690639997739, ""prior_probability"": 0.9962264150943396, ""score"": 0.13513812799954789}}","{""gender=Female"": {""alpha"": 0.0, ""margin"": 0.2104514911457307, ""p_observed"": 0.6052257455728652, ""prior_probability"": 0.0037735849056603774, ""score"": -5.579729825986222}, ""gender=Male"": {""alpha"": 0.0, ""margin"": 0.13513812799954789, ""p_observed"": 0.5675690639997739, ""prior_probability"": 0.9962264150943396, ""score"": -0.0037807228399060443}}"
359,Female,White,gender=Female,<=50K,"{""age"": ""25"", ""workclass"": ""Private"", ""fnlwgt"": ""113654"", ""education"": ""HS-grad"", ""educational-num"": ""9"", ""marital-status"": ""Separated"", ""occupation"": ""Exec-managerial"", ""relationship"": ""Unmarried"", ""race"": ""White"", ""capital-gain"": ""0"", ""capital-loss"": ""0"", ""hours-per-week"": ""37"", ""native-country"": ""United-States""}",gender=Male,gender=Female,gender=Female,,gender=Female,gender=Female,gender=Female,0,<=50K | Unmarried | Separated | HS-grad | Private,2,2,"{""gender=Female"": ""<=50K"", ""gender=Male"": ""<=50K""}","{""gender=Female"": {""alpha"": 1.0, ""margin"": 0.9400423711278554, ""p_observed"": 0.9700211855639276, ""prior_probability"": 0.7333333333333333, ""score"": 0.9700211855639276}, ""gender=Male"": {""alpha"": 1.0, ""margin"": 0.9029035988491754, ""p_observed"": 0.9514517994245877, ""prior_probability"": 0.26666666666666666, ""score"": 0.9514517994245877}}","{""gender=Female"": {""alpha"": 1.0, ""margin"": 0.9400423711278554, ""p_observed"": 0.9700211855639276, ""prior_probability"": 0.7333333333333333, ""score"": 0.9400423711278554}, ""gender=Male"": {""alpha"": 1.0, ""margin"": 0.9029035988491754, ""p_observed"": 0.9514517994245877, ""prior_probability"": 0.26666666666666666, ""score"": 0.9029035988491754}}","{""gender=Female"": {""alpha"": 0.0, ""margin"": 0.9400423711278554, ""p_observed"": 0.9700211855639276, ""prior_probability"": 0.7333333333333333, ""score"": -0.3101549283038396}, ""gender=Male"": {""alpha"": 0.0, ""margin"": 0.9029035988491754, ""p_observed"": 0.9514517994245877, ""prior_probability"": 0.26666666666666666, ""score"": -1.3217558399823195}}"
360,Female,Asian-Pac-Islander,gender=Female,<=50K,"{""age"": ""33"", ""workclass"": ""Private"", ""fnlwgt"": ""163003"", ""education"": ""Bachelors"", ""educational-num"": ""13"", ""marital-status"": ""Never-married"", ""occupation"": ""Exec-managerial"", ""relationship"": ""Other-relative"", ""race"": ""Asian-Pac-Islander"", ""capital-gain"": ""0"", ""capital-loss"": ""0"", ""hours-per-week"": ""40"", ""native-country"": ""Philippines""}",gender=Male,gender=Female,gender=Female,,gender=Male,gender=Male,gender=Female,0,<=50K | Other-relative | Never-married | Bachelors | Private,2,2,"{""gender=Female"": ""<=50K"", ""gender=Male"": ""<=50K""}","{""gender=Female"": {""alpha"": 1.0, ""margin"": 0.7191568465819419, ""p_observed"": 0.8595784232909709, ""prior_probability"": 0.6, ""score"": 0.8595784232909709}, ""gender=Male"": {""alpha"": 1.0, ""margin"": 0.7609570316152069, ""p_observed"": 0.8804785158076033, ""prior_probability"": 0.4, ""score"": 0.8804785158076033}}","{""gender=Female"": {""alpha"": 1.0, ""margin"": 0.7191568465819419, ""p_observed"": 0.8595784232909709, ""prior_probability"": 0.6, ""score"": 0.7191568465819419}, ""gender=Male"": {""alpha"": 1.0, ""margin"": 0.7609570316152069, ""p_observed"": 0.8804785158076033, ""prior_probability"": 0.4, ""score"": 0.7609570316152069}}","{""gender=Female"": {""alpha"": 0.0, ""margin"": 0.7191568465819419, ""p_observed"": 0.8595784232909709, ""prior_probability"": 0.6, ""score"": -0.5108256237659907}, ""gender=Male"": {""alpha"": 0.0, ""margin"": 0.7609570316152069, ""p_observed"": 0.8804785158076033, ""prior_probability"": 0.4, ""score"": -0.916290731874155}}"
361,Male,White,gender=Male,<=50K,"{""age"": ""37"", ""workclass"": ""Private"", ""fnlwgt"": ""172538"", ""education"": ""HS-grad"", ""educational-num"": ""9"", ""marital-status"": ""Never-married"", ""occupation"": ""Machine-op-inspct"", ""relationship"": ""Own-child"", ""race"": ""White"", ""capital-gain"": ""0"", ""capital-loss"": ""0"", ""hours-per-week"": ""40"", ""native-country"": ""United-States""}",gender=Male,gender=Male,gender=Male,gender=Male,gender=Female,gender=Female,gender=Male,1,<=50K | Own-child | Never-married | HS-grad | Private,2,2,"{""gender=Female"": ""<=50K"", ""gender=Male"": ""<=50K""}","{""gender=Female"": {""alpha"": 1.0, ""margin"": 0.9707332150090731, ""p_observed"": 0.9853666075045364, ""prior_probability"": 0.24299065420560748, ""score"": 0.9853666075045364}, ""gender=Male"": {""alpha"": 1.0, ""margin"": 0.9656840589550605, ""p_observed"": 0.9828420294775301, ""prior_probability"": 0.7570093457943925, ""score"": 0.9828420294775301}}","{""gender=Female"": {""alpha"": 1.0, ""margin"": 0.9707332150090731, ""p_observed"": 0.9853666075045364, ""prior_probability"": 0.24299065420560748, ""score"": 0.9707332150090731}, ""gender=Male"": {""alpha"": 1.0, ""margin"": 0.9656840589550605, ""p_observed"": 0.9828420294775301, ""prior_probability"": 0.7570093457943925, ""score"": 0.9656840589550605}}","{""gender=Female"": {""alpha"": 0.0, ""margin"": 0.9707332150090731, ""p_observed"": 0.9853666075045364, ""prior_probability"": 0.24299065420560748, ""score"": -1.414732296440424}, ""gender=Male"": {""alpha"": 0.0, ""margin"": 0.9656840589550605, ""p_observed"": 0.9828420294775301, ""prior_probability"": 0.7570093457943925, ""score"": -0.2783796797894674}}"
362,Female,White,gender=Female,<=50K,"{""age"": ""26"", ""workclass"": ""Self-emp-not-inc"", ""fnlwgt"": ""223705"", ""education"": ""HS-grad"", ""educational-num"": ""9"", ""marital-status"": ""Divorced"", ""occupation"": ""Other-service"", ""relationship"": ""Unmarried"", ""race"": ""White"", ""capital-gain"": ""0"", ""capital-loss"": ""0"", ""hours-per-week"": ""40"", ""native-country"": ""Columbia""}",gender=Male,gender=Female,gender=Female,,gender=Female,gender=Female,gender=Female,0,<=50K | Unmarried | Divorced | HS-grad | Self-emp-not-inc,2,2,"{""gender=Female"": ""<=50K"", ""gender=Male"": ""<=50K""}","{""gender=Female"": {""alpha"": 1.0, ""margin"": 0.9646369066608614, ""p_observed"": 0.9823184533304309, ""prior_probability"": 0.8674698795180723, ""score"": 0.9823184533304309}, ""gender=Male"": {""alpha"": 1.0, ""margin"": 0.9157678131729612, ""p_observed"": 0.9578839065864806, ""prior_probability"": 0.13253012048192772, ""score"": 0.9578839065864806}}","{""gender=Female"": {""alpha"": 1.0, ""margin"": 0.9646369066608614, ""p_observed"": 0.9823184533304309, ""prior_probability"": 0.8674698795180723, ""score"": 0.9646369066608614}, ""gender=Male"": {""alpha"": 1.0, ""margin"": 0.9157678131729612, ""p_observed"": 0.9578839065864806, ""prior_probability"": 0.13253012048192772, ""score"": 0.9157678131729612}}","{""gender=Female"": {""alpha"": 0.0, ""margin"": 0.9646369066608614, ""p_observed"": 0.9823184533304309, ""prior_probability"": 0.8674698795180723, ""score"": -0.1421744887805426}, ""gender=Male"": {""alpha"": 0.0, ""margin"": 0.9157678131729612, ""p_observed"": 0.9578839065864806, ""prior_probability"": 0.13253012048192772, ""score"": -2.020945334998227}}"
363,Male,Black,gender=Male,<=50K,"{""age"": ""23"", ""workclass"": ""Private"", ""fnlwgt"": ""161874"", ""education"": ""Some-college"", ""educational-num"": ""10"", ""marital-status"": ""Never-married"", ""occupation"": ""Exec-managerial"", ""relationship"": ""Own-child"", ""race"": ""Black"", ""capital-gain"": ""0"", ""capital-loss"": ""0"", ""hours-per-week"": ""40"", ""native-country"": ""United-States""}",gender=Male,gender=Male,gender=Male,gender=Male,gender=Female,gender=Female,gender=Male,1,<=50K | Own-child | Never-married | Some-college | Private,2,2,"{""gender=Female"": ""<=50K"", ""gender=Male"": ""<=50K""}","{""gender=Female"": {""alpha"": 1.0, ""margin"": 0.9887146754613301, ""p_observed"": 0.994357337730665, ""prior_probability"": 0.4, ""score"": 0.994357337730665}, ""gender=Male"": {""alpha"": 1.0, ""margin"": 0.972183690390104, ""p_observed"": 0.9860918451950518, ""prior_probability"": 0.6, ""score"": 0.9860918451950518}}","{""gender=Female"": {""alpha"": 1.0, ""margin"": 0.9887146754613301, ""p_observed"": 0.994357337730665, ""prior_probability"": 0.4, ""score"": 0.9887146754613301}, ""gender=Male"": {""alpha"": 1.0, ""margin"": 0.972183690390104, ""p_observed"": 0.9860918451950518, ""prior_probability"": 0.6, ""score"": 0.972183690390104}}","{""gender=Female"": {""alpha"": 0.0, ""margin"": 0.9887146754613301, ""p_observed"": 0.994357337730665, ""prior_probability"": 0.4, ""score"": -0.916290731874155}, ""gender=Male"": {""alpha"": 0.0, ""margin"": 0.972183690390104, ""p_observed"": 0.9860918451950518, ""prior_probability"": 0.6, ""score"": -0.5108256237659907}}"
364,Male,White,gender=Male,<=50K,"{""age"": ""48"", ""workclass"": ""Private"", ""fnlwgt"": ""192161"", ""education"": ""Bachelors"", ""educational-num"": ""13"", ""marital-status"": ""Divorced"", ""occupation"": ""Handlers-cleaners"", ""relationship"": ""Not-in-family"", ""race"": ""White"", ""capital-gain"": ""0"", ""capital-loss"": ""0"", ""hours-per-week"": ""43"", ""native-country"": ""United-States""}",gender=Male,gender=Male,gender=Male,,gender=Female,gender=Female,gender=Male,0,<=50K | Not-in-family | Divorced | Bachelors | Private,2,2,"{""gender=Female"": ""<=50K"", ""gender=Male"": ""<=50K""}","{""gender=Female"": {""alpha"": 1.0, ""margin"": 0.6052543706702564, ""p_observed"": 0.8026271853351282, ""prior_probability"": 0.25, ""score"": 0.8026271853351282}, ""gender=Male"": {""alpha"": 1.0, ""margin"": 0.4902239839461218, ""p_observed"": 0.745111991973061, ""prior_probability"": 0.75, ""score"": 0.745111991973061}}","{""gender=Female"": {""alpha"": 1.0, ""margin"": 0.6052543706702564, ""p_observed"": 0.8026271853351282, ""prior_probability"": 0.25, ""score"": 0.6052543706702564}, ""gender=Male"": {""alpha"": 1.0, ""margin"": 0.4902239839461218, ""p_observed"": 0.745111991973061, ""prior_probability"": 0.75, ""score"": 0.4902239839461218}}","{""gender=Female"": {""alpha"": 0.0, ""margin"": 0.6052543706702564, ""p_observed"": 0.8026271853351282, ""prior_probability"": 0.25, ""score"": -1.3862943611198906}, ""gender=Male"": {""alpha"": 0.0, ""margin"": 0.4902239839461218, ""p_observed"": 0.745111991973061, ""prior_probability"": 0.75, ""score"": -0.2876820724517809}}"
365,Male,White,gender=Male,<=50K,"{""age"": ""24"", ""workclass"": ""Private"", ""fnlwgt"": ""113577"", ""education"": ""Some-college"", ""educational-num"": ""10"", ""marital-status"": ""Never-married"", ""occupation"": ""Sales"", ""relationship"": ""Not-in-family"", ""race"": ""White"", ""capital-gain"": ""0"", ""capital-loss"": ""0"", ""hours-per-week"": ""40"", ""native-country"": ""United-States""}",gender=Male,gender=Male,gender=Male,,gender=Female,gender=Female,gender=Male,0,<=50K | Not-in-family | Never-married | Some-college | Private,2,2,"{""gender=Female"": ""<=50K"", ""gender=Male"": ""<=50K""}","{""gender=Female"": {""alpha"": 1.0, ""margin"": 0.9763535405203072, ""p_observed"": 0.9881767702601536, ""prior_probability"": 0.4296875, ""score"": 0.9881767702601536}, ""gender=Male"": {""alpha"": 1.0, ""margin"": 0.9665094925808366, ""p_observed"": 0.9832547462904181, ""prior_probability"": 0.5703125, ""score"": 0.9832547462904181}}","{""gender=Female"": {""alpha"": 1.0, ""margin"": 0.9763535405203072, ""p_observed"": 0.9881767702601536, ""prior_probability"": 0.4296875, ""score"": 0.9763535405203072}, ""gender=Male"": {""alpha"": 1.0, ""margin"": 0.9665094925808366, ""p_observed"": 0.9832547462904181, ""prior_probability"": 0.5703125, ""score"": 0.9665094925808366}}","{""gender=Female"": {""alpha"": 0.0, ""margin"": 0.9763535405203072, ""p_observed"": 0.9881767702601536, ""prior_probability"": 0.4296875, ""score"": -0.8446970786871463}, ""gender=Male"": {""alpha"": 0.0, ""margin"": 0.9665094925808366, ""p_observed"": 0.9832547462904181, ""prior_probability"": 0.5703125, ""score"": -0.561570822771226}}"
366,Male,Black,gender=Male,<=50K,"{""age"": ""19"", ""workclass"": ""Private"", ""fnlwgt"": ""289227"", ""education"": ""Some-college"", ""educational-num"": ""10"", ""marital-status"": ""Never-married"", ""occupation"": ""Handlers-cleaners"", ""relationship"": ""Own-child"", ""race"": ""Black"", ""capital-gain"": ""0"", ""capital-loss"": ""0"", ""hours-per-week"": ""16"", ""native-country"": ""United-States""}",gender=Male,gender=Male,gender=Male,gender=Male,gender=Male,gender=Male,gender=Male,1,<=50K | Own-child | Never-married | Some-college | Private,2,2,"{""gender=Female"": ""<=50K"", ""gender=Male"": ""<=50K""}","{""gender=Female"": {""alpha"": 1.0, ""margin"": 0.9934756233034279, ""p_observed"": 0.9967378116517139, ""prior_probability"": 0.1111111111111111, ""score"": 0.9967378116517139}, ""gender=Male"": {""alpha"": 1.0, ""margin"": 0.9937359289454752, ""p_observed"": 0.9968679644727375, ""prior_probability"": 0.8888888888888888, ""score"": 0.9968679644727375}}","{""gender=Female"": {""alpha"": 1.0, ""margin"": 0.9934756233034279, ""p_observed"": 0.9967378116517139, ""prior_probability"": 0.1111111111111111, ""score"": 0.9934756233034279}, ""gender=Male"": {""alpha"": 1.0, ""margin"": 0.9937359289454752, ""p_observed"": 0.9968679644727375, ""prior_probability"": 0.8888888888888888, ""score"": 0.9937359289454752}}","{""gender=Female"": {""alpha"": 0.0, ""margin"": 0.9934756233034279, ""p_observed"": 0.9967378116517139, ""prior_probability"": 0.1111111111111111, ""score"": -2.1972245773362196}, ""gender=Male"": {""alpha"": 0.0, ""margin"": 0.9937359289454752, ""p_observed"": 0.9968679644727375, ""prior_probability"": 0.8888888888888888, ""score"": -0.11778303565638351}}"
367,Male,Black,gender=Male,<=50K,"{""age"": ""25"", ""workclass"": ""Private"", ""fnlwgt"": ""218136"", ""education"": ""Some-college"", ""educational-num"": ""10"", ""marital-status"": ""Never-married"", ""occupation"": ""Handlers-cleaners"", ""relationship"": ""Not-in-family"", ""race"": ""Black"", ""capital-gain"": ""0"", ""capital-loss"": ""0"", ""hours-per-week"": ""40"", ""native-country"": ""Outlying-US(Guam-USVI-etc)""}",gender=Male,gender=Male,gender=Male,,gender=Male,gender=Male,gender=Male,0,<=50K | Not-in-family | Never-married | Some-college | Private,2,2,"{""gender=Female"": ""<=50K"", ""gender=Male"": ""<=50K""}","{""gender=Female"": {""alpha"": 1.0, ""margin"": 0.9787503548230799, ""p_observed"": 0.9893751774115399, ""prior_probability"": 0.12121212121212122, ""score"": 0.9893751774115399}, ""gender=Male"": {""alpha"": 1.0, ""margin"": 0.978799470254805, ""p_observed"": 0.9893997351274024, ""prior_probability"": 0.8787878787878788, ""score"": 0.9893997351274024}}","{""gender=Female"": {""alpha"": 1.0, ""margin"": 0.9787503548230799, ""p_observed"": 0.9893751774115399, ""prior_probability"": 0.12121212121212122, ""score"": 0.9787503548230799}, ""gender=Male"": {""alpha"": 1.0, ""margin"": 0.978799470254805, ""p_observed"": 0.9893997351274024, ""prior_probability"": 0.8787878787878788, ""score"": 0.978799470254805}}","{""gender=Female"": {""alpha"": 0.0, ""margin"": 0.9787503548230799, ""p_observed"": 0.9893751774115399, ""prior_probability"": 0.12121212121212122, ""score"": -2.1102132003465894}, ""gender=Male"": {""alpha"": 0.0, ""margin"": 0.978799470254805, ""p_observed"": 0.9893997351274024, ""prior_probability"": 0.8787878787878788, ""score"": -0.12921173148000623}}"
368,Male,White,gender=Male,<=50K,"{""age"": ""36"", ""workclass"": ""Self-emp-not-inc"", ""fnlwgt"": ""136028"", ""education"": ""9th"", ""educational-num"": ""5"", ""marital-status"": ""Married-civ-spouse"", ""occupation"": ""Craft-repair"", ""relationship"": ""Husband"", ""race"": ""White"", ""capital-gain"": ""0"", ""capital-loss"": ""0"", ""hours-per-week"": ""30"", ""native-country"": ""United-States""}",gender=Male,gender=Male,gender=Male,,gender=Female,gender=Female,gender=Male,0,<=50K | Husband | Married-civ-spouse | 9th | Self-emp-not-inc,2,2,"{""gender=Female"": ""<=50K"", ""gender=Male"": ""<=50K""}","{""gender=Female"": {""alpha"": 1.0, ""margin"": 0.6956624613292575, ""p_observed"": 0.8478312306646287, ""prior_probability"": 0.020833333333333332, ""score"": 0.8478312306646287}, ""gender=Male"": {""alpha"": 1.0, ""margin"": 0.6548816057002181, ""p_observed"": 0.8274408028501089, ""prior_probability"": 0.9791666666666666, ""score"": 0.8274408028501089}}","{""gender=Female"": {""alpha"": 1.0, ""margin"": 0.6956624613292575, ""p_observed"": 0.8478312306646287, ""prior_probability"": 0.020833333333333332, ""score"": 0.6956624613292575}, ""gender=Male"": {""alpha"": 1.0, ""margin"": 0.6548816057002181, ""p_observed"": 0.8274408028501089, ""prior_probability"": 0.9791666666666666, ""score"": 0.6548816057002181}}","{""gender=Female"": {""alpha"": 0.0, ""margin"": 0.6956624613292575, ""p_observed"": 0.8478312306646287, ""prior_probability"": 0.020833333333333332, ""score"": -3.871201010907891}, ""gender=Male"": {""alpha"": 0.0, ""margin"": 0.6548816057002181, ""p_observed"": 0.8274408028501089, ""prior_probability"": 0.9791666666666666, ""score"": -0.02105340919783238}}"
369,Male,White,gender=Male,<=50K,"{""age"": ""44"", ""workclass"": ""Self-emp-not-inc"", ""fnlwgt"": ""155930"", ""education"": ""Bachelors"", ""educational-num"": ""13"", ""marital-status"": ""Married-civ-spouse"", ""occupation"": ""Exec-managerial"", ""relationship"": ""Husband"", ""race"": ""White"", ""capital-gain"": ""0"", ""capital-loss"": ""0"", ""hours-per-week"": ""60"", ""native-country"": ""United-States""}",gender=Male,gender=Male,gender=Male,,gender=Female,gender=Female,gender=Male,0,<=50K | Husband | Married-civ-spouse | Bachelors | Self-emp-not-inc,2,2,"{""gender=Female"": "">50K"", ""gender=Male"": "">50K""}","{""gender=Female"": {""alpha"": 1.0, ""margin"": -0.16602096014158313, ""p_observed"": 0.41698951992920846, ""prior_probability"": 0.00641025641025641, ""score"": 0.41698951992920846}, ""gender=Male"": {""alpha"": 1.0, ""margin"": -0.3216558677882326, ""p_observed"": 0.33917206610588363, ""prior_probability"": 0.9935897435897436, ""score"": 0.33917206610588363}}","{""gender=Female"": {""alpha"": 1.0, ""margin"": -0.16602096014158313, ""p_observed"": 0.41698951992920846, ""prior_probability"": 0.00641025641025641, ""score"": -0.16602096014158313}, ""gender=Male"": {""alpha"": 1.0, ""margin"": -0.3216558677882326, ""p_observed"": 0.33917206610588363, ""prior_probability"": 0.9935897435897436, ""score"": -0.3216558677882326}}","{""gender=Female"": {""alpha"": 0.0, ""margin"": -0.16602096014158313, ""p_observed"": 0.41698951992920846, ""prior_probability"": 0.00641025641025641, ""score"": -5.049856007249537}, ""gender=Male"": {""alpha"": 0.0, ""margin"": -0.3216558677882326, ""p_observed"": 0.33917206610588363, ""prior_probability"": 0.9935897435897436, ""score"": -0.0064308903302904025}}"
370,Male,White,gender=Male,<=50K,"{""age"": ""25"", ""workclass"": ""Private"", ""fnlwgt"": ""120238"", ""education"": ""HS-grad"", ""educational-num"": ""9"", ""marital-status"": ""Married-civ-spouse"", ""occupation"": ""Sales"", ""relationship"": ""Husband"", ""race"": ""White"", ""capital-gain"": ""0"", ""capital-loss"": ""0"", ""hours-per-week"": ""40"", ""native-country"": ""United-States""}",gender=Male,gender=Male,gender=Male,,gender=Female,gender=Female,gender=Male,0,<=50K | Husband | Married-civ-spouse | HS-grad | Private,2,2,"{""gender=Female"": ""<=50K"", ""gender=Male"": ""<=50K""}","{""gender=Female"": {""alpha"": 1.0, ""margin"": 0.643522655663701, ""p_observed"": 0.8217613278318504, ""prior_probability"": 0.007874015748031496, ""score"": 0.8217613278318504}, ""gender=Male"": {""alpha"": 1.0, ""margin"": 0.5992963282757765, ""p_observed"": 0.7996481641378882, ""prior_probability"": 0.9921259842519685, ""score"": 0.7996481641378882}}","{""gender=Female"": {""alpha"": 1.0, ""margin"": 0.643522655663701, ""p_observed"": 0.8217613278318504, ""prior_probability"": 0.007874015748031496, ""score"": 0.643522655663701}, ""gender=Male"": {""alpha"": 1.0, ""margin"": 0.5992963282757765, ""p_observed"": 0.7996481641378882, ""prior_probability"": 0.9921259842519685, ""score"": 0.5992963282757765}}","{""gender=Female"": {""alpha"": 0.0, ""margin"": 0.643522655663701, ""p_observed"": 0.8217613278318504, ""prior_probability"": 0.007874015748031496, ""score"": -4.844187086458591}, ""gender=Male"": {""alpha"": 0.0, ""margin"": 0.5992963282757765, ""p_observed"": 0.7996481641378882, ""prior_probability"": 0.9921259842519685, ""score"": -0.007905179507113261}}"
371,Male,White,gender=Male,<=50K,"{""age"": ""26"", ""workclass"": ""Private"", ""fnlwgt"": ""198289"", ""education"": ""12th"", ""educational-num"": ""8"", ""marital-status"": ""Never-married"", ""occupation"": ""Farming-fishing"", ""relationship"": ""Other-relative"", ""race"": ""White"", ""capital-gain"": ""0"", ""capital-loss"": ""0"", ""hours-per-week"": ""40"", ""native-country"": ""Puerto-Rico""}",gender=Male,gender=Male,gender=Male,,gender=Female,gender=Female,gender=Male,0,<=50K | Other-relative | Never-married | 12th | Private,2,2,"{""gender=Female"": ""<=50K"", ""gender=Male"": ""<=50K""}","{""gender=Female"": {""alpha"": 1.0, ""margin"": 0.9863449291039333, ""p_observed"": 0.9931724645519668, ""prior_probability"": 0.38461538461538464, ""score"": 0.9931724645519668}, ""gender=Male"": {""alpha"": 1.0, ""margin"": 0.9821586556106892, ""p_observed"": 0.9910793278053447, ""prior_probability"": 0.6153846153846154, ""score"": 0.9910793278053447}}","{""gender=Female"": {""alpha"": 1.0, ""margin"": 0.9863449291039333, ""p_observed"": 0.9931724645519668, ""prior_probability"": 0.38461538461538464, ""score"": 0.9863449291039333}, ""gender=Male"": {""alpha"": 1.0, ""margin"": 0.9821586556106892, ""p_observed"": 0.9910793278053447, ""prior_probability"": 0.6153846153846154, ""score"": 0.9821586556106892}}","{""gender=Female"": {""alpha"": 0.0, ""margin"": 0.9863449291039333, ""p_observed"": 0.9931724645519668, ""prior_probability"": 0.38461538461538464, ""score"": -0.9555114450274363}, ""gender=Male"": {""alpha"": 0.0, ""margin"": 0.9821586556106892, ""p_observed"": 0.9910793278053447, ""prior_probability"": 0.6153846153846154, ""score"": -0.48550781578170077}}"
372,Male,White,gender=Male,>50K,"{""age"": ""59"", ""workclass"": ""Self-emp-inc"", ""fnlwgt"": ""103948"", ""education"": ""HS-grad"", ""educational-num"": ""9"", ""marital-status"": ""Married-civ-spouse"", ""occupation"": ""Sales"", ""relationship"": ""Husband"", ""race"": ""White"", ""capital-gain"": ""0"", ""capital-loss"": ""0"", ""hours-per-week"": ""60"", ""native-country"": ""United-States""}",gender=Male,gender=Male,gender=Male,,gender=Male,gender=Male,gender=Male,0,>50K | Husband | Married-civ-spouse | HS-grad | Self-emp-inc,2,2,"{""gender=Female"": ""<=50K"", ""gender=Male"": ""<=50K""}","{""gender=Female"": {""alpha"": 1.0, ""margin"": -0.260107609530524, ""p_observed"": 0.3699461952347379, ""prior_probability"": 0.006711409395973154, ""score"": 0.3699461952347379}, ""gender=Male"": {""alpha"": 1.0, ""margin"": -0.1518861051562504, ""p_observed"": 0.42405694742187466, ""prior_probability"": 0.9932885906040269, ""score"": 0.42405694742187466}}","{""gender=Female"": {""alpha"": 1.0, ""margin"": -0.260107609530524, ""p_observed"": 0.3699461952347379, ""prior_probability"": 0.006711409395973154, ""score"": -0.260107609530524}, ""gender=Male"": {""alpha"": 1.0, ""margin"": -0.1518861051562504, ""p_observed"": 0.42405694742187466, ""prior_probability"": 0.9932885906040269, ""score"": -0.1518861051562504}}","{""gender=Female"": {""alpha"": 0.0, ""margin"": -0.260107609530524, ""p_observed"": 0.3699461952347379, ""prior_probability"": 0.006711409395973154, ""score"": -5.003946305945459}, ""gender=Male"": {""alpha"": 0.0, ""margin"": -0.1518861051562504, ""p_observed"": 0.42405694742187466, ""prior_probability"": 0.9932885906040269, ""score"": -0.006734032181344068}}"
373,Male,White,gender=Male,>50K,"{""age"": ""37"", ""workclass"": ""Private"", ""fnlwgt"": ""192939"", ""education"": ""Bachelors"", ""educational-num"": ""13"", ""marital-status"": ""Married-civ-spouse"", ""occupation"": ""Craft-repair"", ""relationship"": ""Husband"", ""race"": ""White"", ""capital-gain"": ""0"", ""capital-loss"": ""0"", ""hours-per-week"": ""40"", ""native-country"": ""United-States""}",gender=Male,gender=Male,gender=Male,gender=Male,gender=Male,gender=Male,gender=Male,1,>50K | Husband | Married-civ-spouse | Bachelors | Private,2,2,"{""gender=Female"": "">50K"", ""gender=Male"": "">50K""}","{""gender=Female"": {""alpha"": 1.0, ""margin"": 0.008839979275647891, ""p_observed"": 0.504419989637824, ""prior_probability"": 0.015151515151515152, ""score"": 0.504419989637824}, ""gender=Male"": {""alpha"": 1.0, ""margin"": 0.13868423315545664, ""p_observed"": 0.5693421165777284, ""prior_probability"": 0.9848484848484849, ""score"": 0.5693421165777284}}","{""gender=Female"": {""alpha"": 1.0, ""margin"": 0.008839979275647891, ""p_observed"": 0.504419989637824, ""prior_probability"": 0.015151515151515152, ""score"": 0.008839979275647891}, ""gender=Male"": {""alpha"": 1.0, ""margin"": 0.13868423315545664, ""p_observed"": 0.5693421165777284, ""prior_probability"": 0.9848484848484849, ""score"": 0.13868423315545664}}","{""gender=Female"": {""alpha"": 0.0, ""margin"": 0.008839979275647891, ""p_observed"": 0.504419989637824, ""prior_probability"": 0.015151515151515152, ""score"": -4.189654742026425}, ""gender=Male"": {""alpha"": 0.0, ""margin"": 0.13868423315545664, ""p_observed"": 0.5693421165777284, ""prior_probability"": 0.9848484848484849, ""score"": -0.01526747213078842}}"
374,Male,White,gender=Male,<=50K,"{""age"": ""29"", ""workclass"": ""Private"", ""fnlwgt"": ""443858"", ""education"": ""HS-grad"", ""educational-num"": ""9"", ""marital-status"": ""Married-civ-spouse"", ""occupation"": ""Craft-repair"", ""relationship"": ""Husband"", ""race"": ""White"", ""capital-gain"": ""0"", ""capital-loss"": ""0"", ""hours-per-week"": ""40"", ""native-country"": ""United-States""}",gender=Male,gender=Male,gender=Male,,gender=Female,gender=Female,gender=Male,0,<=50K | Husband | Married-civ-spouse | HS-grad | Private,2,2,"{""gender=Female"": ""<=50K"", ""gender=Male"": ""<=50K""}","{""gender=Female"": {""alpha"": 1.0, ""margin"": 0.6273317045575135, ""p_observed"": 0.8136658522787567, ""prior_probability"": 0.001364256480218281, ""score"": 0.8136658522787567}, ""gender=Male"": {""alpha"": 1.0, ""margin"": 0.5591512141687717, ""p_observed"": 0.7795756070843858, ""prior_probability"": 0.9986357435197817, ""score"": 0.7795756070843858}}","{""gender=Female"": {""alpha"": 1.0, ""margin"": 0.6273317045575135, ""p_observed"": 0.8136658522787567, ""prior_probability"": 0.001364256480218281, ""score"": 0.6273317045575135}, ""gender=Male"": {""alpha"": 1.0, ""margin"": 0.5591512141687717, ""p_observed"": 0.7795756070843858, ""prior_probability"": 0.9986357435197817, ""score"": 0.5591512141687717}}","{""gender=Female"": {""alpha"": 0.0, ""margin"": 0.6273317045575135, ""p_observed"": 0.8136658522787567, ""prior_probability"": 0.001364256480218281, ""score"": -6.597145701886651}, ""gender=Male"": {""alpha"": 0.0, ""margin"": 0.5591512141687717, ""p_observed"": 0.7795756070843858, ""prior_probability"": 0.9986357435197817, ""score"": -0.00136518792533997}}"
375,Male,Asian-Pac-Islander,gender=Male,<=50K,"{""age"": ""34"", ""workclass"": ""Federal-gov"", ""fnlwgt"": ""67083"", ""education"": ""Bachelors"", ""educational-num"": ""13"", ""marital-status"": ""Never-married"", ""occupation"": ""Exec-managerial"", ""relationship"": ""Unmarried"", ""race"": ""Asian-Pac-Islander"", ""capital-gain"": ""1471"", ""capital-loss"": ""0"", ""hours-per-week"": ""40"", ""native-country"": ""Cambodia""}",gender=Male,gender=Female,gender=Female,,gender=Male,gender=Male,gender=Female,0,<=50K | Unmarried | Never-married | Bachelors | Federal-gov,2,2,"{""gender=Female"": ""<=50K"", ""gender=Male"": ""<=50K""}","{""gender=Female"": {""alpha"": 1.0, ""margin"": 0.7565612107941901, ""p_observed"": 0.8782806053970951, ""prior_probability"": 0.6875, ""score"": 0.8782806053970951}, ""gender=Male"": {""alpha"": 1.0, ""margin"": 0.7661146483471746, ""p_observed"": 0.8830573241735872, ""prior_probability"": 0.3125, ""score"": 0.8830573241735872}}","{""gender=Female"": {""alpha"": 1.0, ""margin"": 0.7565612107941901, ""p_observed"": 0.8782806053970951, ""prior_probability"": 0.6875, ""score"": 0.7565612107941901}, ""gender=Male"": {""alpha"": 1.0, ""margin"": 0.7661146483471746, ""p_observed"": 0.8830573241735872, ""prior_probability"": 0.3125, ""score"": 0.7661146483471746}}","{""gender=Female"": {""alpha"": 0.0, ""margin"": 0.7565612107941901, ""p_observed"": 0.8782806053970951, ""prior_probability"": 0.6875, ""score"": -0.3746934494414107}, ""gender=Male"": {""alpha"": 0.0, ""margin"": 0.7661146483471746, ""p_observed"": 0.8830573241735872, ""prior_probability"": 0.3125, ""score"": -1.1631508098056809}}"
376,Male,White,gender=Male,<=50K,"{""age"": ""39"", ""workclass"": ""State-gov"", ""fnlwgt"": ""195148"", ""education"": ""Some-college"", ""educational-num"": ""10"", ""marital-status"": ""Married-civ-spouse"", ""occupation"": ""Sales"", ""relationship"": ""Husband"", ""race"": ""White"", ""capital-gain"": ""0"", ""capital-loss"": ""0"", ""hours-per-week"": ""40"", ""native-country"": ""United-States""}",gender=Male,gender=Male,gender=Male,,gender=Female,gender=Female,gender=Male,0,<=50K | Husband | Married-civ-spouse | Some-college | State-gov,2,2,"{""gender=Female"": ""<=50K"", ""gender=Male"": ""<=50K""}","{""gender=Female"": {""alpha"": 1.0, ""margin"": 0.3265980048340778, ""p_observed"": 0.663299002417039, ""prior_probability"": 0.006134969325153374, ""score"": 0.663299002417039}, ""gender=Male"": {""alpha"": 1.0, ""margin"": 0.24220478480106855, ""p_observed"": 0.6211023924005343, ""prior_probability"": 0.9938650306748467, ""score"": 0.6211023924005343}}","{""gender=Female"": {""alpha"": 1.0, ""margin"": 0.3265980048340778, ""p_observed"": 0.663299002417039, ""prior_probability"": 0.006134969325153374, ""score"": 0.3265980048340778}, ""gender=Male"": {""alpha"": 1.0, ""margin"": 0.24220478480106855, ""p_observed"": 0.6211023924005343, ""prior_probability"": 0.9938650306748467, ""score"": 0.24220478480106855}}","{""gender=Female"": {""alpha"": 0.0, ""margin"": 0.3265980048340778, ""p_observed"": 0.663299002417039, ""prior_probability"": 0.006134969325153374, ""score"": -5.093750200806762}, ""gender=Male"": {""alpha"": 0.0, ""margin"": 0.24220478480106855, ""p_observed"": 0.6211023924005343, ""prior_probability"": 0.9938650306748467, ""score"": -0.0061538655743782235}}"
377,Female,White,gender=Female,<=50K,"{""age"": ""36"", ""workclass"": ""Private"", ""fnlwgt"": ""187098"", ""education"": ""HS-grad"", ""educational-num"": ""9"", ""marital-status"": ""Divorced"", ""occupation"": ""Adm-clerical"", ""relationship"": ""Unmarried"", ""race"": ""White"", ""capital-gain"": ""0"", ""capital-loss"": ""0"", ""hours-per-week"": ""40"", ""native-country"": ""United-States""}",gender=Male,gender=Female,gender=Female,,gender=Female,gender=Female,gender=Female,0,<=50K | Unmarried | Divorced | HS-grad | Private,2,2,"{""gender=Female"": ""<=50K"", ""gender=Male"": ""<=50K""}","{""gender=Female"": {""alpha"": 1.0, ""margin"": 0.9621503675581805, ""p_observed"": 0.9810751837790901, ""prior_probability"": 0.9328358208955224, ""score"": 0.9810751837790901}, ""gender=Male"": {""alpha"": 1.0, ""margin"": 0.9346291881612934, ""p_observed"": 0.9673145940806466, ""prior_probability"": 0.06716417910447761, ""score"": 0.9673145940806466}}","{""gender=Female"": {""alpha"": 1.0, ""margin"": 0.9621503675581805, ""p_observed"": 0.9810751837790901, ""prior_probability"": 0.9328358208955224, ""score"": 0.9621503675581805}, ""gender=Male"": {""alpha"": 1.0, ""margin"": 0.9346291881612934, ""p_observed"": 0.9673145940806466, ""prior_probability"": 0.06716417910447761, ""score"": 0.9346291881612934}}","{""gender=Female"": {""alpha"": 0.0, ""margin"": 0.9621503675581805, ""p_observed"": 0.9810751837790901, ""prior_probability"": 0.9328358208955224, ""score"": -0.06952606264861022}, ""gender=Male"": {""alpha"": 0.0, ""margin"": 0.9346291881612934, ""p_observed"": 0.9673145940806466, ""prior_probability"": 0.06716417910447761, ""score"": -2.700615222614692}}"
378,Male,White,gender=Male,<=50K,"{""age"": ""19"", ""workclass"": ""Self-emp-inc"", ""fnlwgt"": ""150384"", ""education"": ""HS-grad"", ""educational-num"": ""9"", ""marital-status"": ""Never-married"", ""occupation"": ""Exec-managerial"", ""relationship"": ""Own-child"", ""race"": ""White"", ""capital-gain"": ""0"", ""capital-loss"": ""0"", ""hours-per-week"": ""40"", ""native-country"": ""United-States""}",gender=Male,gender=Female,gender=Female,,gender=Female,gender=Female,gender=Female,0,<=50K | Own-child | Never-married | HS-grad | Self-emp-inc,2,2,"{""gender=Female"": ""<=50K"", ""gender=Male"": ""<=50K""}","{""gender=Female"": {""alpha"": 1.0, ""margin"": 0.9682215234904034, ""p_observed"": 0.9841107617452017, ""prior_probability"": 0.5161290322580645, ""score"": 0.9841107617452017}, ""gender=Male"": {""alpha"": 1.0, ""margin"": 0.9573950691266135, ""p_observed"": 0.9786975345633067, ""prior_probability"": 0.4838709677419355, ""score"": 0.9786975345633067}}","{""gender=Female"": {""alpha"": 1.0, ""margin"": 0.9682215234904034, ""p_observed"": 0.9841107617452017, ""prior_probability"": 0.5161290322580645, ""score"": 0.9682215234904034}, ""gender=Male"": {""alpha"": 1.0, ""margin"": 0.9573950691266135, ""p_observed"": 0.9786975345633067, ""prior_probability"": 0.4838709677419355, ""score"": 0.9573950691266135}}","{""gender=Female"": {""alpha"": 0.0, ""margin"": 0.9682215234904034, ""p_observed"": 0.9841107617452017, ""prior_probability"": 0.5161290322580645, ""score"": -0.661398482245365}, ""gender=Male"": {""alpha"": 0.0, ""margin"": 0.9573950691266135, ""p_observed"": 0.9786975345633067, ""prior_probability"": 0.4838709677419355, ""score"": -0.7259370033829361}}"
379,Female,White,gender=Female,<=50K,"{""age"": ""45"", ""workclass"": ""Private"", ""fnlwgt"": ""45857"", ""education"": ""HS-grad"", ""educational-num"": ""9"", ""marital-status"": ""Divorced"", ""occupation"": ""Adm-clerical"", ""relationship"": ""Not-in-family"", ""race"": ""White"", ""capital-gain"": ""0"", ""capital-loss"": ""0"", ""hours-per-week"": ""28"", ""native-country"": ""United-States""}",gender=Male,gender=Female,gender=Female,,gender=Female,gender=Female,gender=Female,0,<=50K | Not-in-family | Divorced | HS-grad | Private,2,2,"{""gender=Female"": ""<=50K"", ""gender=Male"": ""<=50K""}","{""gender=Female"": {""alpha"": 1.0, ""margin"": 0.94830920411701, ""p_observed"": 0.9741546020585048, ""prior_probability"": 0.8695652173913043, ""score"": 0.9741546020585048}, ""gender=Male"": {""alpha"": 1.0, ""margin"": 0.906310012962109, ""p_observed"": 0.9531550064810543, ""prior_probability"": 0.13043478260869565, ""score"": 0.9531550064810543}}","{""gender=Female"": {""alpha"": 1.0, ""margin"": 0.94830920411701, ""p_observed"": 0.9741546020585048, ""prior_probability"": 0.8695652173913043, ""score"": 0.94830920411701}, ""gender=Male"": {""alpha"": 1.0, ""margin"": 0.906310012962109, ""p_observed"": 0.9531550064810543, ""prior_probability"": 0.13043478260869565, ""score"": 0.906310012962109}}","{""gender=Female"": {""alpha"": 0.0, ""margin"": 0.94830920411701, ""p_observed"": 0.9741546020585048, ""prior_probability"": 0.8695652173913043, ""score"": -0.13976194237515874}, ""gender=Male"": {""alpha"": 0.0, ""margin"": 0.906310012962109, ""p_observed"": 0.9531550064810543, ""prior_probability"": 0.13043478260869565, ""score"": -2.03688192726104}}"
380,Male,White,gender=Male,<=50K,"{""age"": ""67"", ""workclass"": ""Private"", ""fnlwgt"": ""236627"", ""education"": ""Bachelors"", ""educational-num"": ""13"", ""marital-status"": ""Married-civ-spouse"", ""occupation"": ""Prof-specialty"", ""relationship"": ""Husband"", ""race"": ""White"", ""capital-gain"": ""0"", ""capital-loss"": ""0"", ""hours-per-week"": ""2"", ""native-country"": ""United-States""}",gender=Male,gender=Male,gender=Female,,gender=Female,gender=Female,gender=Male,0,<=50K | Husband | Married-civ-spouse | Bachelors | Private,2,2,"{""gender=Female"": ""<=50K"", ""gender=Male"": "">50K""}","{""gender=Female"": {""alpha"": 1.0, ""margin"": 0.08406373908823966, ""p_observed"": 0.5420318695441199, ""prior_probability"": 0.00625, ""score"": 0.5420318695441199}, ""gender=Male"": {""alpha"": 1.0, ""margin"": -0.026378686635174398, ""p_observed"": 0.48681065668241275, ""prior_probability"": 0.99375, ""score"": 0.48681065668241275}}","{""gender=Female"": {""alpha"": 1.0, ""margin"": 0.08406373908823966, ""p_observed"": 0.5420318695441199, ""prior_probability"": 0.00625, ""score"": 0.08406373908823966}, ""gender=Male"": {""alpha"": 1.0, ""margin"": -0.026378686635174398, ""p_observed"": 0.48681065668241275, ""prior_probability"": 0.99375, ""score"": -0.026378686635174398}}","{""gender=Female"": {""alpha"": 0.0, ""margin"": 0.08406373908823966, ""p_observed"": 0.5420318695441199, ""prior_probability"": 0.00625, ""score"": -5.075173815233827}, ""gender=Male"": {""alpha"": 0.0, ""margin"": -0.026378686635174398, ""p_observed"": 0.48681065668241275, ""prior_probability"": 0.99375, ""score"": -0.006269613013595374}}"
381,Female,White,gender=Female,<=50K,"{""age"": ""22"", ""workclass"": ""Private"", ""fnlwgt"": ""122272"", ""education"": ""HS-grad"", ""educational-num"": ""9"", ""marital-status"": ""Never-married"", ""occupation"": ""Adm-clerical"", ""relationship"": ""Own-child"", ""race"": ""White"", ""capital-gain"": ""0"", ""capital-loss"": ""0"", ""hours-per-week"": ""40"", ""native-country"": ""United-States""}",gender=Male,gender=Female,gender=Female,gender=Female,gender=Male,gender=Male,gender=Female,1,<=50K | Own-child | Never-married | HS-grad | Private,2,2,"{""gender=Female"": ""<=50K"", ""gender=Male"": ""<=50K""}","{""gender=Female"": {""alpha"": 1.0, ""margin"": 0.9890328637157344, ""p_observed"": 0.9945164318578671, ""prior_probability"": 0.6647058823529411, ""score"": 0.9945164318578671}, ""gender=Male"": {""alpha"": 1.0, ""margin"": 0.9897215893318441, ""p_observed"": 0.9948607946659218, ""prior_probability"": 0.3352941176470588, ""score"": 0.9948607946659218}}","{""gender=Female"": {""alpha"": 1.0, ""margin"": 0.9890328637157344, ""p_observed"": 0.9945164318578671, ""prior_probability"": 0.6647058823529411, ""score"": 0.9890328637157344}, ""gender=Male"": {""alpha"": 1.0, ""margin"": 0.9897215893318441, ""p_observed"": 0.9948607946659218, ""prior_probability"": 0.3352941176470588, ""score"": 0.9897215893318441}}","{""gender=Female"": {""alpha"": 0.0, ""margin"": 0.9890328637157344, ""p_observed"": 0.9945164318578671, ""prior_probability"": 0.6647058823529411, ""score"": -0.40841061833792125}, ""gender=Male"": {""alpha"": 0.0, ""margin"": 0.9897215893318441, ""p_observed"": 0.9948607946659218, ""prior_probability"": 0.3352941176470588, ""score"": -1.0927471692157116}}"
382,Male,White,gender=Male,>50K,"{""age"": ""51"", ""workclass"": ""Self-emp-inc"", ""fnlwgt"": ""54342"", ""education"": ""Prof-school"", ""educational-num"": ""15"", ""marital-status"": ""Divorced"", ""occupation"": ""Prof-specialty"", ""relationship"": ""Not-in-family"", ""race"": ""White"", ""capital-gain"": ""27828"", ""capital-loss"": ""0"", ""hours-per-week"": ""60"", ""native-country"": ""United-States""}",gender=Male,gender=Male,gender=Male,,gender=Male,gender=Male,gender=Male,0,>50K | Not-in-family | Divorced | Prof-school | Self-emp-inc,2,2,"{""gender=Female"": "">50K"", ""gender=Male"": "">50K""}","{""gender=Female"": {""alpha"": 1.0, ""margin"": 0.5817766467707057, ""p_observed"": 0.7908883233853529, ""prior_probability"": 0.17647058823529413, ""score"": 0.7908883233853529}, ""gender=Male"": {""alpha"": 1.0, ""margin"": 0.7573075259053086, ""p_observed"": 0.8786537629526544, ""prior_probability"": 0.8235294117647058, ""score"": 0.8786537629526544}}","{""gender=Female"": {""alpha"": 1.0, ""margin"": 0.5817766467707057, ""p_observed"": 0.7908883233853529, ""prior_probability"": 0.17647058823529413, ""score"": 0.5817766467707057}, ""gender=Male"": {""alpha"": 1.0, ""margin"": 0.7573075259053086, ""p_observed"": 0.8786537629526544, ""prior_probability"": 0.8235294117647058, ""score"": 0.7573075259053086}}","{""gender=Female"": {""alpha"": 0.0, ""margin"": 0.5817766467707057, ""p_observed"": 0.7908883233853529, ""prior_probability"": 0.17647058823529413, ""score"": -1.7346010553881064}, ""gender=Male"": {""alpha"": 0.0, ""margin"": 0.7573075259053086, ""p_observed"": 0.8786537629526544, ""prior_probability"": 0.8235294117647058, ""score"": -0.1941560144409575}}"
383,Female,Asian-Pac-Islander,gender=Female,<=50K,"{""age"": ""45"", ""workclass"": ""Federal-gov"", ""fnlwgt"": ""106910"", ""education"": ""HS-grad"", ""educational-num"": ""9"", ""marital-status"": ""Never-married"", ""occupation"": ""Transport-moving"", ""relationship"": ""Unmarried"", ""race"": ""Asian-Pac-Islander"", ""capital-gain"": ""0"", ""capital-loss"": ""0"", ""hours-per-week"": ""40"", ""native-country"": ""United-States""}",gender=Male,gender=Male,gender=Male,,gender=Female,gender=Female,gender=Male,0,<=50K | Unmarried | Never-married | HS-grad | Federal-gov,2,2,"{""gender=Female"": ""<=50K"", ""gender=Male"": ""<=50K""}","{""gender=Female"": {""alpha"": 1.0, ""margin"": 0.9508495393114532, ""p_observed"": 0.9754247696557267, ""prior_probability"": 0.3, ""score"": 0.9754247696557267}, ""gender=Male"": {""alpha"": 1.0, ""margin"": 0.9164782830095509, ""p_observed"": 0.9582391415047754, ""prior_probability"": 0.7, ""score"": 0.9582391415047754}}","{""gender=Female"": {""alpha"": 1.0, ""margin"": 0.9508495393114532, ""p_observed"": 0.9754247696557267, ""prior_probability"": 0.3, ""score"": 0.9508495393114532}, ""gender=Male"": {""alpha"": 1.0, ""margin"": 0.9164782830095509, ""p_observed"": 0.9582391415047754, ""prior_probability"": 0.7, ""score"": 0.9164782830095509}}","{""gender=Female"": {""alpha"": 0.0, ""margin"": 0.9508495393114532, ""p_observed"": 0.9754247696557267, ""prior_probability"": 0.3, ""score"": -1.2039728043259361}, ""gender=Male"": {""alpha"": 0.0, ""margin"": 0.9164782830095509, ""p_observed"": 0.9582391415047754, ""prior_probability"": 0.7, ""score"": -0.35667494393873245}}"
384,Female,White,gender=Female,>50K,"{""age"": ""68"", ""workclass"": ""Private"", ""fnlwgt"": ""186350"", ""education"": ""HS-grad"", ""educational-num"": ""9"", ""marital-status"": ""Widowed"", ""occupation"": ""Exec-managerial"", ""relationship"": ""Not-in-family"", ""race"": ""White"", ""capital-gain"": ""0"", ""capital-loss"": ""0"", ""hours-per-week"": ""10"", ""native-country"": ""United-States""}",gender=Male,gender=Female,gender=Female,,gender=Male,gender=Male,gender=Female,0,>50K | Not-in-family | Widowed | HS-grad | Private,2,2,"{""gender=Female"": ""<=50K"", ""gender=Male"": ""<=50K""}","{""gender=Female"": {""alpha"": 1.0, ""margin"": -0.8418345559814225, ""p_observed"": 0.07908272200928848, ""prior_probability"": 0.5, ""score"": 0.07908272200928848}, ""gender=Male"": {""alpha"": 1.0, ""margin"": -0.7379363127331637, ""p_observed"": 0.13103184363341808, ""prior_probability"": 0.5, ""score"": 0.13103184363341808}}","{""gender=Female"": {""alpha"": 1.0, ""margin"": -0.8418345559814225, ""p_observed"": 0.07908272200928848, ""prior_probability"": 0.5, ""score"": -0.8418345559814225}, ""gender=Male"": {""alpha"": 1.0, ""margin"": -0.7379363127331637, ""p_observed"": 0.13103184363341808, ""prior_probability"": 0.5, ""score"": -0.7379363127331637}}","{""gender=Female"": {""alpha"": 0.0, ""margin"": -0.8418345559814225, ""p_observed"": 0.07908272200928848, ""prior_probability"": 0.5, ""score"": -0.6931471805599453}, ""gender=Male"": {""alpha"": 0.0, ""margin"": -0.7379363127331637, ""p_observed"": 0.13103184363341808, ""prior_probability"": 0.5, ""score"": -0.6931471805599453}}"
385,Male,White,gender=Male,<=50K,"{""age"": ""31"", ""workclass"": ""Private"", ""fnlwgt"": ""38223"", ""education"": ""Bachelors"", ""educational-num"": ""13"", ""marital-status"": ""Never-married"", ""occupation"": ""Sales"", ""relationship"": ""Own-child"", ""race"": ""White"", ""capital-gain"": ""0"", ""capital-loss"": ""0"", ""hours-per-week"": ""45"", ""native-country"": ""United-States""}",gender=Male,gender=Male,gender=Male,,gender=Female,gender=Female,gender=Male,0,<=50K | Own-child | Never-married | Bachelors | Private,2,2,"{""gender=Female"": ""<=50K"", ""gender=Male"": ""<=50K""}","{""gender=Female"": {""alpha"": 1.0, ""margin"": 0.7104461430789483, ""p_observed"": 0.8552230715394742, ""prior_probability"": 0.4098360655737705, ""score"": 0.8552230715394742}, ""gender=Male"": {""alpha"": 1.0, ""margin"": 0.6306184489194195, ""p_observed"": 0.8153092244597098, ""prior_probability"": 0.5901639344262295, ""score"": 0.8153092244597098}}","{""gender=Female"": {""alpha"": 1.0, ""margin"": 0.7104461430789483, ""p_observed"": 0.8552230715394742, ""prior_probability"": 0.4098360655737705, ""score"": 0.7104461430789483}, ""gender=Male"": {""alpha"": 1.0, ""margin"": 0.6306184489194195, ""p_observed"": 0.8153092244597098, ""prior_probability"": 0.5901639344262295, ""score"": 0.6306184489194195}}","{""gender=Female"": {""alpha"": 0.0, ""margin"": 0.7104461430789483, ""p_observed"": 0.8552230715394742, ""prior_probability"": 0.4098360655737705, ""score"": -0.8919980393051105}, ""gender=Male"": {""alpha"": 0.0, ""margin"": 0.6306184489194195, ""p_observed"": 0.8153092244597098, ""prior_probability"": 0.5901639344262295, ""score"": -0.5273549257172012}}"
386,Male,White,gender=Male,<=50K,"{""age"": ""53"", ""workclass"": ""Private"", ""fnlwgt"": ""283079"", ""education"": ""1st-4th"", ""educational-num"": ""2"", ""marital-status"": ""Married-civ-spouse"", ""occupation"": ""Farming-fishing"", ""relationship"": ""Husband"", ""race"": ""White"", ""capital-gain"": ""0"", ""capital-loss"": ""0"", ""hours-per-week"": ""45"", ""native-country"": ""United-States""}",gender=Male,gender=Male,gender=Male,,gender=Female,gender=Female,gender=Male,0,<=50K | Husband | Married-civ-spouse | 1st-4th | Private,2,2,"{""gender=Female"": ""<=50K"", ""gender=Male"": ""<=50K""}","{""gender=Female"": {""alpha"": 1.0, ""margin"": 0.545403604457225, ""p_observed"": 0.7727018022286123, ""prior_probability"": 0.08333333333333333, ""score"": 0.7727018022286123}, ""gender=Male"": {""alpha"": 1.0, ""margin"": 0.5131317006530427, ""p_observed"": 0.7565658503265212, ""prior_probability"": 0.9166666666666666, ""score"": 0.7565658503265212}}","{""gender=Female"": {""alpha"": 1.0, ""margin"": 0.545403604457225, ""p_observed"": 0.7727018022286123, ""prior_probability"": 0.08333333333333333, ""score"": 0.545403604457225}, ""gender=Male"": {""alpha"": 1.0, ""margin"": 0.5131317006530427, ""p_observed"": 0.7565658503265212, ""prior_probability"": 0.9166666666666666, ""score"": 0.5131317006530427}}","{""gender=Female"": {""alpha"": 0.0, ""margin"": 0.545403604457225, ""p_observed"": 0.7727018022286123, ""prior_probability"": 0.08333333333333333, ""score"": -2.4849066497880004}, ""gender=Male"": {""alpha"": 0.0, ""margin"": 0.5131317006530427, ""p_observed"": 0.7565658503265212, ""prior_probability"": 0.9166666666666666, ""score"": -0.08701137698962981}}"
387,Male,White,gender=Male,<=50K,"{""age"": ""22"", ""workclass"": ""Private"", ""fnlwgt"": ""225531"", ""education"": ""HS-grad"", ""educational-num"": ""9"", ""marital-status"": ""Never-married"", ""occupation"": ""Other-service"", ""relationship"": ""Own-child"", ""race"": ""White"", ""capital-gain"": ""0"", ""capital-loss"": ""2205"", ""hours-per-week"": ""40"", ""native-country"": ""United-States""}",gender=Male,gender=Male,gender=Male,gender=Male,gender=Female,gender=Female,gender=Male,1,<=50K | Own-child | Never-married | HS-grad | Private,2,2,"{""gender=Female"": ""<=50K"", ""gender=Male"": ""<=50K""}","{""gender=Female"": {""alpha"": 1.0, ""margin"": 0.9114402933875104, ""p_observed"": 0.9557201466937553, ""prior_probability"": 0.4854368932038835, ""score"": 0.9557201466937553}, ""gender=Male"": {""alpha"": 1.0, ""margin"": 0.9007374437583758, ""p_observed"": 0.9503687218791879, ""prior_probability"": 0.5145631067961165, ""score"": 0.9503687218791879}}","{""gender=Female"": {""alpha"": 1.0, ""margin"": 0.9114402933875104, ""p_observed"": 0.9557201466937553, ""prior_probability"": 0.4854368932038835, ""score"": 0.9114402933875104}, ""gender=Male"": {""alpha"": 1.0, ""margin"": 0.9007374437583758, ""p_observed"": 0.9503687218791879, ""prior_probability"": 0.5145631067961165, ""score"": 0.9007374437583758}}","{""gender=Female"": {""alpha"": 0.0, ""margin"": 0.9114402933875104, ""p_observed"": 0.9557201466937553, ""prior_probability"": 0.4854368932038835, ""score"": -0.7227059828014897}, ""gender=Male"": {""alpha"": 0.0, ""margin"": 0.9007374437583758, ""p_observed"": 0.9503687218791879, ""prior_probability"": 0.5145631067961165, ""score"": -0.6644370746775139}}"
388,Female,White,gender=Female,<=50K,"{""age"": ""29"", ""workclass"": ""Private"", ""fnlwgt"": ""89598"", ""education"": ""Bachelors"", ""educational-num"": ""13"", ""marital-status"": ""Married-civ-spouse"", ""occupation"": ""Exec-managerial"", ""relationship"": ""Wife"", ""race"": ""White"", ""capital-gain"": ""0"", ""capital-loss"": ""2057"", ""hours-per-week"": ""35"", ""native-country"": ""United-States""}",gender=Male,gender=Female,gender=Female,,gender=Male,gender=Male,gender=Female,0,<=50K | Wife | Married-civ-spouse | Bachelors | Private,2,2,"{""gender=Female"": "">50K"", ""gender=Male"": "">50K""}","{""gender=Female"": {""alpha"": 1.0, ""margin"": -0.5191247081525578, ""p_observed"": 0.2404376459237209, ""prior_probability"": 0.9411764705882353, ""score"": 0.2404376459237209}, ""gender=Male"": {""alpha"": 1.0, ""margin"": -0.29295729514734825, ""p_observed"": 0.3535213524263259, ""prior_probability"": 0.058823529411764705, ""score"": 0.3535213524263259}}","{""gender=Female"": {""alpha"": 1.0, ""margin"": -0.5191247081525578, ""p_observed"": 0.2404376459237209, ""prior_probability"": 0.9411764705882353, ""score"": -0.5191247081525578}, ""gender=Male"": {""alpha"": 1.0, ""margin"": -0.29295729514734825, ""p_observed"": 0.3535213524263259, ""prior_probability"": 0.058823529411764705, ""score"": -0.29295729514734825}}","{""gender=Female"": {""alpha"": 0.0, ""margin"": -0.5191247081525578, ""p_observed"": 0.2404376459237209, ""prior_probability"": 0.9411764705882353, ""score"": -0.060624621816434854}, ""gender=Male"": {""alpha"": 0.0, ""margin"": -0.29295729514734825, ""p_observed"": 0.3535213524263259, ""prior_probability"": 0.058823529411764705, ""score"": -2.833213344056216}}"
389,Female,Black,gender=Female,<=50K,"{""age"": ""31"", ""workclass"": ""Private"", ""fnlwgt"": ""159737"", ""education"": ""HS-grad"", ""educational-num"": ""9"", ""marital-status"": ""Never-married"", ""occupation"": ""Sales"", ""relationship"": ""Unmarried"", ""race"": ""Black"", ""capital-gain"": ""0"", ""capital-loss"": ""0"", ""hours-per-week"": ""58"", ""native-country"": ""United-States""}",gender=Male,gender=Female,gender=Female,,gender=Female,gender=Female,gender=Female,0,<=50K | Unmarried | Never-married | HS-grad | Private,2,2,"{""gender=Female"": ""<=50K"", ""gender=Male"": ""<=50K""}","{""gender=Female"": {""alpha"": 1.0, ""margin"": 0.9198521989218597, ""p_observed"": 0.9599260994609298, ""prior_probability"": 0.8148148148148148, ""score"": 0.9599260994609298}, ""gender=Male"": {""alpha"": 1.0, ""margin"": 0.8430045850916749, ""p_observed"": 0.9215022925458374, ""prior_probability"": 0.18518518518518517, ""score"": 0.9215022925458374}}","{""gender=Female"": {""alpha"": 1.0, ""margin"": 0.9198521989218597, ""p_observed"": 0.9599260994609298, ""prior_probability"": 0.8148148148148148, ""score"": 0.9198521989218597}, ""gender=Male"": {""alpha"": 1.0, ""margin"": 0.8430045850916749, ""p_observed"": 0.9215022925458374, ""prior_probability"": 0.18518518518518517, ""score"": 0.8430045850916749}}","{""gender=Female"": {""alpha"": 0.0, ""margin"": 0.9198521989218597, ""p_observed"": 0.9599260994609298, ""prior_probability"": 0.8148148148148148, ""score"": -0.20479441264601328}, ""gender=Male"": {""alpha"": 0.0, ""margin"": 0.8430045850916749, ""p_observed"": 0.9215022925458374, ""prior_probability"": 0.18518518518518517, ""score"": -1.6863989535702288}}"
390,Male,White,gender=Male,>50K,"{""age"": ""29"", ""workclass"": ""Private"", ""fnlwgt"": ""133937"", ""education"": ""Bachelors"", ""educational-num"": ""13"", ""marital-status"": ""Married-civ-spouse"", ""occupation"": ""Prof-specialty"", ""relationship"": ""Husband"", ""race"": ""White"", ""capital-gain"": ""0"", ""capital-loss"": ""0"", ""hours-per-week"": ""40"", ""native-country"": ""United-States""}",gender=Male,gender=Male,gender=Male,gender=Male,gender=Male,gender=Male,gender=Male,1,>50K | Husband | Married-civ-spouse | Bachelors | Private,2,2,"{""gender=Female"": "">50K"", ""gender=Male"": "">50K""}","{""gender=Female"": {""alpha"": 1.0, ""margin"": 0.06718774234578473, ""p_observed"": 0.5335938711728924, ""prior_probability"": 0.0029069767441860465, ""score"": 0.5335938711728924}, ""gender=Male"": {""alpha"": 1.0, ""margin"": 0.18747377201869053, ""p_observed"": 0.5937368860093452, ""prior_probability"": 0.997093023255814, ""score"": 0.5937368860093452}}","{""gender=Female"": {""alpha"": 1.0, ""margin"": 0.06718774234578473, ""p_observed"": 0.5335938711728924, ""prior_probability"": 0.0029069767441860465, ""score"": 0.06718774234578473}, ""gender=Male"": {""alpha"": 1.0, ""margin"": 0.18747377201869053, ""p_observed"": 0.5937368860093452, ""prior_probability"": 0.997093023255814, ""score"": 0.18747377201869053}}","{""gender=Female"": {""alpha"": 0.0, ""margin"": 0.06718774234578473, ""p_observed"": 0.5335938711728924, ""prior_probability"": 0.0029069767441860465, ""score"": -5.840641657373398}, ""gender=Male"": {""alpha"": 0.0, ""margin"": 0.18747377201869053, ""p_observed"": 0.5937368860093452, ""prior_probability"": 0.997093023255814, ""score"": -0.0029112102074584415}}"
391,Female,White,gender=Female,>50K,"{""age"": ""33"", ""workclass"": ""Private"", ""fnlwgt"": ""118941"", ""education"": ""HS-grad"", ""educational-num"": ""9"", ""marital-status"": ""Married-civ-spouse"", ""occupation"": ""Adm-clerical"", ""relationship"": ""Wife"", ""race"": ""White"", ""capital-gain"": ""0"", ""capital-loss"": ""0"", ""hours-per-week"": ""40"", ""native-country"": ""United-States""}",gender=Male,gender=Female,gender=Female,,gender=Female,gender=Female,gender=Female,0,>50K | Wife | Married-civ-spouse | HS-grad | Private,2,2,"{""gender=Female"": ""<=50K"", ""gender=Male"": ""<=50K""}","{""gender=Female"": {""alpha"": 1.0, ""margin"": -0.4349766416181914, ""p_observed"": 0.28251167919090425, ""prior_probability"": 0.9836065573770492, ""score"": 0.28251167919090425}, ""gender=Male"": {""alpha"": 1.0, ""margin"": -0.48733503935415334, ""p_observed"": 0.2563324803229232, ""prior_probability"": 0.01639344262295082, ""score"": 0.2563324803229232}}","{""gender=Female"": {""alpha"": 1.0, ""margin"": -0.4349766416181914, ""p_observed"": 0.28251167919090425, ""prior_probability"": 0.9836065573770492, ""score"": -0.4349766416181914}, ""gender=Male"": {""alpha"": 1.0, ""margin"": -0.48733503935415334, ""p_observed"": 0.2563324803229232, ""prior_probability"": 0.01639344262295082, ""score"": -0.48733503935415334}}","{""gender=Female"": {""alpha"": 0.0, ""margin"": -0.4349766416181914, ""p_observed"": 0.28251167919090425, ""prior_probability"": 0.9836065573770492, ""score"": -0.016529301951210582}, ""gender=Male"": {""alpha"": 0.0, ""margin"": -0.48733503935415334, ""p_observed"": 0.2563324803229232, ""prior_probability"": 0.01639344262295082, ""score"": -4.110873864173311}}"
392,Male,White,gender=Male,>50K,"{""age"": ""56"", ""workclass"": ""Private"", ""fnlwgt"": ""290641"", ""education"": ""Bachelors"", ""educational-num"": ""13"", ""marital-status"": ""Married-civ-spouse"", ""occupation"": ""Exec-managerial"", ""relationship"": ""Husband"", ""race"": ""White"", ""capital-gain"": ""0"", ""capital-loss"": ""0"", ""hours-per-week"": ""50"", ""native-country"": ""United-States""}",gender=Male,gender=Male,gender=Male,gender=Male,gender=Male,gender=Male,gender=Male,1,>50K | Husband | Married-civ-spouse | Bachelors | Private,2,2,"{""gender=Female"": "">50K"", ""gender=Male"": "">50K""}","{""gender=Female"": {""alpha"": 1.0, ""margin"": 0.24329507143583984, ""p_observed"": 0.6216475357179199, ""prior_probability"": 0.00186219739292365, ""score"": 0.6216475357179199}, ""gender=Male"": {""alpha"": 1.0, ""margin"": 0.5141502462642289, ""p_observed"": 0.7570751231321144, ""prior_probability"": 0.9981378026070763, ""score"": 0.7570751231321144}}","{""gender=Female"": {""alpha"": 1.0, ""margin"": 0.24329507143583984, ""p_observed"": 0.6216475357179199, ""prior_probability"": 0.00186219739292365, ""score"": 0.24329507143583984}, ""gender=Male"": {""alpha"": 1.0, ""margin"": 0.5141502462642289, ""p_observed"": 0.7570751231321144, ""prior_probability"": 0.9981378026070763, ""score"": 0.5141502462642289}}","{""gender=Female"": {""alpha"": 0.0, ""margin"": 0.24329507143583984, ""p_observed"": 0.6216475357179199, ""prior_probability"": 0.00186219739292365, ""score"": -6.285998094508865}, ""gender=Male"": {""alpha"": 0.0, ""margin"": 0.5141502462642289, ""p_observed"": 0.7570751231321144, ""prior_probability"": 0.9981378026070763, ""score"": -0.0018639334380627533}}"
393,Male,White,gender=Male,<=50K,"{""age"": ""35"", ""workclass"": ""Private"", ""fnlwgt"": ""115792"", ""education"": ""Bachelors"", ""educational-num"": ""13"", ""marital-status"": ""Married-civ-spouse"", ""occupation"": ""Prof-specialty"", ""relationship"": ""Husband"", ""race"": ""White"", ""capital-gain"": ""0"", ""capital-loss"": ""0"", ""hours-per-week"": ""55"", ""native-country"": ""United-States""}",gender=Male,gender=Male,gender=Male,,gender=Female,gender=Female,gender=Male,0,<=50K | Husband | Married-civ-spouse | Bachelors | Private,2,2,"{""gender=Female"": "">50K"", ""gender=Male"": "">50K""}","{""gender=Female"": {""alpha"": 1.0, ""margin"": -0.17483041012921013, ""p_observed"": 0.41258479493539485, ""prior_probability"": 0.00625, ""score"": 0.41258479493539485}, ""gender=Male"": {""alpha"": 1.0, ""margin"": -0.35562797643247696, ""p_observed"": 0.32218601178376133, ""prior_probability"": 0.99375, ""score"": 0.32218601178376133}}","{""gender=Female"": {""alpha"": 1.0, ""margin"": -0.17483041012921013, ""p_observed"": 0.41258479493539485, ""prior_probability"": 0.00625, ""score"": -0.17483041012921013}, ""gender=Male"": {""alpha"": 1.0, ""margin"": -0.35562797643247696, ""p_observed"": 0.32218601178376133, ""prior_probability"": 0.99375, ""score"": -0.35562797643247696}}","{""gender=Female"": {""alpha"": 0.0, ""margin"": -0.17483041012921013, ""p_observed"": 0.41258479493539485, ""prior_probability"": 0.00625, ""score"": -5.075173815233827}, ""gender=Male"": {""alpha"": 0.0, ""margin"": -0.35562797643247696, ""p_observed"": 0.32218601178376133, ""prior_probability"": 0.99375, ""score"": -0.006269613013595374}}"
394,Female,Black,gender=Female,<=50K,"{""age"": ""31"", ""workclass"": ""Private"", ""fnlwgt"": ""194752"", ""education"": ""HS-grad"", ""educational-num"": ""9"", ""marital-status"": ""Never-married"", ""occupation"": ""Exec-managerial"", ""relationship"": ""Unmarried"", ""race"": ""Black"", ""capital-gain"": ""0"", ""capital-loss"": ""0"", ""hours-per-week"": ""45"", ""native-country"": ""United-States""}",gender=Male,gender=Female,gender=Female,,gender=Female,gender=Female,gender=Female,0,<=50K | Unmarried | Never-married | HS-grad | Private,2,2,"{""gender=Female"": ""<=50K"", ""gender=Male"": ""<=50K""}","{""gender=Female"": {""alpha"": 1.0, ""margin"": 0.9285778248054313, ""p_observed"": 0.9642889124027156, ""prior_probability"": 0.7894736842105263, ""score"": 0.9642889124027156}, ""gender=Male"": {""alpha"": 1.0, ""margin"": 0.8721625178271311, ""p_observed"": 0.9360812589135655, ""prior_probability"": 0.21052631578947367, ""score"": 0.9360812589135655}}","{""gender=Female"": {""alpha"": 1.0, ""margin"": 0.9285778248054313, ""p_observed"": 0.9642889124027156, ""prior_probability"": 0.7894736842105263, ""score"": 0.9285778248054313}, ""gender=Male"": {""alpha"": 1.0, ""margin"": 0.8721625178271311, ""p_observed"": 0.9360812589135655, ""prior_probability"": 0.21052631578947367, ""score"": 0.8721625178271311}}","{""gender=Female"": {""alpha"": 0.0, ""margin"": 0.9285778248054313, ""p_observed"": 0.9642889124027156, ""prior_probability"": 0.7894736842105263, ""score"": -0.2363887780642304}, ""gender=Male"": {""alpha"": 0.0, ""margin"": 0.8721625178271311, ""p_observed"": 0.9360812589135655, ""prior_probability"": 0.21052631578947367, ""score"": -1.55814461804655}}"
395,Male,White,gender=Male,<=50K,"{""age"": ""43"", ""workclass"": ""Local-gov"", ""fnlwgt"": ""174395"", ""education"": ""Masters"", ""educational-num"": ""14"", ""marital-status"": ""Married-civ-spouse"", ""occupation"": ""Prof-specialty"", ""relationship"": ""Husband"", ""race"": ""White"", ""capital-gain"": ""0"", ""capital-loss"": ""0"", ""hours-per-week"": ""50"", ""native-country"": ""United-States""}",gender=Male,gender=Male,gender=Male,,gender=Female,gender=Female,gender=Male,0,<=50K | Husband | Married-civ-spouse | Masters | Local-gov,2,2,"{""gender=Female"": "">50K"", ""gender=Male"": "">50K""}","{""gender=Female"": {""alpha"": 1.0, ""margin"": -0.1862282479460085, ""p_observed"": 0.4068858760269956, ""prior_probability"": 0.009900990099009901, ""score"": 0.4068858760269956}, ""gender=Male"": {""alpha"": 1.0, ""margin"": -0.32816748813846774, ""p_observed"": 0.335916255930766, ""prior_probability"": 0.9900990099009901, ""score"": 0.335916255930766}}","{""gender=Female"": {""alpha"": 1.0, ""margin"": -0.1862282479460085, ""p_observed"": 0.4068858760269956, ""prior_probability"": 0.009900990099009901, ""score"": -0.1862282479460085}, ""gender=Male"": {""alpha"": 1.0, ""margin"": -0.32816748813846774, ""p_observed"": 0.335916255930766, ""prior_probability"": 0.9900990099009901, ""score"": -0.32816748813846774}}","{""gender=Female"": {""alpha"": 0.0, ""margin"": -0.1862282479460085, ""p_observed"": 0.4068858760269956, ""prior_probability"": 0.009900990099009901, ""score"": -4.61512051684126}, ""gender=Male"": {""alpha"": 0.0, ""margin"": -0.32816748813846774, ""p_observed"": 0.335916255930766, ""prior_probability"": 0.9900990099009901, ""score"": -0.009950330853168092}}"
396,Male,White,gender=Male,<=50K,"{""age"": ""72"", ""workclass"": ""Self-emp-not-inc"", ""fnlwgt"": ""243769"", ""education"": ""Prof-school"", ""educational-num"": ""15"", ""marital-status"": ""Never-married"", ""occupation"": ""Prof-specialty"", ""relationship"": ""Not-in-family"", ""race"": ""White"", ""capital-gain"": ""0"", ""capital-loss"": ""1429"", ""hours-per-week"": ""20"", ""native-country"": ""United-States""}",gender=Male,gender=Male,gender=Male,,gender=Female,gender=Female,gender=Male,0,<=50K | Not-in-family | Never-married | Prof-school | Self-emp-not-inc,2,2,"{""gender=Female"": ""<=50K"", ""gender=Male"": ""<=50K""}","{""gender=Female"": {""alpha"": 1.0, ""margin"": 0.4273937550855479, ""p_observed"": 0.7136968775427739, ""prior_probability"": 0.3235294117647059, ""score"": 0.7136968775427739}, ""gender=Male"": {""alpha"": 1.0, ""margin"": 0.2566085392947239, ""p_observed"": 0.628304269647362, ""prior_probability"": 0.6764705882352942, ""score"": 0.628304269647362}}","{""gender=Female"": {""alpha"": 1.0, ""margin"": 0.4273937550855479, ""p_observed"": 0.7136968775427739, ""prior_probability"": 0.3235294117647059, ""score"": 0.4273937550855479}, ""gender=Male"": {""alpha"": 1.0, ""margin"": 0.2566085392947239, ""p_observed"": 0.628304269647362, ""prior_probability"": 0.6764705882352942, ""score"": 0.2566085392947239}}","{""gender=Female"": {""alpha"": 0.0, ""margin"": 0.4273937550855479, ""p_observed"": 0.7136968775427739, ""prior_probability"": 0.3235294117647059, ""score"": -1.128465251817791}, ""gender=Male"": {""alpha"": 0.0, ""margin"": 0.2566085392947239, ""p_observed"": 0.628304269647362, ""prior_probability"": 0.6764705882352942, ""score"": -0.39086630868701167}}"
397,Female,White,gender=Female,<=50K,"{""age"": ""29"", ""workclass"": ""Local-gov"", ""fnlwgt"": ""45554"", ""education"": ""Some-college"", ""educational-num"": ""10"", ""marital-status"": ""Divorced"", ""occupation"": ""Adm-clerical"", ""relationship"": ""Unmarried"", ""race"": ""White"", ""capital-gain"": ""0"", ""capital-loss"": ""0"", ""hours-per-week"": ""40"", ""native-country"": ""United-States""}",gender=Male,gender=Female,gender=Female,,gender=Female,gender=Female,gender=Female,0,<=50K | Unmarried | Divorced | Some-college | Local-gov,2,2,"{""gender=Female"": ""<=50K"", ""gender=Male"": ""<=50K""}","{""gender=Female"": {""alpha"": 1.0, ""margin"": 0.9480103526297607, ""p_observed"": 0.9740051763148804, ""prior_probability"": 0.9558823529411765, ""score"": 0.9740051763148804}, ""gender=Male"": {""alpha"": 1.0, ""margin"": 0.8754739126474578, ""p_observed"": 0.9377369563237288, ""prior_probability"": 0.04411764705882353, ""score"": 0.9377369563237288}}","{""gender=Female"": {""alpha"": 1.0, ""margin"": 0.9480103526297607, ""p_observed"": 0.9740051763148804, ""prior_probability"": 0.9558823529411765, ""score"": 0.9480103526297607}, ""gender=Male"": {""alpha"": 1.0, ""margin"": 0.8754739126474578, ""p_observed"": 0.9377369563237288, ""prior_probability"": 0.04411764705882353, ""score"": 0.8754739126474578}}","{""gender=Female"": {""alpha"": 0.0, ""margin"": 0.9480103526297607, ""p_observed"": 0.9740051763148804, ""prior_probability"": 0.9558823529411765, ""score"": -0.045120435280469544}, ""gender=Male"": {""alpha"": 0.0, ""margin"": 0.8754739126474578, ""p_observed"": 0.9377369563237288, ""prior_probability"": 0.04411764705882353, ""score"": -3.120895416507997}}"
398,Male,White,gender=Male,<=50K,"{""age"": ""42"", ""workclass"": ""Private"", ""fnlwgt"": ""167534"", ""education"": ""HS-grad"", ""educational-num"": ""9"", ""marital-status"": ""Married-civ-spouse"", ""occupation"": ""Handlers-cleaners"", ""relationship"": ""Husband"", ""race"": ""White"", ""capital-gain"": ""5013"", ""capital-loss"": ""0"", ""hours-per-week"": ""35"", ""native-country"": ""United-States""}",gender=Male,gender=Male,gender=Male,,gender=Female,gender=Female,gender=Male,0,<=50K | Husband | Married-civ-spouse | HS-grad | Private,2,2,"{""gender=Female"": ""<=50K"", ""gender=Male"": ""<=50K""}","{""gender=Female"": {""alpha"": 1.0, ""margin"": 0.5139245070080195, ""p_observed"": 0.7569622535040097, ""prior_probability"": 0.006666666666666667, ""score"": 0.7569622535040097}, ""gender=Male"": {""alpha"": 1.0, ""margin"": 0.4629189809291818, ""p_observed"": 0.7314594904645909, ""prior_probability"": 0.9933333333333333, ""score"": 0.7314594904645909}}","{""gender=Female"": {""alpha"": 1.0, ""margin"": 0.5139245070080195, ""p_observed"": 0.7569622535040097, ""prior_probability"": 0.006666666666666667, ""score"": 0.5139245070080195}, ""gender=Male"": {""alpha"": 1.0, ""margin"": 0.4629189809291818, ""p_observed"": 0.7314594904645909, ""prior_probability"": 0.9933333333333333, ""score"": 0.4629189809291818}}","{""gender=Female"": {""alpha"": 0.0, ""margin"": 0.5139245070080195, ""p_observed"": 0.7569622535040097, ""prior_probability"": 0.006666666666666667, ""score"": -5.0106352940962555}, ""gender=Male"": {""alpha"": 0.0, ""margin"": 0.4629189809291818, ""p_observed"": 0.7314594904645909, ""prior_probability"": 0.9933333333333333, ""score"": -0.006688988150796652}}"
399,Female,White,gender=Female,<=50K,"{""age"": ""25"", ""workclass"": ""Private"", ""fnlwgt"": ""248313"", ""education"": ""Assoc-voc"", ""educational-num"": ""11"", ""marital-status"": ""Never-married"", ""occupation"": ""Adm-clerical"", ""relationship"": ""Not-in-family"", ""race"": ""White"", ""capital-gain"": ""0"", ""capital-loss"": ""0"", ""hours-per-week"": ""40"", ""native-country"": ""United-States""}",gender=Male,gender=Female,gender=Female,,gender=Female,gender=Female,gender=Female,0,<=50K | Not-in-family | Never-married | Assoc-voc | Private,2,2,"{""gender=Female"": ""<=50K"", ""gender=Male"": ""<=50K""}","{""gender=Female"": {""alpha"": 1.0, ""margin"": 0.9718662510325752, ""p_observed"": 0.9859331255162875, ""prior_probability"": 0.8571428571428571, ""score"": 0.9859331255162875}, ""gender=Male"": {""alpha"": 1.0, ""margin"": 0.9605447270755613, ""p_observed"": 0.9802723635377806, ""prior_probability"": 0.14285714285714285, ""score"": 0.9802723635377806}}","{""gender=Female"": {""alpha"": 1.0, ""margin"": 0.9718662510325752, ""p_observed"": 0.9859331255162875, ""prior_probability"": 0.8571428571428571, ""score"": 0.9718662510325752}, ""gender=Male"": {""alpha"": 1.0, ""margin"": 0.9605447270755613, ""p_observed"": 0.9802723635377806, ""prior_probability"": 0.14285714285714285, ""score"": 0.9605447270755613}}","{""gender=Female"": {""alpha"": 0.0, ""margin"": 0.9718662510325752, ""p_observed"": 0.9859331255162875, ""prior_probability"": 0.8571428571428571, ""score"": -0.15415067982725836}, ""gender=Male"": {""alpha"": 0.0, ""margin"": 0.9605447270755613, ""p_observed"": 0.9802723635377806, ""prior_probability"": 0.14285714285714285, ""score"": -1.9459101490553135}}"
400,Female,White,gender=Female,<=50K,"{""age"": ""55"", ""workclass"": ""Private"", ""fnlwgt"": ""92847"", ""education"": ""7th-8th"", ""educational-num"": ""4"", ""marital-status"": ""Widowed"", ""occupation"": ""Priv-house-serv"", ""relationship"": ""Unmarried"", ""race"": ""White"", ""capital-gain"": ""0"", ""capital-loss"": ""0"", ""hours-per-week"": ""30"", ""native-country"": ""United-States""}",gender=Male,gender=Female,gender=Female,,gender=Female,gender=Female,gender=Female,0,<=50K | Unmarried | Widowed | 7th-8th | Private,2,2,"{""gender=Female"": ""<=50K"", ""gender=Male"": ""<=50K""}","{""gender=Female"": {""alpha"": 1.0, ""margin"": 0.9578134126146389, ""p_observed"": 0.9789067063073192, ""prior_probability"": 0.6666666666666666, ""score"": 0.9789067063073192}, ""gender=Male"": {""alpha"": 1.0, ""margin"": 0.9042032348547744, ""p_observed"": 0.952101617427387, ""prior_probability"": 0.3333333333333333, ""score"": 0.952101617427387}}","{""gender=Female"": {""alpha"": 1.0, ""margin"": 0.9578134126146389, ""p_observed"": 0.9789067063073192, ""prior_probability"": 0.6666666666666666, ""score"": 0.9578134126146389}, ""gender=Male"": {""alpha"": 1.0, ""margin"": 0.9042032348547744, ""p_observed"": 0.952101617427387, ""prior_probability"": 0.3333333333333333, ""score"": 0.9042032348547744}}","{""gender=Female"": {""alpha"": 0.0, ""margin"": 0.9578134126146389, ""p_observed"": 0.9789067063073192, ""prior_probability"": 0.6666666666666666, ""score"": -0.40546510810816444}, ""gender=Male"": {""alpha"": 0.0, ""margin"": 0.9042032348547744, ""p_observed"": 0.952101617427387, ""prior_probability"": 0.3333333333333333, ""score"": -1.0986122886681098}}"
401,Male,White,gender=Male,<=50K,"{""age"": ""20"", ""workclass"": ""Private"", ""fnlwgt"": ""515797"", ""education"": ""HS-grad"", ""educational-num"": ""9"", ""marital-status"": ""Married-civ-spouse"", ""occupation"": ""Craft-repair"", ""relationship"": ""Husband"", ""race"": ""White"", ""capital-gain"": ""0"", ""capital-loss"": ""0"", ""hours-per-week"": ""40"", ""native-country"": ""United-States""}",gender=Male,gender=Male,gender=Male,,gender=Female,gender=Female,gender=Male,0,<=50K | Husband | Married-civ-spouse | HS-grad | Private,2,2,"{""gender=Female"": ""<=50K"", ""gender=Male"": ""<=50K""}","{""gender=Female"": {""alpha"": 1.0, ""margin"": 0.7062793212025356, ""p_observed"": 0.8531396606012678, ""prior_probability"": 0.001364256480218281, ""score"": 0.8531396606012678}, ""gender=Male"": {""alpha"": 1.0, ""margin"": 0.633917143385051, ""p_observed"": 0.8169585716925255, ""prior_probability"": 0.9986357435197817, ""score"": 0.8169585716925255}}","{""gender=Female"": {""alpha"": 1.0, ""margin"": 0.7062793212025356, ""p_observed"": 0.8531396606012678, ""prior_probability"": 0.001364256480218281, ""score"": 0.7062793212025356}, ""gender=Male"": {""alpha"": 1.0, ""margin"": 0.633917143385051, ""p_observed"": 0.8169585716925255, ""prior_probability"": 0.9986357435197817, ""score"": 0.633917143385051}}","{""gender=Female"": {""alpha"": 0.0, ""margin"": 0.7062793212025356, ""p_observed"": 0.8531396606012678, ""prior_probability"": 0.001364256480218281, ""score"": -6.597145701886651}, ""gender=Male"": {""alpha"": 0.0, ""margin"": 0.633917143385051, ""p_observed"": 0.8169585716925255, ""prior_probability"": 0.9986357435197817, ""score"": -0.00136518792533997}}"
402,Female,White,gender=Female,>50K,"{""age"": ""55"", ""workclass"": ""Local-gov"", ""fnlwgt"": ""31365"", ""education"": ""Bachelors"", ""educational-num"": ""13"", ""marital-status"": ""Widowed"", ""occupation"": ""Prof-specialty"", ""relationship"": ""Not-in-family"", ""race"": ""White"", ""capital-gain"": ""0"", ""capital-loss"": ""0"", ""hours-per-week"": ""40"", ""native-country"": ""United-States""}",gender=Male,gender=Female,gender=Female,,gender=Male,gender=Male,gender=Female,0,>50K | Not-in-family | Widowed | Bachelors | Local-gov,2,2,"{""gender=Female"": ""<=50K"", ""gender=Male"": ""<=50K""}","{""gender=Female"": {""alpha"": 1.0, ""margin"": -0.6378586984702016, ""p_observed"": 0.18107065076489917, ""prior_probability"": 0.5, ""score"": 0.18107065076489917}, ""gender=Male"": {""alpha"": 1.0, ""margin"": -0.48239471515142424, ""p_observed"": 0.2588026424242878, ""prior_probability"": 0.5, ""score"": 0.2588026424242878}}","{""gender=Female"": {""alpha"": 1.0, ""margin"": -0.6378586984702016, ""p_observed"": 0.18107065076489917, ""prior_probability"": 0.5, ""score"": -0.6378586984702016}, ""gender=Male"": {""alpha"": 1.0, ""margin"": -0.48239471515142424, ""p_observed"": 0.2588026424242878, ""prior_probability"": 0.5, ""score"": -0.48239471515142424}}","{""gender=Female"": {""alpha"": 0.0, ""margin"": -0.6378586984702016, ""p_observed"": 0.18107065076489917, ""prior_probability"": 0.5, ""score"": -0.6931471805599453}, ""gender=Male"": {""alpha"": 0.0, ""margin"": -0.48239471515142424, ""p_observed"": 0.2588026424242878, ""prior_probability"": 0.5, ""score"": -0.6931471805599453}}"
403,Female,White,gender=Female,<=50K,"{""age"": ""30"", ""workclass"": ""Self-emp-not-inc"", ""fnlwgt"": ""189265"", ""education"": ""Assoc-acdm"", ""educational-num"": ""12"", ""marital-status"": ""Divorced"", ""occupation"": ""Adm-clerical"", ""relationship"": ""Not-in-family"", ""race"": ""White"", ""capital-gain"": ""0"", ""capital-loss"": ""0"", ""hours-per-week"": ""40"", ""native-country"": ""United-States""}",gender=Male,gender=Female,gender=Female,,gender=Female,gender=Female,gender=Female,0,<=50K | Not-in-family | Divorced | Assoc-acdm | Self-emp-not-inc,2,2,"{""gender=Female"": ""<=50K"", ""gender=Male"": ""<=50K""}","{""gender=Female"": {""alpha"": 1.0, ""margin"": 0.9162228478576899, ""p_observed"": 0.958111423928845, ""prior_probability"": 0.7, ""score"": 0.958111423928845}, ""gender=Male"": {""alpha"": 1.0, ""margin"": 0.8715465059572582, ""p_observed"": 0.935773252978629, ""prior_probability"": 0.3, ""score"": 0.935773252978629}}","{""gender=Female"": {""alpha"": 1.0, ""margin"": 0.9162228478576899, ""p_observed"": 0.958111423928845, ""prior_probability"": 0.7, ""score"": 0.9162228478576899}, ""gender=Male"": {""alpha"": 1.0, ""margin"": 0.8715465059572582, ""p_observed"": 0.935773252978629, ""prior_probability"": 0.3, ""score"": 0.8715465059572582}}","{""gender=Female"": {""alpha"": 0.0, ""margin"": 0.9162228478576899, ""p_observed"": 0.958111423928845, ""prior_probability"": 0.7, ""score"": -0.35667494393873245}, ""gender=Male"": {""alpha"": 0.0, ""margin"": 0.8715465059572582, ""p_observed"": 0.935773252978629, ""prior_probability"": 0.3, ""score"": -1.2039728043259361}}"
404,Male,White,gender=Male,<=50K,"{""age"": ""25"", ""workclass"": ""Private"", ""fnlwgt"": ""184569"", ""education"": ""HS-grad"", ""educational-num"": ""9"", ""marital-status"": ""Never-married"", ""occupation"": ""Handlers-cleaners"", ""relationship"": ""Other-relative"", ""race"": ""White"", ""capital-gain"": ""0"", ""capital-loss"": ""0"", ""hours-per-week"": ""45"", ""native-country"": ""United-States""}",gender=Male,gender=Male,gender=Male,,gender=Female,gender=Female,gender=Male,0,<=50K | Other-relative | Never-married | HS-grad | Private,2,2,"{""gender=Female"": ""<=50K"", ""gender=Male"": ""<=50K""}","{""gender=Female"": {""alpha"": 1.0, ""margin"": 0.9772700742525222, ""p_observed"": 0.9886350371262612, ""prior_probability"": 0.1111111111111111, ""score"": 0.9886350371262612}, ""gender=Male"": {""alpha"": 1.0, ""margin"": 0.9636883563275594, ""p_observed"": 0.9818441781637798, ""prior_probability"": 0.8888888888888888, ""score"": 0.9818441781637798}}","{""gender=Female"": {""alpha"": 1.0, ""margin"": 0.9772700742525222, ""p_observed"": 0.9886350371262612, ""prior_probability"": 0.1111111111111111, ""score"": 0.9772700742525222}, ""gender=Male"": {""alpha"": 1.0, ""margin"": 0.9636883563275594, ""p_observed"": 0.9818441781637798, ""prior_probability"": 0.8888888888888888, ""score"": 0.9636883563275594}}","{""gender=Female"": {""alpha"": 0.0, ""margin"": 0.9772700742525222, ""p_observed"": 0.9886350371262612, ""prior_probability"": 0.1111111111111111, ""score"": -2.1972245773362196}, ""gender=Male"": {""alpha"": 0.0, ""margin"": 0.9636883563275594, ""p_observed"": 0.9818441781637798, ""prior_probability"": 0.8888888888888888, ""score"": -0.11778303565638351}}"
405,Female,White,gender=Female,<=50K,"{""age"": ""43"", ""workclass"": ""Private"", ""fnlwgt"": ""173728"", ""education"": ""Bachelors"", ""educational-num"": ""13"", ""marital-status"": ""Separated"", ""occupation"": ""Prof-specialty"", ""relationship"": ""Unmarried"", ""race"": ""White"", ""capital-gain"": ""0"", ""capital-loss"": ""0"", ""hours-per-week"": ""40"", ""native-country"": ""United-States""}",gender=Male,gender=Female,gender=Female,,gender=Female,gender=Female,gender=Female,0,<=50K | Unmarried | Separated | Bachelors | Private,2,2,"{""gender=Female"": ""<=50K"", ""gender=Male"": ""<=50K""}","{""gender=Female"": {""alpha"": 1.0, ""margin"": 0.6794648585364118, ""p_observed"": 0.8397324292682059, ""prior_probability"": 0.75, ""score"": 0.8397324292682059}, ""gender=Male"": {""alpha"": 1.0, ""margin"": 0.6526844168946246, ""p_observed"": 0.8263422084473122, ""prior_probability"": 0.25, ""score"": 0.8263422084473122}}","{""gender=Female"": {""alpha"": 1.0, ""margin"": 0.6794648585364118, ""p_observed"": 0.8397324292682059, ""prior_probability"": 0.75, ""score"": 0.6794648585364118}, ""gender=Male"": {""alpha"": 1.0, ""margin"": 0.6526844168946246, ""p_observed"": 0.8263422084473122, ""prior_probability"": 0.25, ""score"": 0.6526844168946246}}","{""gender=Female"": {""alpha"": 0.0, ""margin"": 0.6794648585364118, ""p_observed"": 0.8397324292682059, ""prior_probability"": 0.75, ""score"": -0.2876820724517809}, ""gender=Male"": {""alpha"": 0.0, ""margin"": 0.6526844168946246, ""p_observed"": 0.8263422084473122, ""prior_probability"": 0.25, ""score"": -1.3862943611198906}}"
406,Male,White,gender=Male,<=50K,"{""age"": ""35"", ""workclass"": ""Private"", ""fnlwgt"": ""168675"", ""education"": ""HS-grad"", ""educational-num"": ""9"", ""marital-status"": ""Separated"", ""occupation"": ""Transport-moving"", ""relationship"": ""Own-child"", ""race"": ""White"", ""capital-gain"": ""0"", ""capital-loss"": ""0"", ""hours-per-week"": ""50"", ""native-country"": ""United-States""}",gender=Male,gender=Male,gender=Male,,gender=Female,gender=Female,gender=Male,0,<=50K | Own-child | Separated | HS-grad | Private,2,2,"{""gender=Female"": ""<=50K"", ""gender=Male"": ""<=50K""}","{""gender=Female"": {""alpha"": 1.0, ""margin"": 0.9043801023468263, ""p_observed"": 0.9521900511734132, ""prior_probability"": 0.4, ""score"": 0.9521900511734132}, ""gender=Male"": {""alpha"": 1.0, ""margin"": 0.8566467608592475, ""p_observed"": 0.9283233804296238, ""prior_probability"": 0.6, ""score"": 0.9283233804296238}}","{""gender=Female"": {""alpha"": 1.0, ""margin"": 0.9043801023468263, ""p_observed"": 0.9521900511734132, ""prior_probability"": 0.4, ""score"": 0.9043801023468263}, ""gender=Male"": {""alpha"": 1.0, ""margin"": 0.8566467608592475, ""p_observed"": 0.9283233804296238, ""prior_probability"": 0.6, ""score"": 0.8566467608592475}}","{""gender=Female"": {""alpha"": 0.0, ""margin"": 0.9043801023468263, ""p_observed"": 0.9521900511734132, ""prior_probability"": 0.4, ""score"": -0.916290731874155}, ""gender=Male"": {""alpha"": 0.0, ""margin"": 0.8566467608592475, ""p_observed"": 0.9283233804296238, ""prior_probability"": 0.6, ""score"": -0.5108256237659907}}"
407,Male,Black,gender=Male,<=50K,"{""age"": ""56"", ""workclass"": ""Self-emp-not-inc"", ""fnlwgt"": ""144380"", ""education"": ""Some-college"", ""educational-num"": ""10"", ""marital-status"": ""Married-spouse-absent"", ""occupation"": ""Prof-specialty"", ""relationship"": ""Not-in-family"", ""race"": ""Black"", ""capital-gain"": ""0"", ""capital-loss"": ""0"", ""hours-per-week"": ""50"", ""native-country"": ""United-States""}",gender=Male,gender=Male,gender=Male,,gender=Female,gender=Female,gender=Male,0,<=50K | Not-in-family | Married-spouse-absent | Some-college | Self-emp-not-inc,2,2,"{""gender=Female"": ""<=50K"", ""gender=Male"": ""<=50K""}","{""gender=Female"": {""alpha"": 1.0, ""margin"": 0.6531654868773517, ""p_observed"": 0.8265827434386758, ""prior_probability"": 0.4, ""score"": 0.8265827434386758}, ""gender=Male"": {""alpha"": 1.0, ""margin"": 0.5604321844951488, ""p_observed"": 0.7802160922475744, ""prior_probability"": 0.6, ""score"": 0.7802160922475744}}","{""gender=Female"": {""alpha"": 1.0, ""margin"": 0.6531654868773517, ""p_observed"": 0.8265827434386758, ""prior_probability"": 0.4, ""score"": 0.6531654868773517}, ""gender=Male"": {""alpha"": 1.0, ""margin"": 0.5604321844951488, ""p_observed"": 0.7802160922475744, ""prior_probability"": 0.6, ""score"": 0.5604321844951488}}","{""gender=Female"": {""alpha"": 0.0, ""margin"": 0.6531654868773517, ""p_observed"": 0.8265827434386758, ""prior_probability"": 0.4, ""score"": -0.916290731874155}, ""gender=Male"": {""alpha"": 0.0, ""margin"": 0.5604321844951488, ""p_observed"": 0.7802160922475744, ""prior_probability"": 0.6, ""score"": -0.5108256237659907}}"
408,Male,White,gender=Male,>50K,"{""age"": ""39"", ""workclass"": ""Self-emp-inc"", ""fnlwgt"": ""172538"", ""education"": ""Bachelors"", ""educational-num"": ""13"", ""marital-status"": ""Married-civ-spouse"", ""occupation"": ""Prof-specialty"", ""relationship"": ""Husband"", ""race"": ""White"", ""capital-gain"": ""0"", ""capital-loss"": ""0"", ""hours-per-week"": ""50"", ""native-country"": ""United-States""}",gender=Male,gender=Male,gender=Male,,gender=Male,gender=Male,gender=Male,0,>50K | Husband | Married-civ-spouse | Bachelors | Self-emp-inc,2,2,"{""gender=Female"": "">50K"", ""gender=Male"": "">50K""}","{""gender=Female"": {""alpha"": 1.0, ""margin"": 0.23563314418107012, ""p_observed"": 0.6178165720905351, ""prior_probability"": 0.0029069767441860465, ""score"": 0.6178165720905351}, ""gender=Male"": {""alpha"": 1.0, ""margin"": 0.3919312131042381, ""p_observed"": 0.6959656065521189, ""prior_probability"": 0.997093023255814, ""score"": 0.6959656065521189}}","{""gender=Female"": {""alpha"": 1.0, ""margin"": 0.23563314418107012, ""p_observed"": 0.6178165720905351, ""prior_probability"": 0.0029069767441860465, ""score"": 0.23563314418107012}, ""gender=Male"": {""alpha"": 1.0, ""margin"": 0.3919312131042381, ""p_observed"": 0.6959656065521189, ""prior_probability"": 0.997093023255814, ""score"": 0.3919312131042381}}","{""gender=Female"": {""alpha"": 0.0, ""margin"": 0.23563314418107012, ""p_observed"": 0.6178165720905351, ""prior_probability"": 0.0029069767441860465, ""score"": -5.840641657373398}, ""gender=Male"": {""alpha"": 0.0, ""margin"": 0.3919312131042381, ""p_observed"": 0.6959656065521189, ""prior_probability"": 0.997093023255814, ""score"": -0.0029112102074584415}}"
409,Female,White,gender=Female,<=50K,"{""age"": ""23"", ""workclass"": ""Local-gov"", ""fnlwgt"": ""442359"", ""education"": ""Bachelors"", ""educational-num"": ""13"", ""marital-status"": ""Never-married"", ""occupation"": ""Prof-specialty"", ""relationship"": ""Not-in-family"", ""race"": ""White"", ""capital-gain"": ""0"", ""capital-loss"": ""1092"", ""hours-per-week"": ""40"", ""native-country"": ""United-States""}",gender=Male,gender=Female,gender=Female,,gender=Female,gender=Female,gender=Female,0,<=50K | Not-in-family | Never-married | Bachelors | Local-gov,2,2,"{""gender=Female"": ""<=50K"", ""gender=Male"": ""<=50K""}","{""gender=Female"": {""alpha"": 1.0, ""margin"": 0.9113247816204453, ""p_observed"": 0.9556623908102226, ""prior_probability"": 0.5366666666666666, ""score"": 0.9556623908102226}, ""gender=Male"": {""alpha"": 1.0, ""margin"": 0.8677541954067414, ""p_observed"": 0.9338770977033706, ""prior_probability"": 0.4633333333333333, ""score"": 0.9338770977033706}}","{""gender=Female"": {""alpha"": 1.0, ""margin"": 0.9113247816204453, ""p_observed"": 0.9556623908102226, ""prior_probability"": 0.5366666666666666, ""score"": 0.9113247816204453}, ""gender=Male"": {""alpha"": 1.0, ""margin"": 0.8677541954067414, ""p_observed"": 0.9338770977033706, ""prior_probability"": 0.4633333333333333, ""score"": 0.8677541954067414}}","{""gender=Female"": {""alpha"": 0.0, ""margin"": 0.9113247816204453, ""p_observed"": 0.9556623908102226, ""prior_probability"": 0.5366666666666666, ""score"": -0.6223781096717381}, ""gender=Male"": {""alpha"": 0.0, ""margin"": 0.8677541954067414, ""p_observed"": 0.9338770977033706, ""prior_probability"": 0.4633333333333333, ""score"": -0.7693085415255093}}"
410,Male,White,gender=Male,>50K,"{""age"": ""44"", ""workclass"": ""Private"", ""fnlwgt"": ""43711"", ""education"": ""Assoc-acdm"", ""educational-num"": ""12"", ""marital-status"": ""Married-civ-spouse"", ""occupation"": ""Sales"", ""relationship"": ""Husband"", ""race"": ""White"", ""capital-gain"": ""7688"", ""capital-loss"": ""0"", ""hours-per-week"": ""40"", ""native-country"": ""United-States""}",gender=Male,gender=Male,gender=Male,,gender=Male,gender=Male,gender=Male,0,>50K | Husband | Married-civ-spouse | Assoc-acdm | Private,2,2,"{""gender=Female"": "">50K"", ""gender=Male"": "">50K""}","{""gender=Female"": {""alpha"": 1.0, ""margin"": 0.47777980733804604, ""p_observed"": 0.7388899036690231, ""prior_probability"": 0.027777777777777776, ""score"": 0.7388899036690231}, ""gender=Male"": {""alpha"": 1.0, ""margin"": 0.691465505432027, ""p_observed"": 0.8457327527160136, ""prior_probability"": 0.9722222222222222, ""score"": 0.8457327527160136}}","{""gender=Female"": {""alpha"": 1.0, ""margin"": 0.47777980733804604, ""p_observed"": 0.7388899036690231, ""prior_probability"": 0.027777777777777776, ""score"": 0.47777980733804604}, ""gender=Male"": {""alpha"": 1.0, ""margin"": 0.691465505432027, ""p_observed"": 0.8457327527160136, ""prior_probability"": 0.9722222222222222, ""score"": 0.691465505432027}}","{""gender=Female"": {""alpha"": 0.0, ""margin"": 0.47777980733804604, ""p_observed"": 0.7388899036690231, ""prior_probability"": 0.027777777777777776, ""score"": -3.58351893845611}, ""gender=Male"": {""alpha"": 0.0, ""margin"": 0.691465505432027, ""p_observed"": 0.8457327527160136, ""prior_probability"": 0.9722222222222222, ""score"": -0.028170876966696335}}"
411,Male,White,gender=Male,<=50K,"{""age"": ""66"", ""workclass"": ""Private"", ""fnlwgt"": ""174491"", ""education"": ""HS-grad"", ""educational-num"": ""9"", ""marital-status"": ""Married-civ-spouse"", ""occupation"": ""Handlers-cleaners"", ""relationship"": ""Husband"", ""race"": ""White"", ""capital-gain"": ""0"", ""capital-loss"": ""0"", ""hours-per-week"": ""40"", ""native-country"": ""United-States""}",gender=Male,gender=Male,gender=Male,,gender=Female,gender=Female,gender=Male,0,<=50K | Husband | Married-civ-spouse | HS-grad | Private,2,2,"{""gender=Female"": ""<=50K"", ""gender=Male"": ""<=50K""}","{""gender=Female"": {""alpha"": 1.0, ""margin"": 0.5037783748109186, ""p_observed"": 0.7518891874054592, ""prior_probability"": 0.006666666666666667, ""score"": 0.7518891874054592}, ""gender=Male"": {""alpha"": 1.0, ""margin"": 0.44837180698643103, ""p_observed"": 0.7241859034932154, ""prior_probability"": 0.9933333333333333, ""score"": 0.7241859034932154}}","{""gender=Female"": {""alpha"": 1.0, ""margin"": 0.5037783748109186, ""p_observed"": 0.7518891874054592, ""prior_probability"": 0.006666666666666667, ""score"": 0.5037783748109186}, ""gender=Male"": {""alpha"": 1.0, ""margin"": 0.44837180698643103, ""p_observed"": 0.7241859034932154, ""prior_probability"": 0.9933333333333333, ""score"": 0.44837180698643103}}","{""gender=Female"": {""alpha"": 0.0, ""margin"": 0.5037783748109186, ""p_observed"": 0.7518891874054592, ""prior_probability"": 0.006666666666666667, ""score"": -5.0106352940962555}, ""gender=Male"": {""alpha"": 0.0, ""margin"": 0.44837180698643103, ""p_observed"": 0.7241859034932154, ""prior_probability"": 0.9933333333333333, ""score"": -0.006688988150796652}}"
412,Male,Asian-Pac-Islander,gender=Male,<=50K,"{""age"": ""32"", ""workclass"": ""Private"", ""fnlwgt"": ""31740"", ""education"": ""Masters"", ""educational-num"": ""14"", ""marital-status"": ""Married-civ-spouse"", ""occupation"": ""Prof-specialty"", ""relationship"": ""Husband"", ""race"": ""Asian-Pac-Islander"", ""capital-gain"": ""0"", ""capital-loss"": ""0"", ""hours-per-week"": ""40"", ""native-country"": ""India""}",gender=Male,gender=Male,gender=Male,,gender=Female,gender=Female,gender=Male,0,<=50K | Husband | Married-civ-spouse | Masters | Private,2,2,"{""gender=Female"": "">50K"", ""gender=Male"": "">50K""}","{""gender=Female"": {""alpha"": 1.0, ""margin"": -0.019807100550876422, ""p_observed"": 0.4900964497245618, ""prior_probability"": 0.009900990099009901, ""score"": 0.4900964497245618}, ""gender=Male"": {""alpha"": 1.0, ""margin"": -0.08564347813323159, ""p_observed"": 0.4571782609333842, ""prior_probability"": 0.9900990099009901, ""score"": 0.4571782609333842}}","{""gender=Female"": {""alpha"": 1.0, ""margin"": -0.019807100550876422, ""p_observed"": 0.4900964497245618, ""prior_probability"": 0.009900990099009901, ""score"": -0.019807100550876422}, ""gender=Male"": {""alpha"": 1.0, ""margin"": -0.08564347813323159, ""p_observed"": 0.4571782609333842, ""prior_probability"": 0.9900990099009901, ""score"": -0.08564347813323159}}","{""gender=Female"": {""alpha"": 0.0, ""margin"": -0.019807100550876422, ""p_observed"": 0.4900964497245618, ""prior_probability"": 0.009900990099009901, ""score"": -4.61512051684126}, ""gender=Male"": {""alpha"": 0.0, ""margin"": -0.08564347813323159, ""p_observed"": 0.4571782609333842, ""prior_probability"": 0.9900990099009901, ""score"": -0.009950330853168092}}"
413,Female,White,gender=Female,>50K,"{""age"": ""53"", ""workclass"": ""Local-gov"", ""fnlwgt"": ""205005"", ""education"": ""Bachelors"", ""educational-num"": ""13"", ""marital-status"": ""Married-civ-spouse"", ""occupation"": ""Prof-specialty"", ""relationship"": ""Wife"", ""race"": ""White"", ""capital-gain"": ""0"", ""capital-loss"": ""0"", ""hours-per-week"": ""60"", ""native-country"": ""United-States""}",gender=Male,gender=Female,gender=Female,,gender=Female,gender=Female,gender=Female,0,>50K | Wife | Married-civ-spouse | Bachelors | Local-gov,2,2,"{""gender=Female"": "">50K"", ""gender=Male"": "">50K""}","{""gender=Female"": {""alpha"": 1.0, ""margin"": 0.24389661283883585, ""p_observed"": 0.6219483064194179, ""prior_probability"": 0.9871794871794872, ""score"": 0.6219483064194179}, ""gender=Male"": {""alpha"": 1.0, ""margin"": 0.1434431289241036, ""p_observed"": 0.5717215644620518, ""prior_probability"": 0.01282051282051282, ""score"": 0.5717215644620518}}","{""gender=Female"": {""alpha"": 1.0, ""margin"": 0.24389661283883585, ""p_observed"": 0.6219483064194179, ""prior_probability"": 0.9871794871794872, ""score"": 0.24389661283883585}, ""gender=Male"": {""alpha"": 1.0, ""margin"": 0.1434431289241036, ""p_observed"": 0.5717215644620518, ""prior_probability"": 0.01282051282051282, ""score"": 0.1434431289241036}}","{""gender=Female"": {""alpha"": 0.0, ""margin"": 0.24389661283883585, ""p_observed"": 0.6219483064194179, ""prior_probability"": 0.9871794871794872, ""score"": -0.012903404835907841}, ""gender=Male"": {""alpha"": 0.0, ""margin"": 0.1434431289241036, ""p_observed"": 0.5717215644620518, ""prior_probability"": 0.01282051282051282, ""score"": -4.356708826689592}}"
414,Male,White,gender=Male,<=50K,"{""age"": ""21"", ""workclass"": ""Private"", ""fnlwgt"": ""50411"", ""education"": ""HS-grad"", ""educational-num"": ""9"", ""marital-status"": ""Never-married"", ""occupation"": ""Farming-fishing"", ""relationship"": ""Not-in-family"", ""race"": ""White"", ""capital-gain"": ""0"", ""capital-loss"": ""0"", ""hours-per-week"": ""40"", ""native-country"": ""United-States""}",gender=Male,gender=Male,gender=Male,gender=Male,gender=Female,gender=Female,gender=Male,1,<=50K | Not-in-family | Never-married | HS-grad | Private,2,2,"{""gender=Female"": ""<=50K"", ""gender=Male"": ""<=50K""}","{""gender=Female"": {""alpha"": 1.0, ""margin"": 0.9776786140304892, ""p_observed"": 0.9888393070152445, ""prior_probability"": 0.03333333333333333, ""score"": 0.9888393070152445}, ""gender=Male"": {""alpha"": 1.0, ""margin"": 0.97266473730239, ""p_observed"": 0.9863323686511947, ""prior_probability"": 0.9666666666666667, ""score"": 0.9863323686511947}}","{""gender=Female"": {""alpha"": 1.0, ""margin"": 0.9776786140304892, ""p_observed"": 0.9888393070152445, ""prior_probability"": 0.03333333333333333, ""score"": 0.9776786140304892}, ""gender=Male"": {""alpha"": 1.0, ""margin"": 0.97266473730239, ""p_observed"": 0.9863323686511947, ""prior_probability"": 0.9666666666666667, ""score"": 0.97266473730239}}","{""gender=Female"": {""alpha"": 0.0, ""margin"": 0.9776786140304892, ""p_observed"": 0.9888393070152445, ""prior_probability"": 0.03333333333333333, ""score"": -3.4011973816621555}, ""gender=Male"": {""alpha"": 0.0, ""margin"": 0.97266473730239, ""p_observed"": 0.9863323686511947, ""prior_probability"": 0.9666666666666667, ""score"": -0.03390155167568134}}"
415,Male,White,gender=Male,<=50K,"{""age"": ""63"", ""workclass"": ""Private"", ""fnlwgt"": ""122442"", ""education"": ""12th"", ""educational-num"": ""8"", ""marital-status"": ""Married-civ-spouse"", ""occupation"": ""Craft-repair"", ""relationship"": ""Husband"", ""race"": ""White"", ""capital-gain"": ""0"", ""capital-loss"": ""0"", ""hours-per-week"": ""40"", ""native-country"": ""United-States""}",gender=Male,gender=Male,gender=Male,,gender=Female,gender=Female,gender=Male,0,<=50K | Husband | Married-civ-spouse | 12th | Private,2,2,"{""gender=Female"": ""<=50K"", ""gender=Male"": ""<=50K""}","{""gender=Female"": {""alpha"": 1.0, ""margin"": 0.5448155328024268, ""p_observed"": 0.7724077664012132, ""prior_probability"": 0.043478260869565216, ""score"": 0.7724077664012132}, ""gender=Male"": {""alpha"": 1.0, ""margin"": 0.5364622892091562, ""p_observed"": 0.768231144604578, ""prior_probability"": 0.9565217391304348, ""score"": 0.768231144604578}}","{""gender=Female"": {""alpha"": 1.0, ""margin"": 0.5448155328024268, ""p_observed"": 0.7724077664012132, ""prior_probability"": 0.043478260869565216, ""score"": 0.5448155328024268}, ""gender=Male"": {""alpha"": 1.0, ""margin"": 0.5364622892091562, ""p_observed"": 0.768231144604578, ""prior_probability"": 0.9565217391304348, ""score"": 0.5364622892091562}}","{""gender=Female"": {""alpha"": 0.0, ""margin"": 0.5448155328024268, ""p_observed"": 0.7724077664012132, ""prior_probability"": 0.043478260869565216, ""score"": -3.1354942159291497}, ""gender=Male"": {""alpha"": 0.0, ""margin"": 0.5364622892091562, ""p_observed"": 0.768231144604578, ""prior_probability"": 0.9565217391304348, ""score"": -0.04445176257083381}}"
416,Female,White,gender=Female,<=50K,"{""age"": ""40"", ""workclass"": ""Local-gov"", ""fnlwgt"": ""165726"", ""education"": ""Assoc-voc"", ""educational-num"": ""11"", ""marital-status"": ""Divorced"", ""occupation"": ""Exec-managerial"", ""relationship"": ""Unmarried"", ""race"": ""White"", ""capital-gain"": ""0"", ""capital-loss"": ""0"", ""hours-per-week"": ""40"", ""native-country"": ""United-States""}",gender=Male,gender=Female,gender=Female,,gender=Female,gender=Female,gender=Female,0,<=50K | Unmarried | Divorced | Assoc-voc | Local-gov,2,2,"{""gender=Female"": ""<=50K"", ""gender=Male"": ""<=50K""}","{""gender=Female"": {""alpha"": 1.0, ""margin"": 0.9015202626142957, ""p_observed"": 0.9507601313071479, ""prior_probability"": 0.7333333333333333, ""score"": 0.9507601313071479}, ""gender=Male"": {""alpha"": 1.0, ""margin"": 0.7557631824423345, ""p_observed"": 0.8778815912211672, ""prior_probability"": 0.26666666666666666, ""score"": 0.8778815912211672}}","{""gender=Female"": {""alpha"": 1.0, ""margin"": 0.9015202626142957, ""p_observed"": 0.9507601313071479, ""prior_probability"": 0.7333333333333333, ""score"": 0.9015202626142957}, ""gender=Male"": {""alpha"": 1.0, ""margin"": 0.7557631824423345, ""p_observed"": 0.8778815912211672, ""prior_probability"": 0.26666666666666666, ""score"": 0.7557631824423345}}","{""gender=Female"": {""alpha"": 0.0, ""margin"": 0.9015202626142957, ""p_observed"": 0.9507601313071479, ""prior_probability"": 0.7333333333333333, ""score"": -0.3101549283038396}, ""gender=Male"": {""alpha"": 0.0, ""margin"": 0.7557631824423345, ""p_observed"": 0.8778815912211672, ""prior_probability"": 0.26666666666666666, ""score"": -1.3217558399823195}}"
417,Male,White,gender=Male,<=50K,"{""age"": ""60"", ""workclass"": ""Private"", ""fnlwgt"": ""142922"", ""education"": ""HS-grad"", ""educational-num"": ""9"", ""marital-status"": ""Married-civ-spouse"", ""occupation"": ""Craft-repair"", ""relationship"": ""Husband"", ""race"": ""White"", ""capital-gain"": ""0"", ""capital-loss"": ""0"", ""hours-per-week"": ""50"", ""native-country"": ""United-States""}",gender=Male,gender=Male,gender=Male,,gender=Female,gender=Female,gender=Male,0,<=50K | Husband | Married-civ-spouse | HS-grad | Private,2,2,"{""gender=Female"": ""<=50K"", ""gender=Male"": ""<=50K""}","{""gender=Female"": {""alpha"": 1.0, ""margin"": 0.36059271182635183, ""p_observed"": 0.6802963559131756, ""prior_probability"": 0.001364256480218281, ""score"": 0.6802963559131756}, ""gender=Male"": {""alpha"": 1.0, ""margin"": 0.292642932201721, ""p_observed"": 0.6463214661008604, ""prior_probability"": 0.9986357435197817, ""score"": 0.6463214661008604}}","{""gender=Female"": {""alpha"": 1.0, ""margin"": 0.36059271182635183, ""p_observed"": 0.6802963559131756, ""prior_probability"": 0.001364256480218281, ""score"": 0.36059271182635183}, ""gender=Male"": {""alpha"": 1.0, ""margin"": 0.292642932201721, ""p_observed"": 0.6463214661008604, ""prior_probability"": 0.9986357435197817, ""score"": 0.292642932201721}}","{""gender=Female"": {""alpha"": 0.0, ""margin"": 0.36059271182635183, ""p_observed"": 0.6802963559131756, ""prior_probability"": 0.001364256480218281, ""score"": -6.597145701886651}, ""gender=Male"": {""alpha"": 0.0, ""margin"": 0.292642932201721, ""p_observed"": 0.6463214661008604, ""prior_probability"": 0.9986357435197817, ""score"": -0.00136518792533997}}"
418,Female,White,gender=Female,>50K,"{""age"": ""52"", ""workclass"": ""Self-emp-not-inc"", ""fnlwgt"": ""284648"", ""education"": ""HS-grad"", ""educational-num"": ""9"", ""marital-status"": ""Divorced"", ""occupation"": ""Exec-managerial"", ""relationship"": ""Unmarried"", ""race"": ""White"", ""capital-gain"": ""0"", ""capital-loss"": ""0"", ""hours-per-week"": ""99"", ""native-country"": ""United-States""}",gender=Male,gender=Female,gender=Female,,gender=Male,gender=Male,gender=Female,0,>50K | Unmarried | Divorced | HS-grad | Self-emp-not-inc,2,2,"{""gender=Female"": ""<=50K"", ""gender=Male"": ""<=50K""}","{""gender=Female"": {""alpha"": 1.0, ""margin"": -0.7143790349422325, ""p_observed"": 0.14281048252888368, ""prior_probability"": 0.8181818181818182, ""score"": 0.14281048252888368}, ""gender=Male"": {""alpha"": 1.0, ""margin"": -0.6007953813769522, ""p_observed"": 0.19960230931152387, ""prior_probability"": 0.18181818181818182, ""score"": 0.19960230931152387}}","{""gender=Female"": {""alpha"": 1.0, ""margin"": -0.7143790349422325, ""p_observed"": 0.14281048252888368, ""prior_probability"": 0.8181818181818182, ""score"": -0.7143790349422325}, ""gender=Male"": {""alpha"": 1.0, ""margin"": -0.6007953813769522, ""p_observed"": 0.19960230931152387, ""prior_probability"": 0.18181818181818182, ""score"": -0.6007953813769522}}","{""gender=Female"": {""alpha"": 0.0, ""margin"": -0.7143790349422325, ""p_observed"": 0.14281048252888368, ""prior_probability"": 0.8181818181818182, ""score"": -0.2006706954621511}, ""gender=Male"": {""alpha"": 0.0, ""margin"": -0.6007953813769522, ""p_observed"": 0.19960230931152387, ""prior_probability"": 0.18181818181818182, ""score"": -1.7047480922384253}}"
419,Female,White,gender=Female,<=50K,"{""age"": ""46"", ""workclass"": ""Private"", ""fnlwgt"": ""188027"", ""education"": ""Some-college"", ""educational-num"": ""10"", ""marital-status"": ""Never-married"", ""occupation"": ""Exec-managerial"", ""relationship"": ""Unmarried"", ""race"": ""White"", ""capital-gain"": ""0"", ""capital-loss"": ""0"", ""hours-per-week"": ""45"", ""native-country"": ""United-States""}",gender=Male,gender=Female,gender=Female,,gender=Female,gender=Female,gender=Female,0,<=50K | Unmarried | Never-married | Some-college | Private,2,2,"{""gender=Female"": ""<=50K"", ""gender=Male"": ""<=50K""}","{""gender=Female"": {""alpha"": 1.0, ""margin"": 0.8659890581345879, ""p_observed"": 0.9329945290672939, ""prior_probability"": 0.5833333333333334, ""score"": 0.9329945290672939}, ""gender=Male"": {""alpha"": 1.0, ""margin"": 0.7175153146051167, ""p_observed"": 0.8587576573025583, ""prior_probability"": 0.4166666666666667, ""score"": 0.8587576573025583}}","{""gender=Female"": {""alpha"": 1.0, ""margin"": 0.8659890581345879, ""p_observed"": 0.9329945290672939, ""prior_probability"": 0.5833333333333334, ""score"": 0.8659890581345879}, ""gender=Male"": {""alpha"": 1.0, ""margin"": 0.7175153146051167, ""p_observed"": 0.8587576573025583, ""prior_probability"": 0.4166666666666667, ""score"": 0.7175153146051167}}","{""gender=Female"": {""alpha"": 0.0, ""margin"": 0.8659890581345879, ""p_observed"": 0.9329945290672939, ""prior_probability"": 0.5833333333333334, ""score"": -0.5389965007326869}, ""gender=Male"": {""alpha"": 0.0, ""margin"": 0.7175153146051167, ""p_observed"": 0.8587576573025583, ""prior_probability"": 0.4166666666666667, ""score"": -0.8754687373538999}}"
420,Female,White,gender=Female,<=50K,"{""age"": ""38"", ""workclass"": ""Private"", ""fnlwgt"": ""193372"", ""education"": ""Some-college"", ""educational-num"": ""10"", ""marital-status"": ""Never-married"", ""occupation"": ""Exec-managerial"", ""relationship"": ""Own-child"", ""race"": ""White"", ""capital-gain"": ""0"", ""capital-loss"": ""0"", ""hours-per-week"": ""40"", ""native-country"": ""United-States""}",gender=Male,gender=Male,gender=Male,gender=Male,gender=Female,gender=Female,gender=Male,1,<=50K | Own-child | Never-married | Some-college | Private,2,2,"{""gender=Female"": ""<=50K"", ""gender=Male"": ""<=50K""}","{""gender=Female"": {""alpha"": 1.0, ""margin"": 0.9396602221131908, ""p_observed"": 0.9698301110565952, ""prior_probability"": 0.4, ""score"": 0.9698301110565952}, ""gender=Male"": {""alpha"": 1.0, ""margin"": 0.9287393012444733, ""p_observed"": 0.9643696506222363, ""prior_probability"": 0.6, ""score"": 0.9643696506222363}}","{""gender=Female"": {""alpha"": 1.0, ""margin"": 0.9396602221131908, ""p_observed"": 0.9698301110565952, ""prior_probability"": 0.4, ""score"": 0.9396602221131908}, ""gender=Male"": {""alpha"": 1.0, ""margin"": 0.9287393012444733, ""p_observed"": 0.9643696506222363, ""prior_probability"": 0.6, ""score"": 0.9287393012444733}}","{""gender=Female"": {""alpha"": 0.0, ""margin"": 0.9396602221131908, ""p_observed"": 0.9698301110565952, ""prior_probability"": 0.4, ""score"": -0.916290731874155}, ""gender=Male"": {""alpha"": 0.0, ""margin"": 0.9287393012444733, ""p_observed"": 0.9643696506222363, ""prior_probability"": 0.6, ""score"": -0.5108256237659907}}"
421,Male,White,gender=Male,<=50K,"{""age"": ""39"", ""workclass"": ""Private"", ""fnlwgt"": ""165743"", ""education"": ""9th"", ""educational-num"": ""5"", ""marital-status"": ""Married-civ-spouse"", ""occupation"": ""Handlers-cleaners"", ""relationship"": ""Husband"", ""race"": ""White"", ""capital-gain"": ""0"", ""capital-loss"": ""0"", ""hours-per-week"": ""40"", ""native-country"": ""United-States""}",gender=Male,gender=Male,gender=Male,,gender=Female,gender=Female,gender=Male,0,<=50K | Husband | Married-civ-spouse | 9th | Private,2,2,"{""gender=Female"": ""<=50K"", ""gender=Male"": ""<=50K""}","{""gender=Female"": {""alpha"": 1.0, ""margin"": 0.6660547042051007, ""p_observed"": 0.8330273521025504, ""prior_probability"": 0.06666666666666667, ""score"": 0.8330273521025504}, ""gender=Male"": {""alpha"": 1.0, ""margin"": 0.6500491412127481, ""p_observed"": 0.825024570606374, ""prior_probability"": 0.9333333333333333, ""score"": 0.825024570606374}}","{""gender=Female"": {""alpha"": 1.0, ""margin"": 0.6660547042051007, ""p_observed"": 0.8330273521025504, ""prior_probability"": 0.06666666666666667, ""score"": 0.6660547042051007}, ""gender=Male"": {""alpha"": 1.0, ""margin"": 0.6500491412127481, ""p_observed"": 0.825024570606374, ""prior_probability"": 0.9333333333333333, ""score"": 0.6500491412127481}}","{""gender=Female"": {""alpha"": 0.0, ""margin"": 0.6660547042051007, ""p_observed"": 0.8330273521025504, ""prior_probability"": 0.06666666666666667, ""score"": -2.70805020110221}, ""gender=Male"": {""alpha"": 0.0, ""margin"": 0.6500491412127481, ""p_observed"": 0.825024570606374, ""prior_probability"": 0.9333333333333333, ""score"": -0.06899287148695143}}"
422,Male,White,gender=Male,>50K,"{""age"": ""36"", ""workclass"": ""Private"", ""fnlwgt"": ""29702"", ""education"": ""HS-grad"", ""educational-num"": ""9"", ""marital-status"": ""Married-civ-spouse"", ""occupation"": ""Sales"", ""relationship"": ""Husband"", ""race"": ""White"", ""capital-gain"": ""7688"", ""capital-loss"": ""0"", ""hours-per-week"": ""40"", ""native-country"": ""United-States""}",gender=Male,gender=Male,gender=Male,gender=Male,gender=Male,gender=Male,gender=Male,1,>50K | Husband | Married-civ-spouse | HS-grad | Private,2,2,"{""gender=Female"": "">50K"", ""gender=Male"": "">50K""}","{""gender=Female"": {""alpha"": 1.0, ""margin"": 0.3613238258143381, ""p_observed"": 0.680661912907169, ""prior_probability"": 0.006711409395973154, ""score"": 0.680661912907169}, ""gender=Male"": {""alpha"": 1.0, ""margin"": 0.594595246257764, ""p_observed"": 0.797297623128882, ""prior_probability"": 0.9932885906040269, ""score"": 0.797297623128882}}","{""gender=Female"": {""alpha"": 1.0, ""margin"": 0.3613238258143381, ""p_observed"": 0.680661912907169, ""prior_probability"": 0.006711409395973154, ""score"": 0.3613238258143381}, ""gender=Male"": {""alpha"": 1.0, ""margin"": 0.594595246257764, ""p_observed"": 0.797297623128882, ""prior_probability"": 0.9932885906040269, ""score"": 0.594595246257764}}","{""gender=Female"": {""alpha"": 0.0, ""margin"": 0.3613238258143381, ""p_observed"": 0.680661912907169, ""prior_probability"": 0.006711409395973154, ""score"": -5.003946305945459}, ""gender=Male"": {""alpha"": 0.0, ""margin"": 0.594595246257764, ""p_observed"": 0.797297623128882, ""prior_probability"": 0.9932885906040269, ""score"": -0.006734032181344068}}"
423,Male,White,gender=Male,<=50K,"{""age"": ""31"", ""workclass"": ""Self-emp-not-inc"", ""fnlwgt"": ""213643"", ""education"": ""Masters"", ""educational-num"": ""14"", ""marital-status"": ""Divorced"", ""occupation"": ""Prof-specialty"", ""relationship"": ""Not-in-family"", ""race"": ""White"", ""capital-gain"": ""0"", ""capital-loss"": ""1590"", ""hours-per-week"": ""60"", ""native-country"": ""United-States""}",gender=Male,gender=Female,gender=Female,,gender=Female,gender=Female,gender=Female,0,<=50K | Not-in-family | Divorced | Masters | Self-emp-not-inc,2,2,"{""gender=Female"": ""<=50K"", ""gender=Male"": ""<=50K""}","{""gender=Female"": {""alpha"": 1.0, ""margin"": 0.509775658063365, ""p_observed"": 0.7548878290316824, ""prior_probability"": 0.64, ""score"": 0.7548878290316824}, ""gender=Male"": {""alpha"": 1.0, ""margin"": 0.3481177981535669, ""p_observed"": 0.6740588990767834, ""prior_probability"": 0.36, ""score"": 0.6740588990767834}}","{""gender=Female"": {""alpha"": 1.0, ""margin"": 0.509775658063365, ""p_observed"": 0.7548878290316824, ""prior_probability"": 0.64, ""score"": 0.509775658063365}, ""gender=Male"": {""alpha"": 1.0, ""margin"": 0.3481177981535669, ""p_observed"": 0.6740588990767834, ""prior_probability"": 0.36, ""score"": 0.3481177981535669}}","{""gender=Female"": {""alpha"": 0.0, ""margin"": 0.509775658063365, ""p_observed"": 0.7548878290316824, ""prior_probability"": 0.64, ""score"": -0.4462871026284195}, ""gender=Male"": {""alpha"": 0.0, ""margin"": 0.3481177981535669, ""p_observed"": 0.6740588990767834, ""prior_probability"": 0.36, ""score"": -1.0216512475319814}}"
424,Male,White,gender=Male,>50K,"{""age"": ""61"", ""workclass"": ""Private"", ""fnlwgt"": ""173924"", ""education"": ""9th"", ""educational-num"": ""5"", ""marital-status"": ""Divorced"", ""occupation"": ""Handlers-cleaners"", ""relationship"": ""Not-in-family"", ""race"": ""White"", ""capital-gain"": ""0"", ""capital-loss"": ""0"", ""hours-per-week"": ""40"", ""native-country"": ""Puerto-Rico""}",gender=Male,gender=Male,gender=Male,,gender=Male,gender=Male,gender=Male,0,>50K | Not-in-family | Divorced | 9th | Private,2,2,"{""gender=Female"": ""<=50K"", ""gender=Male"": ""<=50K""}","{""gender=Female"": {""alpha"": 1.0, ""margin"": -0.9103382345446003, ""p_observed"": 0.044830882727699764, ""prior_probability"": 0.3269961977186312, ""score"": 0.044830882727699764}, ""gender=Male"": {""alpha"": 1.0, ""margin"": -0.8779743438334296, ""p_observed"": 0.06101282808328525, ""prior_probability"": 0.6730038022813688, ""score"": 0.06101282808328525}}","{""gender=Female"": {""alpha"": 1.0, ""margin"": -0.9103382345446003, ""p_observed"": 0.044830882727699764, ""prior_probability"": 0.3269961977186312, ""score"": -0.9103382345446003}, ""gender=Male"": {""alpha"": 1.0, ""margin"": -0.8779743438334296, ""p_observed"": 0.06101282808328525, ""prior_probability"": 0.6730038022813688, ""score"": -0.8779743438334296}}","{""gender=Female"": {""alpha"": 0.0, ""margin"": -0.9103382345446003, ""p_observed"": 0.044830882727699764, ""prior_probability"": 0.3269961977186312, ""score"": -1.1178067359242567}, ""gender=Male"": {""alpha"": 0.0, ""margin"": -0.8779743438334296, ""p_observed"": 0.06101282808328525, ""prior_probability"": 0.6730038022813688, ""score"": -0.39600429960393546}}"
425,Male,White,gender=Male,<=50K,"{""age"": ""32"", ""workclass"": ""Private"", ""fnlwgt"": ""129020"", ""education"": ""HS-grad"", ""educational-num"": ""9"", ""marital-status"": ""Married-civ-spouse"", ""occupation"": ""Exec-managerial"", ""relationship"": ""Husband"", ""race"": ""White"", ""capital-gain"": ""0"", ""capital-loss"": ""0"", ""hours-per-week"": ""40"", ""native-country"": ""United-States""}",gender=Male,gender=Male,gender=Male,,gender=Female,gender=Female,gender=Male,0,<=50K | Husband | Married-civ-spouse | HS-grad | Private,2,2,"{""gender=Female"": ""<=50K"", ""gender=Male"": ""<=50K""}","{""gender=Female"": {""alpha"": 1.0, ""margin"": 0.41374427204316594, ""p_observed"": 0.7068721360215829, ""prior_probability"": 0.0058823529411764705, ""score"": 0.7068721360215829}, ""gender=Male"": {""alpha"": 1.0, ""margin"": 0.20327706407195695, ""p_observed"": 0.6016385320359785, ""prior_probability"": 0.9941176470588236, ""score"": 0.6016385320359785}}","{""gender=Female"": {""alpha"": 1.0, ""margin"": 0.41374427204316594, ""p_observed"": 0.7068721360215829, ""prior_probability"": 0.0058823529411764705, ""score"": 0.41374427204316594}, ""gender=Male"": {""alpha"": 1.0, ""margin"": 0.20327706407195695, ""p_observed"": 0.6016385320359785, ""prior_probability"": 0.9941176470588236, ""score"": 0.20327706407195695}}","{""gender=Female"": {""alpha"": 0.0, ""margin"": 0.41374427204316594, ""p_observed"": 0.7068721360215829, ""prior_probability"": 0.0058823529411764705, ""score"": -5.135798437050262}, ""gender=Male"": {""alpha"": 0.0, ""margin"": 0.20327706407195695, ""p_observed"": 0.6016385320359785, ""prior_probability"": 0.9941176470588236, ""score"": -0.005899722127188271}}"
426,Female,White,gender=Female,<=50K,"{""age"": ""17"", ""workclass"": ""Private"", ""fnlwgt"": ""95799"", ""education"": ""11th"", ""educational-num"": ""7"", ""marital-status"": ""Never-married"", ""occupation"": ""Sales"", ""relationship"": ""Own-child"", ""race"": ""White"", ""capital-gain"": ""0"", ""capital-loss"": ""0"", ""hours-per-week"": ""18"", ""native-country"": ""United-States""}",gender=Male,gender=Female,gender=Female,,gender=Female,gender=Female,gender=Female,0,<=50K | Own-child | Never-married | 11th | Private,2,2,"{""gender=Female"": ""<=50K"", ""gender=Male"": ""<=50K""}","{""gender=Female"": {""alpha"": 1.0, ""margin"": 0.9948585721694424, ""p_observed"": 0.9974292860847213, ""prior_probability"": 0.726027397260274, ""score"": 0.9974292860847213}, ""gender=Male"": {""alpha"": 1.0, ""margin"": 0.9932589027052943, ""p_observed"": 0.996629451352647, ""prior_probability"": 0.273972602739726, ""score"": 0.996629451352647}}","{""gender=Female"": {""alpha"": 1.0, ""margin"": 0.9948585721694424, ""p_observed"": 0.9974292860847213, ""prior_probability"": 0.726027397260274, ""score"": 0.9948585721694424}, ""gender=Male"": {""alpha"": 1.0, ""margin"": 0.9932589027052943, ""p_observed"": 0.996629451352647, ""prior_probability"": 0.273972602739726, ""score"": 0.9932589027052943}}","{""gender=Female"": {""alpha"": 0.0, ""margin"": 0.9948585721694424, ""p_observed"": 0.9974292860847213, ""prior_probability"": 0.726027397260274, ""score"": -0.32016752759626926}, ""gender=Male"": {""alpha"": 0.0, ""margin"": 0.9932589027052943, ""p_observed"": 0.996629451352647, ""prior_probability"": 0.273972602739726, ""score"": -1.2947271675944}}"
427,Female,White,gender=Female,<=50K,"{""age"": ""31"", ""workclass"": ""Private"", ""fnlwgt"": ""243678"", ""education"": ""Bachelors"", ""educational-num"": ""13"", ""marital-status"": ""Never-married"", ""occupation"": ""Exec-managerial"", ""relationship"": ""Not-in-family"", ""race"": ""White"", ""capital-gain"": ""0"", ""capital-loss"": ""0"", ""hours-per-week"": ""40"", ""native-country"": ""United-States""}",gender=Male,gender=Female,gender=Female,,gender=Female,gender=Female,gender=Female,0,<=50K | Not-in-family | Never-married | Bachelors | Private,2,2,"{""gender=Female"": ""<=50K"", ""gender=Male"": ""<=50K""}","{""gender=Female"": {""alpha"": 1.0, ""margin"": 0.8127549933282057, ""p_observed"": 0.9063774966641029, ""prior_probability"": 0.5403726708074534, ""score"": 0.9063774966641029}, ""gender=Male"": {""alpha"": 1.0, ""margin"": 0.72106360180163, ""p_observed"": 0.8605318009008149, ""prior_probability"": 0.45962732919254656, ""score"": 0.8605318009008149}}","{""gender=Female"": {""alpha"": 1.0, ""margin"": 0.8127549933282057, ""p_observed"": 0.9063774966641029, ""prior_probability"": 0.5403726708074534, ""score"": 0.8127549933282057}, ""gender=Male"": {""alpha"": 1.0, ""margin"": 0.72106360180163, ""p_observed"": 0.8605318009008149, ""prior_probability"": 0.45962732919254656, ""score"": 0.72106360180163}}","{""gender=Female"": {""alpha"": 0.0, ""margin"": 0.8127549933282057, ""p_observed"": 0.9063774966641029, ""prior_probability"": 0.5403726708074534, ""score"": -0.6154962463298792}, ""gender=Male"": {""alpha"": 0.0, ""margin"": 0.72106360180163, ""p_observed"": 0.8605318009008149, ""prior_probability"": 0.45962732919254656, ""score"": -0.7773392717802933}}"
428,Male,White,gender=Male,<=50K,"{""age"": ""18"", ""workclass"": ""Private"", ""fnlwgt"": ""168740"", ""education"": ""11th"", ""educational-num"": ""7"", ""marital-status"": ""Never-married"", ""occupation"": ""Handlers-cleaners"", ""relationship"": ""Own-child"", ""race"": ""White"", ""capital-gain"": ""0"", ""capital-loss"": ""0"", ""hours-per-week"": ""30"", ""native-country"": ""United-States""}",gender=Male,gender=Male,gender=Male,,gender=Female,gender=Female,gender=Male,0,<=50K | Own-child | Never-married | 11th | Private,2,2,"{""gender=Female"": ""<=50K"", ""gender=Male"": ""<=50K""}","{""gender=Female"": {""alpha"": 1.0, ""margin"": 0.9953970370635737, ""p_observed"": 0.9976985185317868, ""prior_probability"": 0.08888888888888889, ""score"": 0.9976985185317868}, ""gender=Male"": {""alpha"": 1.0, ""margin"": 0.9941822407160458, ""p_observed"": 0.9970911203580229, ""prior_probability"": 0.9111111111111111, ""score"": 0.9970911203580229}}","{""gender=Female"": {""alpha"": 1.0, ""margin"": 0.9953970370635737, ""p_observed"": 0.9976985185317868, ""prior_probability"": 0.08888888888888889, ""score"": 0.9953970370635737}, ""gender=Male"": {""alpha"": 1.0, ""margin"": 0.9941822407160458, ""p_observed"": 0.9970911203580229, ""prior_probability"": 0.9111111111111111, ""score"": 0.9941822407160458}}","{""gender=Female"": {""alpha"": 0.0, ""margin"": 0.9953970370635737, ""p_observed"": 0.9976985185317868, ""prior_probability"": 0.08888888888888889, ""score"": -2.4203681286504293}, ""gender=Male"": {""alpha"": 0.0, ""margin"": 0.9941822407160458, ""p_observed"": 0.9970911203580229, ""prior_probability"": 0.9111111111111111, ""score"": -0.09309042306601198}}"
429,Male,White,gender=Male,<=50K,"{""age"": ""40"", ""workclass"": ""Private"", ""fnlwgt"": ""203761"", ""education"": ""11th"", ""educational-num"": ""7"", ""marital-status"": ""Married-civ-spouse"", ""occupation"": ""Handlers-cleaners"", ""relationship"": ""Husband"", ""race"": ""White"", ""capital-gain"": ""0"", ""capital-loss"": ""0"", ""hours-per-week"": ""40"", ""native-country"": ""United-States""}",gender=Male,gender=Male,gender=Male,,gender=Male,gender=Male,gender=Male,0,<=50K | Husband | Married-civ-spouse | 11th | Private,2,2,"{""gender=Female"": ""<=50K"", ""gender=Male"": ""<=50K""}","{""gender=Female"": {""alpha"": 1.0, ""margin"": 0.6329952565027828, ""p_observed"": 0.8164976282513914, ""prior_probability"": 0.041666666666666664, ""score"": 0.8164976282513914}, ""gender=Male"": {""alpha"": 1.0, ""margin"": 0.6505850411622595, ""p_observed"": 0.8252925205811298, ""prior_probability"": 0.9583333333333334, ""score"": 0.8252925205811298}}","{""gender=Female"": {""alpha"": 1.0, ""margin"": 0.6329952565027828, ""p_observed"": 0.8164976282513914, ""prior_probability"": 0.041666666666666664, ""score"": 0.6329952565027828}, ""gender=Male"": {""alpha"": 1.0, ""margin"": 0.6505850411622595, ""p_observed"": 0.8252925205811298, ""prior_probability"": 0.9583333333333334, ""score"": 0.6505850411622595}}","{""gender=Female"": {""alpha"": 0.0, ""margin"": 0.6329952565027828, ""p_observed"": 0.8164976282513914, ""prior_probability"": 0.041666666666666664, ""score"": -3.1780538303479458}, ""gender=Male"": {""alpha"": 0.0, ""margin"": 0.6505850411622595, ""p_observed"": 0.8252925205811298, ""prior_probability"": 0.9583333333333334, ""score"": -0.04255961441879589}}"
430,Male,White,gender=Male,<=50K,"{""age"": ""39"", ""workclass"": ""Private"", ""fnlwgt"": ""107038"", ""education"": ""HS-grad"", ""educational-num"": ""9"", ""marital-status"": ""Never-married"", ""occupation"": ""Craft-repair"", ""relationship"": ""Own-child"", ""race"": ""White"", ""capital-gain"": ""0"", ""capital-loss"": ""0"", ""hours-per-week"": ""40"", ""native-country"": ""United-States""}",gender=Male,gender=Male,gender=Male,gender=Male,gender=Female,gender=Female,gender=Male,1,<=50K | Own-child | Never-married | HS-grad | Private,2,2,"{""gender=Female"": ""<=50K"", ""gender=Male"": ""<=50K""}","{""gender=Female"": {""alpha"": 1.0, ""margin"": 0.9633812847972915, ""p_observed"": 0.9816906423986456, ""prior_probability"": 0.0547945205479452, ""score"": 0.9816906423986456}, ""gender=Male"": {""alpha"": 1.0, ""margin"": 0.9452132930892682, ""p_observed"": 0.9726066465446339, ""prior_probability"": 0.9452054794520548, ""score"": 0.9726066465446339}}","{""gender=Female"": {""alpha"": 1.0, ""margin"": 0.9633812847972915, ""p_observed"": 0.9816906423986456, ""prior_probability"": 0.0547945205479452, ""score"": 0.9633812847972915}, ""gender=Male"": {""alpha"": 1.0, ""margin"": 0.9452132930892682, ""p_observed"": 0.9726066465446339, ""prior_probability"": 0.9452054794520548, ""score"": 0.9452132930892682}}","{""gender=Female"": {""alpha"": 0.0, ""margin"": 0.9633812847972915, ""p_observed"": 0.9816906423986456, ""prior_probability"": 0.0547945205479452, ""score"": -2.9041650800285006}, ""gender=Male"": {""alpha"": 0.0, ""margin"": 0.9452132930892682, ""p_observed"": 0.9726066465446339, ""prior_probability"": 0.9452054794520548, ""score"": -0.056352936551131744}}"
431,Male,White,gender=Male,<=50K,"{""age"": ""34"", ""workclass"": ""Private"", ""fnlwgt"": ""110476"", ""education"": ""HS-grad"", ""educational-num"": ""9"", ""marital-status"": ""Married-civ-spouse"", ""occupation"": ""Adm-clerical"", ""relationship"": ""Husband"", ""race"": ""White"", ""capital-gain"": ""0"", ""capital-loss"": ""0"", ""hours-per-week"": ""40"", ""native-country"": ""United-States""}",gender=Male,gender=Male,gender=Male,,gender=Female,gender=Female,gender=Male,0,<=50K | Husband | Married-civ-spouse | HS-grad | Private,2,2,"{""gender=Female"": ""<=50K"", ""gender=Male"": ""<=50K""}","{""gender=Female"": {""alpha"": 1.0, ""margin"": 0.5379436308214383, ""p_observed"": 0.768971815410719, ""prior_probability"": 0.008771929824561403, ""score"": 0.768971815410719}, ""gender=Male"": {""alpha"": 1.0, ""margin"": 0.46957325863913246, ""p_observed"": 0.7347866293195662, ""prior_probability"": 0.9912280701754386, ""score"": 0.7347866293195662}}","{""gender=Female"": {""alpha"": 1.0, ""margin"": 0.5379436308214383, ""p_observed"": 0.768971815410719, ""prior_probability"": 0.008771929824561403, ""score"": 0.5379436308214383}, ""gender=Male"": {""alpha"": 1.0, ""margin"": 0.46957325863913246, ""p_observed"": 0.7347866293195662, ""prior_probability"": 0.9912280701754386, ""score"": 0.46957325863913246}}","{""gender=Female"": {""alpha"": 0.0, ""margin"": 0.5379436308214383, ""p_observed"": 0.768971815410719, ""prior_probability"": 0.008771929824561403, ""score"": -4.736198448394496}, ""gender=Male"": {""alpha"": 0.0, ""margin"": 0.46957325863913246, ""p_observed"": 0.7347866293195662, ""prior_probability"": 0.9912280701754386, ""score"": -0.00881062968215492}}"
432,Male,White,gender=Male,<=50K,"{""age"": ""25"", ""workclass"": ""Private"", ""fnlwgt"": ""181576"", ""education"": ""Some-college"", ""educational-num"": ""10"", ""marital-status"": ""Never-married"", ""occupation"": ""Transport-moving"", ""relationship"": ""Not-in-family"", ""race"": ""White"", ""capital-gain"": ""0"", ""capital-loss"": ""0"", ""hours-per-week"": ""55"", ""native-country"": ""United-States""}",gender=Male,gender=Male,gender=Male,,gender=Female,gender=Female,gender=Male,0,<=50K | Not-in-family | Never-married | Some-college | Private,2,2,"{""gender=Female"": ""<=50K"", ""gender=Male"": ""<=50K""}","{""gender=Female"": {""alpha"": 1.0, ""margin"": 0.9461231204838908, ""p_observed"": 0.9730615602419455, ""prior_probability"": 0.1, ""score"": 0.9730615602419455}, ""gender=Male"": {""alpha"": 1.0, ""margin"": 0.9371942865823891, ""p_observed"": 0.9685971432911945, ""prior_probability"": 0.9, ""score"": 0.9685971432911945}}","{""gender=Female"": {""alpha"": 1.0, ""margin"": 0.9461231204838908, ""p_observed"": 0.9730615602419455, ""prior_probability"": 0.1, ""score"": 0.9461231204838908}, ""gender=Male"": {""alpha"": 1.0, ""margin"": 0.9371942865823891, ""p_observed"": 0.9685971432911945, ""prior_probability"": 0.9, ""score"": 0.9371942865823891}}","{""gender=Female"": {""alpha"": 0.0, ""margin"": 0.9461231204838908, ""p_observed"": 0.9730615602419455, ""prior_probability"": 0.1, ""score"": -2.3025850929940455}, ""gender=Male"": {""alpha"": 0.0, ""margin"": 0.9371942865823891, ""p_observed"": 0.9685971432911945, ""prior_probability"": 0.9, ""score"": -0.10536051565782628}}"
433,Female,White,gender=Female,<=50K,"{""age"": ""23"", ""workclass"": ""Private"", ""fnlwgt"": ""370057"", ""education"": ""HS-grad"", ""educational-num"": ""9"", ""marital-status"": ""Divorced"", ""occupation"": ""Adm-clerical"", ""relationship"": ""Not-in-family"", ""race"": ""White"", ""capital-gain"": ""0"", ""capital-loss"": ""0"", ""hours-per-week"": ""40"", ""native-country"": ""United-States""}",gender=Male,gender=Female,gender=Female,,gender=Female,gender=Female,gender=Female,0,<=50K | Not-in-family | Divorced | HS-grad | Private,2,2,"{""gender=Female"": ""<=50K"", ""gender=Male"": ""<=50K""}","{""gender=Female"": {""alpha"": 1.0, ""margin"": 0.959871432941787, ""p_observed"": 0.9799357164708935, ""prior_probability"": 0.8695652173913043, ""score"": 0.9799357164708935}, ""gender=Male"": {""alpha"": 1.0, ""margin"": 0.9400728880659582, ""p_observed"": 0.9700364440329791, ""prior_probability"": 0.13043478260869565, ""score"": 0.9700364440329791}}","{""gender=Female"": {""alpha"": 1.0, ""margin"": 0.959871432941787, ""p_observed"": 0.9799357164708935, ""prior_probability"": 0.8695652173913043, ""score"": 0.959871432941787}, ""gender=Male"": {""alpha"": 1.0, ""margin"": 0.9400728880659582, ""p_observed"": 0.9700364440329791, ""prior_probability"": 0.13043478260869565, ""score"": 0.9400728880659582}}","{""gender=Female"": {""alpha"": 0.0, ""margin"": 0.959871432941787, ""p_observed"": 0.9799357164708935, ""prior_probability"": 0.8695652173913043, ""score"": -0.13976194237515874}, ""gender=Male"": {""alpha"": 0.0, ""margin"": 0.9400728880659582, ""p_observed"": 0.9700364440329791, ""prior_probability"": 0.13043478260869565, ""score"": -2.03688192726104}}"
434,Female,White,gender=Female,>50K,"{""age"": ""55"", ""workclass"": ""Local-gov"", ""fnlwgt"": ""143949"", ""education"": ""Masters"", ""educational-num"": ""14"", ""marital-status"": ""Married-civ-spouse"", ""occupation"": ""Prof-specialty"", ""relationship"": ""Wife"", ""race"": ""White"", ""capital-gain"": ""3103"", ""capital-loss"": ""0"", ""hours-per-week"": ""45"", ""native-country"": ""United-States""}",gender=Male,gender=Female,gender=Female,,gender=Female,gender=Female,gender=Female,0,>50K | Wife | Married-civ-spouse | Masters | Local-gov,2,2,"{""gender=Female"": "">50K"", ""gender=Male"": "">50K""}","{""gender=Female"": {""alpha"": 1.0, ""margin"": 0.38929139371814336, ""p_observed"": 0.6946456968590715, ""prior_probability"": 0.9821428571428571, ""score"": 0.6946456968590715}, ""gender=Male"": {""alpha"": 1.0, ""margin"": 0.2518567734301984, ""p_observed"": 0.6259283867150992, ""prior_probability"": 0.017857142857142856, ""score"": 0.6259283867150992}}","{""gender=Female"": {""alpha"": 1.0, ""margin"": 0.38929139371814336, ""p_observed"": 0.6946456968590715, ""prior_probability"": 0.9821428571428571, ""score"": 0.38929139371814336}, ""gender=Male"": {""alpha"": 1.0, ""margin"": 0.2518567734301984, ""p_observed"": 0.6259283867150992, ""prior_probability"": 0.017857142857142856, ""score"": 0.2518567734301984}}","{""gender=Female"": {""alpha"": 0.0, ""margin"": 0.38929139371814336, ""p_observed"": 0.6946456968590715, ""prior_probability"": 0.9821428571428571, ""score"": -0.018018505502678365}, ""gender=Male"": {""alpha"": 0.0, ""margin"": 0.2518567734301984, ""p_observed"": 0.6259283867150992, ""prior_probability"": 0.017857142857142856, ""score"": -4.02535169073515}}"
435,Male,Other,gender=Male,<=50K,"{""age"": ""32"", ""workclass"": ""Self-emp-not-inc"", ""fnlwgt"": ""173314"", ""education"": ""Assoc-voc"", ""educational-num"": ""11"", ""marital-status"": ""Married-civ-spouse"", ""occupation"": ""Prof-specialty"", ""relationship"": ""Husband"", ""race"": ""Other"", ""capital-gain"": ""0"", ""capital-loss"": ""0"", ""hours-per-week"": ""60"", ""native-country"": ""United-States""}",gender=Male,gender=Male,gender=Male,,gender=Female,gender=Female,gender=Male,0,<=50K | Husband | Married-civ-spouse | Assoc-voc | Self-emp-not-inc,2,2,"{""gender=Female"": ""<=50K"", ""gender=Male"": ""<=50K""}","{""gender=Female"": {""alpha"": 1.0, ""margin"": 0.28404752149541207, ""p_observed"": 0.6420237607477062, ""prior_probability"": 0.04, ""score"": 0.6420237607477062}, ""gender=Male"": {""alpha"": 1.0, ""margin"": 0.23710931208271302, ""p_observed"": 0.6185546560413566, ""prior_probability"": 0.96, ""score"": 0.6185546560413566}}","{""gender=Female"": {""alpha"": 1.0, ""margin"": 0.28404752149541207, ""p_observed"": 0.6420237607477062, ""prior_probability"": 0.04, ""score"": 0.28404752149541207}, ""gender=Male"": {""alpha"": 1.0, ""margin"": 0.23710931208271302, ""p_observed"": 0.6185546560413566, ""prior_probability"": 0.96, ""score"": 0.23710931208271302}}","{""gender=Female"": {""alpha"": 0.0, ""margin"": 0.28404752149541207, ""p_observed"": 0.6420237607477062, ""prior_probability"": 0.04, ""score"": -3.2188758248682006}, ""gender=Male"": {""alpha"": 0.0, ""margin"": 0.23710931208271302, ""p_observed"": 0.6185546560413566, ""prior_probability"": 0.96, ""score"": -0.040821994520255166}}"
436,Female,White,gender=Female,<=50K,"{""age"": ""51"", ""workclass"": ""Private"", ""fnlwgt"": ""158508"", ""education"": ""Some-college"", ""educational-num"": ""10"", ""marital-status"": ""Divorced"", ""occupation"": ""Exec-managerial"", ""relationship"": ""Not-in-family"", ""race"": ""White"", ""capital-gain"": ""0"", ""capital-loss"": ""0"", ""hours-per-week"": ""36"", ""native-country"": ""United-States""}",gender=Male,gender=Female,gender=Female,,gender=Female,gender=Female,gender=Female,0,<=50K | Not-in-family | Divorced | Some-college | Private,2,2,"{""gender=Female"": ""<=50K"", ""gender=Male"": ""<=50K""}","{""gender=Female"": {""alpha"": 1.0, ""margin"": 0.860160737451374, ""p_observed"": 0.930080368725687, ""prior_probability"": 0.7162162162162162, ""score"": 0.930080368725687}, ""gender=Male"": {""alpha"": 1.0, ""margin"": 0.774555700745075, ""p_observed"": 0.8872778503725375, ""prior_probability"": 0.28378378378378377, ""score"": 0.8872778503725375}}","{""gender=Female"": {""alpha"": 1.0, ""margin"": 0.860160737451374, ""p_observed"": 0.930080368725687, ""prior_probability"": 0.7162162162162162, ""score"": 0.860160737451374}, ""gender=Male"": {""alpha"": 1.0, ""margin"": 0.774555700745075, ""p_observed"": 0.8872778503725375, ""prior_probability"": 0.28378378378378377, ""score"": 0.774555700745075}}","{""gender=Female"": {""alpha"": 0.0, ""margin"": 0.860160737451374, ""p_observed"": 0.930080368725687, ""prior_probability"": 0.7162162162162162, ""score"": -0.3337731796520479}, ""gender=Male"": {""alpha"": 0.0, ""margin"": 0.774555700745075, ""p_observed"": 0.8872778503725375, ""prior_probability"": 0.28378378378378377, ""score"": -1.2595426554807467}}"
437,Male,Other,gender=Male,>50K,"{""age"": ""42"", ""workclass"": ""Private"", ""fnlwgt"": ""367533"", ""education"": ""10th"", ""educational-num"": ""6"", ""marital-status"": ""Married-civ-spouse"", ""occupation"": ""Craft-repair"", ""relationship"": ""Own-child"", ""race"": ""Other"", ""capital-gain"": ""0"", ""capital-loss"": ""0"", ""hours-per-week"": ""43"", ""native-country"": ""United-States""}",gender=Male,gender=Female,gender=Female,,gender=Female,gender=Female,gender=Female,0,>50K | Own-child | Married-civ-spouse | 10th | Private,2,2,"{""gender=Female"": ""<=50K"", ""gender=Male"": ""<=50K""}","{""gender=Female"": {""alpha"": 1.0, ""margin"": -0.5698415613862048, ""p_observed"": 0.21507921930689755, ""prior_probability"": 0.5333333333333333, ""score"": 0.21507921930689755}, ""gender=Male"": {""alpha"": 1.0, ""margin"": -0.6086213175847006, ""p_observed"": 0.1956893412076496, ""prior_probability"": 0.4666666666666667, ""score"": 0.1956893412076496}}","{""gender=Female"": {""alpha"": 1.0, ""margin"": -0.5698415613862048, ""p_observed"": 0.21507921930689755, ""prior_probability"": 0.5333333333333333, ""score"": -0.5698415613862048}, ""gender=Male"": {""alpha"": 1.0, ""margin"": -0.6086213175847006, ""p_observed"": 0.1956893412076496, ""prior_probability"": 0.4666666666666667, ""score"": -0.6086213175847006}}","{""gender=Female"": {""alpha"": 0.0, ""margin"": -0.5698415613862048, ""p_observed"": 0.21507921930689755, ""prior_probability"": 0.5333333333333333, ""score"": -0.6286086594223742}, ""gender=Male"": {""alpha"": 0.0, ""margin"": -0.6086213175847006, ""p_observed"": 0.1956893412076496, ""prior_probability"": 0.4666666666666667, ""score"": -0.7621400520468967}}"
438,Male,White,gender=Male,<=50K,"{""age"": ""41"", ""workclass"": ""Private"", ""fnlwgt"": ""362815"", ""education"": ""Some-college"", ""educational-num"": ""10"", ""marital-status"": ""Separated"", ""occupation"": ""Exec-managerial"", ""relationship"": ""Not-in-family"", ""race"": ""White"", ""capital-gain"": ""0"", ""capital-loss"": ""0"", ""hours-per-week"": ""50"", ""native-country"": ""United-States""}",gender=Male,gender=Female,gender=Female,,gender=Female,gender=Female,gender=Female,0,<=50K | Not-in-family | Separated | Some-college | Private,2,2,"{""gender=Female"": ""<=50K"", ""gender=Male"": ""<=50K""}","{""gender=Female"": {""alpha"": 1.0, ""margin"": 0.6522959218757554, ""p_observed"": 0.8261479609378777, ""prior_probability"": 0.5714285714285714, ""score"": 0.8261479609378777}, ""gender=Male"": {""alpha"": 1.0, ""margin"": 0.574095558558914, ""p_observed"": 0.787047779279457, ""prior_probability"": 0.42857142857142855, ""score"": 0.787047779279457}}","{""gender=Female"": {""alpha"": 1.0, ""margin"": 0.6522959218757554, ""p_observed"": 0.8261479609378777, ""prior_probability"": 0.5714285714285714, ""score"": 0.6522959218757554}, ""gender=Male"": {""alpha"": 1.0, ""margin"": 0.574095558558914, ""p_observed"": 0.787047779279457, ""prior_probability"": 0.42857142857142855, ""score"": 0.574095558558914}}","{""gender=Female"": {""alpha"": 0.0, ""margin"": 0.6522959218757554, ""p_observed"": 0.8261479609378777, ""prior_probability"": 0.5714285714285714, ""score"": -0.5596157879354228}, ""gender=Male"": {""alpha"": 0.0, ""margin"": 0.574095558558914, ""p_observed"": 0.787047779279457, ""prior_probability"": 0.42857142857142855, ""score"": -0.8472978603872037}}"
439,Male,White,gender=Male,>50K,"{""age"": ""39"", ""workclass"": ""Private"", ""fnlwgt"": ""138192"", ""education"": ""Bachelors"", ""educational-num"": ""13"", ""marital-status"": ""Married-civ-spouse"", ""occupation"": ""Craft-repair"", ""relationship"": ""Husband"", ""race"": ""White"", ""capital-gain"": ""0"", ""capital-loss"": ""0"", ""hours-per-week"": ""40"", ""native-country"": ""United-States""}",gender=Male,gender=Male,gender=Male,gender=Male,gender=Male,gender=Male,gender=Male,1,>50K | Husband | Married-civ-spouse | Bachelors | Private,2,2,"{""gender=Female"": "">50K"", ""gender=Male"": "">50K""}","{""gender=Female"": {""alpha"": 1.0, ""margin"": 0.022849229404773908, ""p_observed"": 0.511424614702387, ""prior_probability"": 0.015151515151515152, ""score"": 0.511424614702387}, ""gender=Male"": {""alpha"": 1.0, ""margin"": 0.13868423315545664, ""p_observed"": 0.5693421165777284, ""prior_probability"": 0.9848484848484849, ""score"": 0.5693421165777284}}","{""gender=Female"": {""alpha"": 1.0, ""margin"": 0.022849229404773908, ""p_observed"": 0.511424614702387, ""prior_probability"": 0.015151515151515152, ""score"": 0.022849229404773908}, ""gender=Male"": {""alpha"": 1.0, ""margin"": 0.13868423315545664, ""p_observed"": 0.5693421165777284, ""prior_probability"": 0.9848484848484849, ""score"": 0.13868423315545664}}","{""gender=Female"": {""alpha"": 0.0, ""margin"": 0.022849229404773908, ""p_observed"": 0.511424614702387, ""prior_probability"": 0.015151515151515152, ""score"": -4.189654742026425}, ""gender=Male"": {""alpha"": 0.0, ""margin"": 0.13868423315545664, ""p_observed"": 0.5693421165777284, ""prior_probability"": 0.9848484848484849, ""score"": -0.01526747213078842}}"
440,Male,White,gender=Male,>50K,"{""age"": ""40"", ""workclass"": ""Private"", ""fnlwgt"": ""272960"", ""education"": ""Assoc-acdm"", ""educational-num"": ""12"", ""marital-status"": ""Married-civ-spouse"", ""occupation"": ""Tech-support"", ""relationship"": ""Husband"", ""race"": ""White"", ""capital-gain"": ""0"", ""capital-loss"": ""0"", ""hours-per-week"": ""42"", ""native-country"": ""United-States""}",gender=Male,gender=Male,gender=Male,,gender=Male,gender=Male,gender=Male,0,>50K | Husband | Married-civ-spouse | Assoc-acdm | Private,2,2,"{""gender=Female"": ""<=50K"", ""gender=Male"": ""<=50K""}","{""gender=Female"": {""alpha"": 1.0, ""margin"": -0.14944019647212314, ""p_observed"": 0.42527990176393826, ""prior_probability"": 0.047619047619047616, ""score"": 0.42527990176393826}, ""gender=Male"": {""alpha"": 1.0, ""margin"": -0.046582392922672355, ""p_observed"": 0.4767088035386638, ""prior_probability"": 0.9523809523809523, ""score"": 0.4767088035386638}}","{""gender=Female"": {""alpha"": 1.0, ""margin"": -0.14944019647212314, ""p_observed"": 0.42527990176393826, ""prior_probability"": 0.047619047619047616, ""score"": -0.14944019647212314}, ""gender=Male"": {""alpha"": 1.0, ""margin"": -0.046582392922672355, ""p_observed"": 0.4767088035386638, ""prior_probability"": 0.9523809523809523, ""score"": -0.046582392922672355}}","{""gender=Female"": {""alpha"": 0.0, ""margin"": -0.14944019647212314, ""p_observed"": 0.42527990176393826, ""prior_probability"": 0.047619047619047616, ""score"": -3.044522437723423}, ""gender=Male"": {""alpha"": 0.0, ""margin"": -0.046582392922672355, ""p_observed"": 0.4767088035386638, ""prior_probability"": 0.9523809523809523, ""score"": -0.048790164169432056}}"
441,Male,White,gender=Male,<=50K,"{""age"": ""30"", ""workclass"": ""Self-emp-not-inc"", ""fnlwgt"": ""229741"", ""education"": ""HS-grad"", ""educational-num"": ""9"", ""marital-status"": ""Married-civ-spouse"", ""occupation"": ""Craft-repair"", ""relationship"": ""Husband"", ""race"": ""White"", ""capital-gain"": ""0"", ""capital-loss"": ""0"", ""hours-per-week"": ""40"", ""native-country"": ""United-States""}",gender=Male,gender=Male,gender=Male,,gender=Female,gender=Female,gender=Male,0,<=50K | Husband | Married-civ-spouse | HS-grad | Self-emp-not-inc,2,2,"{""gender=Female"": ""<=50K"", ""gender=Male"": ""<=50K""}","{""gender=Female"": {""alpha"": 1.0, ""margin"": 0.6038831585719127, ""p_observed"": 0.8019415792859563, ""prior_probability"": 0.001364256480218281, ""score"": 0.8019415792859563}, ""gender=Male"": {""alpha"": 1.0, ""margin"": 0.5563329446131832, ""p_observed"": 0.7781664723065915, ""prior_probability"": 0.9986357435197817, ""score"": 0.7781664723065915}}","{""gender=Female"": {""alpha"": 1.0, ""margin"": 0.6038831585719127, ""p_observed"": 0.8019415792859563, ""prior_probability"": 0.001364256480218281, ""score"": 0.6038831585719127}, ""gender=Male"": {""alpha"": 1.0, ""margin"": 0.5563329446131832, ""p_observed"": 0.7781664723065915, ""prior_probability"": 0.9986357435197817, ""score"": 0.5563329446131832}}","{""gender=Female"": {""alpha"": 0.0, ""margin"": 0.6038831585719127, ""p_observed"": 0.8019415792859563, ""prior_probability"": 0.001364256480218281, ""score"": -6.597145701886651}, ""gender=Male"": {""alpha"": 0.0, ""margin"": 0.5563329446131832, ""p_observed"": 0.7781664723065915, ""prior_probability"": 0.9986357435197817, ""score"": -0.00136518792533997}}"
442,Male,White,gender=Male,<=50K,"{""age"": ""36"", ""workclass"": ""Private"", ""fnlwgt"": ""154669"", ""education"": ""Bachelors"", ""educational-num"": ""13"", ""marital-status"": ""Never-married"", ""occupation"": ""Exec-managerial"", ""relationship"": ""Own-child"", ""race"": ""White"", ""capital-gain"": ""0"", ""capital-loss"": ""0"", ""hours-per-week"": ""55"", ""native-country"": ""United-States""}",gender=Male,gender=Female,gender=Female,,gender=Female,gender=Female,gender=Female,0,<=50K | Own-child | Never-married | Bachelors | Private,2,2,"{""gender=Female"": ""<=50K"", ""gender=Male"": ""<=50K""}","{""gender=Female"": {""alpha"": 1.0, ""margin"": 0.7510399460514582, ""p_observed"": 0.8755199730257293, ""prior_probability"": 0.5230769230769231, ""score"": 0.8755199730257293}, ""gender=Male"": {""alpha"": 1.0, ""margin"": 0.6820682362124757, ""p_observed"": 0.8410341181062378, ""prior_probability"": 0.47692307692307695, ""score"": 0.8410341181062378}}","{""gender=Female"": {""alpha"": 1.0, ""margin"": 0.7510399460514582, ""p_observed"": 0.8755199730257293, ""prior_probability"": 0.5230769230769231, ""score"": 0.7510399460514582}, ""gender=Male"": {""alpha"": 1.0, ""margin"": 0.6820682362124757, ""p_observed"": 0.8410341181062378, ""prior_probability"": 0.47692307692307695, ""score"": 0.6820682362124757}}","{""gender=Female"": {""alpha"": 0.0, ""margin"": 0.7510399460514582, ""p_observed"": 0.8755199730257293, ""prior_probability"": 0.5230769230769231, ""score"": -0.6480267452794757}, ""gender=Male"": {""alpha"": 0.0, ""margin"": 0.6820682362124757, ""p_observed"": 0.8410341181062378, ""prior_probability"": 0.47692307692307695, ""score"": -0.7404000654104909}}"
443,Female,White,gender=Female,<=50K,"{""age"": ""21"", ""workclass"": ""Private"", ""fnlwgt"": ""200318"", ""education"": ""Assoc-acdm"", ""educational-num"": ""12"", ""marital-status"": ""Never-married"", ""occupation"": ""Sales"", ""relationship"": ""Not-in-family"", ""race"": ""White"", ""capital-gain"": ""0"", ""capital-loss"": ""0"", ""hours-per-week"": ""35"", ""native-country"": ""United-States""}",gender=Male,gender=Male,gender=Male,,gender=Female,gender=Female,gender=Male,0,<=50K | Not-in-family | Never-married | Assoc-acdm | Private,2,2,"{""gender=Female"": ""<=50K"", ""gender=Male"": ""<=50K""}","{""gender=Female"": {""alpha"": 1.0, ""margin"": 0.9721077687632426, ""p_observed"": 0.9860538843816213, ""prior_probability"": 0.29411764705882354, ""score"": 0.9860538843816213}, ""gender=Male"": {""alpha"": 1.0, ""margin"": 0.9652331411392461, ""p_observed"": 0.982616570569623, ""prior_probability"": 0.7058823529411765, ""score"": 0.982616570569623}}","{""gender=Female"": {""alpha"": 1.0, ""margin"": 0.9721077687632426, ""p_observed"": 0.9860538843816213, ""prior_probability"": 0.29411764705882354, ""score"": 0.9721077687632426}, ""gender=Male"": {""alpha"": 1.0, ""margin"": 0.9652331411392461, ""p_observed"": 0.982616570569623, ""prior_probability"": 0.7058823529411765, ""score"": 0.9652331411392461}}","{""gender=Female"": {""alpha"": 0.0, ""margin"": 0.9721077687632426, ""p_observed"": 0.9860538843816213, ""prior_probability"": 0.29411764705882354, ""score"": -1.2237754316221157}, ""gender=Male"": {""alpha"": 0.0, ""margin"": 0.9652331411392461, ""p_observed"": 0.982616570569623, ""prior_probability"": 0.7058823529411765, ""score"": -0.3483066942682157}}"
444,Male,White,gender=Male,<=50K,"{""age"": ""46"", ""workclass"": ""Private"", ""fnlwgt"": ""174426"", ""education"": ""Some-college"", ""educational-num"": ""10"", ""marital-status"": ""Married-civ-spouse"", ""occupation"": ""Machine-op-inspct"", ""relationship"": ""Husband"", ""race"": ""White"", ""capital-gain"": ""0"", ""capital-loss"": ""0"", ""hours-per-week"": ""40"", ""native-country"": ""United-States""}",gender=Male,gender=Male,gender=Male,,gender=Female,gender=Female,gender=Male,0,<=50K | Husband | Married-civ-spouse | Some-college | Private,2,2,"{""gender=Female"": ""<=50K"", ""gender=Male"": ""<=50K""}","{""gender=Female"": {""alpha"": 1.0, ""margin"": 0.3303604381854767, ""p_observed"": 0.6651802190927383, ""prior_probability"": 0.01098901098901099, ""score"": 0.6651802190927383}, ""gender=Male"": {""alpha"": 1.0, ""margin"": 0.25941540907340915, ""p_observed"": 0.6297077045367045, ""prior_probability"": 0.989010989010989, ""score"": 0.6297077045367045}}","{""gender=Female"": {""alpha"": 1.0, ""margin"": 0.3303604381854767, ""p_observed"": 0.6651802190927383, ""prior_probability"": 0.01098901098901099, ""score"": 0.3303604381854767}, ""gender=Male"": {""alpha"": 1.0, ""margin"": 0.25941540907340915, ""p_observed"": 0.6297077045367045, ""prior_probability"": 0.989010989010989, ""score"": 0.25941540907340915}}","{""gender=Female"": {""alpha"": 0.0, ""margin"": 0.3303604381854767, ""p_observed"": 0.6651802190927383, ""prior_probability"": 0.01098901098901099, ""score"": -4.51085950651685}, ""gender=Male"": {""alpha"": 0.0, ""margin"": 0.25941540907340915, ""p_observed"": 0.6297077045367045, ""prior_probability"": 0.989010989010989, ""score"": -0.011049836186584935}}"
445,Female,Black,gender=Female,<=50K,"{""age"": ""34"", ""workclass"": ""Private"", ""fnlwgt"": ""235124"", ""education"": ""HS-grad"", ""educational-num"": ""9"", ""marital-status"": ""Never-married"", ""occupation"": ""Other-service"", ""relationship"": ""Unmarried"", ""race"": ""Black"", ""capital-gain"": ""0"", ""capital-loss"": ""0"", ""hours-per-week"": ""35"", ""native-country"": ""United-States""}",gender=Male,gender=Female,gender=Female,,gender=Female,gender=Female,gender=Female,0,<=50K | Unmarried | Never-married | HS-grad | Private,2,2,"{""gender=Female"": ""<=50K"", ""gender=Male"": ""<=50K""}","{""gender=Female"": {""alpha"": 1.0, ""margin"": 0.9909311136967626, ""p_observed"": 0.9954655568483813, ""prior_probability"": 0.7792207792207793, ""score"": 0.9954655568483813}, ""gender=Male"": {""alpha"": 1.0, ""margin"": 0.9801126553840831, ""p_observed"": 0.9900563276920415, ""prior_probability"": 0.22077922077922077, ""score"": 0.9900563276920415}}","{""gender=Female"": {""alpha"": 1.0, ""margin"": 0.9909311136967626, ""p_observed"": 0.9954655568483813, ""prior_probability"": 0.7792207792207793, ""score"": 0.9909311136967626}, ""gender=Male"": {""alpha"": 1.0, ""margin"": 0.9801126553840831, ""p_observed"": 0.9900563276920415, ""prior_probability"": 0.22077922077922077, ""score"": 0.9801126553840831}}","{""gender=Female"": {""alpha"": 0.0, ""margin"": 0.9909311136967626, ""p_observed"": 0.9954655568483813, ""prior_probability"": 0.7792207792207793, ""score"": -0.24946085963158313}, ""gender=Male"": {""alpha"": 0.0, ""margin"": 0.9801126553840831, ""p_observed"": 0.9900563276920415, ""prior_probability"": 0.22077922077922077, ""score"": -1.5105920777974677}}"
446,Male,White,gender=Male,<=50K,"{""age"": ""25"", ""workclass"": ""Private"", ""fnlwgt"": ""232938"", ""education"": ""Some-college"", ""educational-num"": ""10"", ""marital-status"": ""Never-married"", ""occupation"": ""Farming-fishing"", ""relationship"": ""Unmarried"", ""race"": ""White"", ""capital-gain"": ""0"", ""capital-loss"": ""0"", ""hours-per-week"": ""40"", ""native-country"": ""United-States""}",gender=Male,gender=Male,gender=Male,,gender=Female,gender=Female,gender=Male,0,<=50K | Unmarried | Never-married | Some-college | Private,2,2,"{""gender=Female"": ""<=50K"", ""gender=Male"": ""<=50K""}","{""gender=Female"": {""alpha"": 1.0, ""margin"": 0.9764399610134809, ""p_observed"": 0.9882199805067404, ""prior_probability"": 0.3333333333333333, ""score"": 0.9882199805067404}, ""gender=Male"": {""alpha"": 1.0, ""margin"": 0.9676042606938325, ""p_observed"": 0.983802130346916, ""prior_probability"": 0.6666666666666666, ""score"": 0.983802130346916}}","{""gender=Female"": {""alpha"": 1.0, ""margin"": 0.9764399610134809, ""p_observed"": 0.9882199805067404, ""prior_probability"": 0.3333333333333333, ""score"": 0.9764399610134809}, ""gender=Male"": {""alpha"": 1.0, ""margin"": 0.9676042606938325, ""p_observed"": 0.983802130346916, ""prior_probability"": 0.6666666666666666, ""score"": 0.9676042606938325}}","{""gender=Female"": {""alpha"": 0.0, ""margin"": 0.9764399610134809, ""p_observed"": 0.9882199805067404, ""prior_probability"": 0.3333333333333333, ""score"": -1.0986122886681098}, ""gender=Male"": {""alpha"": 0.0, ""margin"": 0.9676042606938325, ""p_observed"": 0.983802130346916, ""prior_probability"": 0.6666666666666666, ""score"": -0.40546510810816444}}"
447,Female,White,gender=Female,<=50K,"{""age"": ""64"", ""workclass"": ""Private"", ""fnlwgt"": ""170483"", ""education"": ""HS-grad"", ""educational-num"": ""9"", ""marital-status"": ""Widowed"", ""occupation"": ""Other-service"", ""relationship"": ""Not-in-family"", ""race"": ""White"", ""capital-gain"": ""0"", ""capital-loss"": ""0"", ""hours-per-week"": ""38"", ""native-country"": ""United-States""}",gender=Male,gender=Female,gender=Female,,gender=Female,gender=Female,gender=Female,0,<=50K | Not-in-family | Widowed | HS-grad | Private,2,2,"{""gender=Female"": ""<=50K"", ""gender=Male"": ""<=50K""}","{""gender=Female"": {""alpha"": 1.0, ""margin"": 0.9532649526506249, ""p_observed"": 0.9766324763253124, ""prior_probability"": 0.8888888888888888, ""score"": 0.9766324763253124}, ""gender=Male"": {""alpha"": 1.0, ""margin"": 0.9109970931916633, ""p_observed"": 0.9554985465958316, ""prior_probability"": 0.1111111111111111, ""score"": 0.9554985465958316}}","{""gender=Female"": {""alpha"": 1.0, ""margin"": 0.9532649526506249, ""p_observed"": 0.9766324763253124, ""prior_probability"": 0.8888888888888888, ""score"": 0.9532649526506249}, ""gender=Male"": {""alpha"": 1.0, ""margin"": 0.9109970931916633, ""p_observed"": 0.9554985465958316, ""prior_probability"": 0.1111111111111111, ""score"": 0.9109970931916633}}","{""gender=Female"": {""alpha"": 0.0, ""margin"": 0.9532649526506249, ""p_observed"": 0.9766324763253124, ""prior_probability"": 0.8888888888888888, ""score"": -0.11778303565638351}, ""gender=Male"": {""alpha"": 0.0, ""margin"": 0.9109970931916633, ""p_observed"": 0.9554985465958316, ""prior_probability"": 0.1111111111111111, ""score"": -2.1972245773362196}}"
448,Male,White,gender=Male,<=50K,"{""age"": ""41"", ""workclass"": ""Private"", ""fnlwgt"": ""176452"", ""education"": ""HS-grad"", ""educational-num"": ""9"", ""marital-status"": ""Married-civ-spouse"", ""occupation"": ""Tech-support"", ""relationship"": ""Husband"", ""race"": ""White"", ""capital-gain"": ""0"", ""capital-loss"": ""0"", ""hours-per-week"": ""40"", ""native-country"": ""Peru""}",gender=Male,gender=Male,gender=Male,,gender=Female,gender=Female,gender=Male,0,<=50K | Husband | Married-civ-spouse | HS-grad | Private,2,2,"{""gender=Female"": ""<=50K"", ""gender=Male"": ""<=50K""}","{""gender=Female"": {""alpha"": 1.0, ""margin"": 0.4440203391907642, ""p_observed"": 0.722010169595382, ""prior_probability"": 0.034482758620689655, ""score"": 0.722010169595382}, ""gender=Male"": {""alpha"": 1.0, ""margin"": 0.35554786195998483, ""p_observed"": 0.6777739309799923, ""prior_probability"": 0.9655172413793104, ""score"": 0.6777739309799923}}","{""gender=Female"": {""alpha"": 1.0, ""margin"": 0.4440203391907642, ""p_observed"": 0.722010169595382, ""prior_probability"": 0.034482758620689655, ""score"": 0.4440203391907642}, ""gender=Male"": {""alpha"": 1.0, ""margin"": 0.35554786195998483, ""p_observed"": 0.6777739309799923, ""prior_probability"": 0.9655172413793104, ""score"": 0.35554786195998483}}","{""gender=Female"": {""alpha"": 0.0, ""margin"": 0.4440203391907642, ""p_observed"": 0.722010169595382, ""prior_probability"": 0.034482758620689655, ""score"": -3.367295829986474}, ""gender=Male"": {""alpha"": 0.0, ""margin"": 0.35554786195998483, ""p_observed"": 0.6777739309799923, ""prior_probability"": 0.9655172413793104, ""score"": -0.03509131981127006}}"
449,Male,White,gender=Male,<=50K,"{""age"": ""28"", ""workclass"": ""Local-gov"", ""fnlwgt"": ""207213"", ""education"": ""Assoc-acdm"", ""educational-num"": ""12"", ""marital-status"": ""Never-married"", ""occupation"": ""Craft-repair"", ""relationship"": ""Own-child"", ""race"": ""White"", ""capital-gain"": ""0"", ""capital-loss"": ""0"", ""hours-per-week"": ""5"", ""native-country"": ""United-States""}",gender=Male,gender=Male,gender=Male,,gender=Female,gender=Female,gender=Male,0,<=50K | Own-child | Never-married | Assoc-acdm | Local-gov,2,2,"{""gender=Female"": ""<=50K"", ""gender=Male"": ""<=50K""}","{""gender=Female"": {""alpha"": 1.0, ""margin"": 0.9863323648162764, ""p_observed"": 0.9931661824081381, ""prior_probability"": 0.14285714285714285, ""score"": 0.9931661824081381}, ""gender=Male"": {""alpha"": 1.0, ""margin"": 0.9760063411146662, ""p_observed"": 0.988003170557333, ""prior_probability"": 0.8571428571428571, ""score"": 0.988003170557333}}","{""gender=Female"": {""alpha"": 1.0, ""margin"": 0.9863323648162764, ""p_observed"": 0.9931661824081381, ""prior_probability"": 0.14285714285714285, ""score"": 0.9863323648162764}, ""gender=Male"": {""alpha"": 1.0, ""margin"": 0.9760063411146662, ""p_observed"": 0.988003170557333, ""prior_probability"": 0.8571428571428571, ""score"": 0.9760063411146662}}","{""gender=Female"": {""alpha"": 0.0, ""margin"": 0.9863323648162764, ""p_observed"": 0.9931661824081381, ""prior_probability"": 0.14285714285714285, ""score"": -1.9459101490553135}, ""gender=Male"": {""alpha"": 0.0, ""margin"": 0.9760063411146662, ""p_observed"": 0.988003170557333, ""prior_probability"": 0.8571428571428571, ""score"": -0.15415067982725836}}"
450,Male,White,gender=Male,>50K,"{""age"": ""63"", ""workclass"": ""Private"", ""fnlwgt"": ""172433"", ""education"": ""Some-college"", ""educational-num"": ""10"", ""marital-status"": ""Married-civ-spouse"", ""occupation"": ""Exec-managerial"", ""relationship"": ""Husband"", ""race"": ""White"", ""capital-gain"": ""0"", ""capital-loss"": ""1887"", ""hours-per-week"": ""40"", ""native-country"": ""United-States""}",gender=Male,gender=Male,gender=Male,,gender=Male,gender=Male,gender=Male,0,>50K | Husband | Married-civ-spouse | Some-college | Private,2,2,"{""gender=Female"": "">50K"", ""gender=Male"": "">50K""}","{""gender=Female"": {""alpha"": 1.0, ""margin"": 0.2345007579920016, ""p_observed"": 0.6172503789960007, ""prior_probability"": 0.004273504273504274, ""score"": 0.6172503789960007}, ""gender=Male"": {""alpha"": 1.0, ""margin"": 0.4058219350594383, ""p_observed"": 0.702910967529719, ""prior_probability"": 0.9957264957264957, ""score"": 0.702910967529719}}","{""gender=Female"": {""alpha"": 1.0, ""margin"": 0.2345007579920016, ""p_observed"": 0.6172503789960007, ""prior_probability"": 0.004273504273504274, ""score"": 0.2345007579920016}, ""gender=Male"": {""alpha"": 1.0, ""margin"": 0.4058219350594383, ""p_observed"": 0.702910967529719, ""prior_probability"": 0.9957264957264957, ""score"": 0.4058219350594383}}","{""gender=Female"": {""alpha"": 0.0, ""margin"": 0.2345007579920016, ""p_observed"": 0.6172503789960007, ""prior_probability"": 0.004273504273504274, ""score"": -5.455321115357702}, ""gender=Male"": {""alpha"": 0.0, ""margin"": 0.4058219350594383, ""p_observed"": 0.702910967529719, ""prior_probability"": 0.9957264957264957, ""score"": -0.004282661792000848}}"
451,Male,White,gender=Male,>50K,"{""age"": ""51"", ""workclass"": ""Local-gov"", ""fnlwgt"": ""387250"", ""education"": ""Bachelors"", ""educational-num"": ""13"", ""marital-status"": ""Married-civ-spouse"", ""occupation"": ""Adm-clerical"", ""relationship"": ""Husband"", ""race"": ""White"", ""capital-gain"": ""0"", ""capital-loss"": ""0"", ""hours-per-week"": ""50"", ""native-country"": ""United-States""}",gender=Male,gender=Male,gender=Male,,gender=Male,gender=Male,gender=Male,0,>50K | Husband | Married-civ-spouse | Bachelors | Local-gov,2,2,"{""gender=Female"": "">50K"", ""gender=Male"": "">50K""}","{""gender=Female"": {""alpha"": 1.0, ""margin"": 0.08849475779318738, ""p_observed"": 0.5442473788965938, ""prior_probability"": 0.012987012987012988, ""score"": 0.5442473788965938}, ""gender=Male"": {""alpha"": 1.0, ""margin"": 0.28650046220765846, ""p_observed"": 0.6432502311038293, ""prior_probability"": 0.987012987012987, ""score"": 0.6432502311038293}}","{""gender=Female"": {""alpha"": 1.0, ""margin"": 0.08849475779318738, ""p_observed"": 0.5442473788965938, ""prior_probability"": 0.012987012987012988, ""score"": 0.08849475779318738}, ""gender=Male"": {""alpha"": 1.0, ""margin"": 0.28650046220765846, ""p_observed"": 0.6432502311038293, ""prior_probability"": 0.987012987012987, ""score"": 0.28650046220765846}}","{""gender=Female"": {""alpha"": 0.0, ""margin"": 0.08849475779318738, ""p_observed"": 0.5442473788965938, ""prior_probability"": 0.012987012987012988, ""score"": -4.343805421853684}, ""gender=Male"": {""alpha"": 0.0, ""margin"": 0.28650046220765846, ""p_observed"": 0.6432502311038293, ""prior_probability"": 0.987012987012987, ""score"": -0.013072081567352775}}"
452,Male,White,gender=Male,>50K,"{""age"": ""33"", ""workclass"": ""Private"", ""fnlwgt"": ""175697"", ""education"": ""Bachelors"", ""educational-num"": ""13"", ""marital-status"": ""Married-civ-spouse"", ""occupation"": ""Exec-managerial"", ""relationship"": ""Husband"", ""race"": ""White"", ""capital-gain"": ""15024"", ""capital-loss"": ""0"", ""hours-per-week"": ""60"", ""native-country"": ""United-States""}",gender=Male,gender=Male,gender=Male,gender=Male,gender=Male,gender=Male,gender=Male,1,>50K | Husband | Married-civ-spouse | Bachelors | Private,2,2,"{""gender=Female"": "">50K"", ""gender=Male"": "">50K""}","{""gender=Female"": {""alpha"": 1.0, ""margin"": 0.7254600974061842, ""p_observed"": 0.862730048703092, ""prior_probability"": 0.00186219739292365, ""score"": 0.862730048703092}, ""gender=Male"": {""alpha"": 1.0, ""margin"": 0.8714544356261538, ""p_observed"": 0.9357272178130769, ""prior_probability"": 0.9981378026070763, ""score"": 0.9357272178130769}}","{""gender=Female"": {""alpha"": 1.0, ""margin"": 0.7254600974061842, ""p_observed"": 0.862730048703092, ""prior_probability"": 0.00186219739292365, ""score"": 0.7254600974061842}, ""gender=Male"": {""alpha"": 1.0, ""margin"": 0.8714544356261538, ""p_observed"": 0.9357272178130769, ""prior_probability"": 0.9981378026070763, ""score"": 0.8714544356261538}}","{""gender=Female"": {""alpha"": 0.0, ""margin"": 0.7254600974061842, ""p_observed"": 0.862730048703092, ""prior_probability"": 0.00186219739292365, ""score"": -6.285998094508865}, ""gender=Male"": {""alpha"": 0.0, ""margin"": 0.8714544356261538, ""p_observed"": 0.9357272178130769, ""prior_probability"": 0.9981378026070763, ""score"": -0.0018639334380627533}}"
453,Male,White,gender=Male,<=50K,"{""age"": ""35"", ""workclass"": ""Private"", ""fnlwgt"": ""335777"", ""education"": ""Some-college"", ""educational-num"": ""10"", ""marital-status"": ""Divorced"", ""occupation"": ""Exec-managerial"", ""relationship"": ""Not-in-family"", ""race"": ""White"", ""capital-gain"": ""0"", ""capital-loss"": ""0"", ""hours-per-week"": ""40"", ""native-country"": ""Mexico""}",gender=Male,gender=Female,gender=Female,,gender=Female,gender=Female,gender=Female,0,<=50K | Not-in-family | Divorced | Some-college | Private,2,2,"{""gender=Female"": ""<=50K"", ""gender=Male"": ""<=50K""}","{""gender=Female"": {""alpha"": 1.0, ""margin"": 0.8796462694843543, ""p_observed"": 0.939823134742177, ""prior_probability"": 0.7162162162162162, ""score"": 0.939823134742177}, ""gender=Male"": {""alpha"": 1.0, ""margin"": 0.7908503592765977, ""p_observed"": 0.8954251796382989, ""prior_probability"": 0.28378378378378377, ""score"": 0.8954251796382989}}","{""gender=Female"": {""alpha"": 1.0, ""margin"": 0.8796462694843543, ""p_observed"": 0.939823134742177, ""prior_probability"": 0.7162162162162162, ""score"": 0.8796462694843543}, ""gender=Male"": {""alpha"": 1.0, ""margin"": 0.7908503592765977, ""p_observed"": 0.8954251796382989, ""prior_probability"": 0.28378378378378377, ""score"": 0.7908503592765977}}","{""gender=Female"": {""alpha"": 0.0, ""margin"": 0.8796462694843543, ""p_observed"": 0.939823134742177, ""prior_probability"": 0.7162162162162162, ""score"": -0.3337731796520479}, ""gender=Male"": {""alpha"": 0.0, ""margin"": 0.7908503592765977, ""p_observed"": 0.8954251796382989, ""prior_probability"": 0.28378378378378377, ""score"": -1.2595426554807467}}"
454,Male,White,gender=Male,>50K,"{""age"": ""38"", ""workclass"": ""Federal-gov"", ""fnlwgt"": ""122240"", ""education"": ""HS-grad"", ""educational-num"": ""9"", ""marital-status"": ""Married-civ-spouse"", ""occupation"": ""Adm-clerical"", ""relationship"": ""Husband"", ""race"": ""White"", ""capital-gain"": ""0"", ""capital-loss"": ""0"", ""hours-per-week"": ""55"", ""native-country"": ""United-States""}",gender=Male,gender=Male,gender=Male,,gender=Male,gender=Male,gender=Male,0,>50K | Husband | Married-civ-spouse | HS-grad | Federal-gov,2,2,"{""gender=Female"": ""<=50K"", ""gender=Male"": ""<=50K""}","{""gender=Female"": {""alpha"": 1.0, ""margin"": -0.2781815934051831, ""p_observed"": 0.36090920329740817, ""prior_probability"": 0.014705882352941176, ""score"": 0.36090920329740817}, ""gender=Male"": {""alpha"": 1.0, ""margin"": -0.19669161336557828, ""p_observed"": 0.40165419331721075, ""prior_probability"": 0.9852941176470589, ""score"": 0.40165419331721075}}","{""gender=Female"": {""alpha"": 1.0, ""margin"": -0.2781815934051831, ""p_observed"": 0.36090920329740817, ""prior_probability"": 0.014705882352941176, ""score"": -0.2781815934051831}, ""gender=Male"": {""alpha"": 1.0, ""margin"": -0.19669161336557828, ""p_observed"": 0.40165419331721075, ""prior_probability"": 0.9852941176470589, ""score"": -0.19669161336557828}}","{""gender=Female"": {""alpha"": 0.0, ""margin"": -0.2781815934051831, ""p_observed"": 0.36090920329740817, ""prior_probability"": 0.014705882352941176, ""score"": -4.219507705176107}, ""gender=Male"": {""alpha"": 0.0, ""margin"": -0.19669161336557828, ""p_observed"": 0.40165419331721075, ""prior_probability"": 0.9852941176470589, ""score"": -0.014815085785140587}}"
455,Male,White,gender=Male,<=50K,"{""age"": ""31"", ""workclass"": ""Private"", ""fnlwgt"": ""36222"", ""education"": ""HS-grad"", ""educational-num"": ""9"", ""marital-status"": ""Separated"", ""occupation"": ""Handlers-cleaners"", ""relationship"": ""Not-in-family"", ""race"": ""White"", ""capital-gain"": ""0"", ""capital-loss"": ""0"", ""hours-per-week"": ""65"", ""native-country"": ""United-States""}",gender=Male,gender=Male,gender=Male,,gender=Female,gender=Female,gender=Male,0,<=50K | Not-in-family | Separated | HS-grad | Private,2,2,"{""gender=Female"": ""<=50K"", ""gender=Male"": ""<=50K""}","{""gender=Female"": {""alpha"": 1.0, ""margin"": 0.8972461505788134, ""p_observed"": 0.9486230752894066, ""prior_probability"": 0.1, ""score"": 0.9486230752894066}, ""gender=Male"": {""alpha"": 1.0, ""margin"": 0.8694948104783631, ""p_observed"": 0.9347474052391815, ""prior_probability"": 0.9, ""score"": 0.9347474052391815}}","{""gender=Female"": {""alpha"": 1.0, ""margin"": 0.8972461505788134, ""p_observed"": 0.9486230752894066, ""prior_probability"": 0.1, ""score"": 0.8972461505788134}, ""gender=Male"": {""alpha"": 1.0, ""margin"": 0.8694948104783631, ""p_observed"": 0.9347474052391815, ""prior_probability"": 0.9, ""score"": 0.8694948104783631}}","{""gender=Female"": {""alpha"": 0.0, ""margin"": 0.8972461505788134, ""p_observed"": 0.9486230752894066, ""prior_probability"": 0.1, ""score"": -2.3025850929940455}, ""gender=Male"": {""alpha"": 0.0, ""margin"": 0.8694948104783631, ""p_observed"": 0.9347474052391815, ""prior_probability"": 0.9, ""score"": -0.10536051565782628}}"
456,Female,White,gender=Female,<=50K,"{""age"": ""33"", ""workclass"": ""Private"", ""fnlwgt"": ""283268"", ""education"": ""Bachelors"", ""educational-num"": ""13"", ""marital-status"": ""Divorced"", ""occupation"": ""Exec-managerial"", ""relationship"": ""Unmarried"", ""race"": ""White"", ""capital-gain"": ""0"", ""capital-loss"": ""0"", ""hours-per-week"": ""40"", ""native-country"": ""United-States""}",gender=Male,gender=Female,gender=Female,,gender=Female,gender=Female,gender=Female,0,<=50K | Unmarried | Divorced | Bachelors | Private,2,2,"{""gender=Female"": ""<=50K"", ""gender=Male"": ""<=50K""}","{""gender=Female"": {""alpha"": 1.0, ""margin"": 0.7238939408381075, ""p_observed"": 0.8619469704190539, ""prior_probability"": 0.696969696969697, ""score"": 0.8619469704190539}, ""gender=Male"": {""alpha"": 1.0, ""margin"": 0.6412673796177455, ""p_observed"": 0.8206336898088727, ""prior_probability"": 0.30303030303030304, ""score"": 0.8206336898088727}}","{""gender=Female"": {""alpha"": 1.0, ""margin"": 0.7238939408381075, ""p_observed"": 0.8619469704190539, ""prior_probability"": 0.696969696969697, ""score"": 0.7238939408381075}, ""gender=Male"": {""alpha"": 1.0, ""margin"": 0.6412673796177455, ""p_observed"": 0.8206336898088727, ""prior_probability"": 0.30303030303030304, ""score"": 0.6412673796177455}}","{""gender=Female"": {""alpha"": 0.0, ""margin"": 0.7238939408381075, ""p_observed"": 0.8619469704190539, ""prior_probability"": 0.696969696969697, ""score"": -0.3610133455373305}, ""gender=Male"": {""alpha"": 0.0, ""margin"": 0.6412673796177455, ""p_observed"": 0.8206336898088727, ""prior_probability"": 0.30303030303030304, ""score"": -1.1939224684724346}}"
457,Male,White,gender=Male,>50K,"{""age"": ""47"", ""workclass"": ""Private"", ""fnlwgt"": ""168262"", ""education"": ""Some-college"", ""educational-num"": ""10"", ""marital-status"": ""Married-civ-spouse"", ""occupation"": ""Exec-managerial"", ""relationship"": ""Husband"", ""race"": ""White"", ""capital-gain"": ""0"", ""capital-loss"": ""0"", ""hours-per-week"": ""60"", ""native-country"": ""United-States""}",gender=Male,gender=Male,gender=Male,,gender=Male,gender=Male,gender=Male,0,>50K | Husband | Married-civ-spouse | Some-college | Private,2,2,"{""gender=Female"": ""<=50K"", ""gender=Male"": "">50K""}","{""gender=Female"": {""alpha"": 1.0, ""margin"": -0.019461099108012303, ""p_observed"": 0.4902694504459938, ""prior_probability"": 0.004273504273504274, ""score"": 0.4902694504459938}, ""gender=Male"": {""alpha"": 1.0, ""margin"": 0.19228316105926674, ""p_observed"": 0.5961415805296334, ""prior_probability"": 0.9957264957264957, ""score"": 0.5961415805296334}}","{""gender=Female"": {""alpha"": 1.0, ""margin"": -0.019461099108012303, ""p_observed"": 0.4902694504459938, ""prior_probability"": 0.004273504273504274, ""score"": -0.019461099108012303}, ""gender=Male"": {""alpha"": 1.0, ""margin"": 0.19228316105926674, ""p_observed"": 0.5961415805296334, ""prior_probability"": 0.9957264957264957, ""score"": 0.19228316105926674}}","{""gender=Female"": {""alpha"": 0.0, ""margin"": -0.019461099108012303, ""p_observed"": 0.4902694504459938, ""prior_probability"": 0.004273504273504274, ""score"": -5.455321115357702}, ""gender=Male"": {""alpha"": 0.0, ""margin"": 0.19228316105926674, ""p_observed"": 0.5961415805296334, ""prior_probability"": 0.9957264957264957, ""score"": -0.004282661792000848}}"
458,Female,White,gender=Female,<=50K,"{""age"": ""29"", ""workclass"": ""Federal-gov"", ""fnlwgt"": ""119848"", ""education"": ""Bachelors"", ""educational-num"": ""13"", ""marital-status"": ""Never-married"", ""occupation"": ""Prof-specialty"", ""relationship"": ""Not-in-family"", ""race"": ""White"", ""capital-gain"": ""0"", ""capital-loss"": ""0"", ""hours-per-week"": ""40"", ""native-country"": ""United-States""}",gender=Male,gender=Female,gender=Female,,gender=Female,gender=Female,gender=Female,0,<=50K | Not-in-family | Never-married | Bachelors | Federal-gov,2,2,"{""gender=Female"": ""<=50K"", ""gender=Male"": ""<=50K""}","{""gender=Female"": {""alpha"": 1.0, ""margin"": 0.8685388009193076, ""p_observed"": 0.9342694004596538, ""prior_probability"": 0.5366666666666666, ""score"": 0.9342694004596538}, ""gender=Male"": {""alpha"": 1.0, ""margin"": 0.741153252485067, ""p_observed"": 0.8705766262425335, ""prior_probability"": 0.4633333333333333, ""score"": 0.8705766262425335}}","{""gender=Female"": {""alpha"": 1.0, ""margin"": 0.8685388009193076, ""p_observed"": 0.9342694004596538, ""prior_probability"": 0.5366666666666666, ""score"": 0.8685388009193076}, ""gender=Male"": {""alpha"": 1.0, ""margin"": 0.741153252485067, ""p_observed"": 0.8705766262425335, ""prior_probability"": 0.4633333333333333, ""score"": 0.741153252485067}}","{""gender=Female"": {""alpha"": 0.0, ""margin"": 0.8685388009193076, ""p_observed"": 0.9342694004596538, ""prior_probability"": 0.5366666666666666, ""score"": -0.6223781096717381}, ""gender=Male"": {""alpha"": 0.0, ""margin"": 0.741153252485067, ""p_observed"": 0.8705766262425335, ""prior_probability"": 0.4633333333333333, ""score"": -0.7693085415255093}}"
459,Male,Black,gender=Male,<=50K,"{""age"": ""30"", ""workclass"": ""Private"", ""fnlwgt"": ""264025"", ""education"": ""HS-grad"", ""educational-num"": ""9"", ""marital-status"": ""Separated"", ""occupation"": ""Transport-moving"", ""relationship"": ""Unmarried"", ""race"": ""Black"", ""capital-gain"": ""1506"", ""capital-loss"": ""0"", ""hours-per-week"": ""80"", ""native-country"": ""United-States""}",gender=Male,gender=Female,gender=Female,,gender=Female,gender=Female,gender=Female,0,<=50K | Unmarried | Separated | HS-grad | Private,2,2,"{""gender=Female"": ""<=50K"", ""gender=Male"": ""<=50K""}","{""gender=Female"": {""alpha"": 1.0, ""margin"": 0.881794331797621, ""p_observed"": 0.9408971658988105, ""prior_probability"": 0.6666666666666666, ""score"": 0.9408971658988105}, ""gender=Male"": {""alpha"": 1.0, ""margin"": 0.763053534556688, ""p_observed"": 0.881526767278344, ""prior_probability"": 0.3333333333333333, ""score"": 0.881526767278344}}","{""gender=Female"": {""alpha"": 1.0, ""margin"": 0.881794331797621, ""p_observed"": 0.9408971658988105, ""prior_probability"": 0.6666666666666666, ""score"": 0.881794331797621}, ""gender=Male"": {""alpha"": 1.0, ""margin"": 0.763053534556688, ""p_observed"": 0.881526767278344, ""prior_probability"": 0.3333333333333333, ""score"": 0.763053534556688}}","{""gender=Female"": {""alpha"": 0.0, ""margin"": 0.881794331797621, ""p_observed"": 0.9408971658988105, ""prior_probability"": 0.6666666666666666, ""score"": -0.40546510810816444}, ""gender=Male"": {""alpha"": 0.0, ""margin"": 0.763053534556688, ""p_observed"": 0.881526767278344, ""prior_probability"": 0.3333333333333333, ""score"": -1.0986122886681098}}"
460,Male,White,gender=Male,>50K,"{""age"": ""44"", ""workclass"": ""Private"", ""fnlwgt"": ""214546"", ""education"": ""Some-college"", ""educational-num"": ""10"", ""marital-status"": ""Married-civ-spouse"", ""occupation"": ""Transport-moving"", ""relationship"": ""Husband"", ""race"": ""White"", ""capital-gain"": ""0"", ""capital-loss"": ""0"", ""hours-per-week"": ""48"", ""native-country"": ""United-States""}",gender=Male,gender=Male,gender=Male,,gender=Male,gender=Male,gender=Male,0,>50K | Husband | Married-civ-spouse | Some-college | Private,2,2,"{""gender=Female"": ""<=50K"", ""gender=Male"": ""<=50K""}","{""gender=Female"": {""alpha"": 1.0, ""margin"": -0.2497460477376217, ""p_observed"": 0.375126976131189, ""prior_probability"": 0.01694915254237288, ""score"": 0.375126976131189}, ""gender=Male"": {""alpha"": 1.0, ""margin"": -0.14386479834943355, ""p_observed"": 0.42806760082528317, ""prior_probability"": 0.9830508474576272, ""score"": 0.42806760082528317}}","{""gender=Female"": {""alpha"": 1.0, ""margin"": -0.2497460477376217, ""p_observed"": 0.375126976131189, ""prior_probability"": 0.01694915254237288, ""score"": -0.2497460477376217}, ""gender=Male"": {""alpha"": 1.0, ""margin"": -0.14386479834943355, ""p_observed"": 0.42806760082528317, ""prior_probability"": 0.9830508474576272, ""score"": -0.14386479834943355}}","{""gender=Female"": {""alpha"": 0.0, ""margin"": -0.2497460477376217, ""p_observed"": 0.375126976131189, ""prior_probability"": 0.01694915254237288, ""score"": -4.07753744390572}, ""gender=Male"": {""alpha"": 0.0, ""margin"": -0.14386479834943355, ""p_observed"": 0.42806760082528317, ""prior_probability"": 0.9830508474576272, ""score"": -0.017094433359300068}}"
461,Female,Asian-Pac-Islander,gender=Female,>50K,"{""age"": ""52"", ""workclass"": ""Federal-gov"", ""fnlwgt"": ""76131"", ""education"": ""Some-college"", ""educational-num"": ""10"", ""marital-status"": ""Married-civ-spouse"", ""occupation"": ""Exec-managerial"", ""relationship"": ""Wife"", ""race"": ""Asian-Pac-Islander"", ""capital-gain"": ""0"", ""capital-loss"": ""0"", ""hours-per-week"": ""40"", ""native-country"": ""United-States""}",gender=Male,gender=Female,gender=Female,,gender=Female,gender=Female,gender=Female,0,>50K | Wife | Married-civ-spouse | Some-college | Federal-gov,2,2,"{""gender=Female"": "">50K"", ""gender=Male"": ""<=50K""}","{""gender=Female"": {""alpha"": 1.0, ""margin"": 0.05026037835723518, ""p_observed"": 0.5251301891786175, ""prior_probability"": 0.9696969696969697, ""score"": 0.5251301891786175}, ""gender=Male"": {""alpha"": 1.0, ""margin"": -0.06426563864872542, ""p_observed"": 0.4678671806756373, ""prior_probability"": 0.030303030303030304, ""score"": 0.4678671806756373}}","{""gender=Female"": {""alpha"": 1.0, ""margin"": 0.05026037835723518, ""p_observed"": 0.5251301891786175, ""prior_probability"": 0.9696969696969697, ""score"": 0.05026037835723518}, ""gender=Male"": {""alpha"": 1.0, ""margin"": -0.06426563864872542, ""p_observed"": 0.4678671806756373, ""prior_probability"": 0.030303030303030304, ""score"": -0.06426563864872542}}","{""gender=Female"": {""alpha"": 0.0, ""margin"": 0.05026037835723518, ""p_observed"": 0.5251301891786175, ""prior_probability"": 0.9696969696969697, ""score"": -0.03077165866675366}, ""gender=Male"": {""alpha"": 0.0, ""margin"": -0.06426563864872542, ""p_observed"": 0.4678671806756373, ""prior_probability"": 0.030303030303030304, ""score"": -3.4965075614664802}}"
462,Female,White,gender=Female,<=50K,"{""age"": ""39"", ""workclass"": ""Private"", ""fnlwgt"": ""190728"", ""education"": ""HS-grad"", ""educational-num"": ""9"", ""marital-status"": ""Never-married"", ""occupation"": ""Adm-clerical"", ""relationship"": ""Not-in-family"", ""race"": ""White"", ""capital-gain"": ""0"", ""capital-loss"": ""0"", ""hours-per-week"": ""40"", ""native-country"": ""United-States""}",gender=Male,gender=Female,gender=Female,gender=Female,gender=Female,gender=Female,gender=Female,1,<=50K | Not-in-family | Never-married | HS-grad | Private,2,2,"{""gender=Female"": ""<=50K"", ""gender=Male"": ""<=50K""}","{""gender=Female"": {""alpha"": 1.0, ""margin"": 0.9488810714943883, ""p_observed"": 0.9744405357471939, ""prior_probability"": 0.6936416184971098, ""score"": 0.9744405357471939}, ""gender=Male"": {""alpha"": 1.0, ""margin"": 0.9304600154527279, ""p_observed"": 0.9652300077263636, ""prior_probability"": 0.3063583815028902, ""score"": 0.9652300077263636}}","{""gender=Female"": {""alpha"": 1.0, ""margin"": 0.9488810714943883, ""p_observed"": 0.9744405357471939, ""prior_probability"": 0.6936416184971098, ""score"": 0.9488810714943883}, ""gender=Male"": {""alpha"": 1.0, ""margin"": 0.9304600154527279, ""p_observed"": 0.9652300077263636, ""prior_probability"": 0.3063583815028902, ""score"": 0.9304600154527279}}","{""gender=Female"": {""alpha"": 0.0, ""margin"": 0.9488810714943883, ""p_observed"": 0.9744405357471939, ""prior_probability"": 0.6936416184971098, ""score"": -0.365799851715733}, ""gender=Male"": {""alpha"": 0.0, ""margin"": 0.9304600154527279, ""p_observed"": 0.9652300077263636, ""prior_probability"": 0.3063583815028902, ""score"": -1.182999680945657}}"
463,Male,White,gender=Male,<=50K,"{""age"": ""29"", ""workclass"": ""Private"", ""fnlwgt"": ""289960"", ""education"": ""HS-grad"", ""educational-num"": ""9"", ""marital-status"": ""Married-civ-spouse"", ""occupation"": ""Machine-op-inspct"", ""relationship"": ""Husband"", ""race"": ""White"", ""capital-gain"": ""0"", ""capital-loss"": ""0"", ""hours-per-week"": ""48"", ""native-country"": ""United-States""}",gender=Male,gender=Male,gender=Male,,gender=Female,gender=Female,gender=Male,0,<=50K | Husband | Married-civ-spouse | HS-grad | Private,2,2,"{""gender=Female"": ""<=50K"", ""gender=Male"": ""<=50K""}","{""gender=Female"": {""alpha"": 1.0, ""margin"": 0.5884181129428514, ""p_observed"": 0.7942090564714256, ""prior_probability"": 0.0033783783783783786, ""score"": 0.7942090564714256}, ""gender=Male"": {""alpha"": 1.0, ""margin"": 0.5156289765324329, ""p_observed"": 0.7578144882662162, ""prior_probability"": 0.9966216216216216, ""score"": 0.7578144882662162}}","{""gender=Female"": {""alpha"": 1.0, ""margin"": 0.5884181129428514, ""p_observed"": 0.7942090564714256, ""prior_probability"": 0.0033783783783783786, ""score"": 0.5884181129428514}, ""gender=Male"": {""alpha"": 1.0, ""margin"": 0.5156289765324329, ""p_observed"": 0.7578144882662162, ""prior_probability"": 0.9966216216216216, ""score"": 0.5156289765324329}}","{""gender=Female"": {""alpha"": 0.0, ""margin"": 0.5884181129428514, ""p_observed"": 0.7942090564714256, ""prior_probability"": 0.0033783783783783786, ""score"": -5.69035945432406}, ""gender=Male"": {""alpha"": 0.0, ""margin"": 0.5156289765324329, ""p_observed"": 0.7578144882662162, ""prior_probability"": 0.9966216216216216, ""score"": -0.0033840979842405684}}"
464,Male,White,gender=Male,>50K,"{""age"": ""64"", ""workclass"": ""Private"", ""fnlwgt"": ""98586"", ""education"": ""Doctorate"", ""educational-num"": ""16"", ""marital-status"": ""Married-civ-spouse"", ""occupation"": ""Prof-specialty"", ""relationship"": ""Husband"", ""race"": ""White"", ""capital-gain"": ""0"", ""capital-loss"": ""0"", ""hours-per-week"": ""60"", ""native-country"": ""United-States""}",gender=Male,gender=Male,gender=Male,,gender=Male,gender=Male,gender=Male,0,>50K | Husband | Married-civ-spouse | Doctorate | Private,2,2,"{""gender=Female"": "">50K"", ""gender=Male"": "">50K""}","{""gender=Female"": {""alpha"": 1.0, ""margin"": 0.3745754519776014, ""p_observed"": 0.6872877259888006, ""prior_probability"": 0.007352941176470588, ""score"": 0.6872877259888006}, ""gender=Male"": {""alpha"": 1.0, ""margin"": 0.49219509827193564, ""p_observed"": 0.7460975491359678, ""prior_probability"": 0.9926470588235294, ""score"": 0.7460975491359678}}","{""gender=Female"": {""alpha"": 1.0, ""margin"": 0.3745754519776014, ""p_observed"": 0.6872877259888006, ""prior_probability"": 0.007352941176470588, ""score"": 0.3745754519776014}, ""gender=Male"": {""alpha"": 1.0, ""margin"": 0.49219509827193564, ""p_observed"": 0.7460975491359678, ""prior_probability"": 0.9926470588235294, ""score"": 0.49219509827193564}}","{""gender=Female"": {""alpha"": 0.0, ""margin"": 0.3745754519776014, ""p_observed"": 0.6872877259888006, ""prior_probability"": 0.007352941176470588, ""score"": -4.912654885736052}, ""gender=Male"": {""alpha"": 0.0, ""margin"": 0.49219509827193564, ""p_observed"": 0.7460975491359678, ""prior_probability"": 0.9926470588235294, ""score"": -0.007380107297622534}}"
465,Male,White,gender=Male,<=50K,"{""age"": ""41"", ""workclass"": ""Private"", ""fnlwgt"": ""195897"", ""education"": ""Some-college"", ""educational-num"": ""10"", ""marital-status"": ""Married-civ-spouse"", ""occupation"": ""Sales"", ""relationship"": ""Husband"", ""race"": ""White"", ""capital-gain"": ""0"", ""capital-loss"": ""0"", ""hours-per-week"": ""50"", ""native-country"": ""United-States""}",gender=Male,gender=Male,gender=Male,,gender=Female,gender=Female,gender=Male,0,<=50K | Husband | Married-civ-spouse | Some-college | Private,2,2,"{""gender=Female"": ""<=50K"", ""gender=Male"": ""<=50K""}","{""gender=Female"": {""alpha"": 1.0, ""margin"": 0.24668299215585038, ""p_observed"": 0.6233414960779251, ""prior_probability"": 0.006134969325153374, ""score"": 0.6233414960779251}, ""gender=Male"": {""alpha"": 1.0, ""margin"": 0.1263941446668287, ""p_observed"": 0.5631970723334143, ""prior_probability"": 0.9938650306748467, ""score"": 0.5631970723334143}}","{""gender=Female"": {""alpha"": 1.0, ""margin"": 0.24668299215585038, ""p_observed"": 0.6233414960779251, ""prior_probability"": 0.006134969325153374, ""score"": 0.24668299215585038}, ""gender=Male"": {""alpha"": 1.0, ""margin"": 0.1263941446668287, ""p_observed"": 0.5631970723334143, ""prior_probability"": 0.9938650306748467, ""score"": 0.1263941446668287}}","{""gender=Female"": {""alpha"": 0.0, ""margin"": 0.24668299215585038, ""p_observed"": 0.6233414960779251, ""prior_probability"": 0.006134969325153374, ""score"": -5.093750200806762}, ""gender=Male"": {""alpha"": 0.0, ""margin"": 0.1263941446668287, ""p_observed"": 0.5631970723334143, ""prior_probability"": 0.9938650306748467, ""score"": -0.0061538655743782235}}"
466,Male,White,gender=Male,<=50K,"{""age"": ""44"", ""workclass"": ""Private"", ""fnlwgt"": ""112507"", ""education"": ""Some-college"", ""educational-num"": ""10"", ""marital-status"": ""Married-civ-spouse"", ""occupation"": ""Sales"", ""relationship"": ""Husband"", ""race"": ""White"", ""capital-gain"": ""0"", ""capital-loss"": ""0"", ""hours-per-week"": ""40"", ""native-country"": ""United-States""}",gender=Male,gender=Male,gender=Male,,gender=Female,gender=Female,gender=Male,0,<=50K | Husband | Married-civ-spouse | Some-college | Private,2,2,"{""gender=Female"": ""<=50K"", ""gender=Male"": ""<=50K""}","{""gender=Female"": {""alpha"": 1.0, ""margin"": 0.3149670265582888, ""p_observed"": 0.6574835132791443, ""prior_probability"": 0.006134969325153374, ""score"": 0.6574835132791443}, ""gender=Male"": {""alpha"": 1.0, ""margin"": 0.22416232492197946, ""p_observed"": 0.6120811624609898, ""prior_probability"": 0.9938650306748467, ""score"": 0.6120811624609898}}","{""gender=Female"": {""alpha"": 1.0, ""margin"": 0.3149670265582888, ""p_observed"": 0.6574835132791443, ""prior_probability"": 0.006134969325153374, ""score"": 0.3149670265582888}, ""gender=Male"": {""alpha"": 1.0, ""margin"": 0.22416232492197946, ""p_observed"": 0.6120811624609898, ""prior_probability"": 0.9938650306748467, ""score"": 0.22416232492197946}}","{""gender=Female"": {""alpha"": 0.0, ""margin"": 0.3149670265582888, ""p_observed"": 0.6574835132791443, ""prior_probability"": 0.006134969325153374, ""score"": -5.093750200806762}, ""gender=Male"": {""alpha"": 0.0, ""margin"": 0.22416232492197946, ""p_observed"": 0.6120811624609898, ""prior_probability"": 0.9938650306748467, ""score"": -0.0061538655743782235}}"
467,Male,White,gender=Male,<=50K,"{""age"": ""44"", ""workclass"": ""Local-gov"", ""fnlwgt"": ""366180"", ""education"": ""Bachelors"", ""educational-num"": ""13"", ""marital-status"": ""Never-married"", ""occupation"": ""Prof-specialty"", ""relationship"": ""Not-in-family"", ""race"": ""White"", ""capital-gain"": ""0"", ""capital-loss"": ""0"", ""hours-per-week"": ""50"", ""native-country"": ""United-States""}",gender=Male,gender=Female,gender=Female,,gender=Female,gender=Female,gender=Female,0,<=50K | Not-in-family | Never-married | Bachelors | Local-gov,2,2,"{""gender=Female"": ""<=50K"", ""gender=Male"": ""<=50K""}","{""gender=Female"": {""alpha"": 1.0, ""margin"": 0.6094221321989255, ""p_observed"": 0.8047110660994627, ""prior_probability"": 0.5366666666666666, ""score"": 0.8047110660994627}, ""gender=Male"": {""alpha"": 1.0, ""margin"": 0.5137544330212934, ""p_observed"": 0.7568772165106467, ""prior_probability"": 0.4633333333333333, ""score"": 0.7568772165106467}}","{""gender=Female"": {""alpha"": 1.0, ""margin"": 0.6094221321989255, ""p_observed"": 0.8047110660994627, ""prior_probability"": 0.5366666666666666, ""score"": 0.6094221321989255}, ""gender=Male"": {""alpha"": 1.0, ""margin"": 0.5137544330212934, ""p_observed"": 0.7568772165106467, ""prior_probability"": 0.4633333333333333, ""score"": 0.5137544330212934}}","{""gender=Female"": {""alpha"": 0.0, ""margin"": 0.6094221321989255, ""p_observed"": 0.8047110660994627, ""prior_probability"": 0.5366666666666666, ""score"": -0.6223781096717381}, ""gender=Male"": {""alpha"": 0.0, ""margin"": 0.5137544330212934, ""p_observed"": 0.7568772165106467, ""prior_probability"": 0.4633333333333333, ""score"": -0.7693085415255093}}"
468,Male,White,gender=Male,>50K,"{""age"": ""31"", ""workclass"": ""Private"", ""fnlwgt"": ""288566"", ""education"": ""Bachelors"", ""educational-num"": ""13"", ""marital-status"": ""Married-civ-spouse"", ""occupation"": ""Tech-support"", ""relationship"": ""Husband"", ""race"": ""White"", ""capital-gain"": ""0"", ""capital-loss"": ""0"", ""hours-per-week"": ""43"", ""native-country"": ""United-States""}",gender=Male,gender=Male,gender=Male,gender=Male,gender=Male,gender=Male,gender=Male,1,>50K | Husband | Married-civ-spouse | Bachelors | Private,2,2,"{""gender=Female"": "">50K"", ""gender=Male"": "">50K""}","{""gender=Female"": {""alpha"": 1.0, ""margin"": 0.04664135359725258, ""p_observed"": 0.5233206767986263, ""prior_probability"": 0.018518518518518517, ""score"": 0.5233206767986263}, ""gender=Male"": {""alpha"": 1.0, ""margin"": 0.2485584820184123, ""p_observed"": 0.6242792410092062, ""prior_probability"": 0.9814814814814815, ""score"": 0.6242792410092062}}","{""gender=Female"": {""alpha"": 1.0, ""margin"": 0.04664135359725258, ""p_observed"": 0.5233206767986263, ""prior_probability"": 0.018518518518518517, ""score"": 0.04664135359725258}, ""gender=Male"": {""alpha"": 1.0, ""margin"": 0.2485584820184123, ""p_observed"": 0.6242792410092062, ""prior_probability"": 0.9814814814814815, ""score"": 0.2485584820184123}}","{""gender=Female"": {""alpha"": 0.0, ""margin"": 0.04664135359725258, ""p_observed"": 0.5233206767986263, ""prior_probability"": 0.018518518518518517, ""score"": -3.9889840465642745}, ""gender=Male"": {""alpha"": 0.0, ""margin"": 0.2485584820184123, ""p_observed"": 0.6242792410092062, ""prior_probability"": 0.9814814814814815, ""score"": -0.01869213301215252}}"
469,Male,White,gender=Male,<=50K,"{""age"": ""68"", ""workclass"": ""Private"", ""fnlwgt"": ""45508"", ""education"": ""5th-6th"", ""educational-num"": ""3"", ""marital-status"": ""Married-spouse-absent"", ""occupation"": ""Sales"", ""relationship"": ""Not-in-family"", ""race"": ""White"", ""capital-gain"": ""0"", ""capital-loss"": ""0"", ""hours-per-week"": ""22"", ""native-country"": ""United-States""}",gender=Male,gender=Male,gender=Male,,gender=Female,gender=Female,gender=Male,0,<=50K | Not-in-family | Married-spouse-absent | 5th-6th | Private,2,2,"{""gender=Female"": ""<=50K"", ""gender=Male"": ""<=50K""}","{""gender=Female"": {""alpha"": 1.0, ""margin"": 0.9458665351275666, ""p_observed"": 0.9729332675637832, ""prior_probability"": 0.375, ""score"": 0.9729332675637832}, ""gender=Male"": {""alpha"": 1.0, ""margin"": 0.8836244665810911, ""p_observed"": 0.9418122332905454, ""prior_probability"": 0.625, ""score"": 0.9418122332905454}}","{""gender=Female"": {""alpha"": 1.0, ""margin"": 0.9458665351275666, ""p_observed"": 0.9729332675637832, ""prior_probability"": 0.375, ""score"": 0.9458665351275666}, ""gender=Male"": {""alpha"": 1.0, ""margin"": 0.8836244665810911, ""p_observed"": 0.9418122332905454, ""prior_probability"": 0.625, ""score"": 0.8836244665810911}}","{""gender=Female"": {""alpha"": 0.0, ""margin"": 0.9458665351275666, ""p_observed"": 0.9729332675637832, ""prior_probability"": 0.375, ""score"": -0.9808292530117262}, ""gender=Male"": {""alpha"": 0.0, ""margin"": 0.8836244665810911, ""p_observed"": 0.9418122332905454, ""prior_probability"": 0.625, ""score"": -0.4700036292457356}}"
470,Male,White,gender=Male,<=50K,"{""age"": ""37"", ""workclass"": ""Private"", ""fnlwgt"": ""167482"", ""education"": ""HS-grad"", ""educational-num"": ""9"", ""marital-status"": ""Never-married"", ""occupation"": ""Machine-op-inspct"", ""relationship"": ""Own-child"", ""race"": ""White"", ""capital-gain"": ""0"", ""capital-loss"": ""0"", ""hours-per-week"": ""40"", ""native-country"": ""United-States""}",gender=Male,gender=Male,gender=Male,gender=Male,gender=Female,gender=Female,gender=Male,1,<=50K | Own-child | Never-married | HS-grad | Private,2,2,"{""gender=Female"": ""<=50K"", ""gender=Male"": ""<=50K""}","{""gender=Female"": {""alpha"": 1.0, ""margin"": 0.9707332150090731, ""p_observed"": 0.9853666075045364, ""prior_probability"": 0.24299065420560748, ""score"": 0.9853666075045364}, ""gender=Male"": {""alpha"": 1.0, ""margin"": 0.9656840589550605, ""p_observed"": 0.9828420294775301, ""prior_probability"": 0.7570093457943925, ""score"": 0.9828420294775301}}","{""gender=Female"": {""alpha"": 1.0, ""margin"": 0.9707332150090731, ""p_observed"": 0.9853666075045364, ""prior_probability"": 0.24299065420560748, ""score"": 0.9707332150090731}, ""gender=Male"": {""alpha"": 1.0, ""margin"": 0.9656840589550605, ""p_observed"": 0.9828420294775301, ""prior_probability"": 0.7570093457943925, ""score"": 0.9656840589550605}}","{""gender=Female"": {""alpha"": 0.0, ""margin"": 0.9707332150090731, ""p_observed"": 0.9853666075045364, ""prior_probability"": 0.24299065420560748, ""score"": -1.414732296440424}, ""gender=Male"": {""alpha"": 0.0, ""margin"": 0.9656840589550605, ""p_observed"": 0.9828420294775301, ""prior_probability"": 0.7570093457943925, ""score"": -0.2783796797894674}}"
471,Male,Black,gender=Male,<=50K,"{""age"": ""41"", ""workclass"": ""Private"", ""fnlwgt"": ""206565"", ""education"": ""Some-college"", ""educational-num"": ""10"", ""marital-status"": ""Never-married"", ""occupation"": ""Craft-repair"", ""relationship"": ""Not-in-family"", ""race"": ""Black"", ""capital-gain"": ""0"", ""capital-loss"": ""0"", ""hours-per-week"": ""45"", ""native-country"": ""United-States""}",gender=Male,gender=Male,gender=Male,,gender=Female,gender=Female,gender=Male,0,<=50K | Not-in-family | Never-married | Some-college | Private,2,2,"{""gender=Female"": ""<=50K"", ""gender=Male"": ""<=50K""}","{""gender=Female"": {""alpha"": 1.0, ""margin"": 0.9047910325551304, ""p_observed"": 0.9523955162775651, ""prior_probability"": 0.10989010989010989, ""score"": 0.9523955162775651}, ""gender=Male"": {""alpha"": 1.0, ""margin"": 0.8811225753368571, ""p_observed"": 0.9405612876684284, ""prior_probability"": 0.8901098901098901, ""score"": 0.9405612876684284}}","{""gender=Female"": {""alpha"": 1.0, ""margin"": 0.9047910325551304, ""p_observed"": 0.9523955162775651, ""prior_probability"": 0.10989010989010989, ""score"": 0.9047910325551304}, ""gender=Male"": {""alpha"": 1.0, ""margin"": 0.8811225753368571, ""p_observed"": 0.9405612876684284, ""prior_probability"": 0.8901098901098901, ""score"": 0.8811225753368571}}","{""gender=Female"": {""alpha"": 0.0, ""margin"": 0.9047910325551304, ""p_observed"": 0.9523955162775651, ""prior_probability"": 0.10989010989010989, ""score"": -2.2082744135228043}, ""gender=Male"": {""alpha"": 0.0, ""margin"": 0.8811225753368571, ""p_observed"": 0.9405612876684284, ""prior_probability"": 0.8901098901098901, ""score"": -0.11641035184441134}}"
472,Male,White,gender=Male,<=50K,"{""age"": ""27"", ""workclass"": ""Private"", ""fnlwgt"": ""38918"", ""education"": ""HS-grad"", ""educational-num"": ""9"", ""marital-status"": ""Never-married"", ""occupation"": ""Transport-moving"", ""relationship"": ""Not-in-family"", ""race"": ""White"", ""capital-gain"": ""0"", ""capital-loss"": ""1876"", ""hours-per-week"": ""75"", ""native-country"": ""United-States""}",gender=Male,gender=Male,gender=Male,gender=Male,gender=Male,gender=Male,gender=Male,1,<=50K | Not-in-family | Never-married | HS-grad | Private,2,2,"{""gender=Female"": ""<=50K"", ""gender=Male"": ""<=50K""}","{""gender=Female"": {""alpha"": 1.0, ""margin"": 0.8541657589139009, ""p_observed"": 0.9270828794569503, ""prior_probability"": 0.09375, ""score"": 0.9270828794569503}, ""gender=Male"": {""alpha"": 1.0, ""margin"": 0.8785264738907094, ""p_observed"": 0.9392632369453546, ""prior_probability"": 0.90625, ""score"": 0.9392632369453546}}","{""gender=Female"": {""alpha"": 1.0, ""margin"": 0.8541657589139009, ""p_observed"": 0.9270828794569503, ""prior_probability"": 0.09375, ""score"": 0.8541657589139009}, ""gender=Male"": {""alpha"": 1.0, ""margin"": 0.8785264738907094, ""p_observed"": 0.9392632369453546, ""prior_probability"": 0.90625, ""score"": 0.8785264738907094}}","{""gender=Female"": {""alpha"": 0.0, ""margin"": 0.8541657589139009, ""p_observed"": 0.9270828794569503, ""prior_probability"": 0.09375, ""score"": -2.367123614131617}, ""gender=Male"": {""alpha"": 0.0, ""margin"": 0.8785264738907094, ""p_observed"": 0.9392632369453546, ""prior_probability"": 0.90625, ""score"": -0.09844007281325252}}"
473,Female,White,gender=Female,<=50K,"{""age"": ""64"", ""workclass"": ""Private"", ""fnlwgt"": ""135527"", ""education"": ""Assoc-voc"", ""educational-num"": ""11"", ""marital-status"": ""Divorced"", ""occupation"": ""Tech-support"", ""relationship"": ""Not-in-family"", ""race"": ""White"", ""capital-gain"": ""0"", ""capital-loss"": ""0"", ""hours-per-week"": ""40"", ""native-country"": ""United-States""}",gender=Male,gender=Female,gender=Female,,gender=Female,gender=Female,gender=Female,0,<=50K | Not-in-family | Divorced | Assoc-voc | Private,2,2,"{""gender=Female"": ""<=50K"", ""gender=Male"": ""<=50K""}","{""gender=Female"": {""alpha"": 1.0, ""margin"": 0.9157143208637643, ""p_observed"": 0.9578571604318821, ""prior_probability"": 0.6923076923076923, ""score"": 0.9578571604318821}, ""gender=Male"": {""alpha"": 1.0, ""margin"": 0.8244408325227812, ""p_observed"": 0.9122204162613906, ""prior_probability"": 0.3076923076923077, ""score"": 0.9122204162613906}}","{""gender=Female"": {""alpha"": 1.0, ""margin"": 0.9157143208637643, ""p_observed"": 0.9578571604318821, ""prior_probability"": 0.6923076923076923, ""score"": 0.9157143208637643}, ""gender=Male"": {""alpha"": 1.0, ""margin"": 0.8244408325227812, ""p_observed"": 0.9122204162613906, ""prior_probability"": 0.3076923076923077, ""score"": 0.8244408325227812}}","{""gender=Female"": {""alpha"": 0.0, ""margin"": 0.9157143208637643, ""p_observed"": 0.9578571604318821, ""prior_probability"": 0.6923076923076923, ""score"": -0.3677247801253174}, ""gender=Male"": {""alpha"": 0.0, ""margin"": 0.8244408325227812, ""p_observed"": 0.9122204162613906, ""prior_probability"": 0.3076923076923077, ""score"": -1.1786549963416462}}"
474,Female,White,gender=Female,<=50K,"{""age"": ""26"", ""workclass"": ""Private"", ""fnlwgt"": ""109097"", ""education"": ""HS-grad"", ""educational-num"": ""9"", ""marital-status"": ""Divorced"", ""occupation"": ""Adm-clerical"", ""relationship"": ""Unmarried"", ""race"": ""White"", ""capital-gain"": ""0"", ""capital-loss"": ""0"", ""hours-per-week"": ""48"", ""native-country"": ""United-States""}",gender=Male,gender=Female,gender=Female,,gender=Female,gender=Female,gender=Female,0,<=50K | Unmarried | Divorced | HS-grad | Private,2,2,"{""gender=Female"": ""<=50K"", ""gender=Male"": ""<=50K""}","{""gender=Female"": {""alpha"": 1.0, ""margin"": 0.9484108785821348, ""p_observed"": 0.9742054392910674, ""prior_probability"": 0.9328358208955224, ""score"": 0.9742054392910674}, ""gender=Male"": {""alpha"": 1.0, ""margin"": 0.899864646027924, ""p_observed"": 0.9499323230139621, ""prior_probability"": 0.06716417910447761, ""score"": 0.9499323230139621}}","{""gender=Female"": {""alpha"": 1.0, ""margin"": 0.9484108785821348, ""p_observed"": 0.9742054392910674, ""prior_probability"": 0.9328358208955224, ""score"": 0.9484108785821348}, ""gender=Male"": {""alpha"": 1.0, ""margin"": 0.899864646027924, ""p_observed"": 0.9499323230139621, ""prior_probability"": 0.06716417910447761, ""score"": 0.899864646027924}}","{""gender=Female"": {""alpha"": 0.0, ""margin"": 0.9484108785821348, ""p_observed"": 0.9742054392910674, ""prior_probability"": 0.9328358208955224, ""score"": -0.06952606264861022}, ""gender=Male"": {""alpha"": 0.0, ""margin"": 0.899864646027924, ""p_observed"": 0.9499323230139621, ""prior_probability"": 0.06716417910447761, ""score"": -2.700615222614692}}"
475,Male,White,gender=Male,>50K,"{""age"": ""42"", ""workclass"": ""Private"", ""fnlwgt"": ""212894"", ""education"": ""Bachelors"", ""educational-num"": ""13"", ""marital-status"": ""Married-civ-spouse"", ""occupation"": ""Sales"", ""relationship"": ""Husband"", ""race"": ""White"", ""capital-gain"": ""0"", ""capital-loss"": ""0"", ""hours-per-week"": ""70"", ""native-country"": ""United-States""}",gender=Male,gender=Male,gender=Male,gender=Male,gender=Male,gender=Male,gender=Male,1,>50K | Husband | Married-civ-spouse | Bachelors | Private,2,2,"{""gender=Female"": "">50K"", ""gender=Male"": "">50K""}","{""gender=Female"": {""alpha"": 1.0, ""margin"": 0.10152813308178732, ""p_observed"": 0.5507640665408935, ""prior_probability"": 0.003472222222222222, ""score"": 0.5507640665408935}, ""gender=Male"": {""alpha"": 1.0, ""margin"": 0.34082286667022926, ""p_observed"": 0.6704114333351145, ""prior_probability"": 0.9965277777777778, ""score"": 0.6704114333351145}}","{""gender=Female"": {""alpha"": 1.0, ""margin"": 0.10152813308178732, ""p_observed"": 0.5507640665408935, ""prior_probability"": 0.003472222222222222, ""score"": 0.10152813308178732}, ""gender=Male"": {""alpha"": 1.0, ""margin"": 0.34082286667022926, ""p_observed"": 0.6704114333351145, ""prior_probability"": 0.9965277777777778, ""score"": 0.34082286667022926}}","{""gender=Female"": {""alpha"": 0.0, ""margin"": 0.10152813308178732, ""p_observed"": 0.5507640665408935, ""prior_probability"": 0.003472222222222222, ""score"": -5.662960480135946}, ""gender=Male"": {""alpha"": 0.0, ""margin"": 0.34082286667022926, ""p_observed"": 0.6704114333351145, ""prior_probability"": 0.9965277777777778, ""score"": -0.0034782643763248086}}"
476,Male,White,gender=Male,>50K,"{""age"": ""36"", ""workclass"": ""Local-gov"", ""fnlwgt"": ""410034"", ""education"": ""Bachelors"", ""educational-num"": ""13"", ""marital-status"": ""Married-civ-spouse"", ""occupation"": ""Prof-specialty"", ""relationship"": ""Husband"", ""race"": ""White"", ""capital-gain"": ""0"", ""capital-loss"": ""1887"", ""hours-per-week"": ""40"", ""native-country"": ""United-States""}",gender=Male,gender=Male,gender=Male,,gender=Male,gender=Male,gender=Male,0,>50K | Husband | Married-civ-spouse | Bachelors | Local-gov,2,2,"{""gender=Female"": "">50K"", ""gender=Male"": "">50K""}","{""gender=Female"": {""alpha"": 1.0, ""margin"": 0.4862448829107044, ""p_observed"": 0.7431224414553521, ""prior_probability"": 0.0029069767441860465, ""score"": 0.7431224414553521}, ""gender=Male"": {""alpha"": 1.0, ""margin"": 0.6205838175243208, ""p_observed"": 0.8102919087621604, ""prior_probability"": 0.997093023255814, ""score"": 0.8102919087621604}}","{""gender=Female"": {""alpha"": 1.0, ""margin"": 0.4862448829107044, ""p_observed"": 0.7431224414553521, ""prior_probability"": 0.0029069767441860465, ""score"": 0.4862448829107044}, ""gender=Male"": {""alpha"": 1.0, ""margin"": 0.6205838175243208, ""p_observed"": 0.8102919087621604, ""prior_probability"": 0.997093023255814, ""score"": 0.6205838175243208}}","{""gender=Female"": {""alpha"": 0.0, ""margin"": 0.4862448829107044, ""p_observed"": 0.7431224414553521, ""prior_probability"": 0.0029069767441860465, ""score"": -5.840641657373398}, ""gender=Male"": {""alpha"": 0.0, ""margin"": 0.6205838175243208, ""p_observed"": 0.8102919087621604, ""prior_probability"": 0.997093023255814, ""score"": -0.0029112102074584415}}"
477,Female,White,gender=Female,<=50K,"{""age"": ""70"", ""workclass"": ""Private"", ""fnlwgt"": ""170428"", ""education"": ""Bachelors"", ""educational-num"": ""13"", ""marital-status"": ""Widowed"", ""occupation"": ""Prof-specialty"", ""relationship"": ""Unmarried"", ""race"": ""White"", ""capital-gain"": ""0"", ""capital-loss"": ""0"", ""hours-per-week"": ""20"", ""native-country"": ""Puerto-Rico""}",gender=Male,gender=Female,gender=Female,,gender=Female,gender=Female,gender=Female,0,<=50K | Unmarried | Widowed | Bachelors | Private,2,2,"{""gender=Female"": ""<=50K"", ""gender=Male"": ""<=50K""}","{""gender=Female"": {""alpha"": 1.0, ""margin"": 0.6236964050972376, ""p_observed"": 0.8118482025486188, ""prior_probability"": 0.8888888888888888, ""score"": 0.8118482025486188}, ""gender=Male"": {""alpha"": 1.0, ""margin"": 0.3784925691945634, ""p_observed"": 0.6892462845972818, ""prior_probability"": 0.1111111111111111, ""score"": 0.6892462845972818}}","{""gender=Female"": {""alpha"": 1.0, ""margin"": 0.6236964050972376, ""p_observed"": 0.8118482025486188, ""prior_probability"": 0.8888888888888888, ""score"": 0.6236964050972376}, ""gender=Male"": {""alpha"": 1.0, ""margin"": 0.3784925691945634, ""p_observed"": 0.6892462845972818, ""prior_probability"": 0.1111111111111111, ""score"": 0.3784925691945634}}","{""gender=Female"": {""alpha"": 0.0, ""margin"": 0.6236964050972376, ""p_observed"": 0.8118482025486188, ""prior_probability"": 0.8888888888888888, ""score"": -0.11778303565638351}, ""gender=Male"": {""alpha"": 0.0, ""margin"": 0.3784925691945634, ""p_observed"": 0.6892462845972818, ""prior_probability"": 0.1111111111111111, ""score"": -2.1972245773362196}}"
478,Female,Asian-Pac-Islander,gender=Female,<=50K,"{""age"": ""26"", ""workclass"": ""Private"", ""fnlwgt"": ""129661"", ""education"": ""Bachelors"", ""educational-num"": ""13"", ""marital-status"": ""Never-married"", ""occupation"": ""Adm-clerical"", ""relationship"": ""Not-in-family"", ""race"": ""Asian-Pac-Islander"", ""capital-gain"": ""0"", ""capital-loss"": ""0"", ""hours-per-week"": ""40"", ""native-country"": ""United-States""}",gender=Male,gender=Female,gender=Female,,gender=Female,gender=Female,gender=Female,0,<=50K | Not-in-family | Never-married | Bachelors | Private,2,2,"{""gender=Female"": ""<=50K"", ""gender=Male"": ""<=50K""}","{""gender=Female"": {""alpha"": 1.0, ""margin"": 0.9345395429072104, ""p_observed"": 0.9672697714536053, ""prior_probability"": 0.6183206106870229, ""score"": 0.9672697714536053}, ""gender=Male"": {""alpha"": 1.0, ""margin"": 0.9041063981803817, ""p_observed"": 0.9520531990901908, ""prior_probability"": 0.3816793893129771, ""score"": 0.9520531990901908}}","{""gender=Female"": {""alpha"": 1.0, ""margin"": 0.9345395429072104, ""p_observed"": 0.9672697714536053, ""prior_probability"": 0.6183206106870229, ""score"": 0.9345395429072104}, ""gender=Male"": {""alpha"": 1.0, ""margin"": 0.9041063981803817, ""p_observed"": 0.9520531990901908, ""prior_probability"": 0.3816793893129771, ""score"": 0.9041063981803817}}","{""gender=Female"": {""alpha"": 0.0, ""margin"": 0.9345395429072104, ""p_observed"": 0.9672697714536053, ""prior_probability"": 0.6183206106870229, ""score"": -0.4807481685287127}, ""gender=Male"": {""alpha"": 0.0, ""margin"": 0.9041063981803817, ""p_observed"": 0.9520531990901908, ""prior_probability"": 0.3816793893129771, ""score"": -0.9631743177730054}}"
479,Male,White,gender=Male,<=50K,"{""age"": ""19"", ""workclass"": ""Private"", ""fnlwgt"": ""137578"", ""education"": ""Some-college"", ""educational-num"": ""10"", ""marital-status"": ""Never-married"", ""occupation"": ""Adm-clerical"", ""relationship"": ""Own-child"", ""race"": ""White"", ""capital-gain"": ""0"", ""capital-loss"": ""0"", ""hours-per-week"": ""10"", ""native-country"": ""United-States""}",gender=Male,gender=Female,gender=Female,gender=Female,gender=Female,gender=Female,gender=Female,1,<=50K | Own-child | Never-married | Some-college | Private,2,2,"{""gender=Female"": ""<=50K"", ""gender=Male"": ""<=50K""}","{""gender=Female"": {""alpha"": 1.0, ""margin"": 0.9921333069230054, ""p_observed"": 0.9960666534615026, ""prior_probability"": 0.6830188679245283, ""score"": 0.9960666534615026}, ""gender=Male"": {""alpha"": 1.0, ""margin"": 0.9913864139408478, ""p_observed"": 0.9956932069704237, ""prior_probability"": 0.3169811320754717, ""score"": 0.9956932069704237}}","{""gender=Female"": {""alpha"": 1.0, ""margin"": 0.9921333069230054, ""p_observed"": 0.9960666534615026, ""prior_probability"": 0.6830188679245283, ""score"": 0.9921333069230054}, ""gender=Male"": {""alpha"": 1.0, ""margin"": 0.9913864139408478, ""p_observed"": 0.9956932069704237, ""prior_probability"": 0.3169811320754717, ""score"": 0.9913864139408478}}","{""gender=Female"": {""alpha"": 0.0, ""margin"": 0.9921333069230054, ""p_observed"": 0.9960666534615026, ""prior_probability"": 0.6830188679245283, ""score"": -0.3812327947203965}, ""gender=Male"": {""alpha"": 0.0, ""margin"": 0.9913864139408478, ""p_observed"": 0.9956932069704237, ""prior_probability"": 0.3169811320754717, ""score"": -1.1489130271429087}}"
480,Female,White,gender=Female,<=50K,"{""age"": ""47"", ""workclass"": ""Private"", ""fnlwgt"": ""145269"", ""education"": ""11th"", ""educational-num"": ""7"", ""marital-status"": ""Divorced"", ""occupation"": ""Craft-repair"", ""relationship"": ""Not-in-family"", ""race"": ""White"", ""capital-gain"": ""0"", ""capital-loss"": ""0"", ""hours-per-week"": ""45"", ""native-country"": ""United-States""}",gender=Male,gender=Male,gender=Male,,gender=Female,gender=Female,gender=Male,0,<=50K | Not-in-family | Divorced | 11th | Private,2,2,"{""gender=Female"": ""<=50K"", ""gender=Male"": ""<=50K""}","{""gender=Female"": {""alpha"": 1.0, ""margin"": 0.8641751485460437, ""p_observed"": 0.9320875742730218, ""prior_probability"": 0.18181818181818182, ""score"": 0.9320875742730218}, ""gender=Male"": {""alpha"": 1.0, ""margin"": 0.8391026776333614, ""p_observed"": 0.9195513388166807, ""prior_probability"": 0.8181818181818182, ""score"": 0.9195513388166807}}","{""gender=Female"": {""alpha"": 1.0, ""margin"": 0.8641751485460437, ""p_observed"": 0.9320875742730218, ""prior_probability"": 0.18181818181818182, ""score"": 0.8641751485460437}, ""gender=Male"": {""alpha"": 1.0, ""margin"": 0.8391026776333614, ""p_observed"": 0.9195513388166807, ""prior_probability"": 0.8181818181818182, ""score"": 0.8391026776333614}}","{""gender=Female"": {""alpha"": 0.0, ""margin"": 0.8641751485460437, ""p_observed"": 0.9320875742730218, ""prior_probability"": 0.18181818181818182, ""score"": -1.7047480922384253}, ""gender=Male"": {""alpha"": 0.0, ""margin"": 0.8391026776333614, ""p_observed"": 0.9195513388166807, ""prior_probability"": 0.8181818181818182, ""score"": -0.2006706954621511}}"
481,Male,White,gender=Male,<=50K,"{""age"": ""41"", ""workclass"": ""Self-emp-not-inc"", ""fnlwgt"": ""49156"", ""education"": ""Doctorate"", ""educational-num"": ""16"", ""marital-status"": ""Never-married"", ""occupation"": ""Prof-specialty"", ""relationship"": ""Not-in-family"", ""race"": ""White"", ""capital-gain"": ""0"", ""capital-loss"": ""0"", ""hours-per-week"": ""30"", ""native-country"": ""United-States""}",gender=Male,gender=Male,gender=Male,,gender=Female,gender=Female,gender=Male,0,<=50K | Not-in-family | Never-married | Doctorate | Self-emp-not-inc,2,2,"{""gender=Female"": ""<=50K"", ""gender=Male"": ""<=50K""}","{""gender=Female"": {""alpha"": 1.0, ""margin"": 0.49930660950372674, ""p_observed"": 0.7496533047518634, ""prior_probability"": 0.42857142857142855, ""score"": 0.7496533047518634}, ""gender=Male"": {""alpha"": 1.0, ""margin"": 0.29280812787260596, ""p_observed"": 0.6464040639363031, ""prior_probability"": 0.5714285714285714, ""score"": 0.6464040639363031}}","{""gender=Female"": {""alpha"": 1.0, ""margin"": 0.49930660950372674, ""p_observed"": 0.7496533047518634, ""prior_probability"": 0.42857142857142855, ""score"": 0.49930660950372674}, ""gender=Male"": {""alpha"": 1.0, ""margin"": 0.29280812787260596, ""p_observed"": 0.6464040639363031, ""prior_probability"": 0.5714285714285714, ""score"": 0.29280812787260596}}","{""gender=Female"": {""alpha"": 0.0, ""margin"": 0.49930660950372674, ""p_observed"": 0.7496533047518634, ""prior_probability"": 0.42857142857142855, ""score"": -0.8472978603872037}, ""gender=Male"": {""alpha"": 0.0, ""margin"": 0.29280812787260596, ""p_observed"": 0.6464040639363031, ""prior_probability"": 0.5714285714285714, ""score"": -0.5596157879354228}}"
482,Female,White,gender=Female,<=50K,"{""age"": ""33"", ""workclass"": ""Local-gov"", ""fnlwgt"": ""120064"", ""education"": ""Bachelors"", ""educational-num"": ""13"", ""marital-status"": ""Never-married"", ""occupation"": ""Prof-specialty"", ""relationship"": ""Not-in-family"", ""race"": ""White"", ""capital-gain"": ""0"", ""capital-loss"": ""0"", ""hours-per-week"": ""45"", ""native-country"": ""United-States""}",gender=Male,gender=Female,gender=Female,,gender=Female,gender=Female,gender=Female,0,<=50K | Not-in-family | Never-married | Bachelors | Local-gov,2,2,"{""gender=Female"": ""<=50K"", ""gender=Male"": ""<=50K""}","{""gender=Female"": {""alpha"": 1.0, ""margin"": 0.6670100704799526, ""p_observed"": 0.8335050352399763, ""prior_probability"": 0.5366666666666666, ""score"": 0.8335050352399763}, ""gender=Male"": {""alpha"": 1.0, ""margin"": 0.5912330880594305, ""p_observed"": 0.7956165440297152, ""prior_probability"": 0.4633333333333333, ""score"": 0.7956165440297152}}","{""gender=Female"": {""alpha"": 1.0, ""margin"": 0.6670100704799526, ""p_observed"": 0.8335050352399763, ""prior_probability"": 0.5366666666666666, ""score"": 0.6670100704799526}, ""gender=Male"": {""alpha"": 1.0, ""margin"": 0.5912330880594305, ""p_observed"": 0.7956165440297152, ""prior_probability"": 0.4633333333333333, ""score"": 0.5912330880594305}}","{""gender=Female"": {""alpha"": 0.0, ""margin"": 0.6670100704799526, ""p_observed"": 0.8335050352399763, ""prior_probability"": 0.5366666666666666, ""score"": -0.6223781096717381}, ""gender=Male"": {""alpha"": 0.0, ""margin"": 0.5912330880594305, ""p_observed"": 0.7956165440297152, ""prior_probability"": 0.4633333333333333, ""score"": -0.7693085415255093}}"
483,Male,White,gender=Male,>50K,"{""age"": ""60"", ""workclass"": ""Private"", ""fnlwgt"": ""131681"", ""education"": ""Bachelors"", ""educational-num"": ""13"", ""marital-status"": ""Married-civ-spouse"", ""occupation"": ""Exec-managerial"", ""relationship"": ""Husband"", ""race"": ""White"", ""capital-gain"": ""0"", ""capital-loss"": ""0"", ""hours-per-week"": ""50"", ""native-country"": ""United-States""}",gender=Male,gender=Male,gender=Male,gender=Male,gender=Male,gender=Male,gender=Male,1,>50K | Husband | Married-civ-spouse | Bachelors | Private,2,2,"{""gender=Female"": "">50K"", ""gender=Male"": "">50K""}","{""gender=Female"": {""alpha"": 1.0, ""margin"": 0.2193824869763804, ""p_observed"": 0.60969124348819, ""prior_probability"": 0.00186219739292365, ""score"": 0.60969124348819}, ""gender=Male"": {""alpha"": 1.0, ""margin"": 0.5263320986261822, ""p_observed"": 0.7631660493130912, ""prior_probability"": 0.9981378026070763, ""score"": 0.7631660493130912}}","{""gender=Female"": {""alpha"": 1.0, ""margin"": 0.2193824869763804, ""p_observed"": 0.60969124348819, ""prior_probability"": 0.00186219739292365, ""score"": 0.2193824869763804}, ""gender=Male"": {""alpha"": 1.0, ""margin"": 0.5263320986261822, ""p_observed"": 0.7631660493130912, ""prior_probability"": 0.9981378026070763, ""score"": 0.5263320986261822}}","{""gender=Female"": {""alpha"": 0.0, ""margin"": 0.2193824869763804, ""p_observed"": 0.60969124348819, ""prior_probability"": 0.00186219739292365, ""score"": -6.285998094508865}, ""gender=Male"": {""alpha"": 0.0, ""margin"": 0.5263320986261822, ""p_observed"": 0.7631660493130912, ""prior_probability"": 0.9981378026070763, ""score"": -0.0018639334380627533}}"
484,Male,White,gender=Male,<=50K,"{""age"": ""70"", ""workclass"": ""Private"", ""fnlwgt"": ""35494"", ""education"": ""HS-grad"", ""educational-num"": ""9"", ""marital-status"": ""Married-civ-spouse"", ""occupation"": ""Exec-managerial"", ""relationship"": ""Husband"", ""race"": ""White"", ""capital-gain"": ""0"", ""capital-loss"": ""0"", ""hours-per-week"": ""30"", ""native-country"": ""United-States""}",gender=Male,gender=Male,gender=Male,,gender=Female,gender=Female,gender=Male,0,<=50K | Husband | Married-civ-spouse | HS-grad | Private,2,2,"{""gender=Female"": ""<=50K"", ""gender=Male"": ""<=50K""}","{""gender=Female"": {""alpha"": 1.0, ""margin"": 0.36203151677506096, ""p_observed"": 0.6810157583875305, ""prior_probability"": 0.0058823529411764705, ""score"": 0.6810157583875305}, ""gender=Male"": {""alpha"": 1.0, ""margin"": 0.2602696278699474, ""p_observed"": 0.6301348139349737, ""prior_probability"": 0.9941176470588236, ""score"": 0.6301348139349737}}","{""gender=Female"": {""alpha"": 1.0, ""margin"": 0.36203151677506096, ""p_observed"": 0.6810157583875305, ""prior_probability"": 0.0058823529411764705, ""score"": 0.36203151677506096}, ""gender=Male"": {""alpha"": 1.0, ""margin"": 0.2602696278699474, ""p_observed"": 0.6301348139349737, ""prior_probability"": 0.9941176470588236, ""score"": 0.2602696278699474}}","{""gender=Female"": {""alpha"": 0.0, ""margin"": 0.36203151677506096, ""p_observed"": 0.6810157583875305, ""prior_probability"": 0.0058823529411764705, ""score"": -5.135798437050262}, ""gender=Male"": {""alpha"": 0.0, ""margin"": 0.2602696278699474, ""p_observed"": 0.6301348139349737, ""prior_probability"": 0.9941176470588236, ""score"": -0.005899722127188271}}"
485,Female,White,gender=Female,<=50K,"{""age"": ""35"", ""workclass"": ""Private"", ""fnlwgt"": ""139770"", ""education"": ""HS-grad"", ""educational-num"": ""9"", ""marital-status"": ""Never-married"", ""occupation"": ""Adm-clerical"", ""relationship"": ""Own-child"", ""race"": ""White"", ""capital-gain"": ""6849"", ""capital-loss"": ""0"", ""hours-per-week"": ""40"", ""native-country"": ""United-States""}",gender=Male,gender=Female,gender=Female,gender=Female,gender=Female,gender=Female,gender=Female,1,<=50K | Own-child | Never-married | HS-grad | Private,2,2,"{""gender=Female"": ""<=50K"", ""gender=Male"": ""<=50K""}","{""gender=Female"": {""alpha"": 1.0, ""margin"": 0.6148114469615069, ""p_observed"": 0.8074057234807535, ""prior_probability"": 0.6647058823529411, ""score"": 0.8074057234807535}, ""gender=Male"": {""alpha"": 1.0, ""margin"": 0.604363237823841, ""p_observed"": 0.8021816189119205, ""prior_probability"": 0.3352941176470588, ""score"": 0.8021816189119205}}","{""gender=Female"": {""alpha"": 1.0, ""margin"": 0.6148114469615069, ""p_observed"": 0.8074057234807535, ""prior_probability"": 0.6647058823529411, ""score"": 0.6148114469615069}, ""gender=Male"": {""alpha"": 1.0, ""margin"": 0.604363237823841, ""p_observed"": 0.8021816189119205, ""prior_probability"": 0.3352941176470588, ""score"": 0.604363237823841}}","{""gender=Female"": {""alpha"": 0.0, ""margin"": 0.6148114469615069, ""p_observed"": 0.8074057234807535, ""prior_probability"": 0.6647058823529411, ""score"": -0.40841061833792125}, ""gender=Male"": {""alpha"": 0.0, ""margin"": 0.604363237823841, ""p_observed"": 0.8021816189119205, ""prior_probability"": 0.3352941176470588, ""score"": -1.0927471692157116}}"
486,Female,White,gender=Female,>50K,"{""age"": ""44"", ""workclass"": ""Private"", ""fnlwgt"": ""343591"", ""education"": ""HS-grad"", ""educational-num"": ""9"", ""marital-status"": ""Divorced"", ""occupation"": ""Craft-repair"", ""relationship"": ""Not-in-family"", ""race"": ""White"", ""capital-gain"": ""14344"", ""capital-loss"": ""0"", ""hours-per-week"": ""40"", ""native-country"": ""United-States""}",gender=Male,gender=Male,gender=Male,,gender=Male,gender=Male,gender=Male,0,>50K | Not-in-family | Divorced | HS-grad | Private,2,2,"{""gender=Female"": "">50K"", ""gender=Male"": "">50K""}","{""gender=Female"": {""alpha"": 1.0, ""margin"": 0.28312771350349253, ""p_observed"": 0.6415638567517463, ""prior_probability"": 0.06666666666666667, ""score"": 0.6415638567517463}, ""gender=Male"": {""alpha"": 1.0, ""margin"": 0.42751066491443224, ""p_observed"": 0.7137553324572161, ""prior_probability"": 0.9333333333333333, ""score"": 0.7137553324572161}}","{""gender=Female"": {""alpha"": 1.0, ""margin"": 0.28312771350349253, ""p_observed"": 0.6415638567517463, ""prior_probability"": 0.06666666666666667, ""score"": 0.28312771350349253}, ""gender=Male"": {""alpha"": 1.0, ""margin"": 0.42751066491443224, ""p_observed"": 0.7137553324572161, ""prior_probability"": 0.9333333333333333, ""score"": 0.42751066491443224}}","{""gender=Female"": {""alpha"": 0.0, ""margin"": 0.28312771350349253, ""p_observed"": 0.6415638567517463, ""prior_probability"": 0.06666666666666667, ""score"": -2.70805020110221}, ""gender=Male"": {""alpha"": 0.0, ""margin"": 0.42751066491443224, ""p_observed"": 0.7137553324572161, ""prior_probability"": 0.9333333333333333, ""score"": -0.06899287148695143}}"
487,Male,White,gender=Male,>50K,"{""age"": ""45"", ""workclass"": ""Self-emp-inc"", ""fnlwgt"": ""181307"", ""education"": ""Prof-school"", ""educational-num"": ""15"", ""marital-status"": ""Married-civ-spouse"", ""occupation"": ""Prof-specialty"", ""relationship"": ""Husband"", ""race"": ""White"", ""capital-gain"": ""15024"", ""capital-loss"": ""0"", ""hours-per-week"": ""43"", ""native-country"": ""United-States""}",gender=Male,gender=Male,gender=Male,,gender=Male,gender=Male,gender=Male,0,>50K | Husband | Married-civ-spouse | Prof-school | Self-emp-inc,2,2,"{""gender=Female"": "">50K"", ""gender=Male"": "">50K""}","{""gender=Female"": {""alpha"": 1.0, ""margin"": 0.8292596859894671, ""p_observed"": 0.9146298429947336, ""prior_probability"": 0.004132231404958678, ""score"": 0.9146298429947336}, ""gender=Male"": {""alpha"": 1.0, ""margin"": 0.9051839476291984, ""p_observed"": 0.9525919738145993, ""prior_probability"": 0.9958677685950413, ""score"": 0.9525919738145993}}","{""gender=Female"": {""alpha"": 1.0, ""margin"": 0.8292596859894671, ""p_observed"": 0.9146298429947336, ""prior_probability"": 0.004132231404958678, ""score"": 0.8292596859894671}, ""gender=Male"": {""alpha"": 1.0, ""margin"": 0.9051839476291984, ""p_observed"": 0.9525919738145993, ""prior_probability"": 0.9958677685950413, ""score"": 0.9051839476291984}}","{""gender=Female"": {""alpha"": 0.0, ""margin"": 0.8292596859894671, ""p_observed"": 0.9146298429947336, ""prior_probability"": 0.004132231404958678, ""score"": -5.488937726156687}, ""gender=Male"": {""alpha"": 0.0, ""margin"": 0.9051839476291984, ""p_observed"": 0.9525919738145993, ""prior_probability"": 0.9958677685950413, ""score"": -0.004140792666031388}}"
488,Female,White,gender=Female,<=50K,"{""age"": ""65"", ""workclass"": ""Private"", ""fnlwgt"": ""399296"", ""education"": ""5th-6th"", ""educational-num"": ""3"", ""marital-status"": ""Married-civ-spouse"", ""occupation"": ""Other-service"", ""relationship"": ""Other-relative"", ""race"": ""White"", ""capital-gain"": ""0"", ""capital-loss"": ""0"", ""hours-per-week"": ""20"", ""native-country"": ""Mexico""}",gender=Male,gender=Female,gender=Female,,gender=Male,gender=Male,gender=Female,0,<=50K | Other-relative | Married-civ-spouse | 5th-6th | Private,2,2,"{""gender=Female"": ""<=50K"", ""gender=Male"": ""<=50K""}","{""gender=Female"": {""alpha"": 1.0, ""margin"": 0.8266089448447724, ""p_observed"": 0.9133044724223863, ""prior_probability"": 0.5, ""score"": 0.9133044724223863}, ""gender=Male"": {""alpha"": 1.0, ""margin"": 0.8633514799940871, ""p_observed"": 0.9316757399970437, ""prior_probability"": 0.5, ""score"": 0.9316757399970437}}","{""gender=Female"": {""alpha"": 1.0, ""margin"": 0.8266089448447724, ""p_observed"": 0.9133044724223863, ""prior_probability"": 0.5, ""score"": 0.8266089448447724}, ""gender=Male"": {""alpha"": 1.0, ""margin"": 0.8633514799940871, ""p_observed"": 0.9316757399970437, ""prior_probability"": 0.5, ""score"": 0.8633514799940871}}","{""gender=Female"": {""alpha"": 0.0, ""margin"": 0.8266089448447724, ""p_observed"": 0.9133044724223863, ""prior_probability"": 0.5, ""score"": -0.6931471805599453}, ""gender=Male"": {""alpha"": 0.0, ""margin"": 0.8633514799940871, ""p_observed"": 0.9316757399970437, ""prior_probability"": 0.5, ""score"": -0.6931471805599453}}"
489,Female,White,gender=Female,<=50K,"{""age"": ""26"", ""workclass"": ""Private"", ""fnlwgt"": ""303973"", ""education"": ""HS-grad"", ""educational-num"": ""9"", ""marital-status"": ""Never-married"", ""occupation"": ""Priv-house-serv"", ""relationship"": ""Other-relative"", ""race"": ""White"", ""capital-gain"": ""0"", ""capital-loss"": ""1602"", ""hours-per-week"": ""15"", ""native-country"": ""Mexico""}",gender=Male,gender=Female,gender=Female,,gender=Male,gender=Male,gender=Female,0,<=50K | Other-relative | Never-married | HS-grad | Private,2,2,"{""gender=Female"": ""<=50K"", ""gender=Male"": ""<=50K""}","{""gender=Female"": {""alpha"": 1.0, ""margin"": 0.9827135066250678, ""p_observed"": 0.991356753312534, ""prior_probability"": 0.6666666666666666, ""score"": 0.991356753312534}, ""gender=Male"": {""alpha"": 1.0, ""margin"": 0.9833782697576069, ""p_observed"": 0.9916891348788035, ""prior_probability"": 0.3333333333333333, ""score"": 0.9916891348788035}}","{""gender=Female"": {""alpha"": 1.0, ""margin"": 0.9827135066250678, ""p_observed"": 0.991356753312534, ""prior_probability"": 0.6666666666666666, ""score"": 0.9827135066250678}, ""gender=Male"": {""alpha"": 1.0, ""margin"": 0.9833782697576069, ""p_observed"": 0.9916891348788035, ""prior_probability"": 0.3333333333333333, ""score"": 0.9833782697576069}}","{""gender=Female"": {""alpha"": 0.0, ""margin"": 0.9827135066250678, ""p_observed"": 0.991356753312534, ""prior_probability"": 0.6666666666666666, ""score"": -0.40546510810816444}, ""gender=Male"": {""alpha"": 0.0, ""margin"": 0.9833782697576069, ""p_observed"": 0.9916891348788035, ""prior_probability"": 0.3333333333333333, ""score"": -1.0986122886681098}}"
490,Male,White,gender=Male,<=50K,"{""age"": ""27"", ""workclass"": ""Private"", ""fnlwgt"": ""181280"", ""education"": ""Masters"", ""educational-num"": ""14"", ""marital-status"": ""Never-married"", ""occupation"": ""Handlers-cleaners"", ""relationship"": ""Unmarried"", ""race"": ""White"", ""capital-gain"": ""0"", ""capital-loss"": ""0"", ""hours-per-week"": ""30"", ""native-country"": ""United-States""}",gender=Male,gender=Female,gender=Female,,gender=Female,gender=Female,gender=Female,0,<=50K | Unmarried | Never-married | Masters | Private,2,2,"{""gender=Female"": ""<=50K"", ""gender=Male"": ""<=50K""}","{""gender=Female"": {""alpha"": 1.0, ""margin"": 0.8723037629986009, ""p_observed"": 0.9361518814993005, ""prior_probability"": 0.65625, ""score"": 0.9361518814993005}, ""gender=Male"": {""alpha"": 1.0, ""margin"": 0.8445675595475363, ""p_observed"": 0.9222837797737681, ""prior_probability"": 0.34375, ""score"": 0.9222837797737681}}","{""gender=Female"": {""alpha"": 1.0, ""margin"": 0.8723037629986009, ""p_observed"": 0.9361518814993005, ""prior_probability"": 0.65625, ""score"": 0.8723037629986009}, ""gender=Male"": {""alpha"": 1.0, ""margin"": 0.8445675595475363, ""p_observed"": 0.9222837797737681, ""prior_probability"": 0.34375, ""score"": 0.8445675595475363}}","{""gender=Female"": {""alpha"": 0.0, ""margin"": 0.8723037629986009, ""p_observed"": 0.9361518814993005, ""prior_probability"": 0.65625, ""score"": -0.42121346507630353}, ""gender=Male"": {""alpha"": 0.0, ""margin"": 0.8445675595475363, ""p_observed"": 0.9222837797737681, ""prior_probability"": 0.34375, ""score"": -1.067840630001356}}"
491,Female,Asian-Pac-Islander,gender=Female,<=50K,"{""age"": ""22"", ""workclass"": ""Private"", ""fnlwgt"": ""152744"", ""education"": ""Some-college"", ""educational-num"": ""10"", ""marital-status"": ""Never-married"", ""occupation"": ""Other-service"", ""relationship"": ""Not-in-family"", ""race"": ""Asian-Pac-Islander"", ""capital-gain"": ""0"", ""capital-loss"": ""0"", ""hours-per-week"": ""40"", ""native-country"": ""Philippines""}",gender=Male,gender=Male,gender=Male,,gender=Female,gender=Female,gender=Male,0,<=50K | Not-in-family | Never-married | Some-college | Private,2,2,"{""gender=Female"": ""<=50K"", ""gender=Male"": ""<=50K""}","{""gender=Female"": {""alpha"": 1.0, ""margin"": 0.9828210024066342, ""p_observed"": 0.991410501203317, ""prior_probability"": 0.46, ""score"": 0.991410501203317}, ""gender=Male"": {""alpha"": 1.0, ""margin"": 0.982682388212961, ""p_observed"": 0.9913411941064805, ""prior_probability"": 0.54, ""score"": 0.9913411941064805}}","{""gender=Female"": {""alpha"": 1.0, ""margin"": 0.9828210024066342, ""p_observed"": 0.991410501203317, ""prior_probability"": 0.46, ""score"": 0.9828210024066342}, ""gender=Male"": {""alpha"": 1.0, ""margin"": 0.982682388212961, ""p_observed"": 0.9913411941064805, ""prior_probability"": 0.54, ""score"": 0.982682388212961}}","{""gender=Female"": {""alpha"": 0.0, ""margin"": 0.9828210024066342, ""p_observed"": 0.991410501203317, ""prior_probability"": 0.46, ""score"": -0.7765287894989963}, ""gender=Male"": {""alpha"": 0.0, ""margin"": 0.982682388212961, ""p_observed"": 0.9913411941064805, ""prior_probability"": 0.54, ""score"": -0.616186139423817}}"
492,Female,White,gender=Female,>50K,"{""age"": ""51"", ""workclass"": ""Self-emp-not-inc"", ""fnlwgt"": ""85877"", ""education"": ""HS-grad"", ""educational-num"": ""9"", ""marital-status"": ""Divorced"", ""occupation"": ""Exec-managerial"", ""relationship"": ""Not-in-family"", ""race"": ""White"", ""capital-gain"": ""99999"", ""capital-loss"": ""0"", ""hours-per-week"": ""60"", ""native-country"": ""United-States""}",gender=Male,gender=Female,gender=Female,,gender=Male,gender=Male,gender=Female,0,>50K | Not-in-family | Divorced | HS-grad | Self-emp-not-inc,2,2,"{""gender=Female"": "">50K"", ""gender=Male"": "">50K""}","{""gender=Female"": {""alpha"": 1.0, ""margin"": 0.2400154960800196, ""p_observed"": 0.6200077480400099, ""prior_probability"": 0.5, ""score"": 0.6200077480400099}, ""gender=Male"": {""alpha"": 1.0, ""margin"": 0.3024188715867836, ""p_observed"": 0.6512094357933917, ""prior_probability"": 0.5, ""score"": 0.6512094357933917}}","{""gender=Female"": {""alpha"": 1.0, ""margin"": 0.2400154960800196, ""p_observed"": 0.6200077480400099, ""prior_probability"": 0.5, ""score"": 0.2400154960800196}, ""gender=Male"": {""alpha"": 1.0, ""margin"": 0.3024188715867836, ""p_observed"": 0.6512094357933917, ""prior_probability"": 0.5, ""score"": 0.3024188715867836}}","{""gender=Female"": {""alpha"": 0.0, ""margin"": 0.2400154960800196, ""p_observed"": 0.6200077480400099, ""prior_probability"": 0.5, ""score"": -0.6931471805599453}, ""gender=Male"": {""alpha"": 0.0, ""margin"": 0.3024188715867836, ""p_observed"": 0.6512094357933917, ""prior_probability"": 0.5, ""score"": -0.6931471805599453}}"
493,Male,White,gender=Male,<=50K,"{""age"": ""36"", ""workclass"": ""Self-emp-not-inc"", ""fnlwgt"": ""119272"", ""education"": ""HS-grad"", ""educational-num"": ""9"", ""marital-status"": ""Married-civ-spouse"", ""occupation"": ""Exec-managerial"", ""relationship"": ""Husband"", ""race"": ""White"", ""capital-gain"": ""0"", ""capital-loss"": ""0"", ""hours-per-week"": ""38"", ""native-country"": ""United-States""}",gender=Male,gender=Male,gender=Male,,gender=Female,gender=Female,gender=Male,0,<=50K | Husband | Married-civ-spouse | HS-grad | Self-emp-not-inc,2,2,"{""gender=Female"": ""<=50K"", ""gender=Male"": ""<=50K""}","{""gender=Female"": {""alpha"": 1.0, ""margin"": 0.35491943425007955, ""p_observed"": 0.6774597171250397, ""prior_probability"": 0.0058823529411764705, ""score"": 0.6774597171250397}, ""gender=Male"": {""alpha"": 1.0, ""margin"": 0.25862084286158515, ""p_observed"": 0.6293104214307925, ""prior_probability"": 0.9941176470588236, ""score"": 0.6293104214307925}}","{""gender=Female"": {""alpha"": 1.0, ""margin"": 0.35491943425007955, ""p_observed"": 0.6774597171250397, ""prior_probability"": 0.0058823529411764705, ""score"": 0.35491943425007955}, ""gender=Male"": {""alpha"": 1.0, ""margin"": 0.25862084286158515, ""p_observed"": 0.6293104214307925, ""prior_probability"": 0.9941176470588236, ""score"": 0.25862084286158515}}","{""gender=Female"": {""alpha"": 0.0, ""margin"": 0.35491943425007955, ""p_observed"": 0.6774597171250397, ""prior_probability"": 0.0058823529411764705, ""score"": -5.135798437050262}, ""gender=Male"": {""alpha"": 0.0, ""margin"": 0.25862084286158515, ""p_observed"": 0.6293104214307925, ""prior_probability"": 0.9941176470588236, ""score"": -0.005899722127188271}}"
494,Male,White,gender=Male,<=50K,"{""age"": ""65"", ""workclass"": ""Private"", ""fnlwgt"": ""165609"", ""education"": ""HS-grad"", ""educational-num"": ""9"", ""marital-status"": ""Married-civ-spouse"", ""occupation"": ""Other-service"", ""relationship"": ""Husband"", ""race"": ""White"", ""capital-gain"": ""0"", ""capital-loss"": ""0"", ""hours-per-week"": ""32"", ""native-country"": ""United-States""}",gender=Male,gender=Male,gender=Male,,gender=Female,gender=Female,gender=Male,0,<=50K | Husband | Married-civ-spouse | HS-grad | Private,2,2,"{""gender=Female"": ""<=50K"", ""gender=Male"": ""<=50K""}","{""gender=Female"": {""alpha"": 1.0, ""margin"": 0.7045682268685649, ""p_observed"": 0.8522841134342825, ""prior_probability"": 0.005813953488372093, ""score"": 0.8522841134342825}, ""gender=Male"": {""alpha"": 1.0, ""margin"": 0.6216719795015717, ""p_observed"": 0.8108359897507856, ""prior_probability"": 0.9941860465116279, ""score"": 0.8108359897507856}}","{""gender=Female"": {""alpha"": 1.0, ""margin"": 0.7045682268685649, ""p_observed"": 0.8522841134342825, ""prior_probability"": 0.005813953488372093, ""score"": 0.7045682268685649}, ""gender=Male"": {""alpha"": 1.0, ""margin"": 0.6216719795015717, ""p_observed"": 0.8108359897507856, ""prior_probability"": 0.9941860465116279, ""score"": 0.6216719795015717}}","{""gender=Female"": {""alpha"": 0.0, ""margin"": 0.7045682268685649, ""p_observed"": 0.8522841134342825, ""prior_probability"": 0.005813953488372093, ""score"": -5.147494476813453}, ""gender=Male"": {""alpha"": 0.0, ""margin"": 0.6216719795015717, ""p_observed"": 0.8108359897507856, ""prior_probability"": 0.9941860465116279, ""score"": -0.00583092031079321}}"
495,Female,Black,gender=Female,>50K,"{""age"": ""41"", ""workclass"": ""Private"", ""fnlwgt"": ""191451"", ""education"": ""Masters"", ""educational-num"": ""14"", ""marital-status"": ""Divorced"", ""occupation"": ""Exec-managerial"", ""relationship"": ""Unmarried"", ""race"": ""Black"", ""capital-gain"": ""0"", ""capital-loss"": ""0"", ""hours-per-week"": ""60"", ""native-country"": ""United-States""}",gender=Male,gender=Female,gender=Female,,gender=Male,gender=Male,gender=Female,0,>50K | Unmarried | Divorced | Masters | Private,2,2,"{""gender=Female"": ""<=50K"", ""gender=Male"": ""<=50K""}","{""gender=Female"": {""alpha"": 1.0, ""margin"": -0.28524453611832806, ""p_observed"": 0.35737773194083594, ""prior_probability"": 0.5, ""score"": 0.35737773194083594}, ""gender=Male"": {""alpha"": 1.0, ""margin"": -0.07945346127679387, ""p_observed"": 0.46027326936160307, ""prior_probability"": 0.5, ""score"": 0.46027326936160307}}","{""gender=Female"": {""alpha"": 1.0, ""margin"": -0.28524453611832806, ""p_observed"": 0.35737773194083594, ""prior_probability"": 0.5, ""score"": -0.28524453611832806}, ""gender=Male"": {""alpha"": 1.0, ""margin"": -0.07945346127679387, ""p_observed"": 0.46027326936160307, ""prior_probability"": 0.5, ""score"": -0.07945346127679387}}","{""gender=Female"": {""alpha"": 0.0, ""margin"": -0.28524453611832806, ""p_observed"": 0.35737773194083594, ""prior_probability"": 0.5, ""score"": -0.6931471805599453}, ""gender=Male"": {""alpha"": 0.0, ""margin"": -0.07945346127679387, ""p_observed"": 0.46027326936160307, ""prior_probability"": 0.5, ""score"": -0.6931471805599453}}"
496,Male,White,gender=Male,<=50K,"{""age"": ""57"", ""workclass"": ""Private"", ""fnlwgt"": ""231232"", ""education"": ""7th-8th"", ""educational-num"": ""4"", ""marital-status"": ""Married-civ-spouse"", ""occupation"": ""Craft-repair"", ""relationship"": ""Husband"", ""race"": ""White"", ""capital-gain"": ""0"", ""capital-loss"": ""0"", ""hours-per-week"": ""40"", ""native-country"": ""United-States""}",gender=Male,gender=Male,gender=Male,,gender=Female,gender=Female,gender=Male,0,<=50K | Husband | Married-civ-spouse | 7th-8th | Private,2,2,"{""gender=Female"": ""<=50K"", ""gender=Male"": ""<=50K""}","{""gender=Female"": {""alpha"": 1.0, ""margin"": 0.6539101515298813, ""p_observed"": 0.8269550757649405, ""prior_probability"": 0.015384615384615385, ""score"": 0.8269550757649405}, ""gender=Male"": {""alpha"": 1.0, ""margin"": 0.6320474111560948, ""p_observed"": 0.8160237055780473, ""prior_probability"": 0.9846153846153847, ""score"": 0.8160237055780473}}","{""gender=Female"": {""alpha"": 1.0, ""margin"": 0.6539101515298813, ""p_observed"": 0.8269550757649405, ""prior_probability"": 0.015384615384615385, ""score"": 0.6539101515298813}, ""gender=Male"": {""alpha"": 1.0, ""margin"": 0.6320474111560948, ""p_observed"": 0.8160237055780473, ""prior_probability"": 0.9846153846153847, ""score"": 0.6320474111560948}}","{""gender=Female"": {""alpha"": 0.0, ""margin"": 0.6539101515298813, ""p_observed"": 0.8269550757649405, ""prior_probability"": 0.015384615384615385, ""score"": -4.174387269895637}, ""gender=Male"": {""alpha"": 0.0, ""margin"": 0.6320474111560948, ""p_observed"": 0.8160237055780473, ""prior_probability"": 0.9846153846153847, ""score"": -0.015504186535965199}}"
497,Female,White,gender=Female,<=50K,"{""age"": ""24"", ""workclass"": ""Private"", ""fnlwgt"": ""203203"", ""education"": ""Bachelors"", ""educational-num"": ""13"", ""marital-status"": ""Never-married"", ""occupation"": ""Sales"", ""relationship"": ""Not-in-family"", ""race"": ""White"", ""capital-gain"": ""0"", ""capital-loss"": ""0"", ""hours-per-week"": ""25"", ""native-country"": ""United-States""}",gender=Male,gender=Male,gender=Male,,gender=Female,gender=Female,gender=Male,0,<=50K | Not-in-family | Never-married | Bachelors | Private,2,2,"{""gender=Female"": ""<=50K"", ""gender=Male"": ""<=50K""}","{""gender=Female"": {""alpha"": 1.0, ""margin"": 0.9471784856896487, ""p_observed"": 0.9735892428448244, ""prior_probability"": 0.4496124031007752, ""score"": 0.9735892428448244}, ""gender=Male"": {""alpha"": 1.0, ""margin"": 0.9159122785695145, ""p_observed"": 0.9579561392847573, ""prior_probability"": 0.5503875968992248, ""score"": 0.9579561392847573}}","{""gender=Female"": {""alpha"": 1.0, ""margin"": 0.9471784856896487, ""p_observed"": 0.9735892428448244, ""prior_probability"": 0.4496124031007752, ""score"": 0.9471784856896487}, ""gender=Male"": {""alpha"": 1.0, ""margin"": 0.9159122785695145, ""p_observed"": 0.9579561392847573, ""prior_probability"": 0.5503875968992248, ""score"": 0.9159122785695145}}","{""gender=Female"": {""alpha"": 0.0, ""margin"": 0.9471784856896487, ""p_observed"": 0.9735892428448244, ""prior_probability"": 0.4496124031007752, ""score"": -0.7993693938152527}, ""gender=Male"": {""alpha"": 0.0, ""margin"": 0.9159122785695145, ""p_observed"": 0.9579561392847573, ""prior_probability"": 0.5503875968992248, ""score"": -0.5971325273203567}}"
498,Male,Other,gender=Male,>50K,"{""age"": ""47"", ""workclass"": ""Federal-gov"", ""fnlwgt"": ""655066"", ""education"": ""Bachelors"", ""educational-num"": ""13"", ""marital-status"": ""Married-civ-spouse"", ""occupation"": ""Exec-managerial"", ""relationship"": ""Husband"", ""race"": ""Other"", ""capital-gain"": ""0"", ""capital-loss"": ""0"", ""hours-per-week"": ""40"", ""native-country"": ""Peru""}",gender=Male,gender=Male,gender=Male,,gender=Male,gender=Male,gender=Male,0,>50K | Husband | Married-civ-spouse | Bachelors | Federal-gov,2,2,"{""gender=Female"": "">50K"", ""gender=Male"": "">50K""}","{""gender=Female"": {""alpha"": 1.0, ""margin"": 0.07921061238213645, ""p_observed"": 0.5396053061910682, ""prior_probability"": 0.00186219739292365, ""score"": 0.5396053061910682}, ""gender=Male"": {""alpha"": 1.0, ""margin"": 0.22943829234175395, ""p_observed"": 0.6147191461708769, ""prior_probability"": 0.9981378026070763, ""score"": 0.6147191461708769}}","{""gender=Female"": {""alpha"": 1.0, ""margin"": 0.07921061238213645, ""p_observed"": 0.5396053061910682, ""prior_probability"": 0.00186219739292365, ""score"": 0.07921061238213645}, ""gender=Male"": {""alpha"": 1.0, ""margin"": 0.22943829234175395, ""p_observed"": 0.6147191461708769, ""prior_probability"": 0.9981378026070763, ""score"": 0.22943829234175395}}","{""gender=Female"": {""alpha"": 0.0, ""margin"": 0.07921061238213645, ""p_observed"": 0.5396053061910682, ""prior_probability"": 0.00186219739292365, ""score"": -6.285998094508865}, ""gender=Male"": {""alpha"": 0.0, ""margin"": 0.22943829234175395, ""p_observed"": 0.6147191461708769, ""prior_probability"": 0.9981378026070763, ""score"": -0.0018639334380627533}}"
499,Male,White,gender=Male,<=50K,"{""age"": ""25"", ""workclass"": ""Private"", ""fnlwgt"": ""197871"", ""education"": ""Bachelors"", ""educational-num"": ""13"", ""marital-status"": ""Never-married"", ""occupation"": ""Exec-managerial"", ""relationship"": ""Not-in-family"", ""race"": ""White"", ""capital-gain"": ""0"", ""capital-loss"": ""0"", ""hours-per-week"": ""50"", ""native-country"": ""United-States""}",gender=Male,gender=Female,gender=Female,,gender=Female,gender=Female,gender=Female,0,<=50K | Not-in-family | Never-married | Bachelors | Private,2,2,"{""gender=Female"": ""<=50K"", ""gender=Male"": ""<=50K""}","{""gender=Female"": {""alpha"": 1.0, ""margin"": 0.8163736703029931, ""p_observed"": 0.9081868351514967, ""prior_probability"": 0.5403726708074534, ""score"": 0.9081868351514967}, ""gender=Male"": {""alpha"": 1.0, ""margin"": 0.7313438509620187, ""p_observed"": 0.8656719254810094, ""prior_probability"": 0.45962732919254656, ""score"": 0.8656719254810094}}","{""gender=Female"": {""alpha"": 1.0, ""margin"": 0.8163736703029931, ""p_observed"": 0.9081868351514967, ""prior_probability"": 0.5403726708074534, ""score"": 0.8163736703029931}, ""gender=Male"": {""alpha"": 1.0, ""margin"": 0.7313438509620187, ""p_observed"": 0.8656719254810094, ""prior_probability"": 0.45962732919254656, ""score"": 0.7313438509620187}}","{""gender=Female"": {""alpha"": 0.0, ""margin"": 0.8163736703029931, ""p_observed"": 0.9081868351514967, ""prior_probability"": 0.5403726708074534, ""score"": -0.6154962463298792}, ""gender=Male"": {""alpha"": 0.0, ""margin"": 0.7313438509620187, ""p_observed"": 0.8656719254810094, ""prior_probability"": 0.45962732919254656, ""score"": -0.7773392717802933}}"
500,Male,White,gender=Male,>50K,"{""age"": ""42"", ""workclass"": ""Private"", ""fnlwgt"": ""205195"", ""education"": ""HS-grad"", ""educational-num"": ""9"", ""marital-status"": ""Married-civ-spouse"", ""occupation"": ""Craft-repair"", ""relationship"": ""Husband"", ""race"": ""White"", ""capital-gain"": ""0"", ""capital-loss"": ""0"", ""hours-per-week"": ""40"", ""native-country"": ""United-States""}",gender=Male,gender=Male,gender=Male,gender=Male,gender=Male,gender=Male,gender=Male,1,>50K | Husband | Married-civ-spouse | HS-grad | Private,2,2,"{""gender=Female"": ""<=50K"", ""gender=Male"": ""<=50K""}","{""gender=Female"": {""alpha"": 1.0, ""margin"": -0.4447485925116467, ""p_observed"": 0.27762570374417644, ""prior_probability"": 0.0031847133757961785, ""score"": 0.27762570374417644}, ""gender=Male"": {""alpha"": 1.0, ""margin"": -0.38178771286085933, ""p_observed"": 0.3091061435695702, ""prior_probability"": 0.9968152866242038, ""score"": 0.3091061435695702}}","{""gender=Female"": {""alpha"": 1.0, ""margin"": -0.4447485925116467, ""p_observed"": 0.27762570374417644, ""prior_probability"": 0.0031847133757961785, ""score"": -0.4447485925116467}, ""gender=Male"": {""alpha"": 1.0, ""margin"": -0.38178771286085933, ""p_observed"": 0.3091061435695702, ""prior_probability"": 0.9968152866242038, ""score"": -0.38178771286085933}}","{""gender=Female"": {""alpha"": 0.0, ""margin"": -0.4447485925116467, ""p_observed"": 0.27762570374417644, ""prior_probability"": 0.0031847133757961785, ""score"": -5.749392985908253}, ""gender=Male"": {""alpha"": 0.0, ""margin"": -0.38178771286085933, ""p_observed"": 0.3091061435695702, ""prior_probability"": 0.9968152866242038, ""score"": -0.0031897953681001494}}"
501,Female,White,gender=Female,<=50K,"{""age"": ""41"", ""workclass"": ""State-gov"", ""fnlwgt"": ""132551"", ""education"": ""Masters"", ""educational-num"": ""14"", ""marital-status"": ""Divorced"", ""occupation"": ""Prof-specialty"", ""relationship"": ""Unmarried"", ""race"": ""White"", ""capital-gain"": ""0"", ""capital-loss"": ""0"", ""hours-per-week"": ""35"", ""native-country"": ""United-States""}",gender=Male,gender=Female,gender=Female,,gender=Female,gender=Female,gender=Female,0,<=50K | Unmarried | Divorced | Masters | State-gov,2,2,"{""gender=Female"": ""<=50K"", ""gender=Male"": ""<=50K""}","{""gender=Female"": {""alpha"": 1.0, ""margin"": 0.7722737905148892, ""p_observed"": 0.8861368952574447, ""prior_probability"": 0.8611111111111112, ""score"": 0.8861368952574447}, ""gender=Male"": {""alpha"": 1.0, ""margin"": 0.5223378602750157, ""p_observed"": 0.7611689301375077, ""prior_probability"": 0.1388888888888889, ""score"": 0.7611689301375077}}","{""gender=Female"": {""alpha"": 1.0, ""margin"": 0.7722737905148892, ""p_observed"": 0.8861368952574447, ""prior_probability"": 0.8611111111111112, ""score"": 0.7722737905148892}, ""gender=Male"": {""alpha"": 1.0, ""margin"": 0.5223378602750157, ""p_observed"": 0.7611689301375077, ""prior_probability"": 0.1388888888888889, ""score"": 0.5223378602750157}}","{""gender=Female"": {""alpha"": 0.0, ""margin"": 0.7722737905148892, ""p_observed"": 0.8861368952574447, ""prior_probability"": 0.8611111111111112, ""score"": -0.1495317339709637}, ""gender=Male"": {""alpha"": 0.0, ""margin"": 0.5223378602750157, ""p_observed"": 0.7611689301375077, ""prior_probability"": 0.1388888888888889, ""score"": -1.9740810260220096}}"
502,Female,White,gender=Female,<=50K,"{""age"": ""45"", ""workclass"": ""Private"", ""fnlwgt"": ""159080"", ""education"": ""HS-grad"", ""educational-num"": ""9"", ""marital-status"": ""Married-civ-spouse"", ""occupation"": ""Adm-clerical"", ""relationship"": ""Own-child"", ""race"": ""White"", ""capital-gain"": ""0"", ""capital-loss"": ""0"", ""hours-per-week"": ""15"", ""native-country"": ""United-States""}",gender=Male,gender=Female,gender=Female,,gender=Male,gender=Male,gender=Female,0,<=50K | Own-child | Married-civ-spouse | HS-grad | Private,2,2,"{""gender=Female"": ""<=50K"", ""gender=Male"": ""<=50K""}","{""gender=Female"": {""alpha"": 1.0, ""margin"": 0.5789685408690667, ""p_observed"": 0.7894842704345333, ""prior_probability"": 0.6666666666666666, ""score"": 0.7894842704345333}, ""gender=Male"": {""alpha"": 1.0, ""margin"": 0.604614021379569, ""p_observed"": 0.8023070106897844, ""prior_probability"": 0.3333333333333333, ""score"": 0.8023070106897844}}","{""gender=Female"": {""alpha"": 1.0, ""margin"": 0.5789685408690667, ""p_observed"": 0.7894842704345333, ""prior_probability"": 0.6666666666666666, ""score"": 0.5789685408690667}, ""gender=Male"": {""alpha"": 1.0, ""margin"": 0.604614021379569, ""p_observed"": 0.8023070106897844, ""prior_probability"": 0.3333333333333333, ""score"": 0.604614021379569}}","{""gender=Female"": {""alpha"": 0.0, ""margin"": 0.5789685408690667, ""p_observed"": 0.7894842704345333, ""prior_probability"": 0.6666666666666666, ""score"": -0.40546510810816444}, ""gender=Male"": {""alpha"": 0.0, ""margin"": 0.604614021379569, ""p_observed"": 0.8023070106897844, ""prior_probability"": 0.3333333333333333, ""score"": -1.0986122886681098}}"
503,Male,White,gender=Male,<=50K,"{""age"": ""19"", ""workclass"": ""Private"", ""fnlwgt"": ""208366"", ""education"": ""HS-grad"", ""educational-num"": ""9"", ""marital-status"": ""Never-married"", ""occupation"": ""Handlers-cleaners"", ""relationship"": ""Not-in-family"", ""race"": ""White"", ""capital-gain"": ""0"", ""capital-loss"": ""0"", ""hours-per-week"": ""40"", ""native-country"": ""United-States""}",gender=Male,gender=Male,gender=Male,gender=Male,gender=Female,gender=Female,gender=Male,1,<=50K | Not-in-family | Never-married | HS-grad | Private,2,2,"{""gender=Female"": ""<=50K"", ""gender=Male"": ""<=50K""}","{""gender=Female"": {""alpha"": 1.0, ""margin"": 0.9782513621169227, ""p_observed"": 0.9891256810584613, ""prior_probability"": 0.13414634146341464, ""score"": 0.9891256810584613}, ""gender=Male"": {""alpha"": 1.0, ""margin"": 0.9739659946982164, ""p_observed"": 0.9869829973491081, ""prior_probability"": 0.8658536585365854, ""score"": 0.9869829973491081}}","{""gender=Female"": {""alpha"": 1.0, ""margin"": 0.9782513621169227, ""p_observed"": 0.9891256810584613, ""prior_probability"": 0.13414634146341464, ""score"": 0.9782513621169227}, ""gender=Male"": {""alpha"": 1.0, ""margin"": 0.9739659946982164, ""p_observed"": 0.9869829973491081, ""prior_probability"": 0.8658536585365854, ""score"": 0.9739659946982164}}","{""gender=Female"": {""alpha"": 0.0, ""margin"": 0.9782513621169227, ""p_observed"": 0.9891256810584613, ""prior_probability"": 0.13414634146341464, ""score"": -2.0088239744658827}, ""gender=Male"": {""alpha"": 0.0, ""margin"": 0.9739659946982164, ""p_observed"": 0.9869829973491081, ""prior_probability"": 0.8658536585365854, ""score"": -0.1440393702229377}}"
504,Male,White,gender=Male,<=50K,"{""age"": ""44"", ""workclass"": ""Private"", ""fnlwgt"": ""199202"", ""education"": ""Masters"", ""educational-num"": ""14"", ""marital-status"": ""Married-civ-spouse"", ""occupation"": ""Adm-clerical"", ""relationship"": ""Husband"", ""race"": ""White"", ""capital-gain"": ""0"", ""capital-loss"": ""0"", ""hours-per-week"": ""50"", ""native-country"": ""United-States""}",gender=Male,gender=Male,gender=Male,,gender=Female,gender=Female,gender=Male,0,<=50K | Husband | Married-civ-spouse | Masters | Private,2,2,"{""gender=Female"": "">50K"", ""gender=Male"": "">50K""}","{""gender=Female"": {""alpha"": 1.0, ""margin"": -0.11589028594797723, ""p_observed"": 0.4420548570260113, ""prior_probability"": 0.08333333333333333, ""score"": 0.4420548570260113}, ""gender=Male"": {""alpha"": 1.0, ""margin"": -0.29653161821479307, ""p_observed"": 0.35173419089260344, ""prior_probability"": 0.9166666666666666, ""score"": 0.35173419089260344}}","{""gender=Female"": {""alpha"": 1.0, ""margin"": -0.11589028594797723, ""p_observed"": 0.4420548570260113, ""prior_probability"": 0.08333333333333333, ""score"": -0.11589028594797723}, ""gender=Male"": {""alpha"": 1.0, ""margin"": -0.29653161821479307, ""p_observed"": 0.35173419089260344, ""prior_probability"": 0.9166666666666666, ""score"": -0.29653161821479307}}","{""gender=Female"": {""alpha"": 0.0, ""margin"": -0.11589028594797723, ""p_observed"": 0.4420548570260113, ""prior_probability"": 0.08333333333333333, ""score"": -2.4849066497880004}, ""gender=Male"": {""alpha"": 0.0, ""margin"": -0.29653161821479307, ""p_observed"": 0.35173419089260344, ""prior_probability"": 0.9166666666666666, ""score"": -0.08701137698962981}}"
505,Male,White,gender=Male,>50K,"{""age"": ""52"", ""workclass"": ""Self-emp-not-inc"", ""fnlwgt"": ""313243"", ""education"": ""HS-grad"", ""educational-num"": ""9"", ""marital-status"": ""Married-civ-spouse"", ""occupation"": ""Craft-repair"", ""relationship"": ""Husband"", ""race"": ""White"", ""capital-gain"": ""0"", ""capital-loss"": ""0"", ""hours-per-week"": ""55"", ""native-country"": ""United-States""}",gender=Male,gender=Male,gender=Male,,gender=Male,gender=Male,gender=Male,0,>50K | Husband | Married-civ-spouse | HS-grad | Self-emp-not-inc,2,2,"{""gender=Female"": ""<=50K"", ""gender=Male"": ""<=50K""}","{""gender=Female"": {""alpha"": 1.0, ""margin"": -0.40662375798567585, ""p_observed"": 0.2966881210071618, ""prior_probability"": 0.0031847133757961785, ""score"": 0.2966881210071618}, ""gender=Male"": {""alpha"": 1.0, ""margin"": -0.34222784775967746, ""p_observed"": 0.32888607612016113, ""prior_probability"": 0.9968152866242038, ""score"": 0.32888607612016113}}","{""gender=Female"": {""alpha"": 1.0, ""margin"": -0.40662375798567585, ""p_observed"": 0.2966881210071618, ""prior_probability"": 0.0031847133757961785, ""score"": -0.40662375798567585}, ""gender=Male"": {""alpha"": 1.0, ""margin"": -0.34222784775967746, ""p_observed"": 0.32888607612016113, ""prior_probability"": 0.9968152866242038, ""score"": -0.34222784775967746}}","{""gender=Female"": {""alpha"": 0.0, ""margin"": -0.40662375798567585, ""p_observed"": 0.2966881210071618, ""prior_probability"": 0.0031847133757961785, ""score"": -5.749392985908253}, ""gender=Male"": {""alpha"": 0.0, ""margin"": -0.34222784775967746, ""p_observed"": 0.32888607612016113, ""prior_probability"": 0.9968152866242038, ""score"": -0.0031897953681001494}}"
506,Male,White,gender=Male,>50K,"{""age"": ""34"", ""workclass"": ""Private"", ""fnlwgt"": ""175856"", ""education"": ""Bachelors"", ""educational-num"": ""13"", ""marital-status"": ""Married-civ-spouse"", ""occupation"": ""Exec-managerial"", ""relationship"": ""Husband"", ""race"": ""White"", ""capital-gain"": ""3103"", ""capital-loss"": ""0"", ""hours-per-week"": ""55"", ""native-country"": ""United-States""}",gender=Male,gender=Male,gender=Male,gender=Male,gender=Male,gender=Male,gender=Male,1,>50K | Husband | Married-civ-spouse | Bachelors | Private,2,2,"{""gender=Female"": "">50K"", ""gender=Male"": "">50K""}","{""gender=Female"": {""alpha"": 1.0, ""margin"": 0.2423994051582179, ""p_observed"": 0.6211997025791088, ""prior_probability"": 0.00186219739292365, ""score"": 0.6211997025791088}, ""gender=Male"": {""alpha"": 1.0, ""margin"": 0.5091859621047673, ""p_observed"": 0.7545929810523837, ""prior_probability"": 0.9981378026070763, ""score"": 0.7545929810523837}}","{""gender=Female"": {""alpha"": 1.0, ""margin"": 0.2423994051582179, ""p_observed"": 0.6211997025791088, ""prior_probability"": 0.00186219739292365, ""score"": 0.2423994051582179}, ""gender=Male"": {""alpha"": 1.0, ""margin"": 0.5091859621047673, ""p_observed"": 0.7545929810523837, ""prior_probability"": 0.9981378026070763, ""score"": 0.5091859621047673}}","{""gender=Female"": {""alpha"": 0.0, ""margin"": 0.2423994051582179, ""p_observed"": 0.6211997025791088, ""prior_probability"": 0.00186219739292365, ""score"": -6.285998094508865}, ""gender=Male"": {""alpha"": 0.0, ""margin"": 0.5091859621047673, ""p_observed"": 0.7545929810523837, ""prior_probability"": 0.9981378026070763, ""score"": -0.0018639334380627533}}"
507,Male,White,gender=Male,>50K,"{""age"": ""46"", ""workclass"": ""Private"", ""fnlwgt"": ""41223"", ""education"": ""Some-college"", ""educational-num"": ""10"", ""marital-status"": ""Married-civ-spouse"", ""occupation"": ""Adm-clerical"", ""relationship"": ""Husband"", ""race"": ""White"", ""capital-gain"": ""0"", ""capital-loss"": ""0"", ""hours-per-week"": ""40"", ""native-country"": ""United-States""}",gender=Male,gender=Male,gender=Male,,gender=Male,gender=Male,gender=Male,0,>50K | Husband | Married-civ-spouse | Some-college | Private,2,2,"{""gender=Female"": ""<=50K"", ""gender=Male"": ""<=50K""}","{""gender=Female"": {""alpha"": 1.0, ""margin"": -0.30517421707388775, ""p_observed"": 0.34741289146305615, ""prior_probability"": 0.014492753623188406, ""score"": 0.34741289146305615}, ""gender=Male"": {""alpha"": 1.0, ""margin"": -0.24123103081793873, ""p_observed"": 0.3793844845910307, ""prior_probability"": 0.9855072463768116, ""score"": 0.3793844845910307}}","{""gender=Female"": {""alpha"": 1.0, ""margin"": -0.30517421707388775, ""p_observed"": 0.34741289146305615, ""prior_probability"": 0.014492753623188406, ""score"": -0.30517421707388775}, ""gender=Male"": {""alpha"": 1.0, ""margin"": -0.24123103081793873, ""p_observed"": 0.3793844845910307, ""prior_probability"": 0.9855072463768116, ""score"": -0.24123103081793873}}","{""gender=Female"": {""alpha"": 0.0, ""margin"": -0.30517421707388775, ""p_observed"": 0.34741289146305615, ""prior_probability"": 0.014492753623188406, ""score"": -4.23410650459726}, ""gender=Male"": {""alpha"": 0.0, ""margin"": -0.24123103081793873, ""p_observed"": 0.3793844845910307, ""prior_probability"": 0.9855072463768116, ""score"": -0.014598799421152636}}"
508,Female,Black,gender=Female,<=50K,"{""age"": ""25"", ""workclass"": ""Private"", ""fnlwgt"": ""299765"", ""education"": ""Some-college"", ""educational-num"": ""10"", ""marital-status"": ""Separated"", ""occupation"": ""Adm-clerical"", ""relationship"": ""Other-relative"", ""race"": ""Black"", ""capital-gain"": ""0"", ""capital-loss"": ""0"", ""hours-per-week"": ""40"", ""native-country"": ""Jamaica""}",gender=Male,gender=Female,gender=Female,,gender=Female,gender=Female,gender=Female,0,<=50K | Other-relative | Separated | Some-college | Private,2,2,"{""gender=Female"": ""<=50K"", ""gender=Male"": ""<=50K""}","{""gender=Female"": {""alpha"": 1.0, ""margin"": 0.9435294051809783, ""p_observed"": 0.9717647025904892, ""prior_probability"": 0.6666666666666666, ""score"": 0.9717647025904892}, ""gender=Male"": {""alpha"": 1.0, ""margin"": 0.9141890105855712, ""p_observed"": 0.9570945052927856, ""prior_probability"": 0.3333333333333333, ""score"": 0.9570945052927856}}","{""gender=Female"": {""alpha"": 1.0, ""margin"": 0.9435294051809783, ""p_observed"": 0.9717647025904892, ""prior_probability"": 0.6666666666666666, ""score"": 0.9435294051809783}, ""gender=Male"": {""alpha"": 1.0, ""margin"": 0.9141890105855712, ""p_observed"": 0.9570945052927856, ""prior_probability"": 0.3333333333333333, ""score"": 0.9141890105855712}}","{""gender=Female"": {""alpha"": 0.0, ""margin"": 0.9435294051809783, ""p_observed"": 0.9717647025904892, ""prior_probability"": 0.6666666666666666, ""score"": -0.40546510810816444}, ""gender=Male"": {""alpha"": 0.0, ""margin"": 0.9141890105855712, ""p_observed"": 0.9570945052927856, ""prior_probability"": 0.3333333333333333, ""score"": -1.0986122886681098}}"
509,Female,White,gender=Female,<=50K,"{""age"": ""29"", ""workclass"": ""Private"", ""fnlwgt"": ""174645"", ""education"": ""11th"", ""educational-num"": ""7"", ""marital-status"": ""Divorced"", ""occupation"": ""Craft-repair"", ""relationship"": ""Unmarried"", ""race"": ""White"", ""capital-gain"": ""0"", ""capital-loss"": ""0"", ""hours-per-week"": ""52"", ""native-country"": ""United-States""}",gender=Male,gender=Male,gender=Male,,gender=Female,gender=Female,gender=Male,0,<=50K | Unmarried | Divorced | 11th | Private,2,2,"{""gender=Female"": ""<=50K"", ""gender=Male"": ""<=50K""}","{""gender=Female"": {""alpha"": 1.0, ""margin"": 0.895167713500184, ""p_observed"": 0.9475838567500918, ""prior_probability"": 0.3333333333333333, ""score"": 0.9475838567500918}, ""gender=Male"": {""alpha"": 1.0, ""margin"": 0.8637002957439469, ""p_observed"": 0.9318501478719734, ""prior_probability"": 0.6666666666666666, ""score"": 0.9318501478719734}}","{""gender=Female"": {""alpha"": 1.0, ""margin"": 0.895167713500184, ""p_observed"": 0.9475838567500918, ""prior_probability"": 0.3333333333333333, ""score"": 0.895167713500184}, ""gender=Male"": {""alpha"": 1.0, ""margin"": 0.8637002957439469, ""p_observed"": 0.9318501478719734, ""prior_probability"": 0.6666666666666666, ""score"": 0.8637002957439469}}","{""gender=Female"": {""alpha"": 0.0, ""margin"": 0.895167713500184, ""p_observed"": 0.9475838567500918, ""prior_probability"": 0.3333333333333333, ""score"": -1.0986122886681098}, ""gender=Male"": {""alpha"": 0.0, ""margin"": 0.8637002957439469, ""p_observed"": 0.9318501478719734, ""prior_probability"": 0.6666666666666666, ""score"": -0.40546510810816444}}"
510,Male,White,gender=Male,>50K,"{""age"": ""30"", ""workclass"": ""Self-emp-inc"", ""fnlwgt"": ""204470"", ""education"": ""Some-college"", ""educational-num"": ""10"", ""marital-status"": ""Married-civ-spouse"", ""occupation"": ""Exec-managerial"", ""relationship"": ""Husband"", ""race"": ""White"", ""capital-gain"": ""0"", ""capital-loss"": ""0"", ""hours-per-week"": ""36"", ""native-country"": ""United-States""}",gender=Male,gender=Male,gender=Male,,gender=Male,gender=Male,gender=Male,0,>50K | Husband | Married-civ-spouse | Some-college | Self-emp-inc,2,2,"{""gender=Female"": ""<=50K"", ""gender=Male"": ""<=50K""}","{""gender=Female"": {""alpha"": 1.0, ""margin"": -0.3279509030930988, ""p_observed"": 0.33602454845345053, ""prior_probability"": 0.004273504273504274, ""score"": 0.33602454845345053}, ""gender=Male"": {""alpha"": 1.0, ""margin"": -0.17087705317640672, ""p_observed"": 0.41456147341179655, ""prior_probability"": 0.9957264957264957, ""score"": 0.41456147341179655}}","{""gender=Female"": {""alpha"": 1.0, ""margin"": -0.3279509030930988, ""p_observed"": 0.33602454845345053, ""prior_probability"": 0.004273504273504274, ""score"": -0.3279509030930988}, ""gender=Male"": {""alpha"": 1.0, ""margin"": -0.17087705317640672, ""p_observed"": 0.41456147341179655, ""prior_probability"": 0.9957264957264957, ""score"": -0.17087705317640672}}","{""gender=Female"": {""alpha"": 0.0, ""margin"": -0.3279509030930988, ""p_observed"": 0.33602454845345053, ""prior_probability"": 0.004273504273504274, ""score"": -5.455321115357702}, ""gender=Male"": {""alpha"": 0.0, ""margin"": -0.17087705317640672, ""p_observed"": 0.41456147341179655, ""prior_probability"": 0.9957264957264957, ""score"": -0.004282661792000848}}"
511,Male,White,gender=Male,>50K,"{""age"": ""40"", ""workclass"": ""Federal-gov"", ""fnlwgt"": ""73883"", ""education"": ""Some-college"", ""educational-num"": ""10"", ""marital-status"": ""Married-civ-spouse"", ""occupation"": ""Tech-support"", ""relationship"": ""Husband"", ""race"": ""White"", ""capital-gain"": ""0"", ""capital-loss"": ""0"", ""hours-per-week"": ""40"", ""native-country"": ""United-States""}",gender=Male,gender=Male,gender=Male,,gender=Male,gender=Male,gender=Male,0,>50K | Husband | Married-civ-spouse | Some-college | Federal-gov,2,2,"{""gender=Female"": ""<=50K"", ""gender=Male"": ""<=50K""}","{""gender=Female"": {""alpha"": 1.0, ""margin"": -0.17841349575915033, ""p_observed"": 0.41079325212042495, ""prior_probability"": 0.02040816326530612, ""score"": 0.41079325212042495}, ""gender=Male"": {""alpha"": 1.0, ""margin"": -0.07215675566292629, ""p_observed"": 0.4639216221685369, ""prior_probability"": 0.9795918367346939, ""score"": 0.4639216221685369}}","{""gender=Female"": {""alpha"": 1.0, ""margin"": -0.17841349575915033, ""p_observed"": 0.41079325212042495, ""prior_probability"": 0.02040816326530612, ""score"": -0.17841349575915033}, ""gender=Male"": {""alpha"": 1.0, ""margin"": -0.07215675566292629, ""p_observed"": 0.4639216221685369, ""prior_probability"": 0.9795918367346939, ""score"": -0.07215675566292629}}","{""gender=Female"": {""alpha"": 0.0, ""margin"": -0.17841349575915033, ""p_observed"": 0.41079325212042495, ""prior_probability"": 0.02040816326530612, ""score"": -3.891820298110627}, ""gender=Male"": {""alpha"": 0.0, ""margin"": -0.07215675566292629, ""p_observed"": 0.4639216221685369, ""prior_probability"": 0.9795918367346939, ""score"": -0.020619287202735703}}"
