sample_index,membership_label,user_id,true_label,base_prediction,label_stability_score,sampling_attack_score,transfer_attack_score,boundary_attack_score,dhattack_style_score,dhattack_style_raw_score
0,1,casia:470,1,1,0.4375,0.2903225806451613,0.41935483870967744,0.3225806451612903,-1.6261853366380468,0.22580645161290322
1,1,casia:162,0,0,1.0,1.0,0.7419354838709677,0.7419354838709677,0.6526177768669937,0.8387096774193549
2,1,casia:064,0,0,1.0,1.0,0.8709677419354839,0.8709677419354839,-0.08858462192703108,0.6451612903225806
3,1,casia:443,1,1,0.4375,0.45161290322580644,0.8387096774193549,0.45161290322580644,-0.586627034726935,0.45161290322580644
4,1,casia:091,0,0,1.0,1.0,1.0,1.0,0.8996852431316684,0.9032258064516129
5,1,casia:230,0,0,1.0,1.0,0.9354838709677419,0.9354838709677419,-0.5827195544563808,0.5161290322580645
6,1,casia:025,0,0,1.0,1.0,0.967741935483871,0.967741935483871,0.776151509999331,0.8709677419354839
7,1,casia:437,1,1,0.5625,0.5483870967741935,0.3225806451612903,0.9032258064516129,0.6014395960286216,0.7096774193548387
8,1,casia:486,1,1,0.28125,0.3225806451612903,0.5806451612903226,0.5806451612903226,-0.43811870588249036,0.4838709677419355
9,1,casia:160,0,0,0.9375,0.4838709677419355,0.06451612903225806,0.06451612903225806,-2.3121918183091053,0.06451612903225806
10,1,casia:063,0,0,0.96875,1.0,0.8387096774193549,0.8387096774193549,0.40555031060231866,0.7741935483870968
11,1,casia:255,1,1,0.03125,0.3225806451612903,0.2903225806451613,0.2903225806451613,0.0074062806508434385,0.5806451612903226
12,1,casia:046,0,0,1.0,1.0,0.967741935483871,0.967741935483871,0.529084043734656,0.8064516129032258
13,1,casia:077,0,0,1.0,1.0,0.8709677419354839,0.8709677419354839,0.2820165774699813,0.7419354838709677
14,1,casia:157,0,0,1.0,1.0,0.41935483870967744,0.41935483870967744,0.2820165774699813,0.7419354838709677
15,1,casia:329,1,1,0.90625,0.8387096774193549,1.0,1.0,0.6014395960286216,0.7096774193548387
16,1,casia:065,0,0,1.0,1.0,0.8064516129032258,0.8064516129032258,-1.0768544869857306,0.3870967741935484
17,1,casia:333,1,1,0.9375,1.0,0.9354838709677419,0.9354838709677419,-0.28961037703804593,0.5161290322580645
18,1,casia:383,1,1,0.25,0.25806451612903225,0.45161290322580644,0.6129032258064516,0.15591460949528785,0.6129032258064516
19,1,casia:257,1,1,0.90625,0.7096774193548387,0.7741935483870968,0.7741935483870968,0.8984562537175105,0.7741935483870968
20,1,casia:357,1,1,0.9375,1.0,0.3548387096774194,0.3548387096774194,0.6014395960286216,0.7096774193548387
21,1,casia:412,1,1,0.03125,0.2903225806451613,0.2903225806451613,0.2903225806451613,-1.6261853366380468,0.22580645161290322
22,1,casia:288,1,1,0.0625,0.25806451612903225,0.7096774193548387,0.7096774193548387,0.749947924873066,0.7419354838709677
23,1,casia:366,1,1,0.71875,0.3870967741935484,0.9354838709677419,0.9354838709677419,1.046964582561955,0.8064516129032258
24,1,casia:056,0,0,0.96875,1.0,0.45161290322580644,0.45161290322580644,0.03494911120530625,0.6774193548387096
25,1,casia:155,0,0,1.0,1.0,0.3870967741935484,0.3870967741935484,0.776151509999331,0.8709677419354839
26,1,casia:214,0,0,1.0,1.0,0.6129032258064516,0.6129032258064516,0.03494911120530625,0.6774193548387096
27,1,casia:280,1,1,0.625,0.5806451612903226,0.5806451612903226,0.5806451612903226,1.3439812402508442,0.8709677419354839
28,1,casia:498,1,1,0.6875,1.0,0.45161290322580644,0.45161290322580644,1.1954729114063998,0.8387096774193549
29,1,casia:016,0,0,0.9375,0.4838709677419355,0.3548387096774194,0.3548387096774194,0.6526177768669937,0.8387096774193549
30,1,casia:202,0,1,0.03125,0.12903225806451613,0.06451612903225806,0.06451612903225806,-2.517235309704714,0.03225806451612903
31,1,casia:341,1,1,0.5,0.4838709677419355,0.7419354838709677,0.7419354838709677,-0.7351353635713794,0.41935483870967744
32,1,casia:019,0,0,1.0,1.0,0.9354838709677419,0.9354838709677419,1.0232189762640058,0.9354838709677419
33,1,casia:119,0,0,1.0,1.0,0.5161290322580645,0.5161290322580645,-1.2003882201180678,0.3548387096774194
34,1,casia:329,1,1,0.21875,0.25806451612903225,1.0,1.0,-0.43811870588249036,0.4838709677419355
35,1,casia:005,0,0,1.0,1.0,1.0,1.0,1.0232189762640058,0.9354838709677419
36,1,casia:085,0,0,1.0,1.0,1.0,0.5161290322580645,0.158482844337644,0.7096774193548387
37,1,casia:443,1,1,0.59375,0.3548387096774194,0.8064516129032258,0.7419354838709677,0.6014395960286216,0.7096774193548387
38,1,casia:239,0,0,0.90625,1.0,0.3870967741935484,0.3870967741935484,-0.4591858213240435,0.5483870967741935
39,1,casia:245,0,0,1.0,1.0,0.7096774193548387,0.7096774193548387,-1.3239219532504054,0.3225806451612903
40,1,casia:284,1,1,0.34375,0.3225806451612903,0.8064516129032258,0.8064516129032258,0.3044229383397323,0.6451612903225806
41,1,casia:439,1,1,0.25,0.25806451612903225,0.1935483870967742,0.1935483870967742,-1.1806603501047133,0.3225806451612903
42,1,casia:268,1,1,0.15625,0.3870967741935484,1.0,1.0,1.1954729114063998,0.8387096774193549
43,1,casia:132,0,0,0.96875,1.0,0.1935483870967742,0.1935483870967742,0.8996852431316684,0.9032258064516129
44,1,casia:205,0,0,1.0,1.0,0.5161290322580645,0.5161290322580645,-0.08858462192703108,0.6451612903225806
45,1,casia:009,0,0,1.0,1.0,0.9354838709677419,0.9354838709677419,0.8996852431316684,0.9032258064516129
46,1,casia:207,0,1,0.03125,0.16129032258064516,0.9354838709677419,0.9354838709677419,-0.1411020481936015,0.5483870967741935
47,1,casia:414,1,1,0.5625,0.3225806451612903,0.25806451612903225,0.25806451612903225,-0.586627034726935,0.45161290322580644
48,1,casia:288,1,1,0.125,0.5161290322580645,0.7096774193548387,0.7096774193548387,1.4924895690952886,0.9032258064516129
49,1,casia:352,1,1,0.875,0.8387096774193549,0.967741935483871,0.967741935483871,-0.1411020481936015,0.5483870967741935
50,1,casia:346,1,1,0.59375,0.25806451612903225,0.41935483870967744,0.41935483870967744,0.15591460949528785,0.6129032258064516
51,1,casia:100,0,0,1.0,1.0,0.6451612903225806,0.6451612903225806,0.529084043734656,0.8064516129032258
52,1,casia:406,1,1,0.03125,0.25806451612903225,0.22580645161290322,0.22580645161290322,0.8984562537175105,0.7741935483870968
53,1,casia:162,0,0,1.0,1.0,0.5806451612903226,0.5806451612903226,0.6526177768669937,0.8387096774193549
54,1,casia:490,1,1,0.125,0.3548387096774194,0.41935483870967744,0.41935483870967744,-0.7351353635713794,0.41935483870967744
55,1,casia:195,0,1,0.03125,0.16129032258064516,0.8709677419354839,0.8709677419354839,-1.1806603501047133,0.3225806451612903
56,1,casia:414,1,1,0.625,0.3548387096774194,0.7741935483870968,0.7741935483870968,0.15591460949528785,0.6129032258064516
57,1,casia:082,0,0,0.96875,1.0,0.6129032258064516,0.6129032258064516,-1.6945231526474176,0.22580645161290322
58,1,casia:142,0,0,0.9375,0.6129032258064516,0.22580645161290322,0.22580645161290322,0.03494911120530625,0.6774193548387096
59,1,casia:283,1,1,0.375,0.2903225806451613,0.3870967741935484,0.3870967741935484,0.4529312671841767,0.6774193548387096
60,1,casia:251,1,1,0.90625,1.0,0.967741935483871,0.967741935483871,0.749947924873066,0.7419354838709677
61,1,casia:163,0,0,1.0,1.0,0.8064516129032258,0.8064516129032258,0.2820165774699813,0.7419354838709677
62,1,casia:079,0,1,0.03125,0.22580645161290322,0.1935483870967742,0.1935483870967742,-1.1806603501047133,0.3225806451612903
63,1,casia:305,1,1,0.03125,0.25806451612903225,0.5161290322580645,0.5161290322580645,-1.3291686789491577,0.2903225806451613
64,1,casia:393,1,1,0.125,0.2903225806451613,0.4838709677419355,0.4838709677419355,-0.586627034726935,0.45161290322580644
65,1,casia:287,1,1,0.53125,0.3225806451612903,0.7419354838709677,0.7419354838709677,0.4529312671841767,0.6774193548387096
66,1,casia:092,0,0,1.0,1.0,0.7096774193548387,0.7096774193548387,0.776151509999331,0.8709677419354839
67,1,casia:385,1,1,0.4375,0.3548387096774194,0.6129032258064516,0.6129032258064516,-0.1411020481936015,0.5483870967741935
68,1,casia:184,0,0,1.0,1.0,0.3870967741935484,0.6129032258064516,-0.2121183550593684,0.6129032258064516
69,1,casia:249,0,0,1.0,1.0,0.3870967741935484,0.3870967741935484,0.40555031060231866,0.7741935483870968
70,1,casia:323,1,0,1.0,0.06451612903225806,0.967741935483871,0.967741935483871,-1.5709894195150802,0.25806451612903225
71,1,casia:375,1,1,0.4375,0.25806451612903225,0.9354838709677419,0.9354838709677419,-0.1411020481936015,0.5483870967741935
72,1,casia:148,0,0,1.0,1.0,0.6774193548387096,0.6774193548387096,0.529084043734656,0.8064516129032258
73,1,casia:252,1,1,0.3125,0.3225806451612903,0.7096774193548387,0.7096774193548387,-0.28961037703804593,0.5161290322580645
74,1,casia:211,0,1,0.03125,0.06451612903225806,0.8064516129032258,0.8064516129032258,1.3439812402508442,0.8709677419354839
75,1,casia:222,0,0,1.0,0.4838709677419355,0.4838709677419355,0.4838709677419355,-0.3356520881917057,0.5806451612903226
76,1,casia:475,1,1,0.40625,0.6129032258064516,0.6129032258064516,0.6129032258064516,-1.0321520212602686,0.3548387096774194
77,1,casia:226,0,0,1.0,1.0,0.06451612903225806,0.06451612903225806,0.776151509999331,0.8709677419354839
78,1,casia:471,1,1,0.375,0.2903225806451613,0.22580645161290322,0.22580645161290322,-0.7351353635713794,0.41935483870967744
79,1,casia:210,0,1,0.03125,0.0967741935483871,0.22580645161290322,0.22580645161290322,-2.36872698086027,0.06451612903225806
80,1,casia:479,1,1,0.21875,0.3870967741935484,0.5483870967741935,0.5483870967741935,-1.4776770077936023,0.25806451612903225
81,1,casia:242,0,0,1.0,1.0,0.967741935483871,0.967741935483871,-1.4474556863827428,0.2903225806451613
82,1,casia:382,1,1,0.46875,0.2903225806451613,0.41935483870967744,0.7096774193548387,0.8984562537175105,0.7741935483870968
83,1,casia:312,1,1,0.09375,0.25806451612903225,0.3225806451612903,0.3225806451612903,0.3044229383397323,0.6451612903225806
84,1,casia:190,0,0,1.0,1.0,0.5806451612903226,0.5806451612903226,0.40555031060231866,0.7741935483870968
85,1,casia:002,0,0,1.0,1.0,0.25806451612903225,0.25806451612903225,0.776151509999331,0.8709677419354839
86,1,casia:250,1,0,1.0,1.0,0.0967741935483871,0.0967741935483871,-1.9415906189120926,0.16129032258064516
87,1,casia:074,0,0,1.0,1.0,0.8064516129032258,0.8064516129032258,0.776151509999331,0.8709677419354839
88,1,casia:227,0,0,0.96875,1.0,0.3225806451612903,0.3225806451612903,-0.5827195544563808,0.5161290322580645
89,1,casia:461,1,1,0.9375,0.8387096774193549,0.25806451612903225,0.25806451612903225,0.6014395960286216,0.7096774193548387
90,1,casia:244,0,0,1.0,0.12903225806451613,0.16129032258064516,0.16129032258064516,0.8996852431316684,0.9032258064516129
91,1,casia:197,0,0,1.0,1.0,0.41935483870967744,0.967741935483871,0.03494911120530625,0.6774193548387096
92,1,casia:070,0,0,1.0,1.0,0.3870967741935484,0.3870967741935484,-1.8180568857797552,0.1935483870967742
93,1,casia:328,1,1,0.46875,0.3225806451612903,0.7419354838709677,0.7419354838709677,-1.3291686789491577,0.2903225806451613
94,1,casia:259,1,1,0.15625,0.25806451612903225,0.4838709677419355,0.4838709677419355,-1.0321520212602686,0.3548387096774194
95,1,casia:302,1,1,0.3125,0.2903225806451613,0.16129032258064516,0.16129032258064516,0.3044229383397323,0.6451612903225806
96,1,casia:327,1,1,0.34375,0.25806451612903225,0.7741935483870968,0.7741935483870968,-0.28961037703804593,0.5161290322580645
97,1,casia:388,1,1,0.40625,0.41935483870967744,0.3870967741935484,0.3870967741935484,1.4924895690952886,0.9032258064516129
98,1,casia:480,1,1,0.09375,0.2903225806451613,0.22580645161290322,0.22580645161290322,-0.43811870588249036,0.4838709677419355
99,1,casia:448,1,1,0.34375,0.6129032258064516,0.9354838709677419,0.9354838709677419,0.6014395960286216,0.7096774193548387
100,1,casia:071,0,0,1.0,1.0,0.0967741935483871,0.0967741935483871,-1.9415906189120926,0.16129032258064516
101,1,casia:455,1,1,0.53125,0.6129032258064516,0.8709677419354839,0.8709677419354839,0.8984562537175105,0.7741935483870968
102,1,casia:249,0,0,1.0,1.0,0.967741935483871,0.967741935483871,0.40555031060231866,0.7741935483870968
103,1,casia:159,0,0,1.0,1.0,0.967741935483871,0.967741935483871,0.776151509999331,0.8709677419354839
104,1,casia:439,1,1,0.0625,0.41935483870967744,0.22580645161290322,0.22580645161290322,-1.3291686789491577,0.2903225806451613
105,1,casia:214,0,0,1.0,1.0,0.06451612903225806,0.06451612903225806,-1.8180568857797552,0.1935483870967742
106,1,casia:428,1,1,0.53125,0.25806451612903225,0.8709677419354839,0.8709677419354839,0.3044229383397323,0.6451612903225806
107,1,casia:202,0,1,0.21875,0.25806451612903225,0.03225806451612903,0.03225806451612903,1.046964582561955,0.8064516129032258
108,1,casia:339,1,1,0.71875,0.2903225806451613,0.7096774193548387,0.7096774193548387,0.8984562537175105,0.7741935483870968
109,1,casia:133,0,0,1.0,1.0,0.7096774193548387,0.7096774193548387,0.158482844337644,0.7096774193548387
110,1,casia:370,1,1,0.75,1.0,1.0,0.9032258064516129,0.4529312671841767,0.6774193548387096
111,1,casia:345,1,1,0.5,0.8387096774193549,0.6129032258064516,0.967741935483871,0.4529312671841767,0.6774193548387096
112,1,casia:002,0,1,0.125,0.25806451612903225,0.5483870967741935,0.5483870967741935,-0.7351353635713794,0.41935483870967744
113,1,casia:054,0,0,1.0,1.0,0.8387096774193549,0.8387096774193549,0.529084043734656,0.8064516129032258
114,1,casia:353,1,1,0.03125,0.2903225806451613,0.6451612903225806,0.6451612903225806,1.046964582561955,0.8064516129032258
115,1,casia:086,0,0,1.0,1.0,0.8387096774193549,0.8387096774193549,-0.8297870207210557,0.45161290322580644
116,1,casia:480,1,1,0.21875,0.3870967741935484,0.6129032258064516,0.6129032258064516,-0.7351353635713794,0.41935483870967744
117,1,casia:491,1,1,0.03125,0.25806451612903225,0.22580645161290322,0.22580645161290322,-1.3291686789491577,0.2903225806451613
118,1,casia:467,1,1,0.75,0.7096774193548387,0.2903225806451613,0.2903225806451613,-0.7351353635713794,0.41935483870967744
119,1,casia:317,1,1,0.125,0.2903225806451613,0.8064516129032258,0.8064516129032258,0.15591460949528785,0.6129032258064516
120,1,casia:140,0,0,1.0,1.0,0.8064516129032258,0.8064516129032258,0.158482844337644,0.7096774193548387
121,1,casia:239,0,0,0.75,0.03225806451612903,0.06451612903225806,0.06451612903225806,-2.4357255514414424,0.03225806451612903
122,1,casia:467,1,1,0.71875,0.25806451612903225,0.3225806451612903,0.3225806451612903,-1.1806603501047133,0.3225806451612903
123,1,casia:493,1,1,0.5625,0.3548387096774194,0.3870967741935484,0.3870967741935484,0.0074062806508434385,0.5806451612903226
124,1,casia:184,0,0,1.0,1.0,0.6774193548387096,0.41935483870967744,-0.3356520881917057,0.5806451612903226
125,1,casia:157,0,0,1.0,1.0,0.7741935483870968,0.7741935483870968,0.529084043734656,0.8064516129032258
126,1,casia:358,1,1,0.0625,0.3225806451612903,0.25806451612903225,0.25806451612903225,0.6014395960286216,0.7096774193548387
127,1,casia:416,1,1,0.5,0.41935483870967744,0.9032258064516129,0.9032258064516129,0.4529312671841767,0.6774193548387096
128,1,casia:052,0,0,1.0,1.0,0.8387096774193549,1.0,0.158482844337644,0.7096774193548387
129,1,casia:157,0,0,1.0,1.0,0.45161290322580644,0.45161290322580644,0.03494911120530625,0.6774193548387096
130,1,casia:456,1,1,0.5,0.8387096774193549,0.9354838709677419,0.9354838709677419,1.3439812402508442,0.8709677419354839
131,1,casia:163,0,0,1.0,1.0,0.6774193548387096,0.6774193548387096,-1.2003882201180678,0.3548387096774194
132,1,casia:377,1,1,0.59375,0.2903225806451613,0.8064516129032258,0.8064516129032258,0.15591460949528785,0.6129032258064516
133,1,casia:366,1,1,0.40625,0.45161290322580644,0.7419354838709677,0.7419354838709677,0.749947924873066,0.7419354838709677
134,1,casia:032,0,0,1.0,1.0,0.25806451612903225,0.25806451612903225,-1.2003882201180678,0.3548387096774194
135,1,casia:056,0,0,1.0,1.0,0.967741935483871,0.967741935483871,0.529084043734656,0.8064516129032258
136,1,casia:484,1,1,0.03125,0.16129032258064516,0.2903225806451613,0.2903225806451613,-2.36872698086027,0.06451612903225806
137,1,casia:269,1,1,0.03125,0.25806451612903225,0.8387096774193549,0.8387096774193549,0.4529312671841767,0.6774193548387096
138,1,casia:399,1,1,0.90625,1.0,1.0,0.7741935483870968,1.046964582561955,0.8064516129032258
139,1,casia:021,0,0,1.0,1.0,0.967741935483871,0.967741935483871,0.6526177768669937,0.8387096774193549
140,1,casia:053,0,0,1.0,1.0,0.8064516129032258,0.8064516129032258,1.0232189762640058,0.9354838709677419
141,1,casia:102,0,0,1.0,1.0,0.5483870967741935,0.5483870967741935,0.03494911120530625,0.6774193548387096
142,1,casia:051,0,0,0.96875,1.0,0.5806451612903226,0.5806451612903226,0.6526177768669937,0.8387096774193549
143,1,casia:251,1,1,0.9375,1.0,0.7741935483870968,0.7741935483870968,0.6014395960286216,0.7096774193548387
144,1,casia:272,1,1,0.84375,0.8387096774193549,0.5161290322580645,0.5161290322580645,1.046964582561955,0.8064516129032258
145,1,casia:480,1,1,0.0625,0.25806451612903225,0.5161290322580645,0.5161290322580645,-0.586627034726935,0.45161290322580644
146,1,casia:274,1,1,0.1875,0.3548387096774194,0.9354838709677419,0.9354838709677419,0.0074062806508434385,0.5806451612903226
147,1,casia:242,0,0,0.96875,1.0,0.9032258064516129,0.9032258064516129,0.8996852431316684,0.9032258064516129
148,1,casia:310,1,1,0.0625,0.25806451612903225,1.0,0.25806451612903225,-1.0321520212602686,0.3548387096774194
149,1,casia:341,1,1,0.09375,0.25806451612903225,0.7096774193548387,0.7096774193548387,-0.43811870588249036,0.4838709677419355
150,1,casia:031,0,0,1.0,1.0,0.3870967741935484,0.3870967741935484,0.40555031060231866,0.7741935483870968
151,1,casia:478,1,1,0.03125,0.2903225806451613,0.4838709677419355,0.4838709677419355,-0.8836436924158241,0.3870967741935484
152,1,casia:033,0,0,1.0,1.0,0.7741935483870968,0.7741935483870968,-0.8297870207210557,0.45161290322580644
153,1,casia:441,1,1,0.5625,0.3548387096774194,0.8064516129032258,0.8064516129032258,1.4924895690952886,0.9032258064516129
154,1,casia:268,1,1,0.15625,0.5161290322580645,1.0,1.0,1.3439812402508442,0.8709677419354839
155,1,casia:488,1,1,0.46875,0.4838709677419355,0.45161290322580644,0.45161290322580644,-0.28961037703804593,0.5161290322580645
156,1,casia:026,0,0,1.0,1.0,0.7741935483870968,0.7741935483870968,0.6526177768669937,0.8387096774193549
157,1,casia:163,0,0,1.0,1.0,0.8709677419354839,0.8709677419354839,-0.5827195544563808,0.5161290322580645
158,1,casia:345,1,1,0.53125,0.6774193548387096,1.0,0.6451612903225806,0.8984562537175105,0.7741935483870968
159,1,casia:403,1,1,0.21875,0.2903225806451613,0.8064516129032258,0.8064516129032258,1.4924895690952886,0.9032258064516129
160,1,casia:189,0,0,1.0,1.0,0.967741935483871,0.967741935483871,0.2820165774699813,0.7419354838709677
161,1,casia:143,0,0,1.0,1.0,0.5483870967741935,0.9354838709677419,0.529084043734656,0.8064516129032258
162,1,casia:194,0,0,1.0,1.0,0.5806451612903226,0.5806451612903226,0.6526177768669937,0.8387096774193549
163,1,casia:141,0,0,1.0,1.0,0.7096774193548387,0.7096774193548387,1.0232189762640058,0.9354838709677419
164,1,casia:006,0,0,0.9375,0.45161290322580644,0.0967741935483871,0.0967741935483871,-2.06512435204443,0.12903225806451613
165,1,casia:348,1,1,0.625,0.6774193548387096,1.0,0.8709677419354839,0.15591460949528785,0.6129032258064516
166,1,casia:018,0,0,0.96875,1.0,0.5806451612903226,0.5806451612903226,0.8996852431316684,0.9032258064516129
167,1,casia:465,1,1,0.6875,0.6774193548387096,0.2903225806451613,0.2903225806451613,-0.1411020481936015,0.5483870967741935
168,1,casia:330,1,1,0.28125,0.3548387096774194,0.5483870967741935,0.5483870967741935,-0.43811870588249036,0.4838709677419355
169,1,casia:211,0,0,1.0,1.0,0.5161290322580645,0.5161290322580645,0.6526177768669937,0.8387096774193549
170,1,casia:083,0,0,1.0,1.0,0.8064516129032258,0.8064516129032258,-0.3356520881917057,0.5806451612903226
171,1,casia:478,1,1,0.03125,0.25806451612903225,0.45161290322580644,0.45161290322580644,-1.1806603501047133,0.3225806451612903
172,1,casia:458,1,1,0.65625,0.3548387096774194,0.5161290322580645,0.5161290322580645,-0.43811870588249036,0.4838709677419355
173,1,casia:415,1,1,0.125,0.2903225806451613,0.7741935483870968,0.7741935483870968,0.4529312671841767,0.6774193548387096
174,1,casia:292,1,1,0.21875,0.2903225806451613,0.12903225806451613,0.12903225806451613,0.0074062806508434385,0.5806451612903226
175,1,casia:293,1,1,0.0625,0.25806451612903225,0.5161290322580645,0.5161290322580645,0.15591460949528785,0.6129032258064516
176,1,casia:044,0,0,1.0,1.0,0.8064516129032258,0.8064516129032258,0.529084043734656,0.8064516129032258
177,1,casia:032,0,0,1.0,0.3225806451612903,0.25806451612903225,0.25806451612903225,-1.9415906189120926,0.16129032258064516
178,1,casia:455,1,1,0.5625,0.3225806451612903,0.2903225806451613,0.2903225806451613,-0.43811870588249036,0.4838709677419355
179,1,casia:459,1,1,0.625,0.3548387096774194,0.5483870967741935,0.5483870967741935,0.749947924873066,0.7419354838709677
180,1,casia:210,0,0,0.875,0.22580645161290322,0.12903225806451613,0.12903225806451613,-1.6945231526474176,0.22580645161290322
181,1,casia:251,1,1,0.53125,0.967741935483871,0.5806451612903226,0.5806451612903226,1.046964582561955,0.8064516129032258
182,1,casia:377,1,1,0.65625,0.5806451612903226,0.967741935483871,0.967741935483871,0.6014395960286216,0.7096774193548387
183,1,casia:338,1,1,0.15625,0.3548387096774194,0.41935483870967744,0.41935483870967744,-0.7351353635713794,0.41935483870967744
184,1,casia:457,1,1,0.0625,0.25806451612903225,0.1935483870967742,0.1935483870967742,0.8984562537175105,0.7741935483870968
185,1,casia:434,1,1,0.0625,0.3225806451612903,0.1935483870967742,0.1935483870967742,-0.586627034726935,0.45161290322580644
186,1,casia:295,1,1,0.21875,0.25806451612903225,0.3870967741935484,0.3870967741935484,-0.28961037703804593,0.5161290322580645
187,1,casia:195,0,0,1.0,1.0,0.8064516129032258,0.8064516129032258,0.40555031060231866,0.7741935483870968
188,1,casia:332,1,1,0.78125,1.0,0.5483870967741935,0.6451612903225806,0.3044229383397323,0.6451612903225806
189,1,casia:039,0,0,1.0,1.0,0.45161290322580644,0.45161290322580644,0.529084043734656,0.8064516129032258
190,1,casia:120,0,0,1.0,1.0,1.0,1.0,0.40555031060231866,0.7741935483870968
191,1,casia:168,0,0,1.0,1.0,0.9032258064516129,0.9032258064516129,0.03494911120530625,0.6774193548387096
192,1,casia:043,0,0,1.0,1.0,1.0,1.0,0.776151509999331,0.8709677419354839
193,1,casia:335,1,1,0.375,0.25806451612903225,0.6129032258064516,0.6129032258064516,-1.1806603501047133,0.3225806451612903
194,1,casia:188,0,0,1.0,1.0,0.6451612903225806,0.6451612903225806,0.40555031060231866,0.7741935483870968
195,1,casia:452,1,1,0.03125,0.25806451612903225,1.0,1.0,-0.43811870588249036,0.4838709677419355
196,1,casia:357,1,1,0.75,0.8387096774193549,1.0,1.0,0.749947924873066,0.7419354838709677
197,1,casia:432,1,1,0.5625,0.25806451612903225,0.9354838709677419,0.9354838709677419,1.4924895690952886,0.9032258064516129
198,1,casia:245,0,0,1.0,1.0,1.0,1.0,-0.3356520881917057,0.5806451612903226
199,1,casia:333,1,1,0.96875,1.0,0.7741935483870968,0.7741935483870968,0.8984562537175105,0.7741935483870968
200,1,casia:426,1,1,0.53125,0.2903225806451613,0.9032258064516129,0.3548387096774194,0.6014395960286216,0.7096774193548387
201,1,casia:009,0,0,1.0,1.0,0.8064516129032258,0.8064516129032258,1.0232189762640058,0.9354838709677419
202,1,casia:404,1,1,0.875,1.0,0.3870967741935484,0.3870967741935484,1.4924895690952886,0.9032258064516129
203,1,casia:306,1,1,0.59375,0.3548387096774194,0.12903225806451613,0.12903225806451613,-0.28961037703804593,0.5161290322580645
204,1,casia:001,0,0,1.0,1.0,0.8387096774193549,0.8387096774193549,0.6526177768669937,0.8387096774193549
205,1,casia:457,1,1,0.375,0.3548387096774194,0.6129032258064516,0.9354838709677419,0.8984562537175105,0.7741935483870968
206,1,casia:076,0,0,1.0,1.0,0.967741935483871,0.967741935483871,0.8996852431316684,0.9032258064516129
207,1,casia:396,1,1,0.71875,0.25806451612903225,0.8387096774193549,0.8387096774193549,0.8984562537175105,0.7741935483870968
208,1,casia:446,1,1,0.78125,0.25806451612903225,0.5806451612903226,0.5806451612903226,1.640997897939733,0.9354838709677419
209,1,casia:100,0,0,1.0,1.0,0.8387096774193549,0.8387096774193549,0.6526177768669937,0.8387096774193549
210,1,casia:333,1,1,0.6875,0.9032258064516129,1.0,0.9032258064516129,0.0074062806508434385,0.5806451612903226
211,1,casia:057,0,0,1.0,1.0,0.25806451612903225,0.25806451612903225,-0.08858462192703108,0.6451612903225806
212,1,casia:059,0,0,0.8125,0.6451612903225806,0.1935483870967742,0.22580645161290322,-0.2121183550593684,0.6129032258064516
213,1,casia:487,1,1,0.8125,0.9032258064516129,0.5161290322580645,0.5161290322580645,0.3044229383397323,0.6451612903225806
214,1,casia:303,1,1,0.5,0.3548387096774194,0.7741935483870968,0.8387096774193549,0.8984562537175105,0.7741935483870968
215,1,casia:309,1,1,0.1875,0.2903225806451613,0.12903225806451613,0.12903225806451613,-1.7746936654824914,0.1935483870967742
216,1,casia:334,1,1,0.3125,0.6129032258064516,1.0,1.0,-0.43811870588249036,0.4838709677419355
217,1,casia:119,0,0,1.0,1.0,0.3870967741935484,0.3870967741935484,-0.7062532875887182,0.4838709677419355
218,1,casia:026,0,0,1.0,1.0,1.0,1.0,0.8996852431316684,0.9032258064516129
219,1,casia:235,0,0,1.0,1.0,0.4838709677419355,0.4838709677419355,-0.5827195544563808,0.5161290322580645
220,1,casia:215,0,0,0.96875,0.41935483870967744,0.3548387096774194,0.3548387096774194,-1.6945231526474176,0.22580645161290322
221,1,casia:396,1,1,0.5625,0.25806451612903225,0.8064516129032258,0.8064516129032258,0.8984562537175105,0.7741935483870968
222,1,casia:126,0,0,1.0,1.0,0.8709677419354839,0.8709677419354839,1.0232189762640058,0.9354838709677419
223,1,casia:260,1,1,0.15625,0.2903225806451613,0.22580645161290322,0.22580645161290322,-0.7351353635713794,0.41935483870967744
224,1,casia:215,0,0,1.0,1.0,0.2903225806451613,0.2903225806451613,0.529084043734656,0.8064516129032258
225,1,casia:311,1,1,0.34375,0.2903225806451613,0.5806451612903226,0.5806451612903226,0.8984562537175105,0.7741935483870968
226,1,casia:384,1,1,0.625,0.9032258064516129,0.3225806451612903,0.3225806451612903,1.046964582561955,0.8064516129032258
227,1,casia:030,0,0,1.0,1.0,0.7419354838709677,0.7419354838709677,-0.08858462192703108,0.6451612903225806
228,1,casia:222,0,0,1.0,1.0,0.7096774193548387,0.7096774193548387,-1.5709894195150802,0.25806451612903225
229,1,casia:426,1,1,0.3125,0.25806451612903225,0.8709677419354839,0.8709677419354839,1.046964582561955,0.8064516129032258
230,1,casia:258,1,1,0.46875,0.3548387096774194,0.41935483870967744,0.41935483870967744,1.3439812402508442,0.8709677419354839
231,1,casia:411,1,1,0.46875,0.2903225806451613,0.5483870967741935,0.5483870967741935,1.046964582561955,0.8064516129032258
232,1,casia:327,1,1,0.65625,0.6451612903225806,0.45161290322580644,0.45161290322580644,-0.1411020481936015,0.5483870967741935
233,1,casia:397,1,1,0.53125,0.3548387096774194,0.8064516129032258,0.8064516129032258,0.749947924873066,0.7419354838709677
234,1,casia:459,1,1,0.25,0.3870967741935484,0.9354838709677419,0.9354838709677419,0.749947924873066,0.7419354838709677
235,1,casia:457,1,1,0.21875,0.3870967741935484,0.6774193548387096,0.1935483870967742,-0.43811870588249036,0.4838709677419355
236,1,casia:296,1,1,0.59375,0.7741935483870968,1.0,1.0,0.4529312671841767,0.6774193548387096
237,1,casia:301,1,1,0.03125,0.25806451612903225,0.41935483870967744,0.41935483870967744,-0.28961037703804593,0.5161290322580645
238,1,casia:252,1,1,0.6875,0.5161290322580645,0.7419354838709677,0.7419354838709677,0.4529312671841767,0.6774193548387096
239,1,casia:108,0,1,0.03125,0.12903225806451613,0.25806451612903225,0.25806451612903225,-0.8836436924158241,0.3870967741935484
240,1,casia:052,0,0,1.0,1.0,0.3548387096774194,0.3548387096774194,0.776151509999331,0.8709677419354839
241,1,casia:299,1,1,0.21875,0.2903225806451613,0.3870967741935484,0.3870967741935484,-0.28961037703804593,0.5161290322580645
242,1,casia:146,0,0,1.0,1.0,0.5806451612903226,0.5806451612903226,0.529084043734656,0.8064516129032258
243,1,casia:413,1,1,0.3125,0.25806451612903225,0.6451612903225806,0.6451612903225806,0.749947924873066,0.7419354838709677
244,1,casia:198,0,0,0.625,0.45161290322580644,0.5483870967741935,0.5483870967741935,-2.3121918183091053,0.06451612903225806
245,1,casia:487,1,1,0.25,0.3225806451612903,0.3225806451612903,0.3225806451612903,-0.7351353635713794,0.41935483870967744
246,1,casia:155,0,0,1.0,1.0,0.9354838709677419,0.9354838709677419,0.529084043734656,0.8064516129032258
247,1,casia:012,0,0,1.0,1.0,0.9032258064516129,0.9032258064516129,1.0232189762640058,0.9354838709677419
248,1,casia:149,0,0,1.0,1.0,0.45161290322580644,0.45161290322580644,-2.3121918183091053,0.06451612903225806
249,1,casia:367,1,1,0.3125,0.3870967741935484,0.8064516129032258,0.8064516129032258,-0.43811870588249036,0.4838709677419355
250,1,casia:429,1,1,0.59375,0.25806451612903225,0.3548387096774194,0.3548387096774194,-0.8836436924158241,0.3870967741935484
251,1,casia:344,1,1,0.71875,0.8064516129032258,1.0,1.0,0.8984562537175105,0.7741935483870968
252,1,casia:180,0,0,1.0,1.0,0.3870967741935484,0.9032258064516129,0.6526177768669937,0.8387096774193549
253,1,casia:136,0,0,1.0,1.0,0.4838709677419355,0.4838709677419355,0.40555031060231866,0.7741935483870968
254,1,casia:214,0,0,1.0,1.0,0.22580645161290322,0.22580645161290322,-1.8180568857797552,0.1935483870967742
255,1,casia:071,0,0,1.0,1.0,0.4838709677419355,0.4838709677419355,-1.8180568857797552,0.1935483870967742
256,1,casia:414,1,1,0.65625,0.41935483870967744,0.5806451612903226,0.5806451612903226,-0.8836436924158241,0.3870967741935484
257,1,casia:421,1,1,0.15625,0.3548387096774194,1.0,1.0,1.3439812402508442,0.8709677419354839
258,1,casia:389,1,1,0.03125,0.25806451612903225,0.25806451612903225,0.25806451612903225,-1.4776770077936023,0.25806451612903225
259,1,casia:492,1,1,0.1875,0.4838709677419355,0.22580645161290322,0.22580645161290322,-0.1411020481936015,0.5483870967741935
260,1,casia:202,0,0,1.0,1.0,0.3225806451612903,0.3225806451612903,-1.3239219532504054,0.3225806451612903
261,1,casia:204,0,0,1.0,1.0,0.7419354838709677,0.7419354838709677,0.8996852431316684,0.9032258064516129
262,1,casia:185,0,0,1.0,1.0,0.25806451612903225,0.25806451612903225,-0.5827195544563808,0.5161290322580645
263,1,casia:175,0,0,1.0,1.0,0.7096774193548387,0.7096774193548387,0.529084043734656,0.8064516129032258
264,1,casia:063,0,0,1.0,1.0,0.7096774193548387,0.7096774193548387,0.529084043734656,0.8064516129032258
265,1,casia:483,1,1,0.0625,0.25806451612903225,1.0,0.3225806451612903,-1.1806603501047133,0.3225806451612903
266,1,casia:019,0,0,1.0,1.0,0.5161290322580645,0.5161290322580645,0.8996852431316684,0.9032258064516129
267,1,casia:486,1,1,0.3125,0.3225806451612903,0.4838709677419355,0.4838709677419355,-0.28961037703804593,0.5161290322580645
268,1,casia:410,1,1,0.53125,0.3548387096774194,0.5161290322580645,0.5161290322580645,1.1954729114063998,0.8387096774193549
269,1,casia:105,0,0,0.96875,1.0,0.2903225806451613,0.2903225806451613,-0.953320753853393,0.41935483870967744
270,1,casia:409,1,1,0.0625,0.2903225806451613,0.4838709677419355,1.0,-0.28961037703804593,0.5161290322580645
271,1,casia:165,0,0,0.78125,0.6129032258064516,0.8387096774193549,0.8387096774193549,0.776151509999331,0.8709677419354839
272,1,casia:100,0,0,0.96875,1.0,0.6774193548387096,0.6774193548387096,-1.5709894195150802,0.25806451612903225
273,1,casia:288,1,1,0.28125,0.2903225806451613,0.41935483870967744,0.41935483870967744,0.4529312671841767,0.6774193548387096
274,1,casia:067,0,0,1.0,1.0,0.8064516129032258,0.8064516129032258,-0.2121183550593684,0.6129032258064516
275,1,casia:398,1,1,0.0625,0.25806451612903225,0.3870967741935484,0.3870967741935484,1.1954729114063998,0.8387096774193549
276,1,casia:054,0,0,1.0,1.0,0.9354838709677419,0.9354838709677419,0.529084043734656,0.8064516129032258
277,1,casia:071,0,0,0.96875,0.4838709677419355,0.3548387096774194,0.3548387096774194,-1.9415906189120926,0.16129032258064516
278,1,casia:315,1,1,0.15625,0.25806451612903225,0.5161290322580645,0.5161290322580645,0.8984562537175105,0.7741935483870968
279,1,casia:190,0,0,1.0,1.0,0.8064516129032258,0.8064516129032258,0.40555031060231866,0.7741935483870968
280,1,casia:138,0,0,1.0,1.0,0.45161290322580644,1.0,0.40555031060231866,0.7741935483870968
281,1,casia:141,0,0,1.0,1.0,0.7096774193548387,0.7096774193548387,0.8996852431316684,0.9032258064516129
282,1,casia:382,1,1,0.09375,0.41935483870967744,0.4838709677419355,0.4838709677419355,0.6014395960286216,0.7096774193548387
283,1,casia:139,0,0,1.0,1.0,0.7741935483870968,0.7741935483870968,1.0232189762640058,0.9354838709677419
284,1,casia:278,1,1,0.125,0.2903225806451613,0.5483870967741935,0.5483870967741935,-0.28961037703804593,0.5161290322580645
285,1,casia:454,1,1,0.3125,0.2903225806451613,0.5483870967741935,0.5483870967741935,-1.1806603501047133,0.3225806451612903
286,1,casia:066,0,0,1.0,1.0,0.967741935483871,0.967741935483871,0.6526177768669937,0.8387096774193549
287,1,casia:147,0,0,0.84375,0.4838709677419355,0.16129032258064516,0.16129032258064516,-0.5827195544563808,0.5161290322580645
288,1,casia:115,0,0,1.0,1.0,0.9354838709677419,0.7096774193548387,1.0232189762640058,0.9354838709677419
289,1,casia:373,1,1,0.25,0.5806451612903226,0.3548387096774194,0.5806451612903226,0.0074062806508434385,0.5806451612903226
290,1,casia:258,1,1,0.375,0.3225806451612903,0.6774193548387096,0.6774193548387096,0.749947924873066,0.7419354838709677
291,1,casia:109,0,0,1.0,1.0,0.6451612903225806,0.6451612903225806,-0.953320753853393,0.41935483870967744
292,1,casia:285,1,1,0.03125,0.3225806451612903,0.4838709677419355,0.4838709677419355,-1.4776770077936023,0.25806451612903225
293,1,casia:323,1,1,0.03125,0.25806451612903225,0.8064516129032258,0.8064516129032258,-0.8836436924158241,0.3870967741935484
294,1,casia:276,1,1,0.40625,0.4838709677419355,1.0,0.3870967741935484,0.0074062806508434385,0.5806451612903226
295,1,casia:019,0,1,0.46875,0.25806451612903225,0.06451612903225806,0.06451612903225806,-1.923201994326936,0.16129032258064516
296,1,casia:057,0,0,1.0,1.0,0.3225806451612903,0.3225806451612903,0.8996852431316684,0.9032258064516129
297,1,casia:440,1,1,0.21875,0.2903225806451613,0.41935483870967744,0.5806451612903226,-0.8836436924158241,0.3870967741935484
298,1,casia:267,1,1,0.09375,0.41935483870967744,0.25806451612903225,0.3225806451612903,-0.1411020481936015,0.5483870967741935
299,1,casia:176,0,0,1.0,1.0,0.8064516129032258,0.8064516129032258,0.2820165774699813,0.7419354838709677
300,1,casia:109,0,0,1.0,1.0,0.967741935483871,0.967741935483871,-0.7062532875887182,0.4838709677419355
301,1,casia:282,1,1,0.0625,0.25806451612903225,0.3548387096774194,0.3548387096774194,-0.8836436924158241,0.3870967741935484
302,1,casia:469,1,1,0.875,1.0,0.6774193548387096,0.6774193548387096,-0.28961037703804593,0.5161290322580645
303,1,casia:103,0,0,0.9375,1.0,0.8064516129032258,0.8064516129032258,0.2820165774699813,0.7419354838709677
304,1,casia:247,0,1,0.03125,0.1935483870967742,0.9032258064516129,0.9032258064516129,-0.586627034726935,0.45161290322580644
305,1,casia:283,1,1,0.40625,0.41935483870967744,0.1935483870967742,0.1935483870967742,0.15591460949528785,0.6129032258064516
306,1,casia:473,1,1,0.6875,0.9032258064516129,0.8709677419354839,0.8709677419354839,0.0074062806508434385,0.5806451612903226
307,1,casia:073,0,0,1.0,1.0,0.25806451612903225,0.25806451612903225,-1.5709894195150802,0.25806451612903225
308,1,casia:466,1,1,0.25,0.2903225806451613,0.6129032258064516,0.6129032258064516,1.046964582561955,0.8064516129032258
309,1,casia:480,1,1,0.1875,0.25806451612903225,0.5161290322580645,0.5161290322580645,-0.43811870588249036,0.4838709677419355
310,1,casia:158,0,0,1.0,1.0,0.6451612903225806,0.6451612903225806,1.0232189762640058,0.9354838709677419
311,1,casia:426,1,1,0.375,0.2903225806451613,0.3548387096774194,0.3548387096774194,0.6014395960286216,0.7096774193548387
312,1,casia:399,1,1,1.0,1.0,0.7419354838709677,0.7419354838709677,1.3439812402508442,0.8709677419354839
313,1,casia:278,1,1,0.09375,0.2903225806451613,0.3225806451612903,0.3225806451612903,0.0074062806508434385,0.5806451612903226
314,1,casia:101,0,0,0.875,0.3870967741935484,0.45161290322580644,0.45161290322580644,0.40555031060231866,0.7741935483870968
315,1,casia:485,1,1,0.25,0.25806451612903225,0.8709677419354839,0.8709677419354839,-0.28961037703804593,0.5161290322580645
316,1,casia:090,0,0,1.0,1.0,0.5806451612903226,0.5806451612903226,0.158482844337644,0.7096774193548387
317,1,casia:346,1,1,0.59375,0.41935483870967744,0.5806451612903226,0.8709677419354839,0.749947924873066,0.7419354838709677
318,1,casia:376,1,1,0.21875,0.7741935483870968,0.7419354838709677,0.7419354838709677,0.3044229383397323,0.6451612903225806
319,1,casia:350,1,1,0.5625,0.25806451612903225,0.7419354838709677,0.7419354838709677,-0.1411020481936015,0.5483870967741935
320,1,casia:325,1,1,0.46875,0.3548387096774194,0.3548387096774194,0.3548387096774194,-1.0321520212602686,0.3548387096774194
321,1,casia:260,1,1,0.09375,0.3548387096774194,0.16129032258064516,0.16129032258064516,-0.586627034726935,0.45161290322580644
322,1,casia:453,1,1,0.71875,0.8709677419354839,0.41935483870967744,0.9354838709677419,0.6014395960286216,0.7096774193548387
323,1,casia:299,1,1,0.25,0.3870967741935484,0.2903225806451613,0.2903225806451613,0.4529312671841767,0.6774193548387096
324,1,casia:156,0,0,1.0,1.0,0.6129032258064516,0.6129032258064516,0.529084043734656,0.8064516129032258
325,1,casia:034,0,0,1.0,1.0,0.6129032258064516,0.6129032258064516,0.2820165774699813,0.7419354838709677
326,1,casia:297,1,1,0.15625,0.25806451612903225,0.7419354838709677,0.7419354838709677,0.15591460949528785,0.6129032258064516
327,1,casia:024,0,0,1.0,1.0,0.3548387096774194,0.3548387096774194,1.0232189762640058,0.9354838709677419
328,1,casia:481,1,1,0.4375,0.3548387096774194,0.1935483870967742,0.1935483870967742,-0.43811870588249036,0.4838709677419355
329,1,casia:008,0,0,1.0,1.0,0.9032258064516129,0.9032258064516129,0.776151509999331,0.8709677419354839
330,1,casia:156,0,0,1.0,1.0,0.5806451612903226,0.5806451612903226,0.529084043734656,0.8064516129032258
331,1,casia:369,1,1,0.15625,0.25806451612903225,0.41935483870967744,0.41935483870967744,-0.586627034726935,0.45161290322580644
332,1,casia:313,1,1,0.59375,0.4838709677419355,0.7419354838709677,0.7741935483870968,1.4924895690952886,0.9032258064516129
333,1,casia:436,1,1,0.625,0.3225806451612903,0.1935483870967742,0.7096774193548387,0.8984562537175105,0.7741935483870968
334,1,casia:246,0,0,1.0,1.0,0.8387096774193549,0.8387096774193549,0.529084043734656,0.8064516129032258
335,1,casia:175,0,0,1.0,1.0,0.5806451612903226,0.5806451612903226,0.529084043734656,0.8064516129032258
336,1,casia:139,0,0,1.0,1.0,0.3548387096774194,0.8387096774193549,1.0232189762640058,0.9354838709677419
337,1,casia:297,1,1,0.25,0.25806451612903225,0.3870967741935484,0.6451612903225806,-1.1806603501047133,0.3225806451612903
338,1,casia:204,0,0,1.0,1.0,0.9354838709677419,0.9354838709677419,1.0232189762640058,0.9354838709677419
339,1,casia:240,0,0,1.0,1.0,0.41935483870967744,0.41935483870967744,-0.7062532875887182,0.4838709677419355
340,1,casia:256,1,1,0.09375,0.2903225806451613,0.4838709677419355,0.4838709677419355,0.6014395960286216,0.7096774193548387
341,1,casia:304,1,1,0.46875,0.3870967741935484,0.8709677419354839,0.8709677419354839,1.4924895690952886,0.9032258064516129
342,1,casia:166,0,0,1.0,0.8387096774193549,0.1935483870967742,0.1935483870967742,-1.6945231526474176,0.22580645161290322
343,1,casia:039,0,0,1.0,1.0,0.6129032258064516,0.6129032258064516,-0.08858462192703108,0.6451612903225806
344,1,casia:196,0,0,1.0,1.0,0.7741935483870968,0.7741935483870968,0.40555031060231866,0.7741935483870968
345,1,casia:366,1,1,0.71875,0.967741935483871,0.6129032258064516,0.6129032258064516,0.6014395960286216,0.7096774193548387
346,1,casia:214,0,0,1.0,1.0,0.6129032258064516,0.6129032258064516,0.529084043734656,0.8064516129032258
347,1,casia:401,1,1,0.625,0.6129032258064516,0.41935483870967744,0.41935483870967744,0.8984562537175105,0.7741935483870968
348,1,casia:210,0,0,0.96875,0.1935483870967742,0.06451612903225806,0.06451612903225806,-2.188658085176767,0.0967741935483871
349,1,casia:278,1,1,0.21875,0.3870967741935484,0.3225806451612903,0.3225806451612903,0.8984562537175105,0.7741935483870968
350,1,casia:104,0,0,1.0,1.0,0.9354838709677419,0.9354838709677419,0.40555031060231866,0.7741935483870968
351,1,casia:175,0,0,1.0,1.0,0.8387096774193549,0.8387096774193549,0.529084043734656,0.8064516129032258
352,1,casia:025,0,0,1.0,1.0,0.967741935483871,0.967741935483871,1.0232189762640058,0.9354838709677419
353,1,casia:049,0,0,1.0,1.0,0.967741935483871,0.967741935483871,-0.08858462192703108,0.6451612903225806
354,1,casia:117,0,0,1.0,1.0,0.7096774193548387,0.7096774193548387,0.2820165774699813,0.7419354838709677
355,1,casia:099,0,0,1.0,1.0,0.7741935483870968,0.7741935483870968,0.529084043734656,0.8064516129032258
356,1,casia:150,0,0,1.0,1.0,1.0,1.0,0.2820165774699813,0.7419354838709677
357,1,casia:380,1,1,0.46875,0.5483870967741935,0.5806451612903226,0.5806451612903226,1.046964582561955,0.8064516129032258
358,1,casia:166,0,0,1.0,0.5161290322580645,0.16129032258064516,0.16129032258064516,-2.06512435204443,0.12903225806451613
359,1,casia:321,1,1,0.40625,0.25806451612903225,0.5806451612903226,0.5806451612903226,1.1954729114063998,0.8387096774193549
360,1,casia:181,0,0,1.0,1.0,0.4838709677419355,0.4838709677419355,-1.4474556863827428,0.2903225806451613
361,1,casia:173,0,0,1.0,1.0,0.5161290322580645,0.5161290322580645,-0.3356520881917057,0.5806451612903226
362,1,casia:029,0,0,1.0,0.6451612903225806,0.45161290322580644,0.45161290322580644,0.8996852431316684,0.9032258064516129
363,1,casia:235,0,0,1.0,1.0,0.3870967741935484,0.3870967741935484,0.158482844337644,0.7096774193548387
364,1,casia:478,1,1,0.03125,0.3225806451612903,0.45161290322580644,0.45161290322580644,-0.43811870588249036,0.4838709677419355
365,1,casia:231,0,0,1.0,1.0,1.0,0.6129032258064516,0.776151509999331,0.8709677419354839
366,1,casia:147,0,0,1.0,1.0,0.4838709677419355,0.4838709677419355,0.529084043734656,0.8064516129032258
367,1,casia:350,1,1,0.59375,0.2903225806451613,0.5161290322580645,0.45161290322580644,-0.28961037703804593,0.5161290322580645
368,1,casia:012,0,0,1.0,1.0,0.8709677419354839,0.8709677419354839,0.8996852431316684,0.9032258064516129
369,1,casia:149,0,0,1.0,1.0,0.3225806451612903,0.3225806451612903,-1.9415906189120926,0.16129032258064516
370,1,casia:491,1,1,0.03125,0.25806451612903225,0.25806451612903225,0.25806451612903225,-0.586627034726935,0.45161290322580644
371,1,casia:010,0,0,1.0,1.0,0.22580645161290322,0.22580645161290322,0.776151509999331,0.8709677419354839
372,1,casia:241,0,0,1.0,1.0,0.9032258064516129,0.9032258064516129,0.40555031060231866,0.7741935483870968
373,1,casia:349,1,1,0.65625,0.41935483870967744,0.1935483870967742,0.5161290322580645,0.3044229383397323,0.6451612903225806
374,1,casia:044,0,0,1.0,1.0,1.0,1.0,0.529084043734656,0.8064516129032258
375,1,casia:061,0,0,1.0,1.0,0.45161290322580644,0.45161290322580644,-1.3239219532504054,0.3225806451612903
376,1,casia:309,1,1,0.15625,0.25806451612903225,0.8709677419354839,0.8709677419354839,-1.0321520212602686,0.3548387096774194
377,1,casia:249,0,0,1.0,1.0,0.5483870967741935,0.5483870967741935,-2.188658085176767,0.0967741935483871
378,1,casia:323,1,1,0.03125,0.3225806451612903,0.45161290322580644,0.7096774193548387,0.6014395960286216,0.7096774193548387
379,1,casia:344,1,1,0.625,1.0,0.3548387096774194,0.3548387096774194,1.1954729114063998,0.8387096774193549
380,1,casia:130,0,0,1.0,1.0,0.7741935483870968,0.7741935483870968,0.40555031060231866,0.7741935483870968
381,1,casia:215,0,0,1.0,1.0,0.7741935483870968,0.7741935483870968,0.2820165774699813,0.7419354838709677
382,1,casia:014,0,0,1.0,1.0,0.967741935483871,0.967741935483871,0.40555031060231866,0.7741935483870968
383,1,casia:008,0,0,1.0,1.0,0.41935483870967744,0.41935483870967744,-0.3356520881917057,0.5806451612903226
384,1,casia:251,1,1,0.84375,0.8064516129032258,0.8709677419354839,0.8709677419354839,0.8984562537175105,0.7741935483870968
385,1,casia:326,1,1,0.0625,0.25806451612903225,0.6774193548387096,0.6774193548387096,0.8984562537175105,0.7741935483870968
386,1,casia:275,1,1,0.84375,0.5161290322580645,1.0,1.0,0.15591460949528785,0.6129032258064516
387,1,casia:398,1,1,0.25,0.3548387096774194,0.3548387096774194,0.3548387096774194,-0.43811870588249036,0.4838709677419355
388,1,casia:224,0,0,1.0,1.0,0.6129032258064516,0.6129032258064516,0.2820165774699813,0.7419354838709677
389,1,casia:322,1,1,0.03125,0.25806451612903225,0.16129032258064516,0.16129032258064516,-1.4776770077936023,0.25806451612903225
390,1,casia:475,1,1,0.71875,0.3870967741935484,0.6129032258064516,0.6129032258064516,-1.1806603501047133,0.3225806451612903
391,1,casia:086,0,0,0.96875,0.8064516129032258,0.2903225806451613,0.2903225806451613,-0.953320753853393,0.41935483870967744
392,1,casia:291,1,1,0.15625,0.3548387096774194,0.967741935483871,0.967741935483871,1.3439812402508442,0.8709677419354839
393,1,casia:391,1,1,0.59375,0.7741935483870968,0.7741935483870968,0.7741935483870968,1.046964582561955,0.8064516129032258
394,1,casia:000,0,0,0.9375,0.2903225806451613,0.16129032258064516,0.16129032258064516,0.2820165774699813,0.7419354838709677
395,1,casia:191,0,0,1.0,1.0,0.45161290322580644,0.45161290322580644,-0.08858462192703108,0.6451612903225806
396,1,casia:235,0,0,1.0,1.0,0.7419354838709677,0.7419354838709677,-0.5827195544563808,0.5161290322580645
397,1,casia:150,0,0,1.0,1.0,0.8387096774193549,1.0,0.776151509999331,0.8709677419354839
398,1,casia:340,1,1,0.78125,0.9354838709677419,0.8387096774193549,0.8387096774193549,0.749947924873066,0.7419354838709677
399,1,casia:272,1,1,0.46875,0.5161290322580645,0.967741935483871,0.967741935483871,1.046964582561955,0.8064516129032258
400,1,casia:318,1,1,0.40625,0.25806451612903225,0.8387096774193549,0.8387096774193549,0.4529312671841767,0.6774193548387096
401,1,casia:257,1,1,0.5625,0.2903225806451613,0.41935483870967744,0.41935483870967744,1.1954729114063998,0.8387096774193549
402,1,casia:346,1,1,0.4375,0.5806451612903226,0.6129032258064516,0.9354838709677419,0.6014395960286216,0.7096774193548387
403,1,casia:094,0,0,0.875,0.6774193548387096,0.7741935483870968,0.7741935483870968,0.6526177768669937,0.8387096774193549
404,1,casia:172,0,0,0.84375,0.7096774193548387,0.8387096774193549,0.8387096774193549,-0.8297870207210557,0.45161290322580644
405,1,casia:113,0,0,1.0,1.0,0.7741935483870968,0.8709677419354839,1.0232189762640058,0.9354838709677419
406,1,casia:066,0,0,1.0,1.0,0.967741935483871,0.967741935483871,0.6526177768669937,0.8387096774193549
407,1,casia:401,1,1,0.03125,0.25806451612903225,0.16129032258064516,0.16129032258064516,-0.28961037703804593,0.5161290322580645
408,1,casia:137,0,0,1.0,1.0,0.6451612903225806,0.6451612903225806,0.6526177768669937,0.8387096774193549
409,1,casia:435,1,1,0.53125,0.3225806451612903,0.7741935483870968,0.7741935483870968,0.0074062806508434385,0.5806451612903226
410,1,casia:357,1,1,1.0,0.9032258064516129,1.0,0.967741935483871,0.4529312671841767,0.6774193548387096
411,1,casia:445,1,1,0.875,0.7741935483870968,0.8709677419354839,0.8709677419354839,1.046964582561955,0.8064516129032258
412,1,casia:177,0,0,1.0,1.0,0.8709677419354839,0.8709677419354839,-0.3356520881917057,0.5806451612903226
413,1,casia:118,0,0,1.0,1.0,0.5161290322580645,0.5161290322580645,1.1467527093963434,0.967741935483871
414,1,casia:079,0,0,1.0,1.0,0.3225806451612903,0.3225806451612903,0.158482844337644,0.7096774193548387
415,1,casia:279,1,1,0.25,0.25806451612903225,0.6774193548387096,0.6774193548387096,-0.43811870588249036,0.4838709677419355
416,1,casia:041,0,0,1.0,1.0,0.22580645161290322,0.9032258064516129,0.8996852431316684,0.9032258064516129
417,1,casia:238,0,0,1.0,1.0,0.25806451612903225,0.25806451612903225,-0.4591858213240435,0.5483870967741935
418,1,casia:218,0,0,0.65625,0.1935483870967742,1.0,0.06451612903225806,-2.3121918183091053,0.06451612903225806
419,1,casia:252,1,1,0.46875,0.2903225806451613,0.41935483870967744,0.41935483870967744,-0.28961037703804593,0.5161290322580645
420,1,casia:217,0,0,1.0,1.0,0.3548387096774194,0.4838709677419355,0.40555031060231866,0.7741935483870968
421,1,casia:035,0,0,1.0,1.0,0.6129032258064516,0.6129032258064516,0.529084043734656,0.8064516129032258
422,1,casia:118,0,0,1.0,1.0,0.967741935483871,0.967741935483871,0.40555031060231866,0.7741935483870968
423,1,casia:380,1,1,0.46875,0.41935483870967744,0.8064516129032258,0.8064516129032258,-1.0321520212602686,0.3548387096774194
424,1,casia:352,1,1,0.96875,1.0,1.0,1.0,1.046964582561955,0.8064516129032258
425,1,casia:477,1,1,0.65625,0.9354838709677419,0.4838709677419355,0.8709677419354839,0.4529312671841767,0.6774193548387096
426,1,casia:254,1,1,0.375,0.45161290322580644,0.16129032258064516,0.16129032258064516,-1.7746936654824914,0.1935483870967742
427,1,casia:463,1,1,0.6875,0.6774193548387096,0.5806451612903226,0.5806451612903226,0.3044229383397323,0.6451612903225806
428,1,casia:241,0,0,1.0,1.0,0.45161290322580644,0.45161290322580644,0.158482844337644,0.7096774193548387
429,1,casia:451,1,1,0.40625,0.5483870967741935,1.0,0.8387096774193549,1.640997897939733,0.9354838709677419
430,1,casia:129,0,0,1.0,1.0,0.5806451612903226,0.5806451612903226,0.2820165774699813,0.7419354838709677
431,1,casia:068,0,0,0.9375,0.7741935483870968,0.41935483870967744,0.41935483870967744,-1.2003882201180678,0.3548387096774194
432,1,casia:399,1,1,0.875,0.7741935483870968,1.0,0.8064516129032258,1.1954729114063998,0.8387096774193549
433,1,casia:260,1,0,1.0,1.0,0.7419354838709677,0.7419354838709677,0.776151509999331,0.8709677419354839
434,1,casia:291,1,1,0.1875,0.5806451612903226,0.3225806451612903,0.3225806451612903,1.1954729114063998,0.8387096774193549
435,1,casia:324,1,1,0.03125,0.25806451612903225,0.12903225806451613,0.12903225806451613,-1.7746936654824914,0.1935483870967742
436,1,casia:359,1,1,0.6875,0.7741935483870968,0.41935483870967744,0.41935483870967744,0.749947924873066,0.7419354838709677
437,1,casia:187,0,0,1.0,1.0,0.5161290322580645,0.5161290322580645,-1.0768544869857306,0.3870967741935484
438,1,casia:377,1,1,0.6875,0.25806451612903225,0.967741935483871,0.967741935483871,0.749947924873066,0.7419354838709677
439,1,casia:423,1,1,0.03125,0.12903225806451613,0.03225806451612903,0.8064516129032258,-1.3291686789491577,0.2903225806451613
440,1,casia:292,1,1,0.25,0.2903225806451613,0.8064516129032258,0.8064516129032258,0.0074062806508434385,0.5806451612903226
441,1,casia:329,1,1,0.78125,0.3225806451612903,1.0,1.0,1.1954729114063998,0.8387096774193549
442,1,casia:014,0,0,1.0,1.0,1.0,1.0,0.40555031060231866,0.7741935483870968
443,1,casia:158,0,0,0.875,0.9032258064516129,0.6774193548387096,0.6774193548387096,1.0232189762640058,0.9354838709677419
444,1,casia:273,1,1,0.25,0.25806451612903225,0.3548387096774194,0.3548387096774194,0.749947924873066,0.7419354838709677
445,1,casia:324,1,1,0.125,0.4838709677419355,0.41935483870967744,0.41935483870967744,-1.0321520212602686,0.3548387096774194
446,1,casia:155,0,0,1.0,1.0,0.9032258064516129,0.9032258064516129,0.529084043734656,0.8064516129032258
447,1,casia:395,1,1,0.34375,0.41935483870967744,0.967741935483871,0.967741935483871,1.3439812402508442,0.8709677419354839
448,1,casia:075,0,0,1.0,1.0,0.9032258064516129,0.9032258064516129,0.776151509999331,0.8709677419354839
449,1,casia:226,0,0,1.0,1.0,0.7419354838709677,0.7419354838709677,-0.3356520881917057,0.5806451612903226
450,1,casia:193,0,0,1.0,1.0,0.9354838709677419,1.0,0.2820165774699813,0.7419354838709677
451,1,casia:106,0,0,1.0,1.0,0.6129032258064516,0.6129032258064516,0.776151509999331,0.8709677419354839
452,1,casia:303,1,1,0.21875,0.25806451612903225,0.2903225806451613,0.2903225806451613,0.3044229383397323,0.6451612903225806
453,1,casia:113,0,0,1.0,1.0,0.45161290322580644,0.45161290322580644,0.8996852431316684,0.9032258064516129
454,1,casia:109,0,0,1.0,1.0,0.7741935483870968,0.7741935483870968,0.2820165774699813,0.7419354838709677
455,1,casia:372,1,1,0.53125,0.3548387096774194,0.6129032258064516,0.6129032258064516,0.749947924873066,0.7419354838709677
456,1,casia:090,0,0,1.0,1.0,0.5483870967741935,0.5483870967741935,0.158482844337644,0.7096774193548387
457,1,casia:499,1,1,0.5,0.25806451612903225,0.6451612903225806,0.6451612903225806,-0.586627034726935,0.45161290322580644
458,1,casia:298,1,0,1.0,0.12903225806451613,0.5161290322580645,1.0,0.03494911120530625,0.6774193548387096
459,1,casia:010,0,0,1.0,1.0,0.8387096774193549,0.8387096774193549,0.776151509999331,0.8709677419354839
460,1,casia:161,0,0,1.0,1.0,0.5161290322580645,0.5161290322580645,-0.08858462192703108,0.6451612903225806
461,1,casia:052,0,0,1.0,1.0,0.8064516129032258,0.8064516129032258,-1.6945231526474176,0.22580645161290322
462,1,casia:300,1,1,0.59375,0.4838709677419355,0.7096774193548387,1.0,0.6014395960286216,0.7096774193548387
463,1,casia:122,0,0,0.75,0.41935483870967744,0.7741935483870968,0.7741935483870968,-1.5709894195150802,0.25806451612903225
464,1,casia:273,1,1,0.25,0.3548387096774194,0.22580645161290322,0.22580645161290322,-0.28961037703804593,0.5161290322580645
465,1,casia:221,0,0,0.65625,0.25806451612903225,0.41935483870967744,0.41935483870967744,-0.5827195544563808,0.5161290322580645
466,1,casia:227,0,0,1.0,1.0,0.6129032258064516,0.6129032258064516,-0.2121183550593684,0.6129032258064516
467,1,casia:385,1,1,0.375,0.45161290322580644,0.1935483870967742,0.1935483870967742,-0.43811870588249036,0.4838709677419355
468,1,casia:113,0,0,1.0,1.0,0.967741935483871,0.8387096774193549,1.0232189762640058,0.9354838709677419
469,1,casia:332,1,1,0.5625,0.7741935483870968,0.45161290322580644,0.5161290322580645,-0.1411020481936015,0.5483870967741935
470,1,casia:315,1,1,0.28125,0.2903225806451613,0.8387096774193549,0.967741935483871,0.0074062806508434385,0.5806451612903226
471,1,casia:090,0,0,1.0,1.0,1.0,0.6129032258064516,0.40555031060231866,0.7741935483870968
472,1,casia:150,0,0,1.0,1.0,0.6451612903225806,0.6774193548387096,0.776151509999331,0.8709677419354839
473,1,casia:317,1,1,0.40625,0.45161290322580644,1.0,1.0,1.046964582561955,0.8064516129032258
474,1,casia:117,0,0,1.0,1.0,0.6774193548387096,0.6774193548387096,0.2820165774699813,0.7419354838709677
475,1,casia:248,0,0,1.0,0.1935483870967742,0.1935483870967742,0.1935483870967742,-1.4474556863827428,0.2903225806451613
476,1,casia:108,0,0,1.0,1.0,0.8709677419354839,1.0,0.8996852431316684,0.9032258064516129
477,1,casia:158,0,0,1.0,1.0,0.7741935483870968,0.7741935483870968,1.0232189762640058,0.9354838709677419
478,1,casia:148,0,0,1.0,1.0,0.7419354838709677,0.7419354838709677,0.8996852431316684,0.9032258064516129
479,1,casia:192,0,0,1.0,1.0,0.3548387096774194,0.3548387096774194,0.776151509999331,0.8709677419354839
480,1,casia:180,0,0,1.0,1.0,0.7741935483870968,0.9354838709677419,0.40555031060231866,0.7741935483870968
481,1,casia:102,0,0,1.0,1.0,0.9354838709677419,0.6451612903225806,0.529084043734656,0.8064516129032258
482,1,casia:336,1,1,0.15625,0.3548387096774194,0.8064516129032258,0.8064516129032258,0.4529312671841767,0.6774193548387096
483,1,casia:249,0,0,1.0,1.0,0.5161290322580645,0.5161290322580645,0.03494911120530625,0.6774193548387096
484,1,casia:269,1,1,0.03125,0.25806451612903225,0.6129032258064516,0.3548387096774194,0.0074062806508434385,0.5806451612903226
485,1,casia:431,1,1,0.75,0.6774193548387096,1.0,0.7419354838709677,0.6014395960286216,0.7096774193548387
486,1,casia:290,1,1,0.0625,0.25806451612903225,0.5483870967741935,0.5483870967741935,-1.3291686789491577,0.2903225806451613
487,1,casia:082,0,0,1.0,1.0,0.5483870967741935,0.5483870967741935,-1.0768544869857306,0.3870967741935484
488,1,casia:384,1,1,0.5,0.3870967741935484,0.8387096774193549,0.8387096774193549,1.3439812402508442,0.8709677419354839
489,1,casia:081,0,0,1.0,1.0,0.9032258064516129,0.9032258064516129,0.8996852431316684,0.9032258064516129
490,1,casia:417,1,1,0.90625,0.8387096774193549,1.0,0.8709677419354839,-0.1411020481936015,0.5483870967741935
491,1,casia:177,0,0,1.0,1.0,0.41935483870967744,0.9354838709677419,0.40555031060231866,0.7741935483870968
492,1,casia:176,0,0,1.0,1.0,0.7741935483870968,0.7741935483870968,-1.2003882201180678,0.3548387096774194
493,1,casia:171,0,0,1.0,1.0,0.7419354838709677,0.7419354838709677,-2.188658085176767,0.0967741935483871
494,1,casia:020,0,0,1.0,1.0,0.41935483870967744,0.41935483870967744,0.40555031060231866,0.7741935483870968
495,1,casia:084,0,0,1.0,0.3548387096774194,0.4838709677419355,0.4838709677419355,0.529084043734656,0.8064516129032258
496,1,casia:479,1,1,0.1875,0.3548387096774194,0.25806451612903225,0.25806451612903225,0.0074062806508434385,0.5806451612903226
497,1,casia:408,1,1,0.125,0.25806451612903225,0.5161290322580645,0.5161290322580645,-1.0321520212602686,0.3548387096774194
498,1,casia:198,0,1,0.53125,0.41935483870967744,0.06451612903225806,0.06451612903225806,-1.3291686789491577,0.2903225806451613
499,1,casia:432,1,1,0.5625,0.3225806451612903,0.967741935483871,0.967741935483871,1.3439812402508442,0.8709677419354839
500,1,casia:123,0,0,1.0,1.0,0.8387096774193549,0.8387096774193549,1.0232189762640058,0.9354838709677419
501,1,casia:162,0,0,1.0,1.0,0.8064516129032258,0.8064516129032258,0.158482844337644,0.7096774193548387
502,1,casia:492,1,1,0.53125,0.7096774193548387,0.22580645161290322,0.22580645161290322,0.4529312671841767,0.6774193548387096
503,1,casia:204,0,0,1.0,1.0,0.8387096774193549,0.8387096774193549,1.0232189762640058,0.9354838709677419
504,1,casia:248,0,0,1.0,1.0,0.0967741935483871,0.0967741935483871,-2.188658085176767,0.0967741935483871
505,1,casia:086,0,0,1.0,1.0,0.7419354838709677,0.7419354838709677,-0.7062532875887182,0.4838709677419355
506,1,casia:405,1,1,0.03125,0.25806451612903225,0.8064516129032258,0.8064516129032258,0.8984562537175105,0.7741935483870968
507,1,casia:279,1,1,0.34375,0.3225806451612903,1.0,1.0,1.046964582561955,0.8064516129032258
508,1,casia:412,1,1,0.28125,0.25806451612903225,0.3548387096774194,0.3548387096774194,0.15591460949528785,0.6129032258064516
509,1,casia:448,1,1,0.28125,0.3548387096774194,0.967741935483871,0.967741935483871,0.6014395960286216,0.7096774193548387
510,1,casia:226,0,0,1.0,1.0,0.8709677419354839,0.8709677419354839,0.529084043734656,0.8064516129032258
511,1,casia:195,0,0,0.8125,0.5483870967741935,0.22580645161290322,0.22580645161290322,-1.8180568857797552,0.1935483870967742
0,0,casia:218,0,1,0.6875,0.2903225806451613,0.5161290322580645,0.12903225806451613,0.8984562537175105,0.7741935483870968
1,0,casia:092,0,0,1.0,1.0,0.967741935483871,0.967741935483871,0.6526177768669937,0.8387096774193549
2,0,casia:111,0,0,1.0,1.0,0.3870967741935484,0.3870967741935484,0.6526177768669937,0.8387096774193549
3,0,casia:330,1,1,0.71875,0.6774193548387096,0.6774193548387096,0.6774193548387096,1.046964582561955,0.8064516129032258
4,0,casia:353,1,1,0.15625,0.2903225806451613,0.41935483870967744,0.41935483870967744,0.15591460949528785,0.6129032258064516
5,0,casia:428,1,1,0.40625,0.2903225806451613,0.8387096774193549,0.8387096774193549,1.046964582561955,0.8064516129032258
6,0,casia:295,1,1,0.03125,0.25806451612903225,0.22580645161290322,0.22580645161290322,-2.36872698086027,0.06451612903225806
7,0,casia:022,0,0,0.8125,0.5483870967741935,0.06451612903225806,0.06451612903225806,-1.9415906189120926,0.16129032258064516
8,0,casia:354,1,1,0.0625,0.25806451612903225,1.0,1.0,0.3044229383397323,0.6451612903225806
9,0,casia:477,1,1,0.78125,0.8064516129032258,0.8387096774193549,1.0,0.6014395960286216,0.7096774193548387
10,0,casia:209,0,0,1.0,1.0,0.1935483870967742,0.1935483870967742,0.40555031060231866,0.7741935483870968
11,0,casia:297,1,1,0.03125,0.2903225806451613,1.0,0.6129032258064516,-0.586627034726935,0.45161290322580644
12,0,casia:135,0,0,1.0,1.0,0.3870967741935484,0.3870967741935484,-1.5709894195150802,0.25806451612903225
13,0,casia:034,0,0,1.0,1.0,0.8387096774193549,0.8387096774193549,0.40555031060231866,0.7741935483870968
14,0,casia:281,1,1,0.03125,0.25806451612903225,0.5161290322580645,0.5161290322580645,-1.7746936654824914,0.1935483870967742
15,0,casia:111,0,0,1.0,1.0,0.3870967741935484,0.3870967741935484,-0.2121183550593684,0.6129032258064516
16,0,casia:331,1,1,0.84375,0.9032258064516129,0.5161290322580645,0.5161290322580645,0.15591460949528785,0.6129032258064516
17,0,casia:131,0,0,1.0,1.0,0.967741935483871,0.967741935483871,-1.0768544869857306,0.3870967741935484
18,0,casia:469,1,1,0.75,0.41935483870967744,0.5806451612903226,0.5806451612903226,-0.1411020481936015,0.5483870967741935
19,0,casia:255,1,1,0.125,0.2903225806451613,0.45161290322580644,0.4838709677419355,0.0074062806508434385,0.5806451612903226
20,0,casia:004,0,0,1.0,1.0,0.3548387096774194,0.3548387096774194,1.0232189762640058,0.9354838709677419
21,0,casia:027,0,0,0.9375,0.45161290322580644,0.0967741935483871,0.0967741935483871,-1.6945231526474176,0.22580645161290322
22,0,casia:098,0,0,1.0,1.0,0.8709677419354839,0.8709677419354839,0.6526177768669937,0.8387096774193549
23,0,casia:403,1,0,1.0,0.1935483870967742,0.16129032258064516,0.16129032258064516,-0.5827195544563808,0.5161290322580645
24,0,casia:010,0,1,0.1875,0.25806451612903225,0.8709677419354839,0.8709677419354839,0.6014395960286216,0.7096774193548387
25,0,casia:381,1,1,0.71875,0.25806451612903225,1.0,0.7741935483870968,-0.28961037703804593,0.5161290322580645
26,0,casia:021,0,0,1.0,1.0,0.8064516129032258,0.8064516129032258,0.6526177768669937,0.8387096774193549
27,0,casia:146,0,0,0.90625,0.3870967741935484,0.45161290322580644,0.45161290322580644,0.776151509999331,0.8709677419354839
28,0,casia:236,0,1,0.21875,0.25806451612903225,0.3548387096774194,0.3548387096774194,0.6014395960286216,0.7096774193548387
29,0,casia:383,1,1,0.34375,0.3225806451612903,0.967741935483871,0.967741935483871,-0.1411020481936015,0.5483870967741935
30,0,casia:133,0,0,1.0,1.0,0.2903225806451613,0.2903225806451613,0.2820165774699813,0.7419354838709677
31,0,casia:195,0,0,1.0,1.0,0.2903225806451613,0.2903225806451613,0.40555031060231866,0.7741935483870968
32,0,casia:171,0,0,0.6875,0.5161290322580645,0.2903225806451613,0.2903225806451613,-1.9415906189120926,0.16129032258064516
33,0,casia:203,0,0,1.0,0.967741935483871,1.0,0.8387096774193549,0.6526177768669937,0.8387096774193549
34,0,casia:114,0,1,0.15625,0.0967741935483871,0.22580645161290322,0.22580645161290322,-0.586627034726935,0.45161290322580644
35,0,casia:407,1,1,0.0625,0.25806451612903225,0.12903225806451613,0.12903225806451613,-1.0321520212602686,0.3548387096774194
36,0,casia:196,0,0,1.0,1.0,0.7419354838709677,0.7419354838709677,0.2820165774699813,0.7419354838709677
37,0,casia:008,0,0,1.0,1.0,0.8064516129032258,0.8064516129032258,0.6526177768669937,0.8387096774193549
38,0,casia:324,1,1,0.03125,0.22580645161290322,0.16129032258064516,0.16129032258064516,-2.0717103231713807,0.12903225806451613
39,0,casia:360,1,1,0.96875,1.0,0.9354838709677419,0.9354838709677419,1.1954729114063998,0.8387096774193549
40,0,casia:101,0,1,0.375,0.25806451612903225,0.0967741935483871,0.0967741935483871,0.15591460949528785,0.6129032258064516
41,0,casia:067,0,0,1.0,1.0,0.9354838709677419,0.9354838709677419,-0.4591858213240435,0.5483870967741935
42,0,casia:255,1,1,0.46875,0.25806451612903225,0.41935483870967744,0.41935483870967744,0.3044229383397323,0.6451612903225806
43,0,casia:368,1,1,0.40625,0.41935483870967744,0.1935483870967742,0.1935483870967742,1.046964582561955,0.8064516129032258
44,0,casia:432,1,1,0.9375,1.0,0.967741935483871,0.967741935483871,0.749947924873066,0.7419354838709677
45,0,casia:422,1,1,0.28125,0.2903225806451613,0.3548387096774194,0.3548387096774194,0.3044229383397323,0.6451612903225806
46,0,casia:274,1,1,0.28125,0.2903225806451613,0.16129032258064516,0.16129032258064516,0.3044229383397323,0.6451612903225806
47,0,casia:178,0,0,1.0,1.0,0.8064516129032258,0.8064516129032258,-0.8297870207210557,0.45161290322580644
48,0,casia:273,1,1,0.0625,0.25806451612903225,0.3225806451612903,0.3225806451612903,0.15591460949528785,0.6129032258064516
49,0,casia:147,0,0,1.0,1.0,0.3548387096774194,0.3548387096774194,0.158482844337644,0.7096774193548387
50,0,casia:343,1,1,0.59375,0.25806451612903225,0.8709677419354839,0.8709677419354839,1.046964582561955,0.8064516129032258
51,0,casia:179,0,0,1.0,1.0,1.0,0.9354838709677419,1.0232189762640058,0.9354838709677419
52,0,casia:207,0,1,0.03125,0.06451612903225806,0.5161290322580645,0.5161290322580645,0.15591460949528785,0.6129032258064516
53,0,casia:025,0,0,1.0,1.0,0.9032258064516129,0.9032258064516129,0.40555031060231866,0.7741935483870968
54,0,casia:362,1,1,0.625,0.5806451612903226,1.0,1.0,1.046964582561955,0.8064516129032258
55,0,casia:167,0,0,1.0,1.0,1.0,1.0,1.0232189762640058,0.9354838709677419
56,0,casia:128,0,0,1.0,1.0,0.5483870967741935,0.5483870967741935,-0.3356520881917057,0.5806451612903226
57,0,casia:281,1,1,0.03125,0.25806451612903225,0.41935483870967744,0.41935483870967744,-1.7746936654824914,0.1935483870967742
58,0,casia:354,1,1,0.34375,0.25806451612903225,0.9032258064516129,0.9032258064516129,-0.43811870588249036,0.4838709677419355
59,0,casia:027,0,0,1.0,1.0,0.8064516129032258,0.8064516129032258,0.776151509999331,0.8709677419354839
60,0,casia:419,1,1,0.5,0.5483870967741935,0.22580645161290322,0.22580645161290322,0.15591460949528785,0.6129032258064516
61,0,casia:163,0,0,1.0,1.0,0.7419354838709677,0.7419354838709677,-0.953320753853393,0.41935483870967744
62,0,casia:153,0,1,0.3125,0.3870967741935484,0.0967741935483871,0.0967741935483871,-0.28961037703804593,0.5161290322580645
63,0,casia:333,1,1,0.90625,0.9354838709677419,1.0,0.8709677419354839,1.3439812402508442,0.8709677419354839
64,0,casia:342,1,1,0.0625,0.25806451612903225,0.45161290322580644,0.45161290322580644,0.0074062806508434385,0.5806451612903226
65,0,casia:065,0,0,1.0,1.0,0.7741935483870968,0.7741935483870968,0.6526177768669937,0.8387096774193549
66,0,casia:112,0,0,1.0,0.1935483870967742,0.3870967741935484,0.06451612903225806,-0.4591858213240435,0.5483870967741935
67,0,casia:196,0,0,1.0,1.0,1.0,0.8064516129032258,0.6526177768669937,0.8387096774193549
68,0,casia:123,0,0,1.0,0.22580645161290322,0.22580645161290322,0.22580645161290322,0.776151509999331,0.8709677419354839
69,0,casia:218,0,1,0.59375,0.25806451612903225,0.5806451612903226,0.5806451612903226,0.4529312671841767,0.6774193548387096
70,0,casia:152,0,0,1.0,1.0,0.9354838709677419,0.9354838709677419,1.0232189762640058,0.9354838709677419
71,0,casia:477,1,1,0.78125,0.967741935483871,0.7096774193548387,0.7096774193548387,0.8984562537175105,0.7741935483870968
72,0,casia:128,0,0,1.0,1.0,0.1935483870967742,0.1935483870967742,-0.7062532875887182,0.4838709677419355
73,0,casia:050,0,0,1.0,1.0,1.0,1.0,0.40555031060231866,0.7741935483870968
74,0,casia:004,0,0,1.0,1.0,0.9032258064516129,0.9032258064516129,0.03494911120530625,0.6774193548387096
75,0,casia:144,0,0,1.0,1.0,0.7096774193548387,0.7096774193548387,0.529084043734656,0.8064516129032258
76,0,casia:329,1,1,0.21875,0.25806451612903225,0.25806451612903225,0.25806451612903225,-0.586627034726935,0.45161290322580644
77,0,casia:328,1,1,0.4375,0.25806451612903225,0.7741935483870968,0.7741935483870968,-0.1411020481936015,0.5483870967741935
78,0,casia:208,0,0,1.0,1.0,0.5806451612903226,0.5806451612903226,0.40555031060231866,0.7741935483870968
79,0,casia:073,0,0,1.0,1.0,0.7419354838709677,0.7419354838709677,-1.0768544869857306,0.3870967741935484
80,0,casia:262,1,1,0.09375,0.3870967741935484,0.7096774193548387,0.7096774193548387,0.4529312671841767,0.6774193548387096
81,0,casia:362,1,1,0.5,0.5483870967741935,0.967741935483871,0.967741935483871,0.15591460949528785,0.6129032258064516
82,0,casia:335,1,1,0.5625,0.3225806451612903,0.8064516129032258,0.8064516129032258,0.6014395960286216,0.7096774193548387
83,0,casia:390,1,1,0.03125,0.25806451612903225,0.12903225806451613,0.16129032258064516,0.0074062806508434385,0.5806451612903226
84,0,casia:284,1,1,0.125,0.25806451612903225,0.7096774193548387,0.7096774193548387,1.3439812402508442,0.8709677419354839
85,0,casia:026,0,0,1.0,1.0,0.9354838709677419,0.9354838709677419,0.8996852431316684,0.9032258064516129
86,0,casia:219,0,1,0.15625,0.3225806451612903,0.12903225806451613,0.12903225806451613,0.4529312671841767,0.6774193548387096
87,0,casia:212,0,1,0.1875,0.16129032258064516,0.22580645161290322,0.22580645161290322,-1.923201994326936,0.16129032258064516
88,0,casia:126,0,0,1.0,1.0,0.8709677419354839,0.8709677419354839,-0.2121183550593684,0.6129032258064516
89,0,casia:395,1,1,0.46875,0.3548387096774194,0.9354838709677419,0.9354838709677419,1.3439812402508442,0.8709677419354839
90,0,casia:433,1,1,0.6875,0.8387096774193549,0.967741935483871,0.967741935483871,0.6014395960286216,0.7096774193548387
91,0,casia:393,1,1,0.25,0.5483870967741935,0.5161290322580645,0.5161290322580645,0.0074062806508434385,0.5806451612903226
92,0,casia:366,1,1,0.59375,0.3225806451612903,0.5483870967741935,0.5483870967741935,0.749947924873066,0.7419354838709677
93,0,casia:499,1,0,0.90625,0.22580645161290322,0.8064516129032258,0.8064516129032258,-2.4357255514414424,0.03225806451612903
94,0,casia:271,1,1,0.09375,0.25806451612903225,0.6451612903225806,0.6451612903225806,-0.8836436924158241,0.3870967741935484
95,0,casia:124,0,0,1.0,1.0,0.5161290322580645,0.5161290322580645,-0.2121183550593684,0.6129032258064516
96,0,casia:381,1,1,0.78125,0.25806451612903225,0.41935483870967744,0.41935483870967744,0.0074062806508434385,0.5806451612903226
97,0,casia:326,1,1,0.03125,0.25806451612903225,0.16129032258064516,0.16129032258064516,-1.923201994326936,0.16129032258064516
98,0,casia:348,1,1,0.8125,0.8387096774193549,1.0,0.4838709677419355,0.0074062806508434385,0.5806451612903226
99,0,casia:365,1,1,0.15625,0.06451612903225806,0.8709677419354839,0.8709677419354839,-0.1411020481936015,0.5483870967741935
100,0,casia:070,0,0,1.0,1.0,0.6129032258064516,0.6129032258064516,0.2820165774699813,0.7419354838709677
101,0,casia:077,0,0,1.0,1.0,0.8709677419354839,0.8709677419354839,0.40555031060231866,0.7741935483870968
102,0,casia:138,0,0,0.4375,0.3548387096774194,0.5161290322580645,0.5161290322580645,0.529084043734656,0.8064516129032258
103,0,casia:081,0,0,1.0,1.0,1.0,1.0,0.2820165774699813,0.7419354838709677
104,0,casia:095,0,0,1.0,1.0,0.9032258064516129,0.9032258064516129,-0.953320753853393,0.41935483870967744
105,0,casia:179,0,0,1.0,1.0,0.9354838709677419,0.9354838709677419,-0.4591858213240435,0.5483870967741935
106,0,casia:122,0,0,0.84375,0.12903225806451613,0.06451612903225806,0.06451612903225806,-2.3121918183091053,0.06451612903225806
107,0,casia:378,1,1,0.875,0.967741935483871,1.0,0.967741935483871,0.8984562537175105,0.7741935483870968
108,0,casia:046,0,0,1.0,1.0,0.41935483870967744,0.41935483870967744,-0.2121183550593684,0.6129032258064516
109,0,casia:000,0,0,1.0,1.0,0.1935483870967742,0.1935483870967742,-1.9415906189120926,0.16129032258064516
110,0,casia:073,0,1,0.03125,0.06451612903225806,0.03225806451612903,0.03225806451612903,-2.220218652015825,0.0967741935483871
111,0,casia:180,0,0,1.0,1.0,1.0,1.0,0.8996852431316684,0.9032258064516129
112,0,casia:127,0,0,1.0,1.0,0.5161290322580645,0.7096774193548387,0.6526177768669937,0.8387096774193549
113,0,casia:212,0,0,1.0,1.0,0.5806451612903226,0.5806451612903226,-2.3121918183091053,0.06451612903225806
114,0,casia:110,0,0,1.0,1.0,0.4838709677419355,0.4838709677419355,-0.08858462192703108,0.6451612903225806
115,0,casia:252,1,1,0.3125,0.2903225806451613,0.8709677419354839,0.8709677419354839,0.4529312671841767,0.6774193548387096
116,0,casia:332,1,1,0.59375,0.3870967741935484,0.4838709677419355,0.4838709677419355,-0.1411020481936015,0.5483870967741935
117,0,casia:452,1,1,0.4375,0.45161290322580644,1.0,1.0,1.046964582561955,0.8064516129032258
118,0,casia:431,1,1,0.53125,0.5161290322580645,1.0,0.9032258064516129,0.6014395960286216,0.7096774193548387
119,0,casia:296,1,1,0.53125,0.5161290322580645,0.967741935483871,0.967741935483871,1.4924895690952886,0.9032258064516129
120,0,casia:482,1,0,0.84375,1.0,0.3870967741935484,0.3870967741935484,0.529084043734656,0.8064516129032258
121,0,casia:292,1,1,0.46875,0.3225806451612903,0.45161290322580644,0.45161290322580644,-1.0321520212602686,0.3548387096774194
122,0,casia:082,0,0,1.0,1.0,0.967741935483871,0.967741935483871,-0.953320753853393,0.41935483870967744
123,0,casia:444,1,1,0.375,0.41935483870967744,1.0,1.0,1.4924895690952886,0.9032258064516129
124,0,casia:180,0,0,1.0,1.0,0.06451612903225806,0.06451612903225806,-2.06512435204443,0.12903225806451613
125,0,casia:485,1,1,0.59375,0.25806451612903225,0.9032258064516129,0.9032258064516129,-0.28961037703804593,0.5161290322580645
126,0,casia:174,0,0,1.0,1.0,0.8064516129032258,0.8064516129032258,0.776151509999331,0.8709677419354839
127,0,casia:134,0,0,0.9375,1.0,0.9032258064516129,0.9032258064516129,0.8996852431316684,0.9032258064516129
128,0,casia:494,1,1,0.03125,0.25806451612903225,0.967741935483871,0.967741935483871,-1.4776770077936023,0.25806451612903225
129,0,casia:369,1,1,0.5,0.5161290322580645,0.7741935483870968,0.7741935483870968,-0.28961037703804593,0.5161290322580645
130,0,casia:153,0,1,0.28125,0.2903225806451613,0.16129032258064516,0.16129032258064516,1.640997897939733,0.9354838709677419
131,0,casia:447,1,1,0.125,0.3225806451612903,0.7419354838709677,0.7419354838709677,1.1954729114063998,0.8387096774193549
132,0,casia:221,0,0,0.96875,0.1935483870967742,0.22580645161290322,0.22580645161290322,-0.8297870207210557,0.45161290322580644
133,0,casia:145,0,0,1.0,1.0,1.0,0.5483870967741935,-0.3356520881917057,0.5806451612903226
134,0,casia:372,1,1,0.46875,0.25806451612903225,0.45161290322580644,0.45161290322580644,0.3044229383397323,0.6451612903225806
135,0,casia:079,0,0,1.0,1.0,0.22580645161290322,0.22580645161290322,-0.3356520881917057,0.5806451612903226
136,0,casia:241,0,0,1.0,1.0,0.5806451612903226,0.5806451612903226,0.8996852431316684,0.9032258064516129
137,0,casia:105,0,0,1.0,1.0,0.3870967741935484,0.3870967741935484,-0.7062532875887182,0.4838709677419355
138,0,casia:246,0,0,1.0,1.0,0.6774193548387096,0.6774193548387096,-1.8180568857797552,0.1935483870967742
139,0,casia:280,1,1,0.0625,0.2903225806451613,1.0,1.0,-0.7351353635713794,0.41935483870967744
140,0,casia:210,0,0,1.0,0.3548387096774194,0.6774193548387096,0.6774193548387096,-1.5709894195150802,0.25806451612903225
141,0,casia:060,0,0,1.0,1.0,0.6451612903225806,0.6451612903225806,0.529084043734656,0.8064516129032258
142,0,casia:363,1,1,0.78125,0.5483870967741935,0.8064516129032258,0.8064516129032258,1.1954729114063998,0.8387096774193549
143,0,casia:139,0,0,1.0,1.0,0.8064516129032258,0.5483870967741935,1.0232189762640058,0.9354838709677419
144,0,casia:443,1,1,0.40625,0.3548387096774194,0.8387096774193549,0.7741935483870968,-0.7351353635713794,0.41935483870967744
145,0,casia:369,1,1,0.53125,0.6129032258064516,0.967741935483871,0.967741935483871,0.4529312671841767,0.6774193548387096
146,0,casia:373,1,1,0.09375,0.2903225806451613,0.7741935483870968,0.7741935483870968,-0.1411020481936015,0.5483870967741935
147,0,casia:022,0,0,1.0,1.0,0.967741935483871,0.967741935483871,0.6526177768669937,0.8387096774193549
148,0,casia:432,1,1,0.78125,1.0,0.967741935483871,0.967741935483871,0.6014395960286216,0.7096774193548387
149,0,casia:392,1,1,0.0625,0.25806451612903225,0.7096774193548387,0.7096774193548387,0.749947924873066,0.7419354838709677
150,0,casia:007,0,0,1.0,1.0,0.5483870967741935,0.5483870967741935,-1.9415906189120926,0.16129032258064516
151,0,casia:223,0,0,1.0,1.0,0.4838709677419355,0.4838709677419355,1.0232189762640058,0.9354838709677419
152,0,casia:381,1,1,0.25,0.2903225806451613,0.6451612903225806,0.6451612903225806,0.0074062806508434385,0.5806451612903226
153,0,casia:416,1,0,0.96875,0.25806451612903225,0.12903225806451613,0.12903225806451613,-1.5709894195150802,0.25806451612903225
154,0,casia:096,0,0,1.0,1.0,0.7741935483870968,0.7741935483870968,1.1467527093963434,0.967741935483871
155,0,casia:374,1,1,0.0625,0.25806451612903225,0.3870967741935484,0.3870967741935484,-0.1411020481936015,0.5483870967741935
156,0,casia:438,1,1,0.03125,0.25806451612903225,0.16129032258064516,0.16129032258064516,-2.220218652015825,0.0967741935483871
157,0,casia:029,0,0,0.96875,0.3225806451612903,0.3548387096774194,0.3548387096774194,0.776151509999331,0.8709677419354839
158,0,casia:212,0,0,1.0,1.0,0.2903225806451613,0.2903225806451613,-1.6945231526474176,0.22580645161290322
159,0,casia:028,0,0,1.0,1.0,0.967741935483871,0.967741935483871,0.776151509999331,0.8709677419354839
160,0,casia:401,1,1,0.5625,0.5161290322580645,1.0,0.3225806451612903,0.8984562537175105,0.7741935483870968
161,0,casia:108,0,0,1.0,1.0,1.0,1.0,-0.08858462192703108,0.6451612903225806
162,0,casia:280,1,1,0.5625,0.4838709677419355,0.6774193548387096,0.6774193548387096,1.4924895690952886,0.9032258064516129
163,0,casia:428,1,1,0.0625,0.25806451612903225,0.6129032258064516,0.6129032258064516,0.8984562537175105,0.7741935483870968
164,0,casia:289,1,1,0.34375,0.3225806451612903,1.0,1.0,0.749947924873066,0.7419354838709677
165,0,casia:358,1,1,0.0625,0.3548387096774194,0.8709677419354839,0.8709677419354839,0.0074062806508434385,0.5806451612903226
166,0,casia:140,0,0,1.0,1.0,0.8064516129032258,0.8064516129032258,0.2820165774699813,0.7419354838709677
167,0,casia:159,0,0,1.0,1.0,0.967741935483871,0.967741935483871,1.0232189762640058,0.9354838709677419
168,0,casia:142,0,0,0.78125,1.0,0.8064516129032258,0.8064516129032258,-1.4474556863827428,0.2903225806451613
169,0,casia:029,0,0,0.71875,0.12903225806451613,0.03225806451612903,0.03225806451612903,-2.4357255514414424,0.03225806451612903
170,0,casia:095,0,0,1.0,1.0,0.9354838709677419,0.9354838709677419,0.8996852431316684,0.9032258064516129
171,0,casia:493,1,1,0.28125,0.3548387096774194,0.3225806451612903,0.3225806451612903,-0.586627034726935,0.45161290322580644
172,0,casia:463,1,1,0.625,0.9032258064516129,0.8709677419354839,0.8709677419354839,0.4529312671841767,0.6774193548387096
173,0,casia:360,1,1,0.84375,0.8064516129032258,0.7741935483870968,0.7741935483870968,1.046964582561955,0.8064516129032258
174,0,casia:005,0,0,1.0,1.0,0.4838709677419355,0.7096774193548387,1.0232189762640058,0.9354838709677419
175,0,casia:034,0,0,1.0,1.0,0.5161290322580645,0.5161290322580645,-0.2121183550593684,0.6129032258064516
176,0,casia:003,0,0,1.0,1.0,0.7419354838709677,0.7419354838709677,0.776151509999331,0.8709677419354839
177,0,casia:062,0,0,1.0,1.0,0.3548387096774194,0.3548387096774194,0.776151509999331,0.8709677419354839
178,0,casia:131,0,0,1.0,1.0,0.3548387096774194,0.3548387096774194,0.776151509999331,0.8709677419354839
179,0,casia:464,1,1,0.5625,0.3548387096774194,0.1935483870967742,0.1935483870967742,0.3044229383397323,0.6451612903225806
180,0,casia:069,0,0,1.0,1.0,0.8709677419354839,0.8709677419354839,0.40555031060231866,0.7741935483870968
181,0,casia:481,1,1,0.4375,0.2903225806451613,0.12903225806451613,0.12903225806451613,-0.28961037703804593,0.5161290322580645
182,0,casia:357,1,1,0.34375,0.6129032258064516,0.5161290322580645,0.8709677419354839,-0.43811870588249036,0.4838709677419355
183,0,casia:331,1,1,0.53125,0.5483870967741935,0.6451612903225806,0.6451612903225806,0.4529312671841767,0.6774193548387096
184,0,casia:386,1,1,0.25,0.25806451612903225,0.967741935483871,0.967741935483871,0.6014395960286216,0.7096774193548387
185,0,casia:221,0,1,0.15625,0.2903225806451613,0.5806451612903226,0.5806451612903226,-1.6261853366380468,0.22580645161290322
186,0,casia:250,1,0,1.0,1.0,0.5806451612903226,0.5806451612903226,0.529084043734656,0.8064516129032258
187,0,casia:489,1,0,1.0,1.0,0.06451612903225806,0.06451612903225806,-1.8180568857797552,0.1935483870967742
188,0,casia:265,1,1,0.46875,0.5806451612903226,0.4838709677419355,0.4838709677419355,1.1954729114063998,0.8387096774193549
189,0,casia:178,0,0,1.0,1.0,0.7741935483870968,0.7741935483870968,0.6526177768669937,0.8387096774193549
190,0,casia:234,0,0,1.0,1.0,0.8709677419354839,0.8709677419354839,0.2820165774699813,0.7419354838709677
191,0,casia:463,1,1,0.8125,0.5806451612903226,0.6451612903225806,0.6451612903225806,0.4529312671841767,0.6774193548387096
192,0,casia:285,1,0,1.0,1.0,0.8064516129032258,0.8064516129032258,-0.8297870207210557,0.45161290322580644
193,0,casia:104,0,0,1.0,1.0,0.45161290322580644,0.45161290322580644,0.529084043734656,0.8064516129032258
194,0,casia:011,0,0,0.53125,0.0967741935483871,0.03225806451612903,0.03225806451612903,-2.3121918183091053,0.06451612903225806
195,0,casia:089,0,0,1.0,1.0,0.16129032258064516,0.16129032258064516,-1.9415906189120926,0.16129032258064516
196,0,casia:253,1,0,0.875,0.12903225806451613,0.0967741935483871,0.0967741935483871,-2.188658085176767,0.0967741935483871
197,0,casia:355,1,1,0.03125,0.4838709677419355,0.41935483870967744,0.25806451612903225,0.0074062806508434385,0.5806451612903226
198,0,casia:089,0,0,1.0,1.0,0.06451612903225806,0.06451612903225806,-0.08858462192703108,0.6451612903225806
199,0,casia:184,0,0,1.0,1.0,1.0,0.41935483870967744,-0.08858462192703108,0.6451612903225806
200,0,casia:462,1,1,0.625,0.5483870967741935,0.8064516129032258,0.8064516129032258,0.0074062806508434385,0.5806451612903226
201,0,casia:478,1,1,0.03125,0.3225806451612903,0.41935483870967744,0.41935483870967744,-1.3291686789491577,0.2903225806451613
202,0,casia:148,0,0,1.0,0.3548387096774194,0.7419354838709677,0.7419354838709677,1.1467527093963434,0.967741935483871
203,0,casia:096,0,0,1.0,1.0,0.7741935483870968,0.7741935483870968,0.529084043734656,0.8064516129032258
204,0,casia:158,0,0,1.0,0.9354838709677419,0.7741935483870968,0.7741935483870968,1.0232189762640058,0.9354838709677419
205,0,casia:001,0,0,1.0,1.0,0.22580645161290322,0.22580645161290322,0.776151509999331,0.8709677419354839
206,0,casia:035,0,0,1.0,1.0,0.7741935483870968,0.7741935483870968,0.40555031060231866,0.7741935483870968
207,0,casia:352,1,1,0.84375,0.8064516129032258,1.0,1.0,-0.43811870588249036,0.4838709677419355
208,0,casia:033,0,0,1.0,0.5161290322580645,0.967741935483871,0.967741935483871,-0.8297870207210557,0.45161290322580644
209,0,casia:410,1,1,0.6875,0.25806451612903225,0.6129032258064516,0.6129032258064516,1.1954729114063998,0.8387096774193549
210,0,casia:309,1,1,0.15625,0.3225806451612903,0.22580645161290322,0.22580645161290322,-1.6261853366380468,0.22580645161290322
211,0,casia:234,0,0,1.0,1.0,0.3870967741935484,0.3870967741935484,0.158482844337644,0.7096774193548387
212,0,casia:050,0,0,1.0,1.0,1.0,1.0,0.2820165774699813,0.7419354838709677
213,0,casia:101,0,1,0.03125,0.12903225806451613,0.06451612903225806,0.06451612903225806,-2.517235309704714,0.03225806451612903
214,0,casia:097,0,0,1.0,1.0,0.8709677419354839,0.8709677419354839,1.1467527093963434,0.967741935483871
215,0,casia:482,1,1,0.71875,0.3225806451612903,0.8709677419354839,0.8709677419354839,1.3439812402508442,0.8709677419354839
216,0,casia:150,0,0,1.0,1.0,1.0,1.0,1.0232189762640058,0.9354838709677419
217,0,casia:003,0,0,1.0,1.0,0.7741935483870968,0.7741935483870968,-0.4591858213240435,0.5483870967741935
218,0,casia:177,0,0,1.0,1.0,0.7096774193548387,0.7096774193548387,0.2820165774699813,0.7419354838709677
219,0,casia:037,0,0,1.0,1.0,0.9354838709677419,0.9354838709677419,1.0232189762640058,0.9354838709677419
220,0,casia:121,0,0,1.0,1.0,0.3225806451612903,0.3225806451612903,0.158482844337644,0.7096774193548387
221,0,casia:324,1,0,1.0,0.06451612903225806,0.12903225806451613,0.12903225806451613,1.0232189762640058,0.9354838709677419
222,0,casia:225,0,0,1.0,1.0,0.45161290322580644,0.45161290322580644,0.529084043734656,0.8064516129032258
223,0,casia:206,0,1,0.59375,0.25806451612903225,0.6451612903225806,0.6451612903225806,-0.7351353635713794,0.41935483870967744
224,0,casia:476,1,1,0.65625,0.41935483870967744,0.6774193548387096,0.5806451612903226,0.6014395960286216,0.7096774193548387
225,0,casia:338,1,1,0.09375,0.41935483870967744,0.25806451612903225,0.25806451612903225,-1.4776770077936023,0.25806451612903225
226,0,casia:107,0,0,0.90625,0.3548387096774194,0.7096774193548387,0.7096774193548387,0.03494911120530625,0.6774193548387096
227,0,casia:383,1,1,0.46875,0.3870967741935484,1.0,0.8387096774193549,-0.28961037703804593,0.5161290322580645
228,0,casia:387,1,1,0.4375,0.3225806451612903,0.4838709677419355,0.4838709677419355,-0.28961037703804593,0.5161290322580645
229,0,casia:186,0,1,0.28125,0.3225806451612903,0.8387096774193549,0.8387096774193549,-1.1806603501047133,0.3225806451612903
230,0,casia:400,1,1,0.40625,0.25806451612903225,0.8064516129032258,0.8064516129032258,1.1954729114063998,0.8387096774193549
231,0,casia:274,1,1,0.0625,0.3548387096774194,0.22580645161290322,0.3870967741935484,-1.0321520212602686,0.3548387096774194
232,0,casia:030,0,0,1.0,1.0,1.0,1.0,-0.3356520881917057,0.5806451612903226
233,0,casia:462,1,1,0.53125,0.8064516129032258,0.45161290322580644,0.45161290322580644,0.3044229383397323,0.6451612903225806
234,0,casia:005,0,0,1.0,1.0,0.1935483870967742,0.1935483870967742,0.8996852431316684,0.9032258064516129
235,0,casia:416,1,1,0.125,0.25806451612903225,0.967741935483871,0.967741935483871,-1.0321520212602686,0.3548387096774194
236,0,casia:455,1,1,0.09375,0.25806451612903225,0.3548387096774194,0.3548387096774194,-1.1806603501047133,0.3225806451612903
237,0,casia:267,1,1,0.03125,0.25806451612903225,0.2903225806451613,0.1935483870967742,0.749947924873066,0.7419354838709677
238,0,casia:409,1,1,0.34375,0.45161290322580644,1.0,0.967741935483871,0.6014395960286216,0.7096774193548387
239,0,casia:468,1,1,0.5625,0.3225806451612903,0.6129032258064516,0.6129032258064516,0.749947924873066,0.7419354838709677
240,0,casia:370,1,1,0.71875,0.7419354838709677,0.5483870967741935,0.5483870967741935,1.046964582561955,0.8064516129032258
241,0,casia:234,0,0,1.0,1.0,0.41935483870967744,0.41935483870967744,0.158482844337644,0.7096774193548387
242,0,casia:431,1,1,0.59375,0.4838709677419355,1.0,0.7096774193548387,0.15591460949528785,0.6129032258064516
243,0,casia:106,0,0,1.0,1.0,0.7096774193548387,0.7096774193548387,0.6526177768669937,0.8387096774193549
244,0,casia:112,0,1,0.03125,0.25806451612903225,0.22580645161290322,0.22580645161290322,0.6014395960286216,0.7096774193548387
245,0,casia:227,0,1,0.625,0.6774193548387096,0.8064516129032258,0.8064516129032258,0.8984562537175105,0.7741935483870968
246,0,casia:159,0,0,1.0,1.0,0.9354838709677419,0.9354838709677419,0.8996852431316684,0.9032258064516129
247,0,casia:355,1,1,0.25,0.45161290322580644,0.22580645161290322,0.8387096774193549,0.6014395960286216,0.7096774193548387
248,0,casia:288,1,1,0.03125,0.25806451612903225,0.3870967741935484,0.3870967741935484,0.749947924873066,0.7419354838709677
249,0,casia:202,0,1,0.03125,0.25806451612903225,0.8709677419354839,0.8709677419354839,-1.923201994326936,0.16129032258064516
250,0,casia:354,1,1,0.15625,0.3548387096774194,0.6129032258064516,0.6129032258064516,-0.1411020481936015,0.5483870967741935
251,0,casia:136,0,0,0.9375,0.1935483870967742,0.12903225806451613,0.12903225806451613,-1.9415906189120926,0.16129032258064516
252,0,casia:137,0,0,1.0,1.0,0.45161290322580644,0.45161290322580644,1.0232189762640058,0.9354838709677419
253,0,casia:402,1,1,0.03125,0.1935483870967742,0.6451612903225806,0.6451612903225806,-2.0717103231713807,0.12903225806451613
254,0,casia:114,0,0,1.0,1.0,1.0,1.0,0.529084043734656,0.8064516129032258
255,0,casia:481,1,0,0.90625,0.8387096774193549,0.5161290322580645,0.5161290322580645,0.776151509999331,0.8709677419354839
256,0,casia:434,1,1,0.03125,0.25806451612903225,0.22580645161290322,0.22580645161290322,-2.220218652015825,0.0967741935483871
257,0,casia:043,0,0,1.0,1.0,0.8709677419354839,0.8709677419354839,0.776151509999331,0.8709677419354839
258,0,casia:028,0,0,1.0,1.0,0.7096774193548387,0.7096774193548387,0.8996852431316684,0.9032258064516129
259,0,casia:283,1,1,0.0625,0.41935483870967744,0.16129032258064516,0.16129032258064516,0.3044229383397323,0.6451612903225806
260,0,casia:128,0,0,1.0,1.0,0.4838709677419355,0.4838709677419355,-0.3356520881917057,0.5806451612903226
261,0,casia:119,0,0,1.0,1.0,0.2903225806451613,0.2903225806451613,0.03494911120530625,0.6774193548387096
262,0,casia:192,0,0,1.0,1.0,0.4838709677419355,0.4838709677419355,0.8996852431316684,0.9032258064516129
263,0,casia:428,1,1,0.34375,0.25806451612903225,0.8709677419354839,0.8709677419354839,0.15591460949528785,0.6129032258064516
264,0,casia:190,0,0,1.0,1.0,1.0,0.5483870967741935,0.158482844337644,0.7096774193548387
265,0,casia:266,1,1,0.53125,0.5483870967741935,0.5806451612903226,1.0,0.3044229383397323,0.6451612903225806
266,0,casia:228,0,0,1.0,1.0,0.9354838709677419,0.9354838709677419,0.8996852431316684,0.9032258064516129
267,0,casia:411,1,1,0.375,0.45161290322580644,0.8064516129032258,0.8064516129032258,-0.43811870588249036,0.4838709677419355
268,0,casia:425,1,0,1.0,0.6129032258064516,0.2903225806451613,0.2903225806451613,-2.06512435204443,0.12903225806451613
269,0,casia:264,1,1,0.625,0.25806451612903225,0.5806451612903226,0.5806451612903226,-1.1806603501047133,0.3225806451612903
270,0,casia:420,1,0,1.0,1.0,0.0967741935483871,0.0967741935483871,-2.3121918183091053,0.06451612903225806
271,0,casia:072,0,1,0.90625,0.6129032258064516,0.6129032258064516,0.6129032258064516,1.1954729114063998,0.8387096774193549
272,0,casia:319,1,1,0.21875,0.41935483870967744,0.4838709677419355,0.4838709677419355,1.1954729114063998,0.8387096774193549
273,0,casia:019,0,0,1.0,1.0,0.6451612903225806,0.6451612903225806,0.8996852431316684,0.9032258064516129
274,0,casia:202,0,1,0.03125,0.25806451612903225,0.3225806451612903,0.3225806451612903,-0.8836436924158241,0.3870967741935484
275,0,casia:484,1,0,1.0,1.0,0.3225806451612903,0.3225806451612903,0.40555031060231866,0.7741935483870968
276,0,casia:106,0,0,1.0,1.0,0.8064516129032258,0.8064516129032258,0.6526177768669937,0.8387096774193549
277,0,casia:495,1,1,0.0625,0.25806451612903225,0.25806451612903225,0.25806451612903225,-1.1806603501047133,0.3225806451612903
278,0,casia:212,0,1,0.0625,0.22580645161290322,0.22580645161290322,0.22580645161290322,0.3044229383397323,0.6451612903225806
279,0,casia:290,1,1,0.03125,0.06451612903225806,0.1935483870967742,0.1935483870967742,-2.36872698086027,0.06451612903225806
280,0,casia:444,1,1,0.53125,0.6129032258064516,1.0,1.0,1.1954729114063998,0.8387096774193549
281,0,casia:079,0,1,0.03125,0.22580645161290322,0.16129032258064516,0.16129032258064516,-0.8836436924158241,0.3870967741935484
282,0,casia:361,1,1,0.53125,0.2903225806451613,0.967741935483871,0.967741935483871,-0.28961037703804593,0.5161290322580645
283,0,casia:466,1,1,0.40625,0.2903225806451613,0.16129032258064516,0.16129032258064516,1.046964582561955,0.8064516129032258
284,0,casia:264,1,1,0.09375,0.25806451612903225,0.5161290322580645,0.5161290322580645,0.6014395960286216,0.7096774193548387
285,0,casia:166,0,0,1.0,1.0,0.3225806451612903,0.6451612903225806,0.6526177768669937,0.8387096774193549
286,0,casia:439,1,1,0.1875,0.3548387096774194,0.1935483870967742,0.1935483870967742,-1.4776770077936023,0.25806451612903225
287,0,casia:042,0,0,1.0,1.0,0.9032258064516129,0.9032258064516129,-0.2121183550593684,0.6129032258064516
288,0,casia:305,1,1,0.125,0.41935483870967744,1.0,1.0,0.0074062806508434385,0.5806451612903226
289,0,casia:376,1,1,0.34375,0.5806451612903226,0.8709677419354839,0.8709677419354839,0.15591460949528785,0.6129032258064516
290,0,casia:450,1,1,0.03125,0.25806451612903225,0.16129032258064516,0.967741935483871,0.15591460949528785,0.6129032258064516
291,0,casia:368,1,1,0.53125,0.3870967741935484,0.6451612903225806,0.6451612903225806,-1.0321520212602686,0.3548387096774194
292,0,casia:142,0,0,0.4375,0.03225806451612903,0.03225806451612903,0.03225806451612903,-2.4357255514414424,0.03225806451612903
293,0,casia:063,0,0,0.71875,0.5161290322580645,0.3548387096774194,0.5806451612903226,0.8996852431316684,0.9032258064516129
294,0,casia:229,0,1,0.0625,0.16129032258064516,0.12903225806451613,0.12903225806451613,-2.220218652015825,0.0967741935483871
295,0,casia:181,0,0,1.0,1.0,0.41935483870967744,0.41935483870967744,-1.5709894195150802,0.25806451612903225
296,0,casia:376,1,1,0.21875,0.5806451612903226,0.3870967741935484,0.3870967741935484,0.0074062806508434385,0.5806451612903226
297,0,casia:102,0,0,0.96875,1.0,0.3548387096774194,0.3548387096774194,0.6526177768669937,0.8387096774193549
298,0,casia:437,1,1,0.1875,0.25806451612903225,1.0,0.9354838709677419,-0.1411020481936015,0.5483870967741935
299,0,casia:015,0,0,1.0,1.0,0.8387096774193549,0.8387096774193549,1.1467527093963434,0.967741935483871
300,0,casia:112,0,1,0.09375,0.25806451612903225,0.22580645161290322,0.22580645161290322,0.6014395960286216,0.7096774193548387
301,0,casia:362,1,1,0.53125,0.6451612903225806,0.8387096774193549,0.8387096774193549,1.046964582561955,0.8064516129032258
302,0,casia:284,1,1,0.15625,0.25806451612903225,0.6451612903225806,0.6451612903225806,0.0074062806508434385,0.5806451612903226
303,0,casia:232,0,1,0.125,0.25806451612903225,0.12903225806451613,0.12903225806451613,1.046964582561955,0.8064516129032258
304,0,casia:047,0,0,1.0,1.0,0.5161290322580645,0.5161290322580645,0.40555031060231866,0.7741935483870968
305,0,casia:128,0,1,0.0625,0.25806451612903225,0.45161290322580644,0.45161290322580644,-0.43811870588249036,0.4838709677419355
306,0,casia:037,0,0,1.0,1.0,0.9032258064516129,0.9032258064516129,1.0232189762640058,0.9354838709677419
307,0,casia:429,1,1,0.75,0.8709677419354839,0.6451612903225806,0.6451612903225806,0.15591460949528785,0.6129032258064516
308,0,casia:286,1,1,0.0625,0.3870967741935484,0.7741935483870968,0.7741935483870968,-0.1411020481936015,0.5483870967741935
309,0,casia:347,1,1,0.8125,0.7741935483870968,0.5806451612903226,0.5806451612903226,0.8984562537175105,0.7741935483870968
310,0,casia:348,1,1,1.0,1.0,0.41935483870967744,0.3548387096774194,1.1954729114063998,0.8387096774193549
311,0,casia:349,1,1,0.40625,0.3548387096774194,0.3225806451612903,0.7096774193548387,0.15591460949528785,0.6129032258064516
312,0,casia:394,1,1,0.0625,0.25806451612903225,0.8709677419354839,0.8709677419354839,-1.3291686789491577,0.2903225806451613
313,0,casia:144,0,0,1.0,1.0,0.6129032258064516,0.6129032258064516,0.776151509999331,0.8709677419354839
314,0,casia:390,1,1,0.125,0.3548387096774194,0.3870967741935484,0.3870967741935484,-0.1411020481936015,0.5483870967741935
315,0,casia:140,0,0,1.0,1.0,0.6774193548387096,0.6774193548387096,0.03494911120530625,0.6774193548387096
316,0,casia:044,0,0,1.0,1.0,0.4838709677419355,0.4838709677419355,0.40555031060231866,0.7741935483870968
317,0,casia:170,0,0,1.0,1.0,0.7419354838709677,0.7419354838709677,0.776151509999331,0.8709677419354839
318,0,casia:132,0,0,0.84375,1.0,0.967741935483871,0.967741935483871,-0.4591858213240435,0.5483870967741935
319,0,casia:455,1,1,0.28125,0.3870967741935484,0.8387096774193549,0.8387096774193549,0.0074062806508434385,0.5806451612903226
320,0,casia:304,1,1,0.03125,0.25806451612903225,1.0,1.0,1.4924895690952886,0.9032258064516129
321,0,casia:294,1,1,0.03125,0.25806451612903225,0.8387096774193549,0.8387096774193549,-0.43811870588249036,0.4838709677419355
322,0,casia:454,1,1,0.5625,0.25806451612903225,0.3870967741935484,0.3870967741935484,0.15591460949528785,0.6129032258064516
323,0,casia:319,1,1,0.90625,0.6451612903225806,0.4838709677419355,0.4838709677419355,1.640997897939733,0.9354838709677419
324,0,casia:301,1,1,0.125,0.3225806451612903,0.1935483870967742,0.6774193548387096,-0.1411020481936015,0.5483870967741935
325,0,casia:059,0,0,0.5625,0.2903225806451613,0.16129032258064516,0.16129032258064516,-1.9415906189120926,0.16129032258064516
326,0,casia:430,1,1,0.40625,0.7741935483870968,0.41935483870967744,0.41935483870967744,0.15591460949528785,0.6129032258064516
327,0,casia:056,0,0,1.0,1.0,0.8709677419354839,0.8709677419354839,0.158482844337644,0.7096774193548387
328,0,casia:134,0,0,1.0,1.0,0.967741935483871,0.967741935483871,0.6526177768669937,0.8387096774193549
329,0,casia:266,1,1,0.53125,0.9354838709677419,0.25806451612903225,0.25806451612903225,-0.586627034726935,0.45161290322580644
330,0,casia:497,1,0,1.0,1.0,0.8387096774193549,0.8387096774193549,0.8996852431316684,0.9032258064516129
331,0,casia:131,0,0,1.0,1.0,0.967741935483871,0.967741935483871,-0.8297870207210557,0.45161290322580644
332,0,casia:308,1,1,0.5625,0.2903225806451613,1.0,1.0,0.4529312671841767,0.6774193548387096
333,0,casia:486,1,1,0.28125,0.25806451612903225,0.6129032258064516,0.6129032258064516,-1.3291686789491577,0.2903225806451613
334,0,casia:429,1,1,0.625,0.3870967741935484,0.8387096774193549,0.8387096774193549,0.15591460949528785,0.6129032258064516
335,0,casia:286,1,1,0.125,0.3225806451612903,0.5806451612903226,0.5806451612903226,-0.28961037703804593,0.5161290322580645
336,0,casia:298,1,0,1.0,0.2903225806451613,0.5483870967741935,0.5483870967741935,-1.5709894195150802,0.25806451612903225
337,0,casia:261,1,1,0.59375,0.3870967741935484,0.5161290322580645,0.5161290322580645,-0.586627034726935,0.45161290322580644
338,0,casia:123,0,0,1.0,1.0,0.8387096774193549,0.8387096774193549,0.8996852431316684,0.9032258064516129
339,0,casia:132,0,0,1.0,0.16129032258064516,0.1935483870967742,0.1935483870967742,1.1467527093963434,0.967741935483871
340,0,casia:004,0,0,1.0,1.0,0.1935483870967742,0.1935483870967742,0.776151509999331,0.8709677419354839
341,0,casia:495,1,1,0.21875,0.41935483870967744,0.3870967741935484,0.3870967741935484,-0.586627034726935,0.45161290322580644
342,0,casia:261,1,1,0.40625,0.25806451612903225,0.22580645161290322,0.22580645161290322,0.3044229383397323,0.6451612903225806
343,0,casia:363,1,1,0.71875,0.6774193548387096,0.7741935483870968,0.7741935483870968,1.3439812402508442,0.8709677419354839
344,0,casia:495,1,1,0.25,0.6774193548387096,0.25806451612903225,0.25806451612903225,-0.28961037703804593,0.5161290322580645
345,0,casia:200,0,0,1.0,1.0,0.22580645161290322,0.22580645161290322,-0.953320753853393,0.41935483870967744
346,0,casia:037,0,0,1.0,1.0,0.8709677419354839,0.8709677419354839,1.0232189762640058,0.9354838709677419
347,0,casia:236,0,1,0.0625,0.25806451612903225,0.0967741935483871,0.0967741935483871,0.8984562537175105,0.7741935483870968
348,0,casia:186,0,1,0.625,0.25806451612903225,0.7096774193548387,0.7096774193548387,-1.6261853366380468,0.22580645161290322
349,0,casia:409,1,1,0.4375,0.3225806451612903,1.0,1.0,0.749947924873066,0.7419354838709677
350,0,casia:199,0,0,1.0,0.2903225806451613,0.5806451612903226,0.5806451612903226,-1.4474556863827428,0.2903225806451613
351,0,casia:299,1,1,0.15625,0.2903225806451613,0.6129032258064516,0.6129032258064516,-0.7351353635713794,0.41935483870967744
352,0,casia:346,1,1,0.625,0.25806451612903225,0.4838709677419355,0.4838709677419355,0.8984562537175105,0.7741935483870968
353,0,casia:191,0,0,1.0,1.0,0.7741935483870968,0.7741935483870968,0.158482844337644,0.7096774193548387
354,0,casia:081,0,0,1.0,1.0,0.8387096774193549,0.8387096774193549,0.776151509999331,0.8709677419354839
355,0,casia:083,0,0,0.8125,0.5161290322580645,1.0,1.0,0.6526177768669937,0.8387096774193549
356,0,casia:231,0,1,0.03125,0.25806451612903225,0.12903225806451613,0.12903225806451613,0.0074062806508434385,0.5806451612903226
357,0,casia:374,1,1,0.09375,0.0967741935483871,0.45161290322580644,0.4838709677419355,-0.1411020481936015,0.5483870967741935
358,0,casia:061,0,0,1.0,1.0,0.6129032258064516,0.6129032258064516,-0.8297870207210557,0.45161290322580644
359,0,casia:386,1,1,0.03125,0.25806451612903225,0.41935483870967744,0.41935483870967744,-1.6261853366380468,0.22580645161290322
360,0,casia:164,0,0,0.96875,1.0,0.6129032258064516,0.41935483870967744,0.776151509999331,0.8709677419354839
361,0,casia:387,1,1,0.90625,1.0,0.5483870967741935,0.5483870967741935,0.4529312671841767,0.6774193548387096
362,0,casia:001,0,0,1.0,1.0,0.8064516129032258,0.8064516129032258,0.6526177768669937,0.8387096774193549
363,0,casia:466,1,1,0.15625,0.25806451612903225,0.1935483870967742,0.1935483870967742,-0.1411020481936015,0.5483870967741935
364,0,casia:151,0,0,1.0,1.0,0.6129032258064516,0.6129032258064516,0.529084043734656,0.8064516129032258
365,0,casia:476,1,1,0.6875,0.5161290322580645,0.7096774193548387,0.7096774193548387,-0.43811870588249036,0.4838709677419355
366,0,casia:304,1,1,0.6875,0.2903225806451613,1.0,1.0,1.4924895690952886,0.9032258064516129
367,0,casia:270,1,1,0.09375,0.25806451612903225,0.22580645161290322,0.22580645161290322,-1.3291686789491577,0.2903225806451613
368,0,casia:353,1,1,0.21875,0.25806451612903225,0.7741935483870968,0.7741935483870968,0.4529312671841767,0.6774193548387096
369,0,casia:049,0,0,1.0,1.0,0.22580645161290322,0.22580645161290322,-2.188658085176767,0.0967741935483871
370,0,casia:101,0,1,0.09375,0.06451612903225806,0.03225806451612903,0.03225806451612903,-2.517235309704714,0.03225806451612903
371,0,casia:450,1,0,0.53125,0.03225806451612903,0.03225806451612903,0.12903225806451613,-2.4357255514414424,0.03225806451612903
372,0,casia:013,0,0,1.0,1.0,0.6451612903225806,0.6451612903225806,0.6526177768669937,0.8387096774193549
373,0,casia:418,1,1,0.40625,0.3225806451612903,0.7741935483870968,0.7741935483870968,0.749947924873066,0.7419354838709677
374,0,casia:378,1,1,0.625,0.6774193548387096,1.0,0.9032258064516129,0.8984562537175105,0.7741935483870968
375,0,casia:045,0,0,1.0,1.0,0.3870967741935484,0.3870967741935484,-0.3356520881917057,0.5806451612903226
376,0,casia:065,0,0,1.0,1.0,0.8064516129032258,0.8064516129032258,0.776151509999331,0.8709677419354839
377,0,casia:048,0,0,1.0,1.0,0.8709677419354839,1.0,0.8996852431316684,0.9032258064516129
378,0,casia:352,1,1,0.71875,0.8387096774193549,0.967741935483871,0.967741935483871,-0.28961037703804593,0.5161290322580645
379,0,casia:014,0,0,1.0,1.0,0.7096774193548387,0.7096774193548387,0.40555031060231866,0.7741935483870968
380,0,casia:404,1,1,0.71875,0.8387096774193549,1.0,0.3870967741935484,0.15591460949528785,0.6129032258064516
381,0,casia:460,1,1,0.75,0.4838709677419355,0.7419354838709677,0.7419354838709677,0.0074062806508434385,0.5806451612903226
382,0,casia:021,0,0,1.0,1.0,0.7096774193548387,0.7096774193548387,-0.5827195544563808,0.5161290322580645
383,0,casia:184,0,0,1.0,1.0,1.0,0.5161290322580645,-0.2121183550593684,0.6129032258064516
384,0,casia:498,1,1,0.90625,0.967741935483871,1.0,0.8064516129032258,0.749947924873066,0.7419354838709677
385,0,casia:259,1,1,0.375,0.3225806451612903,0.3225806451612903,0.3225806451612903,-0.8836436924158241,0.3870967741935484
386,0,casia:320,1,1,0.03125,0.25806451612903225,0.7741935483870968,0.7741935483870968,-1.3291686789491577,0.2903225806451613
387,0,casia:276,1,1,0.375,0.2903225806451613,1.0,1.0,-0.1411020481936015,0.5483870967741935
388,0,casia:468,1,1,0.6875,0.3548387096774194,0.8064516129032258,0.8064516129032258,0.6014395960286216,0.7096774193548387
389,0,casia:219,0,1,0.40625,0.6451612903225806,0.9032258064516129,0.9032258064516129,0.3044229383397323,0.6451612903225806
390,0,casia:472,1,1,0.4375,0.5161290322580645,0.4838709677419355,0.6451612903225806,-0.43811870588249036,0.4838709677419355
391,0,casia:309,1,1,0.125,0.25806451612903225,0.9032258064516129,0.9032258064516129,0.0074062806508434385,0.5806451612903226
392,0,casia:257,1,1,0.6875,0.25806451612903225,0.6774193548387096,0.6774193548387096,1.046964582561955,0.8064516129032258
393,0,casia:203,0,0,1.0,1.0,0.7741935483870968,0.7741935483870968,0.6526177768669937,0.8387096774193549
394,0,casia:287,1,1,0.375,0.2903225806451613,0.7419354838709677,0.0967741935483871,0.0074062806508434385,0.5806451612903226
395,0,casia:382,1,1,0.09375,0.25806451612903225,0.12903225806451613,0.12903225806451613,-1.4776770077936023,0.25806451612903225
396,0,casia:330,1,1,0.53125,0.45161290322580644,0.967741935483871,0.967741935483871,0.6014395960286216,0.7096774193548387
397,0,casia:222,0,0,1.0,1.0,0.4838709677419355,0.4838709677419355,-0.08858462192703108,0.6451612903225806
398,0,casia:458,1,1,0.34375,0.41935483870967744,0.41935483870967744,0.41935483870967744,-0.7351353635713794,0.41935483870967744
399,0,casia:346,1,1,0.6875,0.3225806451612903,0.5161290322580645,0.5161290322580645,0.749947924873066,0.7419354838709677
400,0,casia:420,1,0,1.0,1.0,0.06451612903225806,0.06451612903225806,-2.3121918183091053,0.06451612903225806
401,0,casia:103,0,0,0.90625,0.4838709677419355,0.3548387096774194,0.3548387096774194,-1.6945231526474176,0.22580645161290322
402,0,casia:055,0,0,1.0,0.5483870967741935,0.1935483870967742,0.1935483870967742,1.1467527093963434,0.967741935483871
403,0,casia:163,0,0,1.0,1.0,0.7419354838709677,0.7419354838709677,0.03494911120530625,0.6774193548387096
404,0,casia:019,0,0,1.0,1.0,0.5161290322580645,0.5161290322580645,1.0232189762640058,0.9354838709677419
405,0,casia:174,0,0,1.0,1.0,0.3870967741935484,0.3870967741935484,-1.3239219532504054,0.3225806451612903
406,0,casia:308,1,1,0.8125,0.25806451612903225,0.8709677419354839,0.8709677419354839,0.6014395960286216,0.7096774193548387
407,0,casia:262,1,1,0.4375,0.3548387096774194,0.12903225806451613,0.12903225806451613,0.3044229383397323,0.6451612903225806
408,0,casia:280,1,1,0.1875,0.7096774193548387,1.0,1.0,-0.586627034726935,0.45161290322580644
409,0,casia:214,0,1,0.03125,0.25806451612903225,0.25806451612903225,0.25806451612903225,0.3044229383397323,0.6451612903225806
410,0,casia:058,0,0,1.0,1.0,0.5161290322580645,0.5161290322580645,0.529084043734656,0.8064516129032258
411,0,casia:031,0,0,0.9375,0.7419354838709677,0.4838709677419355,0.4838709677419355,-1.4474556863827428,0.2903225806451613
412,0,casia:437,1,1,0.59375,0.6774193548387096,1.0,0.3548387096774194,0.8984562537175105,0.7741935483870968
413,0,casia:072,0,1,0.59375,0.7741935483870968,0.9032258064516129,0.9032258064516129,1.7895062267841781,0.967741935483871
414,0,casia:134,0,0,0.90625,1.0,0.7096774193548387,0.7096774193548387,0.8996852431316684,0.9032258064516129
415,0,casia:185,0,0,1.0,1.0,0.3225806451612903,0.3225806451612903,-0.8297870207210557,0.45161290322580644
416,0,casia:463,1,1,0.59375,0.8064516129032258,0.967741935483871,0.967741935483871,0.6014395960286216,0.7096774193548387
417,0,casia:089,0,0,1.0,1.0,0.45161290322580644,0.45161290322580644,-1.2003882201180678,0.3548387096774194
418,0,casia:446,1,1,0.5625,0.25806451612903225,0.7096774193548387,0.7096774193548387,1.640997897939733,0.9354838709677419
419,0,casia:033,0,0,1.0,1.0,1.0,1.0,0.776151509999331,0.8709677419354839
420,0,casia:063,0,0,1.0,1.0,0.7419354838709677,0.7419354838709677,0.2820165774699813,0.7419354838709677
421,0,casia:247,0,1,0.0625,0.25806451612903225,1.0,1.0,-0.28961037703804593,0.5161290322580645
422,0,casia:239,0,0,0.875,0.2903225806451613,0.12903225806451613,0.12903225806451613,-1.6945231526474176,0.22580645161290322
423,0,casia:133,0,0,1.0,0.6451612903225806,0.3548387096774194,0.3548387096774194,-0.7062532875887182,0.4838709677419355
424,0,casia:201,0,0,1.0,1.0,0.967741935483871,0.967741935483871,-1.0768544869857306,0.3870967741935484
425,0,casia:211,0,0,1.0,1.0,0.41935483870967744,0.41935483870967744,-0.953320753853393,0.41935483870967744
426,0,casia:098,0,0,1.0,1.0,0.8387096774193549,0.967741935483871,0.6526177768669937,0.8387096774193549
427,0,casia:470,1,1,0.5625,0.25806451612903225,0.5483870967741935,0.3225806451612903,-1.4776770077936023,0.25806451612903225
428,0,casia:321,1,1,0.4375,0.3225806451612903,0.16129032258064516,0.16129032258064516,-1.1806603501047133,0.3225806451612903
429,0,casia:074,0,0,1.0,1.0,0.7419354838709677,0.7419354838709677,0.6526177768669937,0.8387096774193549
430,0,casia:011,0,0,1.0,1.0,0.3548387096774194,0.3548387096774194,0.6526177768669937,0.8387096774193549
431,0,casia:040,0,1,0.5,0.45161290322580644,0.25806451612903225,0.25806451612903225,-0.8836436924158241,0.3870967741935484
432,0,casia:256,1,1,0.03125,0.25806451612903225,0.3870967741935484,0.3870967741935484,0.15591460949528785,0.6129032258064516
433,0,casia:120,0,0,1.0,1.0,0.6451612903225806,0.6451612903225806,0.40555031060231866,0.7741935483870968
434,0,casia:409,1,1,0.625,0.25806451612903225,0.3870967741935484,0.967741935483871,0.8984562537175105,0.7741935483870968
435,0,casia:292,1,1,0.21875,0.2903225806451613,0.5161290322580645,0.5161290322580645,0.15591460949528785,0.6129032258064516
436,0,casia:146,0,0,1.0,1.0,0.5483870967741935,0.5483870967741935,0.776151509999331,0.8709677419354839
437,0,casia:293,1,1,0.03125,0.2903225806451613,0.0967741935483871,0.0967741935483871,-1.4776770077936023,0.25806451612903225
438,0,casia:460,1,1,0.65625,0.6774193548387096,0.6774193548387096,0.6774193548387096,-0.7351353635713794,0.41935483870967744
439,0,casia:334,1,1,0.46875,0.6451612903225806,1.0,0.6451612903225806,0.8984562537175105,0.7741935483870968
440,0,casia:468,1,1,0.75,0.2903225806451613,0.7419354838709677,0.7419354838709677,1.046964582561955,0.8064516129032258
441,0,casia:094,0,0,0.75,0.16129032258064516,0.6451612903225806,0.6451612903225806,-2.06512435204443,0.12903225806451613
442,0,casia:318,1,1,0.09375,0.25806451612903225,0.8709677419354839,0.8709677419354839,-0.1411020481936015,0.5483870967741935
443,0,casia:441,1,1,0.71875,0.3548387096774194,0.22580645161290322,0.22580645161290322,0.749947924873066,0.7419354838709677
444,0,casia:419,1,1,0.59375,0.2903225806451613,0.45161290322580644,0.45161290322580644,0.0074062806508434385,0.5806451612903226
445,0,casia:440,1,1,0.40625,0.3225806451612903,0.4838709677419355,0.4838709677419355,-0.43811870588249036,0.4838709677419355
446,0,casia:206,0,0,0.84375,0.8387096774193549,0.8387096774193549,0.8387096774193549,-0.7062532875887182,0.4838709677419355
447,0,casia:204,0,0,1.0,1.0,0.9354838709677419,0.9354838709677419,1.0232189762640058,0.9354838709677419
448,0,casia:111,0,0,1.0,1.0,0.45161290322580644,0.45161290322580644,0.776151509999331,0.8709677419354839
449,0,casia:083,0,0,1.0,1.0,0.8064516129032258,0.8064516129032258,0.529084043734656,0.8064516129032258
450,0,casia:388,1,1,0.625,0.41935483870967744,0.7096774193548387,0.7096774193548387,1.1954729114063998,0.8387096774193549
451,0,casia:452,1,1,0.28125,0.5806451612903226,0.8709677419354839,1.0,-0.1411020481936015,0.5483870967741935
452,0,casia:061,0,0,1.0,1.0,0.5806451612903226,0.5806451612903226,-1.0768544869857306,0.3870967741935484
453,0,casia:188,0,0,1.0,1.0,0.7419354838709677,0.7419354838709677,-0.4591858213240435,0.5483870967741935
454,0,casia:003,0,0,0.96875,1.0,0.0967741935483871,0.0967741935483871,-2.188658085176767,0.0967741935483871
455,0,casia:342,1,1,0.0625,0.3225806451612903,0.41935483870967744,0.25806451612903225,-0.28961037703804593,0.5161290322580645
456,0,casia:257,1,0,0.40625,0.16129032258064516,0.5483870967741935,0.5483870967741935,-2.3121918183091053,0.06451612903225806
457,0,casia:344,1,1,0.65625,0.8064516129032258,0.7096774193548387,0.7096774193548387,1.1954729114063998,0.8387096774193549
458,0,casia:490,1,1,0.0625,0.41935483870967744,1.0,1.0,-0.28961037703804593,0.5161290322580645
459,0,casia:105,0,1,0.25,0.25806451612903225,0.2903225806451613,0.967741935483871,0.15591460949528785,0.6129032258064516
460,0,casia:041,0,0,1.0,1.0,0.4838709677419355,0.4838709677419355,-2.06512435204443,0.12903225806451613
461,0,casia:012,0,0,1.0,1.0,0.8064516129032258,0.8064516129032258,1.1467527093963434,0.967741935483871
462,0,casia:192,0,0,1.0,1.0,0.5483870967741935,0.5483870967741935,0.529084043734656,0.8064516129032258
463,0,casia:091,0,0,1.0,1.0,1.0,1.0,0.8996852431316684,0.9032258064516129
464,0,casia:093,0,1,0.09375,0.25806451612903225,0.16129032258064516,0.16129032258064516,-0.586627034726935,0.45161290322580644
465,0,casia:331,1,1,0.40625,0.6774193548387096,0.3225806451612903,0.3225806451612903,-0.1411020481936015,0.5483870967741935
466,0,casia:075,0,0,1.0,1.0,0.7096774193548387,0.7096774193548387,0.529084043734656,0.8064516129032258
467,0,casia:300,1,1,0.375,0.2903225806451613,0.7096774193548387,1.0,-0.43811870588249036,0.4838709677419355
468,0,casia:065,0,0,0.96875,0.25806451612903225,0.12903225806451613,0.12903225806451613,-0.953320753853393,0.41935483870967744
469,0,casia:186,0,1,0.03125,0.03225806451612903,0.3870967741935484,0.3870967741935484,-2.220218652015825,0.0967741935483871
470,0,casia:453,1,1,0.5625,0.5161290322580645,0.45161290322580644,0.7741935483870968,-0.1411020481936015,0.5483870967741935
471,0,casia:336,1,1,0.03125,0.3225806451612903,0.7741935483870968,0.7741935483870968,-1.923201994326936,0.16129032258064516
472,0,casia:194,0,0,1.0,1.0,0.8064516129032258,0.8064516129032258,0.2820165774699813,0.7419354838709677
473,0,casia:454,1,1,0.375,0.3548387096774194,0.2903225806451613,0.2903225806451613,0.4529312671841767,0.6774193548387096
474,0,casia:315,1,1,0.46875,0.3225806451612903,0.6129032258064516,0.6129032258064516,0.749947924873066,0.7419354838709677
475,0,casia:416,1,1,0.9375,0.6451612903225806,0.9354838709677419,0.9354838709677419,0.3044229383397323,0.6451612903225806
476,0,casia:451,1,1,0.5625,0.8064516129032258,1.0,0.9354838709677419,1.640997897939733,0.9354838709677419
477,0,casia:451,1,1,0.65625,1.0,0.8064516129032258,0.8064516129032258,1.4924895690952886,0.9032258064516129
478,0,casia:067,0,0,1.0,1.0,0.967741935483871,0.967741935483871,-0.953320753853393,0.41935483870967744
479,0,casia:024,0,0,1.0,1.0,0.1935483870967742,0.1935483870967742,0.529084043734656,0.8064516129032258
480,0,casia:296,1,1,0.59375,0.5161290322580645,1.0,1.0,0.3044229383397323,0.6451612903225806
481,0,casia:063,0,0,0.71875,0.6451612903225806,0.967741935483871,0.967741935483871,-0.953320753853393,0.41935483870967744
482,0,casia:458,1,1,0.5625,0.2903225806451613,0.25806451612903225,0.25806451612903225,-1.1806603501047133,0.3225806451612903
483,0,casia:469,1,1,0.46875,0.2903225806451613,0.5483870967741935,0.5483870967741935,-0.43811870588249036,0.4838709677419355
484,0,casia:472,1,1,0.84375,0.3548387096774194,0.8064516129032258,0.8064516129032258,0.6014395960286216,0.7096774193548387
485,0,casia:268,1,1,0.03125,0.41935483870967744,0.06451612903225806,0.06451612903225806,-1.7746936654824914,0.1935483870967742
486,0,casia:298,1,0,1.0,1.0,0.4838709677419355,0.1935483870967742,0.2820165774699813,0.7419354838709677
487,0,casia:148,0,0,1.0,1.0,0.7419354838709677,0.7419354838709677,1.0232189762640058,0.9354838709677419
488,0,casia:094,0,1,0.65625,0.3225806451612903,0.22580645161290322,0.22580645161290322,-0.1411020481936015,0.5483870967741935
489,0,casia:229,0,1,0.03125,0.0967741935483871,0.06451612903225806,0.06451612903225806,-1.1806603501047133,0.3225806451612903
490,0,casia:477,1,1,0.75,0.967741935483871,0.4838709677419355,1.0,0.3044229383397323,0.6451612903225806
491,0,casia:267,1,1,0.3125,0.16129032258064516,0.6129032258064516,0.8387096774193549,0.4529312671841767,0.6774193548387096
492,0,casia:277,1,0,1.0,0.3548387096774194,0.16129032258064516,0.16129032258064516,-0.5827195544563808,0.5161290322580645
493,0,casia:391,1,1,0.5,0.6129032258064516,0.9032258064516129,0.9032258064516129,0.3044229383397323,0.6451612903225806
494,0,casia:144,0,0,1.0,1.0,0.6451612903225806,0.5806451612903226,0.529084043734656,0.8064516129032258
495,0,casia:243,0,1,0.3125,0.3225806451612903,0.5483870967741935,0.5483870967741935,0.6014395960286216,0.7096774193548387
496,0,casia:325,1,1,0.15625,0.25806451612903225,0.22580645161290322,0.22580645161290322,-1.6261853366380468,0.22580645161290322
497,0,casia:337,1,1,0.09375,0.2903225806451613,0.5161290322580645,0.5161290322580645,-0.1411020481936015,0.5483870967741935
498,0,casia:323,1,1,0.03125,0.22580645161290322,0.3225806451612903,0.3225806451612903,-1.7746936654824914,0.1935483870967742
499,0,casia:097,0,0,1.0,1.0,1.0,1.0,1.0232189762640058,0.9354838709677419
500,0,casia:281,1,0,1.0,1.0,0.6451612903225806,0.6451612903225806,-1.3239219532504054,0.3225806451612903
501,0,casia:133,0,0,1.0,1.0,0.6451612903225806,0.6451612903225806,0.2820165774699813,0.7419354838709677
502,0,casia:135,0,0,1.0,1.0,0.0967741935483871,0.0967741935483871,-0.5827195544563808,0.5161290322580645
503,0,casia:023,0,0,0.96875,0.16129032258064516,0.06451612903225806,0.06451612903225806,-2.188658085176767,0.0967741935483871
504,0,casia:256,1,1,0.03125,0.25806451612903225,0.3870967741935484,0.3870967741935484,-1.3291686789491577,0.2903225806451613
505,0,casia:051,0,0,1.0,1.0,0.22580645161290322,0.22580645161290322,-1.5709894195150802,0.25806451612903225
506,0,casia:289,1,1,0.21875,0.5483870967741935,1.0,1.0,0.3044229383397323,0.6451612903225806
507,0,casia:449,1,1,0.4375,0.4838709677419355,0.6451612903225806,0.6451612903225806,0.3044229383397323,0.6451612903225806
508,0,casia:483,1,1,0.03125,0.22580645161290322,0.22580645161290322,0.12903225806451613,-1.4776770077936023,0.25806451612903225
509,0,casia:488,1,1,0.46875,0.3548387096774194,0.45161290322580644,0.45161290322580644,-0.1411020481936015,0.5483870967741935
510,0,casia:260,1,1,0.03125,0.06451612903225806,0.06451612903225806,0.06451612903225806,-2.220218652015825,0.0967741935483871
511,0,casia:460,1,1,0.78125,0.2903225806451613,0.8387096774193549,0.8387096774193549,0.4529312671841767,0.6774193548387096
