sample_index,membership_label,user_id,true_label,base_prediction,label_stability_score,sampling_attack_score,transfer_attack_score,boundary_attack_score,dhattack_style_score,dhattack_style_raw_score
0,1,train:3539,0,0,0.8125,0.967741935483871,1.0,0.6451612903225806,0.4441821264037676,0.45161290322580644
1,1,train:5167,0,1,1.0,1.0,0.4838709677419355,0.4838709677419355,0.36896351627691365,0.6129032258064516
2,1,train:5282,0,0,0.625,0.25806451612903225,0.5161290322580645,0.5161290322580645,-0.13487300375022768,0.3548387096774194
3,1,train:4915,1,1,1.0,1.0,0.41935483870967744,0.41935483870967744,0.36896351627691365,0.6129032258064516
4,1,train:5300,1,1,1.0,1.0,0.22580645161290322,0.3225806451612903,0.2502888681192974,0.5806451612903226
5,1,train:4929,1,1,0.8125,1.0,0.7741935483870968,0.7741935483870968,-0.34308437266878433,0.41935483870967744
6,1,train:308,1,0,0.9375,1.0,0.2903225806451613,0.2903225806451613,-1.2929832640582186,0.16129032258064516
7,1,train:2437,1,1,1.0,1.0,0.41935483870967744,0.41935483870967744,0.843662108907379,0.7419354838709677
8,1,train:909,1,1,1.0,1.0,0.16129032258064516,0.16129032258064516,-0.2244097245111681,0.45161290322580644
9,1,train:1727,1,0,0.3125,0.25806451612903225,0.6774193548387096,0.6774193548387096,-1.486001640776217,0.12903225806451613
10,1,train:1660,1,1,1.0,1.0,0.6129032258064516,0.6129032258064516,-0.580433668984017,0.3548387096774194
11,1,train:10072,1,0,0.84375,1.0,0.967741935483871,0.967741935483871,0.4441821264037676,0.45161290322580644
12,1,train:9104,0,0,1.0,1.0,0.45161290322580644,0.45161290322580644,0.8302188798397645,0.5161290322580645
13,1,train:5282,0,0,1.0,1.0,0.41935483870967744,0.41935483870967744,0.4441821264037676,0.45161290322580644
14,1,train:5877,1,0,0.4375,0.45161290322580644,0.4838709677419355,0.4838709677419355,0.4441821264037676,0.45161290322580644
15,1,train:8857,0,0,1.0,1.0,1.0,0.6774193548387096,1.0232372565577628,0.5483870967741935
16,1,train:5193,1,1,1.0,1.0,0.4838709677419355,1.0,-0.2244097245111681,0.45161290322580644
17,1,train:2706,0,0,1.0,1.0,0.41935483870967744,0.41935483870967744,0.4441821264037676,0.45161290322580644
18,1,train:1780,1,1,0.84375,1.0,0.5483870967741935,0.2903225806451613,-0.2244097245111681,0.45161290322580644
19,1,train:8762,1,1,1.0,1.0,0.8709677419354839,0.8709677419354839,1.3183607015378442,0.8709677419354839
20,1,train:2344,1,1,0.71875,0.5806451612903226,0.25806451612903225,0.6129032258064516,0.13161421996168077,0.5483870967741935
21,1,train:17,0,0,0.96875,1.0,0.6451612903225806,0.6451612903225806,1.6022923867117584,0.6451612903225806
22,1,train:7612,1,1,0.75,0.25806451612903225,0.3225806451612903,0.4838709677419355,0.7249874607497627,0.7096774193548387
23,1,train:709,1,1,1.0,1.0,0.5483870967741935,0.12903225806451613,1.7930592941683097,1.0
24,1,train:2225,0,1,0.9375,1.0,0.06451612903225806,0.3225806451612903,0.6063128125921461,0.6774193548387096
25,1,train:9397,0,0,0.75,0.2903225806451613,1.0,0.3225806451612903,-0.5209097571862247,0.2903225806451613
26,1,train:3706,0,0,1.0,1.0,0.8064516129032258,0.8064516129032258,1.0232372565577628,0.5483870967741935
27,1,train:5430,1,1,0.9375,1.0,0.7741935483870968,0.7741935483870968,-0.2244097245111681,0.45161290322580644
28,1,train:5555,1,1,1.0,1.0,0.41935483870967744,0.41935483870967744,1.7930592941683097,1.0
29,1,train:6476,0,0,1.0,1.0,0.6774193548387096,0.6774193548387096,-0.13487300375022768,0.3548387096774194
30,1,train:3562,1,1,0.59375,0.5161290322580645,0.2903225806451613,0.2903225806451613,-1.2924815579297153,0.16129032258064516
31,1,train:3230,0,0,0.1875,0.25806451612903225,0.22580645161290322,0.22580645161290322,-0.5209097571862247,0.2903225806451613
32,1,train:2494,0,0,0.125,0.6451612903225806,1.0,0.5161290322580645,-1.0999648873402201,0.1935483870967742
33,1,train:4944,0,0,0.65625,0.25806451612903225,0.7096774193548387,0.7096774193548387,0.8302188798397645,0.5161290322580645
34,1,train:532,1,1,1.0,1.0,0.967741935483871,0.967741935483871,-0.4617590208264008,0.3870967741935484
35,1,train:5537,1,1,0.5625,0.25806451612903225,0.06451612903225806,0.06451612903225806,-1.1738069097720987,0.1935483870967742
36,1,train:1660,1,1,1.0,1.0,0.4838709677419355,1.0,0.843662108907379,0.7419354838709677
37,1,train:525,1,1,1.0,1.0,0.45161290322580644,0.45161290322580644,1.0810114052226114,0.8064516129032258
38,1,train:5430,0,0,0.96875,1.0,0.3225806451612903,0.3225806451612903,0.25116374968576927,0.41935483870967744
39,1,train:3706,1,1,0.96875,1.0,0.6774193548387096,0.6774193548387096,0.9623367570649952,0.7741935483870968
40,1,train:1780,1,0,0.15625,0.3225806451612903,0.12903225806451613,0.12903225806451613,-1.872038394212214,0.06451612903225806
41,1,train:4305,1,1,0.875,0.2903225806451613,0.7741935483870968,1.0,-0.10573507635355169,0.4838709677419355
42,1,train:418,0,0,0.1875,0.2903225806451613,0.22580645161290322,0.22580645161290322,0.4441821264037676,0.45161290322580644
43,1,train:5574,1,1,0.96875,0.45161290322580644,0.3548387096774194,0.3548387096774194,-1.1738069097720987,0.1935483870967742
44,1,train:8857,1,1,1.0,1.0,0.7096774193548387,0.7096774193548387,-0.10573507635355169,0.4838709677419355
45,1,train:9017,0,0,0.875,1.0,0.967741935483871,0.967741935483871,0.6372005031217662,0.4838709677419355
46,1,train:2970,0,0,0.21875,0.2903225806451613,0.6129032258064516,0.6129032258064516,-0.7139281339042233,0.25806451612903225
47,1,train:5193,0,0,0.65625,0.9032258064516129,0.5161290322580645,0.5161290322580645,0.6372005031217662,0.4838709677419355
48,1,train:9017,0,0,0.90625,1.0,0.6774193548387096,0.6774193548387096,1.6022923867117584,0.6451612903225806
49,1,train:3089,1,1,0.65625,0.8709677419354839,0.03225806451612903,0.0967741935483871,-1.648505502402564,0.06451612903225806
50,1,train:5815,0,0,0.90625,1.0,0.8709677419354839,0.8709677419354839,0.058145372967770635,0.3870967741935484
51,1,train:6415,1,1,1.0,1.0,0.45161290322580644,0.3870967741935484,-0.2244097245111681,0.45161290322580644
52,1,train:359,1,1,1.0,0.967741935483871,0.2903225806451613,0.1935483870967742,-1.648505502402564,0.06451612903225806
53,1,train:648,0,0,1.0,1.0,1.0,0.4838709677419355,0.8302188798397645,0.5161290322580645
54,1,train:10072,0,1,0.46875,0.25806451612903225,0.0967741935483871,0.06451612903225806,-1.5298308542449477,0.0967741935483871
55,1,train:4514,0,0,0.9375,1.0,0.6774193548387096,0.6774193548387096,-0.5209097571862247,0.2903225806451613
56,1,train:7448,0,0,1.0,1.0,1.0,0.8709677419354839,1.7953107634297567,0.6774193548387096
57,1,test:2463,1,0,0.78125,0.967741935483871,1.0,0.8387096774193549,1.7953107634297567,0.6774193548387096
58,1,train:4691,1,1,0.96875,0.3548387096774194,0.0967741935483871,0.12903225806451613,-1.1738069097720987,0.1935483870967742
59,1,train:418,0,0,0.71875,0.5483870967741935,0.3225806451612903,0.3548387096774194,-0.7139281339042233,0.25806451612903225
60,1,train:5877,1,0,0.90625,0.6774193548387096,1.0,0.6774193548387096,-0.13487300375022768,0.3548387096774194
61,1,train:5193,1,1,1.0,1.0,0.25806451612903225,0.1935483870967742,-1.648505502402564,0.06451612903225806
62,1,train:5282,0,1,0.96875,0.06451612903225806,0.4838709677419355,0.4838709677419355,-1.4111562060873315,0.12903225806451613
63,1,train:5227,1,1,0.90625,0.7741935483870968,0.3870967741935484,0.3870967741935484,0.36896351627691365,0.6129032258064516
64,1,train:1615,1,1,1.0,1.0,0.4838709677419355,0.7419354838709677,1.7930592941683097,1.0
65,1,train:5833,0,0,0.46875,0.3225806451612903,0.5483870967741935,0.5483870967741935,-0.13487300375022768,0.3548387096774194
66,1,train:8451,1,1,0.8125,0.8709677419354839,0.22580645161290322,0.5806451612903226,-1.4111562060873315,0.12903225806451613
67,1,train:4929,1,1,1.0,1.0,0.3225806451612903,0.3225806451612903,-0.10573507635355169,0.4838709677419355
68,1,train:2225,1,0,0.34375,0.3870967741935484,0.4838709677419355,0.5806451612903226,-1.6790200174942154,0.0967741935483871
69,1,train:5300,1,1,0.96875,1.0,0.22580645161290322,0.22580645161290322,0.6063128125921461,0.6774193548387096
70,1,test:2463,1,1,0.8125,0.25806451612903225,1.0,0.3548387096774194,-0.6991083171416335,0.3225806451612903
71,1,test:8237,1,0,0.09375,0.25806451612903225,0.5161290322580645,0.5161290322580645,-1.0999648873402201,0.1935483870967742
72,1,train:1788,0,1,0.65625,0.6451612903225806,0.41935483870967744,0.41935483870967744,-0.580433668984017,0.3548387096774194
73,1,train:9037,1,1,1.0,1.0,0.7741935483870968,0.5806451612903226,0.36896351627691365,0.6129032258064516
74,1,train:5765,1,1,0.9375,1.0,0.6774193548387096,0.6774193548387096,0.13161421996168077,0.5483870967741935
75,1,train:4305,0,0,0.6875,0.3225806451612903,1.0,0.5806451612903226,1.6022923867117584,0.6451612903225806
76,1,train:5300,1,1,1.0,1.0,0.4838709677419355,0.4838709677419355,-1.1738069097720987,0.1935483870967742
77,1,train:2344,1,1,1.0,1.0,0.22580645161290322,0.22580645161290322,-0.10573507635355169,0.4838709677419355
78,1,train:3637,0,0,0.03125,0.1935483870967742,0.4838709677419355,0.4838709677419355,0.6372005031217662,0.4838709677419355
79,1,test:2463,0,0,0.40625,0.4838709677419355,0.3870967741935484,0.3870967741935484,-1.486001640776217,0.12903225806451613
80,1,train:5227,0,0,0.375,0.3548387096774194,0.3548387096774194,0.3548387096774194,0.058145372967770635,0.3870967741935484
81,1,train:5300,1,1,0.9375,0.7096774193548387,0.22580645161290322,0.8064516129032258,0.2502888681192974,0.5806451612903226
82,1,train:9483,0,0,0.9375,0.9032258064516129,0.3870967741935484,0.3870967741935484,-0.5209097571862247,0.2903225806451613
83,1,train:308,1,1,1.0,1.0,1.0,0.9354838709677419,1.4370353496954607,0.9032258064516129
84,1,train:4514,0,0,0.125,0.25806451612903225,0.0967741935483871,0.0967741935483871,-1.0999648873402201,0.1935483870967742
85,1,train:8462,0,0,0.28125,0.25806451612903225,1.0,0.2903225806451613,-0.9069465106222218,0.22580645161290322
86,1,train:5765,0,0,1.0,0.9354838709677419,0.5161290322580645,0.5161290322580645,-0.9069465106222218,0.22580645161290322
87,1,train:525,1,1,1.0,1.0,0.3548387096774194,0.3548387096774194,0.13161421996168077,0.5483870967741935
88,1,train:8576,1,1,1.0,1.0,0.45161290322580644,0.45161290322580644,0.843662108907379,0.7419354838709677
89,1,train:5833,1,1,1.0,1.0,0.45161290322580644,1.0,-0.10573507635355169,0.4838709677419355
90,1,train:3706,1,1,1.0,1.0,0.6129032258064516,0.45161290322580644,0.7249874607497627,0.7096774193548387
91,1,train:1866,1,1,1.0,0.9032258064516129,0.6451612903225806,0.6451612903225806,-0.10573507635355169,0.4838709677419355
92,1,train:1479,1,1,1.0,1.0,0.7741935483870968,0.7741935483870968,0.843662108907379,0.7419354838709677
93,1,train:1266,1,1,1.0,0.3225806451612903,0.45161290322580644,0.45161290322580644,0.4876381644345299,0.6451612903225806
94,1,train:1884,1,1,0.75,0.25806451612903225,0.0967741935483871,0.0967741935483871,-0.34308437266878433,0.41935483870967744
95,1,train:5877,1,1,1.0,1.0,0.5161290322580645,0.8709677419354839,1.7930592941683097,1.0
96,1,train:1780,1,1,1.0,1.0,0.9032258064516129,0.41935483870967744,0.13161421996168077,0.5483870967741935
97,1,train:7860,1,1,1.0,1.0,0.6774193548387096,0.6774193548387096,-0.10573507635355169,0.4838709677419355
98,1,train:2814,1,1,0.28125,0.3870967741935484,0.6451612903225806,0.6451612903225806,-0.8177829652992497,0.2903225806451613
99,1,train:999,0,0,0.03125,0.22580645161290322,0.0967741935483871,0.0967741935483871,-1.6790200174942154,0.0967741935483871
100,1,train:5574,1,1,1.0,1.0,0.22580645161290322,0.22580645161290322,-0.34308437266878433,0.41935483870967744
101,1,train:868,1,1,1.0,1.0,0.3225806451612903,0.3225806451612903,0.2502888681192974,0.5806451612903226
102,1,train:7860,0,0,0.28125,0.4838709677419355,0.8064516129032258,0.8064516129032258,0.058145372967770635,0.3870967741935484
103,1,train:6673,0,0,1.0,1.0,0.8387096774193549,0.8387096774193549,1.216255633275762,0.5806451612903226
104,1,train:909,1,1,1.0,1.0,0.5483870967741935,0.3548387096774194,1.199686053380228,0.8387096774193549
105,1,train:4514,0,0,0.75,0.7419354838709677,0.25806451612903225,0.25806451612903225,-1.2929832640582186,0.16129032258064516
106,1,train:7877,1,1,1.0,1.0,1.0,0.7419354838709677,1.7930592941683097,1.0
107,1,train:708,1,1,0.96875,0.3225806451612903,0.12903225806451613,0.0967741935483871,-1.0551322616144823,0.22580645161290322
108,1,train:7938,1,1,1.0,1.0,0.7741935483870968,0.7741935483870968,0.6063128125921461,0.6774193548387096
109,1,train:8756,1,1,1.0,1.0,0.6451612903225806,0.6451612903225806,0.7249874607497627,0.7096774193548387
110,1,train:17,0,0,1.0,1.0,1.0,0.5483870967741935,0.25116374968576927,0.41935483870967744
111,1,train:2814,0,1,1.0,1.0,0.5161290322580645,0.5161290322580645,0.4876381644345299,0.6451612903225806
112,1,train:5537,0,0,0.125,0.2903225806451613,0.7419354838709677,0.7419354838709677,1.6022923867117584,0.6451612903225806
113,1,train:6476,0,1,0.9375,1.0,0.0967741935483871,0.5806451612903226,-1.648505502402564,0.06451612903225806
114,1,train:1884,1,1,1.0,1.0,0.5806451612903226,0.4838709677419355,1.7930592941683097,1.0
115,1,train:7877,0,0,0.1875,0.25806451612903225,0.3225806451612903,0.3225806451612903,-1.486001640776217,0.12903225806451613
116,1,train:5555,0,0,0.75,0.6774193548387096,0.0967741935483871,0.0967741935483871,-1.6790200174942154,0.0967741935483871
117,1,train:6415,1,1,0.96875,1.0,0.9354838709677419,0.6129032258064516,-0.10573507635355169,0.4838709677419355
118,1,train:4305,1,1,0.5625,0.25806451612903225,0.06451612903225806,0.06451612903225806,-1.0551322616144823,0.22580645161290322
119,1,train:4514,0,1,1.0,1.0,0.5483870967741935,0.5483870967741935,0.4876381644345299,0.6451612903225806
120,1,train:8576,1,1,1.0,1.0,0.41935483870967744,0.41935483870967744,-0.4617590208264008,0.3870967741935484
121,1,train:6569,0,0,0.6875,0.6129032258064516,1.0,0.5483870967741935,-0.3278913804682263,0.3225806451612903
122,1,train:5035,0,1,1.0,1.0,0.5806451612903226,0.7419354838709677,1.3183607015378442,0.8709677419354839
123,1,train:3562,1,1,1.0,1.0,0.7741935483870968,0.7741935483870968,0.9623367570649952,0.7741935483870968
124,1,train:532,1,1,1.0,1.0,0.5161290322580645,0.5161290322580645,0.13161421996168077,0.5483870967741935
125,1,train:328,1,0,0.1875,0.2903225806451613,0.9032258064516129,0.9032258064516129,0.25116374968576927,0.41935483870967744
126,1,train:7480,0,1,0.5,0.5483870967741935,0.7096774193548387,0.7096774193548387,-0.10573507635355169,0.4838709677419355
127,1,train:6415,0,0,0.5625,0.8709677419354839,0.6129032258064516,0.6129032258064516,0.058145372967770635,0.3870967741935484
128,1,train:868,1,1,0.96875,1.0,0.41935483870967744,0.3870967741935484,-0.2244097245111681,0.45161290322580644
129,1,train:1660,1,1,1.0,1.0,0.45161290322580644,0.45161290322580644,-0.2244097245111681,0.45161290322580644
130,1,train:1884,1,1,1.0,1.0,0.6129032258064516,0.6129032258064516,0.843662108907379,0.7419354838709677
131,1,train:7510,0,1,0.96875,0.03225806451612903,0.03225806451612903,0.03225806451612903,-1.7671801505601805,0.03225806451612903
132,1,train:8487,0,0,0.96875,1.0,1.0,1.0,0.4441821264037676,0.45161290322580644
133,1,train:9994,0,0,0.71875,0.7096774193548387,0.12903225806451613,0.5806451612903226,-0.9069465106222218,0.22580645161290322
134,1,train:1609,0,1,1.0,1.0,0.9354838709677419,0.9354838709677419,0.6063128125921461,0.6774193548387096
135,1,train:359,0,0,0.71875,0.3225806451612903,0.3870967741935484,0.3870967741935484,-0.13487300375022768,0.3548387096774194
136,1,train:4916,1,1,1.0,1.0,0.6451612903225806,0.6451612903225806,0.13161421996168077,0.5483870967741935
137,1,train:3089,1,1,1.0,1.0,0.8064516129032258,0.6774193548387096,1.7930592941683097,1.0
138,1,train:1033,0,0,0.9375,0.45161290322580644,0.7419354838709677,0.7419354838709677,1.216255633275762,0.5806451612903226
139,1,train:2814,0,0,0.96875,1.0,0.9032258064516129,0.9032258064516129,0.8302188798397645,0.5161290322580645
140,1,train:5809,1,1,1.0,1.0,0.7419354838709677,0.6129032258064516,-0.2244097245111681,0.45161290322580644
141,1,train:3706,0,0,1.0,1.0,0.8064516129032258,0.8387096774193549,-0.3278913804682263,0.3225806451612903
142,1,train:7170,1,0,0.53125,0.2903225806451613,0.7096774193548387,0.7096774193548387,-1.2929832640582186,0.16129032258064516
143,1,train:648,0,0,0.96875,1.0,0.4838709677419355,0.4838709677419355,-0.13487300375022768,0.3548387096774194
144,1,train:7938,1,1,1.0,1.0,0.6774193548387096,0.6774193548387096,1.7930592941683097,1.0
145,1,train:8116,0,0,0.21875,0.3548387096774194,0.0967741935483871,0.0967741935483871,-1.486001640776217,0.12903225806451613
146,1,train:4514,0,0,0.65625,0.2903225806451613,0.16129032258064516,0.16129032258064516,-1.0999648873402201,0.1935483870967742
147,1,train:6438,1,1,0.9375,0.9032258064516129,0.7096774193548387,0.7096774193548387,0.7249874607497627,0.7096774193548387
148,1,train:7938,1,1,1.0,1.0,0.2903225806451613,0.2903225806451613,1.3183607015378442,0.8709677419354839
149,1,train:5877,1,1,1.0,1.0,0.0967741935483871,0.1935483870967742,-1.1738069097720987,0.1935483870967742
150,1,train:5555,0,0,1.0,1.0,0.6774193548387096,0.6774193548387096,1.7953107634297567,0.6774193548387096
151,1,train:6415,0,0,0.8125,0.8064516129032258,0.9032258064516129,0.9032258064516129,1.6022923867117584,0.6451612903225806
152,1,train:8359,1,0,0.59375,0.25806451612903225,0.5806451612903226,0.5806451612903226,0.4441821264037676,0.45161290322580644
153,1,train:5409,0,1,0.9375,0.7741935483870968,0.12903225806451613,0.12903225806451613,-0.2244097245111681,0.45161290322580644
154,1,train:5366,1,1,1.0,1.0,0.41935483870967744,0.41935483870967744,1.4370353496954607,0.9032258064516129
155,1,train:5574,0,0,0.46875,0.6129032258064516,0.7096774193548387,0.7096774193548387,1.6022923867117584,0.6451612903225806
156,1,train:5282,1,1,1.0,1.0,0.6451612903225806,0.6451612903225806,0.2502888681192974,0.5806451612903226
157,1,train:6569,0,0,1.0,1.0,0.7419354838709677,0.7419354838709677,0.058145372967770635,0.3870967741935484
158,1,train:5864,0,0,0.5625,0.9032258064516129,1.0,0.7419354838709677,0.6372005031217662,0.4838709677419355
159,1,train:4514,0,0,1.0,1.0,0.41935483870967744,0.41935483870967744,0.058145372967770635,0.3870967741935484
160,1,train:6673,1,1,1.0,0.22580645161290322,0.25806451612903225,0.25806451612903225,-1.0551322616144823,0.22580645161290322
161,1,train:1884,1,0,0.84375,0.9354838709677419,0.8709677419354839,0.8709677419354839,-0.5209097571862247,0.2903225806451613
162,1,train:8451,1,1,0.96875,0.2903225806451613,0.3870967741935484,0.3870967741935484,1.0810114052226114,0.8064516129032258
163,1,train:6438,1,1,0.71875,0.5161290322580645,0.6129032258064516,0.6129032258064516,-1.2924815579297153,0.16129032258064516
164,1,train:6415,0,0,1.0,1.0,0.6774193548387096,0.6774193548387096,1.0232372565577628,0.5483870967741935
165,1,train:4334,0,0,0.4375,0.12903225806451613,0.16129032258064516,0.16129032258064516,-1.0999648873402201,0.1935483870967742
166,1,test:5699,1,1,1.0,1.0,0.41935483870967744,0.25806451612903225,-0.34308437266878433,0.41935483870967744
167,1,train:6438,1,1,1.0,1.0,0.3225806451612903,0.967741935483871,-0.6991083171416335,0.3225806451612903
168,1,train:6845,0,0,0.09375,0.25806451612903225,1.0,0.3225806451612903,-1.2929832640582186,0.16129032258064516
169,1,train:9483,0,0,0.96875,0.4838709677419355,0.6129032258064516,0.6129032258064516,0.8302188798397645,0.5161290322580645
170,1,train:3230,1,0,1.0,0.41935483870967744,0.3870967741935484,0.25806451612903225,0.4441821264037676,0.45161290322580644
171,1,train:5765,1,1,1.0,1.0,0.3548387096774194,0.3548387096774194,-0.8177829652992497,0.2903225806451613
172,1,train:5364,1,1,0.9375,0.12903225806451613,0.06451612903225806,0.06451612903225806,-1.7671801505601805,0.03225806451612903
173,1,test:9441,1,1,0.59375,0.5806451612903226,0.5806451612903226,0.5806451612903226,-1.2924815579297153,0.16129032258064516
174,1,train:5300,1,1,1.0,0.1935483870967742,0.06451612903225806,0.0967741935483871,-1.5298308542449477,0.0967741935483871
175,1,train:8857,0,0,0.78125,1.0,0.8709677419354839,0.8709677419354839,0.25116374968576927,0.41935483870967744
176,1,train:2544,1,1,0.875,0.9354838709677419,0.8387096774193549,0.41935483870967744,-1.4111562060873315,0.12903225806451613
177,1,train:909,1,1,1.0,1.0,0.5483870967741935,0.5483870967741935,0.843662108907379,0.7419354838709677
178,1,train:6569,0,0,0.90625,0.4838709677419355,0.8387096774193549,0.8387096774193549,0.25116374968576927,0.41935483870967744
179,1,train:4915,0,1,0.875,0.22580645161290322,0.2903225806451613,0.2903225806451613,-1.7671801505601805,0.03225806451612903
180,1,test:9441,0,0,0.5,0.3548387096774194,0.16129032258064516,0.16129032258064516,-1.486001640776217,0.12903225806451613
181,1,train:5877,1,0,0.53125,0.7419354838709677,0.5161290322580645,0.5161290322580645,1.216255633275762,0.5806451612903226
182,1,train:5167,0,1,0.3125,0.3870967741935484,0.0967741935483871,0.0967741935483871,-1.648505502402564,0.06451612903225806
183,1,train:262,1,1,1.0,1.0,0.22580645161290322,0.1935483870967742,-1.4111562060873315,0.12903225806451613
184,1,test:6949,0,0,0.1875,0.25806451612903225,0.6774193548387096,0.6774193548387096,0.25116374968576927,0.41935483870967744
185,1,train:1727,1,1,0.96875,0.7741935483870968,0.7741935483870968,0.41935483870967744,-0.4617590208264008,0.3870967741935484
186,1,train:4334,0,0,0.59375,0.8387096774193549,1.0,0.9032258064516129,-0.13487300375022768,0.3548387096774194
187,1,train:648,0,0,1.0,1.0,0.7096774193548387,0.7096774193548387,1.6022923867117584,0.6451612903225806
188,1,train:7448,0,0,0.78125,0.6774193548387096,1.0,0.7741935483870968,1.9883291401477556,0.7096774193548387
189,1,train:2272,1,1,0.71875,0.2903225806451613,0.2903225806451613,0.2903225806451613,-0.34308437266878433,0.41935483870967744
190,1,train:5364,1,1,1.0,1.0,0.7419354838709677,0.7419354838709677,1.5557099978530768,0.9354838709677419
191,1,train:3706,0,0,0.875,1.0,0.7741935483870968,0.8709677419354839,-0.13487300375022768,0.3548387096774194
192,1,train:3562,1,1,0.96875,0.41935483870967744,0.16129032258064516,0.12903225806451613,0.2502888681192974,0.5806451612903226
193,1,train:5035,0,0,0.59375,0.3225806451612903,0.6774193548387096,0.6774193548387096,-0.3278913804682263,0.3225806451612903
194,1,train:709,1,1,1.0,1.0,0.6774193548387096,0.6774193548387096,1.4370353496954607,0.9032258064516129
195,1,train:6476,1,1,1.0,1.0,0.7741935483870968,0.7741935483870968,0.7249874607497627,0.7096774193548387
196,1,train:2544,0,0,0.9375,1.0,0.5161290322580645,0.5161290322580645,0.6372005031217662,0.4838709677419355
197,1,train:9483,1,1,1.0,1.0,0.8709677419354839,0.6774193548387096,0.36896351627691365,0.6129032258064516
198,1,train:5877,0,0,0.9375,0.967741935483871,0.6774193548387096,0.6451612903225806,0.8302188798397645,0.5161290322580645
199,1,train:5193,1,1,0.875,0.4838709677419355,0.25806451612903225,0.2903225806451613,0.4876381644345299,0.6451612903225806
200,1,train:3706,0,1,0.6875,0.3870967741935484,0.8709677419354839,0.8709677419354839,-1.648505502402564,0.06451612903225806
201,1,train:8718,1,1,1.0,1.0,0.5161290322580645,0.5161290322580645,-0.2244097245111681,0.45161290322580644
202,1,train:868,1,1,0.78125,0.45161290322580644,0.22580645161290322,0.22580645161290322,-1.0551322616144823,0.22580645161290322
203,1,test:6949,0,1,0.90625,0.8387096774193549,0.3225806451612903,0.8387096774193549,1.0810114052226114,0.8064516129032258
204,1,train:5537,0,0,0.09375,0.3225806451612903,0.7096774193548387,0.7096774193548387,-1.872038394212214,0.06451612903225806
205,1,test:6949,0,0,0.59375,0.2903225806451613,0.1935483870967742,0.1935483870967742,-0.7139281339042233,0.25806451612903225
206,1,train:359,0,0,0.0625,0.3225806451612903,0.06451612903225806,0.06451612903225806,-2.065056770930213,0.03225806451612903
207,1,train:525,0,0,1.0,1.0,0.8064516129032258,0.8064516129032258,1.7953107634297567,0.6774193548387096
208,1,train:5555,0,0,1.0,1.0,0.6451612903225806,0.6451612903225806,0.8302188798397645,0.5161290322580645
209,1,train:8116,1,1,1.0,1.0,0.2903225806451613,0.2903225806451613,-0.34308437266878433,0.41935483870967744
210,1,train:359,0,1,0.34375,0.0967741935483871,1.0,0.0967741935483871,-1.7671801505601805,0.03225806451612903
211,1,train:9017,0,0,1.0,1.0,0.6129032258064516,0.6129032258064516,1.7953107634297567,0.6774193548387096
212,1,train:359,1,1,1.0,1.0,0.7419354838709677,0.8709677419354839,1.199686053380228,0.8387096774193549
213,1,train:7860,0,0,0.125,0.25806451612903225,0.16129032258064516,0.16129032258064516,-0.9069465106222218,0.22580645161290322
214,1,train:7510,0,1,1.0,1.0,0.41935483870967744,0.41935483870967744,-0.8177829652992497,0.2903225806451613
215,1,test:2775,1,1,1.0,1.0,0.9032258064516129,0.9032258064516129,-0.34308437266878433,0.41935483870967744
216,1,train:7448,0,0,0.84375,0.7096774193548387,0.7419354838709677,0.7419354838709677,1.9883291401477556,0.7096774193548387
217,1,train:8337,1,0,0.40625,0.8387096774193549,1.0,0.5806451612903226,1.216255633275762,0.5806451612903226
218,1,train:525,0,0,1.0,1.0,1.0,0.7096774193548387,0.8302188798397645,0.5161290322580645
219,1,train:1492,1,1,0.625,0.2903225806451613,0.16129032258064516,0.16129032258064516,-1.7671801505601805,0.03225806451612903
220,1,train:3570,1,0,1.0,1.0,0.3870967741935484,0.3870967741935484,1.9883291401477556,0.7096774193548387
221,1,train:5815,1,1,1.0,1.0,0.7096774193548387,0.7096774193548387,0.7249874607497627,0.7096774193548387
222,1,train:1479,0,0,1.0,1.0,0.5161290322580645,0.5806451612903226,0.6372005031217662,0.4838709677419355
223,1,train:9366,1,1,1.0,1.0,0.0967741935483871,0.0967741935483871,-1.0551322616144823,0.22580645161290322
224,1,train:1727,0,0,0.6875,0.3225806451612903,0.8064516129032258,0.12903225806451613,-1.0999648873402201,0.1935483870967742
225,1,train:8105,0,0,0.96875,1.0,0.8709677419354839,0.41935483870967744,-0.7139281339042233,0.25806451612903225
226,1,train:1727,0,1,1.0,1.0,0.1935483870967742,0.1935483870967742,1.4370353496954607,0.9032258064516129
227,1,test:5610,0,0,0.375,0.3870967741935484,0.0967741935483871,0.0967741935483871,-1.872038394212214,0.06451612903225806
228,1,train:5534,1,1,1.0,1.0,0.7741935483870968,0.7741935483870968,-0.34308437266878433,0.41935483870967744
229,1,train:10072,0,0,0.28125,0.3225806451612903,0.3225806451612903,0.3225806451612903,-1.0999648873402201,0.1935483870967742
230,1,train:5035,0,0,0.15625,0.41935483870967744,0.16129032258064516,0.16129032258064516,-0.9069465106222218,0.22580645161290322
231,1,test:2463,0,0,0.5,0.2903225806451613,0.03225806451612903,0.03225806451612903,-1.486001640776217,0.12903225806451613
232,1,train:8488,0,0,1.0,1.0,0.8387096774193549,0.8387096774193549,1.0232372565577628,0.5483870967741935
233,1,train:5456,1,1,1.0,1.0,0.6451612903225806,1.0,0.13161421996168077,0.5483870967741935
234,1,train:2809,1,1,1.0,1.0,0.5483870967741935,0.5483870967741935,-0.580433668984017,0.3548387096774194
235,1,train:1884,0,0,0.96875,0.6451612903225806,0.4838709677419355,0.4838709677419355,0.25116374968576927,0.41935483870967744
236,1,train:4305,0,1,0.90625,0.1935483870967742,0.06451612903225806,0.06451612903225806,-1.1738069097720987,0.1935483870967742
237,1,train:1609,1,1,1.0,1.0,0.7419354838709677,0.7419354838709677,-0.2244097245111681,0.45161290322580644
238,1,train:7170,1,1,1.0,1.0,0.3548387096774194,0.3548387096774194,1.4370353496954607,0.9032258064516129
239,1,test:9441,1,1,1.0,1.0,0.6129032258064516,0.6129032258064516,0.6063128125921461,0.6774193548387096
240,1,test:5427,1,1,0.3125,0.5161290322580645,0.2903225806451613,0.9032258064516129,-0.34308437266878433,0.41935483870967744
241,1,test:2775,0,0,0.0625,0.41935483870967744,0.6129032258064516,0.6129032258064516,-0.3278913804682263,0.3225806451612903
242,1,train:5809,1,1,0.875,0.9354838709677419,0.2903225806451613,0.45161290322580644,-0.34308437266878433,0.41935483870967744
243,1,train:7938,1,0,0.90625,1.0,0.3548387096774194,0.3548387096774194,1.0232372565577628,0.5483870967741935
244,1,train:6476,1,1,0.96875,1.0,0.2903225806451613,0.2903225806451613,-1.1738069097720987,0.1935483870967742
245,1,train:5809,0,0,1.0,1.0,0.8387096774193549,0.8387096774193549,1.4092740099937602,0.6129032258064516
246,1,train:1780,1,1,1.0,1.0,0.5806451612903226,0.5806451612903226,-0.10573507635355169,0.4838709677419355
247,1,test:5069,1,1,0.96875,0.2903225806451613,0.6451612903225806,0.7096774193548387,0.13161421996168077,0.5483870967741935
248,1,train:8718,0,0,0.78125,1.0,0.5483870967741935,0.5483870967741935,-0.3278913804682263,0.3225806451612903
249,1,train:8857,0,0,0.96875,1.0,0.8064516129032258,0.8064516129032258,-0.13487300375022768,0.3548387096774194
250,1,train:648,0,0,1.0,1.0,0.7741935483870968,0.7741935483870968,0.4441821264037676,0.45161290322580644
251,1,train:3539,0,0,0.375,0.2903225806451613,0.7419354838709677,0.7419354838709677,-1.0999648873402201,0.1935483870967742
252,1,train:9483,1,1,1.0,1.0,0.4838709677419355,0.4838709677419355,0.2502888681192974,0.5806451612903226
253,1,train:4944,1,1,1.0,0.41935483870967744,0.2903225806451613,0.2903225806451613,-0.6991083171416335,0.3225806451612903
254,1,train:2706,0,0,0.46875,0.6451612903225806,0.6129032258064516,0.5806451612903226,-1.2929832640582186,0.16129032258064516
255,1,train:2437,1,1,1.0,1.0,0.8709677419354839,0.8709677419354839,0.36896351627691365,0.6129032258064516
256,1,train:5300,0,0,1.0,1.0,1.0,1.0,0.058145372967770635,0.3870967741935484
257,1,train:5537,0,0,0.0625,0.2903225806451613,0.7741935483870968,0.7741935483870968,0.4441821264037676,0.45161290322580644
258,1,train:7170,0,0,1.0,1.0,0.8387096774193549,0.8387096774193549,1.216255633275762,0.5806451612903226
259,1,train:7938,0,1,1.0,1.0,0.25806451612903225,0.25806451612903225,-0.4617590208264008,0.3870967741935484
260,1,train:3539,1,1,1.0,1.0,0.6451612903225806,0.6451612903225806,0.36896351627691365,0.6129032258064516
261,1,train:1727,1,1,1.0,1.0,0.3225806451612903,1.0,0.01293957180406455,0.5161290322580645
262,1,train:1660,1,1,1.0,1.0,0.7096774193548387,0.7096774193548387,-0.4617590208264008,0.3870967741935484
263,1,train:5809,0,0,0.5,0.5806451612903226,0.3870967741935484,0.3870967741935484,-0.13487300375022768,0.3548387096774194
264,1,train:532,0,1,0.8125,0.3225806451612903,0.7096774193548387,0.7096774193548387,-1.5298308542449477,0.0967741935483871
265,1,train:709,1,1,1.0,1.0,0.06451612903225806,0.06451612903225806,-0.34308437266878433,0.41935483870967744
266,1,train:3539,1,1,0.71875,0.3225806451612903,0.16129032258064516,0.9354838709677419,-0.8177829652992497,0.2903225806451613
267,1,train:8488,0,1,1.0,1.0,0.7096774193548387,0.8709677419354839,1.0810114052226114,0.8064516129032258
268,1,train:4691,0,0,0.90625,1.0,0.6129032258064516,0.6129032258064516,0.6372005031217662,0.4838709677419355
269,1,train:2706,0,0,0.59375,0.5161290322580645,0.6451612903225806,0.6451612903225806,1.0232372565577628,0.5483870967741935
270,1,train:5727,1,1,1.0,1.0,0.9032258064516129,0.9032258064516129,0.4876381644345299,0.6451612903225806
271,1,train:6845,1,1,1.0,1.0,0.4838709677419355,0.6774193548387096,-0.34308437266878433,0.41935483870967744
272,1,train:7451,0,0,0.0625,0.2903225806451613,0.9032258064516129,0.9032258064516129,1.7953107634297567,0.6774193548387096
273,1,train:2453,1,1,0.96875,1.0,0.3870967741935484,0.6774193548387096,-0.580433668984017,0.3548387096774194
274,1,train:8337,0,0,0.78125,0.9032258064516129,0.7096774193548387,0.7096774193548387,-1.2929832640582186,0.16129032258064516
275,1,test:9736,0,0,0.6875,0.7741935483870968,0.6451612903225806,0.6451612903225806,-0.13487300375022768,0.3548387096774194
276,1,train:1479,1,1,1.0,1.0,1.0,0.8064516129032258,0.7249874607497627,0.7096774193548387
277,1,train:8487,0,0,1.0,1.0,0.8387096774193549,0.8387096774193549,1.6022923867117584,0.6451612903225806
278,1,train:7480,0,0,1.0,1.0,0.5161290322580645,0.5161290322580645,1.216255633275762,0.5806451612903226
279,1,train:5555,0,0,0.5,0.25806451612903225,0.22580645161290322,0.22580645161290322,-0.3278913804682263,0.3225806451612903
280,1,train:3089,1,1,1.0,1.0,0.7419354838709677,0.6451612903225806,-0.2244097245111681,0.45161290322580644
281,1,train:8857,0,0,0.96875,0.8064516129032258,0.6451612903225806,0.6451612903225806,0.058145372967770635,0.3870967741935484
282,1,train:2204,1,0,0.0625,0.2903225806451613,1.0,0.7419354838709677,-1.0999648873402201,0.1935483870967742
283,1,train:7480,0,0,1.0,1.0,0.967741935483871,0.967741935483871,0.6372005031217662,0.4838709677419355
284,1,train:5282,1,0,0.15625,0.25806451612903225,0.3870967741935484,0.3870967741935484,-0.7139281339042233,0.25806451612903225
285,1,test:5610,0,0,0.65625,0.7741935483870968,0.5483870967741935,0.5483870967741935,0.4441821264037676,0.45161290322580644
286,1,train:2343,0,1,0.71875,0.3548387096774194,0.22580645161290322,0.22580645161290322,-1.2924815579297153,0.16129032258064516
287,1,train:2544,1,1,1.0,1.0,1.0,0.4838709677419355,0.2502888681192974,0.5806451612903226
288,1,train:4916,0,0,1.0,1.0,0.6451612903225806,0.6451612903225806,0.4441821264037676,0.45161290322580644
289,1,train:4944,0,0,0.375,0.25806451612903225,0.1935483870967742,0.1935483870967742,-0.7139281339042233,0.25806451612903225
290,1,train:6673,1,1,1.0,0.25806451612903225,0.45161290322580644,0.45161290322580644,-0.2244097245111681,0.45161290322580644
291,1,train:2453,1,1,0.96875,0.22580645161290322,0.6129032258064516,0.6129032258064516,-0.34308437266878433,0.41935483870967744
292,1,train:8057,1,1,1.0,1.0,0.9032258064516129,0.9032258064516129,0.36896351627691365,0.6129032258064516
293,1,train:708,0,0,0.53125,0.2903225806451613,0.4838709677419355,0.4838709677419355,-0.3278913804682263,0.3225806451612903
294,1,train:5364,1,1,1.0,1.0,0.6774193548387096,0.6774193548387096,0.6063128125921461,0.6774193548387096
295,1,train:9284,1,0,0.84375,0.8064516129032258,0.6451612903225806,0.6451612903225806,0.6372005031217662,0.4838709677419355
296,1,train:5815,1,1,1.0,1.0,0.9032258064516129,0.25806451612903225,-0.10573507635355169,0.4838709677419355
297,1,train:8488,1,1,1.0,1.0,0.3870967741935484,0.3870967741935484,0.36896351627691365,0.6129032258064516
298,1,train:7448,0,0,0.8125,0.6129032258064516,0.45161290322580644,0.45161290322580644,1.0232372565577628,0.5483870967741935
299,1,train:5167,0,1,0.96875,0.7096774193548387,0.06451612903225806,0.06451612903225806,-1.5298308542449477,0.0967741935483871
300,1,train:8105,0,0,1.0,1.0,1.0,0.8064516129032258,1.216255633275762,0.5806451612903226
301,1,test:5610,0,1,0.875,0.967741935483871,0.5483870967741935,0.5483870967741935,-0.8177829652992497,0.2903225806451613
302,1,train:999,1,1,0.65625,0.25806451612903225,0.0967741935483871,0.2903225806451613,-1.2924815579297153,0.16129032258064516
303,1,train:7510,1,1,0.4375,0.25806451612903225,0.16129032258064516,0.12903225806451613,-1.2924815579297153,0.16129032258064516
304,1,train:3637,0,0,0.03125,0.2903225806451613,0.16129032258064516,0.16129032258064516,-0.5209097571862247,0.2903225806451613
305,1,train:4944,0,0,0.4375,0.25806451612903225,0.0967741935483871,0.0967741935483871,-0.3278913804682263,0.3225806451612903
306,1,train:5035,0,0,0.03125,0.16129032258064516,0.06451612903225806,0.06451612903225806,-1.6790200174942154,0.0967741935483871
307,1,train:4691,1,1,1.0,1.0,0.4838709677419355,0.4838709677419355,0.2502888681192974,0.5806451612903226
308,1,train:7860,0,0,0.0625,0.25806451612903225,0.3225806451612903,0.3225806451612903,-2.065056770930213,0.03225806451612903
309,1,train:8718,0,0,0.75,0.3870967741935484,0.22580645161290322,0.22580645161290322,-0.9069465106222218,0.22580645161290322
310,1,train:5366,0,0,0.25,0.3548387096774194,0.8387096774193549,0.8387096774193549,0.25116374968576927,0.41935483870967744
311,1,train:1660,1,1,1.0,1.0,0.8387096774193549,0.8387096774193549,0.36896351627691365,0.6129032258064516
312,1,train:9994,0,0,0.46875,0.3548387096774194,0.1935483870967742,0.1935483870967742,-0.3278913804682263,0.3225806451612903
313,1,train:8857,0,0,0.90625,0.8709677419354839,1.0,0.7096774193548387,-0.3278913804682263,0.3225806451612903
314,1,train:5877,1,0,0.03125,0.22580645161290322,0.41935483870967744,0.22580645161290322,-0.5209097571862247,0.2903225806451613
315,1,train:6421,0,0,1.0,1.0,0.967741935483871,0.967741935483871,0.058145372967770635,0.3870967741935484
316,1,train:9773,1,0,0.1875,0.25806451612903225,0.8064516129032258,0.8064516129032258,-0.5209097571862247,0.2903225806451613
317,1,train:3706,0,0,0.9375,0.6774193548387096,0.9032258064516129,0.8387096774193549,0.058145372967770635,0.3870967741935484
318,1,train:708,0,0,1.0,0.9032258064516129,0.7741935483870968,0.7741935483870968,0.6372005031217662,0.4838709677419355
319,1,train:1492,1,1,1.0,1.0,0.0967741935483871,0.0967741935483871,-1.5298308542449477,0.0967741935483871
320,1,train:9017,0,0,0.90625,1.0,0.4838709677419355,0.4838709677419355,0.6372005031217662,0.4838709677419355
321,1,train:6845,0,0,0.40625,0.2903225806451613,0.25806451612903225,0.25806451612903225,0.8302188798397645,0.5161290322580645
322,1,train:8576,1,1,1.0,1.0,0.25806451612903225,0.25806451612903225,0.36896351627691365,0.6129032258064516
323,1,train:2706,0,1,0.71875,0.0967741935483871,0.25806451612903225,0.25806451612903225,-0.9364576134568661,0.25806451612903225
324,1,test:8237,0,1,1.0,1.0,0.45161290322580644,0.45161290322580644,-1.0551322616144823,0.22580645161290322
325,1,train:8337,1,0,0.25,0.2903225806451613,0.0967741935483871,0.0967741935483871,-0.5209097571862247,0.2903225806451613
326,1,train:2437,1,1,1.0,1.0,0.6129032258064516,0.6129032258064516,1.3183607015378442,0.8709677419354839
327,1,train:6845,1,1,1.0,1.0,0.5806451612903226,0.5806451612903226,0.4876381644345299,0.6451612903225806
328,1,train:2970,1,1,1.0,0.0967741935483871,0.03225806451612903,0.03225806451612903,-1.7671801505601805,0.03225806451612903
329,1,train:5222,1,1,1.0,1.0,0.5806451612903226,1.0,1.199686053380228,0.8387096774193549
330,1,train:6638,1,1,1.0,1.0,0.25806451612903225,0.16129032258064516,-1.0551322616144823,0.22580645161290322
331,1,train:7877,0,0,0.96875,1.0,1.0,0.4838709677419355,0.8302188798397645,0.5161290322580645
332,1,train:3539,0,0,0.9375,1.0,0.45161290322580644,0.4838709677419355,0.8302188798397645,0.5161290322580645
333,1,train:1727,0,0,0.75,0.3870967741935484,0.9032258064516129,0.9032258064516129,-0.13487300375022768,0.3548387096774194
334,1,train:2814,0,0,1.0,1.0,0.3225806451612903,0.3225806451612903,1.4092740099937602,0.6129032258064516
335,1,train:5496,1,1,1.0,1.0,0.12903225806451613,0.12903225806451613,1.7930592941683097,1.0
336,1,train:17,0,0,1.0,1.0,1.0,0.7096774193548387,0.4441821264037676,0.45161290322580644
337,1,train:5815,1,1,1.0,0.6774193548387096,0.7096774193548387,0.7096774193548387,-0.4617590208264008,0.3870967741935484
338,1,train:8857,1,1,1.0,0.5161290322580645,0.16129032258064516,0.6451612903225806,-0.6991083171416335,0.3225806451612903
339,1,train:5343,1,1,0.9375,0.2903225806451613,0.1935483870967742,0.1935483870967742,0.2502888681192974,0.5806451612903226
340,1,train:2437,1,1,1.0,1.0,1.0,0.6129032258064516,-0.9364576134568661,0.25806451612903225
341,1,train:8576,1,1,1.0,1.0,0.3870967741935484,0.3870967741935484,1.7930592941683097,1.0
342,1,train:6421,1,0,0.96875,0.9354838709677419,0.967741935483871,0.967741935483871,-0.3278913804682263,0.3225806451612903
343,1,test:6949,1,0,0.65625,0.25806451612903225,0.9354838709677419,0.9354838709677419,0.058145372967770635,0.3870967741935484
344,1,train:5765,1,1,1.0,1.0,0.5806451612903226,0.5806451612903226,-0.9364576134568661,0.25806451612903225
345,1,train:3230,0,0,0.90625,0.9032258064516129,0.45161290322580644,0.41935483870967744,0.058145372967770635,0.3870967741935484
346,1,train:3539,0,0,0.84375,0.2903225806451613,0.4838709677419355,0.4838709677419355,-1.2929832640582186,0.16129032258064516
347,1,train:4944,0,0,0.8125,0.5483870967741935,0.7419354838709677,0.9354838709677419,-1.486001640776217,0.12903225806451613
348,1,train:6845,0,1,1.0,1.0,0.9032258064516129,0.9032258064516129,-0.4617590208264008,0.3870967741935484
349,1,test:5610,0,0,1.0,1.0,0.5483870967741935,0.5483870967741935,0.058145372967770635,0.3870967741935484
350,1,train:5815,1,0,0.125,0.45161290322580644,1.0,0.22580645161290322,-0.9069465106222218,0.22580645161290322
351,1,train:5534,1,0,0.09375,0.25806451612903225,0.16129032258064516,0.16129032258064516,-0.13487300375022768,0.3548387096774194
352,1,train:1033,0,0,0.03125,0.25806451612903225,0.3870967741935484,0.2903225806451613,1.0232372565577628,0.5483870967741935
353,1,train:1999,1,1,0.875,0.4838709677419355,0.8709677419354839,0.8709677419354839,-1.5298308542449477,0.0967741935483871
354,1,train:262,0,1,0.8125,0.16129032258064516,0.06451612903225806,0.12903225806451613,0.13161421996168077,0.5483870967741935
355,1,train:9037,0,0,0.34375,0.25806451612903225,0.8709677419354839,0.8709677419354839,0.058145372967770635,0.3870967741935484
356,1,train:5035,0,1,1.0,0.3225806451612903,0.1935483870967742,0.6451612903225806,1.199686053380228,0.8387096774193549
357,1,train:8116,0,1,1.0,1.0,0.3870967741935484,0.9354838709677419,-0.4617590208264008,0.3870967741935484
358,1,train:4929,1,1,1.0,1.0,0.7096774193548387,0.7096774193548387,1.7930592941683097,1.0
359,1,train:1033,0,0,0.90625,0.5483870967741935,0.8709677419354839,0.8709677419354839,1.4092740099937602,0.6129032258064516
360,1,train:5816,1,1,1.0,1.0,0.7419354838709677,0.7741935483870968,0.2502888681192974,0.5806451612903226
361,1,test:6949,1,1,1.0,1.0,0.5483870967741935,0.5483870967741935,-0.2244097245111681,0.45161290322580644
362,1,train:6476,1,1,0.96875,1.0,0.8387096774193549,0.7741935483870968,0.2502888681192974,0.5806451612903226
363,1,train:5534,1,0,0.15625,0.16129032258064516,0.16129032258064516,0.16129032258064516,0.25116374968576927,0.41935483870967744
364,1,test:9736,0,0,0.84375,0.9354838709677419,0.6129032258064516,0.6129032258064516,0.058145372967770635,0.3870967741935484
365,1,test:9441,0,1,1.0,1.0,0.3548387096774194,0.3548387096774194,1.4370353496954607,0.9032258064516129
366,1,train:5815,1,0,0.6875,0.41935483870967744,0.7419354838709677,0.7419354838709677,0.6372005031217662,0.4838709677419355
367,1,train:860,1,1,1.0,1.0,0.3225806451612903,0.3225806451612903,-1.4111562060873315,0.12903225806451613
368,1,train:2590,1,1,1.0,1.0,0.45161290322580644,0.5483870967741935,-0.8177829652992497,0.2903225806451613
369,1,train:6569,0,0,1.0,1.0,0.45161290322580644,0.45161290322580644,0.25116374968576927,0.41935483870967744
370,1,train:4691,1,1,1.0,1.0,0.4838709677419355,0.4838709677419355,0.36896351627691365,0.6129032258064516
371,1,train:2970,1,1,1.0,1.0,0.5161290322580645,0.5161290322580645,-0.8177829652992497,0.2903225806451613
372,1,train:1727,1,1,1.0,1.0,1.0,0.41935483870967744,0.13161421996168077,0.5483870967741935
373,1,train:2970,1,1,1.0,1.0,1.0,0.7096774193548387,0.01293957180406455,0.5161290322580645
374,1,train:9037,1,0,0.625,0.4838709677419355,0.3225806451612903,0.3225806451612903,0.25116374968576927,0.41935483870967744
375,1,train:1884,1,1,0.5,0.25806451612903225,0.25806451612903225,0.25806451612903225,-0.4617590208264008,0.3870967741935484
376,1,train:6845,1,1,1.0,1.0,0.41935483870967744,0.41935483870967744,-0.8177829652992497,0.2903225806451613
377,1,train:8462,1,1,0.625,0.12903225806451613,0.03225806451612903,0.03225806451612903,-1.7671801505601805,0.03225806451612903
378,1,train:860,1,1,1.0,1.0,0.6129032258064516,0.6774193548387096,1.4370353496954607,0.9032258064516129
379,1,train:3637,0,0,0.625,0.3870967741935484,0.45161290322580644,0.45161290322580644,0.058145372967770635,0.3870967741935484
380,1,train:8116,0,0,0.3125,0.2903225806451613,0.4838709677419355,0.5161290322580645,0.058145372967770635,0.3870967741935484
381,1,train:525,1,0,0.84375,0.8387096774193549,0.16129032258064516,0.16129032258064516,-1.0999648873402201,0.1935483870967742
382,1,train:328,1,1,1.0,1.0,0.7096774193548387,0.7096774193548387,0.36896351627691365,0.6129032258064516
383,1,test:8237,0,0,0.4375,0.3870967741935484,0.06451612903225806,0.06451612903225806,-1.6790200174942154,0.0967741935483871
384,1,train:6438,1,0,0.25,0.25806451612903225,0.16129032258064516,0.16129032258064516,-0.5209097571862247,0.2903225806451613
385,1,train:1780,0,0,0.5,0.2903225806451613,0.3870967741935484,0.3870967741935484,-0.5209097571862247,0.2903225806451613
386,1,train:8030,1,0,0.90625,0.41935483870967744,0.3870967741935484,0.3870967741935484,-1.872038394212214,0.06451612903225806
387,1,train:4514,0,0,0.5,0.3870967741935484,0.7096774193548387,0.7096774193548387,0.8302188798397645,0.5161290322580645
388,1,train:999,1,0,1.0,1.0,0.6451612903225806,0.6451612903225806,1.0232372565577628,0.5483870967741935
389,1,train:2814,0,1,1.0,1.0,1.0,0.3870967741935484,-0.580433668984017,0.3548387096774194
390,1,train:8857,0,0,0.125,0.2903225806451613,0.12903225806451613,0.12903225806451613,-1.2929832640582186,0.16129032258064516
391,1,train:4334,1,1,1.0,1.0,0.16129032258064516,0.16129032258064516,0.843662108907379,0.7419354838709677
392,1,train:6638,1,1,1.0,1.0,0.7096774193548387,0.7096774193548387,-0.34308437266878433,0.41935483870967744
393,1,train:2437,1,1,1.0,1.0,0.8387096774193549,0.8387096774193549,1.3183607015378442,0.8709677419354839
394,1,train:1884,1,1,1.0,1.0,0.3225806451612903,0.3225806451612903,-0.10573507635355169,0.4838709677419355
395,1,train:5809,0,1,1.0,1.0,0.7419354838709677,0.6774193548387096,0.2502888681192974,0.5806451612903226
396,1,train:8576,1,1,1.0,1.0,0.5806451612903226,0.967741935483871,0.6063128125921461,0.6774193548387096
397,1,train:5534,1,1,1.0,1.0,0.7741935483870968,0.7741935483870968,-1.1738069097720987,0.1935483870967742
398,1,train:2102,0,0,0.75,0.9354838709677419,0.6774193548387096,0.6774193548387096,1.216255633275762,0.5806451612903226
399,1,train:2814,1,1,0.3125,0.12903225806451613,0.06451612903225806,0.06451612903225806,0.01293957180406455,0.5161290322580645
400,1,train:3539,0,0,0.9375,0.8709677419354839,0.6451612903225806,0.5483870967741935,-0.5209097571862247,0.2903225806451613
401,1,train:8337,1,1,0.96875,1.0,0.5806451612903226,0.5806451612903226,0.9623367570649952,0.7741935483870968
402,1,train:8669,1,1,1.0,1.0,0.3548387096774194,0.3548387096774194,-1.0551322616144823,0.22580645161290322
403,1,train:6505,1,1,1.0,1.0,0.5161290322580645,0.5161290322580645,-0.580433668984017,0.3548387096774194
404,1,train:1999,1,1,1.0,1.0,0.4838709677419355,0.4838709677419355,-0.10573507635355169,0.4838709677419355
405,1,train:648,0,0,1.0,1.0,0.41935483870967744,0.41935483870967744,-1.872038394212214,0.06451612903225806
406,1,train:7510,1,0,0.125,0.41935483870967744,0.7741935483870968,0.7741935483870968,0.8302188798397645,0.5161290322580645
407,1,train:9284,1,1,0.9375,1.0,0.6129032258064516,0.9032258064516129,-0.6991083171416335,0.3225806451612903
408,1,train:8269,1,0,0.15625,0.3225806451612903,0.7096774193548387,0.7096774193548387,-1.6790200174942154,0.0967741935483871
409,1,train:4929,1,1,1.0,1.0,0.967741935483871,0.967741935483871,-0.580433668984017,0.3548387096774194
410,1,train:17,0,1,1.0,1.0,0.5483870967741935,0.5483870967741935,1.7930592941683097,1.0
411,1,train:1660,1,1,1.0,0.967741935483871,0.6129032258064516,0.6129032258064516,-0.580433668984017,0.3548387096774194
412,1,test:5069,1,1,1.0,1.0,0.7096774193548387,1.0,0.9623367570649952,0.7741935483870968
413,1,train:1780,1,1,1.0,1.0,0.8387096774193549,0.8387096774193549,0.13161421996168077,0.5483870967741935
414,1,train:8451,0,0,0.4375,0.25806451612903225,0.3548387096774194,0.3548387096774194,0.25116374968576927,0.41935483870967744
415,1,train:9397,1,1,1.0,1.0,0.6129032258064516,0.6129032258064516,-1.2924815579297153,0.16129032258064516
416,1,test:5427,0,1,0.8125,0.7741935483870968,0.4838709677419355,0.4838709677419355,0.843662108907379,0.7419354838709677
417,1,train:5343,0,1,0.90625,0.16129032258064516,0.12903225806451613,0.06451612903225806,-1.5298308542449477,0.0967741935483871
418,1,train:4916,0,0,1.0,1.0,0.5161290322580645,0.5161290322580645,0.8302188798397645,0.5161290322580645
419,1,train:1999,0,0,0.21875,0.25806451612903225,0.41935483870967744,0.41935483870967744,-0.5209097571862247,0.2903225806451613
420,1,train:860,1,1,1.0,1.0,0.8064516129032258,0.8064516129032258,0.9623367570649952,0.7741935483870968
421,1,train:7612,1,1,1.0,1.0,0.16129032258064516,0.16129032258064516,-1.0551322616144823,0.22580645161290322
422,1,test:5427,1,0,0.1875,0.12903225806451613,0.06451612903225806,0.06451612903225806,-1.6790200174942154,0.0967741935483871
423,1,train:10072,0,0,0.59375,0.2903225806451613,0.45161290322580644,0.45161290322580644,1.216255633275762,0.5806451612903226
424,1,train:6673,1,1,1.0,0.3225806451612903,0.6774193548387096,0.6774193548387096,-0.580433668984017,0.3548387096774194
425,1,train:7860,1,1,1.0,1.0,0.41935483870967744,0.41935483870967744,-1.0551322616144823,0.22580645161290322
426,1,train:4916,0,0,0.25,0.2903225806451613,1.0,0.8709677419354839,-0.5209097571862247,0.2903225806451613
427,1,train:5366,1,1,0.71875,0.3870967741935484,0.22580645161290322,0.22580645161290322,-1.648505502402564,0.06451612903225806
428,1,test:2463,0,0,0.9375,1.0,0.5161290322580645,1.0,0.25116374968576927,0.41935483870967744
429,1,train:8105,0,0,0.34375,0.25806451612903225,0.1935483870967742,0.1935483870967742,0.25116374968576927,0.41935483870967744
430,1,train:2343,0,1,0.8125,0.3870967741935484,0.25806451612903225,0.25806451612903225,-1.1738069097720987,0.1935483870967742
431,1,train:9397,0,0,1.0,1.0,1.0,0.41935483870967744,0.6372005031217662,0.4838709677419355
432,1,train:8337,0,0,1.0,1.0,0.8387096774193549,0.8387096774193549,1.0232372565577628,0.5483870967741935
433,1,train:1999,1,1,0.96875,1.0,0.8709677419354839,0.6774193548387096,0.13161421996168077,0.5483870967741935
434,1,train:5534,1,1,1.0,1.0,0.6774193548387096,0.6774193548387096,1.199686053380228,0.8387096774193549
435,1,test:9441,0,0,0.9375,1.0,0.3225806451612903,0.3225806451612903,-0.3278913804682263,0.3225806451612903
436,1,train:8756,1,1,1.0,1.0,0.8387096774193549,0.8387096774193549,0.9623367570649952,0.7741935483870968
437,1,train:5644,1,1,1.0,0.4838709677419355,0.25806451612903225,0.25806451612903225,0.7249874607497627,0.7096774193548387
438,1,train:860,1,0,0.03125,0.06451612903225806,0.9354838709677419,0.9354838709677419,0.25116374968576927,0.41935483870967744
439,1,train:4691,0,0,0.1875,0.25806451612903225,0.2903225806451613,0.2903225806451613,-1.872038394212214,0.06451612903225806
440,1,train:7480,0,0,0.59375,0.3870967741935484,0.7741935483870968,0.7741935483870968,0.058145372967770635,0.3870967741935484
441,1,train:8116,0,0,0.59375,0.41935483870967744,1.0,1.0,-0.13487300375022768,0.3548387096774194
442,1,train:3539,0,0,0.78125,0.7741935483870968,0.7419354838709677,0.7419354838709677,1.216255633275762,0.5806451612903226
443,1,train:5534,0,1,1.0,1.0,0.41935483870967744,0.41935483870967744,-0.580433668984017,0.3548387096774194
444,1,train:5574,1,1,0.96875,0.5806451612903226,0.7741935483870968,0.7419354838709677,0.4876381644345299,0.6451612903225806
445,1,test:5610,0,0,1.0,1.0,0.3548387096774194,0.3548387096774194,-0.13487300375022768,0.3548387096774194
446,1,train:6415,0,0,0.90625,0.9354838709677419,1.0,0.6451612903225806,-0.13487300375022768,0.3548387096774194
447,1,train:1266,0,0,0.21875,0.3548387096774194,0.0967741935483871,0.0967741935483871,0.4441821264037676,0.45161290322580644
448,1,test:5610,0,0,0.3125,0.06451612903225806,0.3870967741935484,0.3870967741935484,-1.486001640776217,0.12903225806451613
449,1,train:5809,1,1,1.0,1.0,0.6129032258064516,0.6129032258064516,0.01293957180406455,0.5161290322580645
450,1,train:5765,1,1,1.0,0.2903225806451613,0.25806451612903225,0.25806451612903225,-1.5298308542449477,0.0967741935483871
451,1,train:5574,0,1,1.0,1.0,0.9032258064516129,0.9032258064516129,0.36896351627691365,0.6129032258064516
452,1,train:5816,0,1,1.0,1.0,0.8709677419354839,0.8709677419354839,0.36896351627691365,0.6129032258064516
453,1,train:5222,1,1,1.0,1.0,0.7096774193548387,0.5806451612903226,0.9623367570649952,0.7741935483870968
454,1,test:5069,0,1,1.0,1.0,0.5161290322580645,0.5161290322580645,0.2502888681192974,0.5806451612903226
455,1,train:308,1,0,0.34375,0.12903225806451613,0.03225806451612903,0.03225806451612903,-0.3278913804682263,0.3225806451612903
456,1,train:3089,1,1,0.71875,0.3548387096774194,0.06451612903225806,0.8064516129032258,-1.5298308542449477,0.0967741935483871
457,1,train:17,0,0,0.875,0.7741935483870968,0.7096774193548387,0.7096774193548387,0.6372005031217662,0.4838709677419355
458,1,train:9188,0,0,0.6875,0.5806451612903226,0.7096774193548387,0.7096774193548387,1.0232372565577628,0.5483870967741935
459,1,train:4929,1,1,1.0,1.0,0.16129032258064516,0.16129032258064516,0.7249874607497627,0.7096774193548387
460,1,train:708,1,1,1.0,1.0,0.5161290322580645,0.5161290322580645,1.0810114052226114,0.8064516129032258
461,1,train:9104,1,1,0.71875,0.12903225806451613,0.25806451612903225,0.25806451612903225,-1.648505502402564,0.06451612903225806
462,1,train:8857,0,0,1.0,1.0,0.5806451612903226,0.5806451612903226,1.4092740099937602,0.6129032258064516
463,1,train:328,1,1,1.0,1.0,0.6451612903225806,1.0,0.4876381644345299,0.6451612903225806
464,1,train:6415,0,0,0.15625,0.25806451612903225,0.03225806451612903,0.03225806451612903,-1.872038394212214,0.06451612903225806
465,1,train:868,1,1,1.0,1.0,1.0,1.0,0.9623367570649952,0.7741935483870968
466,1,test:5069,1,1,1.0,1.0,0.8709677419354839,0.8709677419354839,0.6063128125921461,0.6774193548387096
467,1,train:328,0,0,0.90625,1.0,0.4838709677419355,0.4838709677419355,2.3743658935837524,0.7741935483870968
468,1,test:5427,0,0,0.875,1.0,0.5483870967741935,0.6451612903225806,1.4092740099937602,0.6129032258064516
469,1,train:3706,0,0,0.78125,0.3548387096774194,0.9032258064516129,0.9032258064516129,1.0232372565577628,0.5483870967741935
470,1,train:7170,1,1,0.96875,1.0,0.7741935483870968,0.967741935483871,0.2502888681192974,0.5806451612903226
471,1,train:6505,1,1,1.0,1.0,0.41935483870967744,0.25806451612903225,1.3183607015378442,0.8709677419354839
472,1,train:8669,0,0,0.96875,1.0,0.1935483870967742,0.1935483870967742,-0.5209097571862247,0.2903225806451613
473,1,train:1780,1,1,1.0,0.12903225806451613,0.0967741935483871,0.0967741935483871,-1.7671801505601805,0.03225806451612903
474,1,train:6638,1,1,0.9375,0.41935483870967744,0.7096774193548387,0.7096774193548387,-0.6991083171416335,0.3225806451612903
475,1,train:4916,0,0,1.0,1.0,0.6451612903225806,0.6451612903225806,1.4092740099937602,0.6129032258064516
476,1,train:5877,1,0,0.125,0.25806451612903225,0.45161290322580644,0.45161290322580644,0.8302188798397645,0.5161290322580645
477,1,train:359,1,1,1.0,1.0,0.41935483870967744,1.0,-0.580433668984017,0.3548387096774194
478,1,train:1266,0,0,0.28125,0.6129032258064516,0.16129032258064516,0.16129032258064516,-0.9069465106222218,0.22580645161290322
479,1,train:2272,0,0,0.09375,0.5161290322580645,1.0,0.25806451612903225,-0.9069465106222218,0.22580645161290322
480,1,train:5765,1,1,1.0,1.0,0.41935483870967744,0.41935483870967744,0.2502888681192974,0.5806451612903226
481,1,train:5574,1,1,1.0,1.0,0.5161290322580645,0.7741935483870968,1.4370353496954607,0.9032258064516129
482,1,train:9994,0,0,0.46875,0.3548387096774194,0.12903225806451613,0.1935483870967742,-1.2929832640582186,0.16129032258064516
483,1,train:2753,0,0,1.0,1.0,1.0,0.6451612903225806,0.6372005031217662,0.4838709677419355
484,1,train:3570,1,1,1.0,1.0,0.9032258064516129,0.9032258064516129,0.9623367570649952,0.7741935483870968
485,1,train:2590,1,1,0.96875,1.0,0.3548387096774194,0.3548387096774194,-0.580433668984017,0.3548387096774194
486,1,train:5496,1,1,1.0,1.0,1.0,0.5806451612903226,0.9623367570649952,0.7741935483870968
487,1,train:2272,0,1,1.0,1.0,0.2903225806451613,0.2903225806451613,1.7930592941683097,1.0
488,1,train:532,1,1,0.84375,0.5483870967741935,0.8387096774193549,0.8387096774193549,-0.580433668984017,0.3548387096774194
489,1,test:6949,1,1,1.0,1.0,0.3870967741935484,0.3870967741935484,-0.34308437266878433,0.41935483870967744
490,1,train:5282,1,0,1.0,1.0,0.8709677419354839,0.8709677419354839,-0.13487300375022768,0.3548387096774194
491,1,train:4929,1,1,1.0,1.0,1.0,0.8387096774193549,-0.2244097245111681,0.45161290322580644
492,1,train:7448,0,0,1.0,1.0,0.9032258064516129,0.9032258064516129,2.3743658935837524,0.7741935483870968
493,1,train:2272,0,1,1.0,1.0,0.5806451612903226,0.8709677419354839,-0.580433668984017,0.3548387096774194
494,1,train:1958,0,0,0.15625,0.3548387096774194,0.06451612903225806,0.06451612903225806,0.25116374968576927,0.41935483870967744
495,1,train:709,1,1,1.0,1.0,0.8387096774193549,0.8387096774193549,-0.34308437266878433,0.41935483870967744
496,1,train:262,0,1,1.0,1.0,0.6129032258064516,0.7741935483870968,-1.648505502402564,0.06451612903225806
497,1,train:5222,0,0,0.03125,0.45161290322580644,0.1935483870967742,0.1935483870967742,-1.0999648873402201,0.1935483870967742
498,1,train:359,1,1,1.0,1.0,0.7096774193548387,1.0,-0.34308437266878433,0.41935483870967744
499,1,train:4334,0,1,0.96875,0.3870967741935484,0.6129032258064516,0.16129032258064516,-1.2924815579297153,0.16129032258064516
500,1,train:4916,0,0,1.0,1.0,1.0,0.5161290322580645,0.4441821264037676,0.45161290322580644
501,1,train:7590,0,0,0.46875,0.3225806451612903,0.06451612903225806,0.06451612903225806,0.8302188798397645,0.5161290322580645
502,1,train:4916,0,0,0.96875,0.7096774193548387,0.5483870967741935,0.5483870967741935,-0.7139281339042233,0.25806451612903225
503,1,train:6374,1,1,0.9375,1.0,0.9032258064516129,0.7096774193548387,-1.4111562060873315,0.12903225806451613
504,1,train:8488,1,1,1.0,1.0,0.5483870967741935,0.5483870967741935,1.7930592941683097,1.0
505,1,train:6372,0,0,1.0,1.0,0.9354838709677419,0.9354838709677419,1.4092740099937602,0.6129032258064516
506,1,train:9017,0,0,1.0,1.0,0.6129032258064516,0.6129032258064516,0.8302188798397645,0.5161290322580645
507,1,train:7170,0,0,0.03125,0.25806451612903225,0.2903225806451613,0.2903225806451613,-1.0999648873402201,0.1935483870967742
508,1,train:3733,1,0,0.40625,0.4838709677419355,0.5483870967741935,0.5483870967741935,0.8302188798397645,0.5161290322580645
509,1,train:7170,1,0,0.53125,0.2903225806451613,0.25806451612903225,0.25806451612903225,0.058145372967770635,0.3870967741935484
510,1,train:418,0,0,0.3125,0.3225806451612903,0.0967741935483871,0.0967741935483871,0.4441821264037676,0.45161290322580644
511,1,train:7170,0,0,0.84375,0.3225806451612903,0.7741935483870968,0.7741935483870968,0.4441821264037676,0.45161290322580644
512,1,train:1266,1,1,0.78125,0.16129032258064516,0.0967741935483871,0.9032258064516129,0.9623367570649952,0.7741935483870968
513,1,train:532,1,1,1.0,1.0,0.7096774193548387,0.7096774193548387,0.36896351627691365,0.6129032258064516
514,1,train:9366,1,0,0.71875,0.2903225806451613,0.3870967741935484,0.3870967741935484,-0.3278913804682263,0.3225806451612903
515,1,train:7938,1,1,1.0,1.0,0.3548387096774194,0.3548387096774194,0.2502888681192974,0.5806451612903226
516,1,train:9366,1,1,0.96875,0.6774193548387096,0.7096774193548387,0.7096774193548387,0.4876381644345299,0.6451612903225806
517,1,train:5537,1,0,0.125,0.25806451612903225,0.3548387096774194,0.4838709677419355,-1.0999648873402201,0.1935483870967742
518,1,train:9816,0,0,0.1875,0.3225806451612903,0.16129032258064516,0.16129032258064516,-1.0999648873402201,0.1935483870967742
519,1,train:7877,1,1,0.78125,0.2903225806451613,0.25806451612903225,0.8064516129032258,-1.0551322616144823,0.22580645161290322
520,1,train:4514,0,0,0.3125,0.3548387096774194,0.3548387096774194,0.3548387096774194,-1.2929832640582186,0.16129032258064516
521,1,train:3570,0,0,0.4375,0.2903225806451613,0.9354838709677419,0.9354838709677419,-0.3278913804682263,0.3225806451612903
522,1,train:1999,1,1,1.0,1.0,0.22580645161290322,0.22580645161290322,0.13161421996168077,0.5483870967741935
523,1,train:2453,1,1,1.0,1.0,1.0,1.0,-0.10573507635355169,0.4838709677419355
524,1,train:7451,0,1,0.96875,0.22580645161290322,0.3225806451612903,0.12903225806451613,-0.580433668984017,0.3548387096774194
525,1,train:5816,1,1,0.9375,0.7741935483870968,0.03225806451612903,0.0967741935483871,-1.7671801505601805,0.03225806451612903
526,1,test:5069,1,1,1.0,1.0,0.8709677419354839,0.8709677419354839,0.13161421996168077,0.5483870967741935
527,1,train:5765,1,1,1.0,1.0,0.3548387096774194,0.3548387096774194,-0.4617590208264008,0.3870967741935484
528,1,train:1033,0,0,1.0,1.0,0.45161290322580644,0.45161290322580644,-0.5209097571862247,0.2903225806451613
529,1,train:3089,0,0,0.5,0.25806451612903225,0.06451612903225806,0.06451612903225806,-1.872038394212214,0.06451612903225806
530,1,train:9994,0,0,1.0,1.0,0.8709677419354839,0.8709677419354839,0.8302188798397645,0.5161290322580645
531,1,train:4691,1,1,0.53125,0.22580645161290322,0.1935483870967742,0.1935483870967742,-0.6991083171416335,0.3225806451612903
532,1,train:418,0,0,1.0,1.0,0.7741935483870968,0.7741935483870968,0.8302188798397645,0.5161290322580645
533,1,test:5610,1,0,0.375,0.2903225806451613,0.6774193548387096,0.6774193548387096,0.058145372967770635,0.3870967741935484
534,1,train:1866,1,1,1.0,1.0,0.3870967741935484,0.8064516129032258,0.13161421996168077,0.5483870967741935
535,1,train:3230,0,0,0.6875,0.2903225806451613,0.5161290322580645,0.5161290322580645,1.216255633275762,0.5806451612903226
536,1,train:4334,0,1,0.5,0.25806451612903225,0.0967741935483871,0.0967741935483871,-1.1738069097720987,0.1935483870967742
537,1,train:860,1,1,1.0,1.0,0.5806451612903226,0.5806451612903226,0.7249874607497627,0.7096774193548387
538,1,train:5877,1,1,0.625,0.6451612903225806,0.16129032258064516,0.5161290322580645,-0.2244097245111681,0.45161290322580644
539,1,train:3562,0,1,0.84375,0.25806451612903225,0.3548387096774194,0.12903225806451613,-0.4617590208264008,0.3870967741935484
540,1,train:2753,0,0,1.0,1.0,0.7096774193548387,0.7096774193548387,1.216255633275762,0.5806451612903226
541,1,train:328,1,1,1.0,1.0,0.7096774193548387,0.7096774193548387,0.6063128125921461,0.6774193548387096
542,1,train:7510,0,0,0.09375,0.5161290322580645,0.16129032258064516,0.25806451612903225,-0.13487300375022768,0.3548387096774194
543,1,train:418,0,0,1.0,1.0,0.5806451612903226,0.5806451612903226,1.7953107634297567,0.6774193548387096
544,1,train:9994,0,0,0.96875,0.8064516129032258,0.6774193548387096,0.6774193548387096,0.4441821264037676,0.45161290322580644
545,1,train:2204,0,0,1.0,1.0,1.0,0.8387096774193549,1.0232372565577628,0.5483870967741935
546,1,train:9284,1,1,1.0,1.0,0.3548387096774194,0.3548387096774194,-0.4617590208264008,0.3870967741935484
547,1,train:6438,1,1,1.0,1.0,0.8709677419354839,0.8709677419354839,-1.0551322616144823,0.22580645161290322
548,1,train:2706,0,0,0.3125,0.2903225806451613,0.12903225806451613,0.12903225806451613,0.25116374968576927,0.41935483870967744
549,1,train:5300,1,1,0.875,0.967741935483871,0.12903225806451613,0.12903225806451613,0.2502888681192974,0.5806451612903226
550,1,train:1033,0,0,1.0,0.8387096774193549,1.0,0.9032258064516129,0.6372005031217662,0.4838709677419355
551,1,train:9816,0,0,1.0,1.0,0.5161290322580645,0.5161290322580645,-0.13487300375022768,0.3548387096774194
552,1,train:9037,1,1,0.15625,0.25806451612903225,0.7096774193548387,0.7096774193548387,-1.4111562060873315,0.12903225806451613
553,1,train:4915,1,1,1.0,1.0,0.6774193548387096,0.6774193548387096,0.13161421996168077,0.5483870967741935
554,1,train:3733,0,0,0.875,1.0,0.5806451612903226,0.5806451612903226,1.216255633275762,0.5806451612903226
555,1,train:2706,0,0,0.71875,0.8387096774193549,1.0,0.6774193548387096,-0.13487300375022768,0.3548387096774194
556,1,test:9736,1,1,1.0,1.0,0.6129032258064516,0.7741935483870968,-0.10573507635355169,0.4838709677419355
557,1,train:5555,0,0,1.0,1.0,0.7741935483870968,0.7741935483870968,0.4441821264037676,0.45161290322580644
558,1,test:5069,1,1,1.0,1.0,0.5161290322580645,0.5161290322580645,0.843662108907379,0.7419354838709677
559,1,train:3562,1,1,1.0,1.0,0.45161290322580644,0.9354838709677419,1.7930592941683097,1.0
560,1,train:525,0,0,0.96875,1.0,0.3870967741935484,0.3870967741935484,0.4441821264037676,0.45161290322580644
561,1,train:5193,0,0,0.40625,0.25806451612903225,0.7741935483870968,0.7741935483870968,-0.7139281339042233,0.25806451612903225
562,1,train:6374,0,0,0.5625,0.5161290322580645,0.9354838709677419,0.9354838709677419,0.058145372967770635,0.3870967741935484
563,1,train:2437,1,1,1.0,1.0,0.5806451612903226,0.5806451612903226,0.9623367570649952,0.7741935483870968
564,1,test:5699,1,1,1.0,1.0,1.0,1.0,1.199686053380228,0.8387096774193549
565,1,train:2970,1,1,1.0,1.0,0.5483870967741935,0.5483870967741935,-0.2244097245111681,0.45161290322580644
566,1,train:9017,1,1,1.0,1.0,0.2903225806451613,0.2903225806451613,-0.9364576134568661,0.25806451612903225
567,1,train:648,0,0,0.71875,0.5806451612903226,0.7419354838709677,0.5483870967741935,0.25116374968576927,0.41935483870967744
568,1,train:6673,1,0,0.09375,0.45161290322580644,0.12903225806451613,0.12903225806451613,-0.7139281339042233,0.25806451612903225
569,1,train:8488,0,0,1.0,1.0,0.8064516129032258,0.8064516129032258,1.4092740099937602,0.6129032258064516
570,1,train:5833,1,1,1.0,1.0,0.3870967741935484,0.12903225806451613,-0.10573507635355169,0.4838709677419355
571,1,train:4305,0,0,0.875,0.8709677419354839,0.6774193548387096,0.6774193548387096,1.216255633275762,0.5806451612903226
572,1,train:9188,0,0,0.96875,1.0,0.0967741935483871,0.25806451612903225,-0.9069465106222218,0.22580645161290322
573,1,train:2204,1,1,1.0,1.0,0.3225806451612903,0.3225806451612903,1.6743846460106935,0.967741935483871
574,1,train:6476,1,0,0.0625,0.06451612903225806,0.06451612903225806,0.06451612903225806,-1.6790200174942154,0.0967741935483871
575,1,train:418,0,0,0.9375,1.0,1.0,0.6451612903225806,0.4441821264037676,0.45161290322580644
576,1,train:5343,0,0,0.3125,0.3870967741935484,0.1935483870967742,0.1935483870967742,-1.2929832640582186,0.16129032258064516
577,1,train:6415,1,1,0.96875,1.0,0.2903225806451613,0.2903225806451613,0.2502888681192974,0.5806451612903226
578,1,train:3562,1,1,0.71875,0.3225806451612903,0.41935483870967744,0.41935483870967744,-1.5298308542449477,0.0967741935483871
579,1,test:2463,1,1,1.0,1.0,0.3225806451612903,0.6451612903225806,1.7930592941683097,1.0
580,1,train:7938,1,1,1.0,1.0,0.22580645161290322,0.8064516129032258,-0.9364576134568661,0.25806451612903225
581,1,train:9483,1,1,0.875,0.03225806451612903,1.0,0.2903225806451613,-1.7671801505601805,0.03225806451612903
582,1,train:8780,1,1,0.84375,0.1935483870967742,0.06451612903225806,0.06451612903225806,0.01293957180406455,0.5161290322580645
583,1,train:9284,1,1,1.0,1.0,0.5483870967741935,0.6129032258064516,-0.4617590208264008,0.3870967741935484
584,1,train:5555,0,0,1.0,1.0,0.6451612903225806,0.6451612903225806,0.6372005031217662,0.4838709677419355
585,1,train:5222,1,1,1.0,1.0,0.5483870967741935,0.5483870967741935,0.13161421996168077,0.5483870967741935
586,1,train:6569,0,0,1.0,1.0,0.7096774193548387,0.7096774193548387,0.4441821264037676,0.45161290322580644
587,1,train:8718,1,1,0.96875,1.0,0.4838709677419355,1.0,-0.4617590208264008,0.3870967741935484
588,1,train:7860,0,0,0.625,0.2903225806451613,0.06451612903225806,0.7741935483870968,0.8302188798397645,0.5161290322580645
589,1,train:5300,0,0,1.0,1.0,1.0,0.5806451612903226,0.058145372967770635,0.3870967741935484
590,1,train:1033,1,1,0.46875,0.25806451612903225,0.2903225806451613,0.3225806451612903,-0.9364576134568661,0.25806451612903225
591,1,train:10072,0,0,1.0,1.0,0.4838709677419355,0.7096774193548387,0.25116374968576927,0.41935483870967744
592,1,train:249,1,1,1.0,1.0,0.6774193548387096,0.9032258064516129,1.7930592941683097,1.0
593,1,train:5811,1,0,0.34375,0.25806451612903225,1.0,0.16129032258064516,0.4441821264037676,0.45161290322580644
594,1,train:6673,1,0,0.71875,0.3548387096774194,1.0,1.0,-0.7139281339042233,0.25806451612903225
595,1,train:2706,0,0,0.0625,0.2903225806451613,0.3870967741935484,0.3870967741935484,-1.2929832640582186,0.16129032258064516
596,1,train:262,0,1,1.0,1.0,0.25806451612903225,0.45161290322580644,1.5557099978530768,0.9354838709677419
597,1,test:2463,1,0,0.4375,0.25806451612903225,0.967741935483871,0.967741935483871,-0.3278913804682263,0.3225806451612903
598,1,train:5193,0,0,0.90625,0.41935483870967744,0.45161290322580644,0.45161290322580644,-0.13487300375022768,0.3548387096774194
599,1,train:909,1,1,1.0,1.0,0.2903225806451613,0.8387096774193549,0.36896351627691365,0.6129032258064516
600,1,train:8488,1,1,1.0,1.0,0.45161290322580644,0.45161290322580644,0.7249874607497627,0.7096774193548387
601,1,train:8269,0,0,0.0625,0.25806451612903225,0.6451612903225806,0.6451612903225806,-0.9069465106222218,0.22580645161290322
602,1,train:9773,1,1,1.0,1.0,0.5806451612903226,0.5806451612903226,1.7930592941683097,1.0
603,1,train:909,1,1,1.0,1.0,0.6451612903225806,0.4838709677419355,0.13161421996168077,0.5483870967741935
604,1,train:868,1,1,1.0,1.0,0.5806451612903226,0.9032258064516129,0.7249874607497627,0.7096774193548387
605,1,train:4305,0,0,1.0,1.0,0.45161290322580644,0.45161290322580644,0.25116374968576927,0.41935483870967744
606,1,test:5427,1,1,1.0,1.0,0.3870967741935484,0.3870967741935484,1.0810114052226114,0.8064516129032258
607,1,train:4691,1,1,1.0,1.0,0.3870967741935484,0.3870967741935484,-1.0551322616144823,0.22580645161290322
608,1,train:8669,1,1,0.84375,0.3548387096774194,0.8064516129032258,0.22580645161290322,-0.9364576134568661,0.25806451612903225
609,1,train:5833,1,0,0.03125,0.25806451612903225,0.25806451612903225,0.25806451612903225,-1.2929832640582186,0.16129032258064516
610,1,train:529,0,0,0.65625,0.0967741935483871,0.0967741935483871,0.0967741935483871,-0.7139281339042233,0.25806451612903225
611,1,train:2814,0,0,0.6875,0.4838709677419355,0.3870967741935484,0.5806451612903226,-0.5209097571862247,0.2903225806451613
612,1,train:1780,1,1,0.8125,0.3548387096774194,0.2903225806451613,0.6451612903225806,-1.4111562060873315,0.12903225806451613
613,1,train:5167,0,0,0.625,0.45161290322580644,0.25806451612903225,0.25806451612903225,-0.9069465106222218,0.22580645161290322
614,1,train:1615,1,1,1.0,1.0,0.3548387096774194,1.0,1.7930592941683097,1.0
615,1,train:328,1,1,1.0,1.0,0.5161290322580645,0.7096774193548387,1.199686053380228,0.8387096774193549
616,1,test:9736,0,1,0.875,0.9354838709677419,0.3548387096774194,0.3548387096774194,0.4876381644345299,0.6451612903225806
617,1,train:5864,0,0,0.25,0.3548387096774194,0.41935483870967744,0.41935483870967744,-0.3278913804682263,0.3225806451612903
618,1,train:5811,0,0,1.0,0.967741935483871,0.41935483870967744,0.41935483870967744,0.058145372967770635,0.3870967741935484
619,1,train:999,1,1,0.90625,1.0,0.8709677419354839,0.8709677419354839,0.01293957180406455,0.5161290322580645
620,1,train:5496,1,1,1.0,1.0,0.5161290322580645,0.7096774193548387,1.0810114052226114,0.8064516129032258
621,1,train:8718,0,0,0.375,0.25806451612903225,0.03225806451612903,0.03225806451612903,-1.872038394212214,0.06451612903225806
622,1,train:418,0,0,0.96875,1.0,0.2903225806451613,0.2903225806451613,-0.7139281339042233,0.25806451612903225
623,1,train:9483,1,0,0.5,0.25806451612903225,0.6451612903225806,0.6451612903225806,-1.2929832640582186,0.16129032258064516
624,1,train:5343,1,0,0.53125,0.45161290322580644,0.16129032258064516,0.16129032258064516,-0.5209097571862247,0.2903225806451613
625,1,train:8337,0,0,1.0,1.0,1.0,1.0,1.0232372565577628,0.5483870967741935
626,1,train:3461,1,1,1.0,1.0,0.6774193548387096,0.6774193548387096,-0.2244097245111681,0.45161290322580644
627,1,train:1609,0,0,0.125,0.22580645161290322,0.12903225806451613,0.12903225806451613,-0.7139281339042233,0.25806451612903225
628,1,train:5167,0,0,0.375,0.45161290322580644,0.25806451612903225,0.25806451612903225,-1.0999648873402201,0.1935483870967742
629,1,train:9483,0,0,0.15625,0.25806451612903225,0.1935483870967742,0.1935483870967742,-0.5209097571862247,0.2903225806451613
630,1,train:3939,1,1,0.96875,0.6129032258064516,0.3225806451612903,0.16129032258064516,-0.4617590208264008,0.3870967741935484
631,1,train:8462,1,0,0.09375,0.25806451612903225,0.6129032258064516,0.6129032258064516,-1.0999648873402201,0.1935483870967742
632,1,train:2494,1,0,0.25,0.2903225806451613,1.0,0.6774193548387096,-0.5209097571862247,0.2903225806451613
633,1,train:2225,0,0,0.71875,0.4838709677419355,1.0,0.25806451612903225,-1.0999648873402201,0.1935483870967742
634,1,train:5366,1,1,0.96875,1.0,0.8064516129032258,0.8064516129032258,0.36896351627691365,0.6129032258064516
635,1,train:2706,0,0,1.0,1.0,1.0,0.7419354838709677,0.25116374968576927,0.41935483870967744
636,1,train:3089,1,1,1.0,1.0,0.8064516129032258,0.8064516129032258,0.7249874607497627,0.7096774193548387
637,1,train:6212,0,1,1.0,1.0,0.3870967741935484,0.3870967741935484,0.9623367570649952,0.7741935483870968
638,1,train:5343,1,1,0.5625,0.3548387096774194,0.2903225806451613,0.8709677419354839,0.6063128125921461,0.6774193548387096
639,1,train:9483,0,1,0.90625,0.03225806451612903,1.0,0.06451612903225806,-1.7671801505601805,0.03225806451612903
640,1,train:4305,0,0,0.65625,0.8387096774193549,0.41935483870967744,0.41935483870967744,-1.0999648873402201,0.1935483870967742
641,1,train:7170,0,0,1.0,1.0,0.7419354838709677,0.7419354838709677,0.058145372967770635,0.3870967741935484
642,1,train:5765,1,1,1.0,1.0,0.6451612903225806,0.6451612903225806,0.9623367570649952,0.7741935483870968
643,1,train:7480,0,0,1.0,1.0,1.0,1.0,0.6372005031217662,0.4838709677419355
644,1,train:5282,0,0,0.4375,0.3548387096774194,0.1935483870967742,0.1935483870967742,0.25116374968576927,0.41935483870967744
645,1,test:5069,1,1,1.0,1.0,0.8387096774193549,1.0,1.6743846460106935,0.967741935483871
646,1,train:1884,0,0,0.71875,0.7741935483870968,0.9354838709677419,0.9354838709677419,-0.9069465106222218,0.22580645161290322
647,1,train:5877,1,1,0.78125,0.3548387096774194,0.06451612903225806,0.06451612903225806,-1.648505502402564,0.06451612903225806
648,1,train:4929,1,1,1.0,1.0,0.7741935483870968,0.7741935483870968,0.843662108907379,0.7419354838709677
649,1,train:5864,0,0,0.53125,0.2903225806451613,0.3870967741935484,0.3870967741935484,0.4441821264037676,0.45161290322580644
650,1,train:5193,1,1,1.0,0.3225806451612903,0.22580645161290322,0.22580645161290322,-1.648505502402564,0.06451612903225806
651,1,train:860,1,1,1.0,1.0,0.5161290322580645,0.5161290322580645,0.6063128125921461,0.6774193548387096
652,1,train:1615,1,1,1.0,1.0,0.4838709677419355,0.7419354838709677,1.7930592941683097,1.0
653,1,train:2814,0,0,1.0,1.0,0.9354838709677419,0.9354838709677419,1.0232372565577628,0.5483870967741935
654,1,train:4944,0,0,0.78125,0.9354838709677419,0.2903225806451613,0.2903225806451613,1.216255633275762,0.5806451612903226
655,1,train:8359,0,0,0.75,0.8387096774193549,0.0967741935483871,0.0967741935483871,-1.872038394212214,0.06451612903225806
656,1,train:4915,0,0,0.90625,0.5806451612903226,1.0,0.9354838709677419,1.216255633275762,0.5806451612903226
657,1,train:999,1,1,1.0,1.0,0.0967741935483871,0.0967741935483871,-1.2924815579297153,0.16129032258064516
658,1,train:525,0,0,1.0,1.0,0.7741935483870968,0.7741935483870968,1.6022923867117584,0.6451612903225806
659,1,train:3939,1,1,1.0,1.0,0.3870967741935484,0.3870967741935484,-0.8177829652992497,0.2903225806451613
660,1,test:9441,1,1,1.0,1.0,0.9354838709677419,0.9354838709677419,0.843662108907379,0.7419354838709677
661,1,train:5035,1,1,1.0,1.0,0.5161290322580645,0.8709677419354839,0.6063128125921461,0.6774193548387096
662,1,train:2453,0,1,1.0,1.0,0.2903225806451613,0.12903225806451613,-0.8177829652992497,0.2903225806451613
663,1,train:3539,0,0,0.40625,0.3870967741935484,0.5161290322580645,0.3225806451612903,-0.5209097571862247,0.2903225806451613
664,1,train:8857,0,0,0.40625,0.6451612903225806,0.5483870967741935,0.5483870967741935,0.25116374968576927,0.41935483870967744
665,1,train:5537,0,0,0.71875,0.3225806451612903,0.7419354838709677,0.7419354838709677,0.8302188798397645,0.5161290322580645
666,1,train:4514,1,1,0.9375,1.0,0.2903225806451613,0.0967741935483871,-0.34308437266878433,0.41935483870967744
667,1,train:1958,0,0,1.0,1.0,0.5806451612903226,0.4838709677419355,1.0232372565577628,0.5483870967741935
668,1,train:5815,1,0,0.15625,0.2903225806451613,1.0,0.16129032258064516,-0.5209097571862247,0.2903225806451613
669,1,train:359,0,0,0.90625,1.0,0.3225806451612903,0.3225806451612903,-0.3278913804682263,0.3225806451612903
670,1,train:3089,1,0,0.5625,1.0,0.5483870967741935,0.41935483870967744,0.8302188798397645,0.5161290322580645
671,1,train:7860,1,1,1.0,1.0,1.0,0.8709677419354839,1.0810114052226114,0.8064516129032258
672,1,train:2970,0,0,0.15625,0.16129032258064516,0.06451612903225806,0.06451612903225806,-2.065056770930213,0.03225806451612903
673,1,test:6949,1,1,1.0,1.0,0.4838709677419355,0.4838709677419355,0.13161421996168077,0.5483870967741935
674,1,train:2706,0,0,0.75,0.5161290322580645,0.0967741935483871,0.0967741935483871,-0.5209097571862247,0.2903225806451613
675,1,test:5427,1,1,1.0,1.0,0.8064516129032258,0.7419354838709677,0.9623367570649952,0.7741935483870968
676,1,train:8487,1,0,0.34375,0.25806451612903225,0.12903225806451613,0.12903225806451613,-1.486001640776217,0.12903225806451613
677,1,train:2753,1,1,0.875,0.967741935483871,0.22580645161290322,0.22580645161290322,-0.9364576134568661,0.25806451612903225
678,1,train:8857,0,0,1.0,1.0,0.9032258064516129,0.9032258064516129,1.216255633275762,0.5806451612903226
679,1,train:5035,1,1,1.0,1.0,0.5806451612903226,0.5806451612903226,0.9623367570649952,0.7741935483870968
680,1,train:2544,1,1,1.0,1.0,0.8709677419354839,0.8709677419354839,0.7249874607497627,0.7096774193548387
681,1,train:3089,1,1,1.0,1.0,0.6451612903225806,0.3548387096774194,-0.9364576134568661,0.25806451612903225
682,1,train:8487,0,0,0.78125,0.7741935483870968,0.45161290322580644,0.45161290322580644,0.8302188798397645,0.5161290322580645
683,1,train:9816,1,0,0.6875,0.7741935483870968,1.0,0.45161290322580644,0.058145372967770635,0.3870967741935484
684,1,train:8269,1,1,0.96875,1.0,0.5483870967741935,0.5483870967741935,0.36896351627691365,0.6129032258064516
685,1,train:5193,1,1,1.0,1.0,0.3548387096774194,0.2903225806451613,-0.580433668984017,0.3548387096774194
686,1,train:8488,1,1,1.0,0.3225806451612903,1.0,1.0,-0.2244097245111681,0.45161290322580644
687,1,train:9773,0,0,0.25,0.25806451612903225,0.0967741935483871,0.0967741935483871,-1.872038394212214,0.06451612903225806
688,1,train:5537,0,1,1.0,1.0,0.3225806451612903,0.3225806451612903,-1.4111562060873315,0.12903225806451613
689,1,train:2809,0,1,0.71875,0.3225806451612903,0.16129032258064516,0.16129032258064516,0.13161421996168077,0.5483870967741935
690,1,train:1866,1,1,0.90625,0.3870967741935484,0.967741935483871,0.6774193548387096,-0.580433668984017,0.3548387096774194
691,1,train:1866,1,0,1.0,1.0,1.0,0.4838709677419355,-0.7139281339042233,0.25806451612903225
692,1,test:5069,1,0,0.875,1.0,1.0,0.4838709677419355,-0.13487300375022768,0.3548387096774194
693,1,train:5574,1,1,1.0,1.0,0.16129032258064516,0.16129032258064516,-0.580433668984017,0.3548387096774194
694,1,train:6505,1,1,0.75,0.3548387096774194,0.967741935483871,0.967741935483871,-0.8177829652992497,0.2903225806451613
695,1,train:9037,0,0,0.78125,0.9032258064516129,0.8709677419354839,0.8709677419354839,-0.5209097571862247,0.2903225806451613
696,1,train:2204,1,1,1.0,1.0,0.8709677419354839,0.9354838709677419,0.2502888681192974,0.5806451612903226
697,1,train:868,1,1,1.0,1.0,0.967741935483871,0.967741935483871,1.7930592941683097,1.0
698,1,train:1727,1,1,0.96875,1.0,0.6129032258064516,0.6129032258064516,0.9623367570649952,0.7741935483870968
699,1,train:2494,1,1,1.0,1.0,0.8387096774193549,0.8387096774193549,0.2502888681192974,0.5806451612903226
700,1,train:1609,1,1,0.75,0.3870967741935484,0.1935483870967742,0.1935483870967742,-1.7671801505601805,0.03225806451612903
701,1,train:2970,0,0,1.0,1.0,0.7741935483870968,0.7741935483870968,1.4092740099937602,0.6129032258064516
702,1,train:648,0,0,0.28125,0.45161290322580644,0.2903225806451613,0.2903225806451613,-0.7139281339042233,0.25806451612903225
703,1,train:5366,1,1,1.0,1.0,0.9032258064516129,0.9032258064516129,1.7930592941683097,1.0
704,1,train:2204,1,1,1.0,0.8064516129032258,0.3870967741935484,0.3870967741935484,0.2502888681192974,0.5806451612903226
705,1,train:4944,0,0,1.0,0.6774193548387096,0.3870967741935484,0.3870967741935484,0.25116374968576927,0.41935483870967744
706,1,train:262,0,0,0.90625,0.967741935483871,0.5806451612903226,0.5806451612903226,1.216255633275762,0.5806451612903226
707,1,train:6415,0,0,1.0,1.0,0.41935483870967744,0.6774193548387096,0.8302188798397645,0.5161290322580645
708,1,train:1033,0,0,0.375,0.25806451612903225,0.7741935483870968,0.7741935483870968,-1.6790200174942154,0.0967741935483871
709,1,train:9483,0,0,0.84375,0.2903225806451613,0.0967741935483871,0.0967741935483871,-1.486001640776217,0.12903225806451613
710,1,train:9994,1,1,0.75,0.3548387096774194,0.9032258064516129,0.9032258064516129,-1.5298308542449477,0.0967741935483871
711,1,train:2437,0,0,0.59375,0.2903225806451613,0.6774193548387096,0.6774193548387096,0.6372005031217662,0.4838709677419355
712,1,train:9994,1,1,1.0,1.0,0.6129032258064516,0.6129032258064516,-1.4111562060873315,0.12903225806451613
713,1,train:9284,1,1,0.78125,0.0967741935483871,0.5483870967741935,0.45161290322580644,-1.7671801505601805,0.03225806451612903
714,1,train:5833,1,0,0.5,0.5161290322580645,0.7741935483870968,0.7741935483870968,-0.13487300375022768,0.3548387096774194
715,1,train:5300,1,1,0.875,0.3548387096774194,0.2903225806451613,0.2903225806451613,-0.4617590208264008,0.3870967741935484
716,1,train:2753,1,0,0.28125,0.25806451612903225,0.9032258064516129,0.22580645161290322,0.058145372967770635,0.3870967741935484
717,1,train:5172,0,0,0.0625,0.25806451612903225,0.0967741935483871,0.0967741935483871,-1.872038394212214,0.06451612903225806
718,1,train:6374,1,1,1.0,1.0,0.3548387096774194,0.22580645161290322,1.4370353496954607,0.9032258064516129
719,1,train:1866,1,0,0.4375,0.2903225806451613,0.3225806451612903,0.3225806451612903,-1.0999648873402201,0.1935483870967742
720,1,train:2970,1,1,1.0,0.2903225806451613,0.3225806451612903,0.3225806451612903,0.7249874607497627,0.7096774193548387
721,1,train:1615,1,1,1.0,1.0,0.2903225806451613,0.2903225806451613,0.9623367570649952,0.7741935483870968
722,1,train:3089,1,1,0.96875,0.3225806451612903,0.22580645161290322,0.22580645161290322,-1.4111562060873315,0.12903225806451613
723,1,train:8105,1,1,1.0,1.0,0.5161290322580645,0.5161290322580645,1.7930592941683097,1.0
724,1,train:5167,1,1,1.0,1.0,0.967741935483871,0.967741935483871,0.13161421996168077,0.5483870967741935
725,1,train:7938,1,1,1.0,1.0,0.45161290322580644,0.45161290322580644,1.199686053380228,0.8387096774193549
726,1,train:6372,0,0,1.0,1.0,0.8387096774193549,0.8387096774193549,0.6372005031217662,0.4838709677419355
727,1,train:5833,0,0,0.53125,0.25806451612903225,0.4838709677419355,0.4838709677419355,0.4441821264037676,0.45161290322580644
728,1,train:3461,1,1,1.0,1.0,0.9032258064516129,0.4838709677419355,0.4876381644345299,0.6451612903225806
729,1,train:7938,1,1,1.0,1.0,0.9032258064516129,0.8387096774193549,0.843662108907379,0.7419354838709677
730,1,train:4944,0,0,0.46875,0.4838709677419355,1.0,0.6774193548387096,0.6372005031217662,0.4838709677419355
731,1,train:8451,0,0,1.0,1.0,0.8387096774193549,0.8387096774193549,1.216255633275762,0.5806451612903226
732,1,train:7510,0,1,0.625,0.25806451612903225,0.06451612903225806,0.06451612903225806,-1.2924815579297153,0.16129032258064516
733,1,test:2775,1,1,1.0,1.0,0.8064516129032258,0.8064516129032258,0.36896351627691365,0.6129032258064516
734,1,train:999,1,1,1.0,1.0,0.6129032258064516,0.7741935483870968,0.2502888681192974,0.5806451612903226
735,1,train:3461,0,0,0.96875,1.0,1.0,0.8387096774193549,1.0232372565577628,0.5483870967741935
736,1,train:3570,1,1,0.71875,0.7741935483870968,0.6774193548387096,0.7419354838709677,1.199686053380228,0.8387096774193549
737,1,train:6845,0,1,0.625,0.25806451612903225,0.1935483870967742,0.1935483870967742,-1.5298308542449477,0.0967741935483871
738,1,train:8359,1,0,0.5,0.41935483870967744,0.12903225806451613,0.12903225806451613,-1.486001640776217,0.12903225806451613
739,1,train:5193,1,1,1.0,1.0,0.2903225806451613,0.7096774193548387,-1.0551322616144823,0.22580645161290322
740,1,train:359,0,0,0.0625,0.25806451612903225,0.5806451612903226,0.5806451612903226,0.25116374968576927,0.41935483870967744
741,1,train:2590,0,0,1.0,1.0,0.967741935483871,0.7419354838709677,1.0232372565577628,0.5483870967741935
742,1,train:6421,0,0,1.0,1.0,1.0,0.9354838709677419,1.4092740099937602,0.6129032258064516
743,1,train:2437,1,1,1.0,1.0,0.6129032258064516,0.3870967741935484,-0.580433668984017,0.3548387096774194
744,1,train:1660,0,0,1.0,1.0,1.0,0.8064516129032258,1.0232372565577628,0.5483870967741935
745,1,train:6505,0,1,1.0,1.0,0.3548387096774194,0.3548387096774194,-1.4111562060873315,0.12903225806451613
746,1,train:8057,0,1,0.96875,1.0,0.6451612903225806,0.6451612903225806,1.3183607015378442,0.8709677419354839
747,1,train:1958,0,1,1.0,0.22580645161290322,0.45161290322580644,0.06451612903225806,1.7930592941683097,1.0
748,1,train:6638,0,0,0.875,0.25806451612903225,0.3870967741935484,0.3870967741935484,-1.486001640776217,0.12903225806451613
749,1,train:359,0,1,1.0,1.0,0.6774193548387096,0.7419354838709677,-0.34308437266878433,0.41935483870967744
750,1,train:2590,0,0,0.59375,0.6774193548387096,1.0,0.7741935483870968,-0.5209097571862247,0.2903225806451613
751,1,train:4305,0,0,1.0,1.0,0.5161290322580645,0.8387096774193549,1.4092740099937602,0.6129032258064516
752,1,train:6505,1,1,0.96875,1.0,0.5483870967741935,0.5483870967741935,0.2502888681192974,0.5806451612903226
753,1,train:3539,1,1,1.0,1.0,0.2903225806451613,0.2903225806451613,-0.34308437266878433,0.41935483870967744
754,1,train:3089,1,1,0.96875,0.7419354838709677,0.8387096774193549,0.8387096774193549,-1.648505502402564,0.06451612903225806
755,1,train:2706,0,1,0.875,0.25806451612903225,0.7741935483870968,0.7741935483870968,-1.2924815579297153,0.16129032258064516
756,1,train:5574,1,1,1.0,1.0,0.2903225806451613,0.2903225806451613,-0.580433668984017,0.3548387096774194
757,1,train:359,0,0,0.75,0.6129032258064516,0.8064516129032258,0.6129032258064516,0.8302188798397645,0.5161290322580645
758,1,train:1788,1,0,0.375,0.5483870967741935,0.3225806451612903,0.3225806451612903,-0.3278913804682263,0.3225806451612903
759,1,train:2494,1,1,0.90625,0.25806451612903225,0.45161290322580644,0.5806451612903226,0.4876381644345299,0.6451612903225806
760,1,train:2706,1,1,0.96875,0.3870967741935484,0.22580645161290322,0.7741935483870968,-1.5298308542449477,0.0967741935483871
761,1,train:8487,1,1,0.875,0.45161290322580644,0.45161290322580644,0.45161290322580644,-1.2924815579297153,0.16129032258064516
762,1,train:2102,0,0,1.0,1.0,0.9354838709677419,0.9354838709677419,1.216255633275762,0.5806451612903226
763,1,train:860,1,1,1.0,1.0,0.5483870967741935,0.5483870967741935,0.2502888681192974,0.5806451612903226
764,1,train:5343,1,0,0.46875,0.22580645161290322,0.25806451612903225,0.25806451612903225,-1.6790200174942154,0.0967741935483871
765,1,train:1780,1,1,1.0,1.0,0.1935483870967742,0.1935483870967742,-0.10573507635355169,0.4838709677419355
766,1,train:8116,0,1,1.0,1.0,0.8387096774193549,0.8387096774193549,-0.34308437266878433,0.41935483870967744
767,1,test:2463,1,1,1.0,1.0,0.3225806451612903,0.3225806451612903,-0.580433668984017,0.3548387096774194
768,1,train:5816,1,1,1.0,1.0,0.7741935483870968,0.7741935483870968,1.6743846460106935,0.967741935483871
769,1,test:9736,0,0,0.53125,0.3548387096774194,0.9032258064516129,0.25806451612903225,-0.5209097571862247,0.2903225806451613
770,1,train:3539,0,0,0.9375,0.3870967741935484,0.9032258064516129,0.9032258064516129,0.8302188798397645,0.5161290322580645
771,1,train:2590,0,0,0.09375,0.3225806451612903,0.41935483870967744,0.41935483870967744,-0.13487300375022768,0.3548387096774194
772,1,train:708,0,1,0.71875,0.8709677419354839,0.3548387096774194,0.3548387096774194,-0.6991083171416335,0.3225806451612903
773,1,train:5811,1,0,0.0625,0.06451612903225806,0.2903225806451613,0.2903225806451613,-2.065056770930213,0.03225806451612903
774,1,train:10072,0,0,1.0,1.0,0.22580645161290322,0.22580645161290322,1.6022923867117584,0.6451612903225806
775,1,train:7448,0,0,1.0,1.0,1.0,0.45161290322580644,0.25116374968576927,0.41935483870967744
776,1,train:5864,0,0,0.375,0.45161290322580644,0.5806451612903226,0.5806451612903226,-0.5209097571862247,0.2903225806451613
777,1,train:9017,0,0,1.0,1.0,0.8709677419354839,0.8709677419354839,0.6372005031217662,0.4838709677419355
778,1,train:9816,0,0,0.71875,0.8387096774193549,0.16129032258064516,0.4838709677419355,0.4441821264037676,0.45161290322580644
779,1,train:8488,1,1,1.0,1.0,0.6774193548387096,0.6774193548387096,1.5557099978530768,0.9354838709677419
780,1,train:3539,1,1,0.90625,0.41935483870967744,0.5806451612903226,0.7096774193548387,0.2502888681192974,0.5806451612903226
781,1,train:5574,1,1,1.0,1.0,0.5483870967741935,1.0,0.4876381644345299,0.6451612903225806
782,1,train:8105,1,0,0.5625,0.3548387096774194,0.6774193548387096,0.41935483870967744,-1.0999648873402201,0.1935483870967742
783,1,test:2775,1,1,1.0,1.0,0.8709677419354839,0.8709677419354839,0.6063128125921461,0.6774193548387096
784,1,train:5765,0,0,0.125,0.45161290322580644,1.0,0.5483870967741935,-0.3278913804682263,0.3225806451612903
785,1,train:8451,0,0,0.59375,0.7096774193548387,0.5483870967741935,0.5483870967741935,0.058145372967770635,0.3870967741935484
786,1,train:8756,1,1,1.0,1.0,0.9354838709677419,0.9354838709677419,0.01293957180406455,0.5161290322580645
787,1,train:3539,0,0,0.3125,0.12903225806451613,0.06451612903225806,0.06451612903225806,-2.065056770930213,0.03225806451612903
788,1,train:1999,1,0,0.03125,0.25806451612903225,0.03225806451612903,0.03225806451612903,-2.065056770930213,0.03225806451612903
789,1,train:7448,1,1,1.0,1.0,0.6451612903225806,1.0,0.9623367570649952,0.7741935483870968
790,1,train:1615,1,1,1.0,1.0,0.3225806451612903,0.3225806451612903,-0.4617590208264008,0.3870967741935484
791,1,train:8996,0,0,0.46875,0.25806451612903225,0.03225806451612903,0.03225806451612903,-1.872038394212214,0.06451612903225806
792,1,train:8487,1,1,1.0,1.0,0.7419354838709677,0.7419354838709677,-0.580433668984017,0.3548387096774194
793,1,train:5227,1,1,1.0,1.0,0.4838709677419355,1.0,-0.34308437266878433,0.41935483870967744
794,1,train:6673,0,0,1.0,1.0,0.967741935483871,0.967741935483871,1.9883291401477556,0.7096774193548387
795,1,train:1453,0,0,1.0,1.0,1.0,0.5806451612903226,0.8302188798397645,0.5161290322580645
796,1,train:1479,1,1,1.0,1.0,0.6129032258064516,0.7096774193548387,0.4876381644345299,0.6451612903225806
797,1,train:8105,1,1,0.90625,0.3225806451612903,0.5161290322580645,0.41935483870967744,0.13161421996168077,0.5483870967741935
798,1,train:2272,0,0,0.40625,0.8709677419354839,0.967741935483871,0.967741935483871,-0.7139281339042233,0.25806451612903225
799,1,train:5222,1,1,1.0,1.0,0.6129032258064516,0.6129032258064516,0.36896351627691365,0.6129032258064516
800,1,train:9773,1,1,0.96875,1.0,0.9032258064516129,0.9032258064516129,-0.10573507635355169,0.4838709677419355
801,1,train:5765,0,1,0.84375,0.4838709677419355,0.12903225806451613,0.0967741935483871,-1.5298308542449477,0.0967741935483871
802,1,test:5069,1,1,1.0,1.0,0.8709677419354839,0.967741935483871,1.5557099978530768,0.9354838709677419
803,1,train:4916,0,0,0.96875,1.0,0.5483870967741935,0.5483870967741935,1.216255633275762,0.5806451612903226
804,1,train:6845,0,0,0.03125,0.2903225806451613,0.1935483870967742,0.1935483870967742,-1.872038394212214,0.06451612903225806
805,1,train:418,0,0,0.875,1.0,0.45161290322580644,0.45161290322580644,-0.13487300375022768,0.3548387096774194
806,1,train:5833,0,0,0.3125,0.22580645161290322,0.12903225806451613,0.12903225806451613,-1.2929832640582186,0.16129032258064516
807,1,train:4305,0,1,1.0,1.0,0.41935483870967744,0.41935483870967744,0.36896351627691365,0.6129032258064516
808,1,train:8996,0,0,0.96875,0.9354838709677419,0.41935483870967744,0.41935483870967744,-0.3278913804682263,0.3225806451612903
809,1,train:10072,0,0,0.25,0.2903225806451613,0.06451612903225806,0.7741935483870968,0.058145372967770635,0.3870967741935484
810,1,test:5610,0,1,1.0,1.0,0.41935483870967744,0.967741935483871,0.843662108907379,0.7419354838709677
811,1,train:4916,0,0,1.0,1.0,0.4838709677419355,0.4838709677419355,0.25116374968576927,0.41935483870967744
812,1,train:9773,1,1,1.0,1.0,0.6451612903225806,0.3548387096774194,0.4876381644345299,0.6451612903225806
813,1,train:5574,0,1,1.0,0.7096774193548387,0.3548387096774194,0.3548387096774194,-0.6991083171416335,0.3225806451612903
814,1,train:5366,0,0,0.84375,0.967741935483871,0.41935483870967744,0.41935483870967744,-0.3278913804682263,0.3225806451612903
815,1,train:2753,1,1,1.0,1.0,0.6774193548387096,0.6774193548387096,0.36896351627691365,0.6129032258064516
816,1,train:3089,1,0,0.9375,0.7096774193548387,0.12903225806451613,0.12903225806451613,-0.3278913804682263,0.3225806451612903
817,1,train:8488,0,0,0.65625,0.6774193548387096,0.1935483870967742,0.1935483870967742,-0.3278913804682263,0.3225806451612903
818,1,train:1453,0,0,0.34375,0.3870967741935484,0.8387096774193549,0.8387096774193549,-1.486001640776217,0.12903225806451613
819,1,train:7938,1,0,0.9375,0.7741935483870968,1.0,0.967741935483871,0.6372005031217662,0.4838709677419355
820,1,train:7877,0,0,1.0,1.0,0.4838709677419355,0.4838709677419355,0.8302188798397645,0.5161290322580645
821,1,train:8030,1,1,1.0,1.0,0.6451612903225806,0.6451612903225806,0.13161421996168077,0.5483870967741935
822,1,train:7170,0,0,1.0,1.0,0.967741935483871,0.967741935483871,0.6372005031217662,0.4838709677419355
823,1,train:7877,0,0,0.59375,0.45161290322580644,1.0,0.3225806451612903,0.25116374968576927,0.41935483870967744
824,1,train:9037,1,1,1.0,1.0,0.7741935483870968,0.7741935483870968,-0.34308437266878433,0.41935483870967744
825,1,train:4305,1,0,0.78125,0.6774193548387096,0.1935483870967742,0.1935483870967742,-0.9069465106222218,0.22580645161290322
826,1,train:5815,1,1,0.96875,0.0967741935483871,0.41935483870967744,0.41935483870967744,-1.1738069097720987,0.1935483870967742
827,1,train:909,1,1,1.0,1.0,0.5161290322580645,1.0,0.6063128125921461,0.6774193548387096
828,1,train:6845,1,1,1.0,1.0,0.7741935483870968,0.9354838709677419,-0.8177829652992497,0.2903225806451613
829,1,train:6421,1,1,0.6875,1.0,0.3870967741935484,0.3870967741935484,1.3183607015378442,0.8709677419354839
830,1,train:5816,1,1,1.0,1.0,0.5161290322580645,0.5483870967741935,-0.34308437266878433,0.41935483870967744
831,1,train:4929,0,0,0.15625,0.5806451612903226,0.25806451612903225,0.25806451612903225,-0.3278913804682263,0.3225806451612903
832,1,train:1266,1,1,1.0,1.0,0.8387096774193549,0.8387096774193549,1.7930592941683097,1.0
833,1,train:9037,0,0,1.0,1.0,0.6451612903225806,0.6451612903225806,1.9883291401477556,0.7096774193548387
834,1,train:5644,1,1,0.9375,0.9354838709677419,0.41935483870967744,0.7741935483870968,0.4876381644345299,0.6451612903225806
835,1,train:868,1,1,1.0,1.0,0.5806451612903226,0.5806451612903226,0.13161421996168077,0.5483870967741935
836,1,train:5035,1,1,1.0,1.0,0.8709677419354839,0.8709677419354839,1.3183607015378442,0.8709677419354839
837,1,train:909,0,0,0.375,0.2903225806451613,0.22580645161290322,0.22580645161290322,-1.6790200174942154,0.0967741935483871
838,1,train:999,1,0,0.875,0.5483870967741935,1.0,0.7096774193548387,0.25116374968576927,0.41935483870967744
839,1,train:2204,0,0,0.9375,0.6774193548387096,0.9032258064516129,0.9354838709677419,0.4441821264037676,0.45161290322580644
840,1,train:2544,1,1,1.0,1.0,0.9032258064516129,1.0,0.2502888681192974,0.5806451612903226
841,1,train:4691,1,1,1.0,1.0,0.5483870967741935,0.5483870967741935,-0.10573507635355169,0.4838709677419355
842,1,train:2753,0,0,1.0,1.0,0.45161290322580644,0.45161290322580644,0.6372005031217662,0.4838709677419355
843,1,train:1492,0,0,0.46875,0.3870967741935484,0.6774193548387096,0.6774193548387096,0.4441821264037676,0.45161290322580644
844,1,train:7480,0,0,0.96875,0.25806451612903225,1.0,1.0,0.4441821264037676,0.45161290322580644
845,1,train:10072,0,0,1.0,1.0,0.5806451612903226,0.5806451612903226,1.0232372565577628,0.5483870967741935
846,1,train:9284,1,1,1.0,1.0,0.6129032258064516,0.6129032258064516,0.01293957180406455,0.5161290322580645
847,1,train:8105,0,1,0.625,0.8709677419354839,0.6129032258064516,0.6129032258064516,-0.2244097245111681,0.45161290322580644
848,1,train:1660,1,0,0.75,0.25806451612903225,0.8387096774193549,0.8387096774193549,0.058145372967770635,0.3870967741935484
849,1,train:5167,0,0,0.28125,0.25806451612903225,0.06451612903225806,0.06451612903225806,-0.7139281339042233,0.25806451612903225
850,1,train:6638,0,0,0.78125,0.12903225806451613,0.3548387096774194,0.3548387096774194,-1.486001640776217,0.12903225806451613
851,1,train:7480,0,1,1.0,1.0,0.7096774193548387,0.7096774193548387,1.5557099978530768,0.9354838709677419
852,1,train:8487,0,0,1.0,1.0,0.8387096774193549,0.8387096774193549,0.8302188798397645,0.5161290322580645
853,1,train:648,0,0,0.375,0.41935483870967744,0.3548387096774194,0.3548387096774194,1.216255633275762,0.5806451612903226
854,1,train:5555,0,0,1.0,1.0,1.0,0.7096774193548387,1.0232372565577628,0.5483870967741935
855,1,train:5765,1,1,1.0,1.0,0.9032258064516129,0.9032258064516129,1.3183607015378442,0.8709677419354839
856,1,train:7938,0,1,1.0,1.0,0.45161290322580644,0.45161290322580644,-0.4617590208264008,0.3870967741935484
857,1,train:2706,0,0,1.0,1.0,0.9354838709677419,0.9354838709677419,1.216255633275762,0.5806451612903226
858,1,train:5456,1,1,1.0,1.0,0.25806451612903225,0.25806451612903225,-0.2244097245111681,0.45161290322580644
859,1,train:6372,1,1,0.71875,0.41935483870967744,0.16129032258064516,0.16129032258064516,-1.2924815579297153,0.16129032258064516
860,1,train:3230,1,0,0.84375,0.3870967741935484,0.5483870967741935,0.6774193548387096,-0.5209097571862247,0.2903225806451613
861,1,train:262,1,1,1.0,1.0,0.3548387096774194,0.7741935483870968,0.01293957180406455,0.5161290322580645
862,1,train:5409,0,0,0.8125,0.9032258064516129,0.3870967741935484,0.3225806451612903,-0.7139281339042233,0.25806451612903225
863,1,train:6638,0,0,0.96875,1.0,0.5161290322580645,0.5161290322580645,0.058145372967770635,0.3870967741935484
864,1,train:5282,0,0,1.0,1.0,0.9032258064516129,0.7419354838709677,0.6372005031217662,0.4838709677419355
865,1,train:9188,0,0,0.625,0.25806451612903225,0.3225806451612903,0.967741935483871,-0.5209097571862247,0.2903225806451613
866,1,train:2970,1,0,0.09375,0.25806451612903225,0.5161290322580645,0.5161290322580645,0.6372005031217662,0.4838709677419355
867,1,train:10072,0,0,1.0,1.0,0.5806451612903226,0.5806451612903226,1.0232372565577628,0.5483870967741935
868,1,train:9104,1,0,0.0625,0.06451612903225806,0.5806451612903226,0.7096774193548387,1.0232372565577628,0.5483870967741935
869,1,train:8762,1,1,1.0,0.9032258064516129,0.6129032258064516,0.6129032258064516,-0.8177829652992497,0.2903225806451613
870,1,train:328,0,0,1.0,1.0,0.4838709677419355,0.4838709677419355,0.058145372967770635,0.3870967741935484
871,1,train:1884,1,1,1.0,1.0,0.6774193548387096,0.6774193548387096,-0.4617590208264008,0.3870967741935484
872,1,train:5300,1,1,1.0,1.0,0.6129032258064516,0.6129032258064516,0.7249874607497627,0.7096774193548387
873,1,train:3706,0,0,1.0,1.0,0.6774193548387096,0.6774193548387096,1.0232372565577628,0.5483870967741935
874,1,train:7480,1,1,0.46875,0.3225806451612903,0.2903225806451613,0.2903225806451613,-0.34308437266878433,0.41935483870967744
875,1,train:4305,0,0,0.65625,0.4838709677419355,0.12903225806451613,0.12903225806451613,0.25116374968576927,0.41935483870967744
876,1,test:8237,0,0,0.90625,0.8064516129032258,1.0,0.5806451612903226,0.8302188798397645,0.5161290322580645
877,1,train:1999,1,1,0.875,0.7741935483870968,0.9354838709677419,0.9354838709677419,-0.2244097245111681,0.45161290322580644
878,1,train:6569,0,1,1.0,1.0,0.5483870967741935,0.5483870967741935,-0.10573507635355169,0.4838709677419355
879,1,train:909,1,1,1.0,1.0,0.8709677419354839,0.5161290322580645,1.3183607015378442,0.8709677419354839
880,1,train:3539,1,1,0.875,1.0,1.0,1.0,-0.34308437266878433,0.41935483870967744
881,1,train:9816,1,1,0.84375,0.25806451612903225,0.7096774193548387,0.7096774193548387,-1.648505502402564,0.06451612903225806
882,1,train:1609,1,1,1.0,1.0,0.16129032258064516,0.16129032258064516,1.5557099978530768,0.9354838709677419
883,1,train:6421,0,0,1.0,1.0,0.5161290322580645,0.5161290322580645,1.7953107634297567,0.6774193548387096
884,1,train:3216,1,1,1.0,1.0,0.6451612903225806,0.6451612903225806,0.4876381644345299,0.6451612903225806
885,1,train:5227,0,0,0.09375,0.3225806451612903,0.0967741935483871,0.0967741935483871,-1.486001640776217,0.12903225806451613
886,1,train:5765,0,0,0.84375,0.967741935483871,0.5806451612903226,0.5806451612903226,0.25116374968576927,0.41935483870967744
887,1,train:1999,0,1,0.125,0.12903225806451613,0.45161290322580644,0.03225806451612903,-1.648505502402564,0.06451612903225806
888,1,train:8488,0,0,0.375,0.45161290322580644,0.16129032258064516,0.16129032258064516,1.6022923867117584,0.6451612903225806
889,1,train:4915,0,1,0.75,0.3548387096774194,0.16129032258064516,0.16129032258064516,-0.34308437266878433,0.41935483870967744
890,1,test:9441,1,1,0.875,0.2903225806451613,0.5483870967741935,0.5483870967741935,-0.580433668984017,0.3548387096774194
891,1,train:6476,0,0,1.0,1.0,0.41935483870967744,0.41935483870967744,-0.5209097571862247,0.2903225806451613
892,1,train:8359,0,0,0.59375,0.2903225806451613,0.5483870967741935,0.5483870967741935,1.216255633275762,0.5806451612903226
893,1,train:6438,1,1,0.9375,1.0,0.41935483870967744,0.41935483870967744,0.843662108907379,0.7419354838709677
894,1,train:1479,0,0,0.90625,0.7096774193548387,0.9032258064516129,0.9032258064516129,0.058145372967770635,0.3870967741935484
895,1,train:3539,1,1,1.0,1.0,0.6774193548387096,0.6774193548387096,1.3183607015378442,0.8709677419354839
896,1,train:9017,1,0,1.0,1.0,0.4838709677419355,0.4838709677419355,-0.5209097571862247,0.2903225806451613
897,1,train:4514,0,0,0.25,0.25806451612903225,0.41935483870967744,0.41935483870967744,1.0232372565577628,0.5483870967741935
898,1,train:3733,0,0,0.0625,0.2903225806451613,0.3548387096774194,0.3548387096774194,0.25116374968576927,0.41935483870967744
899,1,train:5364,0,0,0.59375,0.8387096774193549,1.0,0.9354838709677419,0.8302188798397645,0.5161290322580645
900,1,train:6415,1,1,0.875,1.0,0.3548387096774194,0.41935483870967744,-0.4617590208264008,0.3870967741935484
901,1,train:9017,0,0,0.84375,1.0,0.8064516129032258,0.8064516129032258,-0.3278913804682263,0.3225806451612903
902,1,train:6372,1,0,1.0,1.0,0.41935483870967744,0.7741935483870968,0.25116374968576927,0.41935483870967744
903,1,train:5864,0,0,0.65625,0.6129032258064516,1.0,0.9032258064516129,-0.13487300375022768,0.3548387096774194
904,1,test:6949,1,1,1.0,1.0,1.0,0.4838709677419355,0.01293957180406455,0.5161290322580645
905,1,train:7170,0,1,1.0,1.0,0.8387096774193549,0.5161290322580645,0.13161421996168077,0.5483870967741935
906,1,train:1780,1,1,1.0,1.0,0.03225806451612903,0.03225806451612903,-0.8177829652992497,0.2903225806451613
907,1,train:999,1,0,0.0625,0.2903225806451613,0.25806451612903225,0.25806451612903225,-1.6790200174942154,0.0967741935483871
908,1,train:5809,0,0,0.53125,0.41935483870967744,1.0,0.3225806451612903,0.25116374968576927,0.41935483870967744
909,1,train:5430,0,0,1.0,1.0,1.0,0.6774193548387096,0.8302188798397645,0.5161290322580645
910,1,train:308,1,1,0.96875,0.3225806451612903,0.03225806451612903,0.03225806451612903,-1.0551322616144823,0.22580645161290322
911,1,train:1492,1,0,0.5625,0.1935483870967742,1.0,0.8709677419354839,-1.486001640776217,0.12903225806451613
912,1,train:2590,0,0,0.9375,0.5806451612903226,0.8387096774193549,0.8387096774193549,0.8302188798397645,0.5161290322580645
913,1,train:1958,0,0,0.3125,0.25806451612903225,0.1935483870967742,0.1935483870967742,-1.486001640776217,0.12903225806451613
914,1,train:17,0,0,0.65625,0.3548387096774194,0.5161290322580645,0.5161290322580645,-1.486001640776217,0.12903225806451613
915,1,test:5427,0,0,1.0,1.0,0.5483870967741935,0.5483870967741935,-0.5209097571862247,0.2903225806451613
916,1,train:2225,0,1,1.0,1.0,0.3225806451612903,0.1935483870967742,-0.8177829652992497,0.2903225806451613
917,1,train:1780,1,1,1.0,1.0,0.8709677419354839,0.7741935483870968,0.01293957180406455,0.5161290322580645
918,1,train:6476,0,0,1.0,1.0,0.967741935483871,0.967741935483871,0.8302188798397645,0.5161290322580645
919,1,train:1660,1,0,0.5,0.3225806451612903,0.12903225806451613,0.16129032258064516,1.0232372565577628,0.5483870967741935
920,1,train:2102,0,0,0.125,0.2903225806451613,0.0967741935483871,0.0967741935483871,-1.486001640776217,0.12903225806451613
921,1,train:8337,1,1,0.84375,0.8709677419354839,0.12903225806451613,0.12903225806451613,-0.580433668984017,0.3548387096774194
922,1,train:1660,0,0,1.0,1.0,1.0,1.0,0.6372005031217662,0.4838709677419355
923,1,train:2225,0,0,0.15625,0.3225806451612903,0.12903225806451613,0.12903225806451613,-0.7139281339042233,0.25806451612903225
924,1,train:6845,0,0,0.25,0.45161290322580644,0.6451612903225806,0.6451612903225806,-0.7139281339042233,0.25806451612903225
925,1,train:308,1,0,1.0,1.0,0.6451612903225806,0.2903225806451613,-0.7139281339042233,0.25806451612903225
926,1,train:9366,1,0,0.53125,0.03225806451612903,0.45161290322580644,0.45161290322580644,0.6372005031217662,0.4838709677419355
927,1,train:8359,1,1,1.0,1.0,0.6451612903225806,0.6451612903225806,0.6063128125921461,0.6774193548387096
928,1,train:7860,0,1,0.96875,0.03225806451612903,0.7419354838709677,0.7419354838709677,-1.7671801505601805,0.03225806451612903
929,1,test:6949,0,1,1.0,1.0,0.5161290322580645,0.5161290322580645,-0.34308437266878433,0.41935483870967744
930,1,train:2494,1,1,1.0,1.0,0.6129032258064516,0.4838709677419355,0.13161421996168077,0.5483870967741935
931,1,train:5833,1,0,0.03125,0.25806451612903225,0.06451612903225806,0.06451612903225806,-1.872038394212214,0.06451612903225806
932,1,train:3637,0,0,1.0,1.0,0.6774193548387096,0.6774193548387096,-0.13487300375022768,0.3548387096774194
933,1,train:7510,1,1,0.6875,0.2903225806451613,0.1935483870967742,0.6451612903225806,-1.1738069097720987,0.1935483870967742
934,1,test:5427,0,0,0.03125,0.12903225806451613,0.03225806451612903,0.03225806451612903,-2.065056770930213,0.03225806451612903
935,1,train:2225,1,1,0.65625,0.25806451612903225,0.25806451612903225,0.5161290322580645,-1.648505502402564,0.06451612903225806
936,1,train:308,1,1,1.0,1.0,0.4838709677419355,0.5483870967741935,0.9623367570649952,0.7741935483870968
937,1,train:1958,1,1,1.0,1.0,0.7419354838709677,0.7419354838709677,0.843662108907379,0.7419354838709677
938,1,train:1884,1,1,1.0,1.0,0.3870967741935484,0.6451612903225806,-0.2244097245111681,0.45161290322580644
939,1,train:3637,0,0,0.40625,0.2903225806451613,0.5806451612903226,0.5806451612903226,-0.13487300375022768,0.3548387096774194
940,1,train:1958,1,1,1.0,1.0,0.6774193548387096,0.9032258064516129,1.4370353496954607,0.9032258064516129
941,1,train:328,0,0,0.78125,0.25806451612903225,0.7419354838709677,0.7419354838709677,-1.872038394212214,0.06451612903225806
942,1,train:860,1,1,1.0,1.0,0.45161290322580644,0.5483870967741935,0.2502888681192974,0.5806451612903226
943,1,train:2753,1,1,0.6875,0.9032258064516129,0.22580645161290322,0.22580645161290322,-0.580433668984017,0.3548387096774194
944,1,train:9994,1,1,0.96875,1.0,0.7096774193548387,0.7096774193548387,-1.0551322616144823,0.22580645161290322
945,1,train:9994,0,0,0.21875,0.25806451612903225,0.5483870967741935,0.5483870967741935,0.6372005031217662,0.4838709677419355
946,1,train:7860,0,1,0.9375,0.7096774193548387,0.5483870967741935,0.5483870967741935,-1.648505502402564,0.06451612903225806
947,1,train:4691,0,0,0.9375,0.8064516129032258,0.22580645161290322,0.22580645161290322,0.6372005031217662,0.4838709677419355
948,1,train:1033,0,1,0.71875,0.5161290322580645,0.12903225806451613,0.12903225806451613,1.7930592941683097,1.0
949,1,train:6569,0,0,0.875,0.9354838709677419,0.45161290322580644,0.5806451612903226,1.0232372565577628,0.5483870967741935
950,1,train:1479,0,1,0.8125,0.3225806451612903,0.1935483870967742,0.1935483870967742,0.01293957180406455,0.5161290322580645
951,1,train:5364,1,1,1.0,1.0,0.2903225806451613,0.2903225806451613,0.4876381644345299,0.6451612903225806
952,1,train:5366,1,1,1.0,1.0,0.7419354838709677,0.7419354838709677,1.3183607015378442,0.8709677419354839
953,1,train:5809,0,0,1.0,1.0,0.8709677419354839,0.8709677419354839,0.8302188798397645,0.5161290322580645
954,1,train:1609,1,1,1.0,1.0,0.6129032258064516,0.6129032258064516,1.4370353496954607,0.9032258064516129
955,1,train:2102,0,0,0.25,0.25806451612903225,0.12903225806451613,0.12903225806451613,0.4441821264037676,0.45161290322580644
956,1,train:8487,0,0,1.0,1.0,1.0,0.8709677419354839,1.216255633275762,0.5806451612903226
957,1,train:5227,0,0,0.34375,0.5483870967741935,0.2903225806451613,0.2903225806451613,0.058145372967770635,0.3870967741935484
958,1,train:9816,0,0,0.96875,1.0,1.0,0.7741935483870968,1.216255633275762,0.5806451612903226
959,1,train:9483,0,0,0.15625,0.2903225806451613,1.0,0.5161290322580645,1.9883291401477556,0.7096774193548387
960,1,train:6845,1,1,1.0,1.0,0.967741935483871,0.967741935483871,-0.580433668984017,0.3548387096774194
961,1,test:2775,0,0,0.84375,1.0,0.6774193548387096,0.6774193548387096,0.8302188798397645,0.5161290322580645
962,1,train:5366,1,1,1.0,1.0,0.6129032258064516,0.8064516129032258,1.0810114052226114,0.8064516129032258
963,1,train:10072,1,1,0.8125,0.0967741935483871,0.03225806451612903,0.03225806451612903,-1.7671801505601805,0.03225806451612903
964,1,train:5364,1,1,0.75,0.25806451612903225,0.16129032258064516,0.12903225806451613,-1.648505502402564,0.06451612903225806
965,1,test:5699,1,1,1.0,1.0,0.5806451612903226,0.5806451612903226,-0.4617590208264008,0.3870967741935484
966,1,train:3562,0,1,1.0,1.0,0.6451612903225806,0.6451612903225806,0.2502888681192974,0.5806451612903226
967,1,train:2204,0,0,1.0,1.0,0.6129032258064516,0.6129032258064516,0.4441821264037676,0.45161290322580644
968,1,train:6569,1,1,1.0,0.6451612903225806,0.2903225806451613,0.2903225806451613,-1.1738069097720987,0.1935483870967742
969,1,train:2494,0,0,0.03125,0.3225806451612903,0.4838709677419355,0.4838709677419355,-1.2929832640582186,0.16129032258064516
970,1,train:7938,1,1,1.0,1.0,0.5483870967741935,0.5483870967741935,1.199686053380228,0.8387096774193549
971,1,train:249,0,0,0.59375,1.0,1.0,0.9354838709677419,-0.5209097571862247,0.2903225806451613
972,1,train:532,1,1,1.0,1.0,0.7419354838709677,0.7419354838709677,0.4876381644345299,0.6451612903225806
973,1,train:3089,1,1,0.53125,0.2903225806451613,0.16129032258064516,0.9354838709677419,-0.10573507635355169,0.4838709677419355
974,1,train:7612,1,0,0.3125,0.2903225806451613,0.41935483870967744,0.41935483870967744,2.3743658935837524,0.7741935483870968
975,1,train:1033,0,0,0.71875,0.2903225806451613,0.9354838709677419,0.9354838709677419,1.216255633275762,0.5806451612903226
976,1,train:9994,0,0,0.71875,0.3225806451612903,0.8387096774193549,0.8387096774193549,1.4092740099937602,0.6129032258064516
977,1,train:5537,0,0,1.0,1.0,1.0,0.9032258064516129,-0.3278913804682263,0.3225806451612903
978,1,train:9017,0,0,0.96875,1.0,0.5161290322580645,0.5161290322580645,0.4441821264037676,0.45161290322580644
979,1,train:5534,1,1,1.0,0.7419354838709677,0.5483870967741935,0.16129032258064516,-1.0551322616144823,0.22580645161290322
980,1,train:6374,0,0,0.625,0.2903225806451613,0.5161290322580645,0.5161290322580645,-0.5209097571862247,0.2903225806451613
981,1,train:1660,0,0,1.0,1.0,0.45161290322580644,0.45161290322580644,1.4092740099937602,0.6129032258064516
982,1,train:8451,1,0,0.15625,0.2903225806451613,0.4838709677419355,0.4838709677419355,-0.3278913804682263,0.3225806451612903
983,1,train:308,1,1,1.0,1.0,0.6774193548387096,0.6774193548387096,1.0810114052226114,0.8064516129032258
984,1,train:708,1,0,0.1875,0.25806451612903225,0.06451612903225806,0.06451612903225806,-2.065056770930213,0.03225806451612903
985,1,train:4334,0,0,0.03125,0.25806451612903225,0.06451612903225806,0.06451612903225806,-1.486001640776217,0.12903225806451613
986,1,train:2706,0,0,0.78125,0.7419354838709677,0.1935483870967742,0.1935483870967742,0.25116374968576927,0.41935483870967744
987,1,train:9816,0,0,1.0,1.0,0.967741935483871,0.967741935483871,0.8302188798397645,0.5161290322580645
988,1,train:9284,1,1,0.96875,1.0,0.16129032258064516,0.16129032258064516,-1.2924815579297153,0.16129032258064516
989,1,train:1884,1,1,1.0,1.0,0.7419354838709677,0.8387096774193549,-1.0551322616144823,0.22580645161290322
990,1,train:9366,1,1,1.0,1.0,0.5806451612903226,0.967741935483871,1.7930592941683097,1.0
991,1,train:4305,0,0,0.875,1.0,0.5161290322580645,0.5161290322580645,0.4441821264037676,0.45161290322580644
992,1,train:2970,1,1,1.0,1.0,0.6774193548387096,0.6774193548387096,0.2502888681192974,0.5806451612903226
993,1,train:5222,1,1,0.90625,0.25806451612903225,0.5161290322580645,0.5161290322580645,1.6743846460106935,0.967741935483871
994,1,train:5222,0,0,0.96875,1.0,0.41935483870967744,0.41935483870967744,-0.13487300375022768,0.3548387096774194
995,1,train:4929,0,0,0.9375,0.9032258064516129,0.8709677419354839,0.8709677419354839,-0.7139281339042233,0.25806451612903225
996,1,train:6569,1,1,0.78125,0.6451612903225806,0.5483870967741935,0.6774193548387096,-0.9364576134568661,0.25806451612903225
997,1,train:7612,1,0,0.0625,0.25806451612903225,0.25806451612903225,0.25806451612903225,-1.2929832640582186,0.16129032258064516
998,1,train:8451,1,1,0.96875,1.0,0.5161290322580645,0.5161290322580645,0.13161421996168077,0.5483870967741935
999,1,train:4691,0,0,0.1875,0.25806451612903225,0.7096774193548387,0.7096774193548387,-1.486001640776217,0.12903225806451613
1000,1,train:8337,0,0,1.0,0.3225806451612903,0.967741935483871,0.967741935483871,0.058145372967770635,0.3870967741935484
1001,1,train:2970,1,1,1.0,1.0,0.6451612903225806,1.0,1.199686053380228,0.8387096774193549
1002,1,train:7590,0,0,0.25,0.8387096774193549,0.8709677419354839,0.8709677419354839,0.058145372967770635,0.3870967741935484
1003,1,train:2225,0,1,0.90625,1.0,0.8064516129032258,0.8064516129032258,-0.580433668984017,0.3548387096774194
1004,1,train:1660,0,0,0.9375,0.9354838709677419,0.5161290322580645,0.5161290322580645,1.216255633275762,0.5806451612903226
1005,1,train:3706,0,0,0.53125,0.6774193548387096,0.45161290322580644,0.45161290322580644,-0.5209097571862247,0.2903225806451613
1006,1,train:3562,1,1,1.0,1.0,1.0,0.7419354838709677,1.7930592941683097,1.0
1007,1,train:1609,0,0,0.0625,0.2903225806451613,0.3225806451612903,0.3225806451612903,-1.0999648873402201,0.1935483870967742
1008,1,train:6569,0,0,1.0,1.0,1.0,0.8387096774193549,0.8302188798397645,0.5161290322580645
1009,1,train:10072,0,0,1.0,1.0,0.45161290322580644,0.45161290322580644,0.4441821264037676,0.45161290322580644
1010,1,train:4929,0,0,1.0,1.0,0.6129032258064516,0.6129032258064516,0.6372005031217662,0.4838709677419355
1011,1,train:5430,0,0,0.875,1.0,0.5483870967741935,0.5483870967741935,-0.3278913804682263,0.3225806451612903
1012,1,train:6505,1,1,1.0,1.0,0.3870967741935484,0.3870967741935484,1.7930592941683097,1.0
1013,1,train:8451,0,0,0.59375,0.967741935483871,0.1935483870967742,0.1935483870967742,-0.3278913804682263,0.3225806451612903
1014,1,test:9441,1,1,0.78125,0.5483870967741935,0.06451612903225806,0.06451612903225806,0.6063128125921461,0.6774193548387096
1015,1,train:5864,0,0,0.15625,0.41935483870967744,0.967741935483871,0.967741935483871,-1.0999648873402201,0.1935483870967742
1016,1,test:9736,0,0,0.96875,0.5806451612903226,0.6451612903225806,0.6451612903225806,0.25116374968576927,0.41935483870967744
1017,1,train:8269,1,1,1.0,1.0,0.6774193548387096,0.6774193548387096,1.4370353496954607,0.9032258064516129
1018,1,train:8857,0,0,0.9375,1.0,0.6129032258064516,0.6129032258064516,-0.5209097571862247,0.2903225806451613
1019,1,train:4691,0,0,0.90625,0.6774193548387096,0.25806451612903225,0.25806451612903225,0.25116374968576927,0.41935483870967744
1020,1,train:1266,1,1,1.0,1.0,0.3870967741935484,0.9354838709677419,-0.4617590208264008,0.3870967741935484
1021,1,train:7612,1,1,1.0,1.0,0.5483870967741935,0.5483870967741935,-0.8177829652992497,0.2903225806451613
1022,1,train:868,1,1,1.0,1.0,0.5806451612903226,1.0,0.843662108907379,0.7419354838709677
1023,1,train:7938,1,1,1.0,1.0,0.7419354838709677,0.41935483870967744,0.4876381644345299,0.6451612903225806
0,0,test:6949,1,1,1.0,1.0,0.41935483870967744,0.41935483870967744,0.843662108907379,0.7419354838709677
1,0,train:1609,0,0,0.78125,0.45161290322580644,1.0,0.1935483870967742,-0.7139281339042233,0.25806451612903225
2,0,train:4916,0,0,1.0,1.0,0.8064516129032258,0.8064516129032258,1.7953107634297567,0.6774193548387096
3,0,train:1884,1,1,1.0,1.0,0.5806451612903226,0.5806451612903226,-0.8177829652992497,0.2903225806451613
4,0,train:6476,0,0,0.09375,0.16129032258064516,0.03225806451612903,0.03225806451612903,-1.0999648873402201,0.1935483870967742
5,0,train:418,0,0,0.375,0.3870967741935484,0.5161290322580645,0.5161290322580645,0.058145372967770635,0.3870967741935484
6,0,train:249,1,0,0.21875,0.45161290322580644,0.3870967741935484,0.3870967741935484,0.8302188798397645,0.5161290322580645
7,0,train:5456,1,1,1.0,1.0,0.22580645161290322,0.22580645161290322,0.13161421996168077,0.5483870967741935
8,0,train:7448,0,0,1.0,1.0,0.967741935483871,0.967741935483871,1.216255633275762,0.5806451612903226
9,0,train:5364,1,1,1.0,1.0,0.7741935483870968,0.7741935483870968,-0.10573507635355169,0.4838709677419355
10,0,train:9017,0,0,0.28125,0.25806451612903225,0.6129032258064516,0.6129032258064516,-0.9069465106222218,0.22580645161290322
11,0,train:5574,1,1,1.0,1.0,0.1935483870967742,0.1935483870967742,-1.0551322616144823,0.22580645161290322
12,0,train:2809,1,1,1.0,1.0,0.4838709677419355,0.7096774193548387,1.6743846460106935,0.967741935483871
13,0,train:1780,1,1,0.9375,1.0,0.22580645161290322,0.22580645161290322,-0.8177829652992497,0.2903225806451613
14,0,train:860,1,1,1.0,1.0,0.6129032258064516,0.6129032258064516,-0.34308437266878433,0.41935483870967744
15,0,train:2272,0,0,0.5625,0.8709677419354839,0.8064516129032258,0.8064516129032258,-0.9069465106222218,0.22580645161290322
16,0,train:7877,1,0,0.03125,0.2903225806451613,0.1935483870967742,0.1935483870967742,-0.13487300375022768,0.3548387096774194
17,0,train:6638,0,0,1.0,1.0,0.6774193548387096,0.6774193548387096,0.6372005031217662,0.4838709677419355
18,0,train:2814,0,0,0.09375,0.45161290322580644,0.7096774193548387,0.7096774193548387,1.6022923867117584,0.6451612903225806
19,0,train:7448,0,0,0.4375,0.8064516129032258,0.16129032258064516,0.16129032258064516,-0.9069465106222218,0.22580645161290322
20,0,train:5222,0,0,0.09375,0.3548387096774194,0.1935483870967742,0.1935483870967742,-1.2929832640582186,0.16129032258064516
21,0,train:5167,1,1,1.0,1.0,0.3870967741935484,0.3870967741935484,0.7249874607497627,0.7096774193548387
22,0,train:5537,0,0,0.96875,1.0,0.45161290322580644,0.45161290322580644,0.058145372967770635,0.3870967741935484
23,0,train:8762,1,1,0.78125,0.3225806451612903,0.5806451612903226,0.5806451612903226,0.7249874607497627,0.7096774193548387
24,0,train:708,0,0,0.6875,0.7096774193548387,0.3870967741935484,0.3870967741935484,0.058145372967770635,0.3870967741935484
25,0,train:4691,1,0,0.3125,0.2903225806451613,0.967741935483871,0.967741935483871,0.25116374968576927,0.41935483870967744
26,0,train:2494,1,1,1.0,1.0,0.45161290322580644,0.45161290322580644,-0.2244097245111681,0.45161290322580644
27,0,train:7510,1,1,1.0,1.0,0.45161290322580644,0.45161290322580644,0.2502888681192974,0.5806451612903226
28,0,train:3461,1,0,0.96875,0.2903225806451613,0.1935483870967742,0.1935483870967742,-0.9069465106222218,0.22580645161290322
29,0,train:5574,0,0,0.5625,0.5483870967741935,0.5806451612903226,0.2903225806451613,0.6372005031217662,0.4838709677419355
30,0,train:8780,1,0,0.15625,0.25806451612903225,0.06451612903225806,0.06451612903225806,-1.6790200174942154,0.0967741935483871
31,0,train:9017,0,0,1.0,1.0,0.5483870967741935,0.5483870967741935,-0.13487300375022768,0.3548387096774194
32,0,train:8269,0,1,1.0,1.0,0.06451612903225806,0.06451612903225806,-1.7671801505601805,0.03225806451612903
33,0,train:1266,0,0,1.0,1.0,0.9032258064516129,0.9032258064516129,0.6372005031217662,0.4838709677419355
34,0,train:8337,1,1,0.75,0.25806451612903225,0.25806451612903225,0.22580645161290322,-0.9364576134568661,0.25806451612903225
35,0,train:1999,1,1,0.65625,0.2903225806451613,0.5161290322580645,0.5161290322580645,-1.648505502402564,0.06451612903225806
36,0,train:1479,0,0,0.875,0.3548387096774194,0.06451612903225806,0.06451612903225806,0.058145372967770635,0.3870967741935484
37,0,train:2970,1,1,1.0,1.0,0.6774193548387096,0.6774193548387096,1.199686053380228,0.8387096774193549
38,0,train:2590,0,0,0.09375,0.16129032258064516,0.06451612903225806,0.06451612903225806,-1.6790200174942154,0.0967741935483871
39,0,train:6438,0,0,0.40625,0.25806451612903225,0.16129032258064516,0.16129032258064516,0.4441821264037676,0.45161290322580644
40,0,train:9017,0,0,1.0,1.0,0.5806451612903226,0.5806451612903226,1.216255633275762,0.5806451612903226
41,0,train:8762,1,0,0.59375,0.25806451612903225,0.3225806451612903,0.3225806451612903,-0.7139281339042233,0.25806451612903225
42,0,train:1615,1,1,1.0,1.0,0.7096774193548387,0.5161290322580645,0.13161421996168077,0.5483870967741935
43,0,train:5644,1,1,1.0,1.0,0.5806451612903226,0.5806451612903226,-0.34308437266878433,0.41935483870967744
44,0,train:5833,0,0,1.0,1.0,1.0,1.0,0.4441821264037676,0.45161290322580644
45,0,train:7612,1,1,1.0,1.0,0.4838709677419355,0.4838709677419355,-0.10573507635355169,0.4838709677419355
46,0,train:3570,1,1,1.0,1.0,0.12903225806451613,0.12903225806451613,-1.1738069097720987,0.1935483870967742
47,0,train:1033,0,0,1.0,1.0,0.7096774193548387,0.7096774193548387,0.8302188798397645,0.5161290322580645
48,0,train:4929,1,1,1.0,1.0,0.5161290322580645,0.5483870967741935,-0.2244097245111681,0.45161290322580644
49,0,train:1033,0,0,0.9375,0.967741935483871,0.4838709677419355,0.4838709677419355,0.25116374968576927,0.41935483870967744
50,0,train:4334,0,0,0.6875,0.5161290322580645,0.4838709677419355,0.4838709677419355,0.25116374968576927,0.41935483870967744
51,0,train:6421,0,0,1.0,1.0,0.7741935483870968,0.3870967741935484,0.4441821264037676,0.45161290322580644
52,0,train:8105,0,0,0.03125,0.2903225806451613,0.8387096774193549,0.8387096774193549,-0.9069465106222218,0.22580645161290322
53,0,train:9366,1,0,0.15625,0.1935483870967742,0.06451612903225806,0.06451612903225806,-0.7139281339042233,0.25806451612903225
54,0,train:1615,1,1,1.0,1.0,0.5806451612903226,0.4838709677419355,1.4370353496954607,0.9032258064516129
55,0,train:5644,1,1,1.0,1.0,0.5483870967741935,0.5483870967741935,-0.2244097245111681,0.45161290322580644
56,0,train:6505,1,1,1.0,0.45161290322580644,0.1935483870967742,0.1935483870967742,-1.0551322616144823,0.22580645161290322
57,0,train:418,0,0,0.375,0.4838709677419355,0.7419354838709677,0.7419354838709677,1.6022923867117584,0.6451612903225806
58,0,train:8488,1,1,1.0,1.0,0.6451612903225806,0.6451612903225806,0.36896351627691365,0.6129032258064516
59,0,train:5227,1,0,0.03125,0.25806451612903225,0.7096774193548387,0.7096774193548387,-0.9069465106222218,0.22580645161290322
60,0,train:3570,0,0,0.4375,0.5483870967741935,0.7741935483870968,0.7741935483870968,0.6372005031217662,0.4838709677419355
61,0,train:6415,0,0,0.375,0.45161290322580644,1.0,0.9354838709677419,-0.9069465106222218,0.22580645161290322
62,0,train:8756,1,1,1.0,1.0,0.6774193548387096,0.9354838709677419,0.2502888681192974,0.5806451612903226
63,0,train:868,1,1,1.0,1.0,0.967741935483871,1.0,1.0810114052226114,0.8064516129032258
64,0,train:8996,1,0,1.0,1.0,0.8709677419354839,0.8709677419354839,0.058145372967770635,0.3870967741935484
65,0,train:3539,0,1,1.0,1.0,0.3225806451612903,0.41935483870967744,-1.1738069097720987,0.1935483870967742
66,0,train:8756,0,1,1.0,1.0,0.6451612903225806,0.8387096774193549,0.01293957180406455,0.5161290322580645
67,0,train:7451,1,1,1.0,1.0,0.9032258064516129,0.6774193548387096,0.7249874607497627,0.7096774193548387
68,0,train:8057,0,0,0.96875,1.0,1.0,1.0,0.4441821264037676,0.45161290322580644
69,0,train:7448,0,0,0.96875,1.0,0.8064516129032258,0.8064516129032258,1.0232372565577628,0.5483870967741935
70,0,train:5537,0,0,0.28125,0.2903225806451613,0.5161290322580645,0.5161290322580645,1.216255633275762,0.5806451612903226
71,0,train:5193,1,1,0.9375,0.5483870967741935,0.9032258064516129,0.9032258064516129,0.4876381644345299,0.6451612903225806
72,0,train:7448,0,0,1.0,1.0,1.0,0.6451612903225806,0.8302188798397645,0.5161290322580645
73,0,train:8488,1,1,1.0,1.0,0.3225806451612903,0.3225806451612903,0.6063128125921461,0.6774193548387096
74,0,train:529,1,1,0.9375,1.0,0.1935483870967742,0.1935483870967742,-1.4111562060873315,0.12903225806451613
75,0,train:709,1,1,1.0,1.0,0.4838709677419355,0.4838709677419355,-0.9364576134568661,0.25806451612903225
76,0,train:8762,0,0,0.78125,0.4838709677419355,0.12903225806451613,0.12903225806451613,0.4441821264037676,0.45161290322580644
77,0,train:709,0,0,0.90625,0.7096774193548387,0.7096774193548387,0.7096774193548387,1.216255633275762,0.5806451612903226
78,0,train:8488,0,0,1.0,1.0,0.3225806451612903,0.3225806451612903,0.25116374968576927,0.41935483870967744
79,0,train:5816,1,0,0.875,0.25806451612903225,0.25806451612903225,0.25806451612903225,-0.3278913804682263,0.3225806451612903
80,0,train:1999,0,0,1.0,1.0,0.5161290322580645,0.5161290322580645,0.6372005031217662,0.4838709677419355
81,0,train:6212,0,0,0.09375,0.2903225806451613,0.03225806451612903,0.03225806451612903,-1.2929832640582186,0.16129032258064516
82,0,train:5222,1,1,0.78125,0.6451612903225806,0.45161290322580644,0.6774193548387096,-0.580433668984017,0.3548387096774194
83,0,train:868,1,1,1.0,1.0,0.41935483870967744,0.9032258064516129,-0.10573507635355169,0.4838709677419355
84,0,train:2706,1,1,1.0,1.0,0.5483870967741935,0.5483870967741935,0.6063128125921461,0.6774193548387096
85,0,train:2809,1,1,1.0,1.0,0.6774193548387096,0.7419354838709677,0.6063128125921461,0.6774193548387096
86,0,train:9483,1,1,1.0,1.0,0.8387096774193549,0.8064516129032258,0.01293957180406455,0.5161290322580645
87,0,train:8669,0,0,1.0,1.0,0.7741935483870968,0.7741935483870968,-0.7139281339042233,0.25806451612903225
88,0,train:10072,0,0,0.96875,1.0,0.5806451612903226,0.5806451612903226,1.4092740099937602,0.6129032258064516
89,0,train:4944,0,0,0.875,0.967741935483871,0.9032258064516129,0.9032258064516129,0.6372005031217662,0.4838709677419355
90,0,train:6505,1,1,0.96875,1.0,0.03225806451612903,0.03225806451612903,-1.7671801505601805,0.03225806451612903
91,0,train:328,0,0,0.53125,0.3870967741935484,0.12903225806451613,0.12903225806451613,-1.2929832640582186,0.16129032258064516
92,0,train:2225,0,1,0.8125,0.6129032258064516,0.3225806451612903,0.3225806451612903,0.2502888681192974,0.5806451612903226
93,0,train:308,1,0,0.75,1.0,0.3225806451612903,0.9032258064516129,-1.0999648873402201,0.1935483870967742
94,0,train:8857,0,0,0.75,1.0,0.7741935483870968,0.7741935483870968,0.4441821264037676,0.45161290322580644
95,0,train:7448,0,0,0.8125,0.8387096774193549,0.8387096774193549,0.8387096774193549,-0.7139281339042233,0.25806451612903225
96,0,train:8762,1,0,0.46875,0.2903225806451613,0.1935483870967742,0.12903225806451613,-2.065056770930213,0.03225806451612903
97,0,train:262,1,1,1.0,1.0,0.5161290322580645,0.45161290322580644,-0.6991083171416335,0.3225806451612903
98,0,train:9017,0,0,1.0,1.0,0.3225806451612903,0.3225806451612903,-0.7139281339042233,0.25806451612903225
99,0,train:1615,1,1,1.0,1.0,0.5161290322580645,0.3548387096774194,0.4876381644345299,0.6451612903225806
100,0,train:9017,0,0,0.75,0.6129032258064516,0.7419354838709677,0.7419354838709677,-0.13487300375022768,0.3548387096774194
101,0,train:9037,0,0,0.03125,0.5483870967741935,1.0,1.0,0.4441821264037676,0.45161290322580644
102,0,train:7877,0,0,0.09375,0.25806451612903225,1.0,0.5161290322580645,-1.6790200174942154,0.0967741935483871
103,0,train:5727,0,0,0.875,0.45161290322580644,0.45161290322580644,0.45161290322580644,0.058145372967770635,0.3870967741935484
104,0,train:529,1,1,1.0,1.0,0.7419354838709677,0.7419354838709677,0.6063128125921461,0.6774193548387096
105,0,train:2272,0,0,0.03125,0.25806451612903225,0.0967741935483871,0.0967741935483871,-0.9069465106222218,0.22580645161290322
106,0,train:5456,1,0,0.71875,0.5483870967741935,0.45161290322580644,0.967741935483871,0.4441821264037676,0.45161290322580644
107,0,train:5035,0,1,1.0,1.0,0.45161290322580644,0.5806451612903226,0.9623367570649952,0.7741935483870968
108,0,train:4916,0,0,1.0,1.0,0.7741935483870968,0.7741935483870968,-0.13487300375022768,0.3548387096774194
109,0,train:7510,1,1,1.0,0.3548387096774194,0.3870967741935484,0.3870967741935484,-0.10573507635355169,0.4838709677419355
110,0,train:3939,0,1,0.8125,0.5161290322580645,0.16129032258064516,0.16129032258064516,-1.1738069097720987,0.1935483870967742
111,0,train:1609,0,0,0.78125,1.0,0.7741935483870968,1.0,-1.6790200174942154,0.0967741935483871
112,0,test:2775,1,1,0.96875,1.0,0.06451612903225806,0.06451612903225806,-0.10573507635355169,0.4838709677419355
113,0,train:9816,0,0,1.0,0.8387096774193549,1.0,0.9354838709677419,1.216255633275762,0.5806451612903226
114,0,train:5227,0,1,1.0,1.0,0.7741935483870968,0.7741935483870968,-0.2244097245111681,0.45161290322580644
115,0,train:3562,1,1,1.0,1.0,0.7096774193548387,0.7096774193548387,-0.2244097245111681,0.45161290322580644
116,0,train:2814,0,1,0.90625,0.1935483870967742,0.1935483870967742,0.0967741935483871,-0.580433668984017,0.3548387096774194
117,0,train:2437,1,1,1.0,1.0,0.5483870967741935,0.2903225806451613,-0.6991083171416335,0.3225806451612903
118,0,train:1780,1,0,0.5625,0.6129032258064516,0.8064516129032258,0.8064516129032258,-0.3278913804682263,0.3225806451612903
119,0,train:8030,1,0,0.84375,1.0,0.9032258064516129,0.9032258064516129,-0.9069465106222218,0.22580645161290322
120,0,train:8359,1,1,1.0,1.0,0.25806451612903225,0.25806451612903225,0.13161421996168077,0.5483870967741935
121,0,train:1780,1,1,1.0,1.0,0.5806451612903226,0.9354838709677419,0.13161421996168077,0.5483870967741935
122,0,train:359,1,1,1.0,1.0,0.4838709677419355,0.6774193548387096,0.843662108907379,0.7419354838709677
123,0,train:2102,0,1,1.0,1.0,0.9032258064516129,0.967741935483871,0.6063128125921461,0.6774193548387096
124,0,train:2272,0,1,1.0,1.0,0.9354838709677419,0.7419354838709677,0.4876381644345299,0.6451612903225806
125,0,train:7590,1,1,1.0,1.0,0.6774193548387096,0.8709677419354839,0.36896351627691365,0.6129032258064516
126,0,train:418,0,0,0.59375,0.4838709677419355,0.7096774193548387,0.7096774193548387,-0.5209097571862247,0.2903225806451613
127,0,train:1033,1,0,0.65625,0.45161290322580644,0.8709677419354839,0.8709677419354839,1.0232372565577628,0.5483870967741935
128,0,train:6415,0,0,0.5625,0.7741935483870968,0.7419354838709677,0.7419354838709677,0.4441821264037676,0.45161290322580644
129,0,train:868,0,0,0.09375,0.25806451612903225,1.0,0.4838709677419355,0.8302188798397645,0.5161290322580645
130,0,train:8451,0,1,0.59375,0.3225806451612903,0.4838709677419355,0.4838709677419355,-0.8177829652992497,0.2903225806451613
131,0,train:999,1,0,0.75,0.25806451612903225,1.0,0.6774193548387096,-0.13487300375022768,0.3548387096774194
132,0,train:2970,1,0,0.15625,0.3225806451612903,0.6774193548387096,0.6774193548387096,-0.9069465106222218,0.22580645161290322
133,0,train:2809,1,1,1.0,1.0,0.6774193548387096,0.6774193548387096,1.199686053380228,0.8387096774193549
134,0,test:5610,1,1,1.0,1.0,0.9354838709677419,1.0,0.36896351627691365,0.6129032258064516
135,0,train:5809,0,0,0.96875,0.7096774193548387,0.3548387096774194,0.3548387096774194,0.058145372967770635,0.3870967741935484
136,0,train:2494,1,1,0.875,0.6451612903225806,0.3870967741935484,0.3870967741935484,-0.4617590208264008,0.3870967741935484
137,0,train:8762,1,1,1.0,1.0,0.25806451612903225,1.0,-0.9364576134568661,0.25806451612903225
138,0,train:3733,0,0,0.34375,0.3225806451612903,0.8064516129032258,0.8064516129032258,-1.2929832640582186,0.16129032258064516
139,0,train:3461,1,1,1.0,1.0,0.45161290322580644,0.7419354838709677,-0.10573507635355169,0.4838709677419355
140,0,train:9366,1,0,0.03125,0.25806451612903225,0.41935483870967744,0.41935483870967744,-1.486001640776217,0.12903225806451613
141,0,train:2437,1,1,0.90625,0.9354838709677419,0.12903225806451613,0.12903225806451613,-0.8177829652992497,0.2903225806451613
142,0,train:5534,1,1,1.0,1.0,0.3870967741935484,0.3870967741935484,-0.9364576134568661,0.25806451612903225
143,0,train:7448,0,0,0.21875,0.25806451612903225,0.03225806451612903,0.03225806451612903,-2.065056770930213,0.03225806451612903
144,0,train:359,1,1,1.0,1.0,0.8064516129032258,0.8064516129032258,0.2502888681192974,0.5806451612903226
145,0,test:6949,1,1,1.0,1.0,0.3225806451612903,0.3225806451612903,1.4370353496954607,0.9032258064516129
146,0,train:4514,0,1,1.0,1.0,0.5161290322580645,0.41935483870967744,-0.9364576134568661,0.25806451612903225
147,0,train:5537,0,1,0.9375,0.3225806451612903,0.7096774193548387,0.25806451612903225,-1.1738069097720987,0.1935483870967742
148,0,train:262,0,0,0.96875,1.0,0.5806451612903226,0.5806451612903226,0.4441821264037676,0.45161290322580644
149,0,train:8669,0,0,1.0,1.0,0.8064516129032258,0.8064516129032258,0.4441821264037676,0.45161290322580644
150,0,train:5300,1,1,1.0,1.0,0.16129032258064516,0.1935483870967742,-0.34308437266878433,0.41935483870967744
151,0,train:909,1,1,1.0,1.0,0.3548387096774194,0.3548387096774194,0.2502888681192974,0.5806451612903226
152,0,train:9816,0,0,0.96875,1.0,0.3548387096774194,0.3548387096774194,0.4441821264037676,0.45161290322580644
153,0,test:9736,0,0,0.9375,0.9032258064516129,0.7741935483870968,0.7741935483870968,-0.7139281339042233,0.25806451612903225
154,0,train:7612,1,1,1.0,1.0,0.45161290322580644,0.6451612903225806,-0.10573507635355169,0.4838709677419355
155,0,train:5456,1,1,1.0,1.0,0.9032258064516129,1.0,-0.2244097245111681,0.45161290322580644
156,0,train:418,0,0,1.0,1.0,1.0,0.6129032258064516,0.8302188798397645,0.5161290322580645
157,0,train:9816,0,0,0.46875,0.25806451612903225,0.4838709677419355,0.9032258064516129,-0.5209097571862247,0.2903225806451613
158,0,train:4915,1,0,0.34375,0.5483870967741935,0.25806451612903225,0.25806451612903225,0.6372005031217662,0.4838709677419355
159,0,train:1660,1,1,0.96875,1.0,0.7096774193548387,0.7096774193548387,-0.9364576134568661,0.25806451612903225
160,0,train:359,0,0,0.8125,0.3870967741935484,0.45161290322580644,0.45161290322580644,-1.486001640776217,0.12903225806451613
161,0,train:1788,0,0,0.9375,0.4838709677419355,0.4838709677419355,0.3548387096774194,-0.13487300375022768,0.3548387096774194
162,0,train:8718,1,1,0.9375,0.7419354838709677,0.6129032258064516,0.6129032258064516,-1.5298308542449477,0.0967741935483871
163,0,train:1866,1,1,0.9375,1.0,0.5161290322580645,0.5161290322580645,-1.1738069097720987,0.1935483870967742
164,0,train:1727,1,0,0.28125,0.06451612903225806,0.3548387096774194,0.3548387096774194,-1.872038394212214,0.06451612903225806
165,0,train:4305,1,0,0.15625,0.3870967741935484,0.06451612903225806,0.06451612903225806,-0.7139281339042233,0.25806451612903225
166,0,train:5877,1,0,0.75,0.5806451612903226,1.0,0.6774193548387096,0.058145372967770635,0.3870967741935484
167,0,test:5427,0,1,0.71875,0.8064516129032258,0.5806451612903226,0.5806451612903226,-1.1738069097720987,0.1935483870967742
168,0,train:359,0,0,0.65625,0.45161290322580644,0.2903225806451613,0.2903225806451613,-0.7139281339042233,0.25806451612903225
169,0,train:10072,1,1,0.65625,0.0967741935483871,0.3870967741935484,0.3870967741935484,-1.5298308542449477,0.0967741935483871
170,0,train:2809,1,1,1.0,1.0,0.4838709677419355,1.0,-0.6991083171416335,0.3225806451612903
171,0,train:6374,0,1,0.96875,0.8064516129032258,0.2903225806451613,0.2903225806451613,-1.5298308542449477,0.0967741935483871
172,0,train:1615,1,1,1.0,1.0,0.7741935483870968,0.7741935483870968,1.7930592941683097,1.0
173,0,test:5069,1,1,0.84375,1.0,0.7096774193548387,0.7096774193548387,0.13161421996168077,0.5483870967741935
174,0,train:9037,1,1,1.0,1.0,0.16129032258064516,0.16129032258064516,0.01293957180406455,0.5161290322580645
175,0,train:8462,0,0,0.125,0.25806451612903225,0.7741935483870968,0.7741935483870968,0.8302188798397645,0.5161290322580645
176,0,train:4944,0,1,0.40625,0.41935483870967744,0.5806451612903226,0.8387096774193549,1.0810114052226114,0.8064516129032258
177,0,train:2590,0,0,0.03125,0.2903225806451613,1.0,0.16129032258064516,-1.2929832640582186,0.16129032258064516
178,0,train:1958,1,1,0.84375,0.967741935483871,0.7741935483870968,0.7741935483870968,1.7930592941683097,1.0
179,0,train:328,1,1,1.0,1.0,0.7096774193548387,0.41935483870967744,0.2502888681192974,0.5806451612903226
180,0,train:9397,1,1,1.0,1.0,0.16129032258064516,0.4838709677419355,-0.8177829652992497,0.2903225806451613
181,0,train:5765,0,0,0.03125,0.1935483870967742,0.2903225806451613,0.2903225806451613,-1.6790200174942154,0.0967741935483871
182,0,train:1884,1,1,1.0,0.6774193548387096,0.2903225806451613,0.45161290322580644,-1.4111562060873315,0.12903225806451613
183,0,test:9736,0,0,0.34375,0.2903225806451613,0.6774193548387096,0.6774193548387096,-0.3278913804682263,0.3225806451612903
184,0,train:9366,1,1,0.875,0.3225806451612903,0.03225806451612903,0.03225806451612903,-1.7671801505601805,0.03225806451612903
185,0,train:5765,0,0,0.4375,0.45161290322580644,1.0,0.41935483870967744,0.25116374968576927,0.41935483870967744
186,0,train:8576,1,1,1.0,1.0,1.0,1.0,0.843662108907379,0.7419354838709677
187,0,train:9017,0,0,1.0,0.8387096774193549,0.22580645161290322,0.22580645161290322,-0.5209097571862247,0.2903225806451613
188,0,train:4944,0,0,1.0,1.0,0.8387096774193549,0.8387096774193549,1.7953107634297567,0.6774193548387096
189,0,train:9188,0,0,0.46875,0.5161290322580645,1.0,0.9354838709677419,-0.5209097571862247,0.2903225806451613
190,0,test:6949,1,1,1.0,1.0,0.3870967741935484,0.3870967741935484,-0.2244097245111681,0.45161290322580644
191,0,train:2809,1,1,1.0,1.0,0.6774193548387096,0.6774193548387096,-0.8177829652992497,0.2903225806451613
192,0,train:10072,1,0,0.625,0.3225806451612903,0.967741935483871,0.967741935483871,0.25116374968576927,0.41935483870967744
193,0,train:1033,0,0,1.0,1.0,1.0,0.967741935483871,1.6022923867117584,0.6451612903225806
194,0,train:5193,1,1,1.0,1.0,0.5483870967741935,0.5483870967741935,-0.8177829652992497,0.2903225806451613
195,0,train:418,1,1,1.0,1.0,0.3870967741935484,0.3870967741935484,-0.34308437266878433,0.41935483870967744
196,0,train:7590,0,0,0.4375,0.7096774193548387,0.967741935483871,0.967741935483871,-0.3278913804682263,0.3225806451612903
197,0,train:1866,1,1,0.90625,0.5161290322580645,0.12903225806451613,0.41935483870967744,1.199686053380228,0.8387096774193549
198,0,test:2463,1,1,0.90625,0.45161290322580644,1.0,1.0,-0.9364576134568661,0.25806451612903225
199,0,train:1266,0,0,0.71875,0.2903225806451613,0.0967741935483871,0.0967741935483871,-1.0999648873402201,0.1935483870967742
200,0,train:5193,1,1,1.0,1.0,0.3225806451612903,0.7419354838709677,1.7930592941683097,1.0
201,0,test:6949,1,1,1.0,1.0,0.6129032258064516,0.45161290322580644,0.01293957180406455,0.5161290322580645
202,0,train:2102,0,0,1.0,1.0,0.3548387096774194,0.3225806451612903,-0.13487300375022768,0.3548387096774194
203,0,train:1266,1,0,0.375,0.6129032258064516,1.0,0.9032258064516129,0.6372005031217662,0.4838709677419355
204,0,train:6372,1,0,1.0,1.0,0.7096774193548387,0.7096774193548387,0.25116374968576927,0.41935483870967744
205,0,train:5833,0,1,0.96875,1.0,0.3548387096774194,0.3548387096774194,0.2502888681192974,0.5806451612903226
206,0,train:4514,0,0,0.3125,0.25806451612903225,0.3548387096774194,0.3548387096774194,0.4441821264037676,0.45161290322580644
207,0,train:6638,1,1,1.0,1.0,0.25806451612903225,0.25806451612903225,-0.2244097245111681,0.45161290322580644
208,0,test:5069,1,1,1.0,1.0,0.9354838709677419,0.9354838709677419,0.843662108907379,0.7419354838709677
209,0,train:708,1,1,0.9375,0.3225806451612903,0.2903225806451613,0.2903225806451613,-1.2924815579297153,0.16129032258064516
210,0,train:5167,0,0,0.375,0.3548387096774194,0.8064516129032258,0.8064516129032258,0.4441821264037676,0.45161290322580644
211,0,train:17,0,0,0.78125,0.25806451612903225,0.5806451612903226,0.5806451612903226,1.4092740099937602,0.6129032258064516
212,0,train:3733,1,1,0.78125,0.3548387096774194,0.5806451612903226,0.0967741935483871,-1.5298308542449477,0.0967741935483871
213,0,train:2437,1,1,1.0,1.0,0.8709677419354839,0.8709677419354839,0.36896351627691365,0.6129032258064516
214,0,train:1609,1,1,1.0,1.0,1.0,0.8709677419354839,0.36896351627691365,0.6129032258064516
215,0,train:3216,0,0,1.0,0.25806451612903225,0.5806451612903226,0.5806451612903226,1.216255633275762,0.5806451612903226
216,0,train:5193,1,0,0.53125,0.2903225806451613,0.1935483870967742,0.1935483870967742,-0.7139281339042233,0.25806451612903225
217,0,train:7480,0,0,0.0625,0.25806451612903225,0.16129032258064516,0.16129032258064516,-1.2929832640582186,0.16129032258064516
218,0,train:2706,1,0,0.78125,1.0,0.45161290322580644,0.3870967741935484,1.6022923867117584,0.6451612903225806
219,0,train:4916,1,0,0.875,0.5483870967741935,0.6129032258064516,0.6129032258064516,0.8302188798397645,0.5161290322580645
220,0,train:1884,1,1,0.96875,1.0,0.3548387096774194,0.3548387096774194,0.2502888681192974,0.5806451612903226
221,0,train:2753,1,1,0.6875,0.03225806451612903,0.03225806451612903,0.22580645161290322,-1.7671801505601805,0.03225806451612903
222,0,train:5222,1,0,0.28125,0.45161290322580644,0.3225806451612903,0.3225806451612903,-1.486001640776217,0.12903225806451613
223,0,test:5610,0,0,0.96875,1.0,0.6129032258064516,0.6129032258064516,-0.13487300375022768,0.3548387096774194
224,0,train:4334,0,0,0.28125,0.3870967741935484,0.45161290322580644,0.45161290322580644,-1.486001640776217,0.12903225806451613
225,0,train:708,1,1,1.0,1.0,0.7741935483870968,0.7741935483870968,-0.34308437266878433,0.41935483870967744
226,0,train:7170,1,1,1.0,1.0,0.4838709677419355,1.0,-0.10573507635355169,0.4838709677419355
227,0,train:5343,0,0,0.03125,0.0967741935483871,0.03225806451612903,0.03225806451612903,-2.065056770930213,0.03225806451612903
228,0,test:9736,0,0,0.59375,0.2903225806451613,0.5483870967741935,0.5483870967741935,-1.486001640776217,0.12903225806451613
229,0,train:7170,1,0,0.40625,0.2903225806451613,0.03225806451612903,0.03225806451612903,-2.065056770930213,0.03225806451612903
230,0,train:3216,1,1,1.0,1.0,0.6451612903225806,1.0,1.3183607015378442,0.8709677419354839
231,0,train:10072,1,0,0.46875,0.2903225806451613,0.5483870967741935,0.5483870967741935,-1.0999648873402201,0.1935483870967742
232,0,train:2225,1,0,0.3125,0.25806451612903225,0.45161290322580644,0.45161290322580644,-0.5209097571862247,0.2903225806451613
233,0,train:8337,0,1,0.8125,0.16129032258064516,0.3870967741935484,0.3870967741935484,0.13161421996168077,0.5483870967741935
234,0,train:9366,1,1,1.0,1.0,0.7096774193548387,0.7096774193548387,-0.10573507635355169,0.4838709677419355
235,0,train:4915,1,1,0.9375,0.9032258064516129,0.5483870967741935,0.967741935483871,0.01293957180406455,0.5161290322580645
236,0,train:6415,0,0,0.46875,0.25806451612903225,0.2903225806451613,0.2903225806451613,-0.7139281339042233,0.25806451612903225
237,0,train:17,0,0,1.0,1.0,0.9354838709677419,0.9354838709677419,1.216255633275762,0.5806451612903226
238,0,train:6845,1,1,1.0,1.0,0.967741935483871,0.8387096774193549,0.13161421996168077,0.5483870967741935
239,0,train:6415,0,0,0.625,0.3870967741935484,0.8064516129032258,0.8064516129032258,-0.5209097571862247,0.2903225806451613
240,0,train:5864,0,0,0.40625,0.1935483870967742,0.25806451612903225,0.25806451612903225,-1.6790200174942154,0.0967741935483871
241,0,train:1033,0,1,0.96875,0.25806451612903225,0.5161290322580645,0.25806451612903225,-0.580433668984017,0.3548387096774194
242,0,train:1866,1,1,1.0,1.0,1.0,0.8387096774193549,0.4876381644345299,0.6451612903225806
243,0,train:6372,0,0,1.0,1.0,1.0,0.967741935483871,1.216255633275762,0.5806451612903226
244,0,train:6438,1,1,1.0,1.0,0.5161290322580645,0.5161290322580645,-0.4617590208264008,0.3870967741935484
245,0,train:5815,0,0,0.96875,1.0,1.0,0.6774193548387096,0.058145372967770635,0.3870967741935484
246,0,train:5222,1,0,0.34375,0.3225806451612903,0.7096774193548387,0.7096774193548387,-0.5209097571862247,0.2903225806451613
247,0,train:3461,1,1,0.84375,1.0,0.45161290322580644,0.45161290322580644,-1.0551322616144823,0.22580645161290322
248,0,train:9483,0,0,0.78125,0.4838709677419355,0.06451612903225806,0.06451612903225806,-0.3278913804682263,0.3225806451612903
249,0,train:418,0,0,0.25,0.25806451612903225,0.25806451612903225,0.25806451612903225,-1.2929832640582186,0.16129032258064516
250,0,train:532,0,1,1.0,1.0,0.8064516129032258,0.8064516129032258,-0.580433668984017,0.3548387096774194
251,0,train:5809,0,0,1.0,1.0,0.967741935483871,0.967741935483871,1.4092740099937602,0.6129032258064516
252,0,train:328,1,1,1.0,1.0,1.0,0.7419354838709677,0.9623367570649952,0.7741935483870968
253,0,train:2204,1,1,1.0,1.0,0.7096774193548387,0.4838709677419355,0.4876381644345299,0.6451612903225806
254,0,train:9017,0,0,1.0,1.0,0.8709677419354839,0.8709677419354839,1.216255633275762,0.5806451612903226
255,0,train:8359,0,0,1.0,1.0,0.7741935483870968,0.8709677419354839,-0.3278913804682263,0.3225806451612903
256,0,train:1866,1,1,1.0,0.967741935483871,0.7741935483870968,0.7741935483870968,-1.648505502402564,0.06451612903225806
257,0,train:1866,0,0,0.5625,0.3225806451612903,0.06451612903225806,0.06451612903225806,-2.065056770930213,0.03225806451612903
258,0,train:5496,1,1,0.53125,0.2903225806451613,0.03225806451612903,0.7419354838709677,-1.4111562060873315,0.12903225806451613
259,0,train:262,0,1,0.96875,1.0,0.8387096774193549,0.8387096774193549,-0.580433668984017,0.3548387096774194
260,0,train:6421,0,0,0.90625,0.8387096774193549,0.8064516129032258,0.8064516129032258,0.4441821264037676,0.45161290322580644
261,0,train:5534,1,1,1.0,1.0,0.7096774193548387,0.7096774193548387,0.36896351627691365,0.6129032258064516
262,0,train:2225,0,0,1.0,1.0,0.5161290322580645,0.5161290322580645,0.25116374968576927,0.41935483870967744
263,0,train:5534,0,1,1.0,1.0,0.45161290322580644,0.45161290322580644,0.4876381644345299,0.6451612903225806
264,0,train:5035,1,1,1.0,1.0,0.8064516129032258,0.8064516129032258,0.843662108907379,0.7419354838709677
265,0,train:6505,0,1,1.0,1.0,0.0967741935483871,0.0967741935483871,-0.2244097245111681,0.45161290322580644
266,0,train:2970,1,1,0.96875,1.0,0.3870967741935484,0.3870967741935484,0.36896351627691365,0.6129032258064516
267,0,train:860,1,1,1.0,1.0,0.5161290322580645,0.5483870967741935,1.4370353496954607,0.9032258064516129
268,0,train:2225,1,1,1.0,1.0,0.8064516129032258,0.8064516129032258,1.0810114052226114,0.8064516129032258
269,0,train:6569,1,0,0.09375,0.25806451612903225,0.12903225806451613,0.12903225806451613,0.8302188798397645,0.5161290322580645
270,0,train:7170,1,1,1.0,1.0,0.6129032258064516,0.6129032258064516,0.36896351627691365,0.6129032258064516
271,0,train:7860,1,1,1.0,1.0,0.45161290322580644,0.45161290322580644,-0.6991083171416335,0.3225806451612903
272,0,test:8237,1,1,0.96875,1.0,1.0,1.0,1.7930592941683097,1.0
273,0,train:5035,1,1,1.0,1.0,0.7741935483870968,0.7741935483870968,0.7249874607497627,0.7096774193548387
274,0,train:5364,1,1,1.0,0.25806451612903225,0.3548387096774194,0.3548387096774194,-1.0551322616144823,0.22580645161290322
275,0,train:3461,1,1,1.0,1.0,0.3870967741935484,0.3870967741935484,-0.580433668984017,0.3548387096774194
276,0,train:7170,0,0,0.78125,0.9354838709677419,0.8064516129032258,0.8064516129032258,1.4092740099937602,0.6129032258064516
277,0,train:8116,1,1,1.0,0.22580645161290322,0.03225806451612903,0.03225806451612903,-1.2924815579297153,0.16129032258064516
278,0,train:308,1,1,1.0,0.7741935483870968,0.8709677419354839,0.8709677419354839,0.843662108907379,0.7419354838709677
279,0,train:6673,1,0,0.25,0.2903225806451613,0.4838709677419355,0.4838709677419355,0.8302188798397645,0.5161290322580645
280,0,train:8576,1,1,0.84375,0.25806451612903225,0.4838709677419355,0.4838709677419355,-1.4111562060873315,0.12903225806451613
281,0,train:5364,1,1,0.96875,1.0,0.9032258064516129,0.9032258064516129,0.13161421996168077,0.5483870967741935
282,0,train:1866,1,0,1.0,1.0,0.5806451612903226,0.1935483870967742,-0.5209097571862247,0.2903225806451613
283,0,train:17,0,0,0.25,0.45161290322580644,0.6129032258064516,0.8387096774193549,1.6022923867117584,0.6451612903225806
284,0,train:2814,0,0,0.5625,0.25806451612903225,0.12903225806451613,0.12903225806451613,-0.5209097571862247,0.2903225806451613
285,0,train:3570,1,1,0.90625,1.0,0.12903225806451613,0.8064516129032258,1.7930592941683097,1.0
286,0,train:6845,1,1,1.0,1.0,0.5806451612903226,0.5806451612903226,0.6063128125921461,0.6774193548387096
287,0,train:7877,1,1,1.0,1.0,1.0,0.8387096774193549,0.843662108907379,0.7419354838709677
288,0,train:9483,0,0,0.03125,0.1935483870967742,0.0967741935483871,0.0967741935483871,-0.7139281339042233,0.25806451612903225
289,0,train:1492,0,0,0.875,0.3225806451612903,0.22580645161290322,0.22580645161290322,-0.9069465106222218,0.22580645161290322
290,0,train:8857,0,0,0.5,0.3548387096774194,0.8387096774193549,0.8387096774193549,0.4441821264037676,0.45161290322580644
291,0,train:1999,1,0,0.34375,0.3870967741935484,0.12903225806451613,0.12903225806451613,-1.872038394212214,0.06451612903225806
292,0,train:7480,1,0,1.0,1.0,1.0,0.6774193548387096,-0.7139281339042233,0.25806451612903225
293,0,train:1788,0,0,0.96875,1.0,0.9032258064516129,0.9032258064516129,1.0232372565577628,0.5483870967741935
294,0,train:6673,0,0,0.78125,1.0,0.9032258064516129,0.9032258064516129,1.216255633275762,0.5806451612903226
295,0,train:8762,1,0,0.0625,0.2903225806451613,0.0967741935483871,0.0967741935483871,-2.065056770930213,0.03225806451612903
296,0,train:6638,1,1,1.0,1.0,0.7419354838709677,0.6129032258064516,0.4876381644345299,0.6451612903225806
297,0,train:7170,1,0,0.0625,0.25806451612903225,0.3870967741935484,0.3870967741935484,-0.7139281339042233,0.25806451612903225
298,0,test:5699,1,1,1.0,1.0,0.8387096774193549,0.8387096774193549,-0.34308437266878433,0.41935483870967744
299,0,train:1884,1,1,1.0,1.0,0.03225806451612903,0.03225806451612903,-1.4111562060873315,0.12903225806451613
300,0,train:532,0,1,0.71875,0.25806451612903225,0.22580645161290322,0.22580645161290322,-0.2244097245111681,0.45161290322580644
301,0,train:5833,0,1,1.0,1.0,0.5806451612903226,0.5806451612903226,0.9623367570649952,0.7741935483870968
302,0,train:359,0,1,1.0,0.967741935483871,0.7096774193548387,0.6451612903225806,-1.0551322616144823,0.22580645161290322
303,0,test:2463,1,1,1.0,0.5483870967741935,0.6129032258064516,0.6129032258064516,0.4876381644345299,0.6451612903225806
304,0,train:3216,0,0,0.0625,0.1935483870967742,1.0,0.4838709677419355,-1.486001640776217,0.12903225806451613
305,0,train:5300,1,1,1.0,0.1935483870967742,0.16129032258064516,0.16129032258064516,-1.648505502402564,0.06451612903225806
306,0,train:3706,0,0,1.0,1.0,0.967741935483871,1.0,1.216255633275762,0.5806451612903226
307,0,train:2809,1,0,0.03125,0.3548387096774194,0.3870967741935484,0.3870967741935484,-0.9069465106222218,0.22580645161290322
308,0,train:1479,1,1,1.0,1.0,0.967741935483871,0.967741935483871,0.6063128125921461,0.6774193548387096
309,0,train:5366,0,0,1.0,1.0,0.41935483870967744,0.41935483870967744,0.4441821264037676,0.45161290322580644
310,0,test:2463,0,1,1.0,1.0,0.6774193548387096,0.6774193548387096,-0.34308437266878433,0.41935483870967744
311,0,train:7612,1,1,1.0,1.0,0.967741935483871,0.8709677419354839,0.2502888681192974,0.5806451612903226
312,0,train:3461,1,1,1.0,1.0,0.7096774193548387,0.7096774193548387,0.36896351627691365,0.6129032258064516
313,0,train:2814,1,0,0.5625,0.3225806451612903,0.45161290322580644,0.45161290322580644,-0.3278913804682263,0.3225806451612903
314,0,train:7612,1,1,1.0,1.0,0.8709677419354839,0.8709677419354839,1.7930592941683097,1.0
315,0,train:5227,0,0,0.71875,0.9354838709677419,0.7096774193548387,0.7096774193548387,-0.13487300375022768,0.3548387096774194
316,0,train:5811,1,1,1.0,1.0,0.4838709677419355,0.8709677419354839,-0.34308437266878433,0.41935483870967744
317,0,train:3706,0,1,1.0,1.0,0.5806451612903226,0.5806451612903226,-0.2244097245111681,0.45161290322580644
318,0,train:8488,1,0,0.09375,0.25806451612903225,0.2903225806451613,0.2903225806451613,-2.065056770930213,0.03225806451612903
319,0,train:8116,1,1,1.0,1.0,0.7096774193548387,0.7096774193548387,0.9623367570649952,0.7741935483870968
320,0,test:8237,1,1,1.0,0.967741935483871,0.5806451612903226,0.5806451612903226,0.4876381644345299,0.6451612903225806
321,0,train:9397,0,0,1.0,1.0,0.6451612903225806,0.6451612903225806,-0.5209097571862247,0.2903225806451613
322,0,train:2272,0,1,1.0,1.0,0.6774193548387096,0.6774193548387096,0.36896351627691365,0.6129032258064516
323,0,test:9441,1,1,0.75,0.06451612903225806,0.0967741935483871,0.03225806451612903,-0.4617590208264008,0.3870967741935484
324,0,train:6438,1,0,0.40625,0.25806451612903225,0.3548387096774194,0.3548387096774194,-1.6790200174942154,0.0967741935483871
325,0,train:6845,1,1,1.0,0.25806451612903225,0.06451612903225806,0.06451612903225806,-0.6991083171416335,0.3225806451612903
326,0,train:709,0,1,1.0,1.0,0.41935483870967744,0.41935483870967744,0.9623367570649952,0.7741935483870968
327,0,train:5364,1,1,1.0,1.0,1.0,0.4838709677419355,0.36896351627691365,0.6129032258064516
328,0,train:5833,1,1,1.0,1.0,0.3548387096774194,0.3548387096774194,1.199686053380228,0.8387096774193549
329,0,train:6421,1,0,0.15625,0.3870967741935484,0.03225806451612903,0.03225806451612903,-0.13487300375022768,0.3548387096774194
330,0,train:8030,1,1,0.78125,1.0,0.5483870967741935,0.5483870967741935,0.2502888681192974,0.5806451612903226
331,0,train:7612,1,0,0.71875,0.2903225806451613,0.6129032258064516,0.6129032258064516,-0.13487300375022768,0.3548387096774194
332,0,train:3570,0,0,0.28125,0.2903225806451613,0.45161290322580644,0.45161290322580644,-1.872038394212214,0.06451612903225806
333,0,train:5456,1,1,0.96875,1.0,0.41935483870967744,0.41935483870967744,0.4876381644345299,0.6451612903225806
334,0,train:3089,1,0,0.625,0.25806451612903225,0.6774193548387096,0.6774193548387096,-0.9069465106222218,0.22580645161290322
335,0,train:7877,1,0,0.5,0.25806451612903225,0.16129032258064516,0.16129032258064516,-1.486001640776217,0.12903225806451613
336,0,train:1884,1,0,0.5,0.2903225806451613,0.2903225806451613,0.2903225806451613,-1.6790200174942154,0.0967741935483871
337,0,train:5366,1,1,1.0,1.0,0.7419354838709677,0.7419354838709677,1.7930592941683097,1.0
338,0,train:6505,1,0,0.1875,0.25806451612903225,0.2903225806451613,0.2903225806451613,-0.13487300375022768,0.3548387096774194
339,0,train:8669,0,0,0.53125,0.5806451612903226,0.25806451612903225,0.25806451612903225,-0.13487300375022768,0.3548387096774194
340,0,train:9366,1,0,0.03125,0.45161290322580644,0.8064516129032258,0.8064516129032258,0.4441821264037676,0.45161290322580644
341,0,train:1780,1,0,0.3125,0.41935483870967744,0.16129032258064516,0.16129032258064516,0.25116374968576927,0.41935483870967744
342,0,train:4916,0,0,1.0,1.0,0.9354838709677419,0.9354838709677419,1.6022923867117584,0.6451612903225806
343,0,train:2753,1,0,0.0625,0.25806451612903225,0.06451612903225806,0.06451612903225806,-1.0999648873402201,0.1935483870967742
344,0,train:1884,1,1,1.0,1.0,0.3870967741935484,0.8387096774193549,-0.34308437266878433,0.41935483870967744
345,0,train:3230,1,0,0.65625,0.45161290322580644,0.4838709677419355,0.4838709677419355,1.216255633275762,0.5806451612903226
346,0,train:5574,0,1,1.0,1.0,0.3870967741935484,0.3870967741935484,-0.6991083171416335,0.3225806451612903
347,0,train:5035,0,1,1.0,1.0,0.7419354838709677,0.7419354838709677,0.6063128125921461,0.6774193548387096
348,0,train:532,0,1,1.0,0.7419354838709677,0.2903225806451613,0.2903225806451613,-1.4111562060873315,0.12903225806451613
349,0,train:10072,0,0,0.53125,0.2903225806451613,1.0,0.9032258064516129,-0.7139281339042233,0.25806451612903225
350,0,train:4944,0,0,0.8125,1.0,0.3225806451612903,0.3225806451612903,1.4092740099937602,0.6129032258064516
351,0,train:2344,1,1,1.0,1.0,0.5483870967741935,0.5483870967741935,0.13161421996168077,0.5483870967741935
352,0,train:5496,1,1,1.0,1.0,0.6451612903225806,0.6451612903225806,0.01293957180406455,0.5161290322580645
353,0,train:8762,1,0,1.0,0.5161290322580645,0.5161290322580645,0.5161290322580645,1.4092740099937602,0.6129032258064516
354,0,train:4944,0,0,1.0,1.0,0.9354838709677419,1.0,0.8302188798397645,0.5161290322580645
355,0,train:5343,1,1,1.0,1.0,0.3870967741935484,0.5161290322580645,-0.9364576134568661,0.25806451612903225
356,0,train:5555,0,0,1.0,1.0,0.7741935483870968,0.7741935483870968,1.4092740099937602,0.6129032258064516
357,0,train:7510,1,0,0.8125,0.7419354838709677,0.8064516129032258,0.8064516129032258,1.0232372565577628,0.5483870967741935
358,0,train:9037,0,1,1.0,1.0,0.8064516129032258,0.8064516129032258,1.199686053380228,0.8387096774193549
359,0,train:4915,1,1,1.0,1.0,0.6451612903225806,0.7741935483870968,0.13161421996168077,0.5483870967741935
360,0,train:532,1,1,0.75,0.25806451612903225,1.0,0.6129032258064516,-0.34308437266878433,0.41935483870967744
361,0,train:1479,1,1,0.8125,0.9354838709677419,0.8709677419354839,0.8709677419354839,0.6063128125921461,0.6774193548387096
362,0,train:5167,1,1,1.0,1.0,0.5483870967741935,0.5483870967741935,0.01293957180406455,0.5161290322580645
363,0,train:3706,1,1,1.0,1.0,0.7741935483870968,0.7741935483870968,1.199686053380228,0.8387096774193549
364,0,train:262,0,1,1.0,1.0,0.5161290322580645,0.5161290322580645,0.4876381644345299,0.6451612903225806
365,0,train:8996,0,0,0.0625,0.25806451612903225,0.45161290322580644,0.45161290322580644,0.4441821264037676,0.45161290322580644
366,0,train:4691,0,0,0.84375,0.9032258064516129,0.4838709677419355,0.4838709677419355,-0.13487300375022768,0.3548387096774194
367,0,train:3539,1,1,0.78125,0.0967741935483871,0.06451612903225806,0.06451612903225806,-1.7671801505601805,0.03225806451612903
368,0,train:8857,0,0,0.5625,0.2903225806451613,0.5161290322580645,0.5161290322580645,-0.3278913804682263,0.3225806451612903
369,0,train:6476,0,0,0.9375,0.2903225806451613,0.3225806451612903,0.3225806451612903,-0.9069465106222218,0.22580645161290322
370,0,train:3706,1,0,0.4375,0.5806451612903226,0.7741935483870968,0.3870967741935484,-0.13487300375022768,0.3548387096774194
371,0,train:8359,0,0,0.75,0.2903225806451613,0.0967741935483871,0.06451612903225806,-1.872038394212214,0.06451612903225806
372,0,train:8576,1,1,1.0,1.0,0.5483870967741935,0.5483870967741935,0.36896351627691365,0.6129032258064516
373,0,train:7877,0,0,1.0,1.0,0.7096774193548387,0.7096774193548387,0.25116374968576927,0.41935483870967744
374,0,train:6476,0,1,1.0,1.0,0.967741935483871,0.967741935483871,-0.580433668984017,0.3548387096774194
375,0,train:5644,0,0,0.6875,0.8387096774193549,0.41935483870967744,0.41935483870967744,-0.7139281339042233,0.25806451612903225
376,0,train:708,1,1,1.0,1.0,0.2903225806451613,0.2903225806451613,0.01293957180406455,0.5161290322580645
377,0,train:5366,1,1,0.96875,0.6129032258064516,0.8709677419354839,0.5161290322580645,0.13161421996168077,0.5483870967741935
378,0,train:5815,1,0,0.5,0.7741935483870968,1.0,0.6129032258064516,-0.3278913804682263,0.3225806451612903
379,0,train:3570,0,0,1.0,1.0,0.2903225806451613,0.2903225806451613,-1.2929832640582186,0.16129032258064516
380,0,train:2272,0,1,0.28125,0.25806451612903225,0.41935483870967744,0.41935483870967744,-1.5298308542449477,0.0967741935483871
381,0,train:2814,1,0,0.59375,0.25806451612903225,0.5806451612903226,0.5806451612903226,0.25116374968576927,0.41935483870967744
382,0,train:4915,1,1,1.0,1.0,0.8387096774193549,0.8064516129032258,0.843662108907379,0.7419354838709677
383,0,train:6372,0,0,1.0,0.5483870967741935,0.4838709677419355,0.4838709677419355,0.6372005031217662,0.4838709677419355
384,0,train:8451,1,0,0.84375,0.8709677419354839,0.45161290322580644,0.45161290322580644,-0.5209097571862247,0.2903225806451613
385,0,train:1727,1,1,1.0,0.6451612903225806,0.8387096774193549,0.41935483870967744,-0.8177829652992497,0.2903225806451613
386,0,train:2225,0,1,1.0,1.0,0.6129032258064516,0.6129032258064516,0.6063128125921461,0.6774193548387096
387,0,train:5496,1,1,0.84375,0.3870967741935484,0.7419354838709677,0.7419354838709677,0.9623367570649952,0.7741935483870968
388,0,train:5574,0,0,0.0625,0.2903225806451613,0.12903225806451613,0.12903225806451613,-0.3278913804682263,0.3225806451612903
389,0,train:9366,0,1,0.6875,0.16129032258064516,0.06451612903225806,0.06451612903225806,-1.7671801505601805,0.03225806451612903
390,0,train:6421,0,1,1.0,1.0,0.2903225806451613,0.2903225806451613,-0.580433668984017,0.3548387096774194
391,0,train:7480,0,1,0.96875,1.0,0.1935483870967742,1.0,-0.6991083171416335,0.3225806451612903
392,0,train:5364,1,0,0.03125,0.25806451612903225,0.0967741935483871,0.0967741935483871,-1.872038394212214,0.06451612903225806
393,0,train:1999,0,0,0.4375,0.5806451612903226,0.2903225806451613,0.2903225806451613,-0.7139281339042233,0.25806451612903225
394,0,train:3562,1,1,0.84375,0.4838709677419355,0.12903225806451613,0.06451612903225806,-1.648505502402564,0.06451612903225806
395,0,train:7510,1,0,0.0625,0.25806451612903225,0.12903225806451613,0.12903225806451613,-1.0999648873402201,0.1935483870967742
396,0,train:868,1,1,1.0,1.0,0.9354838709677419,0.9354838709677419,0.9623367570649952,0.7741935483870968
397,0,train:9037,1,1,1.0,1.0,0.9354838709677419,0.9354838709677419,0.843662108907379,0.7419354838709677
398,0,train:10072,0,0,0.84375,0.2903225806451613,0.7096774193548387,0.7096774193548387,1.216255633275762,0.5806451612903226
399,0,train:5282,0,0,0.3125,0.5483870967741935,0.7096774193548387,0.7096774193548387,-0.5209097571862247,0.2903225806451613
400,0,train:8359,1,0,0.875,0.8387096774193549,0.4838709677419355,0.4838709677419355,0.4441821264037676,0.45161290322580644
401,0,train:9017,0,1,0.8125,0.25806451612903225,0.06451612903225806,0.06451612903225806,-1.648505502402564,0.06451612903225806
402,0,train:3089,1,1,1.0,1.0,0.8064516129032258,0.6774193548387096,0.13161421996168077,0.5483870967741935
403,0,train:8857,0,0,1.0,1.0,0.7096774193548387,0.9354838709677419,0.058145372967770635,0.3870967741935484
404,0,train:1884,1,1,1.0,1.0,0.3870967741935484,0.3870967741935484,-0.34308437266878433,0.41935483870967744
405,0,train:5727,1,1,1.0,1.0,0.8387096774193549,0.9032258064516129,-1.2924815579297153,0.16129032258064516
406,0,train:6673,1,1,0.96875,1.0,0.9032258064516129,0.9032258064516129,-1.5298308542449477,0.0967741935483871
407,0,train:5537,0,0,0.40625,0.3870967741935484,0.4838709677419355,0.4838709677419355,-0.5209097571862247,0.2903225806451613
408,0,train:7938,1,0,0.0625,0.0967741935483871,0.8387096774193549,0.8387096774193549,-0.3278913804682263,0.3225806451612903
409,0,train:1884,1,0,0.65625,0.5161290322580645,0.3548387096774194,0.3548387096774194,-1.6790200174942154,0.0967741935483871
410,0,train:1788,0,0,0.8125,0.6129032258064516,0.967741935483871,0.967741935483871,1.216255633275762,0.5806451612903226
411,0,test:2463,0,0,0.4375,0.3225806451612903,0.06451612903225806,0.06451612903225806,-2.065056770930213,0.03225806451612903
412,0,train:2706,0,0,0.25,0.3548387096774194,0.41935483870967744,0.41935483870967744,-0.7139281339042233,0.25806451612903225
413,0,train:5035,0,1,1.0,1.0,0.967741935483871,0.7419354838709677,0.36896351627691365,0.6129032258064516
414,0,train:860,0,1,1.0,1.0,0.6129032258064516,0.6129032258064516,0.6063128125921461,0.6774193548387096
415,0,train:1884,1,1,1.0,1.0,0.45161290322580644,0.8387096774193549,1.199686053380228,0.8387096774193549
416,0,train:8057,1,0,0.65625,0.3870967741935484,0.967741935483871,0.967741935483871,0.058145372967770635,0.3870967741935484
417,0,train:4334,0,0,1.0,1.0,0.7741935483870968,0.7741935483870968,1.4092740099937602,0.6129032258064516
418,0,train:8857,0,0,0.96875,1.0,0.9354838709677419,0.9354838709677419,-0.13487300375022768,0.3548387096774194
419,0,train:8857,0,0,0.03125,0.12903225806451613,0.03225806451612903,0.03225806451612903,-2.065056770930213,0.03225806451612903
420,0,train:2809,1,1,1.0,1.0,0.6129032258064516,0.6129032258064516,0.01293957180406455,0.5161290322580645
421,0,train:9284,1,0,0.21875,0.25806451612903225,0.3548387096774194,0.3225806451612903,-1.6790200174942154,0.0967741935483871
422,0,train:9104,1,1,0.96875,1.0,0.8064516129032258,0.8064516129032258,0.01293957180406455,0.5161290322580645
423,0,train:9816,0,0,0.96875,1.0,0.41935483870967744,0.41935483870967744,0.8302188798397645,0.5161290322580645
424,0,train:3637,0,0,0.9375,0.6451612903225806,0.3225806451612903,0.3225806451612903,0.4441821264037676,0.45161290322580644
425,0,test:9441,0,1,1.0,1.0,0.16129032258064516,0.7096774193548387,0.13161421996168077,0.5483870967741935
426,0,train:308,1,1,0.125,0.22580645161290322,0.7741935483870968,0.7741935483870968,-1.2924815579297153,0.16129032258064516
427,0,train:999,1,0,0.96875,1.0,0.25806451612903225,0.25806451612903225,-0.5209097571862247,0.2903225806451613
428,0,train:8451,1,0,0.71875,0.967741935483871,0.5806451612903226,0.5806451612903226,1.216255633275762,0.5806451612903226
429,0,train:8756,1,1,1.0,1.0,1.0,0.8709677419354839,0.2502888681192974,0.5806451612903226
430,0,test:9441,0,1,0.6875,0.7096774193548387,0.6129032258064516,0.6129032258064516,-0.4617590208264008,0.3870967741935484
431,0,train:7451,1,0,0.875,0.8709677419354839,0.25806451612903225,0.25806451612903225,0.4441821264037676,0.45161290322580644
432,0,train:1788,0,0,0.96875,1.0,0.8709677419354839,0.8709677419354839,1.216255633275762,0.5806451612903226
433,0,train:328,1,1,1.0,1.0,0.8387096774193549,0.6129032258064516,1.0810114052226114,0.8064516129032258
434,0,train:8057,1,1,0.9375,0.8387096774193549,0.4838709677419355,0.41935483870967744,-0.10573507635355169,0.4838709677419355
435,0,train:5537,0,1,0.9375,0.22580645161290322,0.7096774193548387,0.1935483870967742,-1.648505502402564,0.06451612903225806
436,0,train:17,0,0,1.0,1.0,0.7419354838709677,0.7419354838709677,-0.13487300375022768,0.3548387096774194
437,0,train:6438,1,1,1.0,1.0,0.967741935483871,0.8709677419354839,0.9623367570649952,0.7741935483870968
438,0,train:5877,1,0,0.5,0.6451612903225806,0.8387096774193549,0.8387096774193549,0.6372005031217662,0.4838709677419355
439,0,train:2343,0,0,1.0,0.0967741935483871,0.03225806451612903,0.03225806451612903,-2.065056770930213,0.03225806451612903
440,0,train:2590,0,0,1.0,1.0,0.3225806451612903,0.3225806451612903,0.6372005031217662,0.4838709677419355
441,0,train:8996,0,1,0.6875,0.25806451612903225,0.3548387096774194,0.3548387096774194,-1.0551322616144823,0.22580645161290322
442,0,train:2753,1,1,0.75,0.22580645161290322,0.8064516129032258,0.8064516129032258,-1.5298308542449477,0.0967741935483871
443,0,train:2590,1,1,1.0,1.0,0.3870967741935484,0.3870967741935484,0.9623367570649952,0.7741935483870968
444,0,train:8576,1,1,1.0,1.0,0.7096774193548387,0.7096774193548387,1.3183607015378442,0.8709677419354839
445,0,train:5227,0,0,0.90625,0.5806451612903226,0.8064516129032258,0.5161290322580645,-0.7139281339042233,0.25806451612903225
446,0,train:5282,0,0,0.03125,0.22580645161290322,0.12903225806451613,0.12903225806451613,-0.3278913804682263,0.3225806451612903
447,0,train:648,0,0,1.0,1.0,0.6774193548387096,0.6774193548387096,1.216255633275762,0.5806451612903226
448,0,train:2437,1,1,1.0,1.0,0.9032258064516129,1.0,0.843662108907379,0.7419354838709677
449,0,train:3216,1,1,1.0,1.0,0.8709677419354839,0.7096774193548387,0.7249874607497627,0.7096774193548387
450,0,train:525,1,1,1.0,1.0,0.3548387096774194,0.3548387096774194,1.0810114052226114,0.8064516129032258
451,0,train:8718,1,1,0.9375,0.41935483870967744,0.3548387096774194,0.3548387096774194,0.6063128125921461,0.6774193548387096
452,0,train:9994,0,0,1.0,1.0,1.0,0.9032258064516129,1.216255633275762,0.5806451612903226
453,0,train:8359,0,0,0.8125,0.967741935483871,0.16129032258064516,0.16129032258064516,0.8302188798397645,0.5161290322580645
454,0,train:5809,1,1,1.0,1.0,0.1935483870967742,0.1935483870967742,1.5557099978530768,0.9354838709677419
455,0,train:9284,1,1,1.0,1.0,0.7419354838709677,0.45161290322580644,1.7930592941683097,1.0
456,0,train:9994,0,0,0.46875,0.25806451612903225,0.12903225806451613,0.12903225806451613,-0.9069465106222218,0.22580645161290322
457,0,train:7510,1,1,1.0,1.0,0.967741935483871,0.967741935483871,-1.2924815579297153,0.16129032258064516
458,0,train:2225,0,1,0.96875,1.0,0.16129032258064516,0.16129032258064516,0.6063128125921461,0.6774193548387096
459,0,train:3539,1,0,0.53125,0.4838709677419355,1.0,0.41935483870967744,0.25116374968576927,0.41935483870967744
460,0,train:8116,1,0,0.625,0.2903225806451613,0.5161290322580645,0.5161290322580645,-0.9069465106222218,0.22580645161290322
461,0,train:5815,0,0,1.0,1.0,0.9354838709677419,0.9354838709677419,0.4441821264037676,0.45161290322580644
462,0,train:9994,0,0,0.59375,0.4838709677419355,0.8064516129032258,0.8064516129032258,-1.872038394212214,0.06451612903225806
463,0,train:4944,0,0,0.15625,0.3225806451612903,0.22580645161290322,0.22580645161290322,-1.486001640776217,0.12903225806451613
464,0,train:5816,1,1,0.71875,0.16129032258064516,0.03225806451612903,0.03225806451612903,-1.5298308542449477,0.0967741935483871
465,0,train:1884,0,1,0.90625,0.3225806451612903,0.03225806451612903,0.03225806451612903,-1.7671801505601805,0.03225806451612903
466,0,train:1033,0,0,0.84375,0.7419354838709677,0.8387096774193549,1.0,1.7953107634297567,0.6774193548387096
467,0,test:8237,0,1,1.0,1.0,0.8387096774193549,0.9032258064516129,1.7930592941683097,1.0
468,0,train:1884,1,1,1.0,1.0,0.45161290322580644,0.45161290322580644,-1.2924815579297153,0.16129032258064516
469,0,train:909,1,0,0.21875,0.25806451612903225,0.2903225806451613,0.2903225806451613,-0.9069465106222218,0.22580645161290322
470,0,train:262,0,1,1.0,1.0,0.22580645161290322,0.22580645161290322,0.01293957180406455,0.5161290322580645
471,0,train:999,1,0,0.1875,0.3548387096774194,0.22580645161290322,0.22580645161290322,-0.7139281339042233,0.25806451612903225
472,0,test:9441,1,1,1.0,1.0,0.8709677419354839,0.8709677419354839,-0.8177829652992497,0.2903225806451613
473,0,train:4305,0,0,0.40625,0.7741935483870968,0.3548387096774194,0.3548387096774194,-0.5209097571862247,0.2903225806451613
474,0,train:1727,1,1,1.0,1.0,0.7096774193548387,0.967741935483871,0.6063128125921461,0.6774193548387096
475,0,train:5364,1,0,0.03125,0.25806451612903225,0.2903225806451613,0.2903225806451613,-1.6790200174942154,0.0967741935483871
476,0,test:2775,0,0,0.03125,0.1935483870967742,0.12903225806451613,0.12903225806451613,-0.5209097571862247,0.2903225806451613
477,0,train:4944,0,0,1.0,1.0,1.0,0.9032258064516129,2.5673842703017504,0.8064516129032258
478,0,train:308,1,1,0.84375,0.3548387096774194,0.41935483870967744,0.41935483870967744,0.843662108907379,0.7419354838709677
479,0,train:5496,1,0,0.1875,0.5161290322580645,0.25806451612903225,0.25806451612903225,-1.486001640776217,0.12903225806451613
480,0,train:4334,0,0,0.125,0.1935483870967742,0.06451612903225806,0.06451612903225806,-1.872038394212214,0.06451612903225806
481,0,train:6438,1,1,1.0,1.0,0.6129032258064516,0.6129032258064516,-0.6991083171416335,0.3225806451612903
482,0,train:5864,0,0,0.8125,1.0,0.6129032258064516,0.6129032258064516,-0.13487300375022768,0.3548387096774194
483,0,train:5409,0,1,1.0,1.0,0.06451612903225806,0.06451612903225806,-1.648505502402564,0.06451612903225806
484,0,train:10072,0,0,0.875,0.9354838709677419,1.0,0.8709677419354839,1.7953107634297567,0.6774193548387096
485,0,test:9736,0,0,0.4375,0.3870967741935484,0.06451612903225806,0.06451612903225806,-1.872038394212214,0.06451612903225806
486,0,train:418,0,1,0.8125,0.2903225806451613,0.5483870967741935,0.7741935483870968,-1.7671801505601805,0.03225806451612903
487,0,train:1266,1,1,1.0,1.0,0.5161290322580645,0.5161290322580645,-1.2924815579297153,0.16129032258064516
488,0,train:1615,1,1,1.0,1.0,0.6774193548387096,0.6774193548387096,1.7930592941683097,1.0
489,0,train:249,0,0,0.75,1.0,1.0,0.7096774193548387,2.181347516865754,0.7419354838709677
490,0,train:3216,1,1,0.6875,0.0967741935483871,0.12903225806451613,0.12903225806451613,-1.2924815579297153,0.16129032258064516
491,0,train:6438,1,0,0.5625,0.3870967741935484,0.12903225806451613,0.12903225806451613,0.058145372967770635,0.3870967741935484
492,0,train:2272,0,1,0.90625,0.25806451612903225,0.9032258064516129,0.9032258064516129,0.13161421996168077,0.5483870967741935
493,0,train:5456,1,1,1.0,0.03225806451612903,0.03225806451612903,0.03225806451612903,-1.7671801505601805,0.03225806451612903
494,0,train:2272,0,0,0.71875,0.3870967741935484,0.03225806451612903,0.03225806451612903,-0.5209097571862247,0.2903225806451613
495,0,train:5035,1,1,1.0,1.0,0.3870967741935484,0.3870967741935484,0.6063128125921461,0.6774193548387096
496,0,train:6505,0,0,0.03125,0.25806451612903225,0.06451612903225806,0.06451612903225806,-0.3278913804682263,0.3225806451612903
497,0,train:1999,0,0,1.0,1.0,0.6451612903225806,0.5161290322580645,-0.5209097571862247,0.2903225806451613
498,0,train:5282,1,1,0.9375,0.8387096774193549,0.2903225806451613,0.2903225806451613,-1.0551322616144823,0.22580645161290322
499,0,train:5300,1,1,1.0,1.0,0.9032258064516129,0.8709677419354839,1.3183607015378442,0.8709677419354839
500,0,train:9994,0,1,1.0,1.0,0.7741935483870968,0.7741935483870968,-0.10573507635355169,0.4838709677419355
501,0,train:9188,0,0,0.46875,0.3548387096774194,0.22580645161290322,0.22580645161290322,-0.9069465106222218,0.22580645161290322
502,0,train:308,1,0,0.46875,0.25806451612903225,0.22580645161290322,0.22580645161290322,-1.0999648873402201,0.1935483870967742
503,0,train:2706,0,1,1.0,1.0,0.7096774193548387,0.7096774193548387,-0.34308437266878433,0.41935483870967744
504,0,train:4916,0,0,0.6875,0.9354838709677419,1.0,0.9032258064516129,0.6372005031217662,0.4838709677419355
505,0,train:7938,1,1,1.0,1.0,0.6451612903225806,0.7419354838709677,0.13161421996168077,0.5483870967741935
506,0,train:5366,1,1,1.0,1.0,0.8709677419354839,0.8709677419354839,-0.2244097245111681,0.45161290322580644
507,0,train:418,1,1,0.9375,0.4838709677419355,0.45161290322580644,0.45161290322580644,-1.4111562060873315,0.12903225806451613
508,0,train:5864,0,0,1.0,1.0,0.6451612903225806,0.6451612903225806,-0.13487300375022768,0.3548387096774194
509,0,train:6638,0,0,1.0,1.0,0.6129032258064516,0.6129032258064516,0.058145372967770635,0.3870967741935484
510,0,train:909,0,1,1.0,1.0,0.6129032258064516,0.7419354838709677,0.6063128125921461,0.6774193548387096
511,0,train:1958,1,1,1.0,1.0,0.6774193548387096,0.6774193548387096,1.7930592941683097,1.0
512,0,train:1479,0,1,1.0,1.0,0.6129032258064516,0.9032258064516129,1.7930592941683097,1.0
513,0,train:6438,0,1,0.75,0.4838709677419355,0.41935483870967744,1.0,-0.9364576134568661,0.25806451612903225
514,0,train:6569,0,1,0.0625,0.25806451612903225,0.0967741935483871,0.0967741935483871,-1.5298308542449477,0.0967741935483871
515,0,train:5172,1,0,0.46875,0.25806451612903225,0.03225806451612903,0.03225806451612903,-2.065056770930213,0.03225806451612903
516,0,train:5809,1,1,1.0,1.0,0.7096774193548387,0.1935483870967742,0.13161421996168077,0.5483870967741935
517,0,test:9441,0,0,0.90625,0.8709677419354839,0.6774193548387096,0.6774193548387096,-0.7139281339042233,0.25806451612903225
518,0,train:3216,1,1,0.96875,1.0,0.7419354838709677,0.7419354838709677,1.3183607015378442,0.8709677419354839
519,0,train:8576,1,1,1.0,1.0,1.0,1.0,1.199686053380228,0.8387096774193549
520,0,train:3216,1,1,1.0,1.0,0.3870967741935484,0.3870967741935484,-0.10573507635355169,0.4838709677419355
521,0,train:4665,1,1,1.0,1.0,0.22580645161290322,0.22580645161290322,0.13161421996168077,0.5483870967741935
522,0,train:2814,0,1,0.15625,0.06451612903225806,0.6774193548387096,0.6774193548387096,-1.7671801505601805,0.03225806451612903
523,0,test:5069,0,0,0.65625,0.9032258064516129,0.9032258064516129,0.9032258064516129,0.25116374968576927,0.41935483870967744
524,0,train:2544,0,0,1.0,1.0,0.5806451612903226,0.5806451612903226,1.0232372565577628,0.5483870967741935
525,0,train:8756,1,1,0.96875,0.5806451612903226,0.6129032258064516,0.6129032258064516,1.7930592941683097,1.0
526,0,train:6845,0,0,0.03125,0.41935483870967744,0.2903225806451613,0.16129032258064516,0.058145372967770635,0.3870967741935484
527,0,train:999,1,0,0.78125,0.6129032258064516,1.0,0.9354838709677419,0.6372005031217662,0.4838709677419355
528,0,train:4305,0,0,0.625,0.5161290322580645,0.1935483870967742,0.1935483870967742,-0.3278913804682263,0.3225806451612903
529,0,train:6845,0,0,0.1875,0.3225806451612903,0.3548387096774194,0.3548387096774194,-0.3278913804682263,0.3225806451612903
530,0,test:5699,1,0,0.21875,0.22580645161290322,0.03225806451612903,0.03225806451612903,-1.0999648873402201,0.1935483870967742
531,0,train:532,1,1,1.0,1.0,0.4838709677419355,0.9354838709677419,0.01293957180406455,0.5161290322580645
532,0,train:8718,1,1,1.0,1.0,0.6129032258064516,0.6129032258064516,1.199686053380228,0.8387096774193549
533,0,train:6421,0,1,1.0,0.3870967741935484,0.8064516129032258,0.8064516129032258,1.7930592941683097,1.0
534,0,train:9037,0,0,0.40625,0.41935483870967744,0.5161290322580645,0.5161290322580645,-0.13487300375022768,0.3548387096774194
535,0,train:6421,0,0,1.0,1.0,0.5161290322580645,0.5161290322580645,1.4092740099937602,0.6129032258064516
536,0,train:5167,1,1,1.0,1.0,0.9354838709677419,0.9354838709677419,1.0810114052226114,0.8064516129032258
537,0,train:5864,0,0,1.0,1.0,1.0,0.8387096774193549,0.6372005031217662,0.4838709677419355
538,0,train:8451,1,1,1.0,1.0,0.5806451612903226,0.7419354838709677,-1.0551322616144823,0.22580645161290322
539,0,train:7590,1,0,0.96875,0.3870967741935484,0.6774193548387096,0.6774193548387096,-0.3278913804682263,0.3225806451612903
540,0,train:5193,1,1,1.0,1.0,0.4838709677419355,0.4838709677419355,-0.10573507635355169,0.4838709677419355
541,0,train:3562,1,1,0.84375,1.0,0.3225806451612903,0.967741935483871,-0.580433668984017,0.3548387096774194
542,0,train:2343,0,0,1.0,1.0,0.4838709677419355,0.4838709677419355,0.058145372967770635,0.3870967741935484
543,0,train:9994,0,1,0.84375,0.2903225806451613,0.06451612903225806,0.06451612903225806,-1.648505502402564,0.06451612903225806
544,0,train:5167,0,0,0.90625,0.25806451612903225,0.8387096774193549,0.8387096774193549,2.181347516865754,0.7419354838709677
545,0,train:4514,0,0,1.0,1.0,0.7741935483870968,0.7741935483870968,-0.3278913804682263,0.3225806451612903
546,0,train:5456,1,1,1.0,1.0,1.0,0.8709677419354839,1.199686053380228,0.8387096774193549
547,0,train:4305,0,1,0.6875,0.16129032258064516,0.0967741935483871,0.0967741935483871,0.2502888681192974,0.5806451612903226
548,0,train:909,1,1,1.0,1.0,0.8709677419354839,0.8064516129032258,0.9623367570649952,0.7741935483870968
549,0,train:5815,1,1,0.8125,0.12903225806451613,0.03225806451612903,0.03225806451612903,-1.1738069097720987,0.1935483870967742
550,0,train:9816,0,1,0.71875,0.3548387096774194,0.16129032258064516,0.3548387096774194,0.13161421996168077,0.5483870967741935
551,0,train:2809,0,1,1.0,1.0,0.8064516129032258,1.0,1.0810114052226114,0.8064516129032258
552,0,train:8057,0,0,0.90625,1.0,0.967741935483871,0.967741935483871,0.8302188798397645,0.5161290322580645
553,0,train:5537,0,0,1.0,1.0,0.8387096774193549,0.8064516129032258,0.8302188798397645,0.5161290322580645
554,0,train:8359,1,1,1.0,1.0,0.25806451612903225,0.25806451612903225,-0.8177829652992497,0.2903225806451613
555,0,train:8116,0,0,0.6875,0.9032258064516129,0.4838709677419355,0.4838709677419355,1.0232372565577628,0.5483870967741935
556,0,train:2344,1,1,1.0,1.0,0.5483870967741935,0.5483870967741935,0.01293957180406455,0.5161290322580645
557,0,train:5809,0,0,0.03125,0.1935483870967742,0.3548387096774194,0.3548387096774194,0.4441821264037676,0.45161290322580644
558,0,train:4691,1,1,1.0,1.0,0.0967741935483871,0.8387096774193549,0.6063128125921461,0.6774193548387096
559,0,train:5534,1,1,1.0,1.0,0.8064516129032258,0.8064516129032258,1.5557099978530768,0.9354838709677419
560,0,train:5877,1,0,0.03125,0.25806451612903225,0.12903225806451613,0.06451612903225806,-1.6790200174942154,0.0967741935483871
561,0,train:1958,1,1,0.8125,0.2903225806451613,0.5806451612903226,0.25806451612903225,-0.10573507635355169,0.4838709677419355
562,0,train:8116,0,0,0.125,0.25806451612903225,0.41935483870967744,0.41935483870967744,-0.9069465106222218,0.22580645161290322
563,0,train:2102,0,0,1.0,0.967741935483871,1.0,0.6129032258064516,-0.3278913804682263,0.3225806451612903
564,0,train:7480,1,0,0.90625,0.03225806451612903,0.03225806451612903,0.03225806451612903,-2.065056770930213,0.03225806451612903
565,0,train:525,0,0,1.0,1.0,0.7741935483870968,0.3225806451612903,0.6372005031217662,0.4838709677419355
566,0,train:5574,1,1,1.0,1.0,0.5161290322580645,0.5161290322580645,-0.9364576134568661,0.25806451612903225
567,0,test:2775,1,1,0.78125,0.3225806451612903,0.5483870967741935,0.5483870967741935,-1.1738069097720987,0.1935483870967742
568,0,test:2463,0,1,1.0,1.0,0.06451612903225806,0.06451612903225806,-1.648505502402564,0.06451612903225806
569,0,train:5811,1,0,1.0,1.0,0.5806451612903226,0.5806451612903226,-0.9069465106222218,0.22580645161290322
570,0,train:8718,0,0,0.6875,0.9032258064516129,0.3548387096774194,0.3548387096774194,-0.5209097571862247,0.2903225806451613
571,0,train:3570,1,0,0.75,0.45161290322580644,0.3548387096774194,0.3548387096774194,1.0232372565577628,0.5483870967741935
572,0,test:5427,0,1,1.0,1.0,0.22580645161290322,0.22580645161290322,-0.6991083171416335,0.3225806451612903
573,0,train:3216,1,1,1.0,1.0,0.5161290322580645,0.5161290322580645,-0.10573507635355169,0.4838709677419355
574,0,train:6673,1,0,1.0,1.0,0.6451612903225806,0.6451612903225806,1.9883291401477556,0.7096774193548387
575,0,train:7480,0,0,1.0,0.41935483870967744,0.7741935483870968,0.7741935483870968,-0.13487300375022768,0.3548387096774194
576,0,train:5765,0,0,0.9375,1.0,0.6774193548387096,0.6774193548387096,0.25116374968576927,0.41935483870967744
577,0,train:5537,1,1,0.96875,0.8064516129032258,0.3548387096774194,0.5483870967741935,1.7930592941683097,1.0
578,0,test:5427,0,0,0.96875,1.0,0.41935483870967744,0.41935483870967744,0.6372005031217662,0.4838709677419355
579,0,train:5300,1,1,0.5,0.22580645161290322,0.06451612903225806,0.06451612903225806,-1.648505502402564,0.06451612903225806
580,0,train:6438,0,1,1.0,1.0,1.0,1.0,0.6063128125921461,0.6774193548387096
581,0,train:1788,0,0,0.9375,0.25806451612903225,0.2903225806451613,0.2903225806451613,-1.872038394212214,0.06451612903225806
582,0,train:868,1,1,1.0,1.0,0.8709677419354839,1.0,-0.34308437266878433,0.41935483870967744
583,0,train:2809,1,1,1.0,1.0,1.0,1.0,0.7249874607497627,0.7096774193548387
584,0,train:532,0,0,1.0,1.0,1.0,1.0,0.6372005031217662,0.4838709677419355
585,0,train:3216,1,1,0.875,0.3870967741935484,0.8709677419354839,0.8709677419354839,-1.648505502402564,0.06451612903225806
586,0,test:2775,1,1,1.0,1.0,0.7419354838709677,0.9032258064516129,-0.10573507635355169,0.4838709677419355
587,0,train:1266,0,0,0.78125,0.3870967741935484,0.7096774193548387,0.7096774193548387,0.6372005031217662,0.4838709677419355
588,0,train:868,1,1,0.96875,1.0,0.7096774193548387,0.45161290322580644,0.7249874607497627,0.7096774193548387
589,0,train:2970,0,0,0.65625,0.3548387096774194,0.5483870967741935,0.5483870967741935,-0.13487300375022768,0.3548387096774194
590,0,train:1033,0,0,0.65625,0.8387096774193549,1.0,0.8387096774193549,0.4441821264037676,0.45161290322580644
591,0,train:9483,0,1,0.65625,0.3225806451612903,0.41935483870967744,0.41935483870967744,-1.0551322616144823,0.22580645161290322
592,0,train:4514,0,1,1.0,0.25806451612903225,0.3870967741935484,0.3870967741935484,1.4370353496954607,0.9032258064516129
593,0,test:6949,1,1,1.0,1.0,0.7096774193548387,0.7096774193548387,0.7249874607497627,0.7096774193548387
594,0,train:860,1,1,1.0,1.0,0.5483870967741935,0.5483870967741935,0.2502888681192974,0.5806451612903226
595,0,train:6415,0,0,0.03125,0.2903225806451613,0.3225806451612903,0.3225806451612903,0.4441821264037676,0.45161290322580644
596,0,train:262,0,1,0.90625,0.5806451612903226,0.7419354838709677,0.45161290322580644,0.13161421996168077,0.5483870967741935
597,0,train:4944,1,1,1.0,1.0,0.1935483870967742,0.1935483870967742,-0.9364576134568661,0.25806451612903225
598,0,train:7938,1,1,1.0,1.0,0.41935483870967744,0.41935483870967744,-0.8177829652992497,0.2903225806451613
599,0,train:5877,1,0,0.6875,0.7419354838709677,0.3548387096774194,0.3548387096774194,-0.7139281339042233,0.25806451612903225
600,0,train:17,0,0,1.0,1.0,0.7096774193548387,0.7096774193548387,0.6372005031217662,0.4838709677419355
601,0,train:4334,0,1,1.0,0.22580645161290322,0.5161290322580645,0.5161290322580645,-1.5298308542449477,0.0967741935483871
602,0,train:529,1,0,0.375,0.2903225806451613,0.5806451612903226,0.5806451612903226,-1.0999648873402201,0.1935483870967742
603,0,train:6505,0,1,1.0,0.41935483870967744,0.2903225806451613,0.2903225806451613,0.843662108907379,0.7419354838709677
604,0,train:5222,1,1,1.0,1.0,0.41935483870967744,0.8709677419354839,0.13161421996168077,0.5483870967741935
605,0,train:5222,1,1,1.0,1.0,0.6774193548387096,0.6774193548387096,1.199686053380228,0.8387096774193549
606,0,train:3706,0,0,0.9375,1.0,0.5483870967741935,0.5483870967741935,0.8302188798397645,0.5161290322580645
607,0,train:5809,0,1,0.40625,0.03225806451612903,0.03225806451612903,0.03225806451612903,-1.648505502402564,0.06451612903225806
608,0,train:4334,0,0,0.375,0.25806451612903225,0.6129032258064516,0.6129032258064516,-0.13487300375022768,0.3548387096774194
609,0,train:7860,1,1,1.0,1.0,0.9354838709677419,0.9354838709677419,0.2502888681192974,0.5806451612903226
610,0,test:6949,1,1,1.0,1.0,0.6774193548387096,0.8387096774193549,0.4876381644345299,0.6451612903225806
611,0,train:6505,1,0,0.3125,0.8064516129032258,1.0,1.0,0.25116374968576927,0.41935483870967744
612,0,test:5069,1,1,1.0,1.0,0.6451612903225806,1.0,0.4876381644345299,0.6451612903225806
613,0,train:2272,0,0,0.90625,0.8064516129032258,0.6774193548387096,0.6774193548387096,1.0232372565577628,0.5483870967741935
614,0,train:7170,1,0,0.03125,0.25806451612903225,0.1935483870967742,0.1935483870967742,-0.7139281339042233,0.25806451612903225
615,0,train:5366,1,1,1.0,1.0,0.8064516129032258,0.9032258064516129,0.4876381644345299,0.6451612903225806
616,0,train:2272,0,0,0.09375,0.3225806451612903,0.06451612903225806,0.06451612903225806,-1.2929832640582186,0.16129032258064516
617,0,train:7480,0,0,1.0,1.0,0.3548387096774194,0.3548387096774194,-0.5209097571862247,0.2903225806451613
618,0,train:1788,0,0,0.8125,0.8709677419354839,0.7741935483870968,0.7741935483870968,-0.13487300375022768,0.3548387096774194
619,0,train:7510,1,0,0.375,0.0967741935483871,0.0967741935483871,0.0967741935483871,-0.7139281339042233,0.25806451612903225
620,0,train:3733,0,0,0.625,0.41935483870967744,0.7741935483870968,0.7741935483870968,1.0232372565577628,0.5483870967741935
621,0,test:9441,1,1,0.9375,0.25806451612903225,0.7419354838709677,0.7419354838709677,0.01293957180406455,0.5161290322580645
622,0,train:2814,0,0,0.84375,0.3225806451612903,0.4838709677419355,0.2903225806451613,-0.3278913804682263,0.3225806451612903
623,0,train:5555,0,0,1.0,1.0,0.5161290322580645,0.5161290322580645,-0.13487300375022768,0.3548387096774194
624,0,train:7510,1,0,0.3125,0.5483870967741935,0.8709677419354839,0.8709677419354839,-1.2929832640582186,0.16129032258064516
625,0,train:2814,0,0,1.0,1.0,0.9354838709677419,0.9354838709677419,0.058145372967770635,0.3870967741935484
626,0,train:8105,1,0,0.1875,0.45161290322580644,0.22580645161290322,0.22580645161290322,-0.13487300375022768,0.3548387096774194
627,0,test:2463,1,0,0.96875,1.0,0.8387096774193549,0.8387096774193549,0.058145372967770635,0.3870967741935484
628,0,train:17,0,0,0.125,0.25806451612903225,0.06451612903225806,0.06451612903225806,-1.872038394212214,0.06451612903225806
629,0,train:2437,1,1,1.0,1.0,0.8387096774193549,0.8387096774193549,1.199686053380228,0.8387096774193549
630,0,train:909,1,1,1.0,1.0,0.4838709677419355,1.0,0.13161421996168077,0.5483870967741935
631,0,train:9483,1,1,1.0,1.0,0.967741935483871,0.967741935483871,0.13161421996168077,0.5483870967741935
632,0,train:1727,1,1,1.0,1.0,0.5161290322580645,1.0,0.4876381644345299,0.6451612903225806
633,0,train:6476,0,0,0.4375,0.6451612903225806,0.4838709677419355,0.4838709677419355,-0.9069465106222218,0.22580645161290322
634,0,train:8756,1,1,0.9375,0.2903225806451613,0.16129032258064516,0.03225806451612903,0.843662108907379,0.7419354838709677
635,0,train:9017,0,0,1.0,1.0,0.6451612903225806,0.6451612903225806,0.8302188798397645,0.5161290322580645
636,0,train:6212,0,1,1.0,1.0,0.3225806451612903,0.3225806451612903,-0.6991083171416335,0.3225806451612903
637,0,train:1266,1,1,1.0,1.0,0.2903225806451613,0.2903225806451613,-0.8177829652992497,0.2903225806451613
638,0,train:5877,1,1,1.0,0.16129032258064516,0.0967741935483871,0.0967741935483871,-1.7671801505601805,0.03225806451612903
639,0,train:9483,0,0,0.09375,0.2903225806451613,0.06451612903225806,0.06451612903225806,-1.872038394212214,0.06451612903225806
640,0,train:8116,0,1,0.96875,0.12903225806451613,0.8387096774193549,0.8387096774193549,-1.7671801505601805,0.03225806451612903
641,0,train:6212,0,0,0.90625,0.3548387096774194,0.6129032258064516,0.6129032258064516,1.6022923867117584,0.6451612903225806
642,0,train:9773,0,0,0.90625,0.25806451612903225,0.7419354838709677,0.7419354838709677,0.8302188798397645,0.5161290322580645
643,0,test:9441,0,0,1.0,1.0,1.0,0.6129032258064516,-0.13487300375022768,0.3548387096774194
644,0,train:3089,1,1,1.0,1.0,0.8709677419354839,0.8709677419354839,0.7249874607497627,0.7096774193548387
645,0,train:4944,0,0,0.5,0.6451612903225806,0.06451612903225806,0.06451612903225806,-1.872038394212214,0.06451612903225806
646,0,train:2344,1,0,1.0,1.0,0.7741935483870968,0.7741935483870968,1.9883291401477556,0.7096774193548387
647,0,train:1660,1,1,1.0,1.0,0.7419354838709677,0.7419354838709677,1.199686053380228,0.8387096774193549
648,0,train:4916,0,1,0.84375,0.45161290322580644,0.12903225806451613,0.12903225806451613,-0.10573507635355169,0.4838709677419355
649,0,train:6845,0,1,1.0,1.0,0.8709677419354839,0.3548387096774194,0.7249874607497627,0.7096774193548387
650,0,train:2453,1,1,1.0,1.0,0.8387096774193549,0.8387096774193549,-0.34308437266878433,0.41935483870967744
651,0,test:5427,0,0,1.0,1.0,0.2903225806451613,0.2903225806451613,0.25116374968576927,0.41935483870967744
652,0,train:418,1,1,0.8125,0.3225806451612903,0.06451612903225806,0.06451612903225806,-1.7671801505601805,0.03225806451612903
653,0,train:4665,1,1,1.0,1.0,0.45161290322580644,0.1935483870967742,0.9623367570649952,0.7741935483870968
654,0,train:3706,0,0,1.0,1.0,1.0,0.6451612903225806,1.216255633275762,0.5806451612903226
655,0,train:2225,0,1,1.0,1.0,0.7741935483870968,0.7741935483870968,0.01293957180406455,0.5161290322580645
656,0,train:999,1,0,0.59375,0.25806451612903225,0.5806451612903226,0.5806451612903226,-0.13487300375022768,0.3548387096774194
657,0,train:5222,1,0,0.78125,0.3548387096774194,0.4838709677419355,0.4838709677419355,0.25116374968576927,0.41935483870967744
658,0,train:2102,0,0,1.0,1.0,0.8064516129032258,0.8064516129032258,1.7953107634297567,0.6774193548387096
659,0,train:9816,0,0,0.65625,0.6774193548387096,0.3870967741935484,0.3870967741935484,-1.2929832640582186,0.16129032258064516
660,0,train:7480,1,0,0.125,0.6774193548387096,0.16129032258064516,0.16129032258064516,-1.6790200174942154,0.0967741935483871
661,0,train:1492,1,0,0.34375,0.6774193548387096,0.2903225806451613,0.25806451612903225,-0.13487300375022768,0.3548387096774194
662,0,train:2102,0,0,1.0,1.0,0.7741935483870968,0.7741935483870968,1.6022923867117584,0.6451612903225806
663,0,train:2344,1,0,0.71875,0.0967741935483871,0.25806451612903225,0.25806451612903225,-1.872038394212214,0.06451612903225806
664,0,train:6476,0,1,1.0,1.0,0.9354838709677419,0.7741935483870968,0.01293957180406455,0.5161290322580645
665,0,train:529,0,0,0.90625,0.7419354838709677,0.8387096774193549,0.8387096774193549,1.216255633275762,0.5806451612903226
666,0,test:5069,1,1,1.0,1.0,0.06451612903225806,0.06451612903225806,-0.6991083171416335,0.3225806451612903
667,0,train:1492,1,1,0.96875,1.0,0.6451612903225806,0.9032258064516129,1.7930592941683097,1.0
668,0,train:4916,0,0,0.96875,1.0,0.8387096774193549,0.8387096774193549,1.0232372565577628,0.5483870967741935
669,0,test:5069,1,0,0.09375,0.25806451612903225,0.2903225806451613,0.2903225806451613,-1.2929832640582186,0.16129032258064516
670,0,test:6949,1,1,0.9375,0.25806451612903225,0.9032258064516129,0.8709677419354839,-0.4617590208264008,0.3870967741935484
671,0,train:8337,0,0,0.96875,1.0,0.3870967741935484,0.3870967741935484,0.25116374968576927,0.41935483870967744
672,0,train:8462,0,0,0.6875,0.2903225806451613,0.06451612903225806,0.06451612903225806,0.6372005031217662,0.4838709677419355
673,0,train:8669,0,0,1.0,1.0,0.8709677419354839,0.8064516129032258,1.6022923867117584,0.6451612903225806
674,0,train:418,1,1,1.0,1.0,0.7096774193548387,0.7096774193548387,-0.2244097245111681,0.45161290322580644
675,0,test:9736,1,1,1.0,1.0,0.6451612903225806,0.6451612903225806,-0.4617590208264008,0.3870967741935484
676,0,train:6212,0,1,1.0,1.0,1.0,0.7096774193548387,0.01293957180406455,0.5161290322580645
677,0,train:8116,1,1,0.96875,1.0,0.0967741935483871,0.0967741935483871,-1.2924815579297153,0.16129032258064516
678,0,train:9037,1,1,1.0,1.0,0.7741935483870968,0.8709677419354839,-0.34308437266878433,0.41935483870967744
679,0,train:4665,1,0,0.0625,0.25806451612903225,0.3225806451612903,0.3225806451612903,-1.2929832640582186,0.16129032258064516
680,0,train:9188,0,0,0.9375,1.0,0.9032258064516129,0.9032258064516129,0.6372005031217662,0.4838709677419355
681,0,train:4916,0,0,1.0,1.0,0.8064516129032258,0.8064516129032258,0.4441821264037676,0.45161290322580644
682,0,train:4691,0,0,0.8125,1.0,0.5806451612903226,0.5806451612903226,0.6372005031217662,0.4838709677419355
683,0,train:249,0,0,0.71875,0.7741935483870968,0.8387096774193549,0.8387096774193549,0.4441821264037676,0.45161290322580644
684,0,train:2814,0,1,0.875,0.5161290322580645,0.0967741935483871,0.0967741935483871,1.6743846460106935,0.967741935483871
685,0,train:17,0,0,0.5,0.2903225806451613,0.8709677419354839,0.8709677419354839,-1.6790200174942154,0.0967741935483871
686,0,test:5427,1,1,1.0,0.2903225806451613,0.12903225806451613,0.12903225806451613,-0.580433668984017,0.3548387096774194
687,0,train:1780,0,0,0.96875,1.0,0.3225806451612903,0.3225806451612903,-0.5209097571862247,0.2903225806451613
688,0,train:7877,0,0,1.0,1.0,0.8064516129032258,0.7741935483870968,0.8302188798397645,0.5161290322580645
689,0,train:5815,1,1,1.0,0.25806451612903225,0.16129032258064516,0.03225806451612903,-1.4111562060873315,0.12903225806451613
690,0,test:2775,1,0,0.09375,0.25806451612903225,0.2903225806451613,0.2903225806451613,-0.7139281339042233,0.25806451612903225
691,0,train:6845,1,0,0.5,0.25806451612903225,0.1935483870967742,0.1935483870967742,-1.0999648873402201,0.1935483870967742
692,0,train:8669,0,1,0.78125,0.25806451612903225,0.5161290322580645,0.8064516129032258,-1.648505502402564,0.06451612903225806
693,0,train:4691,1,0,0.9375,0.25806451612903225,0.25806451612903225,0.25806451612903225,0.25116374968576927,0.41935483870967744
694,0,train:2204,0,0,1.0,1.0,0.6774193548387096,0.6774193548387096,-0.7139281339042233,0.25806451612903225
695,0,train:1033,1,0,0.84375,0.3225806451612903,0.8064516129032258,0.2903225806451613,-1.0999648873402201,0.1935483870967742
696,0,train:2437,1,0,0.21875,0.25806451612903225,1.0,0.7741935483870968,0.4441821264037676,0.45161290322580644
697,0,train:5877,0,0,0.25,0.25806451612903225,0.8064516129032258,0.8064516129032258,1.7953107634297567,0.6774193548387096
698,0,train:1479,0,0,0.9375,0.6129032258064516,0.22580645161290322,0.22580645161290322,-0.13487300375022768,0.3548387096774194
699,0,train:8269,0,0,0.875,0.6129032258064516,0.7741935483870968,0.7741935483870968,0.058145372967770635,0.3870967741935484
700,0,train:5864,0,1,1.0,1.0,0.967741935483871,0.6774193548387096,-0.34308437266878433,0.41935483870967744
701,0,train:7448,0,0,1.0,0.2903225806451613,0.0967741935483871,0.0967741935483871,-0.13487300375022768,0.3548387096774194
702,0,train:5282,0,1,1.0,1.0,0.25806451612903225,0.25806451612903225,0.843662108907379,0.7419354838709677
703,0,train:709,1,1,1.0,1.0,0.3225806451612903,0.967741935483871,0.36896351627691365,0.6129032258064516
704,0,train:7860,1,1,1.0,1.0,0.5483870967741935,0.5483870967741935,-0.9364576134568661,0.25806451612903225
705,0,train:8105,1,1,1.0,1.0,0.2903225806451613,0.8387096774193549,1.7930592941683097,1.0
706,0,train:7612,1,0,0.9375,1.0,0.6129032258064516,0.9032258064516129,0.25116374968576927,0.41935483870967744
707,0,train:9366,0,1,0.90625,1.0,0.22580645161290322,0.22580645161290322,0.13161421996168077,0.5483870967741935
708,0,train:8105,0,1,1.0,0.3870967741935484,0.06451612903225806,0.5806451612903226,1.7930592941683097,1.0
709,0,train:7170,0,0,0.40625,0.7741935483870968,0.6129032258064516,0.6129032258064516,-0.5209097571862247,0.2903225806451613
710,0,train:2453,1,0,0.9375,1.0,0.8709677419354839,0.5806451612903226,1.4092740099937602,0.6129032258064516
711,0,train:5035,0,1,1.0,1.0,0.5806451612903226,0.5806451612903226,0.843662108907379,0.7419354838709677
712,0,train:7170,1,0,0.03125,0.41935483870967744,0.06451612903225806,0.06451612903225806,-1.2929832640582186,0.16129032258064516
713,0,train:7938,1,1,1.0,1.0,0.25806451612903225,0.25806451612903225,1.7930592941683097,1.0
714,0,train:5833,0,1,1.0,0.25806451612903225,0.7419354838709677,0.7419354838709677,-1.7671801505601805,0.03225806451612903
715,0,train:7480,0,0,1.0,1.0,0.8387096774193549,0.8387096774193549,0.8302188798397645,0.5161290322580645
716,0,train:6673,1,1,0.3125,0.5806451612903226,0.2903225806451613,0.2903225806451613,-0.10573507635355169,0.4838709677419355
717,0,train:5833,1,0,0.125,0.25806451612903225,0.5161290322580645,0.5161290322580645,-0.9069465106222218,0.22580645161290322
718,0,train:5877,0,0,1.0,0.7741935483870968,0.6451612903225806,0.6451612903225806,0.8302188798397645,0.5161290322580645
719,0,train:9816,1,0,0.96875,1.0,1.0,0.8387096774193549,0.6372005031217662,0.4838709677419355
720,0,train:2590,0,0,1.0,1.0,0.3548387096774194,0.3548387096774194,1.6022923867117584,0.6451612903225806
721,0,train:7480,0,1,1.0,0.9354838709677419,0.7419354838709677,0.3870967741935484,-0.4617590208264008,0.3870967741935484
722,0,train:708,0,0,1.0,1.0,0.967741935483871,0.967741935483871,0.6372005031217662,0.4838709677419355
723,0,train:5864,0,1,0.84375,0.6129032258064516,0.5483870967741935,0.5483870967741935,-1.1738069097720987,0.1935483870967742
724,0,train:1780,1,1,1.0,1.0,0.12903225806451613,0.12903225806451613,-0.10573507635355169,0.4838709677419355
725,0,train:1866,1,1,1.0,1.0,0.3225806451612903,0.3225806451612903,1.7930592941683097,1.0
726,0,train:5816,0,1,0.9375,1.0,0.25806451612903225,0.25806451612903225,-0.9364576134568661,0.25806451612903225
727,0,train:5537,0,0,0.125,0.2903225806451613,0.0967741935483871,0.0967741935483871,-1.6790200174942154,0.0967741935483871
728,0,train:5811,1,0,0.3125,0.3225806451612903,0.3225806451612903,0.3225806451612903,-1.486001640776217,0.12903225806451613
729,0,train:5343,1,1,1.0,1.0,0.5806451612903226,0.5806451612903226,0.13161421996168077,0.5483870967741935
730,0,train:868,1,1,1.0,1.0,0.22580645161290322,0.3870967741935484,-1.2924815579297153,0.16129032258064516
731,0,train:1479,1,1,1.0,1.0,0.3548387096774194,0.3548387096774194,-0.9364576134568661,0.25806451612903225
732,0,train:3216,1,0,0.40625,0.2903225806451613,1.0,0.6129032258064516,-0.9069465106222218,0.22580645161290322
733,0,train:6476,0,0,1.0,1.0,0.6451612903225806,0.6451612903225806,0.6372005031217662,0.4838709677419355
734,0,train:5343,1,1,0.9375,1.0,0.3225806451612903,0.3225806451612903,-0.34308437266878433,0.41935483870967744
735,0,train:1866,1,1,1.0,1.0,0.3548387096774194,0.8709677419354839,1.7930592941683097,1.0
736,0,train:6476,0,1,1.0,1.0,0.5161290322580645,0.5161290322580645,1.7930592941683097,1.0
737,0,train:5496,1,0,0.0625,0.25806451612903225,0.5483870967741935,0.5483870967741935,-0.3278913804682263,0.3225806451612903
738,0,train:4305,0,0,0.75,0.6451612903225806,0.6774193548387096,0.6774193548387096,-0.3278913804682263,0.3225806451612903
739,0,train:8576,1,1,1.0,1.0,1.0,0.7741935483870968,-0.9364576134568661,0.25806451612903225
740,0,train:5227,0,0,0.625,0.3225806451612903,0.12903225806451613,0.12903225806451613,-0.3278913804682263,0.3225806451612903
741,0,train:8576,1,1,1.0,1.0,0.1935483870967742,0.1935483870967742,0.01293957180406455,0.5161290322580645
742,0,train:8756,0,1,0.71875,0.6774193548387096,0.45161290322580644,0.9032258064516129,-0.10573507635355169,0.4838709677419355
743,0,train:9994,0,0,0.03125,0.2903225806451613,0.7741935483870968,0.7741935483870968,0.6372005031217662,0.4838709677419355
744,0,train:6421,0,1,0.4375,0.06451612903225806,0.03225806451612903,0.03225806451612903,0.36896351627691365,0.6129032258064516
745,0,test:6949,0,1,1.0,1.0,1.0,1.0,0.4876381644345299,0.6451612903225806
746,0,train:5815,0,0,1.0,1.0,0.7741935483870968,0.8387096774193549,1.6022923867117584,0.6451612903225806
747,0,train:6673,1,1,1.0,1.0,0.5161290322580645,1.0,-0.10573507635355169,0.4838709677419355
748,0,train:3539,0,1,1.0,0.41935483870967744,0.5483870967741935,0.03225806451612903,-0.6991083171416335,0.3225806451612903
749,0,train:4944,0,0,0.625,0.5806451612903226,0.2903225806451613,0.2903225806451613,-0.9069465106222218,0.22580645161290322
750,0,train:8487,1,1,0.96875,1.0,0.5483870967741935,0.5483870967741935,-0.4617590208264008,0.3870967741935484
751,0,train:8857,0,0,0.125,0.3225806451612903,0.5483870967741935,0.5483870967741935,-0.3278913804682263,0.3225806451612903
752,0,train:5864,0,0,0.9375,1.0,0.5806451612903226,0.5483870967741935,-0.13487300375022768,0.3548387096774194
753,0,train:7590,1,1,1.0,1.0,0.8064516129032258,0.8064516129032258,0.9623367570649952,0.7741935483870968
754,0,train:2753,1,1,0.9375,0.2903225806451613,0.45161290322580644,0.45161290322580644,0.13161421996168077,0.5483870967741935
755,0,train:7612,0,0,1.0,1.0,0.7741935483870968,0.7741935483870968,0.058145372967770635,0.3870967741935484
756,0,train:2814,1,0,1.0,1.0,0.9032258064516129,0.9032258064516129,1.216255633275762,0.5806451612903226
757,0,train:5833,1,0,0.03125,0.12903225806451613,0.03225806451612903,0.06451612903225806,-1.872038394212214,0.06451612903225806
758,0,train:5456,1,0,0.0625,0.2903225806451613,0.06451612903225806,0.06451612903225806,-1.0999648873402201,0.1935483870967742
759,0,test:6949,1,0,0.46875,0.25806451612903225,0.3548387096774194,0.3225806451612903,0.058145372967770635,0.3870967741935484
760,0,train:5193,0,0,1.0,1.0,0.8709677419354839,0.8709677419354839,-0.13487300375022768,0.3548387096774194
761,0,train:5364,1,1,1.0,1.0,0.5483870967741935,0.5483870967741935,0.843662108907379,0.7419354838709677
762,0,train:7877,0,0,1.0,1.0,0.8064516129032258,0.8064516129032258,0.4441821264037676,0.45161290322580644
763,0,train:6415,1,0,0.25,0.25806451612903225,0.06451612903225806,0.06451612903225806,-2.065056770930213,0.03225806451612903
764,0,train:7480,0,0,0.875,0.3870967741935484,0.12903225806451613,0.12903225806451613,-1.872038394212214,0.06451612903225806
765,0,train:1609,1,0,0.5625,0.7419354838709677,0.5483870967741935,0.5483870967741935,0.4441821264037676,0.45161290322580644
766,0,train:9188,0,1,0.8125,0.12903225806451613,0.03225806451612903,0.03225806451612903,-1.7671801505601805,0.03225806451612903
767,0,train:6415,0,0,0.65625,0.967741935483871,0.7741935483870968,0.7419354838709677,-0.13487300375022768,0.3548387096774194
768,0,train:3089,1,1,1.0,1.0,0.6451612903225806,0.5483870967741935,0.6063128125921461,0.6774193548387096
769,0,train:8337,0,0,1.0,1.0,0.45161290322580644,0.45161290322580644,1.216255633275762,0.5806451612903226
770,0,train:8669,0,1,0.5625,0.25806451612903225,0.1935483870967742,0.1935483870967742,-1.1738069097720987,0.1935483870967742
771,0,train:308,1,0,0.03125,0.25806451612903225,0.1935483870967742,0.1935483870967742,-0.3278913804682263,0.3225806451612903
772,0,train:4929,1,1,0.84375,0.3548387096774194,0.8387096774193549,1.0,-1.0551322616144823,0.22580645161290322
773,0,train:3562,1,1,1.0,1.0,0.6774193548387096,0.6774193548387096,0.7249874607497627,0.7096774193548387
774,0,train:3216,0,1,0.34375,0.25806451612903225,0.06451612903225806,0.06451612903225806,-0.10573507635355169,0.4838709677419355
775,0,train:4944,0,0,0.6875,0.25806451612903225,0.5161290322580645,0.5161290322580645,-0.5209097571862247,0.2903225806451613
776,0,train:2225,1,1,0.78125,0.41935483870967744,0.3548387096774194,0.3548387096774194,-0.2244097245111681,0.45161290322580644
777,0,train:17,0,0,0.96875,1.0,0.8064516129032258,0.8064516129032258,0.4441821264037676,0.45161290322580644
778,0,train:5193,1,1,1.0,1.0,0.8709677419354839,0.6774193548387096,-1.1738069097720987,0.1935483870967742
779,0,train:999,1,1,1.0,1.0,0.3548387096774194,0.25806451612903225,-0.4617590208264008,0.3870967741935484
780,0,train:6212,0,1,1.0,1.0,0.6774193548387096,0.6774193548387096,0.13161421996168077,0.5483870967741935
781,0,train:648,1,1,1.0,1.0,0.8064516129032258,0.8064516129032258,-0.580433668984017,0.3548387096774194
782,0,train:4915,1,1,1.0,1.0,0.8064516129032258,0.8064516129032258,0.843662108907379,0.7419354838709677
783,0,train:6673,0,0,1.0,1.0,0.41935483870967744,0.41935483870967744,0.6372005031217662,0.4838709677419355
784,0,train:17,1,0,1.0,1.0,0.6774193548387096,0.6774193548387096,-0.13487300375022768,0.3548387096774194
785,0,train:6372,0,0,1.0,1.0,1.0,0.1935483870967742,-0.3278913804682263,0.3225806451612903
786,0,train:5300,0,0,1.0,1.0,0.8387096774193549,0.8387096774193549,1.7953107634297567,0.6774193548387096
787,0,train:5815,0,0,0.65625,0.45161290322580644,0.5806451612903226,0.5806451612903226,1.216255633275762,0.5806451612903226
788,0,train:5877,1,1,0.90625,0.4838709677419355,0.5483870967741935,0.5483870967741935,-1.2924815579297153,0.16129032258064516
789,0,train:1033,0,0,0.9375,1.0,0.7419354838709677,0.7419354838709677,1.0232372565577628,0.5483870967741935
790,0,train:9816,0,0,0.375,0.41935483870967744,0.5806451612903226,0.5806451612903226,1.0232372565577628,0.5483870967741935
791,0,train:1727,1,0,0.15625,0.25806451612903225,0.7096774193548387,0.7096774193548387,1.0232372565577628,0.5483870967741935
792,0,train:8756,0,0,0.75,0.5483870967741935,0.5161290322580645,0.5161290322580645,0.8302188798397645,0.5161290322580645
793,0,train:7510,1,1,1.0,1.0,0.3225806451612903,0.5161290322580645,-1.0551322616144823,0.22580645161290322
794,0,train:1660,1,1,1.0,1.0,0.8064516129032258,0.8064516129032258,1.6743846460106935,0.967741935483871
795,0,train:1866,0,0,0.375,0.25806451612903225,0.22580645161290322,0.22580645161290322,-1.2929832640582186,0.16129032258064516
796,0,train:8116,0,0,0.96875,0.2903225806451613,0.8064516129032258,0.8064516129032258,-0.7139281339042233,0.25806451612903225
797,0,test:5610,0,0,0.875,0.25806451612903225,0.16129032258064516,0.16129032258064516,0.25116374968576927,0.41935483870967744
798,0,train:7448,0,1,1.0,1.0,0.16129032258064516,0.16129032258064516,1.0810114052226114,0.8064516129032258
799,0,train:5864,0,0,1.0,1.0,0.7741935483870968,0.7741935483870968,1.6022923867117584,0.6451612903225806
800,0,train:8669,0,0,1.0,0.9354838709677419,0.22580645161290322,0.22580645161290322,-0.9069465106222218,0.22580645161290322
801,0,train:1660,1,1,1.0,1.0,0.7096774193548387,0.7096774193548387,0.7249874607497627,0.7096774193548387
802,0,train:2437,1,1,1.0,1.0,0.6129032258064516,0.6129032258064516,-0.2244097245111681,0.45161290322580644
803,0,train:5456,1,0,0.90625,0.9032258064516129,0.9032258064516129,0.9032258064516129,0.8302188798397645,0.5161290322580645
804,0,train:9017,0,0,1.0,1.0,0.8387096774193549,0.8387096774193549,1.9883291401477556,0.7096774193548387
805,0,train:5534,0,1,1.0,1.0,0.4838709677419355,0.3548387096774194,1.0810114052226114,0.8064516129032258
806,0,train:1660,1,1,1.0,1.0,0.5806451612903226,0.5806451612903226,0.843662108907379,0.7419354838709677
807,0,train:1999,1,1,1.0,1.0,0.5483870967741935,0.5483870967741935,0.2502888681192974,0.5806451612903226
808,0,train:308,1,1,1.0,1.0,0.5161290322580645,0.5161290322580645,-1.0551322616144823,0.22580645161290322
809,0,train:5537,0,0,1.0,1.0,0.3225806451612903,0.3225806451612903,0.4441821264037676,0.45161290322580644
810,0,train:5537,0,0,1.0,1.0,0.6129032258064516,0.5161290322580645,-0.13487300375022768,0.3548387096774194
811,0,test:9736,0,0,1.0,1.0,0.8709677419354839,0.8709677419354839,0.25116374968576927,0.41935483870967744
812,0,train:4691,0,0,1.0,1.0,0.7096774193548387,0.7096774193548387,-0.13487300375022768,0.3548387096774194
813,0,train:9037,0,0,0.625,0.7741935483870968,0.6129032258064516,0.6129032258064516,1.4092740099937602,0.6129032258064516
814,0,train:708,1,1,0.96875,0.8064516129032258,0.5806451612903226,0.5806451612903226,0.36896351627691365,0.6129032258064516
815,0,test:2463,0,0,0.1875,0.25806451612903225,0.2903225806451613,0.2903225806451613,0.8302188798397645,0.5161290322580645
816,0,train:5809,1,1,1.0,1.0,0.22580645161290322,0.7096774193548387,1.5557099978530768,0.9354838709677419
817,0,train:4334,0,1,0.8125,0.25806451612903225,0.9354838709677419,0.9354838709677419,1.7930592941683097,1.0
818,0,train:8669,0,1,0.75,0.3548387096774194,0.6774193548387096,0.6774193548387096,-1.2924815579297153,0.16129032258064516
819,0,train:5815,0,1,0.96875,0.06451612903225806,0.06451612903225806,0.06451612903225806,-1.648505502402564,0.06451612903225806
820,0,train:6438,1,1,1.0,1.0,0.6774193548387096,0.6774193548387096,-0.34308437266878433,0.41935483870967744
821,0,train:9397,0,0,0.125,0.16129032258064516,0.16129032258064516,0.16129032258064516,-1.2929832640582186,0.16129032258064516
822,0,train:9483,1,1,1.0,1.0,0.16129032258064516,0.16129032258064516,0.01293957180406455,0.5161290322580645
823,0,test:2463,1,1,1.0,1.0,0.5161290322580645,0.5161290322580645,-0.8177829652992497,0.2903225806451613
824,0,train:2590,1,1,1.0,1.0,0.8064516129032258,0.8064516129032258,-0.580433668984017,0.3548387096774194
825,0,train:1033,0,0,0.90625,0.8387096774193549,0.5483870967741935,0.5483870967741935,0.058145372967770635,0.3870967741935484
826,0,train:1615,1,1,1.0,1.0,0.7741935483870968,0.7096774193548387,0.4876381644345299,0.6451612903225806
827,0,train:4691,1,1,0.9375,0.7741935483870968,0.6129032258064516,0.6129032258064516,0.2502888681192974,0.5806451612903226
828,0,train:9188,0,0,0.96875,1.0,0.8064516129032258,0.7096774193548387,-0.13487300375022768,0.3548387096774194
829,0,train:4514,0,1,0.90625,0.3225806451612903,0.22580645161290322,0.5806451612903226,0.01293957180406455,0.5161290322580645
830,0,train:5193,0,0,1.0,1.0,0.8064516129032258,0.8064516129032258,1.4092740099937602,0.6129032258064516
831,0,train:2437,1,1,1.0,1.0,0.5806451612903226,0.9032258064516129,1.0810114052226114,0.8064516129032258
832,0,train:7938,1,0,0.625,0.3870967741935484,0.45161290322580644,0.45161290322580644,-1.6790200174942154,0.0967741935483871
833,0,train:7480,0,0,0.78125,0.6451612903225806,0.5806451612903226,0.5806451612903226,-0.7139281339042233,0.25806451612903225
834,0,train:999,0,0,0.9375,1.0,0.9032258064516129,0.9032258064516129,-0.13487300375022768,0.3548387096774194
835,0,train:5222,1,1,1.0,1.0,0.45161290322580644,0.45161290322580644,1.0810114052226114,0.8064516129032258
836,0,train:5364,1,1,0.96875,1.0,0.4838709677419355,0.4838709677419355,1.7930592941683097,1.0
837,0,train:4915,1,0,0.125,0.45161290322580644,0.2903225806451613,0.2903225806451613,0.6372005031217662,0.4838709677419355
838,0,train:5809,0,1,1.0,1.0,0.9032258064516129,0.6129032258064516,-0.10573507635355169,0.4838709677419355
839,0,train:8718,0,1,0.96875,1.0,0.41935483870967744,0.41935483870967744,-1.5298308542449477,0.0967741935483871
840,0,train:418,0,0,0.65625,1.0,1.0,1.0,-0.3278913804682263,0.3225806451612903
841,0,train:3706,0,0,1.0,1.0,1.0,0.7419354838709677,1.0232372565577628,0.5483870967741935
842,0,train:2453,1,0,0.125,0.45161290322580644,0.4838709677419355,0.4838709677419355,-0.9069465106222218,0.22580645161290322
843,0,train:5227,0,0,0.90625,0.5161290322580645,0.4838709677419355,0.4838709677419355,0.25116374968576927,0.41935483870967744
844,0,train:8359,0,0,0.71875,0.3225806451612903,0.7096774193548387,0.7096774193548387,-1.486001640776217,0.12903225806451613
845,0,train:8857,0,0,1.0,1.0,0.8709677419354839,0.7419354838709677,0.4441821264037676,0.45161290322580644
846,0,test:5699,1,1,1.0,1.0,0.7419354838709677,0.7419354838709677,0.843662108907379,0.7419354838709677
847,0,train:5809,1,0,0.03125,0.12903225806451613,0.03225806451612903,0.16129032258064516,-1.872038394212214,0.06451612903225806
848,0,train:4915,1,0,0.03125,0.16129032258064516,0.03225806451612903,0.03225806451612903,-2.065056770930213,0.03225806451612903
849,0,train:1615,1,0,0.46875,0.3870967741935484,0.7096774193548387,0.7096774193548387,-0.3278913804682263,0.3225806451612903
850,0,train:868,1,1,1.0,1.0,0.5483870967741935,0.9354838709677419,0.9623367570649952,0.7741935483870968
851,0,train:5227,0,0,0.65625,0.25806451612903225,0.8387096774193549,0.8387096774193549,0.25116374968576927,0.41935483870967744
852,0,test:2775,1,0,1.0,0.5806451612903226,1.0,0.7096774193548387,1.216255633275762,0.5806451612903226
853,0,train:8116,0,1,1.0,1.0,0.7419354838709677,0.7419354838709677,-0.6991083171416335,0.3225806451612903
854,0,train:4514,0,0,1.0,1.0,0.8064516129032258,0.8064516129032258,1.216255633275762,0.5806451612903226
855,0,train:5864,0,1,0.84375,0.9354838709677419,0.2903225806451613,0.6451612903225806,-0.10573507635355169,0.4838709677419355
856,0,train:7860,1,1,0.9375,1.0,0.1935483870967742,0.1935483870967742,-0.34308437266878433,0.41935483870967744
857,0,train:8488,1,1,0.3125,0.3870967741935484,0.03225806451612903,0.03225806451612903,-1.648505502402564,0.06451612903225806
858,0,train:3216,0,0,0.6875,0.25806451612903225,0.22580645161290322,0.22580645161290322,-0.3278913804682263,0.3225806451612903
859,0,train:328,1,1,1.0,1.0,0.3548387096774194,0.6129032258064516,0.843662108907379,0.7419354838709677
860,0,train:999,0,0,0.65625,0.8709677419354839,0.16129032258064516,0.16129032258064516,-0.13487300375022768,0.3548387096774194
861,0,train:1033,0,0,0.96875,1.0,0.45161290322580644,0.6129032258064516,1.0232372565577628,0.5483870967741935
862,0,train:6438,1,0,0.46875,0.06451612903225806,0.41935483870967744,0.41935483870967744,-1.486001640776217,0.12903225806451613
863,0,train:868,0,1,1.0,1.0,0.967741935483871,0.967741935483871,0.13161421996168077,0.5483870967741935
864,0,train:8359,0,0,0.96875,1.0,0.9032258064516129,0.9032258064516129,1.4092740099937602,0.6129032258064516
865,0,train:5364,1,1,1.0,1.0,0.967741935483871,0.967741935483871,-1.0551322616144823,0.22580645161290322
866,0,train:2814,0,1,0.875,0.7741935483870968,1.0,0.967741935483871,-1.0551322616144823,0.22580645161290322
867,0,train:5537,0,0,1.0,1.0,0.41935483870967744,0.6774193548387096,0.4441821264037676,0.45161290322580644
868,0,train:2437,1,0,0.28125,0.22580645161290322,0.06451612903225806,0.06451612903225806,0.058145372967770635,0.3870967741935484
869,0,train:5456,1,1,1.0,1.0,0.41935483870967744,0.4838709677419355,0.36896351627691365,0.6129032258064516
870,0,train:6845,0,0,0.78125,0.25806451612903225,0.03225806451612903,0.03225806451612903,-1.6790200174942154,0.0967741935483871
871,0,train:7480,1,1,1.0,1.0,0.6774193548387096,0.7419354838709677,0.13161421996168077,0.5483870967741935
872,0,train:4305,1,0,1.0,1.0,0.2903225806451613,0.2903225806451613,-0.3278913804682263,0.3225806451612903
873,0,train:532,1,1,0.875,0.967741935483871,1.0,1.0,-0.6991083171416335,0.3225806451612903
874,0,train:2494,1,1,0.25,0.2903225806451613,0.1935483870967742,0.1935483870967742,-0.9364576134568661,0.25806451612903225
875,0,train:5727,1,0,0.1875,0.25806451612903225,0.03225806451612903,0.03225806451612903,-2.065056770930213,0.03225806451612903
876,0,train:7860,1,1,0.96875,1.0,0.5161290322580645,0.5161290322580645,-1.0551322616144823,0.22580645161290322
877,0,train:1866,1,0,0.15625,0.4838709677419355,0.3225806451612903,0.3225806451612903,-0.5209097571862247,0.2903225806451613
878,0,train:5409,1,1,1.0,0.7096774193548387,0.3870967741935484,0.5806451612903226,-0.6991083171416335,0.3225806451612903
879,0,train:6421,1,1,1.0,1.0,0.6774193548387096,0.9354838709677419,-0.580433668984017,0.3548387096774194
880,0,train:5366,1,1,1.0,1.0,0.7096774193548387,0.7096774193548387,1.7930592941683097,1.0
881,0,test:6949,1,0,0.03125,0.1935483870967742,0.45161290322580644,0.45161290322580644,-2.065056770930213,0.03225806451612903
882,0,train:3089,1,1,1.0,1.0,0.7419354838709677,0.7419354838709677,-0.2244097245111681,0.45161290322580644
883,0,test:5427,0,0,1.0,0.3548387096774194,0.8064516129032258,0.8064516129032258,1.216255633275762,0.5806451612903226
884,0,train:6476,1,0,0.28125,0.25806451612903225,0.16129032258064516,0.16129032258064516,-1.2929832640582186,0.16129032258064516
885,0,train:6438,1,1,1.0,1.0,0.3870967741935484,0.3870967741935484,0.9623367570649952,0.7741935483870968
886,0,train:1453,0,0,0.875,1.0,1.0,0.41935483870967744,-0.7139281339042233,0.25806451612903225
887,0,train:2453,1,1,1.0,1.0,0.6451612903225806,0.6451612903225806,1.7930592941683097,1.0
888,0,train:2753,1,0,0.90625,0.25806451612903225,0.03225806451612903,0.03225806451612903,-2.065056770930213,0.03225806451612903
889,0,train:6673,0,0,0.4375,0.45161290322580644,0.8709677419354839,0.8709677419354839,1.0232372565577628,0.5483870967741935
890,0,train:5555,0,0,1.0,1.0,0.7741935483870968,0.7741935483870968,1.6022923867117584,0.6451612903225806
891,0,train:648,0,0,1.0,1.0,1.0,0.5161290322580645,1.7953107634297567,0.6774193548387096
892,0,train:7510,0,1,1.0,1.0,0.0967741935483871,0.0967741935483871,-1.2924815579297153,0.16129032258064516
893,0,test:2463,0,0,0.625,0.41935483870967744,0.9032258064516129,0.9032258064516129,1.4092740099937602,0.6129032258064516
894,0,train:4944,0,0,0.78125,1.0,0.22580645161290322,0.22580645161290322,1.0232372565577628,0.5483870967741935
895,0,train:648,0,0,0.03125,0.25806451612903225,0.5483870967741935,0.5483870967741935,-0.9069465106222218,0.22580645161290322
896,0,train:5167,0,0,1.0,1.0,0.6451612903225806,0.6451612903225806,1.0232372565577628,0.5483870967741935
897,0,train:9366,0,1,0.71875,0.41935483870967744,0.8709677419354839,0.12903225806451613,-0.6991083171416335,0.3225806451612903
898,0,train:4915,1,1,0.9375,0.6451612903225806,0.4838709677419355,0.4838709677419355,0.13161421996168077,0.5483870967741935
899,0,train:1999,0,0,0.84375,1.0,1.0,0.7741935483870968,1.0232372565577628,0.5483870967741935
900,0,test:2775,1,0,0.3125,0.5161290322580645,0.4838709677419355,0.4838709677419355,-0.13487300375022768,0.3548387096774194
901,0,train:2102,0,0,0.5,0.45161290322580644,0.2903225806451613,0.2903225806451613,0.25116374968576927,0.41935483870967744
902,0,train:5343,0,1,0.875,0.45161290322580644,0.06451612903225806,0.06451612903225806,-0.8177829652992497,0.2903225806451613
903,0,train:6421,0,0,1.0,1.0,0.7096774193548387,0.7096774193548387,1.0232372565577628,0.5483870967741935
904,0,train:6673,1,0,0.03125,0.25806451612903225,0.03225806451612903,0.03225806451612903,-0.9069465106222218,0.22580645161290322
905,0,train:8857,0,0,1.0,1.0,1.0,0.9354838709677419,0.058145372967770635,0.3870967741935484
906,0,train:8669,0,0,1.0,1.0,0.8064516129032258,0.8064516129032258,1.216255633275762,0.5806451612903226
907,0,train:1999,0,1,0.78125,0.967741935483871,0.22580645161290322,0.22580645161290322,-1.0551322616144823,0.22580645161290322
908,0,train:1780,1,1,0.96875,0.3548387096774194,0.3870967741935484,0.3870967741935484,-1.0551322616144823,0.22580645161290322
909,0,train:5574,1,1,1.0,1.0,0.6774193548387096,0.6774193548387096,0.36896351627691365,0.6129032258064516
910,0,train:6372,0,0,1.0,1.0,1.0,0.6129032258064516,-0.13487300375022768,0.3548387096774194
911,0,train:10072,1,1,1.0,1.0,0.5483870967741935,0.5483870967741935,-0.8177829652992497,0.2903225806451613
912,0,train:7612,1,0,0.84375,1.0,0.8387096774193549,0.8387096774193549,-0.13487300375022768,0.3548387096774194
913,0,train:8762,0,1,0.09375,0.16129032258064516,0.12903225806451613,0.12903225806451613,-1.648505502402564,0.06451612903225806
914,0,train:4929,1,1,0.875,1.0,0.45161290322580644,1.0,-1.2924815579297153,0.16129032258064516
915,0,train:4514,0,0,1.0,1.0,0.5161290322580645,0.5161290322580645,-0.13487300375022768,0.3548387096774194
916,0,train:1615,1,1,1.0,1.0,1.0,1.0,1.7930592941683097,1.0
917,0,train:8718,0,0,0.65625,0.8709677419354839,0.5483870967741935,0.5483870967741935,-1.2929832640582186,0.16129032258064516
918,0,train:4334,0,1,0.96875,1.0,0.5806451612903226,0.5806451612903226,1.7930592941683097,1.0
919,0,train:262,1,1,1.0,1.0,0.7096774193548387,0.7096774193548387,1.7930592941683097,1.0
920,0,train:5765,0,1,1.0,1.0,0.12903225806451613,0.12903225806451613,-1.5298308542449477,0.0967741935483871
921,0,train:708,1,1,1.0,1.0,0.3548387096774194,0.3548387096774194,0.36896351627691365,0.6129032258064516
922,0,train:6374,1,1,1.0,1.0,0.5483870967741935,0.5483870967741935,0.2502888681192974,0.5806451612903226
923,0,train:7510,1,1,1.0,1.0,0.0967741935483871,0.0967741935483871,-1.648505502402564,0.06451612903225806
924,0,train:5765,1,1,1.0,1.0,0.22580645161290322,0.22580645161290322,-0.580433668984017,0.3548387096774194
925,0,train:7860,0,1,0.84375,0.9354838709677419,0.6451612903225806,0.6451612903225806,1.3183607015378442,0.8709677419354839
926,0,train:6476,0,1,0.875,0.6774193548387096,0.0967741935483871,0.0967741935483871,-1.2924815579297153,0.16129032258064516
927,0,train:1999,1,0,0.53125,0.2903225806451613,0.22580645161290322,0.22580645161290322,-0.9069465106222218,0.22580645161290322
928,0,train:9397,1,1,0.8125,0.5161290322580645,0.16129032258064516,0.0967741935483871,-0.8177829652992497,0.2903225806451613
929,0,train:4665,1,1,1.0,1.0,0.5483870967741935,0.1935483870967742,-0.580433668984017,0.3548387096774194
930,0,train:7612,1,1,1.0,1.0,0.7419354838709677,0.7419354838709677,0.843662108907379,0.7419354838709677
931,0,train:5877,1,0,0.5,0.2903225806451613,0.4838709677419355,0.4838709677419355,-0.3278913804682263,0.3225806451612903
932,0,train:999,0,0,1.0,1.0,0.6451612903225806,0.6451612903225806,2.181347516865754,0.7419354838709677
933,0,train:3216,1,0,0.6875,0.06451612903225806,0.8709677419354839,0.8709677419354839,0.6372005031217662,0.4838709677419355
934,0,test:5069,0,0,0.625,0.41935483870967744,0.4838709677419355,0.4838709677419355,-0.9069465106222218,0.22580645161290322
935,0,train:3570,1,1,1.0,1.0,0.5806451612903226,0.5806451612903226,-0.8177829652992497,0.2903225806451613
936,0,train:6673,0,0,1.0,1.0,1.0,0.6774193548387096,1.216255633275762,0.5806451612903226
937,0,train:9483,0,1,1.0,1.0,0.9354838709677419,0.9354838709677419,0.13161421996168077,0.5483870967741935
938,0,train:7877,1,1,0.96875,1.0,0.25806451612903225,0.25806451612903225,-1.1738069097720987,0.1935483870967742
939,0,train:3733,0,1,0.6875,0.25806451612903225,0.6129032258064516,0.6129032258064516,-0.580433668984017,0.3548387096774194
940,0,test:8237,0,1,0.96875,1.0,0.9354838709677419,0.9354838709677419,1.7930592941683097,1.0
941,0,train:5815,1,0,0.5625,0.4838709677419355,0.6129032258064516,0.6129032258064516,0.6372005031217662,0.4838709677419355
942,0,test:8237,0,1,0.84375,0.16129032258064516,0.3870967741935484,0.7096774193548387,-0.9364576134568661,0.25806451612903225
943,0,train:5809,0,1,1.0,1.0,0.8064516129032258,0.41935483870967744,-0.34308437266878433,0.41935483870967744
944,0,train:3216,1,0,0.40625,0.25806451612903225,0.1935483870967742,0.1935483870967742,0.058145372967770635,0.3870967741935484
945,0,train:9188,0,0,1.0,1.0,0.967741935483871,0.967741935483871,0.4441821264037676,0.45161290322580644
946,0,train:3461,1,1,1.0,1.0,0.4838709677419355,0.4838709677419355,1.7930592941683097,1.0
947,0,train:6638,0,0,0.65625,0.8387096774193549,0.9354838709677419,0.9354838709677419,0.058145372967770635,0.3870967741935484
948,0,train:1866,1,0,1.0,1.0,1.0,0.6774193548387096,0.058145372967770635,0.3870967741935484
949,0,train:1727,0,1,0.53125,0.4838709677419355,0.6774193548387096,0.8387096774193549,-0.4617590208264008,0.3870967741935484
950,0,train:7448,0,0,0.4375,0.8709677419354839,1.0,0.9032258064516129,-0.9069465106222218,0.22580645161290322
951,0,train:6476,0,1,1.0,1.0,0.4838709677419355,0.4838709677419355,0.2502888681192974,0.5806451612903226
952,0,train:2706,0,1,0.875,0.7741935483870968,1.0,0.6451612903225806,0.7249874607497627,0.7096774193548387
953,0,train:262,0,1,1.0,1.0,0.5483870967741935,0.5483870967741935,0.36896351627691365,0.6129032258064516
954,0,train:6421,0,0,1.0,1.0,0.967741935483871,0.967741935483871,0.058145372967770635,0.3870967741935484
955,0,train:525,0,0,1.0,1.0,0.8387096774193549,0.8387096774193549,0.6372005031217662,0.4838709677419355
956,0,train:3939,1,1,1.0,1.0,0.8387096774193549,0.9354838709677419,0.36896351627691365,0.6129032258064516
957,0,train:8451,0,0,0.625,0.2903225806451613,0.7741935483870968,0.7741935483870968,0.8302188798397645,0.5161290322580645
958,0,train:868,0,1,1.0,1.0,0.9032258064516129,0.9032258064516129,-1.5298308542449477,0.0967741935483871
959,0,train:359,0,0,0.5,0.7096774193548387,1.0,0.6774193548387096,0.4441821264037676,0.45161290322580644
960,0,train:7451,1,0,1.0,1.0,0.5806451612903226,0.5806451612903226,1.0232372565577628,0.5483870967741935
961,0,train:9773,0,1,0.96875,0.25806451612903225,0.3870967741935484,0.6774193548387096,-0.8177829652992497,0.2903225806451613
962,0,test:2463,1,0,0.46875,0.3870967741935484,0.25806451612903225,0.25806451612903225,-0.13487300375022768,0.3548387096774194
963,0,train:359,0,0,1.0,1.0,0.8709677419354839,0.8709677419354839,1.6022923867117584,0.6451612903225806
964,0,train:6505,1,0,0.125,0.25806451612903225,0.3870967741935484,0.3870967741935484,1.7953107634297567,0.6774193548387096
965,0,train:5534,1,1,1.0,1.0,0.1935483870967742,0.22580645161290322,0.4876381644345299,0.6451612903225806
966,0,test:5610,0,0,1.0,1.0,0.5483870967741935,0.5483870967741935,0.6372005031217662,0.4838709677419355
967,0,train:1660,1,0,0.28125,0.3225806451612903,0.8064516129032258,0.8064516129032258,0.6372005031217662,0.4838709677419355
968,0,train:6569,1,1,0.9375,1.0,0.3225806451612903,0.7741935483870968,0.4876381644345299,0.6451612903225806
969,0,train:9037,1,1,1.0,0.7419354838709677,0.8709677419354839,0.5806451612903226,0.13161421996168077,0.5483870967741935
970,0,train:999,1,1,1.0,1.0,0.7096774193548387,0.9354838709677419,1.0810114052226114,0.8064516129032258
971,0,train:418,1,1,1.0,1.0,0.3548387096774194,0.3548387096774194,-0.2244097245111681,0.45161290322580644
972,0,train:8857,0,0,0.46875,0.25806451612903225,1.0,0.3870967741935484,-0.13487300375022768,0.3548387096774194
973,0,train:4305,0,0,0.78125,0.6774193548387096,0.3548387096774194,0.3548387096774194,0.058145372967770635,0.3870967741935484
974,0,train:648,0,1,0.59375,0.3548387096774194,0.0967741935483871,0.0967741935483871,-1.648505502402564,0.06451612903225806
975,0,train:5537,0,0,1.0,1.0,0.5161290322580645,0.5161290322580645,0.6372005031217662,0.4838709677419355
976,0,train:8487,1,1,0.90625,0.5806451612903226,0.41935483870967744,0.41935483870967744,-1.2924815579297153,0.16129032258064516
977,0,train:1615,0,0,1.0,1.0,0.7741935483870968,0.7741935483870968,1.4092740099937602,0.6129032258064516
978,0,train:17,0,0,0.9375,1.0,0.5483870967741935,0.5483870967741935,0.4441821264037676,0.45161290322580644
979,0,train:1660,1,1,1.0,1.0,0.12903225806451613,1.0,-1.5298308542449477,0.0967741935483871
980,0,train:328,1,1,1.0,1.0,0.7096774193548387,0.7096774193548387,0.7249874607497627,0.7096774193548387
981,0,train:8487,0,1,0.875,0.3225806451612903,0.8064516129032258,0.8064516129032258,-0.9364576134568661,0.25806451612903225
982,0,train:3089,1,1,0.75,0.3225806451612903,0.3225806451612903,0.3225806451612903,-1.5298308542449477,0.0967741935483871
983,0,train:308,1,0,0.03125,0.16129032258064516,0.06451612903225806,0.06451612903225806,-0.7139281339042233,0.25806451612903225
984,0,train:648,0,0,0.84375,0.6774193548387096,0.9032258064516129,0.9032258064516129,0.25116374968576927,0.41935483870967744
985,0,train:6505,1,0,0.375,0.45161290322580644,0.2903225806451613,0.2903225806451613,-0.3278913804682263,0.3225806451612903
986,0,train:2814,0,0,0.28125,0.5806451612903226,0.1935483870967742,0.1935483870967742,-0.7139281339042233,0.25806451612903225
987,0,train:8487,0,0,0.84375,0.2903225806451613,0.6129032258064516,0.7419354838709677,-1.486001640776217,0.12903225806451613
988,0,train:262,0,1,1.0,1.0,0.5806451612903226,0.5806451612903226,0.4876381644345299,0.6451612903225806
989,0,train:525,0,0,0.625,0.8064516129032258,0.45161290322580644,0.45161290322580644,-0.5209097571862247,0.2903225806451613
990,0,train:5811,1,1,1.0,1.0,0.3548387096774194,0.4838709677419355,0.9623367570649952,0.7741935483870968
991,0,test:5699,1,1,1.0,1.0,0.5161290322580645,0.5161290322580645,0.13161421996168077,0.5483870967741935
992,0,train:6673,1,1,1.0,1.0,0.7741935483870968,0.7741935483870968,0.7249874607497627,0.7096774193548387
993,0,train:4514,0,0,0.46875,0.2903225806451613,0.5483870967741935,0.5483870967741935,0.058145372967770635,0.3870967741935484
994,0,train:262,0,0,0.90625,0.8709677419354839,0.06451612903225806,0.8387096774193549,0.25116374968576927,0.41935483870967744
995,0,train:1727,1,1,1.0,1.0,0.6129032258064516,1.0,0.7249874607497627,0.7096774193548387
996,0,train:4334,0,1,0.6875,0.2903225806451613,0.7419354838709677,0.7419354838709677,0.2502888681192974,0.5806451612903226
997,0,train:3706,0,0,0.75,0.6451612903225806,0.16129032258064516,0.16129032258064516,0.8302188798397645,0.5161290322580645
998,0,train:2225,0,1,1.0,1.0,0.6774193548387096,0.8387096774193549,1.199686053380228,0.8387096774193549
999,0,train:5809,1,1,0.96875,0.9354838709677419,0.6774193548387096,0.6774193548387096,-0.2244097245111681,0.45161290322580644
1000,0,test:2775,1,1,1.0,1.0,0.5161290322580645,0.9032258064516129,0.4876381644345299,0.6451612903225806
1001,0,train:3562,1,1,1.0,1.0,0.4838709677419355,0.967741935483871,0.01293957180406455,0.5161290322580645
1002,0,train:5555,0,0,1.0,1.0,0.9354838709677419,0.9354838709677419,0.8302188798397645,0.5161290322580645
1003,0,train:3562,1,1,0.75,0.25806451612903225,0.7096774193548387,0.7096774193548387,-1.648505502402564,0.06451612903225806
1004,0,train:4916,0,0,1.0,1.0,0.8387096774193549,0.8387096774193549,1.0232372565577628,0.5483870967741935
1005,0,train:4944,0,0,1.0,1.0,0.8709677419354839,0.8709677419354839,1.216255633275762,0.5806451612903226
1006,0,test:6949,1,1,1.0,1.0,0.8387096774193549,0.8387096774193549,1.3183607015378442,0.8709677419354839
1007,0,train:2272,0,1,1.0,1.0,0.4838709677419355,0.4838709677419355,-0.34308437266878433,0.41935483870967744
1008,0,train:1884,1,0,0.21875,0.25806451612903225,0.3548387096774194,0.3548387096774194,-0.3278913804682263,0.3225806451612903
1009,0,train:3733,1,1,1.0,1.0,0.7419354838709677,0.7419354838709677,0.843662108907379,0.7419354838709677
1010,0,train:3216,1,0,0.0625,0.25806451612903225,0.3870967741935484,0.3870967741935484,-1.0999648873402201,0.1935483870967742
1011,0,train:5222,1,0,1.0,1.0,0.9032258064516129,0.9032258064516129,1.6022923867117584,0.6451612903225806
1012,0,train:9037,0,0,1.0,1.0,0.41935483870967744,0.6129032258064516,1.6022923867117584,0.6451612903225806
1013,0,train:1615,1,1,1.0,1.0,0.8387096774193549,0.8387096774193549,0.6063128125921461,0.6774193548387096
1014,0,train:1609,1,1,1.0,1.0,0.967741935483871,0.967741935483871,0.6063128125921461,0.6774193548387096
1015,0,train:8487,0,1,1.0,1.0,0.06451612903225806,0.06451612903225806,-1.7671801505601805,0.03225806451612903
1016,0,train:262,1,1,0.90625,1.0,0.41935483870967744,0.41935483870967744,-0.9364576134568661,0.25806451612903225
1017,0,train:6372,0,1,0.75,0.2903225806451613,0.06451612903225806,0.0967741935483871,-1.2924815579297153,0.16129032258064516
1018,0,train:328,1,1,0.84375,0.12903225806451613,0.3870967741935484,0.3870967741935484,-1.4111562060873315,0.12903225806451613
1019,0,train:5364,0,0,0.875,0.8387096774193549,1.0,0.8709677419354839,1.0232372565577628,0.5483870967741935
1020,0,train:1780,1,0,0.8125,0.8387096774193549,0.3225806451612903,0.3225806451612903,0.4441821264037676,0.45161290322580644
1021,0,train:8756,1,1,1.0,1.0,0.7096774193548387,0.7096774193548387,-0.580433668984017,0.3548387096774194
1022,0,train:2494,0,0,0.03125,0.3225806451612903,0.2903225806451613,0.2903225806451613,-1.0999648873402201,0.1935483870967742
1023,0,train:7510,1,1,1.0,1.0,0.7419354838709677,0.7419354838709677,0.01293957180406455,0.5161290322580645
